{"type": "FeatureCollection", "features": [{"type": "Feature", "properties": {"premiumdata.sde.IN_Village_PCA.area": 540.61205128, "objectid": 612138, "id": "172771975654360", "name": "Data Partially Available", "subdistrict": "Chokpot", "district": "South Garo Hills", "state": "Meghalaya", "country": "India", "censusname": null, "villagename_locallang": null, "lgd_villagename": null, "lgd_villagecode": null, "lgd_subdistrictcode": 1975, "lgd_districtcode": 277, "lgd_statecode": 17, "censuscode2001": null, "censuscode2011": null, "censuscode2021": null, "level": "Village", "tru": "Rural", "no_hh": null, "tot_p": null, "tot_m": null, "tot_f": null, "per_tot_m": 0.0, "per_tot_f": 0.0, "p_06": null, "m_06": null, "f_06": null, "per_p_06": 0.0, "per_m_06": 0.0, "per_f_06": 0.0, "p_sc": null, "m_sc": null, "f_sc": null, "per_p_sc": 0.0, "per_m_sc": 0.0, "per_f_sc": 0.0, "p_st": null, "m_st": null, "f_st": null, "per_p_st": 0.0, "per_m_st": 0.0, "per_f_st": 0.0, "p_lit": null, "m_lit": null, "f_lit": null, "per_p_lit": 0.0, "per_m_lit": 0.0, "per_f_lit": 0.0, "p_ill": null, "m_ill": null, "f_ill": null, "per_p_ill": 0.0, "per_m_ill": 0.0, "per_f_ill": 0.0, "tot_work_p": null, "tot_work_m": null, "tot_work_f": null, "per_tot_work_p": 0.0, "per_tot_work_m": 0.0, "per_tot_work_f": 0.0, "mainwork_p": null, "mainwork_m": null, "mainwork_f": null, "per_mainwork_p": 0.0, "per_mainwork_m": 0.0, "per_mainwork_f": 0.0, "main_cl_p": null, "main_cl_m": null, "main_cl_f": null, "per_main_cl_p": 0.0, "per_main_cl_m": 0.0, "per_main_cl_f": 0.0, "main_al_p": null, "main_al_m": null, "main_al_f": null, "per_main_al_p": 0.0, "per_main_al_m": 0.0, "per_main_al_f": 0.0, "main_hh_p": null, "main_hh_m": null, "main_hh_f": null, "per_main_hh_p": 0.0, "per_main_hh_m": 0.0, "per_main_hh_f": 0.0, "main_ot_p": null, "main_ot_m": null, "main_ot_f": null, "per_main_ot_p": 0.0, "per_main_ot_m": 0.0, "per_main_ot_f": 0.0, "margwork_p": null, "margwork_m": null, "margwork_f": null, "per_margwork_p": 0.0, "per_margwork_m": 0.0, "per_margwork_f": 0.0, "marg_cl_p": null, "marg_cl_m": null, "marg_cl_f": null, "per_marg_cl_p": 0.0, "per_marg_cl_m": 0.0, "per_marg_cl_f": 0.0, "marg_al_p": null, "marg_al_m": null, "marg_al_f": null, "per_marg_al_p": 0.0, "per_marg_al_m": 0.0, "per_marg_al_f": 0.0, "marg_hh_p": null, "marg_hh_m": null, "marg_hh_f": null, "per_marg_hh_p": 0.0, "per_marg_hh_m": 0.0, "per_marg_hh_f": 0.0, "marg_ot_p": null, "marg_ot_m": null, "marg_ot_f": null, "per_marg_ot_p": 0.0, "per_marg_ot_m": 0.0, "per_marg_ot_f": 0.0, "margwork_3_6_p": null, "margwork_3_6_m": null, "margwork_3_6_f": null, "per_margwork_3_6_p": 0.0, "per_margwork_3_6_m": 0.0, "per_margwork_3_6_f": 0.0, "marg_cl_3_6_p": null, "marg_cl_3_6_m": null, "marg_cl_3_6_f": null, "per_marg_cl_3_6_p": 0.0, "per_marg_cl_3_6_m": 0.0, "per_marg_cl_3_6_f": 0.0, "marg_al_3_6_p": null, "marg_al_3_6_m": null, "marg_al_3_6_f": null, "per_marg_al_3_6_p": 0.0, "per_marg_al_3_6_m": 0.0, "per_marg_al_3_6_f": 0.0, "marg_hh_3_6_p": null, "marg_hh_3_6_m": null, "marg_hh_3_6_f": null, "per_marg_hh_3_6_p": 0.0, "per_marg_hh_3_6_m": 0.0, "per_marg_hh_3_6_f": 0.0, "marg_ot_3_6_p": null, "marg_ot_3_6_m": null, "marg_ot_3_6_f": null, "per_marg_ot_3_6_p": 0.0, "per_marg_ot_3_6_m": 0.0, "per_marg_ot_3_6_f": 0.0, "margwork_0_3_p": null, "margwork_0_3_m": null, "margwork_0_3_f": null, "per_margwork_0_3_p": 0.0, "per_margwork_0_3_m": 0.0, "per_margwork_0_3_f": 0.0, "marg_cl_0_3_p": null, "marg_cl_0_3_m": null, "marg_cl_0_3_f": null, "per_marg_cl_0_3_p": 0.0, "per_marg_cl_0_3_m": 0.0, "per_marg_cl_0_3_f": 0.0, "marg_al_0_3_p": null, "marg_al_0_3_m": null, "marg_al_0_3_f": null, "per_marg_al_0_3_p": 0.0, "per_marg_al_0_3_m": 0.0, "per_marg_al_0_3_f": 0.0, "marg_hh_0_3_p": null, "marg_hh_0_3_m": null, "marg_hh_0_3_f": null, "per_marg_hh_0_3_p": 0.0, "per_marg_hh_0_3_m": 0.0, "per_marg_hh_0_3_f": 0.0, "marg_ot_0_3_p": null, "marg_ot_0_3_m": null, "marg_ot_0_3_f": null, "per_marg_ot_0_3_p": 0.0, "per_marg_ot_0_3_m": 0.0, "per_marg_ot_0_3_f": 0.0, "non_work_p": null, "non_work_m": null, "non_work_f": null, "per_non_work_p": 0.0, "per_non_work_m": 0.0, "per_non_work_f": 0.0, "per_hc_tot_tot": null, "per_hc_tot_god": null, "per_hc_tot_liv": null, "per_hc_tot_dil": null, "per_hc_res_tot": null, "per_hc_res_god": null, "per_hc_res_liv": null, "per_hc_res_dil": null, "per_hc_oth_tot": null, "per_hc_oth_god": null, "per_hc_oth_liv": null, "per_hc_oth_dil": null, "per_mt_grsbam": null, "per_mt_plastic": null, "per_mt_h_tiles": null, "per_mt_m_tiles": null, "per_mt_b_brick": null, "per_mt_stone": null, "per_mt_asbstos": null, "per_mt_concrte": null, "per_mt_oth": null, "per_mw_grsbam": null, "per_mw_plastic": null, "per_mw_mud": null, "per_mw_wood": null, "per_mw_no_mrtr": null, "per_mw_st_mrtr": null, "per_mw_asbstos": null, "per_mw_b_brick": null, "per_mw_concrte": null, "per_mw_oth": null, "per_mf_mud": null, "per_mf_wood": null, "per_mf_b_brick": null, "per_mf_stone": null, "per_mf_cement": null, "per_mf_fl_tile": null, "per_mf_oth": null, "per_dw_n_exrm": null, "per_dw_1_room": null, "per_dw_2_room": null, "per_dw_3_room": null, "per_dw_4_room": null, "per_dw_5_room": null, "per_dw_6_room": null, "per_hhsize_1": null, "per_hhsize_2": null, "per_hhsize_3": null, "per_hhsize_4": null, "per_hhsize_5": null, "per_hhsize_6_8": null, "per_hhsize_9p": null, "per_ow_owned": null, "per_ow_rented": null, "per_ow_oth": null, "per_mc_none": null, "per_mcouple_1": null, "per_mcouple_2": null, "per_mcouple_3": null, "per_mcouple_4": null, "per_mcouple_5p": null, "per_dw_t_ts": null, "per_dw_t_unts": null, "per_dw_c_well": null, "per_dw_unc_wel": null, "per_dw_hpump": null, "per_dw_tw_bore": null, "per_dw_spring": null, "per_dw_rivcan": null, "per_dw_tank": null, "per_dw_oth": null, "per_loc_dw_wp": null, "per_loc_dw_np": null, "per_loc_dw_aw": null, "per_light_elec": null, "per_light_kero": null, "per_light_solr": null, "per_light_oil": null, "per_light_oth": null, "per_light_no": null, "per_hh_latrine": null, "per_fl_sewer": null, "per_fl_septict": null, "per_fl_othsys": null, "per_pl_wslab": null, "per_pl_without": null, "per_ns_open": null, "per_sl_ns_hum": null, "per_sl_ns_anml": null, "per_hh_no_lat": null, "per_as_pub": null, "per_as_open": null, "per_hh_bathrm": null, "per_hh_en_wrf": null, "per_hh_no_btrm": null, "per_wwoc_drain": null, "per_wwoc_open": null, "per_wwoc_nodrn": null, "per_cook_fire": null, "per_cook_resdu": null, "per_cook_cwdng": null, "per_cook_coal": null, "per_cook_kero": null, "per_cook_lpng": null, "per_cook_elec": null, "per_cook_biogs": null, "per_cook_oth": null, "per_cook_no": null, "per_kf_inside": null, "per_kf_in_has": null, "per_kf_in_does": null, "per_kf_outside": null, "per_kf_out_has": null, "per_kf_out_dos": null, "per_kf_no_cook": null, "per_hh_banking": null, "per_hh_radio": null, "per_hh_tv": null, "per_hh_cmp_int": null, "per_hh_cmp_wnt": null, "per_hh_ph_ll": null, "per_hh_ph_mob": null, "per_hh_ph_bth": null, "per_hh_bcycl": null, "per_hh_2wheel": null, "per_hh_4wheel": null, "per_hh_tvcomp": null, "per_hh_no_ast": null, "per_hs_perma": null, "per_hs_sperma": null, "per_hs_temp": null, "per_hs_servc": null, "per_hs_nservc": null, "per_hs_unclss": null, "avghhsz_cy": null, "st_areashape": 540612051.2829651, "st_lengthshape": 318441.58833805815}, "geometry": {"type": "Polygon", "coordinates": [[[90.59839193236235, 25.42092576833694], [90.59820371375073, 25.421261099196304], [90.5979451561541, 25.421689831549045], [90.59756730318604, 25.422154645510535], [90.59718451217886, 25.422488562862366], [90.59685642767415, 25.422691600107566], [90.59616549027001, 25.422993850764968], [90.59573799999261, 25.423192348613444], [90.59550436884847, 25.423305133936235], [90.59497252487773, 25.423426874529163], [90.59475117639846, 25.423468696563035], [90.59461464954327, 25.423494492543377], [90.59424684602831, 25.423525999411183], [90.59401324363024, 25.42353948195306], [90.59372990959972, 25.423652252347253], [90.59346644899826, 25.42378308018399], [90.59297430607155, 25.424085365425114], [90.59278043705683, 25.424184614708437], [90.59254683645537, 25.42418455548231], [90.59236293784201, 25.424184508425903], [90.5921392896756, 25.424148343145628], [90.5920398910894, 25.42413026293539], [90.59188083448689, 25.424161816693417], [90.59145329929372, 25.42446411315443], [90.59089652168397, 25.42481151056471], [90.59055351616243, 25.424987448520557], [90.59011110217321, 25.425176897785505], [90.58988743514217, 25.42519037852011], [90.58967866936511, 25.42523545735222], [90.58936059568595, 25.42516766588292], [90.58911708846354, 25.42506378725573], [90.588833822705, 25.42494184224284], [90.58857046900306, 25.42473865869504], [90.5876707712117, 25.424982134428294], [90.58726813552158, 25.42510388468581], [90.58692017848617, 25.42521662197524], [90.58667661916151, 25.425261687005253], [90.58628394399125, 25.425329273971705], [90.58595095288847, 25.425284038591894], [90.58558319428924, 25.425171090424783], [90.58533470860355, 25.425094285253707], [90.58504147154537, 25.42507162776756], [90.58453943906568, 25.425170772391045], [90.58412190122333, 25.425260913826914], [90.58313773484579, 25.425405037272355], [90.58242201741456, 25.425395781047953], [90.58137826578425, 25.425381899549627], [90.58071222788313, 25.42543584185865], [90.58030467481514, 25.425413136569492], [90.57983745474768, 25.425449086473456], [90.57934530912601, 25.425661055281438], [90.5781174935923, 25.42602622574233], [90.57750108761064, 25.426229117484226], [90.57714320508965, 25.426274124533162], [90.5766163431755, 25.426296502705018], [90.57609446152132, 25.42629631204883], [90.57393235137972, 25.42634966818814], [90.57323304527043, 25.426373028833247], [90.57286371821267, 25.42638536549773], [90.5719044432534, 25.426394017225896], [90.57165594948287, 25.426348783868267], [90.57140253833447, 25.42619070875149], [90.57088590014658, 25.425630821101823], [90.57051825653174, 25.425310211442678], [90.57027479692005, 25.425138598244406], [90.5699268901903, 25.425115888031407], [90.56942490981292, 25.425084087884535], [90.56885823187044, 25.42521926116739], [90.56841578284691, 25.42540864435195], [90.56805782576578, 25.425598064559072], [90.56739158215048, 25.426035597123562], [90.56695897866246, 25.426396496565722], [90.5664170115768, 25.426784428246982], [90.56559164668028, 25.42733021021372], [90.56529830541753, 25.42750159718526], [90.56493043183393, 25.427627814316413], [90.56465703406882, 25.427677341371474], [90.5643290025647, 25.427654627580363], [90.56398111380125, 25.427586769323028], [90.5637028202178, 25.427500886490964], [90.56330521150002, 25.42746459888895], [90.56295226701815, 25.427554709402614], [90.56256945984127, 25.427712509324454], [90.5621121436998, 25.427789028874507], [90.56191828187163, 25.42782053461969], [90.56175922257414, 25.427834002077912], [90.56164492363234, 25.427797839515296], [90.56152572078739, 25.42764432414831], [90.56147610054606, 25.4274998675046], [90.56143648214707, 25.427242576420745], [90.56136701632445, 25.427030406758462], [90.56126768601023, 25.426894953174862], [90.56108382871936, 25.426818137744156], [90.56074586813642, 25.426777357770025], [90.56055200810486, 25.426808860534496], [90.56037800712927, 25.426876482330492], [90.56016915780886, 25.42704338428105], [90.55986081288421, 25.42735918564723], [90.55970166645017, 25.427526112890746], [90.55951769866648, 25.427638862517686], [90.55923431522865, 25.42776059305426], [90.55890127382023, 25.427805567890868], [90.55853346671196, 25.42780538859515], [90.55809107787557, 25.42785030905845], [90.55758904988748, 25.427881658208186], [90.55682360082375, 25.427903847050487], [90.55576002247682, 25.427767908484043], [90.55514870275631, 25.42770892340743], [90.55481564607652, 25.427776456267456], [90.55459194580781, 25.427830503784076], [90.5542885973128, 25.428078594384786], [90.55405980898634, 25.428322207780294], [90.55385597136693, 25.428403346421643], [90.55373169843051, 25.428425849947885], [90.55356268939295, 25.428448329131246], [90.55325456814883, 25.42838046726445], [90.55307071445121, 25.4282991265966], [90.55292167226744, 25.428190723669125], [90.55274782310717, 25.428010089766936], [90.55253924597626, 25.42773014035213], [90.55239526400256, 25.42748181943762], [90.55224624876827, 25.427332794191482], [90.55206240135882, 25.427246938762504], [90.5519033735024, 25.42721074600575], [90.55175424867367, 25.427233234340058], [90.55157037431479, 25.427188000486137], [90.55146107359924, 25.42711572607412], [90.55135178725669, 25.42702088293056], [90.55121768136121, 25.42687637848421], [90.55106871822922, 25.426650620515844], [90.55100917519725, 25.426497127215228], [90.55096955859489, 25.42627142938419], [90.55094484683973, 25.426059279106152], [90.5509946485408, 25.425905845089066], [90.55105439010045, 25.425756929854494], [90.55106937938925, 25.425635071541464], [90.55105452664435, 25.425544793274405], [90.55097010207562, 25.425436421944433], [90.55087075110016, 25.425355124722905], [90.55072666222691, 25.425278317235154], [90.55063723314373, 25.42522410631195], [90.55045337136127, 25.425165330119768], [90.55011044489146, 25.425133549457424], [90.54991164232918, 25.4251199007751], [90.5496895805876, 25.425075595890657], [90.54929900298352, 25.425501034556603], [90.54915136576489, 25.425679712101445], [90.54905286369736, 25.42591427861048], [90.548892753371, 25.426361084837932], [90.54878195696051, 25.42659564434176], [90.5486589416655, 25.426718472809828], [90.5484252862668, 25.426841238682677], [90.5482285480331, 25.426908165988678], [90.54788946904763, 25.42692899040581], [90.5470904418569, 25.42687268058301], [90.5467339265718, 25.426883651780102], [90.54656179678695, 25.426917071615843], [90.54632814767649, 25.427028663279017], [90.5456640501364, 25.427396971743896], [90.54504907696762, 25.427832340550626], [90.54471704346892, 25.42798856295813], [90.54463098216976, 25.427999684953857], [90.54449573900712, 25.428021952469674], [90.54432365413804, 25.427988334173925], [90.5441638869681, 25.427921207078633], [90.54403069825251, 25.427760063279862], [90.54377277845971, 25.42779337578191], [90.54355160425361, 25.427960563659944], [90.54279598635239, 25.428445334665447], [90.54259321952475, 25.428629262552874], [90.54242737974353, 25.428696091511483], [90.54227999584981, 25.42871273587063], [90.54215107053854, 25.428679194839802], [90.5419854005389, 25.4285117791755], [90.54176440509752, 25.42842798931601], [90.54156173528797, 25.428478062039193], [90.54135906368175, 25.428528134741594], [90.54117054233792, 25.42867282704855], [90.54111945245278, 25.42871203897535], [90.54084302017861, 25.428862457116036], [90.54051114029183, 25.429263814084045], [90.54025303095449, 25.429548095422227], [90.5400502820932, 25.42969855713976], [90.53946748927282, 25.42972916348763], [90.53887811449638, 25.429578214228506], [90.53804923718711, 25.4294605776328], [90.53755188493007, 25.429426803160922], [90.53709134742998, 25.42942651272202], [90.53660900602132, 25.429526942888824], [90.53634485461541, 25.429972228367475], [90.53566588097421, 25.43075990474428], [90.53517568200175, 25.431102245204915], [90.53434640404383, 25.431307303413718], [90.53301653270736, 25.43099932331434], [90.53060500802206, 25.430449464271245], [90.52909764665344, 25.43031137545003], [90.52796683928895, 25.430550455798596], [90.52676024465718, 25.43126919160159], [90.52615698641804, 25.431577158030958], [90.52570479786021, 25.43150830736806], [90.52506491440859, 25.430582679610676], [90.52434966949116, 25.429656995254817], [90.52393520658202, 25.429553900138217], [90.52340759277797, 25.42955351883612], [90.5227407922072, 25.429620392713893], [90.52272917249901, 25.42962155771283], [90.52163583206837, 25.430100474349526], [90.5209197840571, 25.43009994539668], [90.52024157667886, 25.429928112672158], [90.5192242534842, 25.429687491279143], [90.51839514710453, 25.429686863348326], [90.51669905598287, 25.429891161363734], [90.51260441364529, 25.431650787828044], [90.510945400487, 25.43243756327822], [90.51007828189609, 25.43274524927059], [90.50966324316681, 25.433224629699467], [90.50856854807675, 25.434971276244834], [90.50736068502381, 25.436786350894575], [90.50709021846144, 25.437069904657427], [90.5056778135099, 25.438550628785954], [90.50341423147047, 25.440673164363123], [90.50122645825785, 25.442316011129492], [90.49930302060577, 25.44344507747151], [90.4982095355464, 25.443855288610855], [90.49708707263258, 25.443919486564635], [90.49608949350957, 25.443823343340696], [90.49475687961652, 25.44385952542864], [90.49364565462689, 25.444011607863185], [90.49330588304035, 25.4440758665724], [90.4931128287976, 25.444173431597818], [90.49242233336456, 25.444604391856647], [90.49185025564891, 25.445017324601416], [90.49141622383961, 25.445286673157764], [90.49110044805094, 25.445358651946712], [90.49084382722204, 25.445358845006268], [90.49037006472436, 25.445359202734256], [90.49011344479375, 25.44535939498263], [90.48977792762841, 25.445431385084532], [90.48900843614591, 25.445844454514926], [90.48776538069342, 25.446491017169066], [90.48664073936504, 25.447119549072006], [90.48575270529933, 25.447443013571043], [90.48561766874921, 25.447476940356832], [90.48483574188823, 25.447673385384267], [90.48369117952014, 25.448122563038048], [90.48254665488125, 25.44862553547956], [90.48146138761008, 25.44918226228829], [90.48100748686335, 25.449343986603257], [90.48069166346394, 25.449380072128108], [90.48049422723925, 25.44934433864135], [90.47992144973598, 25.44898603873323], [90.47911168408436, 25.448502354594304], [90.47869700108797, 25.448341222913957], [90.47842063259417, 25.448341407857207], [90.47820348643378, 25.44834155386501], [90.47788769537378, 25.448413503248585], [90.47743380720344, 25.448593151830078], [90.4764669612429, 25.449149762794224], [90.4756825505402, 25.4496721343588], [90.47545097294477, 25.449826350873543], [90.47440514351122, 25.450382999938036], [90.4733791982865, 25.45113690829798], [90.47282676672609, 25.451549755371317], [90.47255046021606, 25.451639602095234], [90.47213591106865, 25.451657798224502], [90.47136599288639, 25.45164034590353], [90.47069478248586, 25.451622827067162], [90.47008283484297, 25.45165907332427], [90.46966837822201, 25.451802804234745], [90.4691355919186, 25.452108016292147], [90.46844493928037, 25.452502995787057], [90.46821915941182, 25.452580953127068], [90.46787258668027, 25.452700619289704], [90.46747778609604, 25.452736724897708], [90.46701281990163, 25.452713237962865], [90.46628239255759, 25.45271366948139], [90.46551248156184, 25.45271412127805], [90.46470313991503, 25.452786328419464], [90.46442679926902, 25.45284029171343], [90.46377556111223, 25.45316348777258], [90.4630454993825, 25.453701940189188], [90.46255241681801, 25.454365797396814], [90.46246364619994, 25.454425841712027], [90.46223859756002, 25.45457806410042], [90.46178284718209, 25.454886331063086], [90.46081573621856, 25.4552276239409], [90.45939880824957, 25.4555505629584], [90.45829338727502, 25.455730504242624], [90.45757049320294, 25.45587684447907], [90.45722746881674, 25.455946283861167], [90.45697907206429, 25.456001459959563], [90.45641816759415, 25.45612605260016], [90.45578653067683, 25.45628779273077], [90.4550957648509, 25.456610969800074], [90.45385727822995, 25.4573085370715], [90.45277172529454, 25.4577395095222], [90.45217953789293, 25.45786534295397], [90.45212943166301, 25.45786702272204], [90.45109374061575, 25.457901743871705], [90.45004741980374, 25.45792018238134], [90.4494946495785, 25.457938379994488], [90.44904063205074, 25.4580282681819], [90.44862609637805, 25.45811813440278], [90.44834970812133, 25.458118264176957], [90.44797460579466, 25.458118439372097], [90.44744156706462, 25.458118684320876], [90.44699354758805, 25.458209344529397], [90.44690858852174, 25.458226537160904], [90.4462375317331, 25.458549663603492], [90.44482668895185, 25.459135140354604], [90.44417534389555, 25.459422379757452], [90.44356353818645, 25.459817207099942], [90.44283336686227, 25.460391428098106], [90.4424189389874, 25.46071442706719], [90.44149119399627, 25.461019706555557], [90.44095814268981, 25.461019929599562], [90.44014864922774, 25.46093059111873], [90.4385098454684, 25.460590498578217], [90.43722650237201, 25.46042959476889], [90.43536237149502, 25.460254014356952], [90.43455290408409, 25.460200514266145], [90.43338806404508, 25.460129205377367], [90.43214425580435, 25.460057915912145], [90.43115126258087, 25.460032491934975], [90.43076226691002, 25.460022531924583], [90.43013050782183, 25.460022750103942], [90.42963693028558, 25.459987048164226], [90.42827459922462, 25.459736418919004], [90.42748483815609, 25.459575266588665], [90.42697152283642, 25.45953956370509], [90.42632004393111, 25.459593574258232], [90.42557965157563, 25.459683749142062], [90.42488871956138, 25.459827438838175], [90.42425697484624, 25.459863500943392], [90.423743672103, 25.459863654236916], [90.42307242127832, 25.45984591922879], [90.4224208893724, 25.45975643550457], [90.42169036321368, 25.459595235347365], [90.420683411069, 25.459326500348833], [90.41981472761285, 25.459272935770294], [90.41930144553085, 25.459326878312325], [90.41872894470873, 25.459416703009513], [90.41782087372059, 25.459668024770277], [90.41732732942205, 25.459721954969048], [90.41693247044735, 25.459686186431686], [90.41665603817316, 25.459560713400638], [90.41616955553104, 25.45918752730425], [90.41587331899811, 25.45884684342408], [90.41541900951789, 25.458039897578853], [90.41514248292061, 25.4575736664044], [90.41472777477138, 25.457143335747208], [90.41457017523626, 25.45704521670945], [90.41403668195869, 25.45671306843925], [90.41338509974716, 25.456354527666633], [90.41220045814431, 25.455870559236036], [90.41158841438167, 25.45569134734459], [90.41115404480583, 25.455494160260557], [90.41048270774284, 25.455028002768817], [90.40987064601391, 25.454741175467195], [90.40953501655913, 25.454651569525158], [90.40925864626871, 25.45470542978288], [90.40890332664125, 25.45483104170908], [90.40854803306492, 25.45506426260058], [90.408034879442, 25.45562033345975], [90.40722577045887, 25.45696557923565], [90.40651921494519, 25.458142874225732], [90.40640725970796, 25.458286809898972], [90.40571000714736, 25.459183223706127], [90.40470332090399, 25.460026322081703], [90.40405188421951, 25.460349253089532], [90.40357807411111, 25.46040313350757], [90.40316346747151, 25.460331462188886], [90.40270936729875, 25.460223925932187], [90.40266750221326, 25.460206843081075], [90.40131402854098, 25.45965456411591], [90.39924090820637, 25.45861464777423], [90.3977601576314, 25.458058863275184], [90.39606227437075, 25.457628631683914], [90.39519360977923, 25.45753905222431], [90.39442367273233, 25.457557064154894], [90.39329838731192, 25.45768271365964], [90.39248363511216, 25.45784242964977], [90.39229156003304, 25.45788008208669], [90.3918375002845, 25.457969793500077], [90.39148214292774, 25.457987756700852], [90.39092935473623, 25.457898125598746], [90.3905247274811, 25.45775533634344], [90.38924144996176, 25.457235322019038], [90.38843058926379, 25.456867072348544], [90.38833328734549, 25.45682288215017], [90.38746460838091, 25.456302827297364], [90.38701053515763, 25.456105569838126], [90.38663543552589, 25.456033848105026], [90.38608266350401, 25.456015938956508], [90.38598996185827, 25.456015943012034], [90.38568782608887, 25.45601595517857], [90.38545092777204, 25.45608770125539], [90.38509558389003, 25.456267060988207], [90.38478081331618, 25.45651978441731], [90.3842467073876, 25.456948602986806], [90.38337808501687, 25.457809485582757], [90.3826081533599, 25.458311670539253], [90.38168027721473, 25.458742114626116], [90.38078306146852, 25.458990156965992], [90.3801118223219, 25.45907983348644], [90.37979594682022, 25.459061898836566], [90.37928264587362, 25.458936354590396], [90.37894702719863, 25.458846681207334], [90.3777032638737, 25.45881079804698], [90.37701173986967, 25.45884327952217], [90.37655821102544, 25.458864581012705], [90.37523547500724, 25.45888247919323], [90.37436681760222, 25.458828645137253], [90.37324151601213, 25.458667187434404], [90.37251105902367, 25.45857748059628], [90.37202377777929, 25.458486587072265], [90.37153023078577, 25.45836101708224], [90.37111565648553, 25.45819958308469], [90.3701088381898, 25.45778702323443], [90.36908228839887, 25.457338586481576], [90.36807548178126, 25.456943948914905], [90.3676806542476, 25.456836309055163], [90.36710813725574, 25.456836261200422], [90.36663432984231, 25.45683621902334], [90.36614077296733, 25.45690791188994], [90.36537081705585, 25.4570692494775], [90.36456137928933, 25.457194708884234], [90.36416159215693, 25.457215545909285], [90.36387458761017, 25.457230504928226], [90.36298620499817, 25.45717660200129], [90.36172273173757, 25.457068843118524], [90.36077513308032, 25.456961115772103], [90.36024209255366, 25.456996914318836], [90.35966954861237, 25.457158248542704], [90.35948474539553, 25.4572468209064], [90.35895877730509, 25.45749890557034], [90.35803080953174, 25.458000937715774], [90.35677356249441, 25.458587923322128], [90.3561022874152, 25.458785096415536], [90.35525335072559, 25.45887462952703], [90.35416752919392, 25.45885650910841], [90.35353577549563, 25.458856396367786], [90.35284476263298, 25.458999748019192], [90.35217346689255, 25.459250705664278], [90.35123158331713, 25.459734699434225], [90.35012974662057, 25.460446900633396], [90.35006659505609, 25.460487720305306], [90.34991569425803, 25.460563310631628], [90.34951770375625, 25.46076267524614], [90.34949398733441, 25.46077455499968], [90.34900040889987, 25.460828255980708], [90.34856607525663, 25.460810229940442], [90.34813176227462, 25.460720463058422], [90.347993450467, 25.460664585113463], [90.34795409707101, 25.460648686489456], [90.3474408958374, 25.460254014356952], [90.34687628491841, 25.459753370442293], [90.34669959259021, 25.459596696100064], [90.34663165031034, 25.459536450783645], [90.34645822425654, 25.459343593868912], [90.3456522360207, 25.458447297241662], [90.34486276061638, 25.457711793722105], [90.34425088124544, 25.457281216986175], [90.34367841725424, 25.457101731422675], [90.34320463499361, 25.45701194068591], [90.34273083925825, 25.456975952347094], [90.34207933699676, 25.457029590135498], [90.34095399677909, 25.457172772010725], [90.33965098327295, 25.457297964459574], [90.33915743178785, 25.457297827384664], [90.33866388030278, 25.45729769030973], [90.33706971382989, 25.457243429720222], [90.33535223022808, 25.457045639290385], [90.3340098229018, 25.45691968333706], [90.33278589078506, 25.45673995066067], [90.33219366026435, 25.456668020042187], [90.3319567565576, 25.45666794461004], [90.33164084332668, 25.456775447544846], [90.33136437691654, 25.456972636585224], [90.3299819936618, 25.458048247741466], [90.32894111933533, 25.458756933137707], [90.32834870645661, 25.459097484254958], [90.32787475261775, 25.459420139554904], [90.3268675444532, 25.460208900777232], [90.32548515131697, 25.461140991331057], [90.32455706496606, 25.461535205546674], [90.32424801755884, 25.461589340108166], [90.32365572595266, 25.46160704971633], [90.32229350358784, 25.461552717262837], [90.32142483180978, 25.461534440711795], [90.32091142576027, 25.46173151408293], [90.32041768023909, 25.46209000558264], [90.31992375505484, 25.462807188953253], [90.31931971887468, 25.463992170690997], [90.31919254707485, 25.464241651550665], [90.31860250035855, 25.46557537909932], [90.31824673606502, 25.46632848020726], [90.31791069158858, 25.46711745891683], [90.31773286109494, 25.467386401980296], [90.31719956005686, 25.4678166051714], [90.31642913881804, 25.468605394075226], [90.30712324285481, 25.458983481754704], [90.30985655934623, 25.454476809641232], [90.30985655934623, 25.45222341071195], [90.31104495860188, 25.448467651012255], [90.31330291539105, 25.446858003962426], [90.31187683718254, 25.44567758266623], [90.31033191904851, 25.442136248538738], [90.30795512143547, 25.438380174211005], [90.30569716464635, 25.438165538572996], [90.30260732837823, 25.436877711846265], [90.30201312875042, 25.433121474357247], [90.3052218049441, 25.431404297913154], [90.3052218049441, 25.428613834301952], [90.30688556300369, 25.42646727942503], [90.30771744248267, 25.423140044175305], [90.30700440292927, 25.42217405578818], [90.30581600457191, 25.41895403750941], [90.30771744248267, 25.415304579274885], [90.306529043227, 25.41347980873591], [90.30700440292927, 25.410581587343064], [90.30403340658673, 25.409615498338596], [90.2992798113607, 25.410044872545452], [90.2992798113607, 25.40789798703717], [90.30201312875042, 25.406073104432576], [90.30688556300369, 25.395982079967617], [90.30534064486963, 25.393727586382113], [90.30391456666118, 25.389218473690057], [90.29611765801727, 25.389298737818123], [90.29980169391321, 25.387044119404397], [90.3015842918984, 25.381675811366335], [90.29540461846386, 25.383071594237006], [90.29516693861274, 25.379743162796693], [90.2999928509141, 25.373542628528135], [90.30177544889928, 25.369462280673336], [90.30391456666118, 25.369247521577773], [90.30676672307814, 25.369247521577773], [90.30926236061671, 25.370213933690238], [90.31496667345067, 25.372146735537772], [90.31805651061707, 25.369677038575542], [90.31556087307848, 25.366670383470687], [90.31175799725699, 25.36581132576246], [90.30689286810359, 25.36340030318575], [90.30563791895672, 25.35953438959804], [90.30312802156132, 25.352472334475646], [90.29524574601598, 25.336792809588985], [90.29505429885926, 25.33666198247795], [90.29497058485792, 25.336542111087734], [90.2949348606557, 25.336269764166307], [90.29473185577454, 25.33555070383824], [90.2945884720788, 25.335169363215105], [90.2943852246525, 25.334798879168318], [90.29413408803839, 25.334439263164512], [90.2937990802178, 25.334188527310697], [90.29326056805274, 25.333937669148856], [90.29286564619599, 25.333774040444137], [90.29254259764676, 25.333545095315117], [90.29238713430537, 25.333327141631184], [90.2923279847355, 25.333073082681942], [90.29229258213014, 25.332365011564512], [90.29229337354592, 25.33126480976047], [90.29219810451508, 25.330578489847618], [90.29195926763384, 25.329783153483284], [90.29161524701601, 25.329190580081058], [90.29116070487215, 25.32873279790397], [90.29052662902885, 25.32825311782472], [90.28986851247193, 25.327915031087812], [90.2888196099018, 25.327438610252567], [90.28817351998988, 25.3270351649864], [90.28791039086674, 25.326751780650994], [90.28781482000198, 25.32650117989946], [90.28781493498634, 25.326348677373126], [90.28781504907238, 25.32619617384273], [90.28794691007798, 25.3259457156611], [90.28822241978237, 25.325684453581292], [90.28889294566665, 25.325412541809694], [90.28986271923668, 25.325140809687554], [90.29074497713508, 25.324822443866797], [90.29262483930933, 25.324017480082194], [90.29328347868575, 25.32360393196762], [90.29375054154806, 25.323266519195492], [90.29413386705284, 25.322852805304443], [90.29418187661487, 25.32266765094615], [90.2941820131588, 25.322471574897893], [90.2940864863115, 25.32214472718643], [90.29387249144112, 25.321715684481617], [90.29334631494156, 25.321029110678722], [90.29278403245578, 25.320625735000352], [90.29206615008466, 25.320222264596556], [90.29073785349486, 25.319785742885877], [90.2897086159446, 25.319599934222083], [90.28845188094697, 25.31952290843557], [90.2866276424551, 25.319566864711298], [90.28511931270256, 25.31979465722524], [90.28381452951533, 25.3199354229852], [90.28268087808466, 25.320034156970728], [90.28230982356665, 25.320033911741614], [90.28165154531298, 25.319979008831314], [90.28137630779813, 25.319902573622805], [90.28112507236936, 25.319749902005704], [90.28096962968921, 25.319553722166546], [90.28090997706279, 25.319314033081877], [90.28093431422046, 25.318823860053502], [90.28100631688544, 25.318595153807724], [90.28129387209945, 25.318235873758198], [90.2819768576167, 25.317769828337514], [90.28267139816346, 25.317367243281325], [90.2840362669651, 25.316888840985055], [90.28537724776672, 25.316334159310635], [90.28644340966845, 25.31575338163789], [90.28680276452816, 25.315383243384712], [90.28694656055065, 25.31516547300982], [90.28704248624993, 25.314936777720938], [90.29024969998633, 25.315538260013863], [90.30298367037999, 25.3263294205834], [90.30795787746676, 25.329746420791622], [90.31571763987536, 25.329746420791622], [90.31989597375637, 25.32848753664386], [90.32195865926063, 25.326895018894163], [90.32944645132704, 25.32111381305868], [90.34795050201323, 25.316977137090134], [90.35312367695232, 25.30960271180972], [90.36068447240693, 25.30348699475253], [90.36832462413543, 25.300670495482894], [90.38590848645863, 25.30052662929821], [90.39028456019497, 25.301893349127827], [90.39951409935902, 25.301245957701862], [90.40105729811764, 25.300646932668997], [90.4133087546261, 25.295891173066718], [90.41739043247749, 25.293413375706827], [90.42355844937288, 25.29197421882141], [90.42773678325392, 25.29071494294064], [90.43470067335505, 25.28477817899885], [90.43470067335505, 25.278121461698497], [90.4386800393838, 25.268765458123884], [90.44584289733724, 25.263187497382493], [90.44752110839144, 25.260633876394554], [90.4583778989803, 25.244112535287183], [90.46016861324408, 25.239613286798278], [90.4583778989803, 25.235293851158755], [90.46613766228722, 25.23727361114053], [90.47051496402052, 25.23709363466208], [90.47330052024063, 25.23601376775774], [90.47708091751879, 25.23259412634864], [90.48165718800267, 25.231874189499255], [90.49015461009164, 25.231771700202547], [90.48732974449304, 25.23909680602942], [90.48653000314165, 25.241809507328075], [90.48553032645246, 25.245788026370228], [90.4857302617903, 25.249585582120787], [90.48653000314165, 25.253021363610646], [90.48777110116515, 25.255200294942654], [90.48992890388496, 25.258988542590085], [90.49652677003368, 25.264232185099807], [90.5039243775338, 25.26911399351369], [90.50792308429061, 25.27218762401268], [90.51112204969607, 25.27743069638327], [90.51072217902035, 25.28773538522842], [90.51252159706092, 25.299304518793544], [90.51692017449344, 25.311776254866118], [90.51791985118263, 25.318282737563585], [90.51712010983125, 25.324427428056087], [90.51332133841231, 25.328403238095035], [90.51132198503389, 25.333101754342724], [90.51112204969607, 25.337800088194637], [90.51592049780423, 25.344485864157267], [90.52991597145308, 25.352797394693876], [90.55050931214895, 25.362915008652738], [90.5540383536241, 25.365466091344434], [90.56250543241941, 25.371586575163047], [90.5699030399195, 25.37863176471312], [90.56998633889918, 25.37870702491794], [90.57650090606826, 25.38459275799241], [90.58229903086564, 25.39290153036316], [90.59229579775769, 25.408614383874845], [90.59839193236235, 25.42092576833694]], [[90.40201994984407, 25.422232603832498], [90.40210850396814, 25.422220548274623], [90.40219528930942, 25.42220059035636], [90.40227944348526, 25.422172926415794], [90.40236012926574, 25.422137833111538], [90.40243654535371, 25.42209565768681], [90.40250793267272, 25.422046819592627], [90.40257358065537, 25.42199180562009], [90.40263283712477, 25.421931160976037], [90.40268511458272, 25.42186548847225], [90.40272989200636, 25.42179544203515], [90.40276672472963, 25.421721716158775], [90.40279524623992, 25.42164504428258], [90.40281517446618, 25.421566189055675], [90.40282630998243, 25.42148593341241], [90.40282854229594, 25.421405074893137], [90.40282184984706, 25.421324417531032], [90.40280629911116, 25.42124476292748], [90.4027820437002, 25.42116690213851], [90.40274932615922, 25.42109160999541], [90.4027084698818, 25.421019633745715], [90.40265988270302, 25.42095168899631], [90.40260404611989, 25.420888451599755], [90.4025415161896, 25.420830549540394], [90.40247291274967, 25.420778558066047], [90.40239891941802, 25.42073299481957], [90.4023202710166, 25.420694311725025], [90.40223774818135, 25.42066289336457], [90.4021521719724, 25.42063905292156], [90.40206439309443, 25.42062302568946], [90.40197528381152, 25.42061497231686], [90.40188572896422, 25.42061497231686], [90.40179661968128, 25.42062302568946], [90.4017088408033, 25.42063905292156], [90.40162326459436, 25.42066289336457], [90.4015407417591, 25.420694311725025], [90.4014620933577, 25.42073299481957], [90.40138810002604, 25.420778558066047], [90.40131949658611, 25.420830549540394], [90.40125696665581, 25.420888451599755], [90.40120113007269, 25.42095168899631], [90.40115254289391, 25.421019633745715], [90.40111168661649, 25.42109160999541], [90.40107896907554, 25.42116690213851], [90.40105471366455, 25.42124476292748], [90.40103916292865, 25.421324417531032], [90.40103247047978, 25.421405074893137], [90.40103470279327, 25.42148593341241], [90.40104583830951, 25.421566189055675], [90.4010657665358, 25.42164504428258], [90.40109428804608, 25.421721716158775], [90.40113112076934, 25.42179544203515], [90.40117589819297, 25.42186548847225], [90.40122817565097, 25.421931160976037], [90.40128743212037, 25.42199180562009], [90.401353080103, 25.422046819592627], [90.401424467422, 25.42209565768681], [90.40150088350997, 25.422137833111538], [90.40158156929046, 25.422172926415794], [90.40166572346628, 25.42220059035636], [90.40175250880756, 25.422220548274623], [90.40184106293164, 25.422232603832498], [90.40193050638787, 25.4222366353328], [90.40201994984407, 25.422232603832498]], [[90.52500705661608, 25.420690513839247], [90.52503557812635, 25.420767186322543], [90.52507241084965, 25.420840912782705], [90.5251171882733, 25.420910959774453], [90.52516946573125, 25.420976632798236], [90.52522872220065, 25.42103727792249], [90.5252943701833, 25.421092292330673], [90.52536575750231, 25.42114113081155], [90.52544217359026, 25.421183306570235], [90.52552285937077, 25.42121840015237], [90.52560701354659, 25.421246064311998], [90.52569379888787, 25.421266022388284], [90.52578235301195, 25.421278078041613], [90.52587179646814, 25.421282109573852], [90.52596123992436, 25.421278078041613], [90.52604979404846, 25.421266022388284], [90.5261365793897, 25.421246064311998], [90.52622073356552, 25.42121840015237], [90.52630141934603, 25.421183306570235], [90.52637783543402, 25.42114113081155], [90.52644922275299, 25.421092292330673], [90.52651487073564, 25.42103727792249], [90.52657412720504, 25.420976632798236], [90.52662640466299, 25.420910959774453], [90.52667118208664, 25.420840912782705], [90.52670801480994, 25.420767186322543], [90.52673653632021, 25.420690513839247], [90.52675646454647, 25.420611657987955], [90.52676760006275, 25.42053140170922], [90.5267698323762, 25.420450542549684], [90.52676313992735, 25.42036988454894], [90.52674758919147, 25.420290229314656], [90.52672333378048, 25.420212367909194], [90.52669061623952, 25.420137075169933], [90.52664975996207, 25.42006509835033], [90.52660117278329, 25.419997153062944], [90.5265453362002, 25.419933915165664], [90.52648280626991, 25.419876012647848], [90.52641420282997, 25.419824020761833], [90.52634020949833, 25.419778457154592], [90.52626156109689, 25.419739773753747], [90.52617903826162, 25.419708355144525], [90.52609346205273, 25.41968451451279], [90.52600568317472, 25.419668487153736], [90.5259165738918, 25.419660433717382], [90.52582701904448, 25.419660433717382], [90.52573790976157, 25.419668487153736], [90.52565013088356, 25.41968451451279], [90.52556455467467, 25.419708355144525], [90.52548203183942, 25.419739773753747], [90.52540338343798, 25.419778457154592], [90.52532939010635, 25.419824020761833], [90.52526078666641, 25.419876012647848], [90.52519825673613, 25.419933915165664], [90.525142420153, 25.419997153062944], [90.52509383297422, 25.42006509835033], [90.52505297669677, 25.420137075169933], [90.52502025915581, 25.420212367909194], [90.52499600374482, 25.420290229314656], [90.52498045300898, 25.42036988454894], [90.5249737605601, 25.420450542549684], [90.52497599287358, 25.42053140170922], [90.52498712838984, 25.420611657987955], [90.52500705661608, 25.420690513839247]], [[90.37235626582549, 25.42060476077595], [90.37242191380814, 25.42054974614531], [90.37248117027754, 25.420489100775793], [90.37253344773549, 25.420423427486412], [90.37257822515915, 25.42035338021135], [90.37261505788244, 25.420279653453054], [90.37264357939272, 25.420202980659692], [90.37266350761895, 25.420124124489497], [90.37267464313524, 25.42004386788616], [90.3726768754487, 25.41996300839963], [90.37267018299985, 25.4198823500727], [90.37265463226396, 25.419802694516317], [90.37263037685298, 25.41972483279598], [90.37259765931202, 25.419649539752196], [90.37255680303457, 25.41957756264154], [90.37250821585579, 25.419509617079378], [90.3724523792727, 25.419446378926366], [90.37238984934238, 25.41938847617436], [90.37232124590248, 25.419336484078123], [90.37224725257082, 25.419290920286628], [90.37216860416937, 25.419252236729335], [90.37208608133412, 25.41922081799307], [90.37200050512521, 25.41919697726489], [90.37191272624722, 25.41918094984104], [90.37182361696429, 25.419172896372128], [90.371734062117, 25.419172896372128], [90.37164495283409, 25.41918094984104], [90.37155717395606, 25.41919697726489], [90.37147159774717, 25.41922081799307], [90.3713890749119, 25.419252236729335], [90.37131042651046, 25.419290920286628], [90.37123643317884, 25.419336484078123], [90.37116782973892, 25.41938847617436], [90.37110529980862, 25.419446378926366], [90.3710494632255, 25.419509617079378], [90.37100087604672, 25.41957756264154], [90.37096001976927, 25.419649539752196], [90.37092730222832, 25.41972483279598], [90.37090304681732, 25.419802694516317], [90.37088749608142, 25.4198823500727], [90.37088080363259, 25.41996300839963], [90.37088303594608, 25.42004386788616], [90.37089417146233, 25.420124124489497], [90.37091409968858, 25.420202980659692], [90.37094262119885, 25.420279653453054], [90.37097945392215, 25.42035338021135], [90.37102423134579, 25.420423427486412], [90.37107650880374, 25.420489100775793], [90.37113576527314, 25.42054974614531], [90.37120141325579, 25.42060476077595], [90.3712728005748, 25.420653599454365], [90.37134921666276, 25.420695775383578], [90.37142990244325, 25.42073086910768], [90.37151405661909, 25.42075853337915], [90.37160084196037, 25.420778491536158], [90.37168939608445, 25.420790547238237], [90.37177883954065, 25.4207945787868], [90.37186828299684, 25.420790547238237], [90.3719568371209, 25.420778491536158], [90.3720436224622, 25.42075853337915], [90.37212777663802, 25.42073086910768], [90.37220846241853, 25.420695775383578], [90.37228487850648, 25.420653599454365], [90.37235626582549, 25.42060476077595]], [[90.3304006328387, 25.422224936760692], [90.3303763774277, 25.422147076604816], [90.33034365988675, 25.4220717850739], [90.33030280360929, 25.42199980940944], [90.33025421643055, 25.42193186521252], [90.33019837984743, 25.421868628330106], [90.33013584991714, 25.42181072674156], [90.3300672464772, 25.42175873568997], [90.32999325314555, 25.421713172813963], [90.32991460474409, 25.421674490033936], [90.32983208190883, 25.421643071928948], [90.32974650569994, 25.42161923167978], [90.32965872682198, 25.42160320457796], [90.32956961753902, 25.421595151270875], [90.32948006269172, 25.421595151270875], [90.3293909534088, 25.42160320457796], [90.32930317453082, 25.42161923167978], [90.3292175983219, 25.421643071928948], [90.32913507548665, 25.421674490033936], [90.32905642708519, 25.421713172813963], [90.32898243375358, 25.42175873568997], [90.32891383031364, 25.42181072674156], [90.32885130038333, 25.421868628330106], [90.32879546380022, 25.42193186521252], [90.32874687662145, 25.42199980940944], [90.32870602034403, 25.4220717850739], [90.32867330280304, 25.422147076604816], [90.32864904739205, 25.422224936760692], [90.32863349665618, 25.422304590716557], [90.32862680420732, 25.422385247422802], [90.3286290365208, 25.42246610528463], [90.32864017203705, 25.422546360275348], [90.32866010026333, 25.422625214861068], [90.32868862177358, 25.422701886113796], [90.32872545449686, 25.4227756113907], [90.32877023192052, 25.42284565725824], [90.32882250937847, 25.422911329228025], [90.32888176584788, 25.422971973378953], [90.32894741383053, 25.423026986904187], [90.32901880114954, 25.423075824601234], [90.3290952172375, 25.42311799968301], [90.32917590301798, 25.423153092701956], [90.3292600571938, 25.42318075641754], [90.32934684253509, 25.423200714173518], [90.32943539665916, 25.423212769633356], [90.32952484011537, 25.423216801100878], [90.3296142835716, 25.423212769633356], [90.32970283769566, 25.423200714173518], [90.32978962303696, 25.42318075641754], [90.32987377721275, 25.423153092701956], [90.32995446299329, 25.42311799968301], [90.33003087908124, 25.423075824601234], [90.33010226640022, 25.423026986904187], [90.33016791438287, 25.422971973378953], [90.33022717085227, 25.422911329228025], [90.33027944831022, 25.42284565725824], [90.33032422573388, 25.4227756113907], [90.33036105845716, 25.422701886113796], [90.33038957996745, 25.422625214861068], [90.33040950819368, 25.422546360275348], [90.33042064370997, 25.42246610528463], [90.33042287602346, 25.422385247422802], [90.33041618357458, 25.422304590716557], [90.3304006328387, 25.422224936760692]], [[90.36875278455602, 25.422427804882172], [90.36866500567805, 25.422443831874368], [90.36857942946912, 25.422467671960447], [90.36849690663387, 25.422499089850497], [90.36841825823242, 25.422537772365928], [90.3683442649008, 25.422583334930238], [90.36827566146086, 25.42263532562619], [90.36821313153058, 25.42269322681866], [90.36815729494745, 25.422756463268467], [90.36810870776868, 25.42282440700064], [90.36806785149126, 25.422896382172723], [90.36803513395026, 25.422971673188595], [90.36801087853927, 25.423049532811856], [90.36799532780343, 25.423129186222827], [90.36798863535455, 25.423209842377336], [90.36799086766803, 25.423290699686017], [90.36800200318429, 25.423370954127705], [90.36802193141055, 25.42344980817399], [90.36805045292081, 25.423526478902257], [90.3680872856441, 25.423600203674816], [90.36813206306775, 25.42367024906317], [90.3681843405257, 25.4237359205837], [90.3682435969951, 25.42379656431978], [90.36830924497775, 25.423851577468664], [90.36838063229676, 25.423900414831614], [90.36845704838471, 25.423942589624875], [90.36853773416522, 25.423977682403716], [90.36862188834104, 25.424005345930084], [90.36870867368232, 25.424025303549538], [90.3687972278064, 25.4240373589269], [90.3688866712626, 25.42404139036685], [90.3689761147188, 25.4240373589269], [90.36906466884291, 25.424025303549538], [90.36915145418419, 25.424005345930084], [90.36923560835997, 25.423977682403716], [90.36931629414052, 25.423942589624875], [90.36939271022847, 25.423900414831614], [90.36946409754744, 25.423851577468664], [90.36952974553009, 25.42379656431978], [90.36958900199949, 25.4237359205837], [90.36964127945744, 25.42367024906317], [90.3696860568811, 25.423600203674816], [90.36972288960439, 25.423526478902257], [90.36975141111466, 25.42344980817399], [90.36977133934091, 25.423370954127705], [90.3697824748572, 25.423290699686017], [90.36978470717068, 25.423209842377336], [90.3697780147218, 25.423129186222827], [90.36976246398592, 25.423049532811856], [90.36973820857493, 25.422971673188595], [90.36970549103397, 25.422896382172723], [90.36966463475652, 25.42282440700064], [90.36961604757778, 25.422756463268467], [90.36956021099465, 25.42269322681866], [90.36949768106436, 25.42263532562619], [90.36942907762442, 25.422583334930238], [90.36935508429278, 25.422537772365928], [90.36927643589134, 25.422499089850497], [90.36919391305607, 25.422467671960447], [90.36910833684718, 25.422443831874368], [90.3690205579692, 25.422427804882172], [90.36893144868625, 25.42241975163015], [90.36884189383893, 25.42241975163015], [90.36875278455602, 25.422427804882172]], [[90.5600691851992, 25.424734741673596], [90.56003646765822, 25.424659451759023], [90.5599956113808, 25.4245874776397], [90.55994702420202, 25.424519534901336], [90.5598911876189, 25.424456299376484], [90.5598286576886, 25.42439839903091], [90.55976005424868, 25.424346409095403], [90.55968606091706, 25.424300847197507], [90.55960741251562, 25.424262165247885], [90.55952488968035, 25.42423074781735], [90.55943931347142, 25.424206908079963], [90.55935153459343, 25.424190881322236], [90.55926242531052, 25.424182828188], [90.55917287046323, 25.424182828188], [90.55908376118029, 25.424190881322236], [90.5589959823023, 25.424206908079963], [90.5589104060934, 25.42423074781735], [90.55882788325815, 25.424262165247885], [90.5587492348567, 25.424300847197507], [90.55867524152504, 25.424346409095403], [90.55860663808512, 25.42439839903091], [90.55854410815482, 25.424456299376484], [90.5584882715717, 25.424519534901336], [90.55843968439295, 25.4245874776397], [90.5583988281155, 25.424659451759023], [90.55836611057454, 25.424734741673596], [90.55834185516356, 25.424812600158], [90.55832630442767, 25.42489225240391], [90.55831961197879, 25.424972907378663], [90.55832184429228, 25.425053763504632], [90.55833297980857, 25.425134016772443], [90.5583529080348, 25.42521286966532], [90.55838142954508, 25.42528953927211], [90.55841826226836, 25.42536326296627], [90.55846303969203, 25.425433307330056], [90.55851531714998, 25.42549897788999], [90.55857457361938, 25.425559620739], [90.55864022160203, 25.425614633083182], [90.558711608921, 25.42566346973179], [90.55878802500897, 25.425705643908138], [90.5588687107895, 25.425740736173662], [90.55895286496529, 25.42576839929539], [90.55903965030657, 25.425788356622906], [90.55912820443068, 25.425800411823936], [90.55921764788687, 25.425804443204907], [90.55930709134307, 25.425800411823936], [90.55939564546715, 25.425788356622906], [90.55948243080843, 25.42576839929539], [90.55956658498427, 25.425740736173662], [90.55964727076476, 25.425705643908138], [90.55972368685272, 25.42566346973179], [90.55979507417172, 25.425614633083182], [90.55986072215437, 25.425559620739], [90.55991997862378, 25.42549897788999], [90.55997225608174, 25.425433307330056], [90.56001703350537, 25.42536326296627], [90.56005386622867, 25.42528953927211], [90.56008238773892, 25.42521286966532], [90.5601023159652, 25.425134016772443], [90.56011345148144, 25.425053763504632], [90.56011568379493, 25.424972907378663], [90.56010899134606, 25.42489225240391], [90.5600934406102, 25.424812600158], [90.5600691851992, 25.424734741673596]], [[90.35257741951285, 25.425014612858536], [90.35253656323543, 25.424942638951293], [90.35248797605666, 25.424874696413166], [90.35243213947355, 25.424811461074604], [90.35236960954325, 25.424753560899646], [90.35230100610332, 25.424701571117367], [90.35222701277166, 25.42465600935373], [90.35214836437022, 25.424617327518085], [90.35206584153497, 25.424585910180117], [90.35198026532606, 25.424562070512994], [90.35189248644808, 25.42454604380244], [90.35180337716514, 25.42453799069194], [90.35171382231783, 25.42453799069194], [90.35162471303492, 25.42454604380244], [90.35153693415694, 25.424562070512994], [90.35145135794802, 25.424585910180117], [90.35136883511275, 25.424617327518085], [90.35129018671131, 25.42465600935373], [90.35121619337968, 25.424701571117367], [90.35114758993976, 25.424753560899646], [90.35108506000947, 25.424811461074604], [90.35102922342635, 25.424874696413166], [90.35098063624757, 25.424942638951293], [90.35093977997015, 25.425014612858536], [90.35090706242916, 25.425089902551274], [90.3508828070182, 25.425167760806268], [90.35086725628231, 25.425247412817427], [90.35086056383344, 25.425328067554517], [90.35086279614691, 25.42540892344224], [90.35087393166317, 25.42548917647358], [90.35089385988945, 25.425568029134098], [90.35092238139973, 25.42564469851493], [90.35095921412298, 25.425718421991856], [90.35100399154663, 25.42578846614925], [90.35105626900459, 25.425854136515653], [90.35111552547399, 25.425914779185984], [90.35118117345664, 25.42596979136807], [90.35125256077565, 25.42601862787273], [90.3513289768636, 25.426060801924805], [90.3514096626441, 25.42609589408696], [90.35149381681993, 25.426123557127138], [90.35158060216122, 25.42614351439584], [90.3516691562853, 25.426155569561335], [90.35175859974149, 25.426159600930436], [90.35184804319772, 25.426155569561335], [90.3519365973218, 25.42614351439584], [90.35202338266308, 25.426123557127138], [90.3521075368389, 25.42609589408696], [90.3521882226194, 25.426060801924805], [90.35226463870735, 25.42601862787273], [90.35233602602636, 25.42596979136807], [90.35240167400897, 25.425914779185984], [90.35246093047839, 25.425854136515653], [90.35251320793637, 25.42578846614925], [90.35255798536002, 25.425718421991856], [90.35259481808329, 25.42564469851493], [90.35262333959355, 25.425568029134098], [90.35264326781983, 25.42548917647358], [90.35265440333609, 25.42540892344224], [90.35265663564957, 25.425328067554517], [90.3526499432007, 25.425247412817427], [90.35263439246481, 25.425167760806268], [90.35261013705382, 25.425089902551274], [90.35257741951285, 25.425014612858536]], [[90.38450969727187, 25.425024174976667], [90.38442191839388, 25.425040201623595], [90.38433634218495, 25.425064041196155], [90.3842538193497, 25.425095458409494], [90.38417517094824, 25.425134140091682], [90.38410117761663, 25.42517970167459], [90.3840325741767, 25.425231691250655], [90.3839700442464, 25.425289591195924], [90.38391420766328, 25.425352826283603], [90.3838656204845, 25.42542076855224], [90.38382476420708, 25.42549274217397], [90.3837920466661, 25.425568031567998], [90.3837677912551, 25.425645889514126], [90.38375224051924, 25.425725541209356], [90.38374554807037, 25.425806195626443], [90.38374778038386, 25.42588705119341], [90.3837589159001, 25.42596730390638], [90.3837788441264, 25.426046156254095], [90.38380736563663, 25.426122825330804], [90.38384419835992, 25.426196548515247], [90.38388897578358, 25.426266592394775], [90.38394125324153, 25.426332262500676], [90.38400050971093, 25.42639290493043], [90.38406615769358, 25.42644791689424], [90.38413754501258, 25.426496753205203], [90.38421396110054, 25.426538927089968], [90.38429464688105, 25.426574019112866], [90.38437880105687, 25.4266016820433], [90.38446558639815, 25.42662163923286], [90.38455414052223, 25.426633694350546], [90.38464358397843, 25.426637725703657], [90.38473302743462, 25.426633694350546], [90.38482158155873, 25.42662163923286], [90.38490836690002, 25.4266016820433], [90.3849925210758, 25.426574019112866], [90.38507320685633, 25.426538927089968], [90.3851496229443, 25.426496753205203], [90.38522101026327, 25.42644791689424], [90.38528665824592, 25.42639290493043], [90.38534591471533, 25.426332262500676], [90.38539819217327, 25.426266592394775], [90.38544296959694, 25.426196548515247], [90.38547980232022, 25.426122825330804], [90.3855083238305, 25.426046156254095], [90.38552825205674, 25.42596730390638], [90.38553938757302, 25.42588705119341], [90.38554161988648, 25.425806195626443], [90.38553492743763, 25.425725541209356], [90.38551937670175, 25.425645889514126], [90.38549512129076, 25.425568031567998], [90.3854624037498, 25.42549274217397], [90.38542154747235, 25.42542076855224], [90.3853729602936, 25.425352826283603], [90.38531712371048, 25.425289591195924], [90.38525459378019, 25.425231691250655], [90.38518599034026, 25.42517970167459], [90.3851119970086, 25.425134140091682], [90.38503334860715, 25.425095458409494], [90.3849508257719, 25.425064041196155], [90.384865249563, 25.425040201623595], [90.384777470685, 25.425024174976667], [90.38468836140208, 25.4250161218981], [90.38459880655478, 25.4250161218981], [90.38450969727187, 25.425024174976667]], [[90.36802133492918, 25.431510518884277], [90.36810988905326, 25.43149846425444], [90.36819667439454, 25.431478507872548], [90.36828082857036, 25.431450846061594], [90.36836151435087, 25.431415755458776], [90.36843793043882, 25.43137358328072], [90.36850931775783, 25.431324748946103], [90.36857496574048, 25.43126973920849], [90.36863422220988, 25.431209099232827], [90.36868649966783, 25.43114343178447], [90.36873127709148, 25.431073390739478], [90.36876810981478, 25.430999670538434], [90.36879663132505, 25.43092300456437], [90.36881655955129, 25.430844155407627], [90.36882769506755, 25.43076390594227], [90.36882992738104, 25.430683053647304], [90.3688232349322, 25.43060240249404], [90.36880768419631, 25.430522754022125], [90.36878342878532, 25.430444899226668], [90.36875071124436, 25.43036961287933], [90.36870985496691, 25.43029764217012], [90.36866126778814, 25.430229702650923], [90.368605431205, 25.430166470122128], [90.36854290127472, 25.430108572519856], [90.36847429783478, 25.43005658504764], [90.36840030450315, 25.43001102530844], [90.36832165610171, 25.42997234519155], [90.36823913326646, 25.429940929249558], [90.36815355705757, 25.429917090641684], [90.36806577817956, 25.429901064643257], [90.36797666889665, 25.429893011890574], [90.36788711404934, 25.429893011890574], [90.36779800476643, 25.429901064643257], [90.3677102258884, 25.429917090641684], [90.36762464967953, 25.429940929249558], [90.36754212684426, 25.42997234519155], [90.3674634784428, 25.43001102530844], [90.36738948511119, 25.43005658504764], [90.36732088167126, 25.430108572519856], [90.36725835174093, 25.430166470122128], [90.36720251515784, 25.430229702650923], [90.36715392797907, 25.43029764217012], [90.36711307170161, 25.43036961287933], [90.36708035416066, 25.430444899226668], [90.36705609874966, 25.430522754022125], [90.36704054801378, 25.43060240249404], [90.36703385556493, 25.430683053647304], [90.36703608787838, 25.43076390594227], [90.36704722339466, 25.430844155407627], [90.36706715162092, 25.43092300456437], [90.36709567313119, 25.430999670538434], [90.36713250585449, 25.431073390739478], [90.36717728327814, 25.43114343178447], [90.36722956073609, 25.431209099232827], [90.36728881720549, 25.43126973920849], [90.36735446518814, 25.431324748946103], [90.36742585250714, 25.43137358328072], [90.3675022685951, 25.431415755458776], [90.3675829543756, 25.431450846061594], [90.36766710855143, 25.431478507872548], [90.36775389389271, 25.43149846425444], [90.36784244801679, 25.431510518884277], [90.36793189147299, 25.431514550074237], [90.36802133492918, 25.431510518884277]], [[90.32000426386725, 25.431501543827526], [90.31997154632629, 25.431426258140405], [90.31993069004884, 25.431354288062323], [90.31988210287008, 25.431286349138855], [90.31982626628697, 25.431223117164556], [90.31976373635669, 25.431165220069992], [90.31969513291675, 25.431113233053637], [90.31962113958508, 25.431067673713937], [90.31954249118364, 25.43102899393624], [90.31945996834838, 25.430997578269732], [90.3193743921395, 25.430973739870886], [90.31928661326151, 25.430957714013015], [90.31919750397857, 25.43094966133095], [90.31910794913126, 25.43094966133095], [90.31901883984835, 25.430957714013015], [90.31893106097037, 25.430973739870886], [90.31884548476145, 25.430997578269732], [90.31876296192618, 25.43102899393624], [90.31868431352473, 25.431067673713937], [90.31861032019312, 25.431113233053637], [90.31854171675319, 25.431165220069992], [90.31847918682288, 25.431223117164556], [90.31842335023977, 25.431286349138855], [90.318374763061, 25.431354288062323], [90.31833390678358, 25.431426258140405], [90.31830118924259, 25.431501543827526], [90.31827693383163, 25.43157939794027], [90.31826138309573, 25.431659045713772], [90.31825469064685, 25.43173969615977], [90.31825692296034, 25.431820547745716], [90.31826805847659, 25.431900796507353], [90.31828798670288, 25.431979644972657], [90.31831650821312, 25.432056310274454], [90.31835334093641, 25.432130029829004], [90.31839811836007, 25.432200070259817], [90.31845039581802, 25.43226573713232], [90.31850965228742, 25.432326376576206], [90.31857530027007, 25.43238138583139], [90.31864668758907, 25.432430219737792], [90.31872310367703, 25.432472391546025], [90.31880378945753, 25.432507481841093], [90.31888794363336, 25.432535143409474], [90.31897472897464, 25.432555099616394], [90.31906328309871, 25.43256715414051], [90.31915272655492, 25.432571185295128], [90.31924217001114, 25.43256715414051], [90.31933072413521, 25.432555099616394], [90.31941750947651, 25.432535143409474], [90.31950166365229, 25.432507481841093], [90.31958234943282, 25.432472391546025], [90.31965876552078, 25.432430219737792], [90.31973015283975, 25.43238138583139], [90.3197958008224, 25.432326376576206], [90.31985505729182, 25.43226573713232], [90.31990733474976, 25.432200070259817], [90.31995211217343, 25.432130029829004], [90.3199889448967, 25.432056310274454], [90.320017466407, 25.431979644972657], [90.32003739463322, 25.431900796507353], [90.3200485301495, 25.431820547745716], [90.320050762463, 25.43173969615977], [90.32004407001412, 25.431659045713772], [90.32002851927824, 25.43157939794027], [90.32000426386725, 25.431501543827526]], [[90.35464818266816, 25.431803607703813], [90.35456040379017, 25.43181963344922], [90.35447482758126, 25.431843471680665], [90.35439230474599, 25.431874887126636], [90.35431365634454, 25.431913566632804], [90.35423966301293, 25.431959125652654], [90.35417105957299, 25.432011112304057], [90.35410852964269, 25.432069008992176], [90.35405269305957, 25.432132240522556], [90.3540041058808, 25.43220017896908], [90.35396324960338, 25.432272148541912], [90.35393053206239, 25.432347433700514], [90.35390627665143, 25.432425287266685], [90.35389072591553, 25.432504934481035], [90.35388403346667, 25.43258558436087], [90.35388626578015, 25.43266643537921], [90.35389740129641, 25.432746683577445], [90.35391732952269, 25.432825531489193], [90.35394585103293, 25.432902196252762], [90.35398268375621, 25.432975915289788], [90.35402746117987, 25.43304595522885], [90.35407973863782, 25.433111621640336], [90.35413899510722, 25.43317226065851], [90.35420464308987, 25.43322726952754], [90.35427603040888, 25.43327610309106], [90.35435244649683, 25.433318274603238], [90.35443313227734, 25.43335336465194], [90.35451728645316, 25.433381026026154], [90.35460407179444, 25.433400982092937], [90.35469262591852, 25.43341303653243], [90.35478206937472, 25.433417067658738], [90.35487151283094, 25.43341303653243], [90.35496006695502, 25.433400982092937], [90.35504685229631, 25.433381026026154], [90.35513100647209, 25.43335336465194], [90.35521169225264, 25.433318274603238], [90.35528810834059, 25.43327610309106], [90.35535949565956, 25.43322726952754], [90.35542514364221, 25.43317226065851], [90.35548440011162, 25.433111621640336], [90.35553667756956, 25.43304595522885], [90.35558145499323, 25.432975915289788], [90.35561828771651, 25.432902196252762], [90.3556468092268, 25.432825531489193], [90.35566673745306, 25.432746683577445], [90.35567787296932, 25.43266643537921], [90.3556801052828, 25.43258558436087], [90.35567341283392, 25.432504934481035], [90.35565786209804, 25.432425287266685], [90.35563360668705, 25.432347433700514], [90.35560088914609, 25.432272148541912], [90.35556003286867, 25.43220017896908], [90.3555114456899, 25.432132240522556], [90.35545560910677, 25.432069008992176], [90.3553930791765, 25.432011112304057], [90.35532447573655, 25.431959125652654], [90.3552504824049, 25.431913566632804], [90.35517183400344, 25.431874887126636], [90.35508931116819, 25.431843471680665], [90.3550037349593, 25.43181963344922], [90.35491595608133, 25.431803607703813], [90.35482684679837, 25.431795555078285], [90.35473729195107, 25.431795555078285], [90.35464818266816, 25.431803607703813]], [[90.37050114055921, 25.436908309880636], [90.37046028428176, 25.436836343077264], [90.37041169710302, 25.43676840724507], [90.3703558605199, 25.4367051781479], [90.3702933305896, 25.436647283687684], [90.37022472714966, 25.43659529903676], [90.37015073381802, 25.436549741770033], [90.37007208541658, 25.436511063752274], [90.36998956258131, 25.436479649515185], [90.36990398637242, 25.436455812201046], [90.36981620749444, 25.43643978707231], [90.3697270982115, 25.43643173475666], [90.36963754336418, 25.43643173475666], [90.36954843408127, 25.43643978707231], [90.3694606552033, 25.436455812201046], [90.36937507899437, 25.436479649515185], [90.36929255615911, 25.436511063752274], [90.36921390775767, 25.436549741770033], [90.36913991442604, 25.43659529903676], [90.3690713109861, 25.436647283687684], [90.36900878105583, 25.4367051781479], [90.36895294447268, 25.43676840724507], [90.36890435729391, 25.436836343077264], [90.36886350101649, 25.436908309880636], [90.3688307834755, 25.436983592142184], [90.36880652806451, 25.437061442712462], [90.36879097732866, 25.43714108686189], [90.36878428487978, 25.437221733638204], [90.36878651719327, 25.43730258154528], [90.36879765270953, 25.437382826655423], [90.3688175809358, 25.437461671532972], [90.36884610244604, 25.437538333346332], [90.36888293516934, 25.43761204954652], [90.36892771259299, 25.437682086790293], [90.36897999005095, 25.4377477506748], [90.36903924652034, 25.43780838735944], [90.369104894503, 25.437863394111606], [90.369176281822, 25.43791222579589], [90.36925269790996, 25.437954395685196], [90.36933338369046, 25.43798948438355], [90.36941753786628, 25.43801714469327], [90.36950432320756, 25.438037099992105], [90.36959287733164, 25.438049153967714], [90.36968232078783, 25.43805318493889], [90.36977176424408, 25.438049153967714], [90.36986031836815, 25.438037099992105], [90.36994710370944, 25.43801714469327], [90.37003125788522, 25.43798948438355], [90.37011194366575, 25.437954395685196], [90.3701883597537, 25.43791222579589], [90.37025974707268, 25.437863394111606], [90.37032539505533, 25.43780838735944], [90.37038465152473, 25.4377477506748], [90.37043692898268, 25.437682086790293], [90.37048170640634, 25.43761204954652], [90.37051853912963, 25.437538333346332], [90.37054706063991, 25.437461671532972], [90.37056698886616, 25.437382826655423], [90.37057812438245, 25.43730258154528], [90.37058035669592, 25.437221733638204], [90.37057366424705, 25.43714108686189], [90.37055811351117, 25.437061442712462], [90.37053385810016, 25.436983592142184], [90.37050114055921, 25.436908309880636]], [[90.32515712071121, 25.438049172625842], [90.3250945907809, 25.43799127881155], [90.32502598734098, 25.437939294740616], [90.32495199400933, 25.437893737982204], [90.32487334560791, 25.43785506039597], [90.32479082277266, 25.437823646509365], [90.32470524656372, 25.437799809461133], [90.32461746768574, 25.43778378451121], [90.32452835840282, 25.437775732285377], [90.3244388035555, 25.437775732285377], [90.32434969427258, 25.43778378451121], [90.32426191539462, 25.437799809461133], [90.32417633918567, 25.437823646509365], [90.32409381635041, 25.43785506039597], [90.32401516794897, 25.437893737982204], [90.32394117461735, 25.437939294740616], [90.32387257117742, 25.43799127881155], [90.32381004124713, 25.438049172625842], [90.32375420466401, 25.4381124010176], [90.32370561748523, 25.438180336091808], [90.32366476120781, 25.43825230209224], [90.32363204366682, 25.438327583513896], [90.32360778825587, 25.43840543321559], [90.32359223751997, 25.438485076476383], [90.3235855450711, 25.438565722352905], [90.32358777738459, 25.438646569357935], [90.32359891290083, 25.438726813572817], [90.32361884112711, 25.43880565757066], [90.32364736263739, 25.43888231852866], [90.32368419536066, 25.43895603390637], [90.3237289727843, 25.439026070368715], [90.32378125024226, 25.439091733520577], [90.32384050671166, 25.439152369528674], [90.32390615469431, 25.439207375667095], [90.32397754201331, 25.43925620680655], [90.32405395810127, 25.43929837622535], [90.32413464388178, 25.43933346453223], [90.3242187980576, 25.43936112453332], [90.32430558339888, 25.43938107960949], [90.32439413752294, 25.439393133450604], [90.32448358097916, 25.439397164376807], [90.32457302443538, 25.439393133450604], [90.32466157855946, 25.43938107960949], [90.32474836390075, 25.43936112453332], [90.32483251807658, 25.43933346453223], [90.32491320385707, 25.43929837622535], [90.32498961994503, 25.43925620680655], [90.32506100726404, 25.439207375667095], [90.32512665524665, 25.439152369528674], [90.32518591171605, 25.439091733520577], [90.32523818917404, 25.439026070368715], [90.32528296659768, 25.43895603390637], [90.32531979932095, 25.43888231852866], [90.32534832083122, 25.43880565757066], [90.3253682490575, 25.438726813572817], [90.32537938457375, 25.438646569357935], [90.32538161688724, 25.438565722352905], [90.32537492443836, 25.438485076476383], [90.32535937370248, 25.43840543321559], [90.32533511829149, 25.438327583513896], [90.32530240075053, 25.43825230209224], [90.32526154447311, 25.438180336091808], [90.32521295729433, 25.4381124010176], [90.32515712071121, 25.438049172625842]], [[90.38487854283258, 25.438124427404066], [90.38492332025623, 25.438194464349944], [90.38497559771419, 25.43826012795515], [90.38503485418359, 25.43832076438186], [90.38510050216624, 25.438375770900038], [90.38517188948522, 25.438424602376635], [90.38524830557319, 25.438466772086556], [90.3853289913537, 25.43850186063569], [90.38541314552948, 25.43852952082773], [90.38549993087078, 25.43854947604168], [90.38558848499486, 25.43856152996601], [90.38567792845109, 25.438565560920047], [90.38576737190729, 25.43856152996601], [90.38585592603135, 25.43854947604168], [90.38594271137264, 25.43852952082773], [90.38602686554846, 25.43850186063569], [90.38610755132896, 25.438466772086556], [90.38618396741693, 25.438424602376635], [90.38625535473592, 25.438375770900038], [90.38632100271857, 25.43832076438186], [90.38638025918797, 25.43826012795515], [90.38643253664593, 25.438194464349944], [90.3864773140696, 25.438124427404066], [90.38651414679289, 25.43805071151744], [90.38654266830312, 25.4379740500302], [90.3865625965294, 25.437895205488022], [90.38657373204565, 25.437814960719162], [90.38657596435915, 25.437734113155972], [90.38656927191028, 25.437653466722686], [90.38655372117438, 25.437573822912054], [90.38652946576342, 25.437495972672906], [90.38649674822243, 25.43742069073154], [90.386455891945, 25.437348724234276], [90.38640730476624, 25.437280788691066], [90.38635146818312, 25.437217559862795], [90.38628893825282, 25.43715966564883], [90.38622033481289, 25.437107681219043], [90.38614634148126, 25.437062124146102], [90.38606769307982, 25.43702344629284], [90.38598517024455, 25.436992032189373], [90.38589959403562, 25.43696819497658], [90.38581181515765, 25.436952169916022], [90.38572270587474, 25.43694411763463], [90.38563315102743, 25.43694411763463], [90.38554404174448, 25.436952169916022], [90.3854562628665, 25.43696819497658], [90.38537068665762, 25.436992032189373], [90.38528816382235, 25.43702344629284], [90.38520951542091, 25.437062124146102], [90.38513552208926, 25.437107681219043], [90.38506691864931, 25.43715966564883], [90.38500438871903, 25.437217559862795], [90.38494855213591, 25.437280788691066], [90.38489996495717, 25.437348724234276], [90.3848591086797, 25.43742069073154], [90.38482639113876, 25.437495972672906], [90.38480213572775, 25.437573822912054], [90.38478658499187, 25.437653466722686], [90.384779892543, 25.437734113155972], [90.38478212485649, 25.437814960719162], [90.38479326037277, 25.437895205488022], [90.38481318859901, 25.4379740500302], [90.3848417101093, 25.43805071151744], [90.38487854283258, 25.438124427404066]], [[90.3374896582589, 25.441954904655713], [90.33741566492728, 25.44190934941607], [90.33733701652584, 25.44187067311927], [90.33725449369058, 25.441839260279956], [90.33716891748166, 25.44181542402642], [90.33708113860368, 25.441799399610765], [90.33699202932077, 25.441791347653368], [90.33690247447346, 25.441791347653368], [90.33681336519055, 25.441799399610765], [90.33672558631254, 25.44181542402642], [90.33664001010364, 25.441839260279956], [90.33655748726838, 25.44187067311927], [90.33647883886692, 25.44190934941607], [90.33640484553528, 25.441954904655713], [90.33633624209534, 25.442006886993585], [90.33627371216504, 25.442064778877768], [90.33621787558192, 25.442128005161567], [90.33616928840318, 25.44219593797093], [90.33612843212573, 25.442267901572105], [90.33609571458479, 25.44234318048393], [90.33607145917378, 25.442421027590193], [90.33605590843788, 25.442500668195795], [90.33604921598905, 25.442581311383616], [90.33605144830251, 25.442662155693277], [90.33606258381879, 25.44274239723284], [90.33608251204504, 25.442821238602086], [90.33611103355531, 25.44289789700428], [90.33614786627861, 25.442971609924296], [90.33619264370225, 25.443041644051682], [90.33624492116022, 25.443107305014344], [90.33630417762961, 25.44316793900086], [90.33636982561227, 25.443222943305344], [90.33644121293123, 25.443271772816804], [90.3365176290192, 25.44331394082967], [90.33659831479973, 25.44334902796666], [90.33668246897555, 25.443376687045557], [90.3367692543168, 25.443396641456456], [90.33685780844091, 25.443408694895687], [90.33694725189712, 25.443412725687494], [90.3370366953533, 25.443408694895687], [90.33712524947738, 25.443396641456456], [90.33721203481868, 25.443376687045557], [90.3372961889945, 25.44334902796666], [90.33737687477499, 25.44331394082967], [90.33745329086294, 25.443271772816804], [90.33752467818195, 25.443222943305344], [90.3375903261646, 25.44316793900086], [90.33764958263401, 25.443107305014344], [90.33770186009197, 25.443041644051682], [90.33774663751562, 25.442971609924296], [90.3377834702389, 25.44289789700428], [90.33781199174919, 25.442821238602086], [90.33783191997543, 25.44274239723284], [90.33784305549169, 25.442662155693277], [90.33784528780517, 25.442581311383616], [90.33783859535629, 25.442500668195795], [90.33782304462044, 25.442421027590193], [90.33779878920944, 25.44234318048393], [90.3377660716685, 25.442267901572105], [90.33772521539103, 25.44219593797093], [90.33767662821225, 25.442128005161567], [90.33762079162913, 25.442064778877768], [90.33755826169885, 25.442006886993585], [90.3374896582589, 25.441954904655713]], [[90.35758498104613, 25.441992695098023], [90.35749720216816, 25.44200871948799], [90.35741162595926, 25.44203255570327], [90.357329103124, 25.442063968492167], [90.35725045472255, 25.44210264472689], [90.35717646139089, 25.442148199893424], [90.35710785795096, 25.442200182147825], [90.35704532802066, 25.442258073939147], [90.35698949143755, 25.442321300121453], [90.35694090425876, 25.442389232821757], [90.35690004798134, 25.44246119630744], [90.3568673304404, 25.442536475098468], [90.3568430750294, 25.442614322079788], [90.35682752429351, 25.442693962557527], [90.35682083184463, 25.442774605615966], [90.35682306415812, 25.44285544979586], [90.35683419967438, 25.442935691206653], [90.35685412790066, 25.443014532449347], [90.35688264941093, 25.44309119072849], [90.35691948213419, 25.443164903530203], [90.35696425955784, 25.443234937545192], [90.35701653701582, 25.443300598402473], [90.35707579348522, 25.443361232291647], [90.35714144146787, 25.443416236507854], [90.35721282878686, 25.443465065940906], [90.35728924487482, 25.44350723388609], [90.35736993065534, 25.443542320966813], [90.35745408483113, 25.44356998000131], [90.35754087017243, 25.44358993438015], [90.35762942429649, 25.443601987800044], [90.35771886775272, 25.44360601858537], [90.35780831120893, 25.443601987800044], [90.35789686533299, 25.44358993438015], [90.35798365067429, 25.44356998000131], [90.35806780485011, 25.443542320966813], [90.3581484906306, 25.44350723388609], [90.35822490671856, 25.443465065940906], [90.35829629403757, 25.443416236507854], [90.35836194202022, 25.443361232291647], [90.35842119848964, 25.443300598402473], [90.35847347594759, 25.443234937545192], [90.35851825337123, 25.443164903530203], [90.35855508609448, 25.44309119072849], [90.35858360760477, 25.443014532449347], [90.35860353583105, 25.442935691206653], [90.3586146713473, 25.44285544979586], [90.35861690366079, 25.442774605615966], [90.35861021121191, 25.442693962557527], [90.35859466047602, 25.442614322079788], [90.35857040506505, 25.442536475098468], [90.35853768752408, 25.44246119630744], [90.35849683124665, 25.442389232821757], [90.35844824406787, 25.442321300121453], [90.35839240748476, 25.442258073939147], [90.35832987755445, 25.442200182147825], [90.35826127411453, 25.442148199893424], [90.3581872807829, 25.44210264472689], [90.35810863238146, 25.442063968492167], [90.3580261095462, 25.44203255570327], [90.35794053333727, 25.44200871948799], [90.35785275445929, 25.441992695098023], [90.35776364517638, 25.44198464315359], [90.35767409032908, 25.44198464315359], [90.35758498104613, 25.441992695098023]], [[90.36912190410291, 25.44213639293171], [90.36903412522493, 25.442152417302534], [90.368948549016, 25.44217625348938], [90.36886602618073, 25.442207666240808], [90.36878737777928, 25.442246342429378], [90.36871338444766, 25.442291897541548], [90.36864478100775, 25.44234387973397], [90.36858225107744, 25.44240177145617], [90.36852641449433, 25.442464997563054], [90.36847782731554, 25.44253293018233], [90.36843697103812, 25.442604893582143], [90.36840425349715, 25.442680172283325], [90.36837999808618, 25.44275801917176], [90.36836444735029, 25.442837659554502], [90.36835775490141, 25.442918302516684], [90.3683599872149, 25.442999146600133], [90.36837112273115, 25.443079387915162], [90.36839105095743, 25.44315822906379], [90.36841957246767, 25.443234887251474], [90.36845640519097, 25.443308599965228], [90.36850118261461, 25.443378633896653], [90.36855346007258, 25.44344429467559], [90.36861271654197, 25.443504928492416], [90.36867836452463, 25.443559932643], [90.36874975184362, 25.443608762017824], [90.36882616793159, 25.44365092991268], [90.36890685371209, 25.443686016951506], [90.36899100788791, 25.443713675953003], [90.3690777932292, 25.443733630308063], [90.36916634735327, 25.443745683713555], [90.36925579080948, 25.44374971449409], [90.3693452342657, 25.443745683713555], [90.36943378838977, 25.443733630308063], [90.36952057373107, 25.443713675953003], [90.36960472790685, 25.443686016951506], [90.36968541368738, 25.44365092991268], [90.36976182977534, 25.443608762017824], [90.36983321709431, 25.443559932643], [90.36989886507696, 25.443504928492416], [90.36995812154636, 25.44344429467559], [90.37001039900436, 25.443378633896653], [90.37005517642798, 25.443308599965228], [90.37009200915126, 25.443234887251474], [90.37012053066154, 25.44315822906379], [90.37014045888782, 25.443079387915162], [90.37015159440406, 25.442999146600133], [90.37015382671756, 25.442918302516684], [90.37014713426868, 25.442837659554502], [90.3701315835328, 25.44275801917176], [90.3701073281218, 25.442680172283325], [90.37007461058084, 25.442604893582143], [90.37003375430342, 25.44253293018233], [90.36998516712464, 25.442464997563054], [90.36992933054152, 25.44240177145617], [90.36986680061122, 25.44234387973397], [90.3697981971713, 25.442291897541548], [90.36972420383964, 25.442246342429378], [90.3696455554382, 25.442207666240808], [90.36956303260294, 25.44217625348938], [90.36947745639404, 25.442152417302534], [90.36938967751605, 25.44213639293171], [90.36930056823313, 25.44212834099686], [90.36921101338582, 25.44212834099686], [90.36912190410291, 25.44213639293171]], [[90.37400407339892, 25.442475215363448], [90.37391629452094, 25.442491239689208], [90.37383071831202, 25.442515075808995], [90.37374819547675, 25.442546488472043], [90.37366954707535, 25.442585164551797], [90.37359555374368, 25.442630719535817], [90.37352695030376, 25.44268270158197], [90.37346442037347, 25.442740593141327], [90.37340858379035, 25.442803819070317], [90.37335999661157, 25.442871751498494], [90.37331914033415, 25.44294371469582], [90.37328642279319, 25.44301899318524], [90.3732621673822, 25.443096839854658], [90.37324661664631, 25.443176480013328], [90.37323992419743, 25.443257122748648], [90.37324215651091, 25.44333796660465], [90.37325329202717, 25.443418207693934], [90.37327322025345, 25.44349704862075], [90.37330174176373, 25.443573706592765], [90.37333857448698, 25.443647419099133], [90.37338335191063, 25.443717452833518], [90.37343562936859, 25.443783113427706], [90.37349488583799, 25.44384374707395], [90.37356053382064, 25.443898751069785], [90.37363192113965, 25.443947580307217], [90.3737083372276, 25.443989748083425], [90.3737890230081, 25.44402483502354], [90.37387317718392, 25.44405249394723], [90.37395996252522, 25.44407244824612], [90.3740485166493, 25.444084501617706], [90.37413796010549, 25.444088532386942], [90.37422740356172, 25.444084501617706], [90.3743159576858, 25.44407244824612], [90.37440274302708, 25.44405249394723], [90.3744868972029, 25.44402483502354], [90.3745675829834, 25.443989748083425], [90.37464399907135, 25.443947580307217], [90.37471538639036, 25.443898751069785], [90.37478103437302, 25.44384374707395], [90.37484029084239, 25.443783113427706], [90.37489256830037, 25.443717452833518], [90.37493734572402, 25.443647419099133], [90.37497417844729, 25.443573706592765], [90.37500269995756, 25.44349704862075], [90.37502262818383, 25.443418207693934], [90.37503376370009, 25.44333796660465], [90.37503599601357, 25.443257122748648], [90.3750293035647, 25.443176480013328], [90.3750137528288, 25.443096839854658], [90.37498949741781, 25.44301899318524], [90.37495677987685, 25.44294371469582], [90.37491592359943, 25.442871751498494], [90.37486733642066, 25.442803819070317], [90.37481149983755, 25.442740593141327], [90.37474896990726, 25.44268270158197], [90.37468036646732, 25.442630719535817], [90.37460637313566, 25.442585164551797], [90.37452772473425, 25.442546488472043], [90.37444520189898, 25.442515075808995], [90.37435962569006, 25.442491239689208], [90.37427184681208, 25.442475215363448], [90.37418273752914, 25.442467163451266], [90.37409318268186, 25.442467163451266], [90.37400407339892, 25.442475215363448]], [[90.3880105567999, 25.442628331383677], [90.38792277792191, 25.44264435568903], [90.38783720171298, 25.442668191778527], [90.38775467887773, 25.44269960440164], [90.38767603047629, 25.44273828043221], [90.38760203714466, 25.442783835358316], [90.38753343370473, 25.442835817338405], [90.38747090377444, 25.442893708824137], [90.38741506719131, 25.442956934672736], [90.38736648001253, 25.443024867014543], [90.38732562373511, 25.443096830120407], [90.38729290619413, 25.443172108514094], [90.38726865078317, 25.443249955084546], [90.38725310004727, 25.44332959514197], [90.3872464075984, 25.443410237774735], [90.3872486399119, 25.44349108152794], [90.38725977542815, 25.443571322515222], [90.38727970365441, 25.4436501633418], [90.38730822516466, 25.443726821216337], [90.38734505788796, 25.443800533628995], [90.38738983531161, 25.443870567274335], [90.38744211276956, 25.443936227785052], [90.38750136923896, 25.44399686135421], [90.38756701722161, 25.444051865280088], [90.38763840454062, 25.44410069445545], [90.38771482062859, 25.44414286217807], [90.38779550640908, 25.44417794907356], [90.3878796605849, 25.444205607962065], [90.3879664459262, 25.444225562235616], [90.38805500005026, 25.444237615591884], [90.38814444350646, 25.444241646355955], [90.3882338869627, 25.444237615591884], [90.38832244108677, 25.444225562235616], [90.38840922642805, 25.444205607962065], [90.38849338060385, 25.44417794907356], [90.38857406638436, 25.44414286217807], [90.38865048247233, 25.44410069445545], [90.38872186979131, 25.444051865280088], [90.38878751777396, 25.44399686135421], [90.38884677424336, 25.443936227785052], [90.38889905170132, 25.443870567274335], [90.38894382912497, 25.443800533628995], [90.38898066184825, 25.443726821216337], [90.38900918335852, 25.4436501633418], [90.38902911158478, 25.443571322515222], [90.38904024710106, 25.44349108152794], [90.38904247941456, 25.443410237774735], [90.38903578696568, 25.44332959514197], [90.38902023622978, 25.443249955084546], [90.38899598081879, 25.443172108514094], [90.38896326327784, 25.443096830120407], [90.38892240700038, 25.443024867014543], [90.38887381982164, 25.442956934672736], [90.38881798323852, 25.442893708824137], [90.38875545330822, 25.442835817338405], [90.3886868498683, 25.442783835358316], [90.38861285653664, 25.44273828043221], [90.3885342081352, 25.44269960440164], [90.38845168529994, 25.442668191778527], [90.38836610909104, 25.44264435568903], [90.38827833021305, 25.442628331383677], [90.38818922093012, 25.442620279481712], [90.38809966608281, 25.442620279481712], [90.3880105567999, 25.442628331383677]], [[90.47505687484312, 25.442623414742815], [90.47501601856565, 25.44269537808853], [90.4749833010247, 25.442770656733188], [90.4749590456137, 25.442848503563134], [90.47494349487786, 25.442928143886036], [90.47493680242899, 25.443008786787633], [90.47493903474246, 25.44308963081032], [90.47495017025872, 25.443169872065074], [90.47497009848499, 25.443248713154468], [90.47499861999525, 25.44332537128456], [90.47503545271853, 25.443399083942943], [90.47508023014218, 25.443469117821735], [90.47513250760014, 25.44353477855134], [90.47519176406954, 25.443595412322615], [90.47525741205219, 25.443650416431858], [90.4753287993712, 25.443699245769988], [90.47540521545915, 25.443741413633177], [90.47548590123965, 25.44377650064563], [90.47557005541547, 25.44380415962634], [90.47565684075676, 25.44382411396641], [90.47574539488083, 25.443836167362857], [90.47583483833704, 25.443840198140364], [90.47592428179324, 25.443836167362857], [90.47601283591735, 25.44382411396641], [90.47609962125858, 25.44380415962634], [90.47618377543441, 25.44377650064563], [90.47626446121495, 25.443741413633177], [90.4763408773029, 25.443699245769988], [90.47641226462187, 25.443650416431858], [90.47647791260452, 25.443595412322615], [90.47653716907392, 25.44353477855134], [90.47658944653188, 25.443469117821735], [90.47663422395553, 25.443399083942943], [90.47667105667882, 25.44332537128456], [90.4766995781891, 25.443248713154468], [90.47671950641535, 25.443169872065074], [90.47673064193164, 25.44308963081032], [90.47673287424509, 25.443008786787633], [90.47672618179624, 25.442928143886036], [90.47671063106036, 25.442848503563134], [90.47668637564936, 25.442770656733188], [90.4766536581084, 25.44269537808853], [90.47661280183095, 25.442623414742815], [90.47656421465221, 25.442555482174566], [90.47650837806908, 25.442492256115198], [90.4764458481388, 25.44243436443647], [90.47637724469887, 25.44238238228313], [90.47630325136721, 25.44233682720518], [90.47622460296576, 25.442298151045673], [90.4761420801305, 25.442266738317844], [90.47605650392161, 25.44224290214891], [90.4759687250436, 25.442226877790095], [90.47587961576069, 25.442218825861325], [90.47579006091337, 25.442218825861325], [90.47570095163047, 25.442226877790095], [90.47561317275249, 25.44224290214891], [90.47552759654356, 25.442266738317844], [90.4754450737083, 25.442298151045673], [90.47536642530686, 25.44233682720518], [90.47529243197523, 25.44238238228313], [90.47522382853529, 25.44243436443647], [90.47516129860502, 25.442492256115198], [90.47510546202189, 25.442555482174566], [90.47505687484312, 25.442623414742815]], [[90.35059397350152, 25.446728704270942], [90.3506825276256, 25.446716651164017], [90.35076931296688, 25.44669669730329], [90.3508534671427, 25.446669038986926], [90.35093415292319, 25.446633952817265], [90.35101056901114, 25.446591785966955], [90.35108195633016, 25.446542957801725], [90.3511476043128, 25.446487955013676], [90.35120686078221, 25.44642732269884], [90.35125913824017, 25.44636166354641], [90.35130391566382, 25.446291631349848], [90.3513407483871, 25.44621792046201], [90.35136926989735, 25.44614126417325], [90.35138919812363, 25.446062424977594], [90.35140033363989, 25.445982185650244], [90.35140256595336, 25.44590134356939], [90.35139587350449, 25.445820702604788], [90.3513803227686, 25.445741064194788], [90.35135606735764, 25.445663219234675], [90.35132334981665, 25.4455879423982], [90.35128249353923, 25.445515980780964], [90.35123390636046, 25.445448049844405], [90.35117806977733, 25.445384825303673], [90.35111553984704, 25.445326935015483], [90.3510469364071, 25.445274954110666], [90.35097294307549, 25.445229400126905], [90.35089429467403, 25.445190724896356], [90.35081177183878, 25.445159312923046], [90.35072619562986, 25.445135477326623], [90.35063841675188, 25.445119453352735], [90.35054930746897, 25.44511140161733], [90.35045975262166, 25.44511140161733], [90.3503706433387, 25.445119453352735], [90.35028286446074, 25.445135477326623], [90.35019728825185, 25.445159312923046], [90.35011476541659, 25.445190724896356], [90.35003611701514, 25.445229400126905], [90.34996212368348, 25.445274954110666], [90.34989352024354, 25.445326935015483], [90.34983099031327, 25.445384825303673], [90.34977515373014, 25.445448049844405], [90.34972656655135, 25.445515980780964], [90.34968571027393, 25.4455879423982], [90.34965299273298, 25.445663219234675], [90.34962873732198, 25.445741064194788], [90.3496131865861, 25.445820702604788], [90.34960649413722, 25.44590134356939], [90.34960872645071, 25.445982185650244], [90.34961986196697, 25.446062424977594], [90.34963979019324, 25.44614126417325], [90.34966831170352, 25.44621792046201], [90.3497051444268, 25.446291631349848], [90.34974992185043, 25.44636166354641], [90.34980219930841, 25.44642732269884], [90.34986145577781, 25.446487955013676], [90.34992710376046, 25.446542957801725], [90.34999849107945, 25.446591785966955], [90.3500749071674, 25.446633952817265], [90.35015559294793, 25.446669038986926], [90.35023974712372, 25.44669669730329], [90.350326532465, 25.446716651164017], [90.35041508658908, 25.446728704270942], [90.35050453004531, 25.44673273495162], [90.35059397350152, 25.446728704270942]], [[90.35207063404701, 25.45146142377775], [90.35215918817109, 25.451449371144612], [90.35224597351237, 25.451429418068233], [90.35233012768819, 25.451401760839058], [90.35241081346868, 25.451366676048565], [90.35248722955664, 25.451324510855756], [90.35255861687565, 25.451275684609875], [90.3526242648583, 25.45122068398384], [90.3526835213277, 25.451160054052306], [90.35273579878566, 25.451094397480784], [90.35278057620931, 25.451024368037018], [90.3528174089326, 25.45095066004658], [90.35284593044288, 25.450874006770956], [90.35286585866912, 25.450795170674258], [90.35287699418538, 25.450714934500876], [90.35287922649886, 25.45063409559767], [90.35287253405002, 25.450553457802812], [90.35285698331414, 25.45047382252314], [90.35283272790313, 25.45039598062286], [90.35280001036219, 25.450320706745256], [90.35275915408472, 25.45024874795656], [90.35271056690596, 25.450180819690114], [90.35265473032284, 25.45011759763449], [90.35259220039254, 25.450059709621748], [90.3525235969526, 25.450007730760106], [90.35244960362098, 25.44996217856688], [90.35237095521953, 25.449923504856514], [90.35228843238427, 25.449892094117853], [90.35220285617538, 25.449868259458324], [90.35211507729737, 25.44985223611426], [90.35202596801446, 25.449844184695333], [90.35193641316715, 25.449844184695333], [90.35184730388424, 25.44985223611426], [90.35175952500623, 25.449868259458324], [90.35167394879734, 25.449892094117853], [90.35159142596208, 25.449923504856514], [90.35151277756063, 25.44996217856688], [90.35143878422902, 25.450007730760106], [90.35137018078908, 25.450059709621748], [90.35130765085876, 25.45011759763449], [90.35125181427566, 25.450180819690114], [90.35120322709689, 25.45024874795656], [90.35116237081942, 25.450320706745256], [90.35112965327848, 25.45039598062286], [90.35110539786747, 25.45047382252314], [90.3510898471316, 25.450553457802812], [90.35108315468275, 25.45063409559767], [90.3510853869962, 25.450714934500876], [90.35109652251249, 25.450795170674258], [90.35111645073873, 25.450874006770956], [90.35114497224902, 25.45095066004658], [90.3511818049723, 25.451024368037018], [90.35122658239595, 25.451094397480784], [90.3512788598539, 25.451160054052306], [90.35133811632332, 25.45122068398384], [90.35140376430597, 25.451275684609875], [90.35147515162498, 25.451324510855756], [90.35155156771293, 25.451366676048565], [90.35163225349342, 25.451401760839058], [90.35171640766924, 25.451429418068233], [90.35180319301053, 25.451449371144612], [90.3518917471346, 25.45146142377775], [90.3519811905908, 25.451465454299996], [90.35207063404701, 25.45146142377775]], [[90.34410292692154, 25.45142711444847], [90.34402040408628, 25.451395704102126], [90.34393482787735, 25.451371869740267], [90.34384704899936, 25.45135584659634], [90.34375793971643, 25.451347795277968], [90.34366838486912, 25.451347795277968], [90.34357927558621, 25.45135584659634], [90.34349149670822, 25.451371869740267], [90.3434059204993, 25.451395704102126], [90.34332339766404, 25.45142711444847], [90.3432447492626, 25.45146578767584], [90.34317075593097, 25.451511339300136], [90.34310215249104, 25.45156331751259], [90.34303962256075, 25.451621204802343], [90.34298378597764, 25.45168442606835], [90.34293519879884, 25.45175235348639], [90.34289434252142, 25.451824311376345], [90.34286162498044, 25.451899584313818], [90.34283736956948, 25.45197742524189], [90.3428218188336, 25.45205705952693], [90.34281512638472, 25.452137696314622], [90.34281735869821, 25.45221853420815], [90.34282849421446, 25.452298769379432], [90.34284842244072, 25.45237760449148], [90.34287694395101, 25.452454256809705], [90.34291377667427, 25.452527963879525], [90.34295855409792, 25.452597992448638], [90.34301083155587, 25.45266364820011], [90.34307008802527, 25.452724277374383], [90.34313573600792, 25.452779277313418], [90.34320712332693, 25.452828102949486], [90.3432835394149, 25.452870267615655], [90.34336422519539, 25.452905351967935], [90.34344837937121, 25.452933008851623], [90.3435351647125, 25.452952961678825], [90.34362371883657, 25.452965014161432], [90.34371316229277, 25.452969044633324], [90.343802605749, 25.452965014161432], [90.34389115987308, 25.452952961678825], [90.34397794521436, 25.452933008851623], [90.34406209939019, 25.452905351967935], [90.34414278517067, 25.452870267615655], [90.34421920125865, 25.452828102949486], [90.34429058857765, 25.452779277313418], [90.34435623656027, 25.452724277374383], [90.34441549302967, 25.45266364820011], [90.34446777048765, 25.452597992448638], [90.34451254791131, 25.452527963879525], [90.34454938063456, 25.452454256809705], [90.34457790214483, 25.45237760449148], [90.34459783037113, 25.452298769379432], [90.34460896588737, 25.45221853420815], [90.34461119820087, 25.452137696314622], [90.34460450575199, 25.45205705952693], [90.34458895501609, 25.45197742524189], [90.34456469960512, 25.451899584313818], [90.34453198206415, 25.451824311376345], [90.34449112578673, 25.45175235348639], [90.34444253860795, 25.45168442606835], [90.34438670202483, 25.451621204802343], [90.34432417209453, 25.45156331751259], [90.3442555686546, 25.451511339300136], [90.34418157532295, 25.45146578767584], [90.34410292692154, 25.45142711444847]], [[90.354380508968, 25.417382543978626], [90.35442528639165, 25.417452592979735], [90.3544775638496, 25.417518267887452], [90.35453682031901, 25.41757891475138], [90.35460246830166, 25.4176339307377], [90.35467385562066, 25.4176827706196], [90.35475027170862, 25.417724947588155], [90.35483095748913, 25.41776004217701], [90.35491511166495, 25.417787707130188], [90.35500189700623, 25.417807665779037], [90.35509045113031, 25.417819721778194], [90.35517989458651, 25.417823753426077], [90.3552693380427, 25.417819721778194], [90.35535789216681, 25.417807665779037], [90.35544467750807, 25.417787707130188], [90.35552883168388, 25.41776004217701], [90.35560951746439, 25.417724947588155], [90.35568593355234, 25.4176827706196], [90.35575732087135, 25.4176339307377], [90.355822968854, 25.41757891475138], [90.35588222532341, 25.417518267887452], [90.35593450278135, 25.417452592979735], [90.35597928020502, 25.417382543978626], [90.3560161129283, 25.417308815403548], [90.35604463443859, 25.417232140720824], [90.35606456266481, 25.417153282607483], [90.3560756981811, 25.417073024026532], [90.35607793049456, 25.416992162547462], [90.35607123804571, 25.416911502233027], [90.35605568730982, 25.416831844713794], [90.35603143189884, 25.416753981074834], [90.35599871435788, 25.41667868617577], [90.35595785808043, 25.416606707291493], [90.35590927090165, 25.416538760055086], [90.35585343431856, 25.416475520343813], [90.35579090438824, 25.416417616165056], [90.35572230094834, 25.416365622787655], [90.35564830761668, 25.41632005787341], [90.35556965921523, 25.416281373362946], [90.35548713637998, 25.416249953852482], [90.35540156017107, 25.416226112536837], [90.35531378129308, 25.41621008471809], [90.35522467201015, 25.416202031050716], [90.35513511716286, 25.416202031050716], [90.35504600787995, 25.41621008471809], [90.35495822900194, 25.416226112536837], [90.35487265279303, 25.416249953852482], [90.35479012995776, 25.416281373362946], [90.35471148155632, 25.41632005787341], [90.35463748822471, 25.416365622787655], [90.35456888478478, 25.416417616165056], [90.35450635485448, 25.416475520343813], [90.35445051827136, 25.416538760055086], [90.35440193109258, 25.416606707291493], [90.35436107481513, 25.41667868617577], [90.35432835727418, 25.416753981074834], [90.35430410186318, 25.416831844713794], [90.35428855112728, 25.416911502233027], [90.35428185867845, 25.416992162547462], [90.35428409099194, 25.417073024026532], [90.35429522650819, 25.417153282607483], [90.35431515473444, 25.417232140720824], [90.35434367624471, 25.417308815403548], [90.354380508968, 25.417382543978626]], [[90.4408136037606, 25.416391790272446], [90.44082473927685, 25.416472049306893], [90.44084466750313, 25.41655090786579], [90.4408731890134, 25.416627582981707], [90.4409100217367, 25.416701311973323], [90.44095479916035, 25.416771361370262], [90.4410070766183, 25.416837036649017], [90.4410663330877, 25.41689768385562], [90.44113198107036, 25.416952700152784], [90.44120336838932, 25.417001540310626], [90.44127978447729, 25.41704371751746], [90.44136047025782, 25.417078812304627], [90.44144462443361, 25.41710647741411], [90.4415314097749, 25.417126436175703], [90.44161996389896, 25.417138492242977], [90.4417094073552, 25.417142523913668], [90.4417988508114, 25.417138492242977], [90.44188740493547, 25.417126436175703], [90.44197419027677, 25.41710647741411], [90.44205834445259, 25.417078812304627], [90.4421390302331, 25.41704371751746], [90.44221544632104, 25.417001540310626], [90.44228683364005, 25.416952700152784], [90.4423524816227, 25.41689768385562], [90.4424117380921, 25.416837036649017], [90.44246401555006, 25.416771361370262], [90.44250879297371, 25.416701311973323], [90.442545625697, 25.416627582981707], [90.44257414720724, 25.41655090786579], [90.44259407543352, 25.416472049306893], [90.44260521094976, 25.416391790272446], [90.44260744326326, 25.416310928336557], [90.44260075081438, 25.416230267566362], [90.4425852000785, 25.416150609597096], [90.44256094466753, 25.41607274551821], [90.44252822712654, 25.415997450193718], [90.44248737084912, 25.41592547090279], [90.44243878367034, 25.41585752328249], [90.44238294708722, 25.415794283213934], [90.44232041715694, 25.41573637870799], [90.442251813717, 25.415684385036872], [90.44217782038538, 25.415638819865205], [90.44209917198393, 25.41560013513616], [90.44201664914867, 25.415568715448195], [90.44193107293975, 25.415544873997863], [90.44184329406177, 25.41552884608852], [90.44175418477884, 25.415520792375677], [90.44166462993155, 25.415520792375677], [90.4415755206486, 25.41552884608852], [90.44148774177063, 25.415544873997863], [90.44140216556173, 25.415568715448195], [90.44131964272647, 25.41560013513616], [90.44124099432503, 25.415638819865205], [90.44116700099337, 25.415684385036872], [90.44109839755343, 25.41573637870799], [90.44103586762314, 25.415794283213934], [90.44098003104003, 25.41585752328249], [90.44093144386126, 25.41592547090279], [90.44089058758384, 25.415997450193718], [90.44085787004288, 25.41607274551821], [90.44083361463188, 25.416150609597096], [90.44081806389599, 25.416230267566362], [90.44081137144711, 25.416310928336557], [90.4408136037606, 25.416391790272446]], [[90.5182925334479, 25.41571657631151], [90.5183036689642, 25.415796835795398], [90.51832359719045, 25.41587569479588], [90.51835211870072, 25.415952370341188], [90.518388951424, 25.416026099745675], [90.51843372884765, 25.416096149534877], [90.51848600630561, 25.41616182518142], [90.518545262775, 25.416222472727643], [90.51861091075766, 25.416277489332888], [90.51868229807667, 25.416326329764246], [90.51875871416463, 25.41636850720729], [90.51883939994512, 25.416403602190954], [90.51892355412095, 25.41643126745537], [90.51901033946221, 25.416451226328764], [90.51909889358632, 25.416463282463564], [90.51918833704251, 25.41646731415679], [90.51927778049871, 25.416463282463564], [90.51936633462277, 25.416451226328764], [90.51945311996407, 25.41643126745537], [90.51953727413989, 25.416403602190954], [90.51961795992038, 25.41636850720729], [90.51969437600835, 25.416326329764246], [90.51976576332736, 25.416277489332888], [90.51983141131001, 25.416222472727643], [90.51989066777942, 25.41616182518142], [90.51994294523736, 25.416096149534877], [90.51998772266101, 25.416026099745675], [90.52002455538431, 25.415952370341188], [90.52005307689458, 25.41587569479588], [90.52007300512084, 25.415796835795398], [90.52008414063708, 25.41571657631151], [90.52008637295057, 25.4156357139228], [90.52007968050172, 25.415555052700952], [90.52006412976583, 25.415475394285593], [90.52003987435484, 25.415397529770694], [90.52000715681389, 25.415322234024586], [90.51996630053644, 25.415250254330555], [90.51991771335766, 25.415182306329772], [90.51986187677454, 25.41511906590708], [90.51979934684424, 25.415061161076924], [90.51973074340431, 25.41500916711462], [90.51965675007268, 25.414963601687795], [90.51957810167124, 25.41492491674214], [90.51949557883599, 25.41489349687823], [90.51941000262708, 25.41486965529439], [90.51932222374907, 25.41485362729533], [90.51923311446616, 25.41484557353736], [90.51914355961887, 25.41484557353736], [90.51905445033594, 25.41485362729533], [90.51896667145795, 25.41486965529439], [90.51888109524904, 25.41489349687823], [90.51879857241379, 25.41492491674214], [90.51871992401233, 25.414963601687795], [90.51864593068068, 25.41500916711462], [90.51857732724078, 25.415061161076924], [90.51851479731044, 25.41511906590708], [90.51845896072737, 25.415182306329772], [90.51841037354859, 25.415250254330555], [90.51836951727113, 25.415322234024586], [90.51833679973018, 25.415397529770694], [90.51831254431919, 25.415475394285593], [90.51829699358329, 25.415555052700952], [90.51829030113446, 25.4156357139228], [90.5182925334479, 25.41571657631151]], [[90.47602064407378, 25.415689155918194], [90.47610919819785, 25.415677099705988], [90.47619598353913, 25.415657140704493], [90.47628013771495, 25.41562947526244], [90.47636082349545, 25.415594380053452], [90.47643723958342, 25.415552202339615], [90.47650862690242, 25.41550336159473], [90.47657427488507, 25.41544834463623], [90.47663353135447, 25.415387696700655], [90.47668580881242, 25.41532202063246], [90.47673058623607, 25.415251970393566], [90.47676741895937, 25.415178240515694], [90.47679594046961, 25.415101564478128], [90.4768158686959, 25.415022704971378], [90.47682700421214, 25.41494244497224], [90.47682923652563, 25.4148615820644], [90.47682254407675, 25.414780920324684], [90.47680699334086, 25.41470126139794], [90.47678273792991, 25.41462339638312], [90.47675002038892, 25.41454810015362], [90.4767091641115, 25.414476119997506], [90.47666057693272, 25.41440817156049], [90.4766047403496, 25.414344930731794], [90.47654221041931, 25.414287025529905], [90.47647360697937, 25.414235031233808], [90.47639961364776, 25.414189465514465], [90.47632096524632, 25.414150780320462], [90.47623844241105, 25.414119360254837], [90.47615286620211, 25.41409551851796], [90.47606508732414, 25.41407949041598], [90.47597597804123, 25.414071436606307], [90.47588642319391, 25.414071436606307], [90.47579731391097, 25.41407949041598], [90.47570953503299, 25.41409551851796], [90.4756239588241, 25.414119360254837], [90.47554143598884, 25.414150780320462], [90.4754627875874, 25.414189465514465], [90.47538879425575, 25.414235031233808], [90.47532019081581, 25.414287025529905], [90.47525766088552, 25.414344930731794], [90.4752018243024, 25.41440817156049], [90.47515323712362, 25.414476119997506], [90.4751123808462, 25.41454810015362], [90.47507966330524, 25.41462339638312], [90.47505540789425, 25.41470126139794], [90.47503985715836, 25.414780920324684], [90.47503316470949, 25.4148615820644], [90.47503539702298, 25.41494244497224], [90.47504653253922, 25.415022704971378], [90.4750664607655, 25.415101564478128], [90.47509498227579, 25.415178240515694], [90.47513181499907, 25.415251970393566], [90.47517659242268, 25.41532202063246], [90.47522886988068, 25.415387696700655], [90.47528812635008, 25.41544834463623], [90.47535377433273, 25.41550336159473], [90.4754251616517, 25.415552202339615], [90.47550157773966, 25.415594380053452], [90.4755822635202, 25.41562947526244], [90.47566641769598, 25.415657140704493], [90.47575320303727, 25.415677099705988], [90.47584175716135, 25.415689155918194], [90.47593120061758, 25.41569318763731], [90.47602064407378, 25.415689155918194]], [[90.37347252587227, 25.41464510570542], [90.3734658334234, 25.414564443820886], [90.37345028268751, 25.414484784751124], [90.37342602727655, 25.414406919596537], [90.37339330973556, 25.414331623231874], [90.37335245345814, 25.414259642946526], [90.37330386627937, 25.41419169438753], [90.37324802969624, 25.414128453445315], [90.37318549976595, 25.414070548139474], [90.37311689632601, 25.414018553750033], [90.37304290299438, 25.4139729879489], [90.37296425459294, 25.41393430268543], [90.37288173175769, 25.413902882563423], [90.37279615554876, 25.41387904078371], [90.37270837667079, 25.41386301265299], [90.37261926738788, 25.41385495882885], [90.37252971254057, 25.41385495882885], [90.37244060325762, 25.41386301265299], [90.37235282437963, 25.41387904078371], [90.37226724817071, 25.413902882563423], [90.37218472533546, 25.41393430268543], [90.37210607693403, 25.4139729879489], [90.37203208360239, 25.414018553750033], [90.37196348016245, 25.414070548139474], [90.37190095023216, 25.414128453445315], [90.37184511364903, 25.41419169438753], [90.37179652647026, 25.414259642946526], [90.37175567019284, 25.414331623231874], [90.3717229526519, 25.414406919596537], [90.37169869724089, 25.414484784751124], [90.371683146505, 25.414564443820886], [90.37167645405613, 25.41464510570542], [90.3716786863696, 25.414725968758436], [90.37168982188587, 25.41480622890164], [90.37170975011215, 25.414885088549976], [90.37173827162242, 25.414961764725184], [90.37177510434567, 25.415035494735427], [90.37181988176933, 25.41510554510008], [90.37187215922732, 25.415171221286172], [90.37193141569672, 25.415231869330636], [90.37199706367934, 25.4152868863879], [90.37206845099836, 25.415335727220466], [90.3721448670863, 25.415377905010015], [90.3722255528668, 25.415413000282015], [90.37230970704262, 25.415440665773737], [90.3723964923839, 25.41546062481107], [90.37248504650799, 25.415472681044914], [90.37257448996422, 25.41547671277127], [90.37266393342041, 25.415472681044914], [90.37275248754449, 25.41546062481107], [90.37283927288577, 25.415440665773737], [90.3729234270616, 25.415413000282015], [90.3730041128421, 25.415377905010015], [90.37308052893005, 25.415335727220466], [90.37315191624906, 25.4152868863879], [90.37321756423171, 25.415231869330636], [90.37327682070111, 25.415171221286172], [90.37332909815906, 25.41510554510008], [90.37337387558271, 25.415035494735427], [90.37341070830598, 25.414961764725184], [90.37343922981626, 25.414885088549976], [90.37345915804252, 25.41480622890164], [90.37347029355878, 25.414725968758436], [90.37347252587227, 25.41464510570542]], [[90.4016374894169, 25.414730233376023], [90.40154971053892, 25.414746261391517], [90.40146413433, 25.41477010299976], [90.40138161149474, 25.41480152289582], [90.40130296309329, 25.414840207881067], [90.40122896976168, 25.414885773354516], [90.40116036632173, 25.41493776737], [90.40109783639144, 25.414995672259444], [90.40104199980833, 25.41505891274684], [90.40099341262955, 25.415126860817136], [90.40095255635212, 25.415198840584818], [90.40091983881113, 25.415274136407998], [90.40089558340017, 25.415352001002574], [90.40088003266429, 25.415431659499433], [90.40087334021541, 25.41551232080386], [90.4008755725289, 25.415593183275316], [90.40088670804515, 25.415673442841335], [90.40090663627143, 25.415752301922517], [90.40093515778167, 25.415828977546294], [90.40097199050496, 25.415902707026227], [90.40101676792861, 25.415972756887115], [90.40106904538656, 25.41603843260086], [90.40112830185598, 25.41609908020914], [90.40119394983861, 25.41615409687069], [90.40126533715764, 25.416202937351997], [90.40134175324559, 25.41624511483821], [90.40142243902608, 25.416280209857828], [90.4015065932019, 25.416307875150547], [90.4015933785432, 25.416327834044324], [90.40168193266727, 25.416339890191466], [90.40177137612346, 25.416343921888828], [90.40186081957971, 25.416339890191466], [90.40194937370377, 25.416327834044324], [90.40203615904505, 25.416307875150547], [90.40212031322086, 25.416280209857828], [90.40220099900138, 25.41624511483821], [90.40227741508934, 25.416202937351997], [90.40234880240833, 25.41615409687069], [90.40241445039098, 25.41609908020914], [90.40247370686038, 25.41603843260086], [90.40252598431834, 25.415972756887115], [90.40257076174197, 25.415902707026227], [90.40260759446527, 25.415828977546294], [90.40263611597554, 25.415752301922517], [90.40265604420182, 25.415673442841335], [90.40266717971807, 25.415593183275316], [90.40266941203157, 25.41551232080386], [90.4026627195827, 25.415431659499433], [90.4026471688468, 25.415352001002574], [90.40262291343579, 25.415274136407998], [90.40259019589485, 25.415198840584818], [90.40254933961742, 25.415126860817136], [90.40250075243866, 25.41505891274684], [90.40244491585553, 25.414995672259444], [90.40238238592524, 25.41493776737], [90.40231378248531, 25.414885773354516], [90.40223978915365, 25.414840207881067], [90.4021611407522, 25.41480152289582], [90.40207861791694, 25.41477010299976], [90.40199304170804, 25.414746261391517], [90.40190526283007, 25.414730233376023], [90.40181615354712, 25.414722179609846], [90.40172659869982, 25.414722179609846], [90.4016374894169, 25.414730233376023]], [[90.32883192462099, 25.416179062760868], [90.32879106834352, 25.41610708357832], [90.32874248116475, 25.416039136060398], [90.32868664458162, 25.415975896087055], [90.32862411465133, 25.41591799166836], [90.3285555112114, 25.415865998075546], [90.32848151787978, 25.415820432972502], [90.32840286947834, 25.41578174830174], [90.32832034664307, 25.41575032866109], [90.3282347704342, 25.41572648724667], [90.32814699155617, 25.415710459361463], [90.32805788227326, 25.415702405660753], [90.32796832742595, 25.415702405660753], [90.32787921814304, 25.415710459361463], [90.32779143926503, 25.41572648724667], [90.32770586305614, 25.41575032866109], [90.32762334022087, 25.41578174830174], [90.32754469181943, 25.415820432972502], [90.32747069848782, 25.415865998075546], [90.32740209504787, 25.41591799166836], [90.32733956511755, 25.415975896087055], [90.32728372853445, 25.416039136060398], [90.32723514135569, 25.41610708357832], [90.32719428507824, 25.416179062760868], [90.32716156753727, 25.416254357971958], [90.32713731212628, 25.416332221933555], [90.3271217613904, 25.41641187978284], [90.32711506894155, 25.416492540431538], [90.327117301255, 25.416573402245636], [90.32712843677129, 25.416653661159195], [90.32714836499753, 25.416732519599304], [90.32717688650781, 25.41680919459972], [90.3272137192311, 25.416882923480305], [90.32725849665476, 25.4169529727717], [90.32731077411272, 25.41701864795157], [90.32737003058212, 25.417079295066785], [90.32743567856477, 25.417134311281103], [90.32750706588376, 25.41718315136537], [90.32758348197173, 25.417225328508696], [90.32766416775223, 25.417260423243004], [90.32774832192804, 25.41728808831081], [90.32783510726934, 25.417308047042336], [90.3279236613934, 25.41732010309147], [90.3280131048496, 25.417324134756043], [90.3281025483058, 25.41732010309147], [90.32819110242988, 25.417308047042336], [90.32827788777116, 25.41728808831081], [90.32836204194699, 25.417260423243004], [90.32844272772749, 25.417225328508696], [90.32851914381544, 25.41718315136537], [90.32859053113445, 25.417134311281103], [90.3286561791171, 25.417079295066785], [90.3287154355865, 25.41701864795157], [90.32876771304446, 25.4169529727717], [90.32881249046811, 25.416882923480305], [90.32884932319139, 25.41680919459972], [90.32887784470168, 25.416732519599304], [90.32889777292792, 25.416653661159195], [90.32890890844418, 25.416573402245636], [90.32891114075765, 25.416492540431538], [90.32890444830882, 25.41641187978284], [90.32888889757294, 25.416332221933555], [90.32886464216193, 25.416254357971958], [90.32883192462099, 25.416179062760868]], [[90.43438287456037, 25.413088842638263], [90.43444852254302, 25.413143860673244], [90.43451990986203, 25.413192702373834], [90.43459632594998, 25.41323488091295], [90.43467701173047, 25.413269976808657], [90.4347611659063, 25.413297642792013], [90.43484795124759, 25.413317602184083], [90.43493650537167, 25.413329658632183], [90.43502594882786, 25.4133336904302], [90.43511539228406, 25.413329658632183], [90.43520394640817, 25.413317602184083], [90.43529073174942, 25.413297642792013], [90.43537488592526, 25.413269976808657], [90.43545557170573, 25.41323488091295], [90.43553198779371, 25.413192702373834], [90.4356033751127, 25.413143860673244], [90.43566902309536, 25.413088842638263], [90.43572827956477, 25.413028193515988], [90.43578055702272, 25.412962516162718], [90.43582533444636, 25.41289246455316], [90.43586216716966, 25.41281873323263], [90.43589068867993, 25.412742055694768], [90.43591061690618, 25.412663194644978], [90.43592175242246, 25.412582933075438], [90.43592398473592, 25.412502068585358], [90.43591729228709, 25.412421405267388], [90.43590174155119, 25.412341744781983], [90.43587748614019, 25.412263878243653], [90.43584476859924, 25.412188580540878], [90.43580391232179, 25.412116598976375], [90.435755325143, 25.41204864920986], [90.43569948855993, 25.411985407143792], [90.43563695862959, 25.411927500808915], [90.43556835518969, 25.411875505495484], [90.43549436185805, 25.411829938884605], [90.43541571345659, 25.41179125293368], [90.43533319062134, 25.411759832253292], [90.43524761441243, 25.411735990049905], [90.43515983553442, 25.411719961634347], [90.43507072625151, 25.411711907667097], [90.43498117140422, 25.411711907667097], [90.43489206212129, 25.411719961634347], [90.4348042832433, 25.411735990049905], [90.43471870703439, 25.411759832253292], [90.43463618419914, 25.41179125293368], [90.4345575357977, 25.411829938884605], [90.43448354246607, 25.411875505495484], [90.43441493902613, 25.411927500808915], [90.43435240909584, 25.411985407143792], [90.43429657251272, 25.41204864920986], [90.43424798533394, 25.412116598976375], [90.43420712905647, 25.412188580540878], [90.43417441151553, 25.412263878243653], [90.43415015610455, 25.412341744781983], [90.43413460536866, 25.412421405267388], [90.4341279129198, 25.412502068585358], [90.4341301452333, 25.412582933075438], [90.43414128074954, 25.412663194644978], [90.4341612089758, 25.412742055694768], [90.43418973048607, 25.41281873323263], [90.43422656320935, 25.41289246455316], [90.434271340633, 25.412962516162718], [90.43432361809096, 25.413028193515988], [90.43438287456037, 25.413088842638263]], [[90.36028193193822, 25.41307665390919], [90.36037048606228, 25.413064597435785], [90.36045727140356, 25.41304463800189], [90.36054142557938, 25.413016971960452], [90.36062211135989, 25.41298187599112], [90.36069852744785, 25.412939697363512], [90.36076991476685, 25.41289085556048], [90.3608355627495, 25.412835837410032], [90.3608948192189, 25.412775188160523], [90.36094709667685, 25.412709510669462], [90.3609918741005, 25.412639458912935], [90.3610287068238, 25.412565727437727], [90.36105722833405, 25.41248904973898], [90.36107715656033, 25.41241018852376], [90.36108829207657, 25.41232992678583], [90.36109052439006, 25.412249062126126], [90.3610838319412, 25.412168398638897], [90.36106828120533, 25.4120887379864], [90.36104402579434, 25.412010871284718], [90.36101130825335, 25.411935573423946], [90.36097045197593, 25.411863591708418], [90.36092186479716, 25.411795641799365], [90.36086602821403, 25.411732399600627], [90.36080349828374, 25.411674493144254], [90.3607348948438, 25.411622497721755], [90.36066090151219, 25.41157693101527], [90.36058225311073, 25.411538244983188], [90.36049973027548, 25.411506824236913], [90.36041415406655, 25.4114829819835], [90.36032637518858, 25.411466953534294], [90.36023726590567, 25.411458899550134], [90.36014771105835, 25.411458899550134], [90.3600586017754, 25.411466953534294], [90.35997082289742, 25.4114829819835], [90.35988524668853, 25.411506824236913], [90.35980272385328, 25.411538244983188], [90.35972407545184, 25.41157693101527], [90.35965008212018, 25.411622497721755], [90.35958147868024, 25.411674493144254], [90.35951894874995, 25.411732399600627], [90.35946311216684, 25.411795641799365], [90.3594145249881, 25.411863591708418], [90.35937366871063, 25.411935573423946], [90.35934095116968, 25.412010871284718], [90.35931669575868, 25.4120887379864], [90.3593011450228, 25.412168398638897], [90.35929445257392, 25.412249062126126], [90.35929668488741, 25.41232992678583], [90.3593078204037, 25.41241018852376], [90.35932774862994, 25.41248904973898], [90.35935627014022, 25.412565727437727], [90.3593931028635, 25.412639458912935], [90.35943788028716, 25.412709510669462], [90.35949015774511, 25.412775188160523], [90.35954941421451, 25.412835837410032], [90.35961506219716, 25.41289085556048], [90.35968644951615, 25.412939697363512], [90.3597628656041, 25.41298187599112], [90.35984355138463, 25.413016971960452], [90.35992770556041, 25.41304463800189], [90.3600144909017, 25.413064597435785], [90.36010304502581, 25.41307665390919], [90.36019248848201, 25.41308068571567], [90.36028193193822, 25.41307665390919]], [[90.37005208712172, 25.409663718301445], [90.37002783171073, 25.409741586518535], [90.37001228097486, 25.4098212487214], [90.37000558852598, 25.409901913778434], [90.37000782083949, 25.409982780011916], [90.37001895635574, 25.410063043311908], [90.37003888458197, 25.410141906061934], [90.37006740609225, 25.410218585252956], [90.37010423881554, 25.41029231816309], [90.37014901623921, 25.410362371283007], [90.37020129369715, 25.410428050052285], [90.37026055016656, 25.410488700482162], [90.37032619814921, 25.410543719703337], [90.37039758546821, 25.41059256245697], [90.37047400155618, 25.410634741905483], [90.37055468733668, 25.410669838557855], [90.37063884151249, 25.41069750513771], [90.37072562685378, 25.41071746496007], [90.37081418097785, 25.410729521668145], [90.37090362443405, 25.410733553553083], [90.37099306789024, 25.410729521668145], [90.37108162201436, 25.41071746496007], [90.37116840735561, 25.41069750513771], [90.37125256153143, 25.410669838557855], [90.37133324731197, 25.410634741905483], [90.37140966339992, 25.41059256245697], [90.3714810507189, 25.410543719703337], [90.37154669870155, 25.410488700482162], [90.37160595517095, 25.410428050052285], [90.3716582326289, 25.410362371283007], [90.37170301005256, 25.41029231816309], [90.37173984277584, 25.410218585252956], [90.37176836428613, 25.410141906061934], [90.37178829251236, 25.410063043311908], [90.37179942802865, 25.409982780011916], [90.3718016603421, 25.409901913778434], [90.37179496789327, 25.4098212487214], [90.37177941715738, 25.409741586518535], [90.37175516174638, 25.409663718301445], [90.37172244420543, 25.409588418975265], [90.37168158792797, 25.409516435858905], [90.37163300074923, 25.409448484627443], [90.37157716416611, 25.409385241197906], [90.37151463423582, 25.409327333614584], [90.37144603079588, 25.4092753371802], [90.37137203746423, 25.409229769586947], [90.37129338906279, 25.40919108280198], [90.37121086622751, 25.409159661444185], [90.37112529001864, 25.40913581872678], [90.37103751114061, 25.409119789965636], [90.3709484018577, 25.40911173582478], [90.3708588470104, 25.40911173582478], [90.37076973772749, 25.409119789965636], [90.37068195884952, 25.40913581872678], [90.37059638264058, 25.409159661444185], [90.37051385980531, 25.40919108280198], [90.37043521140387, 25.409229769586947], [90.37036121807225, 25.4092753371802], [90.37029261463232, 25.409327333614584], [90.37023008470202, 25.409385241197906], [90.3701742481189, 25.409448484627443], [90.37012566094013, 25.409516435858905], [90.37008480466268, 25.409588418975265], [90.37005208712172, 25.409663718301445]], [[90.39117332369264, 25.40916312620026], [90.3912256011506, 25.40922880562258], [90.39128485762001, 25.409289456655515], [90.39135050560266, 25.409344476423758], [90.39142189292167, 25.409393319663035], [90.39149830900962, 25.409435499530947], [90.39157899479011, 25.40947059653229], [90.39166314896593, 25.409498263387224], [90.39174993430721, 25.4095182234081], [90.39183848843129, 25.409530280236023], [90.3919279318875, 25.409534312161046], [90.39201737534373, 25.409530280236023], [90.3921059294678, 25.4095182234081], [90.3921927148091, 25.409498263387224], [90.39227686898491, 25.40947059653229], [90.39235755476541, 25.409435499530947], [90.39243397085336, 25.409393319663035], [90.39250535817237, 25.409344476423758], [90.39257100615502, 25.409289456655515], [90.3926302626244, 25.40922880562258], [90.39268254008238, 25.40916312620026], [90.39272731750604, 25.4090930723838], [90.39276415022928, 25.409019338740535], [90.39279267173957, 25.40894265878708], [90.39281259996584, 25.408863795252934], [90.3928237354821, 25.408783531154878], [90.39282596779559, 25.408702664117367], [90.39281927534671, 25.40862199825827], [90.39280372461083, 25.408542335263345], [90.39277946919982, 25.408464466272005], [90.39274675165888, 25.408389166197175], [90.39270589538145, 25.408317182365074], [90.39265730820267, 25.408249230457987], [90.39260147161956, 25.40818598639964], [90.39253894168927, 25.408128078240587], [90.39247033824932, 25.4080760812892], [90.39239634491767, 25.40803051324287], [90.39231769651626, 25.407991826073257], [90.392235173681, 25.40796040440306], [90.39214959747207, 25.40793656144859], [90.3920618185941, 25.40792053252811], [90.39197270931115, 25.40791247830714], [90.39188315446384, 25.40791247830714], [90.39179404518093, 25.40792053252811], [90.39170626630295, 25.40793656144859], [90.39162069009403, 25.40796040440306], [90.39153816725877, 25.407991826073257], [90.39145951885735, 25.40803051324287], [90.3913855255257, 25.4080760812892], [90.39131692208576, 25.408128078240587], [90.39125439215546, 25.40818598639964], [90.39119855557234, 25.408249230457987], [90.39114996839358, 25.408317182365074], [90.39110911211615, 25.408389166197175], [90.39107639457521, 25.408464466272005], [90.3910521391642, 25.408542335263345], [90.39103658842832, 25.40862199825827], [90.39102989597944, 25.408702664117367], [90.39103212829292, 25.408783531154878], [90.39104326380918, 25.408863795252934], [90.39106319203546, 25.40894265878708], [90.39109171354573, 25.409019338740535], [90.39112854626899, 25.4090930723838], [90.39117332369264, 25.40916312620026]], [[90.42098549114287, 25.407960803624846], [90.42092965455974, 25.408024047801252], [90.42088106738096, 25.408091999835193], [90.42084021110354, 25.408163983801654], [90.42080749356255, 25.4082392840171], [90.42078323815159, 25.408317153153806], [90.4207676874157, 25.408396816297415], [90.42076099496683, 25.408477482307127], [90.42076322728032, 25.408558349495628], [90.42077436279658, 25.408638613743513], [90.42079429102284, 25.408717477424894], [90.42082281253309, 25.4087941575215], [90.42085964525639, 25.40886789130243], [90.42090442268004, 25.40893794524966], [90.42095670013799, 25.40900362479461], [90.42101595660739, 25.409064275940775], [90.42108160459004, 25.40911929581175], [90.42115299190905, 25.40916813914221], [90.421229407997, 25.40921031908883], [90.4213100937775, 25.409245416155734], [90.42139424795333, 25.40927308306233], [90.42148103329463, 25.409293043120435], [90.42156958741869, 25.409305099970872], [90.42165903087488, 25.409309131903456], [90.42174847433112, 25.409305099970872], [90.4218370284552, 25.409293043120435], [90.42192381379648, 25.40927308306233], [90.42200796797228, 25.409245416155734], [90.4220886537528, 25.40921031908883], [90.42216506984076, 25.40916813914221], [90.42223645715973, 25.40911929581175], [90.42230210514238, 25.409064275940775], [90.42236136161179, 25.40900362479461], [90.42241363906975, 25.40893794524966], [90.42245841649338, 25.40886789130243], [90.42249524921668, 25.4087941575215], [90.42252377072695, 25.408717477424894], [90.4225436989532, 25.408638613743513], [90.4225548344695, 25.408558349495628], [90.42255706678297, 25.408477482307127], [90.42255037433411, 25.408396816297415], [90.42253482359821, 25.408317153153806], [90.4225105681872, 25.4082392840171], [90.42247785064626, 25.408163983801654], [90.42243699436881, 25.408091999835193], [90.42238840719007, 25.408024047801252], [90.42233257060695, 25.407960803624846], [90.42227004067665, 25.40790289535765], [90.42220143723671, 25.407850898309217], [90.42212744390507, 25.407805330177816], [90.42204879550363, 25.40776664293598], [90.42196627266836, 25.40773522120713], [90.42188069645947, 25.407711378208145], [90.42179291758148, 25.407695349257708], [90.42170380829855, 25.407687295021724], [90.42161425345124, 25.407687295021724], [90.42152514416831, 25.407695349257708], [90.42143736529034, 25.407711378208145], [90.42135178908141, 25.40773522120713], [90.42126926624616, 25.40776664293598], [90.42119061784472, 25.407805330177816], [90.42111662451309, 25.407850898309217], [90.42104802107315, 25.40790289535765], [90.42098549114287, 25.407960803624846]], [[90.55528416241293, 25.408793387483193], [90.55534981039558, 25.408848407477738], [90.5554211977146, 25.40889725091789], [90.55549761380254, 25.408939430959283], [90.55557829958305, 25.408974528104984], [90.55566245375887, 25.409002195073718], [90.55574923910015, 25.409022155176665], [90.55583779322423, 25.409034212054177], [90.55592723668043, 25.40903824399579], [90.55601668013665, 25.409034212054177], [90.55610523426074, 25.409022155176665], [90.55619201960202, 25.409002195073718], [90.55627617377785, 25.408974528104984], [90.55635685955835, 25.408939430959283], [90.5564332756463, 25.40889725091789], [90.55650466296531, 25.408848407477738], [90.55657031094796, 25.408793387483193], [90.55662956741732, 25.408732736200825], [90.55668184487531, 25.408667056508374], [90.55672662229897, 25.408597002403795], [90.55676345502222, 25.40852326845727], [90.5567919765325, 25.40844658818846], [90.55681190475877, 25.40836772432996], [90.55682304027503, 25.4082874599018], [90.55682527258851, 25.4082065925317], [90.55681858013963, 25.40812592634085], [90.55680302940375, 25.40804626301829], [90.55677877399276, 25.40796839370672], [90.5567460564518, 25.407893093322194], [90.55670520017438, 25.407821109194035], [90.55665661299561, 25.4077531570075], [90.55660077641248, 25.40768991268905], [90.55653824648219, 25.407632004291838], [90.55646964304225, 25.4075800071266], [90.55639564971061, 25.407534438892874], [90.55631700130918, 25.40749575156416], [90.55623447847393, 25.407464329764725], [90.55614890226501, 25.407440486712204], [90.55606112338702, 25.4074244577258], [90.55597201410409, 25.407416403471704], [90.55588245925681, 25.407416403471704], [90.55579334997385, 25.4074244577258], [90.55570557109588, 25.407440486712204], [90.55561999488695, 25.407464329764725], [90.5555374720517, 25.40749575156416], [90.55545882365028, 25.407534438892874], [90.55538483031863, 25.4075800071266], [90.55531622687869, 25.407632004291838], [90.5552536969484, 25.40768991268905], [90.55519786036528, 25.4077531570075], [90.55514927318652, 25.407821109194035], [90.55510841690909, 25.407893093322194], [90.55507569936813, 25.40796839370672], [90.55505144395714, 25.40804626301829], [90.55503589322126, 25.40812592634085], [90.55502920077238, 25.4082065925317], [90.55503143308586, 25.4082874599018], [90.55504256860212, 25.40836772432996], [90.55506249682838, 25.40844658818846], [90.55509101833866, 25.40852326845727], [90.55512785106193, 25.408597002403795], [90.55517262848558, 25.408667056508374], [90.55522490594353, 25.408732736200825], [90.55528416241293, 25.408793387483193]], [[90.42684063290965, 25.40873015182439], [90.42692918703372, 25.40871809491647], [90.427015972375, 25.40869813476323], [90.42710012655078, 25.408670467724754], [90.42718081233133, 25.408635370490543], [90.42725722841928, 25.40859319034283], [90.42732861573825, 25.408544346779582], [90.4273942637209, 25.408489326646315], [90.4274535201903, 25.408428675211038], [90.42750579764827, 25.40836299535302], [90.4275505750719, 25.40829294107188], [90.42758740779522, 25.40821920693946], [90.42761592930547, 25.408142526477373], [90.42763585753175, 25.408063662420073], [90.42764699304801, 25.407983397789593], [90.42764922536149, 25.407902530215623], [90.42764253291263, 25.407821863821408], [90.42762698217673, 25.407742200298063], [90.42760272676574, 25.40766433079019], [90.42757000922478, 25.40758903021582], [90.42752915294736, 25.407517045906218], [90.42748056576859, 25.40744909354837], [90.42742472918547, 25.407385849070508], [90.42736219925517, 25.40732794052732], [90.42729359581523, 25.40727594323102], [90.42721960248359, 25.40723037488245], [90.42714095408215, 25.407191687456205], [90.42705843124689, 25.407160265577563], [90.42697285503799, 25.407136422464944], [90.42688507616, 25.40712039343811], [90.42679596687707, 25.407112339163703], [90.42670641202976, 25.407112339163703], [90.42661730274683, 25.40712039343811], [90.42652952386887, 25.407136422464944], [90.42644394765993, 25.407160265577563], [90.42636142482468, 25.407191687456205], [90.42628277642324, 25.40723037488245], [90.42620878309161, 25.40727594323102], [90.42614017965167, 25.40732794052732], [90.42607764972139, 25.407385849070508], [90.42602181313828, 25.40744909354837], [90.4259732259595, 25.407517045906218], [90.42593236968207, 25.40758903021582], [90.42589965214107, 25.40766433079019], [90.42587539673012, 25.407742200298063], [90.42585984599424, 25.407821863821408], [90.42585315354536, 25.407902530215623], [90.42585538585884, 25.407983397789593], [90.4258665213751, 25.408063662420073], [90.42588644960136, 25.408142526477373], [90.42591497111162, 25.40821920693946], [90.4259518038349, 25.40829294107188], [90.42599658125856, 25.40836299535302], [90.42604885871651, 25.408428675211038], [90.42610811518591, 25.408489326646315], [90.42617376316856, 25.408544346779582], [90.42624515048757, 25.40859319034283], [90.42632156657552, 25.408635370490543], [90.42640225235603, 25.408670467724754], [90.42648640653185, 25.40869813476323], [90.42657319187315, 25.40871809491647], [90.42666174599722, 25.40873015182439], [90.42675118945341, 25.408734183776154], [90.42684063290965, 25.40873015182439]], [[90.43667072548553, 25.407117013823754], [90.43675751082681, 25.40713697423864], [90.43684606495088, 25.40714903130459], [90.43693550840712, 25.40715306330922], [90.43702495186331, 25.40714903130459], [90.43711350598738, 25.40713697423864], [90.43720029132868, 25.407117013823754], [90.4372844455045, 25.40708934642258], [90.437365131285, 25.40705424872836], [90.43744154737296, 25.407012068027726], [90.43751293469197, 25.406963223824217], [90.43757858267462, 25.406908202969753], [90.43763783914402, 25.406847550739453], [90.43769011660197, 25.406781870020495], [90.43773489402562, 25.406711814821094], [90.43777172674888, 25.406638079722168], [90.43780024825917, 25.406561398254922], [90.43782017648543, 25.406482533163878], [90.43783131200168, 25.406402267481333], [90.43783354431517, 25.406321398847375], [90.43782685186629, 25.4062407313958], [90.43781130113041, 25.406161066828243], [90.43778704571942, 25.40608319629964], [90.43775432817846, 25.406007894738295], [90.43771347190103, 25.405935909485137], [90.43766488472225, 25.405867956236605], [90.43760904813914, 25.405804710929765], [90.43754651820886, 25.405746801627533], [90.43747791476892, 25.405694803649673], [90.43740392143725, 25.405649234703784], [90.43732527303585, 25.405610546770458], [90.4372427502006, 25.40557912447996], [90.43715717399166, 25.405555281054845], [90.43706939511368, 25.405539251817903], [90.43698028583077, 25.405531197437927], [90.43689073098346, 25.405531197437927], [90.43680162170052, 25.405539251817903], [90.43671384282254, 25.405555281054845], [90.43662826661362, 25.40557912447996], [90.43654574377835, 25.405610546770458], [90.43646709537694, 25.405649234703784], [90.43639310204529, 25.405694803649673], [90.43632449860536, 25.405746801627533], [90.43626196867505, 25.405804710929765], [90.43620613209194, 25.405867956236605], [90.43615754491317, 25.405935909485137], [90.43611668863575, 25.406007894738295], [90.43608397109479, 25.40608319629964], [90.4360597156838, 25.406161066828243], [90.4360441649479, 25.4062407313958], [90.43603747249902, 25.406321398847375], [90.43603970481252, 25.406402267481333], [90.43605084032876, 25.406482533163878], [90.43607076855506, 25.406561398254922], [90.43609929006531, 25.406638079722168], [90.43613612278858, 25.406711814821094], [90.43618090021224, 25.406781870020495], [90.43623317767022, 25.406847550739453], [90.43629243413959, 25.406908202969753], [90.43635808212224, 25.406963223824217], [90.43642946944124, 25.407012068027726], [90.4365058855292, 25.40705424872836], [90.4365865713097, 25.40708934642258], [90.43667072548553, 25.407117013823754]], [[90.44265763303649, 25.405542669614277], [90.44272328101914, 25.405597691091547], [90.44279466833815, 25.405646535848003], [90.4428710844261, 25.4056887170261], [90.4429517702066, 25.40572381511765], [90.44303592438243, 25.40575148283198], [90.44312270972371, 25.405771443472847], [90.44321126384779, 25.405783500675298], [90.44330070730398, 25.40578753272556], [90.44339015076022, 25.405783500675298], [90.4434787048843, 25.405771443472847], [90.44356549022558, 25.40575148283198], [90.44364964440136, 25.40572381511765], [90.4437303301819, 25.4056887170261], [90.44380674626986, 25.405646535848003], [90.44387813358883, 25.405597691091547], [90.44394378157148, 25.405542669614277], [90.44400303804088, 25.4054820166974], [90.44405531549883, 25.40541633523493], [90.44410009292248, 25.405346279242476], [90.44413692564578, 25.405272543308893], [90.44416544715605, 25.405195860973638], [90.44418537538233, 25.40511699498985], [90.44419651089859, 25.405036728398674], [90.44419874321207, 25.404955858849313], [90.44419205076319, 25.404875190484628], [90.44417650002731, 25.404795525015256], [90.44415224461632, 25.404717653605232], [90.44411952707536, 25.404642351191484], [90.44407867079794, 25.404570365123494], [90.44403008361917, 25.40450241110575], [90.44397424703605, 25.404439165082994], [90.44391171710575, 25.404381255125273], [90.4438431136658, 25.40432925655881], [90.44376912033417, 25.40428368709711], [90.44369047193273, 25.404244998725847], [90.44360794909745, 25.404213576079673], [90.44352237288857, 25.40418973238463], [90.44343459401058, 25.404173702966283], [90.44334548472764, 25.40416564849514], [90.44325592988032, 25.40416564849514], [90.44316682059741, 25.404173702966283], [90.44307904171944, 25.40418973238463], [90.44299346551051, 25.404213576079673], [90.44291094267525, 25.404244998725847], [90.44283229427381, 25.40428368709711], [90.44275830094219, 25.40432925655881], [90.44268969750225, 25.404381255125273], [90.44262716757197, 25.404439165082994], [90.44257133098884, 25.40450241110575], [90.44252274381006, 25.404570365123494], [90.44248188753264, 25.404642351191484], [90.44244916999165, 25.404717653605232], [90.44242491458068, 25.404795525015256], [90.44240936384482, 25.404875190484628], [90.44240267139593, 25.404955858849313], [90.44240490370942, 25.405036728398674], [90.44241603922568, 25.40511699498985], [90.44243596745194, 25.405195860973638], [90.44246448896219, 25.405272543308893], [90.44250132168548, 25.405346279242476], [90.44254609910914, 25.40541633523493], [90.44259837656709, 25.4054820166974], [90.44265763303649, 25.405542669614277]], [[90.49754169652316, 25.404202537092136], [90.49761308384217, 25.404251382413445], [90.49768949993012, 25.404293564079364], [90.49777018571062, 25.40432866257685], [90.49785433988643, 25.40435633061116], [90.49794112522773, 25.404376291482833], [90.4980296793518, 25.40438834882472], [90.49811912280799, 25.40439238092162], [90.4982085662642, 25.40438834882472], [90.49829712038832, 25.404376291482833], [90.49838390572955, 25.40435633061116], [90.49846805990538, 25.40432866257685], [90.49854874568588, 25.404293564079364], [90.49862516177384, 25.404251382413445], [90.49869654909284, 25.404202537092136], [90.4987621970755, 25.404147514978515], [90.49882145354489, 25.404086861360195], [90.49887373100285, 25.404021179138134], [90.4989185084265, 25.403951122335528], [90.4989553411498, 25.40387738554919], [90.49898386266007, 25.403800702327143], [90.49900379088632, 25.403721835431302], [90.49901492640261, 25.403641567911873], [90.49901715871606, 25.403560697427274], [90.49901046626721, 25.40348002812967], [90.49899491553133, 25.403400361739045], [90.49897066012032, 25.403322489428465], [90.49893794257937, 25.403247186143858], [90.49889708630191, 25.403175199243385], [90.49884849912314, 25.40310724443983], [90.49879266254005, 25.403043997685636], [90.49873013260972, 25.402986087058217], [90.49866152916982, 25.402934087890475], [90.49858753583818, 25.402888517901783], [90.49850888743673, 25.402849829083117], [90.49842636460146, 25.40281840607356], [90.49834078839258, 25.402794562102788], [90.49825300951456, 25.40277853249904], [90.49816390023165, 25.40277047793476], [90.49807434538434, 25.40277047793476], [90.49798523610143, 25.40277853249904], [90.49789745722342, 25.402794562102788], [90.49781188101453, 25.40281840607356], [90.49772935817927, 25.402849829083117], [90.49765070977783, 25.402888517901783], [90.4975767164462, 25.402934087890475], [90.49750811300626, 25.402986087058217], [90.49744558307597, 25.403043997685636], [90.49738974649284, 25.40310724443983], [90.49734115931408, 25.403175199243385], [90.49730030303662, 25.403247186143858], [90.49726758549566, 25.403322489428465], [90.49724333008467, 25.403400361739045], [90.49722777934879, 25.40348002812967], [90.49722108689994, 25.403560697427274], [90.49722331921343, 25.403641567911873], [90.49723445472969, 25.403721835431302], [90.49725438295592, 25.403800702327143], [90.4972829044662, 25.40387738554919], [90.49731973718949, 25.403951122335528], [90.49736451461315, 25.404021179138134], [90.49741679207109, 25.404086861360195], [90.4974760485405, 25.404147514978515], [90.49754169652316, 25.404202537092136]], [[90.43508952619376, 25.40300460862712], [90.43517808031787, 25.402992551146944], [90.43526486565914, 25.40297259004632], [90.43534901983496, 25.40294492169467], [90.43542970561545, 25.40290982279461], [90.43550612170341, 25.402867640644917], [90.43557750902242, 25.40281879476335], [90.43564315700507, 25.402763772018677], [90.43570241347447, 25.402703117704682], [90.43575469093243, 25.402637434729286], [90.43579946835608, 25.402567377123134], [90.43583630107936, 25.40249363949111], [90.43586482258965, 25.402416955389526], [90.43588475081589, 25.402338087589122], [90.43589588633216, 25.40225781914909], [90.43589811864562, 25.40217694773695], [90.43589142619679, 25.402096277514136], [90.43587587546091, 25.402016610209788], [90.4358516200499, 25.401938737006084], [90.43581890250896, 25.401863432857816], [90.43577804623149, 25.401791445131735], [90.43572945905272, 25.40172348954878], [90.43567362246964, 25.40166024206924], [90.4356110925393, 25.401602330777607], [90.4355424890994, 25.401550331013475], [90.43546849576775, 25.401504760502153], [90.4353898473663, 25.40146607123976], [90.43530732453104, 25.40143464786982], [90.43522174832215, 25.401410803625573], [90.43513396944414, 25.401394773837985], [90.43504486016123, 25.401386719181346], [90.43495530531392, 25.401386719181346], [90.43486619603101, 25.401394773837985], [90.434778417153, 25.401410803625573], [90.43469284094411, 25.40143464786982], [90.43461031810884, 25.40146607123976], [90.43453166970738, 25.401504760502153], [90.43445767637577, 25.401550331013475], [90.43438907293584, 25.401602330777607], [90.43432654300554, 25.40166024206924], [90.43427070642242, 25.40172348954878], [90.43422211924366, 25.401791445131735], [90.43418126296619, 25.401863432857816], [90.43414854542524, 25.401938737006084], [90.43412429001424, 25.402016610209788], [90.43410873927837, 25.402096277514136], [90.43410204682951, 25.40217694773695], [90.434104279143, 25.40225781914909], [90.43411541465925, 25.402338087589122], [90.4341353428855, 25.402416955389526], [90.43416386439577, 25.40249363949111], [90.43420069711907, 25.402567377123134], [90.43424547454272, 25.402637434729286], [90.43429775200067, 25.402703117704682], [90.43435700847009, 25.402763772018677], [90.43442265645274, 25.40281879476335], [90.43449404377174, 25.402867640644917], [90.4345704598597, 25.40290982279461], [90.43465114564019, 25.40294492169467], [90.43473529981601, 25.40297259004632], [90.4348220851573, 25.402992551146944], [90.43491063928137, 25.40300460862712], [90.43500008273757, 25.40300864077029], [90.43508952619376, 25.40300460862712]], [[90.43336496207091, 25.4016149450645], [90.43345351619499, 25.40160288744545], [90.43354030153628, 25.401582926114873], [90.43362445571206, 25.401555257444542], [90.4337051414926, 25.40152015814026], [90.43378155758055, 25.40147797550467], [90.43385294489953, 25.401429129060496], [90.43391859288218, 25.40137410568208], [90.43397784935158, 25.401313450669484], [90.43403012680953, 25.401247766937562], [90.43407490423319, 25.401177708524514], [90.43411173695647, 25.401103970043156], [90.43414025846675, 25.40102728505836], [90.43416018669303, 25.400948416349575], [90.43417132220928, 25.40086814698503], [90.43417355452277, 25.40078727464145], [90.4341668620739, 25.400706603489528], [90.43415131133801, 25.400626935267578], [90.43412705592701, 25.400549061166956], [90.43409433838606, 25.400473756151403], [90.43405348210864, 25.40040176759618], [90.43400489492986, 25.40033381123054], [90.43394905834674, 25.40027056302255], [90.43388652841645, 25.400212651063942], [90.43381792497651, 25.400160650700887], [90.43374393164486, 25.400115079664722], [90.43366528324341, 25.400076389956734], [90.43358276040814, 25.40004496622486], [90.43349718419927, 25.400021121706004], [90.43340940532129, 25.400005091733817], [90.43332029603833, 25.39999703698439], [90.43323074119103, 25.39999703698439], [90.43314163190811, 25.400005091733817], [90.43305385303015, 25.400021121706004], [90.43296827682121, 25.40004496622486], [90.43288575398594, 25.400076389956734], [90.4328071055845, 25.400115079664722], [90.43273311225288, 25.400160650700887], [90.43266450881295, 25.400212651063942], [90.43260197888264, 25.40027056302255], [90.43254614229953, 25.40033381123054], [90.43249755512076, 25.40040176759618], [90.43245669884334, 25.400473756151403], [90.43242398130235, 25.400549061166956], [90.43239972589139, 25.400626935267578], [90.43238417515549, 25.400706603489528], [90.43237748270661, 25.40078727464145], [90.4323797150201, 25.40086814698503], [90.43239085053636, 25.400948416349575], [90.43241077876264, 25.40102728505836], [90.43243930027288, 25.401103970043156], [90.43247613299617, 25.401177708524514], [90.43252091041984, 25.401247766937562], [90.43257318787778, 25.401313450669484], [90.43263244434719, 25.40137410568208], [90.43269809232984, 25.401429129060496], [90.43276947964884, 25.40147797550467], [90.4328458957368, 25.40152015814026], [90.43292658151731, 25.401555257444542], [90.43301073569312, 25.401582926114873], [90.43309752103441, 25.40160288744545], [90.43318607515847, 25.4016149450645], [90.43327551861468, 25.401618977254085], [90.43336496207091, 25.4016149450645]], [[90.40437865269233, 25.400094752922353], [90.40446720681639, 25.400082695151387], [90.4045539921577, 25.400062733569353], [90.40463814633348, 25.400035064550423], [90.40471883211401, 25.39999996480389], [90.40479524820196, 25.39995778163688], [90.40486663552095, 25.399908934577283], [90.4049322835036, 25.39985391050562], [90.404991539973, 25.399793254728838], [90.40504381743095, 25.399727570169386], [90.4050885948546, 25.39965751087366], [90.40512542757789, 25.39958377146331], [90.40515394908817, 25.39950708551236], [90.40517387731444, 25.399428215809934], [90.4051850128307, 25.399347945434087], [90.40518724514419, 25.399267072071623], [90.40518055269531, 25.399186399903325], [90.40516500195943, 25.399106730677694], [90.40514074654843, 25.399028855595972], [90.40510802900748, 25.398953549631646], [90.40506717273006, 25.39888156016952], [90.40501858555128, 25.398813602947723], [90.40496274896816, 25.398750353942905], [90.40490021903787, 25.39869244125469], [90.40483161559793, 25.398640440236527], [90.40475762226627, 25.398594868626237], [90.40467897386482, 25.398556178430823], [90.40459645102956, 25.398524754303086], [90.40451087482067, 25.398500909483804], [90.4044230959427, 25.398484879309642], [90.40433398665975, 25.39847682445877], [90.40424443181244, 25.39847682445877], [90.40415532252953, 25.398484879309642], [90.40406754365155, 25.398500909483804], [90.40398196744263, 25.398524754303086], [90.40389944460736, 25.398556178430823], [90.40382079620592, 25.398594868626237], [90.40374680287431, 25.398640440236527], [90.40367819943437, 25.39869244125469], [90.40361566950406, 25.398750353942905], [90.40355983292095, 25.398813602947723], [90.40351124574218, 25.39888156016952], [90.40347038946476, 25.398953549631646], [90.40343767192377, 25.399028855595972], [90.4034134165128, 25.399106730677694], [90.40339786577691, 25.399186399903325], [90.40339117332805, 25.399267072071623], [90.40339340564152, 25.399347945434087], [90.40340454115778, 25.399428215809934], [90.40342446938406, 25.39950708551236], [90.40345299089431, 25.39958377146331], [90.40348982361759, 25.39965751087366], [90.40353460104124, 25.399727570169386], [90.4035868784992, 25.399793254728838], [90.40364613496861, 25.39985391050562], [90.40371178295126, 25.399908934577283], [90.40378317027026, 25.39995778163688], [90.40385958635822, 25.39999996480389], [90.40394027213871, 25.400035064550423], [90.40402442631454, 25.400062733569353], [90.40411121165582, 25.400082695151387], [90.4041997657799, 25.400094752922353], [90.4042892092361, 25.400098785162776], [90.40437865269233, 25.400094752922353]], [[90.51482846891392, 25.398532292231774], [90.51484839714018, 25.39861116251978], [90.51487691865047, 25.398687849040098], [90.51491375137373, 25.39876158899796], [90.51495852879738, 25.39883164881382], [90.51501080625533, 25.39889733386098], [90.51507006272473, 25.398957990088117], [90.51513571070738, 25.3990130145683], [90.5152070980264, 25.39906186199057], [90.51528351411436, 25.399104045470818], [90.51536419989485, 25.399139145477925], [90.51544835407067, 25.399166814702294], [90.51553513941197, 25.399186776432565], [90.51562369353603, 25.39919883429306], [90.51571313699223, 25.399202866563392], [90.51580258044847, 25.39919883429306], [90.51589113457254, 25.399186776432565], [90.51597791991382, 25.399166814702294], [90.51606207408965, 25.399139145477925], [90.51614275987014, 25.399104045470818], [90.51621917595811, 25.39906186199057], [90.51629056327711, 25.3990130145683], [90.51635621125973, 25.398957990088117], [90.51641546772913, 25.39889733386098], [90.51646774518711, 25.39883164881382], [90.51651252261077, 25.39876158899796], [90.51654935533402, 25.398687849040098], [90.5165778768443, 25.39861116251978], [90.51659780507059, 25.398532292231774], [90.51660894058683, 25.398452021259967], [90.51661117290033, 25.398371147297052], [90.51660448045145, 25.39829047452983], [90.51658892971555, 25.39821080471267], [90.51656467430458, 25.39813292905276], [90.51653195676361, 25.398057622529358], [90.51649110048619, 25.397985632532706], [90.51644251330741, 25.397917674806372], [90.5163866767243, 25.397854425331975], [90.51632414679399, 25.397796512213812], [90.51625554335406, 25.397744510809556], [90.51618155002241, 25.397698938860916], [90.516102901621, 25.397660248378248], [90.51602037878574, 25.397628824017197], [90.51593480257681, 25.3976049790209], [90.51584702369883, 25.39758894872776], [90.51575791441589, 25.397580893817043], [90.51566835956858, 25.397580893817043], [90.51557925028567, 25.39758894872776], [90.51549147140769, 25.3976049790209], [90.51540589519875, 25.397628824017197], [90.5153233723635, 25.397660248378248], [90.51524472396206, 25.397698938860916], [90.51517073063043, 25.397744510809556], [90.5151021271905, 25.397796512213812], [90.51503959726021, 25.397854425331975], [90.5149837606771, 25.397917674806372], [90.5149351734983, 25.397985632532706], [90.51489431722088, 25.398057622529358], [90.5148615996799, 25.39813292905276], [90.51483734426894, 25.39821080471267], [90.51482179353306, 25.39829047452983], [90.51481510108418, 25.398371147297052], [90.51481733339767, 25.398452021259967], [90.51482846891392, 25.398532292231774]], [[90.5060079650381, 25.398506936419754], [90.50609651916216, 25.398494878490116], [90.50618330450344, 25.39847491664541], [90.50626745867925, 25.39844724726239], [90.50634814445976, 25.398412147054003], [90.50642456054773, 25.398369963331884], [90.50649594786671, 25.398321115629575], [90.50656159584935, 25.39826609083388], [90.50662085231876, 25.398205434258955], [90.50667312977671, 25.39813974883519], [90.50671790720037, 25.398069688617603], [90.50675473992365, 25.39799594823693], [90.50678326143392, 25.397919261276957], [90.50680318966018, 25.397840390536754], [90.50681432517645, 25.397760119104667], [90.50681655748996, 25.397679244678066], [90.50680986504108, 25.397598571448267], [90.50679431430518, 25.397518901174347], [90.50677005889419, 25.39744102506793], [90.50673734135324, 25.39736571811272], [90.50669648507578, 25.39729372770331], [90.50664789789704, 25.39722576958737], [90.50659206131391, 25.39716251975034], [90.50652953138362, 25.397104606300104], [90.50646092794369, 25.397052604597715], [90.50638693461204, 25.397007032387798], [90.50630828621058, 25.396968341683305], [90.50622576337533, 25.39693691714208], [90.50614018716642, 25.396913072009085], [90.50605240828845, 25.396897041623987], [90.5059632990055, 25.396888986667125], [90.50587374415821, 25.396888986667125], [90.5057846348753, 25.396897041623987], [90.50569685599731, 25.396913072009085], [90.50561127978838, 25.39693691714208], [90.50552875695313, 25.396968341683305], [90.50545010855167, 25.397007032387798], [90.50537611522006, 25.397052604597715], [90.50530751178013, 25.397104606300104], [90.50524498184983, 25.39716251975034], [90.50518914526671, 25.39722576958737], [90.50514055808793, 25.39729372770331], [90.50509970181051, 25.39736571811272], [90.50506698426953, 25.39744102506793], [90.50504272885853, 25.397518901174347], [90.50502717812267, 25.397598571448267], [90.5050204856738, 25.397679244678066], [90.50502271798729, 25.397760119104667], [90.50503385350353, 25.397840390536754], [90.50505378172981, 25.397919261276957], [90.50508230324006, 25.39799594823693], [90.50511913596335, 25.398069688617603], [90.505163913387, 25.39813974883519], [90.50521619084495, 25.398205434258955], [90.50527544731435, 25.39826609083388], [90.505341095297, 25.398321115629575], [90.50541248261602, 25.398369963331884], [90.50548889870399, 25.398412147054003], [90.50556958448446, 25.39844724726239], [90.5056537386603, 25.39847491664541], [90.50574052400158, 25.398494878490116], [90.50582907812566, 25.398506936419754], [90.50591852158186, 25.39851096871319], [90.5060079650381, 25.398506936419754]], [[90.46584922492758, 25.39729921261885], [90.46593777905166, 25.397287154568552], [90.46602456439295, 25.39726719252407], [90.46610871856873, 25.397239522864126], [90.46618940434927, 25.397204422304455], [90.46626582043723, 25.397162238160174], [90.4663372077562, 25.397113389968986], [90.46640285573885, 25.397058364622584], [90.46646211220825, 25.396997707440605], [90.4665143896662, 25.396932021359465], [90.46655916708986, 25.396861960440752], [90.46659599981314, 25.396788219322115], [90.46662452132342, 25.39671153159466], [90.4666444495497, 25.39663266006512], [90.46665558506596, 25.396552387829715], [90.46665781737944, 25.396471512593738], [90.46665112493056, 25.396390838556584], [90.46663557419468, 25.39631116748534], [90.46661131878369, 25.39623329059957], [90.46657860124273, 25.396157982890724], [90.46653774496531, 25.396085991760852], [90.46648915778654, 25.396018032964797], [90.46643332120341, 25.395954782494787], [90.46637079127312, 25.395896868465], [90.46630218783318, 25.395844866242186], [90.46622819450153, 25.395799293576218], [90.46614954610008, 25.395760602484547], [90.46606702326483, 25.395729177628844], [90.46598144705594, 25.395705332257204], [90.46589366817796, 25.39568930171169], [90.46580455889502, 25.395681246674197], [90.4657150040477, 25.395681246674197], [90.46562589476478, 25.39568930171169], [90.46553811588682, 25.395705332257204], [90.46545253967788, 25.395729177628844], [90.46537001684263, 25.395760602484547], [90.46529136844119, 25.395799293576218], [90.46521737510956, 25.395844866242186], [90.46514877166962, 25.395896868465], [90.46508624173933, 25.395954782494787], [90.46503040515621, 25.396018032964797], [90.46498181797743, 25.396085991760852], [90.46494096170001, 25.396157982890724], [90.46490824415902, 25.39623329059957], [90.46488398874807, 25.39631116748534], [90.46486843801218, 25.396390838556584], [90.46486174556331, 25.396471512593738], [90.46486397787679, 25.396552387829715], [90.46487511339305, 25.39663266006512], [90.46489504161931, 25.39671153159466], [90.46492356312956, 25.396788219322115], [90.46496039585286, 25.396861960440752], [90.46500517327651, 25.396932021359465], [90.46505745073446, 25.396997707440605], [90.46511670720386, 25.397058364622584], [90.46518235518651, 25.397113389968986], [90.46525374250552, 25.397162238160174], [90.46533015859347, 25.397204422304455], [90.46541084437398, 25.397239522864126], [90.4654949985498, 25.39726719252407], [90.46558178389108, 25.397287154568552], [90.46567033801514, 25.39729921261885], [90.46575978147135, 25.397303244952663], [90.46584922492758, 25.39729921261885]], [[90.4376614720225, 25.396008728228896], [90.43775002614656, 25.39599667004966], [90.43783681148786, 25.395976707791686], [90.43792096566366, 25.395949037835877], [90.43800165144417, 25.395913936900886], [90.43807806753212, 25.39587175230551], [90.43814945485113, 25.395822903591963], [90.43821510283378, 25.395767877657196], [90.4382743593032, 25.395707219826612], [90.43832663676113, 25.395641533043076], [90.4383714141848, 25.395571471375167], [90.43840824690808, 25.39549772946802], [90.43843676841837, 25.395421040920517], [90.4384566966446, 25.395342168547607], [90.43846783216087, 25.39526189545386], [90.43847006447434, 25.39518101935308], [90.43846337202547, 25.39510034445332], [90.43844782128961, 25.395020672530134], [90.43842356587862, 25.39494279481163], [90.43839084833766, 25.39486748629758], [90.43834999206021, 25.394795494397925], [90.43830140488144, 25.39472753487519], [90.43824556829831, 25.394664283728854], [90.43818303836802, 25.394606369079828], [90.43811443492808, 25.394554366300962], [90.43804044159646, 25.39450879314768], [90.43796179319502, 25.394470101642284], [90.43787927035976, 25.394438676450562], [90.43779369415083, 25.394414830823955], [90.43770591527286, 25.394398800107076], [90.43761680598995, 25.394390744983436], [90.43752725114264, 25.394390744983436], [90.43743814185973, 25.394398800107076], [90.4373503629817, 25.394414830823955], [90.43726478677283, 25.394438676450562], [90.43718226393756, 25.394470101642284], [90.43710361553612, 25.39450879314768], [90.43702962220446, 25.394554366300962], [90.43696101876452, 25.394606369079828], [90.43689848883423, 25.394664283728854], [90.43684265225112, 25.39472753487519], [90.43679406507238, 25.394795494397925], [90.43675320879491, 25.39486748629758], [90.43672049125396, 25.39494279481163], [90.43669623584296, 25.395020672530134], [90.43668068510708, 25.39510034445332], [90.43667399265824, 25.39518101935308], [90.43667622497168, 25.39526189545386], [90.43668736048798, 25.395342168547607], [90.43670728871422, 25.395421040920517], [90.4367358102245, 25.39549772946802], [90.43677264294779, 25.395571471375167], [90.43681742037144, 25.395641533043076], [90.4368696978294, 25.395707219826612], [90.43692895429879, 25.395767877657196], [90.43699460228144, 25.395822903591963], [90.43706598960043, 25.39587175230551], [90.43714240568838, 25.395913936900886], [90.43722309146891, 25.395949037835877], [90.43730724564473, 25.395976707791686], [90.43739403098598, 25.39599667004966], [90.43748258511009, 25.396008728228896], [90.4375720285663, 25.396012760605814], [90.4376614720225, 25.396008728228896]], [[90.52885183525234, 25.394514235990894], [90.52888035676261, 25.394590925114585], [90.52891718948588, 25.394664667575825], [90.52896196690953, 25.394734729770107], [90.52901424436752, 25.394800417047186], [90.52907350083692, 25.39486107533352], [90.52913914881954, 25.39491610168176], [90.52921053613854, 25.394964950762304], [90.5292869522265, 25.395007135674625], [90.529367638007, 25.395042236873348], [90.52945179218283, 25.395069907037087], [90.52953857752411, 25.39508986944502], [90.52962713164818, 25.395101927714865], [90.52971657510442, 25.395105960122073], [90.5298060185606, 25.395101927714865], [90.52989457268468, 25.39508986944502], [90.52998135802598, 25.395069907037087], [90.5300655122018, 25.395042236873348], [90.5301461979823, 25.395007135674625], [90.53022261407025, 25.394964950762304], [90.53029400138927, 25.39491610168176], [90.53035964937192, 25.39486107533352], [90.53041890584132, 25.394800417047186], [90.53047118329927, 25.394734729770107], [90.53051596072292, 25.394664667575825], [90.53055279344618, 25.394590925114585], [90.53058131495645, 25.394514235990894], [90.53060124318273, 25.394435363025423], [90.53061237869898, 25.394355089328553], [90.53061461101247, 25.39427421262012], [90.53060791856359, 25.394193537114187], [90.53059236782771, 25.39411386459243], [90.53056811241674, 25.394035986288824], [90.53053539487576, 25.393960677208913], [90.53049453859833, 25.393888684768374], [90.53044595141955, 25.393820724735043], [90.53039011483644, 25.39375747311348], [90.53032758490615, 25.39369955802933], [90.5302589814662, 25.393647554859765], [90.5301849881346, 25.393601981364117], [90.53010633973315, 25.393563289568018], [90.53002381689788, 25.393531864140197], [90.52993824068896, 25.393508018334447], [90.52985046181098, 25.393491987497075], [90.52976135252806, 25.393483932312932], [90.52967179768076, 25.393483932312932], [90.52958268839782, 25.393491987497075], [90.52949490951984, 25.393508018334447], [90.52940933331091, 25.393531864140197], [90.52932681047565, 25.393563289568018], [90.52924816207424, 25.393601981364117], [90.52917416874259, 25.393647554859765], [90.52910556530264, 25.39369955802933], [90.52904303537235, 25.39375747311348], [90.52898719878924, 25.393820724735043], [90.52893861161047, 25.393888684768374], [90.52889775533305, 25.393960677208913], [90.52886503779209, 25.394035986288824], [90.5288407823811, 25.39411386459243], [90.5288252316452, 25.394193537114187], [90.52881853919632, 25.39427421262012], [90.52882077150981, 25.394355089328553], [90.52883190702606, 25.394435363025423], [90.52885183525234, 25.394514235990894]], [[90.48895742980409, 25.394445360918343], [90.48904598392816, 25.394433302582904], [90.48913276926945, 25.394413340066386], [90.48921692344527, 25.394385669752154], [90.48929760922576, 25.394350568362448], [90.48937402531372, 25.39430838322064], [90.48944541263273, 25.394259533874365], [90.48951106061538, 25.3942045072268], [90.48957031708478, 25.394143848610494], [90.48962259454274, 25.394078160976093], [90.48966737196639, 25.394008098400644], [90.48970420468967, 25.39393435553826], [90.48973272619992, 25.39385766599742], [90.4897526544262, 25.393778792602852], [90.48976378994246, 25.393698518469307], [90.48976602225594, 25.393617641320912], [90.48975932980707, 25.39353696537613], [90.48974377907118, 25.393457292420976], [90.48971952366021, 25.39337941369373], [90.48968680611922, 25.39330410420415], [90.4896459498418, 25.393232111371987], [90.48959736266303, 25.393164150969], [90.48954152607992, 25.393100899003375], [90.48947899614961, 25.393042983604147], [90.48941039270967, 25.39299098015173], [90.48933639937806, 25.39294540640815], [90.4892577509766, 25.392906714401576], [90.48917522814135, 25.392875288802816], [90.48908965193243, 25.39285144286734], [90.48900187305445, 25.392835411942784], [90.48891276377154, 25.392827356714836], [90.48882320892423, 25.392827356714836], [90.48873409964128, 25.392835411942784], [90.48864632076331, 25.39285144286734], [90.48856074455442, 25.392875288802816], [90.48847822171916, 25.392906714401576], [90.48839957331771, 25.39294540640815], [90.48832557998605, 25.39299098015173], [90.48825697654611, 25.393042983604147], [90.48819444661584, 25.393100899003375], [90.4881386100327, 25.393164150969], [90.48809002285397, 25.393232111371987], [90.4880491665765, 25.39330410420415], [90.48801644903556, 25.39337941369373], [90.48799219362455, 25.393457292420976], [90.48797664288868, 25.39353696537613], [90.48796995043979, 25.393617641320912], [90.48797218275328, 25.393698518469307], [90.48798331826957, 25.393778792602852], [90.48800324649581, 25.39385766599742], [90.4880317680061, 25.39393435553826], [90.48806860072938, 25.394008098400644], [90.48811337815303, 25.394078160976093], [90.48816565561098, 25.394143848610494], [90.4882249120804, 25.3942045072268], [90.48829056006305, 25.394259533874365], [90.48836194738202, 25.39430838322064], [90.48843836346997, 25.394350568362448], [90.4885190492505, 25.394385669752154], [90.4886032034263, 25.394413340066386], [90.48868998876759, 25.394433302582904], [90.48877854289165, 25.394445360918343], [90.48886798634788, 25.39444939334751], [90.48895742980409, 25.394445360918343]], [[90.50105517917757, 25.392828697359295], [90.50114462263377, 25.392832729842468], [90.50123406608996, 25.392828697359295], [90.50132262021404, 25.39281663886233], [90.50140940555534, 25.392796676078433], [90.50149355973116, 25.39276900539354], [90.50157424551165, 25.39273390353372], [90.50165066159961, 25.39269171782688], [90.50172204891862, 25.39264286782629], [90.50178769690127, 25.392587840441674], [90.50184695337067, 25.392527181012888], [90.50189923082863, 25.39246149249866], [90.50194400825228, 25.39239142898482], [90.50198084097556, 25.392317685134746], [90.50200936248584, 25.392240994566688], [90.50202929071209, 25.392162120115692], [90.50204042622838, 25.392081844906993], [90.50204265854182, 25.392000966675354], [90.50203596609299, 25.391920289650006], [90.5020204153571, 25.39184061562773], [90.5019961599461, 25.391762735857387], [90.50196344240516, 25.39168742535914], [90.50192258612769, 25.39161543156273], [90.50187399894891, 25.391547470249485], [90.50181816236584, 25.391484217436687], [90.5017556324355, 25.391426301261784], [90.50168702899556, 25.391374297112836], [90.50161303566395, 25.391328722758857], [90.5015343872625, 25.39129003023407], [90.50145186442724, 25.39125860421445], [90.50136628821834, 25.39123475795958], [90.50127850934034, 25.39121872682031], [90.50118940005741, 25.391210671484455], [90.50109984521012, 25.391210671484455], [90.50101073592721, 25.39121872682031], [90.5009229570492, 25.39123475795958], [90.5008373808403, 25.39125860421445], [90.50075485800504, 25.39129003023407], [90.5006762096036, 25.391328722758857], [90.50060221627197, 25.391374297112836], [90.50053361283204, 25.391426301261784], [90.50047108290174, 25.391484217436687], [90.50041524631862, 25.391547470249485], [90.50036665913984, 25.39161543156273], [90.50032580286239, 25.39168742535914], [90.50029308532145, 25.391762735857387], [90.50026882991045, 25.39184061562773], [90.50025327917456, 25.391920289650006], [90.50024658672571, 25.392000966675354], [90.5002488190392, 25.392081844906993], [90.50025995455546, 25.392162120115692], [90.5002798827817, 25.392240994566688], [90.50030840429197, 25.392317685134746], [90.50034523701527, 25.39239142898482], [90.50039001443892, 25.39246149249866], [90.50044229189686, 25.392527181012888], [90.50050154836627, 25.392587840441674], [90.50056719634892, 25.39264286782629], [90.50063858366794, 25.39269171782688], [90.5007149997559, 25.39273390353372], [90.50079568553639, 25.39276900539354], [90.50087983971221, 25.392796676078433], [90.50096662505351, 25.39281663886233], [90.50105517917757, 25.392828697359295]], [[90.45676700677515, 25.39127640856014], [90.45685556089926, 25.39126434990811], [90.45694234624051, 25.3912443868675], [90.45702650041633, 25.39121671582678], [90.45710718619682, 25.391181613515524], [90.45718360228479, 25.39113942726621], [90.4572549896038, 25.391090576637396], [90.45732063758645, 25.391035548545172], [90.45737989405586, 25.39097488833631], [90.4574321715138, 25.390909198977337], [90.45747694893745, 25.39083913456246], [90.45751378166075, 25.390765389764084], [90.45754230317102, 25.3906886982098], [90.45756223139726, 25.390609822744526], [90.45757336691355, 25.39052954650347], [90.45757559922701, 25.390448667231773], [90.45756890677816, 25.39036798916897], [90.45755335604227, 25.390288314122106], [90.45752910063128, 25.390210433350273], [90.45749638309032, 25.390135121883574], [90.45745552681288, 25.390063127161394], [90.4574069396341, 25.389995164974206], [90.45735110305101, 25.389931911348025], [90.45728857312068, 25.38987399442834], [90.45721996968078, 25.389821989610674], [90.45714597634912, 25.389776414670646], [90.45706732794768, 25.389737721648306], [90.45698480511243, 25.389706295224524], [90.45689922890352, 25.389682448663024], [90.45681145002551, 25.389666417317603], [90.4567223407426, 25.3896583618782], [90.45663278589531, 25.3896583618782], [90.45654367661238, 25.389666417317603], [90.45645589773437, 25.389682448663024], [90.45637032152548, 25.389706295224524], [90.45628779869021, 25.389737721648306], [90.45620915028877, 25.389776414670646], [90.45613515695715, 25.389821989610674], [90.45606655351722, 25.38987399442834], [90.45600402358693, 25.389931911348025], [90.45594818700381, 25.389995164974206], [90.45589959982503, 25.390063127161394], [90.45585874354757, 25.390135121883574], [90.45582602600662, 25.390210433350273], [90.45580177059563, 25.390288314122106], [90.45578621985973, 25.39036798916897], [90.4557795274109, 25.390448667231773], [90.45578175972439, 25.39052954650347], [90.45579289524063, 25.390609822744526], [90.45581282346687, 25.3906886982098], [90.45584134497716, 25.390765389764084], [90.45587817770044, 25.39083913456246], [90.4559229551241, 25.390909198977337], [90.45597523258205, 25.39097488833631], [90.45603448905145, 25.391035548545172], [90.4561001370341, 25.391090576637396], [90.45617152435311, 25.39113942726621], [90.45624794044106, 25.391181613515524], [90.45632862622156, 25.39121671582678], [90.45641278039739, 25.3912443868675], [90.45649956573868, 25.39126434990811], [90.45658811986276, 25.39127640856014], [90.45667756331895, 25.391280441095198], [90.45676700677515, 25.39127640856014]], [[90.42676106822658, 25.390402251768318], [90.42684962235067, 25.39039019302896], [90.42693640769195, 25.390370229843775], [90.42702056186778, 25.39034255860269], [90.42710124764828, 25.390307456037235], [90.42717766373623, 25.390265269482384], [90.42724905105524, 25.39021641849984], [90.4273146990379, 25.390161390009105], [90.42737395550729, 25.39010072936098], [90.42742623296525, 25.390035039526328], [90.4274710103889, 25.38996497460411], [90.42750784311218, 25.389891229271683], [90.42753636462247, 25.389814537162085], [90.4275562928487, 25.389735661125624], [90.42756742836497, 25.389655384303275], [90.42756966067844, 25.3895745044459], [90.42756296822961, 25.389493825798866], [90.42754741749373, 25.389414150175075], [90.42752316208272, 25.38933626883928], [90.42749044454177, 25.38926095682723], [90.42744958826431, 25.38918896158369], [90.42740100108554, 25.38912099890437], [90.42734516450241, 25.389057744820153], [90.42728263457212, 25.388999827481104], [90.42721403113218, 25.38894782228685], [90.42714003780057, 25.38890224701682], [90.42706138939911, 25.388863553714298], [90.42697886656386, 25.388832127062965], [90.42689329035497, 25.38880828032879], [90.42680551147696, 25.388792248867276], [90.42671640219405, 25.388784193369506], [90.42662684734674, 25.388784193369506], [90.42653773806383, 25.388792248867276], [90.42644995918582, 25.38880828032879], [90.42636438297693, 25.388832127062965], [90.42628186014166, 25.388863553714298], [90.42620321174022, 25.38890224701682], [90.42612921840859, 25.38894782228685], [90.42606061496866, 25.388999827481104], [90.42599808503833, 25.389057744820153], [90.42594224845524, 25.38912099890437], [90.42589366127646, 25.38918896158369], [90.42585280499902, 25.38926095682723], [90.42582008745806, 25.38933626883928], [90.42579583204707, 25.389414150175075], [90.42578028131119, 25.389493825798866], [90.42577358886233, 25.3895745044459], [90.42577582117579, 25.389655384303275], [90.42578695669208, 25.389735661125624], [90.42580688491832, 25.389814537162085], [90.42583540642859, 25.389891229271683], [90.42587223915189, 25.38996497460411], [90.42591701657555, 25.390035039526328], [90.4259692940335, 25.39010072936098], [90.4260285505029, 25.390161390009105], [90.42609419848556, 25.39021641849984], [90.42616558580455, 25.390265269482384], [90.42624200189252, 25.390307456037235], [90.42632268767302, 25.39034255860269], [90.42640684184883, 25.390370229843775], [90.42649362719013, 25.39039019302896], [90.42658218131419, 25.390402251768318], [90.42667162477039, 25.39040628433253], [90.42676106822658, 25.390402251768318]], [[90.4498155825952, 25.388801217364097], [90.44983551082147, 25.388880094011085], [90.44986403233176, 25.38895678671434], [90.44990086505501, 25.3890305326176], [90.44994564247867, 25.38910059808214], [90.44999791993665, 25.389166288425276], [90.45005717640605, 25.38922694954295], [90.45012282438867, 25.38928197845964], [90.45019421170768, 25.389330829820324], [90.45027062779563, 25.389373016701715], [90.45035131357614, 25.389408119538857], [90.45043546775196, 25.389435790994156], [90.45052225309325, 25.389455754333863], [90.45061080721732, 25.389467813166565], [90.45070025067355, 25.389471845762], [90.45078969412975, 25.389467813166565], [90.45087824825383, 25.389455754333863], [90.45096503359511, 25.389435790994156], [90.45104918777093, 25.389408119538857], [90.45112987355142, 25.389373016701715], [90.45120628963939, 25.389330829820324], [90.45127767695838, 25.38928197845964], [90.45134332494104, 25.38922694954295], [90.45140258141045, 25.389166288425276], [90.4514548588684, 25.38910059808214], [90.45149963629206, 25.3890305326176], [90.45153646901531, 25.38895678671434], [90.45156499052558, 25.388880094011085], [90.45158491875186, 25.388801217364097], [90.45159605426812, 25.388720939920393], [90.4515982865816, 25.388640059436973], [90.45159159413274, 25.388559380165454], [90.45157604339684, 25.388479703924943], [90.45155178798588, 25.388401821986328], [90.45151907044489, 25.388326509391348], [90.45147821416747, 25.38825451359054], [90.4514296269887, 25.38818655038518], [90.45137379040558, 25.388123295811347], [90.45131126047528, 25.388065378024006], [90.45124265703534, 25.388013372427206], [90.45116866370373, 25.38796779680443], [90.45109001530227, 25.387929103202385], [90.45100749246701, 25.387897676307833], [90.4509219162581, 25.387873829389083], [90.45083413738011, 25.387857797803488], [90.4507450280972, 25.387849742243365], [90.4506554732499, 25.387849742243365], [90.45056636396694, 25.387857797803488], [90.45047858508897, 25.387873829389083], [90.45039300888004, 25.387897676307833], [90.45031048604478, 25.387929103202385], [90.45023183764337, 25.38796779680443], [90.45015784431172, 25.388013372427206], [90.45008924087178, 25.388065378024006], [90.45002671094149, 25.388123295811347], [90.44997087435837, 25.38818655038518], [90.44992228717959, 25.38825451359054], [90.44988143090217, 25.388326509391348], [90.44984871336122, 25.388401821986328], [90.44982445795021, 25.388479703924943], [90.44980890721433, 25.388559380165454], [90.44980221476546, 25.388640059436973], [90.44980444707895, 25.388720939920393], [90.4498155825952, 25.388801217364097]], [[90.48295970563876, 25.387862286550284], [90.48303109295777, 25.387911138485443], [90.48310750904572, 25.387953325862938], [90.48318819482623, 25.387988429112873], [90.48327234900205, 25.388016100893584], [90.48335913434335, 25.388036064468054], [90.48344768846742, 25.38804812344256], [90.48353713192364, 25.388052156085422], [90.48362657537984, 25.38804812344256], [90.48371512950392, 25.388036064468054], [90.4838019148452, 25.388016100893584], [90.48388606902103, 25.387988429112873], [90.48396675480153, 25.387953325862938], [90.48404317088949, 25.387911138485443], [90.48411455820849, 25.387862286550284], [90.48418020619114, 25.38780725698648], [90.48423946266054, 25.38774659515546], [90.4842917401185, 25.387680904039843], [90.48433651754215, 25.38761083775135], [90.48437335026541, 25.387537090980892], [90.48440187177567, 25.387460397375758], [90.48442180000197, 25.387381519801217], [90.48443293551821, 25.387301241413503], [90.4844351678317, 25.387220359978993], [90.48442847538283, 25.38713967975874], [90.48441292464693, 25.38706000258129], [90.48438866923597, 25.386982119726813], [90.48435595169498, 25.386906806246238], [90.48431509541756, 25.38683480959882], [90.48426650823879, 25.386766845594273], [90.48421067165567, 25.386703590276625], [90.48414814172537, 25.386645671808225], [90.48407953828544, 25.386593665599893], [90.48400554495383, 25.386548089441153], [90.48392689655238, 25.386509395384138], [90.4838443737171, 25.386477968120044], [90.48375879750819, 25.38645412092087], [90.4836710186302, 25.386438089146758], [90.4835819093473, 25.38643003349192], [90.48349235449999, 25.38643003349192], [90.48340324521705, 25.386438089146758], [90.48331546633906, 25.38645412092087], [90.48322989013013, 25.386477968120044], [90.48314736729488, 25.386509395384138], [90.48306871889348, 25.386548089441153], [90.48299472556181, 25.386593665599893], [90.48292612212187, 25.386645671808225], [90.48286359219159, 25.386703590276625], [90.48280775560848, 25.386766845594273], [90.4827591684297, 25.38683480959882], [90.48271831215227, 25.386906806246238], [90.48268559461131, 25.386982119726813], [90.48266133920032, 25.38706000258129], [90.48264578846444, 25.38713967975874], [90.48263909601556, 25.387220359978993], [90.48264132832905, 25.387301241413503], [90.4826524638453, 25.387381519801217], [90.48267239207156, 25.387460397375758], [90.48270091358185, 25.387537090980892], [90.4827377463051, 25.38761083775135], [90.48278252372876, 25.387680904039843], [90.48283480118675, 25.38774659515546], [90.48289405765615, 25.38780725698648], [90.48295970563876, 25.387862286550284]], [[90.46790589171943, 25.386644808298062], [90.46799444584349, 25.386632749183395], [90.46808123118478, 25.386612785376872], [90.4681653853606, 25.386585113274556], [90.4682460711411, 25.38655000961658], [90.46832248722906, 25.386507821748733], [90.46839387454807, 25.38645896924576], [90.46845952253072, 25.386403939042356], [90.46851877900014, 25.386343276506256], [90.46857105645807, 25.386277584627067], [90.46861583388173, 25.386207517524184], [90.46865266660502, 25.386133769896553], [90.46868118811527, 25.38605707540004], [90.46870111634153, 25.38597819690871], [90.4687122518578, 25.385897917587883], [90.46871448417129, 25.385817035213293], [90.46870779172241, 25.385736354055283], [90.46869224098651, 25.385656675951758], [90.46866798557555, 25.385578792192085], [90.46863526803457, 25.38550347783613], [90.46859441175715, 25.385431480351908], [90.46854582457837, 25.38536351555745], [90.46848998799526, 25.385300259504614], [90.46842745806495, 25.385242340363014], [90.46835885462502, 25.385190333550252], [90.4682848612934, 25.385144756861795], [90.46820621289196, 25.385106062355053], [90.4681236900567, 25.38507463472565], [90.46803811384775, 25.38505078724931], [90.46795033496979, 25.38503475528887], [90.46786122568687, 25.385026699540433], [90.46777167083958, 25.385026699540433], [90.46768256155663, 25.38503475528887], [90.46759478267866, 25.38505078724931], [90.46750920646976, 25.38507463472565], [90.4674266836345, 25.385106062355053], [90.46734803523304, 25.385144756861795], [90.46727404190139, 25.385190333550252], [90.46720543846146, 25.385242340363014], [90.46714290853116, 25.385300259504614], [90.46708707194804, 25.38536351555745], [90.46703848476926, 25.385431480351908], [90.46699762849184, 25.38550347783613], [90.46696491095089, 25.385578792192085], [90.4669406555399, 25.385656675951758], [90.466925104804, 25.385736354055283], [90.46691841235513, 25.385817035213293], [90.46692064466862, 25.385897917587883], [90.46693178018488, 25.38597819690871], [90.46695170841114, 25.38605707540004], [90.46698022992143, 25.386133769896553], [90.46701706264469, 25.386207517524184], [90.46706184006834, 25.386277584627067], [90.46711411752632, 25.386343276506256], [90.46717337399572, 25.386403939042356], [90.46723902197837, 25.38645896924576], [90.46731040929735, 25.386507821748733], [90.46738682538532, 25.38655000961658], [90.46746751116584, 25.386585113274556], [90.46755166534163, 25.386612785376872], [90.46763845068293, 25.386632749183395], [90.46772700480699, 25.386644808298062], [90.46781644826322, 25.386648840987803], [90.46790589171943, 25.386644808298062]], [[90.44526615467032, 25.38523902668544], [90.44523343712935, 25.38516371211755], [90.44519258085192, 25.385091714430736], [90.44514399367314, 25.385023749445004], [90.44508815709003, 25.384960493214166], [90.44502562715972, 25.38490257390961], [90.4449570237198, 25.384850566950476], [90.44488303038817, 25.384804990133784], [90.44480438198673, 25.384766295518148], [90.44472185915147, 25.384734867800354], [90.44463628294254, 25.384711020256916], [90.44454850406456, 25.38469498825136], [90.44445939478165, 25.384686932480214], [90.44436983993435, 25.384686932480214], [90.4442807306514, 25.38469498825136], [90.44419295177343, 25.384711020256916], [90.44410737556453, 25.384734867800354], [90.44402485272927, 25.384766295518148], [90.44394620432782, 25.384804990133784], [90.44387221099616, 25.384850566950476], [90.44380360755623, 25.38490257390961], [90.44374107762593, 25.384960493214166], [90.44368524104281, 25.385023749445004], [90.44363665386403, 25.385091714430736], [90.44359579758661, 25.38516371211755], [90.44356308004566, 25.38523902668544], [90.44353882463467, 25.38531691066428], [90.44352327389878, 25.385396588992023], [90.4435165814499, 25.385477270377045], [90.44351881376339, 25.38555815297924], [90.44352994927965, 25.385638432525937], [90.44354987750593, 25.38571731123923], [90.4435783990162, 25.38579400595159], [90.44361523173949, 25.385867753786744], [90.44366000916314, 25.385937821086795], [90.44371228662109, 25.386003513150815], [90.44377154309049, 25.386064175857634], [90.44383719107314, 25.386119206215913], [90.44390857839213, 25.386168058856352], [90.44398499448009, 25.386210246842925], [90.44406568026061, 25.38624535059965], [90.4441498344364, 25.38627302277988], [90.4442366197777, 25.38629298664257], [90.44432517390176, 25.386305045791175], [90.44441461735799, 25.386309078492257], [90.4445040608142, 25.386305045791175], [90.44459261493827, 25.38629298664257], [90.44467940027955, 25.38627302277988], [90.44476355445538, 25.38624535059965], [90.44484424023587, 25.386210246842925], [90.44492065632383, 25.386168058856352], [90.44499204364284, 25.386119206215913], [90.4450576916255, 25.386064175857634], [90.4451169480949, 25.386003513150815], [90.44516922555286, 25.385937821086795], [90.4452140029765, 25.385867753786744], [90.4452508356998, 25.38579400595159], [90.44527935721004, 25.38571731123923], [90.44529928543632, 25.385638432525937], [90.44531042095257, 25.38555815297924], [90.44531265326606, 25.385477270377045], [90.44530596081718, 25.385396588992023], [90.44529041008128, 25.38531691066428], [90.44526615467032, 25.38523902668544]], [[90.42646360728995, 25.385023350147367], [90.42654429307045, 25.38498824603536], [90.42662070915841, 25.384946057621818], [90.42669209647741, 25.384897204486915], [90.42675774446006, 25.38484217357172], [90.42681700092946, 25.384781510250953], [90.42686927838741, 25.384715817522096], [90.42691405581107, 25.384645749512895], [90.42695088853434, 25.384572000931392], [90.4269794100446, 25.384495305442837], [90.42699933827089, 25.38441642593125], [90.42701047378713, 25.38433614557206], [90.42701270610063, 25.38425526215128], [90.42700601365175, 25.384174579949722], [90.42699046291585, 25.384094900815604], [90.42696620750486, 25.38401701604856], [90.42693348996391, 25.38394170071847], [90.42689263368649, 25.38386970230303], [90.42684404650771, 25.38380173662947], [90.4267882099246, 25.383738479758463], [90.4267256799943, 25.38368055986773], [90.42665707655438, 25.383628552382305], [90.42658308322271, 25.383582975104353], [90.42650443482131, 25.38354428009713], [90.42642191198604, 25.38351285206124], [90.42633633577711, 25.38348900427645], [90.42624855689913, 25.383472972108663], [90.42615944761619, 25.383464916256017], [90.42606989276891, 25.383464916256017], [90.42598078348597, 25.383472972108663], [90.42589300460799, 25.38348900427645], [90.42580742839907, 25.38351285206124], [90.4257249055638, 25.38354428009713], [90.4256462571624, 25.383582975104353], [90.42557226383073, 25.383628552382305], [90.4255036603908, 25.38368055986773], [90.42544113046051, 25.383738479758463], [90.4253852938774, 25.38380173662947], [90.42533670669862, 25.38386970230303], [90.4252958504212, 25.38394170071847], [90.42526313288023, 25.38401701604856], [90.42523887746924, 25.384094900815604], [90.42522332673336, 25.384174579949722], [90.42521663428448, 25.38425526215128], [90.42521886659797, 25.38433614557206], [90.42523000211422, 25.38441642593125], [90.4252499303405, 25.384495305442837], [90.42527845185077, 25.384572000931392], [90.42531528457403, 25.384645749512895], [90.42536006199768, 25.384715817522096], [90.42541233945568, 25.384781510250953], [90.42547159592503, 25.38484217357172], [90.42553724390768, 25.384897204486915], [90.4256086312267, 25.384946057621818], [90.42568504731466, 25.38498824603536], [90.42576573309515, 25.385023350147367], [90.42584988727097, 25.38505102260762], [90.42593667261227, 25.385070986672368], [90.42602522673634, 25.38508304594302], [90.42611467019256, 25.38508707868495], [90.42620411364877, 25.38508304594302], [90.42629266777284, 25.385070986672368], [90.42637945311412, 25.38505102260762], [90.42646360728995, 25.385023350147367]], [[90.41530370985288, 25.38350161477529], [90.41539226397694, 25.383489555346696], [90.41547904931824, 25.383469591020454], [90.41556320349405, 25.383441918197782], [90.41564388927455, 25.38340681362602], [90.4157203053625, 25.38336462465994], [90.41579169268151, 25.38331577088524], [90.41585734066416, 25.3832607392493], [90.41591659713357, 25.38320007513406], [90.41596887459151, 25.383134381544835], [90.41601365201518, 25.383064312618018], [90.41605048473843, 25.38299056307063], [90.41607900624871, 25.382913866577635], [90.41609893447497, 25.38283498603299], [90.41611006999125, 25.38275470462241], [90.41611230230473, 25.382673820142355], [90.41610560985586, 25.382593136884175], [90.41609005911997, 25.38251345670652], [90.416065803709, 25.382435570919473], [90.41603308616801, 25.38236025460305], [90.41599222989059, 25.382288255244692], [90.41594364271182, 25.382220288681033], [90.41588780612871, 25.382157030981595], [90.4158252761984, 25.382099110332362], [90.41575667275846, 25.382047102165803], [90.41568267942685, 25.382001524290978], [90.4156040310254, 25.381962828777002], [90.41552150819014, 25.381931400329524], [90.41543593198121, 25.381907552232427], [90.41534815310324, 25.38189151985471], [90.41525904382033, 25.381883463896536], [90.41516948897302, 25.381883463896536], [90.41508037969007, 25.38189151985471], [90.41499260081208, 25.381907552232427], [90.41490702460321, 25.381931400329524], [90.41482450176794, 25.381962828777002], [90.4147458533665, 25.382001524290978], [90.41467186003484, 25.382047102165803], [90.4146032565949, 25.382099110332362], [90.41454072666461, 25.382157030981595], [90.4144848900815, 25.382220288681033], [90.41443630290271, 25.382288255244692], [90.41439544662529, 25.38236025460305], [90.41436272908435, 25.382435570919473], [90.41433847367334, 25.38251345670652], [90.41432292293746, 25.382593136884175], [90.41431623048858, 25.382673820142355], [90.41431846280206, 25.38275470462241], [90.41432959831832, 25.38283498603299], [90.4143495265446, 25.382913866577635], [90.41437804805489, 25.38299056307063], [90.41441488077812, 25.383064312618018], [90.41445965820178, 25.383134381544835], [90.41451193565977, 25.38320007513406], [90.41457119212917, 25.3832607392493], [90.4146368401118, 25.38331577088524], [90.41470822743081, 25.38336462465994], [90.41478464351876, 25.38340681362602], [90.41486532929926, 25.383441918197782], [90.41494948347507, 25.383469591020454], [90.41503626881637, 25.383489555346696], [90.41512482294044, 25.38350161477529], [90.41521426639667, 25.383505647569994], [90.41530370985288, 25.38350161477529]], [[90.43786969970871, 25.38189209203385], [90.43788083522497, 25.3819723740179], [90.43790076345125, 25.382051255125997], [90.43792928496153, 25.38212795216685], [90.43796611768478, 25.382201702241016], [90.43801089510843, 25.382271771668385], [90.43806317256642, 25.38233746572688], [90.43812242903583, 25.382398130275472], [90.43818807701848, 25.382453162304497], [90.43825946433745, 25.382502016428194], [90.43833588042541, 25.382544205695613], [90.43841656620593, 25.382579310518157], [90.43850072038173, 25.38260698353852], [90.438587505723, 25.38262694800734], [90.43867605984708, 25.382639007522076], [90.43876550330333, 25.38264304034562], [90.43885494675952, 25.382639007522076], [90.43894350088358, 25.38262694800734], [90.43903028622488, 25.38260698353852], [90.4391144404007, 25.382579310518157], [90.4391951261812, 25.382544205695613], [90.43927154226915, 25.382502016428194], [90.43934292958816, 25.382453162304497], [90.43940857757082, 25.382398130275472], [90.43946783404022, 25.38233746572688], [90.43952011149817, 25.382271771668385], [90.43956488892182, 25.382201702241016], [90.43960172164512, 25.38212795216685], [90.43963024315536, 25.382051255125997], [90.43965017138163, 25.3819723740179], [90.43966130689789, 25.38189209203385], [90.43966353921138, 25.381811206976018], [90.4396568467625, 25.38173052314148], [90.43964129602662, 25.381650842394688], [90.43961704061566, 25.381572956051283], [90.43958432307467, 25.38149763919685], [90.43954346679725, 25.381425639324224], [90.43949487961847, 25.381357672275072], [90.43943904303534, 25.381294414123794], [90.43937651310506, 25.381236493060808], [90.43930790966512, 25.381184484522773], [90.43923391633349, 25.381138906322384], [90.43915526793205, 25.381100210532004], [90.4390727450968, 25.38106878186003], [90.43898716888786, 25.381044933592598], [90.4388993900099, 25.38102890110033], [90.43881028072697, 25.38102084508465], [90.43872072587966, 25.38102084508465], [90.43863161659672, 25.38102890110033], [90.43854383771874, 25.381044933592598], [90.43845826150984, 25.38106878186003], [90.43837573867458, 25.381100210532004], [90.43829709027314, 25.381138906322384], [90.4382230969415, 25.381184484522773], [90.43815449350156, 25.381236493060808], [90.43809196357125, 25.381294414123794], [90.43803612698814, 25.381357672275072], [90.43798753980937, 25.381425639324224], [90.43794668353195, 25.38149763919685], [90.437913965991, 25.381572956051283], [90.43788971058, 25.381650842394688], [90.4378741598441, 25.38173052314148], [90.43786746739524, 25.381811206976018], [90.43786969970871, 25.38189209203385]], [[90.31867387240621, 25.381637273199043], [90.31861803582308, 25.38157401519422], [90.3185555058928, 25.381516094265358], [90.31848690245286, 25.381464085847725], [90.31841290912121, 25.381418507752855], [90.3183342607198, 25.381379812052064], [90.31825173788454, 25.38134838345286], [90.3181661616756, 25.381324535240665], [90.31807838279762, 25.38130850278551], [90.31798927351468, 25.381300446788444], [90.31789971866738, 25.381300446788444], [90.31781060938447, 25.38130850278551], [90.31772283050648, 25.381324535240665], [90.31763725429755, 25.38134838345286], [90.3175547314623, 25.381379812052064], [90.31747608306084, 25.381418507752855], [90.31740208972923, 25.381464085847725], [90.3173334862893, 25.381516094265358], [90.317270956359, 25.38157401519422], [90.31721511977588, 25.381637273199043], [90.3171665325971, 25.381705240090835], [90.31712567631968, 25.38177723979679], [90.3170929587787, 25.381852556476826], [90.31706870336774, 25.381930442639902], [90.31705315263184, 25.382010123202242], [90.31704646018297, 25.382090806849973], [90.31704869249646, 25.382171691720526], [90.3170598280127, 25.38225197351866], [90.317079756239, 25.382330854444135], [90.31710827774927, 25.382407551307413], [90.31714511047252, 25.382481301210856], [90.31718988789618, 25.382551370475966], [90.31724216535413, 25.382617064382355], [90.31730142182353, 25.38267772879049], [90.31736706980618, 25.382732760692132], [90.31743845712519, 25.382781614702676], [90.31751487321316, 25.382823803872437], [90.31759555899364, 25.382858908613688], [90.31767971316947, 25.382886581570006], [90.31776649851075, 25.38290654599259], [90.31785505263483, 25.382918605479407], [90.31794449609103, 25.382922638293586], [90.31803393954726, 25.382918605479407], [90.31812249367132, 25.38290654599259], [90.31820927901262, 25.382886581570006], [90.31829343318844, 25.382858908613688], [90.31837411896893, 25.382823803872437], [90.3184505350569, 25.382781614702676], [90.31852192237591, 25.382732760692132], [90.31858757035852, 25.38267772879049], [90.31864682682793, 25.382617064382355], [90.31869910428591, 25.382551370475966], [90.31874388170957, 25.382481301210856], [90.31878071443282, 25.382407551307413], [90.3188092359431, 25.382330854444135], [90.31882916416937, 25.38225197351866], [90.31884029968562, 25.382171691720526], [90.31884253199912, 25.382090806849973], [90.31883583955025, 25.382010123202242], [90.31882028881436, 25.381930442639902], [90.31879603340336, 25.381852556476826], [90.31876331586241, 25.38177723979679], [90.31872245958499, 25.381705240090835], [90.31867387240621, 25.381637273199043]], [[90.3417685288916, 25.381663592681196], [90.3416807500136, 25.381679625089205], [90.3415951738047, 25.381703473231312], [90.34151265096945, 25.3817349017381], [90.34143400256801, 25.381773597325115], [90.34136000923634, 25.38181917528597], [90.34129140579641, 25.38187118355068], [90.34122887586612, 25.381929104309236], [90.341173039283, 25.38199236212806], [90.34112445210425, 25.382060328820007], [90.3410835958268, 25.382132328314228], [90.34105087828584, 25.38220764477283], [90.34102662287485, 25.3822855307069], [90.34101107213897, 25.38236521103493], [90.34100437969012, 25.382445894445393], [90.34100661200358, 25.382526779078102], [90.34101774751987, 25.38260706064023], [90.3410376757461, 25.382685941333747], [90.34106619725638, 25.3827626379715], [90.34110302997966, 25.382836387658056], [90.34114780740333, 25.38290645671717], [90.34120008486128, 25.382972150430383], [90.34125934133068, 25.38303281466013], [90.34132498931334, 25.383087846399928], [90.3413963766323, 25.383136700266853], [90.34147279272027, 25.38317888931255], [90.3415534785008, 25.38321399395057], [90.34163763267661, 25.38324166682548], [90.34172441801788, 25.383261631189402], [90.34181297214198, 25.38327369064076], [90.34190241559817, 25.383277723443083], [90.34199185905437, 25.38327369064076], [90.34208041317845, 25.383261631189402], [90.34216719851973, 25.38324166682548], [90.34225135269556, 25.38321399395057], [90.34233203847606, 25.38317888931255], [90.34240845456402, 25.383136700266853], [90.34247984188302, 25.383087846399928], [90.34254548986567, 25.38303281466013], [90.34260474633507, 25.382972150430383], [90.34265702379302, 25.38290645671717], [90.34270180121668, 25.382836387658056], [90.34273863393997, 25.3827626379715], [90.3427671554502, 25.382685941333747], [90.3427870836765, 25.38260706064023], [90.34279821919274, 25.382526779078102], [90.34280045150624, 25.382445894445393], [90.34279375905736, 25.38236521103493], [90.3427782083215, 25.3822855307069], [90.3427539529105, 25.38220764477283], [90.34272123536955, 25.382132328314228], [90.3426803790921, 25.382060328820007], [90.34263179191332, 25.38199236212806], [90.3425759553302, 25.381929104309236], [90.3425134253999, 25.38187118355068], [90.34244482195999, 25.38181917528597], [90.34237082862836, 25.381773597325115], [90.34229218022692, 25.3817349017381], [90.34220965739165, 25.381703473231312], [90.34212408118272, 25.381679625089205], [90.34203630230473, 25.381663592681196], [90.34194719302182, 25.381655536707854], [90.34185763817452, 25.381655536707854], [90.3417685288916, 25.381663592681196]], [[90.35686007744278, 25.381747652827343], [90.35677229856479, 25.381763685224193], [90.35668672235589, 25.381787533349712], [90.35660419952063, 25.381818961834593], [90.35652555111919, 25.3818576573947], [90.35645155778754, 25.3819032353238], [90.35638295434761, 25.381955243552316], [90.3563204244173, 25.382013164270553], [90.35626458783419, 25.382076422045344], [90.35621600065544, 25.382144388689966], [90.35617514437799, 25.38221638813411], [90.35614242683702, 25.38229170454029], [90.35611817142603, 25.382369590420133], [90.35610262069015, 25.38244927069267], [90.35609592824127, 25.382529954047005], [90.35609816055477, 25.382610838623417], [90.35610929607105, 25.382691120129618], [90.35612922429729, 25.38277000076823], [90.35615774580756, 25.382846697352612], [90.35619457853086, 25.382920446987857], [90.35623935595451, 25.382990515998156], [90.35629163341247, 25.383056209665632], [90.35635088988187, 25.383116873853155], [90.35641653786452, 25.383171905554672], [90.35648792518349, 25.383220759387566], [90.35656434127145, 25.383262948403896], [90.35664502705198, 25.38329805301749], [90.35672918122776, 25.383325725873153], [90.35681596656906, 25.383345690223155], [90.35690452069316, 25.383357749666104], [90.35699396414935, 25.383361782465627], [90.35708340760557, 25.383357749666104], [90.35717196172963, 25.383345690223155], [90.35725874707092, 25.383325725873153], [90.35734290124674, 25.38329805301749], [90.35742358702724, 25.383262948403896], [90.3575000031152, 25.383220759387566], [90.3575713904342, 25.383171905554672], [90.35763703841685, 25.383116873853155], [90.35769629488625, 25.383056209665632], [90.35774857234422, 25.382990515998156], [90.35779334976786, 25.382920446987857], [90.35783018249116, 25.382846697352612], [90.3578587040014, 25.38277000076823], [90.35787863222768, 25.382691120129618], [90.35788976774393, 25.382610838623417], [90.35789200005742, 25.382529954047005], [90.35788530760854, 25.38244927069267], [90.35786975687269, 25.382369590420133], [90.3578455014617, 25.38229170454029], [90.3578127839207, 25.38221638813411], [90.35777192764328, 25.382144388689966], [90.3577233404645, 25.382076422045344], [90.35766750388139, 25.382013164270553], [90.3576049739511, 25.381955243552316], [90.35753637051117, 25.3819032353238], [90.35746237717954, 25.3818576573947], [90.3573837287781, 25.381818961834593], [90.35730120594285, 25.381787533349712], [90.3572156297339, 25.381763685224193], [90.35712785085593, 25.381747652827343], [90.35703874157302, 25.38173959685959], [90.3569491867257, 25.38173959685959], [90.35686007744278, 25.381747652827343]], [[90.37501930890885, 25.383037110426933], [90.37493153003085, 25.383053142652567], [90.37484595382195, 25.38307699052344], [90.37476343098669, 25.383108418672773], [90.37468478258525, 25.38314711381966], [90.37461078925362, 25.383192691262124], [90.37454218581368, 25.38324469893529], [90.3744796558834, 25.38330261903506], [90.37442381930029, 25.38336587613439], [90.37437523212151, 25.383433842053275], [90.37433437584404, 25.383505840728603], [90.37430165830308, 25.383581156330532], [90.3742774028921, 25.3836590413787], [90.37426185215621, 25.383738720800466], [90.37425515970737, 25.383819403293213], [90.37425739202087, 25.383900287005964], [90.37426852753711, 25.383980567654916], [90.37428845576335, 25.38405944745124], [90.37431697727364, 25.384136143216615], [90.37435380999692, 25.38420989206436], [90.37439858742057, 25.384279960326435], [90.37445086487853, 25.384345653292435], [90.37451012134792, 25.384406316832152], [90.37457576933058, 25.384461347946008], [90.37464715664959, 25.38451020125725], [90.37472357273754, 25.384552389823078], [90.37480425851804, 25.384587494061797], [90.37488841269386, 25.384615166621934], [90.37497519803516, 25.38463513075879], [90.37506375215924, 25.384647190072965], [90.37515319561543, 25.38465122282941], [90.37524263907163, 25.384647190072965], [90.37533119319573, 25.38463513075879], [90.37541797853697, 25.384615166621934], [90.37550213271281, 25.384587494061797], [90.3755828184933, 25.384552389823078], [90.37565923458126, 25.38451020125725], [90.37573062190027, 25.384461347946008], [90.37579626988293, 25.384406316832152], [90.37585552635232, 25.384345653292435], [90.37590780381028, 25.384279960326435], [90.37595258123392, 25.38420989206436], [90.37598941395723, 25.384136143216615], [90.37601793546749, 25.38405944745124], [90.37603786369374, 25.383980567654916], [90.37604899921003, 25.383900287005964], [90.37605123152349, 25.383819403293213], [90.37604453907464, 25.383738720800466], [90.37602898833875, 25.3836590413787], [90.37600473292775, 25.383581156330532], [90.3759720153868, 25.383505840728603], [90.37593115910936, 25.383433842053275], [90.37588257193057, 25.38336587613439], [90.37582673534749, 25.38330261903506], [90.37576420541716, 25.38324469893529], [90.37569560197726, 25.383192691262124], [90.3756216086456, 25.38314711381966], [90.37554296024416, 25.383108418672773], [90.3754604374089, 25.38307699052344], [90.3753748612, 25.383053142652567], [90.37528708232199, 25.383037110426933], [90.37519797303908, 25.383029054545194], [90.37510841819177, 25.383029054545194], [90.37501930890885, 25.383037110426933]], [[90.30257584422415, 25.384593106973316], [90.30261267694745, 25.384519358359626], [90.30264119845772, 25.38444266283764], [90.30266112668397, 25.38436378329166], [90.30267226220026, 25.384283502897475], [90.30267449451371, 25.384202619441442], [90.30266780206486, 25.384121937204743], [90.30265225132898, 25.384042258035844], [90.30262799591797, 25.383964373234846], [90.30259527837703, 25.383889057871944], [90.30255442209958, 25.38381705942509], [90.3025058349208, 25.383749093721903], [90.3024499983377, 25.383685836823314], [90.30238746840739, 25.383627916907365], [90.30231886496745, 25.383575909399244], [90.30224487163584, 25.383530332101422], [90.3021662232344, 25.383491637077327], [90.30208370039911, 25.383460209027735], [90.30199812419023, 25.38343636123255], [90.30191034531221, 25.38342032905779], [90.3018212360293, 25.38341227320161], [90.30173168118199, 25.38341227320161], [90.30164257189908, 25.38342032905779], [90.30155479302107, 25.38343636123255], [90.30146921681218, 25.383460209027735], [90.30138669397692, 25.383491637077327], [90.30130804557548, 25.383530332101422], [90.30123405224386, 25.383575909399244], [90.30116544880391, 25.383627916907365], [90.30110291887364, 25.383685836823314], [90.3010470822905, 25.383749093721903], [90.30099849511173, 25.38381705942509], [90.30095763883428, 25.383889057871944], [90.30092492129332, 25.383964373234846], [90.30090066588232, 25.384042258035844], [90.30088511514644, 25.384121937204743], [90.3008784226976, 25.384202619441442], [90.30088065501108, 25.384283502897475], [90.30089179052734, 25.38436378329166], [90.30091171875358, 25.38444266283764], [90.30094024026386, 25.384519358359626], [90.30097707298715, 25.384593106973316], [90.3010218504108, 25.384663175013024], [90.30107412786876, 25.384728867770534], [90.30113338433816, 25.38478953111774], [90.30119903232081, 25.38484456205694], [90.30127041963982, 25.384893415213128], [90.30134683572777, 25.384935603645065], [90.30142752150827, 25.38497070777238], [90.3015116756841, 25.384998380244692], [90.30159846102538, 25.38501834431818], [90.30168701514945, 25.385030403594097], [90.30177645860564, 25.385034436337733], [90.30186590206185, 25.385030403594097], [90.30195445618592, 25.38501834431818], [90.3020412415272, 25.384998380244692], [90.30212539570303, 25.38497070777238], [90.30220608148353, 25.384935603645065], [90.3022824975715, 25.384893415213128], [90.3023538848905, 25.38484456205694], [90.30241953287315, 25.38478953111774], [90.30247878934254, 25.384728867770534], [90.3025310668005, 25.384663175013024], [90.30257584422415, 25.384593106973316]], [[90.41099750797768, 25.38469637362317], [90.41107392406563, 25.38473856212395], [90.41115460984612, 25.384773666308575], [90.41123876402195, 25.384801338826055], [90.41132554936324, 25.384821302932085], [90.41141410348732, 25.384833362227674], [90.4115035469435, 25.38483739497791], [90.41159299039975, 25.384833362227674], [90.41168154452382, 25.384821302932085], [90.4117683298651, 25.384801338826055], [90.4118524840409, 25.384773666308575], [90.41193316982142, 25.38473856212395], [90.41200958590939, 25.38469637362317], [90.41208097322836, 25.384647520387297], [90.41214662121101, 25.384592489358262], [90.41220587768042, 25.384531825912063], [90.41225815513837, 25.384466133047358], [90.41230293256201, 25.384396064893306], [90.41233976528531, 25.384322316159274], [90.41236828679558, 25.384245620512164], [90.41238821502183, 25.38416674083746], [90.41239935053811, 25.38408646031226], [90.4124015828516, 25.38400557672425], [90.41239489040272, 25.383924894355864], [90.41237933966684, 25.383845215056983], [90.41235508425584, 25.383767330128887], [90.41232236671489, 25.38369201464305], [90.41228151043744, 25.383620016078723], [90.4122329232587, 25.383552050264633], [90.41217708667557, 25.383488793262817], [90.41211455674528, 25.38343087325234], [90.41204595330534, 25.38337886565935], [90.4119719599737, 25.383333288287204], [90.41189331157224, 25.383294593199956], [90.41181078873699, 25.38326316509908], [90.41172521252808, 25.383239317264994], [90.41163743365011, 25.38322328506404], [90.41154832436716, 25.38321522919473], [90.41145876951987, 25.38321522919473], [90.41136966023694, 25.38322328506404], [90.41128188135896, 25.383239317264994], [90.41119630515004, 25.38326316509908], [90.41111378231479, 25.383294593199956], [90.41103513391333, 25.383333288287204], [90.41096114058172, 25.38337886565935], [90.41089253714178, 25.38343087325234], [90.41083000721149, 25.383488793262817], [90.41077417062837, 25.383552050264633], [90.41072558344959, 25.383620016078723], [90.41068472717217, 25.38369201464305], [90.41065200963118, 25.383767330128887], [90.41062775422022, 25.383845215056983], [90.41061220348433, 25.383924894355864], [90.41060551103546, 25.38400557672425], [90.41060774334895, 25.38408646031226], [90.4106188788652, 25.38416674083746], [90.41063880709147, 25.384245620512164], [90.41066732860172, 25.384322316159274], [90.410704161325, 25.384396064893306], [90.41074893874865, 25.384466133047358], [90.41080121620661, 25.384531825912063], [90.410860472676, 25.384592489358262], [90.41092612065866, 25.384647520387297], [90.41099750797768, 25.38469637362317]], [[90.36795690326544, 25.385070337408173], [90.36786912438745, 25.38505430545033], [90.36778001510451, 25.385046249703173], [90.36769046025724, 25.385046249703173], [90.3676013509743, 25.38505430545033], [90.36751357209631, 25.385070337408173], [90.36742799588738, 25.385094184880632], [90.36734547305213, 25.385125612504957], [90.36726682465073, 25.38516430700543], [90.36719283131906, 25.385209883686507], [90.36712422787913, 25.385261890490845], [90.36706169794884, 25.38531980962303], [90.36700586136573, 25.385383065665668], [90.36695727418693, 25.38545103044912], [90.36691641790951, 25.38552302792169], [90.36688370036856, 25.385598342265453], [90.36685944495757, 25.385676226012507], [90.36684389422169, 25.385755904103146], [90.36683720177281, 25.385836585248075], [90.3668394340863, 25.385917467609573], [90.36685056960255, 25.385997746917386], [90.36687049782881, 25.386076625395955], [90.3668990193391, 25.38615331988005], [90.36693585206235, 25.38622706749575], [90.36698062948601, 25.38629713458727], [90.36703290694396, 25.386362826455827], [90.36709216341336, 25.38642348898208], [90.36715781139601, 25.3864785191766], [90.36722919871502, 25.38652737167166], [90.36730561480299, 25.386569559532678], [90.36738630058348, 25.38660466318498], [90.3674704547593, 25.386632335282815], [90.3675572401006, 25.386652299086098], [90.36764579422466, 25.386664358198825], [90.36773523768086, 25.386668390887895], [90.3678246811371, 25.386664358198825], [90.36791323526117, 25.386652299086098], [90.36800002060245, 25.386632335282815], [90.36808417477828, 25.38660466318498], [90.36816486055876, 25.386569559532678], [90.36824127664674, 25.38652737167166], [90.36831266396574, 25.3864785191766], [90.36837831194839, 25.38642348898208], [90.36843756841776, 25.386362826455827], [90.36848984587574, 25.38629713458727], [90.3685346232994, 25.38622706749575], [90.36857145602265, 25.38615331988005], [90.36859997753292, 25.386076625395955], [90.36861990575922, 25.385997746917386], [90.36863104127546, 25.385917467609573], [90.36863327358896, 25.385836585248075], [90.36862658114008, 25.385755904103146], [90.36861103040418, 25.385676226012507], [90.36858677499319, 25.385598342265453], [90.36855405745224, 25.38552302792169], [90.36851320117482, 25.38545103044912], [90.36846461399604, 25.385383065665668], [90.36840877741292, 25.38531980962303], [90.36834624748262, 25.385261890490845], [90.36827764404269, 25.385209883686507], [90.36820365071104, 25.38516430700543], [90.36812500230963, 25.385125612504957], [90.36804247947437, 25.385094184880632], [90.36795690326544, 25.385070337408173]], [[90.33220786262895, 25.386109124041308], [90.33211875334604, 25.38610106836452], [90.33202919849873, 25.38610106836452], [90.33194008921582, 25.386109124041308], [90.33185231033785, 25.386125155859055], [90.33176673412892, 25.386149003123215], [90.33168421129366, 25.38618043047297], [90.33160556289222, 25.386219124635414], [90.3315315695606, 25.38626470091832], [90.33146296612065, 25.386316707268364], [90.33140043619035, 25.38637462589456], [90.33134459960723, 25.386437881384545], [90.33129601242847, 25.386505845574284], [90.33125515615102, 25.386577842417857], [90.33122243861006, 25.38665315610364], [90.33119818319906, 25.386731039170296], [90.33118263246321, 25.386810716564867], [90.33117594001433, 25.386891397004934], [90.33117817232782, 25.38697227865983], [90.33118930784408, 25.38705255726628], [90.33120923607032, 25.387131435055736], [90.3312377575806, 25.38720812886983], [90.33127459030388, 25.387281875841236], [90.33131936772754, 25.387351942320628], [90.3313716451855, 25.387417633615243], [90.3314309016549, 25.387478295611555], [90.33149654963755, 25.387533325325265], [90.33156793695656, 25.387582177393558], [90.33164435304451, 25.387624364885998], [90.33172503882501, 25.387659468231583], [90.33180919300084, 25.38768714008767], [90.33189597834212, 25.38770710371657], [90.33198453246618, 25.38771916272392], [90.33207397592238, 25.387723195377788], [90.33216341937859, 25.38771916272392], [90.3322519735027, 25.38770710371657], [90.33233875884395, 25.38768714008767], [90.33242291301977, 25.387659468231583], [90.3325035988003, 25.387624364885998], [90.33258001488825, 25.387582177393558], [90.33265140220723, 25.387533325325265], [90.33271705018988, 25.387478295611555], [90.33277630665928, 25.387417633615243], [90.33282858411724, 25.387351942320628], [90.33287336154089, 25.387281875841236], [90.33291019426417, 25.38720812886983], [90.33293871577446, 25.387131435055736], [90.3329586440007, 25.38705255726628], [90.332969779517, 25.38697227865983], [90.33297201183044, 25.386891397004934], [90.3329653193816, 25.386810716564867], [90.33294976864572, 25.386731039170296], [90.33292551323471, 25.38665315610364], [90.33289279569377, 25.386577842417857], [90.3328519394163, 25.386505845574284], [90.33280335223756, 25.386437881384545], [90.33274751565445, 25.38637462589456], [90.33268498572416, 25.386316707268364], [90.33261638228421, 25.38626470091832], [90.33254238895256, 25.386219124635414], [90.33246374055112, 25.38618043047297], [90.33238121771585, 25.386149003123215], [90.33229564150697, 25.386125155859055], [90.33220786262895, 25.386109124041308]], [[90.34237925033413, 25.38613254198641], [90.34229147145614, 25.38614857380109], [90.34220589524723, 25.386172421060607], [90.34212337241198, 25.386203848404257], [90.34204472401053, 25.38624254255922], [90.34197073067891, 25.38628811883326], [90.34190212723897, 25.386340125173213], [90.34183959730869, 25.386398043788176], [90.34178376072556, 25.386461299265896], [90.34173517354678, 25.38652926344246], [90.34169431726933, 25.38660126027206], [90.34166159972837, 25.386676573943266], [90.34163734431738, 25.386754456994804], [90.3416217935815, 25.386834134373903], [90.34161510113266, 25.386914814798324], [90.34161733344614, 25.386995696437534], [90.3416284689624, 25.387075975028434], [90.34164839718864, 25.387154852802563], [90.34167691869891, 25.387231546601786], [90.3417137514222, 25.387305293558878], [90.34175852884586, 25.387375360024695], [90.34181080630381, 25.387441051306553], [90.34187006277321, 25.387501713291094], [90.34193571075586, 25.387556742994178], [90.34200709807487, 25.387605595052946], [90.34208351416282, 25.38764778253722], [90.34216419994333, 25.387682885875996], [90.34224835411915, 25.38771055772674], [90.34233513946045, 25.387730521351745], [90.34242369358451, 25.387742580356754], [90.3425131370407, 25.38774661300982], [90.34260258049692, 25.387742580356754], [90.34269113462102, 25.387730521351745], [90.34277791996226, 25.38771055772674], [90.34286207413808, 25.387682885875996], [90.34294275991859, 25.38764778253722], [90.34301917600655, 25.387605595052946], [90.34309056332555, 25.387556742994178], [90.3431562113082, 25.387501713291094], [90.3432154677776, 25.387441051306553], [90.34326774523556, 25.387375360024695], [90.3433125226592, 25.387305293558878], [90.3433493553825, 25.387231546601786], [90.34337787689277, 25.387154852802563], [90.34339780511903, 25.387075975028434], [90.34340894063531, 25.386995696437534], [90.34341117294876, 25.386914814798324], [90.34340448049993, 25.386834134373903], [90.34338892976403, 25.386754456994804], [90.34336467435304, 25.386676573943266], [90.34333195681208, 25.38660126027206], [90.34329110053463, 25.38652926344246], [90.34324251335585, 25.386461299265896], [90.34318667677277, 25.386398043788176], [90.34312414684244, 25.386340125173213], [90.34305554340253, 25.38628811883326], [90.34298155007089, 25.38624254255922], [90.34290290166945, 25.386203848404257], [90.34282037883419, 25.386172421060607], [90.34273480262529, 25.38614857380109], [90.34264702374728, 25.38613254198641], [90.34255791446436, 25.38612448631119], [90.34246835961706, 25.38612448631119], [90.34237925033413, 25.38613254198641]], [[90.36044050255215, 25.386635715470877], [90.36035272367417, 25.386651747218743], [90.36026714746528, 25.386675594378882], [90.36018462463001, 25.38670702159157], [90.36010597622857, 25.386745715585253], [90.36003198289693, 25.38679129166939], [90.35996337945699, 25.38684329779257], [90.3599008495267, 25.38690121616619], [90.35984501294357, 25.386964471380306], [90.3597964257648, 25.387032435273607], [90.35975556948738, 25.387104431803145], [90.35972285194642, 25.387179745160466], [90.35969859653542, 25.38725762788744], [90.35968304579954, 25.387337304934498], [90.35967635335066, 25.38741798502266], [90.35967858566414, 25.38749886632479], [90.3596897211804, 25.387579144581125], [90.35970964940668, 25.387658022026535], [90.35973817091696, 25.387734715506124], [90.35977500364025, 25.38780846215585], [90.3598197810639, 25.387878528329676], [90.35987205852186, 25.387944219337765], [90.35993131499126, 25.38800488106949], [90.35999696297391, 25.388059910543195], [90.36006835029288, 25.388108762398407], [90.36014476638084, 25.388150949706844], [90.36022545216137, 25.388186052899318], [90.36030960633715, 25.38821372463471], [90.36039639167844, 25.38823368817651], [90.36048494580253, 25.388245747131293], [90.36057438925876, 25.388249779767555], [90.36066383271495, 25.388245747131293], [90.36075238683902, 25.38823368817651], [90.3608391721803, 25.38821372463471], [90.36092332635613, 25.388186052899318], [90.36100401213663, 25.388150949706844], [90.36108042822458, 25.388108762398407], [90.3611518155436, 25.388059910543195], [90.36121746352624, 25.38800488106949], [90.36127671999564, 25.387944219337765], [90.3613289974536, 25.387878528329676], [90.36137377487725, 25.38780846215585], [90.36141060760055, 25.387734715506124], [90.36143912911079, 25.387658022026535], [90.36145905733706, 25.387579144581125], [90.36147019285332, 25.38749886632479], [90.3614724251668, 25.38741798502266], [90.36146573271792, 25.387337304934498], [90.36145018198204, 25.38725762788744], [90.36142592657109, 25.387179745160466], [90.3613932090301, 25.387104431803145], [90.36135235275268, 25.387032435273607], [90.3613037655739, 25.386964471380306], [90.36124792899076, 25.38690121616619], [90.36118539906049, 25.38684329779257], [90.36111679562055, 25.38679129166939], [90.36104280228892, 25.386745715585253], [90.36096415388748, 25.38670702159157], [90.36088163105222, 25.386675594378882], [90.36079605484329, 25.386651747218743], [90.36070827596532, 25.386635715470877], [90.36061916668241, 25.38662765982924], [90.36052961183509, 25.38662765982924], [90.36044050255215, 25.386635715470877]], [[90.35356460961962, 25.388216529383104], [90.35348208678437, 25.38818510256333], [90.35339651057544, 25.388161255701345], [90.35330873169745, 25.388145224153934], [90.35321962241454, 25.38813716861302], [90.35313006756724, 25.38813716861302], [90.35304095828432, 25.388145224153934], [90.35295317940631, 25.388161255701345], [90.35286760319741, 25.38818510256333], [90.35278508036215, 25.388216529383104], [90.35270643196071, 25.388255222892987], [90.35263243862906, 25.388300798407293], [90.35256383518913, 25.388352803880256], [90.35250130525883, 25.38841072152974], [90.35244546867575, 25.388473975952966], [90.35239688149696, 25.388541938996525], [90.3523560252195, 25.388613934625887], [90.35232330767856, 25.388689247041576], [90.35229905226757, 25.388767128794775], [90.35228350153167, 25.388846804845585], [90.35227680908284, 25.388927483925038], [90.35227904139629, 25.389008364215883], [90.35229017691258, 25.389088641468483], [90.35231010513883, 25.389167517927692], [90.35233862664909, 25.389244210448357], [90.35237545937238, 25.389317956176], [90.35242023679604, 25.389388021473764], [90.35247251425399, 25.389453711660508], [90.35253177072339, 25.389514372633744], [90.35259741870604, 25.389569401419394], [90.35266880602501, 25.389618252663787], [90.35274522211297, 25.38966043944471], [90.3528259078935, 25.389695542198304], [90.35291006206933, 25.389723213587704], [90.35299684741058, 25.389743176879882], [90.35308540153468, 25.389755235683857], [90.35317484499089, 25.389759268269735], [90.3532642884471, 25.389755235683857], [90.35335284257116, 25.389743176879882], [90.35343962791245, 25.389723213587704], [90.35352378208827, 25.389695542198304], [90.35360446786876, 25.38966043944471], [90.35368088395673, 25.389618252663787], [90.35375227127574, 25.389569401419394], [90.35381791925839, 25.389514372633744], [90.35387717572779, 25.389453711660508], [90.35392945318574, 25.389388021473764], [90.3539742306094, 25.389317956176], [90.35401106333268, 25.389244210448357], [90.35403958484295, 25.389167517927692], [90.3540595130692, 25.389088641468483], [90.35407064858545, 25.389008364215883], [90.35407288089894, 25.388927483925038], [90.35406618845006, 25.388846804845585], [90.35405063771421, 25.388767128794775], [90.35402638230322, 25.388689247041576], [90.35399366476227, 25.388613934625887], [90.3539528084848, 25.388541938996525], [90.35390422130602, 25.388473975952966], [90.35384838472291, 25.38841072152974], [90.35378585479262, 25.388352803880256], [90.35371725135269, 25.388300798407293], [90.35364325802107, 25.388255222892987], [90.35356460961962, 25.388216529383104]], [[90.37597408869847, 25.388428287697508], [90.3758863098205, 25.38844431920734], [90.37580073361156, 25.38846816601341], [90.3757182107763, 25.388499592759498], [90.37563956237486, 25.388538286178683], [90.37556556904323, 25.388583861586113], [90.3754969656033, 25.388635866937143], [90.37543443567301, 25.388693784450794], [90.37537859908988, 25.388757038725753], [90.3753300119111, 25.388825001609927], [90.37528915563368, 25.388896997070518], [90.3752564380927, 25.388972309309608], [90.37523218268174, 25.38905019088021], [90.37521663194586, 25.389129866744216], [90.37520993949697, 25.389210545634477], [90.37521217181047, 25.389291425735696], [90.37522330732672, 25.389371702800073], [90.37524323555299, 25.389450579074328], [90.37527175706323, 25.389527271415137], [90.37530858978654, 25.389601016969912], [90.37535336721018, 25.389671082103355], [90.37540564466813, 25.389736772136068], [90.37546490113755, 25.38979743296707], [90.3755305491202, 25.38985246162372], [90.3756019364392, 25.389901312753548], [90.37567835252716, 25.38994349943558], [90.37575903830765, 25.38997860210686], [90.37584319248349, 25.39000627343138], [90.37592997782477, 25.39002623667675], [90.37601853194883, 25.390038295452456], [90.37610797540503, 25.390042328028848], [90.37619741886127, 25.390038295452456], [90.37628597298534, 25.39002623667675], [90.37637275832662, 25.39000627343138], [90.37645691250242, 25.38997860210686], [90.37653759828294, 25.38994349943558], [90.37661401437092, 25.389901312753548], [90.37668540168988, 25.38985246162372], [90.37675104967254, 25.38979743296707], [90.37681030614193, 25.389736772136068], [90.37686258359989, 25.389671082103355], [90.37690736102354, 25.389601016969912], [90.37694419374682, 25.389527271415137], [90.37697271525711, 25.389450579074328], [90.37699264348339, 25.389371702800073], [90.37700377899964, 25.389291425735696], [90.37700601131313, 25.389210545634477], [90.37699931886425, 25.389129866744216], [90.37698376812835, 25.38905019088021], [90.37695951271738, 25.388972309309608], [90.37692679517642, 25.388896997070518], [90.376885938899, 25.388825001609927], [90.37683735172021, 25.388757038725753], [90.3767815151371, 25.388693784450794], [90.3767189852068, 25.388635866937143], [90.37665038176686, 25.388583861586113], [90.37657638843521, 25.388538286178683], [90.37649774003377, 25.388499592759498], [90.37641521719851, 25.38846816601341], [90.37632964098961, 25.38844431920734], [90.37624186211163, 25.388428287697508], [90.37615275282869, 25.388420232175488], [90.37606319798138, 25.388420232175488], [90.37597408869847, 25.388428287697508]], [[90.39054970962917, 25.388925157198695], [90.39046193075116, 25.388941188642548], [90.39037635454227, 25.38896503535048], [90.39029383170701, 25.388996461967192], [90.39021518330556, 25.38903515522715], [90.3901411899739, 25.389080730446974], [90.390072586534, 25.389132735584006], [90.39001005660369, 25.38919065285928], [90.38995422002058, 25.38925390687387], [90.38990563284182, 25.38932186947836], [90.38986477656435, 25.389393864642635], [90.3898320590234, 25.389469176571772], [90.3898078036124, 25.38954705782181], [90.38979225287652, 25.389626733357893], [90.38978556042768, 25.389707411916113], [90.38978779274115, 25.389788291684432], [90.38979892825742, 25.389868568418375], [90.38981885648366, 25.389947444367994], [90.38984737799395, 25.390024136393194], [90.38988421071723, 25.390097881644426], [90.38992898814088, 25.390167946489495], [90.38998126559883, 25.39023363625184], [90.39004052206823, 25.39029429683317], [90.39010617005088, 25.390349325263333], [90.39017755736991, 25.390398176192086], [90.39025397345786, 25.390440362700488], [90.39033465923835, 25.390475465227272], [90.39041881341417, 25.39050313643792], [90.39050559875544, 25.390523099601122], [90.39059415287954, 25.3905351583272], [90.39068359633573, 25.390539190886987], [90.39077303979194, 25.3905351583272], [90.39086159391601, 25.390523099601122], [90.3909483792573, 25.39050313643792], [90.39103253343312, 25.390475465227272], [90.39111321921361, 25.390440362700488], [90.39118963530157, 25.390398176192086], [90.39126102262058, 25.390349325263333], [90.39132667060322, 25.39029429683317], [90.39138592707263, 25.39023363625184], [90.39143820453059, 25.390167946489495], [90.39148298195424, 25.390097881644426], [90.39151981467754, 25.390024136393194], [90.39154833618781, 25.389947444367994], [90.39156826441406, 25.389868568418375], [90.39157939993031, 25.389788291684432], [90.3915816322438, 25.389707411916113], [90.39157493979495, 25.389626733357893], [90.39155938905907, 25.38954705782181], [90.39153513364806, 25.389469176571772], [90.39150241610712, 25.389393864642635], [90.39146155982966, 25.38932186947836], [90.39141297265088, 25.38925390687387], [90.39135713606777, 25.38919065285928], [90.39129460613746, 25.389132735584006], [90.39122600269754, 25.389080730446974], [90.39115200936592, 25.38903515522715], [90.39107336096447, 25.388996461967192], [90.3909908381292, 25.38896503535048], [90.39090526192031, 25.388941188642548], [90.3908174830423, 25.388925157198695], [90.39072837375939, 25.388917101709804], [90.39063881891208, 25.388917101709804], [90.39054970962917, 25.388925157198695]], [[90.40081359326585, 25.389284559194863], [90.40072581438788, 25.389300590590956], [90.40064023817895, 25.3893244372279], [90.4005577153437, 25.389355863751078], [90.4004790669423, 25.389394556895805], [90.40040507361063, 25.38944013197999], [90.40033647017069, 25.38949213696219], [90.40027394024041, 25.38955005406504], [90.40021810365728, 25.389613307891327], [90.40016951647851, 25.389681270293483], [90.40012866020109, 25.389753265243414], [90.40009594266009, 25.38982857694831], [90.40007168724914, 25.3899064579665], [90.40005613651326, 25.389986133265413], [90.40004944406438, 25.390066811583427], [90.40005167637786, 25.390147691110965], [90.40006281189412, 25.390227967605906], [90.40008274012038, 25.3903068433207], [90.40011126163067, 25.39038353511757], [90.40014809435392, 25.39045728014926], [90.40019287177758, 25.390527344785724], [90.40024514923553, 25.3905930343525], [90.40030440570493, 25.390653694753237], [90.40037005368758, 25.390708723019564], [90.40044144100659, 25.39075757380288], [90.40051785709454, 25.390799760185676], [90.40059854287504, 25.390834862607957], [90.40068269705087, 25.390862533736218], [90.40076948239216, 25.390882496839993], [90.40085803651623, 25.390894555530153], [90.40094747997243, 25.390898588077945], [90.40103692342866, 25.390894555530153], [90.40112547755274, 25.390882496839993], [90.40121226289402, 25.390862533736218], [90.40129641706984, 25.390834862607957], [90.40137710285035, 25.390799760185676], [90.4014535189383, 25.39075757380288], [90.40152490625731, 25.390708723019564], [90.40159055423992, 25.390653694753237], [90.40164981070932, 25.3905930343525], [90.40170208816731, 25.390527344785724], [90.40174686559097, 25.39045728014926], [90.40178369831423, 25.39038353511757], [90.40181221982449, 25.3903068433207], [90.40183214805077, 25.390227967605906], [90.40184328356703, 25.390147691110965], [90.40184551588051, 25.390066811583427], [90.40183882343165, 25.389986133265413], [90.40182327269575, 25.3899064579665], [90.40179901728476, 25.38982857694831], [90.4017662997438, 25.389753265243414], [90.40172544346638, 25.389681270293483], [90.40167685628761, 25.389613307891327], [90.40162101970449, 25.38955005406504], [90.40155848977419, 25.38949213696219], [90.40148988633425, 25.38944013197999], [90.4014158930026, 25.389394556895805], [90.40133724460118, 25.389355863751078], [90.40125472176592, 25.3893244372279], [90.401169145557, 25.389300590590956], [90.40108136667902, 25.389284559194863], [90.40099225739608, 25.38927650372994], [90.40090270254878, 25.38927650372994], [90.40081359326585, 25.389284559194863]], [[90.41274834153442, 25.3896439593095], [90.41266056265641, 25.389659990657897], [90.41257498644752, 25.38968383722384], [90.41249246361225, 25.389715263653418], [90.41241381521081, 25.389753956683], [90.41233982187916, 25.389799531631475], [90.41227121843926, 25.389851536458846], [90.41220868850894, 25.389909453389286], [90.41215285192584, 25.38997270702723], [90.41210426474707, 25.390040669227066], [90.4120634084696, 25.390112663962668], [90.41203069092866, 25.39018797544337], [90.41200643551765, 25.3902658562297], [90.41199088478177, 25.39034553129137], [90.41198419233294, 25.3904262093692], [90.41198642464639, 25.390507088655944], [90.41199756016267, 25.390587364911898], [90.41201748838891, 25.390666240391855], [90.4120460098992, 25.3907429319604], [90.41208284262248, 25.390816676772527], [90.41212762004614, 25.390886741200408], [90.41217989750409, 25.390952430571595], [90.4122391539735, 25.391013090791727], [90.41230480195614, 25.39106811889422], [90.41237618927515, 25.391116969532106], [90.41245260536311, 25.391159155789307], [90.4125332911436, 25.391194258107063], [90.41261744531943, 25.391221929152948], [90.41270423066068, 25.391241892197286], [90.41279278478478, 25.391253950851556], [90.41288222824099, 25.391257983387323], [90.41297167169719, 25.391253950851556], [90.41306022582127, 25.391241892197286], [90.41314701116255, 25.391221929152948], [90.41323116533837, 25.391194258107063], [90.41331185111886, 25.391159155789307], [90.41338826720681, 25.391116969532106], [90.41345965452584, 25.39106811889422], [90.41352530250849, 25.391013090791727], [90.41358455897789, 25.390952430571595], [90.41363683643584, 25.390886741200408], [90.4136816138595, 25.390816676772527], [90.41371844658278, 25.3907429319604], [90.41374696809306, 25.390666240391855], [90.4137668963193, 25.390587364911898], [90.41377803183556, 25.390507088655944], [90.41378026414904, 25.3904262093692], [90.4137735717002, 25.39034553129137], [90.41375802096432, 25.3902658562297], [90.41373376555332, 25.39018797544337], [90.41370104801237, 25.390112663962668], [90.4136601917349, 25.390040669227066], [90.41361160455614, 25.38997270702723], [90.41355576797301, 25.389909453389286], [90.41349323804272, 25.389851536458846], [90.41342463460278, 25.389799531631475], [90.41335064127117, 25.389753956683], [90.41327199286971, 25.389715263653418], [90.41318947003445, 25.38968383722384], [90.41310389382556, 25.389659990657897], [90.41301611494755, 25.3896439593095], [90.41292700566464, 25.38963590386856], [90.41283745081734, 25.38963590386856], [90.41274834153442, 25.3896439593095]], [[90.43828155840185, 25.386711113523788], [90.4383472063845, 25.386766143587195], [90.43841859370352, 25.38681499596591], [90.43849500979148, 25.38685718372642], [90.43857569557197, 25.38689228729505], [90.43865984974781, 25.38691995932697], [90.43874663508909, 25.386939923082736], [90.43883518921315, 25.386951982166725], [90.43892463266936, 25.386956014846202], [90.43901407612559, 25.386951982166725], [90.43910263024966, 25.386939923082736], [90.43918941559095, 25.38691995932697], [90.43927356976674, 25.38689228729505], [90.43935425554726, 25.38685718372642], [90.43943067163524, 25.38681499596591], [90.4395020589542, 25.386766143587195], [90.43956770693686, 25.386711113523788], [90.43962696340625, 25.38665045114202], [90.43967924086425, 25.386584759429986], [90.43972401828786, 25.386514692505344], [90.43976085101114, 25.386440945065367], [90.43978937252143, 25.386364250763936], [90.43980930074771, 25.386285372473274], [90.43982043626396, 25.3862050933567], [90.43982266857745, 25.386124211187866], [90.43981597612857, 25.38604353023517], [90.43980042539268, 25.38596385233432], [90.4397761699817, 25.385885968772783], [90.43974345244074, 25.385810654608452], [90.43970259616331, 25.385738657307403], [90.43965400898453, 25.38567069268583], [90.43959817240142, 25.3856074367939], [90.43953564247111, 25.385549517799678], [90.43946703903119, 25.3854975111192], [90.43939304569953, 25.385451934546694], [90.43931439729809, 25.385413240138394], [90.43923187446283, 25.38538181258894], [90.43914629825393, 25.38535796517327], [90.43905851937595, 25.385341933253645], [90.43896941009301, 25.385333877525664], [90.4388798552457, 25.385333877525664], [90.43879074596279, 25.385341933253645], [90.43870296708482, 25.38535796517327], [90.43861739087588, 25.38538181258894], [90.43853486804062, 25.385413240138394], [90.43845621963918, 25.385451934546694], [90.43838222630755, 25.3854975111192], [90.43831362286762, 25.385549517799678], [90.43825109293734, 25.3856074367939], [90.43819525635422, 25.38567069268583], [90.43814666917542, 25.385738657307403], [90.438105812898, 25.385810654608452], [90.43807309535703, 25.385885968772783], [90.43804883994608, 25.38596385233432], [90.43803328921018, 25.38604353023517], [90.4380265967613, 25.386124211187866], [90.4380288290748, 25.3862050933567], [90.43803996459104, 25.386285372473274], [90.43805989281731, 25.386364250763936], [90.43808841432755, 25.386440945065367], [90.43812524705086, 25.386514692505344], [90.4381700244745, 25.386584759429986], [90.43822230193246, 25.38665045114202], [90.43828155840185, 25.386711113523788]], [[90.45978712389575, 25.386341972310486], [90.45981564540602, 25.38641866662605], [90.45985247812932, 25.38649241407964], [90.45989725555297, 25.386562481017222], [90.45994953301093, 25.386628172741368], [90.46000878948033, 25.386688835134343], [90.46007443746298, 25.386743865207887], [90.46014582478195, 25.386792717595586], [90.4602222408699, 25.386834905363884], [90.46030292665044, 25.386870008939027], [90.46038708082622, 25.386897680976062], [90.46047386616752, 25.386917644735465], [90.4605624202916, 25.386929703821682], [90.46065186374781, 25.386933736501895], [90.46074130720402, 25.386929703821682], [90.4608298613281, 25.386917644735465], [90.46091664666938, 25.386897680976062], [90.4610008008452, 25.386870008939027], [90.4610814866257, 25.386834905363884], [90.46115790271365, 25.386792717595586], [90.46122929003266, 25.386743865207887], [90.46129493801531, 25.386688835134343], [90.46135419448471, 25.386628172741368], [90.46140647194267, 25.386562481017222], [90.46145124936632, 25.38649241407964], [90.4614880820896, 25.38641866662605], [90.46151660359985, 25.386341972310486], [90.46153653182613, 25.38626309400527], [90.46154766734239, 25.386182814873877], [90.46154989965586, 25.386101932690117], [90.461543207207, 25.386021251722507], [90.4615276564711, 25.385941573806967], [90.46150340106014, 25.385863690231076], [90.46147068351915, 25.38578837605283], [90.46142982724173, 25.385716378738483], [90.46138124006296, 25.385648414104395], [90.46132540347985, 25.38558515820081], [90.46126287354956, 25.385527239195863], [90.46119427010962, 25.38547523250582], [90.46112027677799, 25.385429655924902], [90.46104162837655, 25.385390961509465], [90.46095910554128, 25.385359533954208], [90.46087352933236, 25.38533568653414], [90.46078575045438, 25.385319654611536], [90.46069664117148, 25.385311598882094], [90.46060708632416, 25.385311598882094], [90.46051797704122, 25.385319654611536], [90.46043019816324, 25.38533568653414], [90.46034462195435, 25.385359533954208], [90.46026209911909, 25.385390961509465], [90.46018345071765, 25.385429655924902], [90.46010945738598, 25.38547523250582], [90.46004085394605, 25.385527239195863], [90.45997832401576, 25.38558515820081], [90.45992248743265, 25.385648414104395], [90.4598739002539, 25.385716378738483], [90.45983304397645, 25.38578837605283], [90.45980032643548, 25.385863690231076], [90.45977607102449, 25.385941573806967], [90.45976052028861, 25.386021251722507], [90.45975382783973, 25.386101932690117], [90.45975606015321, 25.386182814873877], [90.45976719566951, 25.38626309400527], [90.45978712389575, 25.386341972310486]], [[90.43280800749305, 25.38666445558718], [90.43289656161713, 25.386652396474478], [90.43298334695841, 25.38663243267117], [90.43306750113423, 25.386604760573363], [90.43314818691474, 25.38656965692112], [90.4332246030027, 25.38652746906013], [90.4332959903217, 25.386478616565082], [90.43336163830435, 25.386423586370636], [90.43342089477375, 25.38636292384441], [90.4334731722317, 25.38629723197593], [90.43351794965535, 25.38622716488446], [90.43355478237865, 25.38615341726883], [90.4335833038889, 25.386076722784768], [90.43360323211517, 25.385997844306278], [90.43361436763142, 25.38591756499854], [90.43361659994491, 25.385836682637077], [90.43360990749603, 25.385756001492236], [90.43359435676018, 25.385676323401636], [90.43357010134919, 25.385598439654636], [90.4335373838082, 25.385523125310957], [90.43349652753078, 25.385451127838465], [90.433447940352, 25.385383163055028], [90.43339210376888, 25.38531990701248], [90.43332957383859, 25.385261987880348], [90.43326097039866, 25.38520998107602], [90.43318697706704, 25.385164404394967], [90.4331083286656, 25.385125709894535], [90.43302580583033, 25.385094282270245], [90.4329402296214, 25.385070434797786], [90.43285245074341, 25.38505440283998], [90.43276334146051, 25.385046347092814], [90.4326737866132, 25.385046347092814], [90.43258467733025, 25.38505440283998], [90.43249689845227, 25.385070434797786], [90.43241132224338, 25.385094282270245], [90.43232879940813, 25.385125709894535], [90.43225015100668, 25.385164404394967], [90.43217615767502, 25.38520998107602], [90.43210755423509, 25.385261987880348], [90.4320450243048, 25.38531990701248], [90.43198918772168, 25.385383163055028], [90.43194060054293, 25.385451127838465], [90.43189974426548, 25.385523125310957], [90.43186702672452, 25.385598439654636], [90.43184277131353, 25.385676323401636], [90.43182722057765, 25.385756001492236], [90.43182052812877, 25.385836682637077], [90.43182276044226, 25.38591756499854], [90.43183389595855, 25.385997844306278], [90.43185382418478, 25.386076722784768], [90.43188234569506, 25.38615341726883], [90.43191917841835, 25.38622716488446], [90.43196395584201, 25.38629723197593], [90.43201623329996, 25.38636292384441], [90.43207548976936, 25.386423586370636], [90.43214113775201, 25.386478616565082], [90.43221252507098, 25.38652746906013], [90.43228894115894, 25.38656965692112], [90.43236962693948, 25.386604760573363], [90.43245378111526, 25.38663243267117], [90.43254056645655, 25.386652396474478], [90.43262912058066, 25.38666445558718], [90.43271856403685, 25.386668488276253], [90.43280800749305, 25.38666445558718]], [[90.43285401650697, 25.391923928569422], [90.43282129896602, 25.39184861817177], [90.43278044268855, 25.391776624471504], [90.43273185550981, 25.391708663249002], [90.43267601892668, 25.39164541052067], [90.4326134889964, 25.391587494423117], [90.43254488555647, 25.391535490343607], [90.43247089222481, 25.391489916050478], [90.43239224382336, 25.39145122357737], [90.4323097209881, 25.391419797599667], [90.4322241447792, 25.391395951376655], [90.4321363659012, 25.39137992025882], [90.43204725661828, 25.391371864933717], [90.43195770177098, 25.391371864933717], [90.43186859248807, 25.39137992025882], [90.43178081361009, 25.391395951376655], [90.43169523740116, 25.391419797599667], [90.4316127145659, 25.39145122357737], [90.43153406616445, 25.391489916050478], [90.43146007283283, 25.391535490343607], [90.4313914693929, 25.391587494423117], [90.4313289394626, 25.39164541052067], [90.43127310287949, 25.391708663249002], [90.4312245157007, 25.391776624471504], [90.43118365942325, 25.39184861817177], [90.43115094188231, 25.391923928569422], [90.4311266864713, 25.392001808235758], [90.43111113573545, 25.392081482151664], [90.43110444328657, 25.392162159069283], [90.43110667560006, 25.39224303719291], [90.43111781111631, 25.392323312294426], [90.43113773934256, 25.39240218664008], [90.43116626085283, 25.392478877105724], [90.43120309357613, 25.39255262085734], [90.43124787099977, 25.392622684277608], [90.43130014845774, 25.392688372704118], [90.43135940492714, 25.39274903205189], [90.43142505290979, 25.392804059363023], [90.43149644022878, 25.392852909298373], [90.43157285631676, 25.39289509494889], [90.43165354209725, 25.392930196761828], [90.43173769627307, 25.392957867409763], [90.43182448161436, 25.39297783016701], [90.43191303573843, 25.392989888647865], [90.43200247919464, 25.392993921125633], [90.43209192265083, 25.392989888647865], [90.43218047677493, 25.39297783016701], [90.4322672621162, 25.392957867409763], [90.43235141629202, 25.392930196761828], [90.43243210207254, 25.39289509494889], [90.4325085181605, 25.392852909298373], [90.43257990547947, 25.392804059363023], [90.43264555346212, 25.39274903205189], [90.43270480993154, 25.392688372704118], [90.43275708738949, 25.392622684277608], [90.43280186481314, 25.39255262085734], [90.43283869753643, 25.392478877105724], [90.43286721904671, 25.39240218664008], [90.43288714727295, 25.392323312294426], [90.43289828278922, 25.39224303719291], [90.43290051510269, 25.392162159069283], [90.43289382265384, 25.392081482151664], [90.43287827191796, 25.392001808235758], [90.43285401650697, 25.391923928569422]], [[90.36379551161068, 25.39269446485266], [90.36384028903433, 25.392624401474016], [90.36387712175762, 25.392550657766293], [90.36390564326787, 25.39247396734626], [90.36392557149414, 25.39239509304751], [90.3639367070104, 25.392314817993704], [90.36393893932389, 25.392233939918167], [90.36393224687501, 25.392153263048552], [90.36391669613913, 25.392073589180022], [90.36389244072816, 25.391995709559993], [90.36385972318718, 25.391920399207137], [90.36381886690975, 25.39184840554968], [90.36377027973097, 25.391780444367598], [90.36371444314784, 25.39171719167687], [90.36365191321757, 25.39165927561376], [90.36358330977762, 25.391607271565178], [90.363509316446, 25.391561697299146], [90.36343066804456, 25.391523004849052], [90.3633481452093, 25.391491578890037], [90.36326256900037, 25.39146773268121], [90.3631747901224, 25.391451701572894], [90.36308568083948, 25.391443646252597], [90.36299612599218, 25.391443646252597], [90.36290701670923, 25.391451701572894], [90.36281923783125, 25.39146773268121], [90.36273366162236, 25.391491578890037], [90.36265113878709, 25.391523004849052], [90.36257249038565, 25.391561697299146], [90.362498497054, 25.391607271565178], [90.36242989361406, 25.39165927561376], [90.36236736368376, 25.39171719167687], [90.36231152710064, 25.391780444367598], [90.36226293992188, 25.39184840554968], [90.36222208364445, 25.391920399207137], [90.36218936610351, 25.391995709559993], [90.3621651106925, 25.392073589180022], [90.3621495599566, 25.392153263048552], [90.36214286750774, 25.392233939918167], [90.36214509982122, 25.392314817993704], [90.36215623533748, 25.39239509304751], [90.36217616356376, 25.39247396734626], [90.36220468507403, 25.392550657766293], [90.36224151779729, 25.392624401474016], [90.36228629522094, 25.39269446485266], [90.36233857267894, 25.3927601532401], [90.36239782914834, 25.392820812551804], [90.36246347713099, 25.392875839830175], [90.36253486444996, 25.392924689736507], [90.36261128053792, 25.392966875361925], [90.36269196631845, 25.393001977153997], [90.36277612049423, 25.393029647785458], [90.36286290583551, 25.39304961053086], [90.36295145995959, 25.393061669004542], [90.36304090341584, 25.393065701479927], [90.36313034687203, 25.393061669004542], [90.36321890099609, 25.39304961053086], [90.36330568633738, 25.393029647785458], [90.36338984051321, 25.393001977153997], [90.36347052629371, 25.392966875361925], [90.36354694238166, 25.392924689736507], [90.36361832970067, 25.392875839830175], [90.36368397768332, 25.392820812551804], [90.36374323415272, 25.3927601532401], [90.36379551161068, 25.39269446485266]], [[90.32028460381291, 25.393024248697756], [90.32033688127086, 25.392958560454], [90.32038165869452, 25.39288849722869], [90.3204184914178, 25.392814753682295], [90.32044701292808, 25.39273806343008], [90.32046694115432, 25.392659189303895], [90.3204780766706, 25.39257891442573], [90.3204803089841, 25.392498036527147], [90.32047361653522, 25.392417359834038], [90.32045806579933, 25.392337686139843], [90.32043381038834, 25.392259806690216], [90.32040109284739, 25.392184496502086], [90.32036023656993, 25.392112503002142], [90.32031164939119, 25.392044541968783], [90.32025581280806, 25.391981289416464], [90.32019328287777, 25.391923373480022], [90.32012467943784, 25.391871369545242], [90.32005068610619, 25.391825795378942], [90.31997203770473, 25.39178710301349], [90.31988951486947, 25.39175567712324], [90.31980393866058, 25.391731830966574], [90.3197161597826, 25.39171579989332], [90.31962705049966, 25.391707744590665], [90.31953749565236, 25.391707744590665], [90.31944838636944, 25.39171579989332], [90.31936060749146, 25.391731830966574], [90.31927503128253, 25.39175567712324], [90.31919250844727, 25.39178710301349], [90.31911386004582, 25.391825795378942], [90.3190398667142, 25.391871369545242], [90.31897126327428, 25.391923373480022], [90.31890873334397, 25.391981289416464], [90.31885289676086, 25.392044541968783], [90.31880430958208, 25.392112503002142], [90.31876345330465, 25.392184496502086], [90.31873073576368, 25.392259806690216], [90.31870648035272, 25.392337686139843], [90.31869092961682, 25.392417359834038], [90.31868423716794, 25.392498036527147], [90.31868646948143, 25.39257891442573], [90.31869760499768, 25.392659189303895], [90.31871753322397, 25.39273806343008], [90.3187460547342, 25.392814753682295], [90.3187828874575, 25.39288849722869], [90.31882766488116, 25.392958560454], [90.31887994233911, 25.393024248697756], [90.31893919880852, 25.393084907876716], [90.31900484679116, 25.393139935034725], [90.31907623411017, 25.393188784834127], [90.31915265019813, 25.393230970367256], [90.31923333597862, 25.39326607208255], [90.31931749015445, 25.393293742653466], [90.31940427549573, 25.393313705355155], [90.3194928296198, 25.393325763802462], [90.31958227307601, 25.39332979626902], [90.31967171653224, 25.393325763802462], [90.3197602706563, 25.393313705355155], [90.3198470559976, 25.393293742653466], [90.3199312101734, 25.39326607208255], [90.32001189595391, 25.393230970367256], [90.32008831204188, 25.393188784834127], [90.32015969936086, 25.393139935034725], [90.32022534734351, 25.393084907876716], [90.32028460381291, 25.393024248697756]], [[90.40478428606056, 25.39313146107963], [90.4047434297831, 25.393203453971832], [90.40471071224214, 25.39327876352417], [90.40468645683116, 25.393356642316363], [90.40467090609526, 25.393436315337997], [90.40466421364643, 25.393516991350022], [90.40466644595988, 25.39359786856587], [90.40467758147616, 25.393678142766333], [90.4046975097024, 25.393757016226676], [90.40472603121269, 25.393833705831508], [90.40476286393597, 25.393907448755378], [90.40480764135962, 25.39397751138921], [90.40485991881758, 25.394043199078403], [90.40491917528698, 25.394103857745293], [90.40498482326963, 25.394158884438724], [90.40505621058864, 25.394207733825787], [90.40513262667659, 25.39424991900278], [90.4052133124571, 25.394285020421712], [90.40529746663292, 25.394312690759023], [90.40538425197417, 25.39433265329223], [90.40547280609827, 25.39434471163772], [90.40556224955448, 25.394348744070236], [90.40565169301068, 25.39434471163772], [90.40574024713474, 25.39433265329223], [90.40582703247603, 25.394312690759023], [90.40591118665186, 25.394285020421712], [90.40599187243235, 25.39424991900278], [90.40606828852032, 25.394207733825787], [90.40613967583931, 25.394158884438724], [90.40620532382196, 25.394103857745293], [90.40626458029138, 25.394043199078403], [90.40631685774933, 25.39397751138921], [90.40636163517297, 25.393907448755378], [90.40639846789628, 25.393833705831508], [90.40642698940654, 25.393757016226676], [90.40644691763279, 25.393678142766333], [90.40645805314904, 25.39359786856587], [90.40646028546253, 25.393516991350022], [90.4064535930137, 25.393436315337997], [90.4064380422778, 25.393356642316363], [90.4064137868668, 25.39327876352417], [90.40638106932585, 25.393203453971832], [90.40634021304841, 25.39313146107963], [90.40629162586961, 25.393063500619952], [90.4062357892865, 25.39300024860157], [90.40617325935621, 25.392942333154085], [90.40610465591628, 25.39289032965827], [90.40603066258466, 25.392844755876677], [90.40595201418321, 25.392806063837853], [90.40586949134796, 25.392774638212888], [90.40578391513905, 25.392750792257527], [90.40569613626104, 25.392734761319623], [90.40560702697813, 25.392726706084947], [90.40551747213082, 25.392726706084947], [90.4054283628479, 25.392734761319623], [90.4053405839699, 25.392750792257527], [90.405255007761, 25.392774638212888], [90.40517248492574, 25.392806063837853], [90.4050938365243, 25.392844755876677], [90.40501984319265, 25.39289032965827], [90.40495123975273, 25.392942333154085], [90.40488870982242, 25.39300024860157], [90.40483287323934, 25.393063500619952], [90.40478428606056, 25.39313146107963]], [[90.412509646587, 25.393309785690022], [90.41242186770901, 25.39332581655158], [90.4123362915001, 25.393349662393344], [90.41225376866484, 25.39338108786857], [90.41217512026338, 25.3934197797231], [90.41210112693177, 25.39346535328755], [90.41203252349183, 25.39351735653561], [90.41196999356154, 25.39357527170719], [90.41191415697843, 25.393638523424233], [90.41186556979964, 25.39370648356014], [90.41182471352222, 25.393778476109368], [90.41179199598123, 25.393853785302962], [90.41176774057027, 25.39393166372414], [90.41175218983439, 25.39401133636617], [90.41174549738551, 25.39409201199388], [90.411747729699, 25.394172888824396], [90.41175886521525, 25.394253162642443], [90.41177879344153, 25.394332035726997], [90.41180731495182, 25.39440872496646], [90.41184414767505, 25.394482467539003], [90.41188892509871, 25.394552529839057], [90.41194120255666, 25.394618217215296], [90.41200045902606, 25.3946788755932], [90.41206610700871, 25.3947339020245], [90.41213749432774, 25.3947827511788], [90.4122139104157, 25.39482493615481], [90.41229459619618, 25.394860037406506], [90.412378750372, 25.39488770761203], [90.4124655357133, 25.394907670050088], [90.41255408983737, 25.394919728338138], [90.41264353329356, 25.394923760751453], [90.41273297674981, 25.394919728338138], [90.41282153087387, 25.394907670050088], [90.41290831621515, 25.39488770761203], [90.41299247039098, 25.394860037406506], [90.41307315617148, 25.39482493615481], [90.41314957225944, 25.3947827511788], [90.41322095957842, 25.3947339020245], [90.41328660756108, 25.3946788755932], [90.41334586403048, 25.394618217215296], [90.41339814148844, 25.394552529839057], [90.4134429189121, 25.394482467539003], [90.41347975163536, 25.39440872496646], [90.41350827314564, 25.394332035726997], [90.41352820137192, 25.394253162642443], [90.41353933688816, 25.394172888824396], [90.41354156920167, 25.39409201199388], [90.41353487675279, 25.39401133636617], [90.4135193260169, 25.39393166372414], [90.4134950706059, 25.393853785302962], [90.41346235306496, 25.393778476109368], [90.41342149678754, 25.39370648356014], [90.41337290960875, 25.393638523424233], [90.41331707302562, 25.39357527170719], [90.41325454309533, 25.39351735653561], [90.4131859396554, 25.39346535328755], [90.41311194632375, 25.3934197797231], [90.4130332979223, 25.39338108786857], [90.41295077508704, 25.393349662393344], [90.41286519887814, 25.39332581655158], [90.41277742000017, 25.393309785690022], [90.41268831071721, 25.393301730493715], [90.41259875586992, 25.393301730493715], [90.412509646587, 25.393309785690022]], [[90.34838639692845, 25.39491365334374], [90.34831240359682, 25.394868080326113], [90.34823375519538, 25.394829388935893], [90.34815123236012, 25.39479796383773], [90.34806565615119, 25.3947741182821], [90.34797787727322, 25.394758087612903], [90.3478887679903, 25.394750032513286], [90.347799213143, 25.394750032513286], [90.34771010386005, 25.394758087612903], [90.34762232498207, 25.3947741182821], [90.34753674877318, 25.39479796383773], [90.34745422593791, 25.394829388935893], [90.34737557753647, 25.394868080326113], [90.34730158420483, 25.39491365334374], [90.34723298076489, 25.394965655967763], [90.34717045083458, 25.395023570444415], [90.34711461425147, 25.39508682140245], [90.3470660270727, 25.39515478072285], [90.34702517079528, 25.395226772408186], [90.34699245325433, 25.395302080698112], [90.34696819784332, 25.395379958184762], [90.34695264710743, 25.395459629870746], [90.34694595465857, 25.39554030453037], [90.34694818697204, 25.395621180390386], [90.3469593224883, 25.39570145324517], [90.34697925071458, 25.395780325383278], [90.34700777222486, 25.395857013702493], [90.34704460494815, 25.395930755390093], [90.34708938237179, 25.396000816849437], [90.34714165982975, 25.39606650343742], [90.34720091629916, 25.39612716108744], [90.34726656428181, 25.39618218685838], [90.34733795160078, 25.3962310354265], [90.34741436768874, 25.39627321989628], [90.34749505346926, 25.396308320726796], [90.34757920764505, 25.39633599060024], [90.34766599298634, 25.396355952798753], [90.34775454711041, 25.3963680109421], [90.34784399056666, 25.39637204330702], [90.34793343402285, 25.3963680109421], [90.34802198814691, 25.396355952798753], [90.3481087734882, 25.39633599060024], [90.34819292766403, 25.396308320726796], [90.34827361344453, 25.39627321989628], [90.34835002953248, 25.3962310354265], [90.3484214168515, 25.39618218685838], [90.34848706483415, 25.39612716108744], [90.34854632130354, 25.39606650343742], [90.3485985987615, 25.396000816849437], [90.34864337618517, 25.395930755390093], [90.34868020890845, 25.395857013702493], [90.34870873041869, 25.395780325383278], [90.34872865864496, 25.39570145324517], [90.34873979416122, 25.395621180390386], [90.34874202647471, 25.39554030453037], [90.34873533402583, 25.395459629870746], [90.34871978328995, 25.395379958184762], [90.34869552787899, 25.395302080698112], [90.348662810338, 25.395226772408186], [90.34862195406058, 25.39515478072285], [90.3485733668818, 25.39508682140245], [90.34851753029868, 25.395023570444415], [90.34845500036839, 25.394965655967763], [90.34838639692845, 25.39491365334374]], [[90.31417840807703, 25.396319373420653], [90.31423766454644, 25.396258715867248], [90.31428994200442, 25.396193029383866], [90.31433471942808, 25.396122968036124], [90.31437155215134, 25.396049226465962], [90.31440007366162, 25.39597253826888], [90.31442000188788, 25.39589366625639], [90.31443113740414, 25.395813393529465], [90.31443336971762, 25.39573251779825], [90.31442667726876, 25.395651843267142], [90.31441112653286, 25.395572171708015], [90.31438687112187, 25.39549429434539], [90.31435415358091, 25.39541898617544], [90.31431329730349, 25.395346994604758], [90.31426471012472, 25.39527903539257], [90.3142088735416, 25.395215784535257], [90.31414634361131, 25.395157870150864], [90.31407774017137, 25.395105867609626], [90.31400374683972, 25.395060294664592], [90.31392509843828, 25.395021603335987], [90.31384257560302, 25.394990178287873], [90.31375699939412, 25.39496633277023], [90.31366922051615, 25.394950302126592], [90.3135801112332, 25.39494224703976], [90.31349055638589, 25.39494224703976], [90.31340144710298, 25.394950302126592], [90.31331366822499, 25.39496633277023], [90.31322809201608, 25.394990178287873], [90.3131455691808, 25.395021603335987], [90.31306692077936, 25.395060294664592], [90.31299292744775, 25.395105867609626], [90.31292432400781, 25.395157870150864], [90.31286179407752, 25.395215784535257], [90.3128059574944, 25.39527903539257], [90.31275737031562, 25.395346994604758], [90.3127165140382, 25.39541898617544], [90.31268379649721, 25.39549429434539], [90.31265954108625, 25.395572171708015], [90.31264399035037, 25.395651843267142], [90.31263729790149, 25.39573251779825], [90.31263953021497, 25.395813393529465], [90.31265066573123, 25.39589366625639], [90.3126705939575, 25.39597253826888], [90.31269911546778, 25.396049226465962], [90.31273594819103, 25.396122968036124], [90.31278072561469, 25.396193029383866], [90.31283300307264, 25.396258715867248], [90.31289225954204, 25.396319373420653], [90.31295790752469, 25.396374399103962], [90.3130292948437, 25.3964232475943], [90.31310571093165, 25.396465431996894], [90.31318639671215, 25.396500532771483], [90.31327055088798, 25.39652820260086], [90.31335733622927, 25.396548164767605], [90.31344589035335, 25.39656022289174], [90.31353533380954, 25.396564255250237], [90.31362477726577, 25.39656022289174], [90.31371333138985, 25.396548164767605], [90.31380011673113, 25.39652820260086], [90.31388427090695, 25.396500532771483], [90.31396495668746, 25.396465431996894], [90.3140413727754, 25.3964232475943], [90.31411276009442, 25.396374399103962], [90.31417840807703, 25.396319373420653]], [[90.38128084851016, 25.396436419114224], [90.3812919840264, 25.39651669142676], [90.3813119122527, 25.396595563032076], [90.38134043376297, 25.396672250833266], [90.38137726648623, 25.39674599202274], [90.38142204390988, 25.396816053008806], [90.38147432136786, 25.396881739153063], [90.38153357783726, 25.396942396393325], [90.3815992258199, 25.396997421792573], [90.3816706131389, 25.397046270030728], [90.38174702922686, 25.39708845421556], [90.38182771500735, 25.397123554808932], [90.38191186918317, 25.397151224495463], [90.38199865452445, 25.397171186559156], [90.38208720864853, 25.397183244621043], [90.38217665210476, 25.397187276958725], [90.38226609556096, 25.397183244621043], [90.38235464968503, 25.397171186559156], [90.38244143502632, 25.397151224495463], [90.38252558920215, 25.397123554808932], [90.38260627498263, 25.39708845421556], [90.3826826910706, 25.397046270030728], [90.38275407838961, 25.396997421792573], [90.38281972637226, 25.396942396393325], [90.38287898284167, 25.396881739153063], [90.38293126029961, 25.396816053008806], [90.38297603772327, 25.39674599202274], [90.38301287044652, 25.396672250833266], [90.38304139195681, 25.396595563032076], [90.38306132018307, 25.39651669142676], [90.38307245569933, 25.396436419114224], [90.38307468801283, 25.396355543800514], [90.38306799556395, 25.396274869685882], [90.38305244482805, 25.39619519853805], [90.38302818941709, 25.39611732157745], [90.38299547187611, 25.39604201379626], [90.38295461559869, 25.395970022597222], [90.38290602841991, 25.39590206373585], [90.3828501918368, 25.395838813205064], [90.38278766190649, 25.395780899119632], [90.38271905846656, 25.395728896846855], [90.38264506513491, 25.39568332413707], [90.3825664167335, 25.395644633008217], [90.38248389389824, 25.39561320812231], [90.3823983176893, 25.395589362727755], [90.38231053881132, 25.39557333216686], [90.38222142952841, 25.395565277121634], [90.38213187468112, 25.395565277121634], [90.38204276539817, 25.39557333216686], [90.38195498652019, 25.395589362727755], [90.38186941031125, 25.39561320812231], [90.381786887476, 25.395644633008217], [90.38170823907458, 25.39568332413707], [90.38163424574293, 25.395728896846855], [90.381565642303, 25.395780899119632], [90.3815031123727, 25.395838813205064], [90.38144727578958, 25.39590206373585], [90.3813986886108, 25.395970022597222], [90.38135783233338, 25.39604201379626], [90.38132511479243, 25.39611732157745], [90.38130085938144, 25.39619519853805], [90.38128530864554, 25.396274869685882], [90.38127861619667, 25.396355543800514], [90.38128084851016, 25.396436419114224]], [[90.44130502803509, 25.393324056354302], [90.44137067601774, 25.393379083403293], [90.44144206333675, 25.393427933105915], [90.4415184794247, 25.393470118555445], [90.4415991652052, 25.393505220201202], [90.44168331938103, 25.393532890717285], [90.44177010472232, 25.393552853379433], [90.4418586588464, 25.393564911802834], [90.44194810230259, 25.393568944261403], [90.44203754575882, 25.393564911802834], [90.4421260998829, 25.393552853379433], [90.44221288522418, 25.393532890717285], [90.44229703939997, 25.393505220201202], [90.4423777251805, 25.393470118555445], [90.44245414126846, 25.393427933105915], [90.44252552858742, 25.393379083403293], [90.44259117657008, 25.393324056354302], [90.44265043303949, 25.393263397295502], [90.44270271049744, 25.393197709181933], [90.44274748792108, 25.393127646095433], [90.44278432064439, 25.39305390269514], [90.44281284215465, 25.392977212594865], [90.4428327703809, 25.39289833862496], [90.44284390589719, 25.39281806390584], [90.44284613821067, 25.3927371861675], [90.4428394457618, 25.392656509634236], [90.44282389502591, 25.39257683609791], [90.44279963961492, 25.392498956802566], [90.44276692207396, 25.392423646763657], [90.44272606579652, 25.39235165340634], [90.44267747861777, 25.392283692507633], [90.44262164203465, 25.39222044008059], [90.44255911210435, 25.392162524258943], [90.4424905086644, 25.39211052042716], [90.44241651533277, 25.392064946351187], [90.44233786693133, 25.392026254062372], [90.44225534409607, 25.391994828234385], [90.44216976788717, 25.39197098212497], [90.44208198900918, 25.39195495108348], [90.44199287972624, 25.391946895796746], [90.44190332487894, 25.391946895796746], [90.44181421559601, 25.39195495108348], [90.44172643671804, 25.39197098212497], [90.44164086050911, 25.391994828234385], [90.44155833767385, 25.392026254062372], [90.44147968927241, 25.392064946351187], [90.44140569594079, 25.39211052042716], [90.44133709250085, 25.392162524258943], [90.44127456257057, 25.39222044008059], [90.44121872598745, 25.392283692507633], [90.44117013880867, 25.39235165340634], [90.44112928253125, 25.392423646763657], [90.44109656499025, 25.392498956802566], [90.4410723095793, 25.39257683609791], [90.44105675884342, 25.392656509634236], [90.44105006639454, 25.3927371861675], [90.44105229870802, 25.39281806390584], [90.44106343422428, 25.39289833862496], [90.44108336245054, 25.392977212594865], [90.4411118839608, 25.39305390269514], [90.44114871668408, 25.393127646095433], [90.44119349410774, 25.393197709181933], [90.44124577156569, 25.393263397295502], [90.44130502803509, 25.393324056354302]], [[90.33095200528535, 25.39804039209805], [90.3308694824501, 25.39800896783599], [90.33078390624121, 25.397985122914807], [90.3306961273632, 25.39796909267212], [90.33060701808029, 25.39796103778682], [90.33051746323297, 25.39796103778682], [90.33042835395005, 25.39796909267212], [90.33034057507204, 25.397985122914807], [90.33025499886315, 25.39800896783599], [90.3301724760279, 25.39804039209805], [90.33009382762644, 25.398079082458842], [90.3300198342948, 25.398124654263924], [90.32995123085489, 25.39817665550433], [90.32988870092457, 25.398234568440092], [90.32983286434148, 25.398297817715246], [90.3297842771627, 25.398365775227504], [90.32974342088525, 25.398437764997354], [90.32971070334429, 25.398513071283553], [90.3296864479333, 25.39859094669814], [90.32967089719742, 25.398670616264294], [90.32966420474857, 25.398751288777415], [90.32966643706202, 25.398832162485565], [90.3296775725783, 25.398912433204508], [90.32969750080456, 25.398991303244046], [90.32972602231483, 25.399067989522795], [90.32976285503813, 25.399141729248324], [90.32980763246178, 25.39921178884351], [90.32985990991973, 25.399277473683725], [90.32991916638913, 25.399338129719787], [90.32998481437178, 25.399393154026644], [90.33005620169078, 25.399442001295025], [90.33013261777874, 25.39948418464235], [90.33021330355925, 25.399519284538915], [90.33029745773507, 25.399546953676126], [90.33038424307631, 25.39956691534347], [90.33047279720041, 25.39957897316599], [90.33056224065662, 25.399583005423636], [90.33065168411282, 25.39957897316599], [90.3307402382369, 25.39956691534347], [90.33082702357818, 25.399546953676126], [90.330911177754, 25.399519284538915], [90.3309918635345, 25.39948418464235], [90.33106827962246, 25.399442001295025], [90.33113966694147, 25.399393154026644], [90.33120531492412, 25.399338129719787], [90.33126457139352, 25.399277473683725], [90.33131684885147, 25.39921178884351], [90.33136162627513, 25.399141729248324], [90.33139845899841, 25.399067989522795], [90.3314269805087, 25.398991303244046], [90.33144690873493, 25.398912433204508], [90.33145804425119, 25.398832162485565], [90.33146027656467, 25.398751288777415], [90.33145358411583, 25.398670616264294], [90.33143803337995, 25.39859094669814], [90.33141377796896, 25.398513071283553], [90.331381060428, 25.398437764997354], [90.33134020415054, 25.398365775227504], [90.33129161697177, 25.398297817715246], [90.33123578038864, 25.398234568440092], [90.33117325045836, 25.39817665550433], [90.33110464701842, 25.398124654263924], [90.3310306536868, 25.398079082458842], [90.33095200528535, 25.39804039209805]], [[90.34166316549192, 25.398064383888535], [90.34157538661394, 25.39808041411854], [90.34148981040501, 25.39810425902088], [90.34140728756975, 25.398135683258133], [90.3413286391683, 25.398174373588365], [90.34125464583668, 25.398219945357454], [90.34118604239676, 25.398271946556843], [90.34112351246645, 25.398329859446847], [90.34106767588334, 25.398393108672053], [90.34101908870456, 25.398461066130647], [90.34097823242713, 25.398533055843682], [90.34094551488616, 25.398608362070377], [90.3409212594752, 25.398686237423462], [90.3409057087393, 25.398765906926744], [90.34089901629042, 25.398846579376126], [90.34090124860391, 25.398927453020402], [90.34091238412016, 25.39900772367597], [90.34093231234645, 25.399086593653223], [90.34096083385673, 25.399163279871402], [90.34099766657998, 25.399237019538717], [90.34104244400363, 25.399307079078568], [90.34109472146159, 25.39937276386693], [90.34115397793099, 25.399433419855082], [90.34121962591364, 25.399488444118493], [90.34129101323265, 25.3995372913483], [90.34136742932061, 25.399579474662342], [90.3414481151011, 25.399614574531146], [90.34153226927693, 25.39964224364651], [90.3416190546182, 25.399662205298135], [90.34170760874228, 25.399674263111123], [90.34179705219849, 25.399678295365565], [90.34188649565472, 25.399674263111123], [90.34197504977878, 25.399662205298135], [90.34206183512008, 25.39964224364651], [90.3421459892959, 25.399614574531146], [90.34222667507639, 25.399579474662342], [90.34230309116435, 25.3995372913483], [90.34237447848336, 25.399488444118493], [90.34244012646597, 25.399433419855082], [90.34249938293539, 25.39937276386693], [90.34255166039337, 25.399307079078568], [90.34259643781702, 25.399237019538717], [90.34263327054028, 25.399163279871402], [90.34266179205056, 25.399086593653223], [90.34268172027683, 25.39900772367597], [90.34269285579308, 25.398927453020402], [90.34269508810658, 25.398846579376126], [90.3426883956577, 25.398765906926744], [90.34267284492181, 25.398686237423462], [90.34264858951082, 25.398608362070377], [90.34261587196987, 25.398533055843682], [90.34257501569245, 25.398461066130647], [90.34252642851366, 25.398393108672053], [90.34247059193054, 25.398329859446847], [90.34240806200025, 25.398271946556843], [90.34233945856032, 25.398219945357454], [90.34226546522866, 25.398174373588365], [90.34218681682725, 25.398135683258133], [90.342104293992, 25.39810425902088], [90.34201871778306, 25.39808041411854], [90.34193093890508, 25.398064383888535], [90.34184182962214, 25.39805632900956], [90.34175227477483, 25.39805632900956], [90.34166316549192, 25.398064383888535]], [[90.35463225823311, 25.398567507636724], [90.35454447935513, 25.39858353779992], [90.35445890314621, 25.39860738260285], [90.35437638031094, 25.39863880670909], [90.35429773190953, 25.398677496878], [90.35422373857787, 25.398723068457073], [90.35415513513794, 25.39877506943965], [90.35409260520765, 25.398832982088187], [90.35403676862452, 25.398896231049697], [90.35398818144576, 25.398964188224944], [90.35394732516833, 25.39903617763782], [90.35391460762735, 25.399111483550588], [90.35389035221638, 25.399189358578976], [90.3538748014805, 25.399269027750055], [90.35386810903162, 25.399349699863112], [90.3538703413451, 25.399430573170186], [90.35388147686136, 25.399510843491086], [90.35390140508764, 25.39958971313949], [90.3539299265979, 25.399666399037912], [90.35396675932117, 25.399740138397778], [90.35401153674482, 25.399810197645504], [90.35406381420277, 25.399875882159993], [90.35412307067217, 25.39993653789524], [90.35418871865483, 25.399991561929244], [90.35426010597384, 25.400040408955356], [90.35433652206179, 25.400082592093515], [90.35441720784229, 25.400117691816014], [90.35450136201811, 25.400145360816], [90.3545881473594, 25.400165322384368], [90.35467670148348, 25.40017738014708], [90.35476614493967, 25.400181412384704], [90.35485558839589, 25.40017738014708], [90.35494414251998, 25.400165322384368], [90.35503092786126, 25.400145360816], [90.35511508203709, 25.400117691816014], [90.35519576781759, 25.400082592093515], [90.35527218390554, 25.400040408955356], [90.35534357122455, 25.399991561929244], [90.35540921920716, 25.39993653789524], [90.35546847567656, 25.399875882159993], [90.35552075313456, 25.399810197645504], [90.35556553055821, 25.399740138397778], [90.35560236328146, 25.399666399037912], [90.35563088479174, 25.39958971313949], [90.35565081301802, 25.399510843491086], [90.35566194853428, 25.399430573170186], [90.35566418084775, 25.399349699863112], [90.35565748839888, 25.399269027750055], [90.355641937663, 25.399189358578976], [90.355617682252, 25.399111483550588], [90.35558496471104, 25.39903617763782], [90.35554410843362, 25.398964188224944], [90.35549552125485, 25.398896231049697], [90.35543968467172, 25.398832982088187], [90.35537715474145, 25.39877506943965], [90.3553085513015, 25.398723068457073], [90.35523455796985, 25.398677496878], [90.35515590956844, 25.39863880670909], [90.35507338673317, 25.39860738260285], [90.35498781052425, 25.39858353779992], [90.35490003164627, 25.398567507636724], [90.35481092236333, 25.398559452791332], [90.35472136751602, 25.398559452791332], [90.35463225823311, 25.398567507636724]], [[90.3625887570788, 25.399933119940066], [90.36250097820081, 25.39994914992183], [90.36241540199192, 25.399972994454924], [90.36233287915665, 25.400004418205526], [90.36225423075521, 25.40004310793659], [90.36218023742356, 25.400088678999943], [90.36211163398362, 25.40014067939399], [90.36204910405333, 25.400198591387163], [90.36199326747021, 25.400261839632872], [90.36194468029146, 25.40032979603901], [90.36190382401402, 25.400401784637182], [90.36187110647306, 25.400477089697684], [90.36184685106207, 25.400554963844755], [90.36183130032619, 25.400634632114198], [90.36182460787731, 25.400715303314257], [90.36182684019079, 25.40079617570607], [90.36183797570708, 25.400876445118513], [90.36185790393331, 25.40095531387433], [90.36188642544359, 25.401031998904852], [90.36192325816688, 25.401105737430193], [90.36196803559055, 25.401175795885045], [90.36202031304849, 25.40124147965615], [90.3620795695179, 25.40130213470493], [90.36214521750055, 25.40135715811617], [90.36221660481952, 25.401406004589447], [90.36229302090747, 25.401448187250192], [90.36237370668802, 25.40148328657544], [90.3624578608638, 25.401510955262296], [90.36254464620508, 25.40153091660473], [90.36263320032916, 25.401542974230985], [90.36272264378539, 25.401547006422973], [90.36281208724158, 25.401542974230985], [90.36290064136567, 25.40153091660473], [90.36298742670695, 25.401510955262296], [90.36307158088277, 25.40148328657544], [90.36315226666328, 25.401448187250192], [90.36322868275123, 25.401406004589447], [90.36330007007024, 25.40135715811617], [90.36336571805289, 25.40130213470493], [90.36342497452229, 25.40124147965615], [90.36347725198024, 25.401175795885045], [90.3635220294039, 25.401105737430193], [90.36355886212718, 25.401031998904852], [90.36358738363742, 25.40095531387433], [90.3636073118637, 25.400876445118513], [90.36361844737996, 25.40079617570607], [90.36362067969344, 25.400715303314257], [90.36361398724456, 25.400634632114198], [90.36359843650868, 25.400554963844755], [90.36357418109772, 25.400477089697684], [90.36354146355673, 25.400401784637182], [90.3635006072793, 25.40032979603901], [90.36345202010054, 25.400261839632872], [90.36339618351741, 25.400198591387163], [90.36333365358712, 25.40014067939399], [90.36326505014719, 25.400088678999943], [90.36319105681557, 25.40004310793659], [90.36311240841412, 25.400004418205526], [90.36302988557885, 25.399972994454924], [90.36294430936994, 25.39994914992183], [90.36285653049195, 25.399933119940066], [90.36276742120904, 25.399925065185855], [90.36267786636174, 25.399925065185855], [90.3625887570788, 25.399933119940066]], [[90.4205703643787, 25.40137068695614], [90.4204825855007, 25.401386716746924], [90.4203970092918, 25.401410560995927], [90.42031448645655, 25.40144198437214], [90.4202358380551, 25.401480673642254], [90.42016184472348, 25.40152624416267], [90.42009324128354, 25.401578243937188], [90.42003071135322, 25.401636155240382], [90.41997487477013, 25.401699402732543], [90.41992628759137, 25.40176735832905], [90.4198854313139, 25.40183934606952], [90.41985271377294, 25.401914650232822], [90.41982845836195, 25.401992523452087], [90.41981290762607, 25.402072190772337], [90.41980621517723, 25.40215286101126], [90.41980844749071, 25.402233732439527], [90.41981958300697, 25.402314000895604], [90.4198395112332, 25.402392868711736], [90.4198680327435, 25.402469552828634], [90.41990486546678, 25.40254329047538], [90.41994964289043, 25.402613348095525], [90.42000192034838, 25.402679031084023], [90.42006117681778, 25.40273968541012], [90.42012682480043, 25.402794708165782], [90.42019821211944, 25.40284355405707], [90.4202746282074, 25.402885736215236], [90.4203553139879, 25.40292083512228], [90.42043946816372, 25.402948503479454], [90.420526253505, 25.40296846458407], [90.42061480762908, 25.402980522066652], [90.42070425108528, 25.4029845542106], [90.42079369454149, 25.402980522066652], [90.42088224866555, 25.40296846458407], [90.42096903400683, 25.402948503479454], [90.42105318818265, 25.40292083512228], [90.42113387396316, 25.402885736215236], [90.42121029005112, 25.40284355405707], [90.42128167737012, 25.402794708165782], [90.42134732535277, 25.40273968541012], [90.42140658182217, 25.402679031084023], [90.42145885928012, 25.402613348095525], [90.42150363670378, 25.40254329047538], [90.42154046942707, 25.402469552828634], [90.42156899093735, 25.402392868711736], [90.4215889191636, 25.402314000895604], [90.42160005467989, 25.402233732439527], [90.42160228699333, 25.40215286101126], [90.42159559454448, 25.402072190772337], [90.4215800438086, 25.401992523452087], [90.42155578839761, 25.401914650232822], [90.42152307085665, 25.40183934606952], [90.4214822145792, 25.40176735832905], [90.42143362740042, 25.401699402732543], [90.42137779081733, 25.401636155240382], [90.42131526088701, 25.401578243937188], [90.42124665744707, 25.40152624416267], [90.42117266411546, 25.401480673642254], [90.421094015714, 25.40144198437214], [90.42101149287875, 25.401410560995927], [90.42092591666986, 25.401386716746924], [90.42083813779185, 25.40137068695614], [90.42074902850894, 25.401362632297896], [90.42065947366162, 25.401362632297896], [90.4205703643787, 25.40137068695614]], [[90.39495728458755, 25.399985812593595], [90.394959516901, 25.400066685474343], [90.39497065241729, 25.40014695537208], [90.39499058064354, 25.40022582460471], [90.39501910215381, 25.400302510098893], [90.3950559348771, 25.400376249069996], [90.39510071230076, 25.40044630794842], [90.39515298975871, 25.400511992116638], [90.39521224622811, 25.400572647532126], [90.39527789421076, 25.400627671276023], [90.39534928152975, 25.400676518044662], [90.3954256976177, 25.400718700960436], [90.39550638339823, 25.400753800497863], [90.39559053757405, 25.40078146935198], [90.3956773229153, 25.40080143081512], [90.39576587703941, 25.400813488514263], [90.39585532049561, 25.400817520730662], [90.3959447639518, 25.400813488514263], [90.39603331807588, 25.40080143081512], [90.39612010341718, 25.40078146935198], [90.39620425759298, 25.400753800497863], [90.39628494337349, 25.400718700960436], [90.39636135946144, 25.400676518044662], [90.39643274678045, 25.400627671276023], [90.3964983947631, 25.400572647532126], [90.39655765123251, 25.400511992116638], [90.39660992869045, 25.40044630794842], [90.39665470611412, 25.400376249069996], [90.3966915388374, 25.400302510098893], [90.39672006034769, 25.40022582460471], [90.39673998857391, 25.40014695537208], [90.39675112409019, 25.400066685474343], [90.39675335640366, 25.399985812593595], [90.39674666395479, 25.399905140905815], [90.39673111321893, 25.39982547215472], [90.39670685780794, 25.39974759753685], [90.39667414026698, 25.399672292021087], [90.39663328398953, 25.399600302987725], [90.39658469681076, 25.399532346170712], [90.39652886022763, 25.399469097542635], [90.39646633029734, 25.399411185199344], [90.3963977268574, 25.39935918449093], [90.39632373352578, 25.399313613152067], [90.39624508512433, 25.399274923187104], [90.39616256228908, 25.399243499246523], [90.39607698608015, 25.399219654569286], [90.39598920720218, 25.399203624490603], [90.39590009791927, 25.39919556968769], [90.39581054307196, 25.39919556968769], [90.39572143378905, 25.399203624490603], [90.39563365491104, 25.399219654569286], [90.39554807870215, 25.399243499246523], [90.39546555586688, 25.399274923187104], [90.39538690746542, 25.399313613152067], [90.39531291413378, 25.39935918449093], [90.39524431069384, 25.399411185199344], [90.39518178076355, 25.399469097542635], [90.39512594418042, 25.399532346170712], [90.39507735700168, 25.399600302987725], [90.39503650072423, 25.399672292021087], [90.39500378318328, 25.39974759753685], [90.39497952777228, 25.39982547215472], [90.3949639770364, 25.399905140905815], [90.39495728458755, 25.399985812593595]], [[90.38287365223876, 25.403806698163084], [90.38285810150286, 25.403727031988176], [90.38283384609187, 25.40364915988844], [90.38280112855091, 25.403573856807746], [90.38276027227349, 25.40350187010218], [90.38271168509472, 25.403433915482598], [90.3826558485116, 25.403370668899697], [90.3825933185813, 25.403312758429077], [90.38252471514136, 25.403260759402073], [90.38245072180972, 25.403215189536823], [90.38237207340828, 25.403176500822873], [90.38228955057302, 25.40314507789843], [90.38220397436412, 25.40312123399221], [90.38211619548613, 25.403105204431867], [90.3820270862032, 25.403097149889394], [90.38193753135589, 25.403097149889394], [90.38184842207296, 25.403105204431867], [90.381760643195, 25.40312123399221], [90.38167506698606, 25.40314507789843], [90.3815925441508, 25.403176500822873], [90.38151389574936, 25.403215189536823], [90.38143990241774, 25.403260759402073], [90.3813712989778, 25.403312758429077], [90.38130876904752, 25.403370668899697], [90.3812529324644, 25.403433915482598], [90.38120434528561, 25.40350187010218], [90.38116348900819, 25.403573856807746], [90.3811307714672, 25.40364915988844], [90.38110651605625, 25.403727031988176], [90.38109096532037, 25.403806698163084], [90.38108427287149, 25.403887367242262], [90.38108650518497, 25.403968237507883], [90.38109764070123, 25.404048504809953], [90.3811175689275, 25.40412737149224], [90.38114609043778, 25.40420405450667], [90.38118292316103, 25.40427779109336], [90.38122770058469, 25.404347847706266], [90.38127997804264, 25.40441352975048], [90.38133923451204, 25.40447418320456], [90.38140488249469, 25.40452920516919], [90.3814762698137, 25.40457805035824], [90.38155268590165, 25.40462023190995], [90.38163337168216, 25.40465533031235], [90.38171752585798, 25.404682998271777], [90.38180431119928, 25.40470295908941], [90.38189286532334, 25.40471501639865], [90.38198230877953, 25.404719048484623], [90.38207175223577, 25.40471501639865], [90.38216030635985, 25.40470295908941], [90.38224709170113, 25.404682998271777], [90.38233124587693, 25.40465533031235], [90.38241193165744, 25.40462023190995], [90.38248834774541, 25.40457805035824], [90.38255973506438, 25.40452920516919], [90.38262538304703, 25.40447418320456], [90.38268463951644, 25.40441352975048], [90.38273691697442, 25.404347847706266], [90.38278169439808, 25.40427779109336], [90.38281852712133, 25.40420405450667], [90.3828470486316, 25.40412737149224], [90.38286697685788, 25.404048504809953], [90.38287811237414, 25.403968237507883], [90.38288034468762, 25.403887367242262], [90.38287365223876, 25.403806698163084]], [[90.37702419770602, 25.404706923825596], [90.37699994229506, 25.404629052358374], [90.37696722475408, 25.4045537498893], [90.37692636847666, 25.404481763768434], [90.37687778129788, 25.40441380970079], [90.37682194471476, 25.40435056363159], [90.37675941478446, 25.404292653631323], [90.37669081134453, 25.404240655026683], [90.37661681801288, 25.404195085531548], [90.37653816961146, 25.40415639713186], [90.37645564677621, 25.40412497446261], [90.37637007056728, 25.404101130750064], [90.3762822916893, 25.404085101319907], [90.37619318240638, 25.40407704684285], [90.37610362755909, 25.40407704684285], [90.37601451827614, 25.404085101319907], [90.37592673939817, 25.404101130750064], [90.37584116318922, 25.40412497446261], [90.37575864035396, 25.40415639713186], [90.37567999195257, 25.404195085531548], [90.3756059986209, 25.404240655026683], [90.37553739518097, 25.404292653631323], [90.37547486525068, 25.40435056363159], [90.37541902866757, 25.40441380970079], [90.37537044148878, 25.404481763768434], [90.37532958521136, 25.4045537498893], [90.3752968676704, 25.404629052358374], [90.37527261225942, 25.404706923825596], [90.37525706152353, 25.40478658935344], [90.37525036907465, 25.404867257777397], [90.37525260138814, 25.40494812738616], [90.37526373690439, 25.405028394036293], [90.37528366513067, 25.405107260078], [90.37531218664094, 25.405183942469552], [90.37534901936421, 25.405257678457307], [90.37539379678785, 25.405327734501185], [90.37544607424583, 25.405393416011893], [90.37550533071524, 25.405454068973317], [90.37557097869787, 25.40550909049103], [90.37564236601686, 25.405557935283333], [90.37571878210483, 25.405600116492423], [90.37579946788532, 25.405635214609774], [90.37588362206115, 25.405662882344437], [90.37597040740243, 25.405682842999934], [90.3760589615265, 25.405694900211227], [90.37614840498273, 25.405698932264453], [90.37623784843893, 25.405694900211227], [90.37632640256301, 25.405682842999934], [90.37641318790429, 25.405662882344437], [90.37649734208013, 25.405635214609774], [90.3765780278606, 25.405600116492423], [90.37665444394858, 25.405557935283333], [90.37672583126759, 25.40550909049103], [90.37679147925024, 25.405454068973317], [90.37685073571964, 25.405393416011893], [90.3769030131776, 25.405327734501185], [90.37694779060124, 25.405257678457307], [90.3769846233245, 25.405183942469552], [90.37701314483478, 25.405107260078], [90.37703307306106, 25.405028394036293], [90.3770442085773, 25.40494812738616], [90.3770464408908, 25.404867257777397], [90.37703974844192, 25.40478658935344], [90.37702419770602, 25.404706923825596]], [[90.32625525634882, 25.405675443463043], [90.32627518457507, 25.405596577792796], [90.32628632009131, 25.405516311520703], [90.32628855240482, 25.40543544229283], [90.32628185995597, 25.40535477424881], [90.32626630922007, 25.405275109096184], [90.32624205380908, 25.405197237995715], [90.32620933626812, 25.40512193588131], [90.32616847999068, 25.405049950099478], [90.3261198928119, 25.404981996351907], [90.32606405622879, 25.404918750580592], [90.32600152629848, 25.40486084085304], [90.32593292285856, 25.404808842493328], [90.32585892952693, 25.40476327321278], [90.32578028112549, 25.404724584995325], [90.32569775829023, 25.40469316247406], [90.32561218208133, 25.40466931887381], [90.32552440320332, 25.404653289519135], [90.3254352939204, 25.404645235080057], [90.3253457390731, 25.404645235080057], [90.32525662979019, 25.404653289519135], [90.32516885091218, 25.40466931887381], [90.32508327470329, 25.40469316247406], [90.32500075186802, 25.404724584995325], [90.32492210346658, 25.40476327321278], [90.32484811013495, 25.404808842493328], [90.32477950669502, 25.40486084085304], [90.32471697676469, 25.404918750580592], [90.3246611401816, 25.404981996351907], [90.32461255300284, 25.405049950099478], [90.32457169672537, 25.40512193588131], [90.32453897918442, 25.405197237995715], [90.32451472377342, 25.405275109096184], [90.32449917303754, 25.40535477424881], [90.3244924805887, 25.40543544229283], [90.32449471290215, 25.405516311520703], [90.32450584841844, 25.405596577792796], [90.32452577664468, 25.405675443463043], [90.32455429815496, 25.405752125493436], [90.32459113087825, 25.4058258611339], [90.3246359083019, 25.40589591684785], [90.32468818575985, 25.405961598049192], [90.32474744222925, 25.40602225072495], [90.3248130902119, 25.406077271983484], [90.32488447753092, 25.406126116545725], [90.32496089361887, 25.406168297556142], [90.32504157939937, 25.406203395508165], [90.32512573357519, 25.406231063112514], [90.32521251891647, 25.406251023673995], [90.32530107304056, 25.40626308082851], [90.32539051649675, 25.406267112862754], [90.32547995995296, 25.40626308082851], [90.32556851407702, 25.406251023673995], [90.3256552994183, 25.406231063112514], [90.32573945359412, 25.406203395508165], [90.32582013937463, 25.406168297556142], [90.32589655546259, 25.406126116545725], [90.32596794278159, 25.406077271983484], [90.32603359076424, 25.40602225072495], [90.32609284723364, 25.405961598049192], [90.32614512469159, 25.40589591684785], [90.32618990211526, 25.4058258611339], [90.32622673483856, 25.405752125493436], [90.32625525634882, 25.405675443463043]], [[90.38665382134481, 25.405756012296784], [90.3866560536583, 25.405836881309764], [90.38666718917455, 25.405917147368555], [90.38668711740083, 25.405996012829227], [90.38671563891111, 25.40607269465585], [90.38675247163435, 25.406146430100364], [90.386797249058, 25.406216485628114], [90.386849526516, 25.40628216665491], [90.3869087829854, 25.406342819169502], [90.38697443096802, 25.406397840281848], [90.38704581828704, 25.40644668471428], [90.38712223437498, 25.4064888656126], [90.38720292015549, 25.406523963471372], [90.3872870743313, 25.406551631002188], [90.3873738596726, 25.40657159151063], [90.38746241379667, 25.406583648633095], [90.3875518572529, 25.406587680656614], [90.3876413007091, 25.406583648633095], [90.38772985483317, 25.40657159151063], [90.38781664017446, 25.406551631002188], [90.38790079435027, 25.406523963471372], [90.38798148013078, 25.4064888656126], [90.38805789621874, 25.40644668471428], [90.38812928353774, 25.406397840281848], [90.38819493152039, 25.406342819169502], [90.3882541879898, 25.40628216665491], [90.38830646544774, 25.406216485628114], [90.38835124287141, 25.406146430100364], [90.38838807559466, 25.40607269465585], [90.38841659710494, 25.405996012829227], [90.38843652533122, 25.405917147368555], [90.38844766084748, 25.405836881309764], [90.38844989316095, 25.405756012296784], [90.38844320071209, 25.405675344467145], [90.3884276499762, 25.405595679526204], [90.38840339456523, 25.405517808632677], [90.38837067702424, 25.40544250671835], [90.38832982074682, 25.405370521127825], [90.38828123356805, 25.40530256756084], [90.38822539698494, 25.405239321957538], [90.38816286705463, 25.4051814123839], [90.38809426361469, 25.40512941416235], [90.38802027028305, 25.405083845002917], [90.38794162188164, 25.40504515688826], [90.38785909904637, 25.405013734450502], [90.38777352283743, 25.404989890913612], [90.38768574395947, 25.404973861601544], [90.38759663467656, 25.404965807183824], [90.38750707982925, 25.404965807183824], [90.3874179705463, 25.404973861601544], [90.38733019166833, 25.404989890913612], [90.3872446154594, 25.405013734450502], [90.38716209262414, 25.40504515688826], [90.38708344422272, 25.405083845002917], [90.38700945089107, 25.40512941416235], [90.38694084745113, 25.4051814123839], [90.38687831752084, 25.405239321957538], [90.38682248093772, 25.40530256756084], [90.38677389375894, 25.405370521127825], [90.38673303748152, 25.40544250671835], [90.38670031994057, 25.405517808632677], [90.38667606452957, 25.405595679526204], [90.38666051379369, 25.405675344467145], [90.38665382134481, 25.405756012296784]], [[90.43152135320658, 25.40556189106555], [90.43156613063022, 25.405631946932765], [90.43161840808817, 25.40569762827783], [90.43167766455757, 25.405758281086307], [90.43174331254022, 25.405813302465287], [90.43181469985923, 25.405862147134403], [90.4318911159472, 25.405904328237106], [90.43197180172768, 25.40593942626596], [90.43205595590351, 25.40596709393084], [90.4321427412448, 25.405987054536], [90.43223129536887, 25.4059991117169], [90.43232073882507, 25.406003143759957], [90.43241018228126, 25.4059991117169], [90.43249873640534, 25.405987054536], [90.43258552174663, 25.40596709393084], [90.43266967592245, 25.40593942626596], [90.43275036170294, 25.405904328237106], [90.43282677779091, 25.405862147134403], [90.43289816510992, 25.405813302465287], [90.43296381309257, 25.405758281086307], [90.43302306956197, 25.40569762827783], [90.43307534701992, 25.405631946932765], [90.43312012444358, 25.40556189106555], [90.43315695716686, 25.405488155263733], [90.43318547867715, 25.405411473065556], [90.43320540690338, 25.405332607222732], [90.43321654241967, 25.40525234077501], [90.43321877473312, 25.40517147137019], [90.43321208228429, 25.405090803149644], [90.43319653154839, 25.405011137822697], [90.43317227613741, 25.404933266551843], [90.43313955859645, 25.404857964272658], [90.43309870231899, 25.404785978333315], [90.4330501151402, 25.404718024437056], [90.43299427855713, 25.40465477852731], [90.43293174862681, 25.40459686867307], [90.43286314518687, 25.404544870199583], [90.43278915185525, 25.40449930081933], [90.4327105034538, 25.404460612517223], [90.43262798061855, 25.404429189927196], [90.43254240440965, 25.40440534627477], [90.43245462553163, 25.404389316885034], [90.43236551624872, 25.404381262428284], [90.43227596140142, 25.404381262428284], [90.4321868521185, 25.404389316885034], [90.4320990732405, 25.40440534627477], [90.43201349703159, 25.404429189927196], [90.43193097419633, 25.404460612517223], [90.43185232579489, 25.40449930081933], [90.43177833246327, 25.404544870199583], [90.43170972902334, 25.40459686867307], [90.43164719909305, 25.40465477852731], [90.43159136250992, 25.404718024437056], [90.43154277533114, 25.404785978333315], [90.4315019190537, 25.404857964272658], [90.43146920151274, 25.404933266551843], [90.43144494610175, 25.405011137822697], [90.43142939536585, 25.405090803149644], [90.431422702917, 25.40517147137019], [90.43142493523051, 25.40525234077501], [90.43143607074676, 25.405332607222732], [90.43145599897301, 25.405411473065556], [90.43148452048327, 25.405488155263733], [90.43152135320658, 25.40556189106555]], [[90.39626302448058, 25.40548516753061], [90.39635157860465, 25.405473110298363], [90.39643836394593, 25.405453149608146], [90.39652251812171, 25.405425481825393], [90.39660320390226, 25.405390383647028], [90.39667961999021, 25.40534820236462], [90.39675100730918, 25.40529935748737], [90.39681665529183, 25.405244335874023], [90.39687591176124, 25.40518368280715], [90.3969281892192, 25.405118001182256], [90.39697296664285, 25.405047945016562], [90.39700979936615, 25.404974208900633], [90.39703832087642, 25.40489752637574], [90.39705824910268, 25.40481866019691], [90.39706938461894, 25.40473839340724], [90.39707161693242, 25.404657523657885], [90.39706492448356, 25.404576855093676], [90.39704937374766, 25.404497189427342], [90.39702511833667, 25.40441931782474], [90.39699240079571, 25.40434401522474], [90.39695154451829, 25.404272028978752], [90.39690295733952, 25.404204074792975], [90.3968471207564, 25.404140828613823], [90.39678459082612, 25.40408291851285], [90.39671598738617, 25.404030919817842], [90.39664199405452, 25.40398535024345], [90.39656334565308, 25.403946661776512], [90.39648082281782, 25.403915239052633], [90.39639524660892, 25.403891395298636], [90.39630746773094, 25.403875365840605], [90.396218358448, 25.403867311349583], [90.39612880360069, 25.403867311349583], [90.39603969431778, 25.403875365840605], [90.3959519154398, 25.403891395298636], [90.39586633923088, 25.403915239052633], [90.3957838163956, 25.403946661776512], [90.39570516799417, 25.40398535024345], [90.39563117466254, 25.404030919817842], [90.39556257122261, 25.40408291851285], [90.39550004129232, 25.404140828613823], [90.3954442047092, 25.404204074792975], [90.39539561753043, 25.404272028978752], [90.395354761253, 25.40434401522474], [90.39532204371201, 25.40441931782474], [90.39529778830105, 25.404497189427342], [90.39528223756517, 25.404576855093676], [90.39527554511629, 25.404657523657885], [90.39527777742977, 25.40473839340724], [90.39528891294603, 25.40481866019691], [90.39530884117231, 25.40489752637574], [90.39533736268255, 25.404974208900633], [90.39537419540584, 25.405047945016562], [90.39541897282949, 25.405118001182256], [90.39547125028744, 25.40518368280715], [90.39553050675684, 25.405244335874023], [90.3955961547395, 25.40529935748737], [90.3956675420585, 25.40534820236462], [90.39574395814645, 25.405390383647028], [90.39582464392696, 25.405425481825393], [90.39590879810278, 25.405453149608146], [90.39599558344408, 25.405473110298363], [90.39608413756815, 25.40548516753061], [90.39617358102434, 25.405489199590885], [90.39626302448058, 25.40548516753061]], [[90.45311089321319, 25.380623835264785], [90.45317014968259, 25.380684500674196], [90.45323579766524, 25.38073953348414], [90.45330718498424, 25.380788388301056], [90.4533836010722, 25.38083057816717], [90.45346428685271, 25.380865683487826], [90.45354844102853, 25.38089335690086], [90.45363522636981, 25.380913321653], [90.45372378049389, 25.380925381338866], [90.45381322395009, 25.38092941421961], [90.45390266740631, 25.380925381338866], [90.45399122153039, 25.380913321653], [90.45407800687168, 25.38089335690086], [90.45416216104746, 25.380865683487826], [90.45424284682801, 25.38083057816717], [90.45431926291596, 25.380788388301056], [90.45439065023493, 25.38073953348414], [90.45445629821758, 25.380684500674196], [90.45451555468698, 25.380623835264785], [90.45456783214497, 25.380558140274108], [90.45461260956863, 25.380488069852454], [90.45464944229188, 25.380414318731802], [90.45467796380215, 25.380337620602635], [90.45469789202843, 25.380258738375236], [90.45470902754468, 25.380178455252004], [90.45471125985817, 25.38009756904646], [90.4547045674093, 25.38001688406708], [90.45468901667341, 25.379937202189634], [90.45466476126242, 25.379859314741065], [90.45463204372146, 25.379783996817952], [90.45459118744404, 25.379711995923653], [90.45454260026526, 25.379644027910096], [90.45448676368214, 25.379580768861224], [90.45442423375185, 25.37952284697641], [90.45435563031192, 25.37947083770041], [90.45428163698026, 25.37942525885329], [90.45420298857881, 25.379386562513844], [90.45412046574356, 25.37935513339593], [90.45403488953467, 25.379331284790098], [90.45394711065669, 25.37931525207037], [90.45385800137375, 25.379307195940342], [90.45376844652642, 25.379307195940342], [90.45367933724353, 25.37931525207037], [90.45359155836555, 25.379331284790098], [90.45350598215661, 25.37935513339593], [90.45342345932136, 25.379386562513844], [90.4533448109199, 25.37942525885329], [90.45327081758829, 25.37947083770041], [90.45320221414835, 25.37952284697641], [90.45313968421806, 25.379580768861224], [90.45308384763494, 25.379644027910096], [90.45303526045618, 25.379711995923653], [90.45299440417875, 25.379783996817952], [90.45296168663776, 25.379859314741065], [90.4529374312268, 25.379937202189634], [90.4529218804909, 25.38001688406708], [90.45291518804203, 25.38009756904646], [90.45291742035552, 25.380178455252004], [90.45292855587176, 25.380258738375236], [90.45294848409804, 25.380337620602635], [90.45297700560829, 25.380414318731802], [90.45301383833159, 25.380488069852454], [90.45305861575524, 25.380558140274108], [90.45311089321319, 25.380623835264785]], [[90.42166890874977, 25.37933228957424], [90.42175746287384, 25.379320229729295], [90.42184424821512, 25.379300264713805], [90.42192840239092, 25.37927259093573], [90.42200908817145, 25.379237485152], [90.42208550425941, 25.379195294729378], [90.42215689157838, 25.379146439268016], [90.42222253956103, 25.379091405732158], [90.42228179603045, 25.379030739522516], [90.42233407348843, 25.37896504366528], [90.42237885091207, 25.378894972319383], [90.42241568363534, 25.378821220225863], [90.42244420514561, 25.378744521084986], [90.42246413337189, 25.3786656378171], [90.42247526888814, 25.37858535363492], [90.42247750120163, 25.378504466362404], [90.42247080875275, 25.37842378031876], [90.42245525801685, 25.378344097390265], [90.42243100260588, 25.378266208914326], [90.42239828506492, 25.37819088999774], [90.42235742878749, 25.378118888153725], [90.42230884160871, 25.37805091924366], [90.4222530050256, 25.377987659360375], [90.4221904750953, 25.377929736711554], [90.42212187165538, 25.37787772674953], [90.42204787832371, 25.377832147301234], [90.42196922992227, 25.377793450451374], [90.42188670708701, 25.377762020918908], [90.42180113087811, 25.377738171998505], [90.42171335200014, 25.37772213906731], [90.42162424271719, 25.377714082831027], [90.4215346878699, 25.377714082831027], [90.42144557858698, 25.37772213906731], [90.421357799709, 25.377738171998505], [90.42127222350007, 25.377762020918908], [90.4211897006648, 25.377793450451374], [90.42111105226336, 25.377832147301234], [90.42103705893174, 25.37787772674953], [90.42096845549182, 25.377929736711554], [90.42090592556151, 25.377987659360375], [90.4208500889784, 25.37805091924366], [90.42080150179962, 25.378118888153725], [90.4207606455222, 25.37819088999774], [90.42072792798122, 25.378266208914326], [90.42070367257026, 25.378344097390265], [90.42068812183436, 25.37842378031876], [90.42068142938548, 25.378504466362404], [90.42068366169897, 25.37858535363492], [90.42069479721522, 25.3786656378171], [90.4207147254415, 25.378744521084986], [90.42074324695177, 25.378821220225863], [90.42078007967504, 25.378894972319383], [90.42082485709868, 25.37896504366528], [90.42087713455663, 25.379030739522516], [90.42093639102605, 25.379091405732158], [90.4210020390087, 25.379146439268016], [90.4210734263277, 25.379195294729378], [90.42114984241566, 25.379237485152], [90.42123052819615, 25.37927259093573], [90.42131468237199, 25.379300264713805], [90.42140146771327, 25.379320229729295], [90.42149002183734, 25.37933228957424], [90.42157946529355, 25.379336322508188], [90.42166890874977, 25.37933228957424]], [[90.36264676938156, 25.37894800773283], [90.3627231854695, 25.37890581720908], [90.36279457278847, 25.378856961630625], [90.36286022077113, 25.37880192796286], [90.36291947724052, 25.378741261607832], [90.36297175469852, 25.37867556559313], [90.36301653212217, 25.378605494079288], [90.36305336484543, 25.378531741809002], [90.3630818863557, 25.37845504248432], [90.36310181458198, 25.378376159027354], [90.36311295009824, 25.378295874652768], [90.36311518241172, 25.37821498718641], [90.36310848996284, 25.378134300949352], [90.36309293922696, 25.378054617829886], [90.36306868381597, 25.377976729167283], [90.363035966275, 25.37790141007018], [90.36299510999758, 25.377829408053604], [90.36294652281882, 25.377761438980627], [90.36289068623569, 25.377698178945735], [90.3628281563054, 25.377640256158088], [90.36275955286547, 25.377588246071415], [90.36268555953382, 25.37754266651387], [90.36260691113237, 25.37750396957128], [90.3625243882971, 25.377472539963485], [90.36243881208821, 25.377448690985922], [90.36235103321023, 25.377432658016303], [90.36226192392729, 25.37742460176072], [90.36217236907997, 25.37742460176072], [90.36208325979707, 25.377432658016303], [90.36199548091909, 25.377448690985922], [90.36190990471017, 25.377472539963485], [90.3618273818749, 25.37750396957128], [90.36174873347346, 25.37754266651387], [90.36167474014184, 25.377588246071415], [90.3616061367019, 25.377640256158088], [90.36154360677162, 25.377698178945735], [90.36148777018849, 25.377761438980627], [90.36143918300972, 25.377829408053604], [90.3613983267323, 25.37790141007018], [90.36136560919131, 25.377976729167283], [90.36134135378035, 25.378054617829886], [90.36132580304447, 25.378134300949352], [90.36131911059559, 25.37821498718641], [90.36132134290906, 25.378295874652768], [90.36133247842533, 25.378376159027354], [90.3613524066516, 25.37845504248432], [90.36138092816186, 25.378531741809002], [90.36141776088513, 25.378605494079288], [90.36146253830879, 25.37867556559313], [90.36151481576674, 25.378741261607832], [90.36157407223614, 25.37880192796286], [90.36163972021879, 25.378856961630625], [90.3617111075378, 25.37890581720908], [90.36178752362575, 25.37894800773283], [90.36186820940625, 25.378983113600707], [90.36195236358208, 25.37901078744514], [90.36203914892336, 25.379030752508466], [90.36212770304743, 25.379042812382302], [90.36221714650364, 25.379046845325906], [90.36230658995986, 25.379042812382302], [90.36239514408395, 25.379030752508466], [90.36248192942523, 25.37901078744514], [90.36256608360101, 25.378983113600707], [90.36264676938156, 25.37894800773283]], [[90.42624771158444, 25.377431209253874], [90.42633449692572, 25.3774511745783], [90.4264230510498, 25.377463234609866], [90.42651249450603, 25.377467267606203], [90.42660193796222, 25.377463234609866], [90.4266904920863, 25.3774511745783], [90.42677727742759, 25.377431209253874], [90.42686143160341, 25.377403535047534], [90.4269421173839, 25.37736842872055], [90.42701853347187, 25.37732623764504], [90.42708992079088, 25.377277381427685], [90.42715556877353, 25.377222347040174], [90.42721482524293, 25.37716167989175], [90.42726710270088, 25.377095983017902], [90.42731188012453, 25.377025910587694], [90.42734871284782, 25.376952157352886], [90.42737723435806, 25.376875457025157], [90.42739716258434, 25.376796572536612], [90.42740829810059, 25.37671628711207], [90.42741053041408, 25.376635398587915], [90.4274038379652, 25.37655471129567], [90.42738828722932, 25.376475027134195], [90.42736403181836, 25.376397137453], [90.42733131427737, 25.376321817370894], [90.42729045799994, 25.37624981441272], [90.42724187082116, 25.376181844450905], [90.42718603423805, 25.376118583588738], [90.42712350430776, 25.376060660043624], [90.42705490086782, 25.376008649276795], [90.4269809075362, 25.375963069123237], [90.42690225913475, 25.375924371674557], [90.42681973629949, 25.375892941655785], [90.42673416009058, 25.37586909236636], [90.42664638121259, 25.37585305918703], [90.42655727192967, 25.375845002826093], [90.42646771708237, 25.375845002826093], [90.42637860779942, 25.37585305918703], [90.42629082892145, 25.37586909236636], [90.42620525271255, 25.375892941655785], [90.42612272987729, 25.375924371674557], [90.42604408147585, 25.375963069123237], [90.4259700881442, 25.376008649276795], [90.42590148470426, 25.376060660043624], [90.42583895477397, 25.376118583588738], [90.42578311819085, 25.376181844450905], [90.4257345310121, 25.37624981441272], [90.42569367473465, 25.376321817370894], [90.4256609571937, 25.376397137453], [90.42563670178271, 25.376475027134195], [90.42562115104681, 25.37655471129567], [90.42561445859793, 25.376635398587915], [90.42561669091143, 25.37671628711207], [90.42562782642771, 25.376796572536612], [90.42564775465395, 25.376875457025157], [90.42567627616422, 25.376952157352886], [90.42571310888752, 25.377025910587694], [90.42575788631117, 25.377095983017902], [90.42581016376911, 25.37716167989175], [90.42586942023853, 25.377222347040174], [90.42593506822118, 25.377277381427685], [90.42600645554015, 25.37732623764504], [90.42608287162811, 25.37736842872055], [90.42616355740864, 25.377403535047534], [90.42624771158444, 25.377431209253874]], [[90.43391146115715, 25.37589992258798], [90.43389591042126, 25.375979607128873], [90.43388921797239, 25.376060294805235], [90.43389145028587, 25.376141183714545], [90.43390258580213, 25.376221469521298], [90.43392251402841, 25.376300354385442], [90.43395103553868, 25.376377055078375], [90.43398786826194, 25.376450808664316], [90.43403264568559, 25.376520881428153], [90.43408492314359, 25.376586578614802], [90.43414417961296, 25.37664724605206], [90.43420982759561, 25.37670228070157], [90.4342812149146, 25.37675113715156], [90.43435763100257, 25.376793328427958], [90.43443831678306, 25.37682843492209], [90.43452247095888, 25.376856109260153], [90.43460925630016, 25.37687607467968], [90.43469781042424, 25.37688813476866], [90.43478725388044, 25.376892167784206], [90.43487669733668, 25.37688813476866], [90.43496525146074, 25.37687607467968], [90.43505203680203, 25.376856109260153], [90.43513619097786, 25.37682843492209], [90.43521687675836, 25.376793328427958], [90.43529329284631, 25.37675113715156], [90.43536468016532, 25.37670228070157], [90.43543032814797, 25.37664724605206], [90.43548958461734, 25.376586578614802], [90.43554186207533, 25.376520881428153], [90.43558663949898, 25.376450808664316], [90.43562347222223, 25.376377055078375], [90.43565199373252, 25.376300354385442], [90.43567192195879, 25.376221469521298], [90.43568305747505, 25.376141183714545], [90.43568528978854, 25.376060294805235], [90.43567859733966, 25.375979607128873], [90.43566304660378, 25.37589992258798], [90.43563879119277, 25.37582203253596], [90.43560607365183, 25.375746712095275], [90.4355652173744, 25.3756747087943], [90.43551663019562, 25.37560673850887], [90.4354607936125, 25.375543477345516], [90.43539826368222, 25.375485553524637], [90.43532966024227, 25.375433542510194], [90.43525566691062, 25.375387962139598], [90.43517701850921, 25.375349264506713], [90.43509449567395, 25.37531783433826], [90.43500891946502, 25.375293984935293], [90.43492114058705, 25.375277951679667], [90.4348320313041, 25.375269895280375], [90.43474247645683, 25.375269895280375], [90.43465336717388, 25.375277951679667], [90.4345655882959, 25.375293984935293], [90.43448001208698, 25.37531783433826], [90.43439748925172, 25.375349264506713], [90.4343188408503, 25.375387962139598], [90.43424484751866, 25.375433542510194], [90.43417624407871, 25.375485553524637], [90.43411371414841, 25.375543477345516], [90.4340578775653, 25.37560673850887], [90.43400929038653, 25.3756747087943], [90.4339684341091, 25.375746712095275], [90.43393571656816, 25.37582203253596], [90.43391146115715, 25.37589992258798]], [[90.43705406985494, 25.375298731440868], [90.43709090257822, 25.375372485685208], [90.43713568000189, 25.375442559074585], [90.43718795745983, 25.375508256847688], [90.43724721392924, 25.375568924826517], [90.43731286191189, 25.37562395996736], [90.43738424923086, 25.375672816853474], [90.43746066531881, 25.375715008506496], [90.43754135109936, 25.375750115314027], [90.43762550527514, 25.375777789899182], [90.43771229061642, 25.375797755496894], [90.43780084474051, 25.375809815693533], [90.43789028819673, 25.375813848745096], [90.43797973165292, 25.375809815693533], [90.438068285777, 25.375797755496894], [90.43815507111829, 25.375777789899182], [90.43823922529411, 25.375750115314027], [90.43831991107461, 25.375715008506496], [90.43839632716256, 25.375672816853474], [90.43846771448158, 25.37562395996736], [90.43853336246423, 25.375568924826517], [90.43859261893363, 25.375508256847688], [90.43864489639158, 25.375442559074585], [90.43868967381523, 25.375372485685208], [90.43872650653852, 25.375298731440868], [90.43875502804876, 25.37522203006325], [90.43877495627504, 25.37514314449492], [90.4387860917913, 25.37506285797147], [90.43878832410478, 25.374981968340126], [90.4387816316559, 25.374901279943455], [90.43876608092002, 25.374821594691262], [90.43874182550906, 25.37474370394394], [90.43870910796807, 25.37466838283086], [90.43866825169064, 25.374596378887144], [90.43861966451188, 25.374528407994966], [90.43856382792875, 25.37446514626691], [90.43850129799846, 25.374407221928962], [90.43843269455851, 25.374355210450247], [90.4383587012269, 25.37430962967277], [90.43828005282545, 25.37427093169445], [90.43819752999019, 25.374239501245487], [90.43811195378127, 25.374215651629612], [90.43802417490329, 25.374199618230836], [90.43793506562038, 25.374191561759623], [90.43784551077307, 25.374191561759623], [90.43775640149012, 25.374199618230836], [90.43766862261215, 25.374215651629612], [90.43758304640326, 25.374239501245487], [90.43750052356799, 25.37427093169445], [90.43742187516655, 25.37430962967277], [90.4373478818349, 25.374355210450247], [90.43727927839495, 25.374407221928962], [90.43721674846468, 25.37446514626691], [90.43716091188155, 25.374528407994966], [90.43711232470281, 25.374596378887144], [90.43707146842536, 25.37466838283086], [90.4370387508844, 25.37474370394394], [90.4370144954734, 25.374821594691262], [90.43699894473752, 25.374901279943455], [90.43699225228865, 25.374981968340126], [90.43699448460212, 25.37506285797147], [90.43700562011841, 25.37514314449492], [90.43702554834465, 25.37522203006325], [90.43705406985494, 25.375298731440868]], [[90.4584912816405, 25.374218316287102], [90.45845856409956, 25.374293637680783], [90.45843430868857, 25.374371528718303], [90.4584187579527, 25.37445121426737], [90.45841206550384, 25.374531902964655], [90.45841429781731, 25.374612792897363], [90.45842543333357, 25.374693079719947], [90.45844536155981, 25.374771965582188], [90.4584738830701, 25.374848667245573], [90.45851071579338, 25.374922421764687], [90.45855549321703, 25.374992495415125], [90.45860777067499, 25.375058193433013], [90.4586670271444, 25.375118861637894], [90.45873267512705, 25.375173896983767], [90.45880406244605, 25.375222754051908], [90.45888047853401, 25.375264945862128], [90.4589611643145, 25.375300052800455], [90.45904531849033, 25.375327727488724], [90.4591321038316, 25.375347693160823], [90.45922065795568, 25.375359753402396], [90.45931010141189, 25.375363786468984], [90.45939954486809, 25.375359753402396], [90.45948809899218, 25.375347693160823], [90.45957488433345, 25.375327727488724], [90.45965903850927, 25.375300052800455], [90.4597397242898, 25.375264945862128], [90.45981614037775, 25.375222754051908], [90.45988752769674, 25.375173896983767], [90.45995317567939, 25.375118861637894], [90.46001243214879, 25.375058193433013], [90.46006470960674, 25.374992495415125], [90.4601094870304, 25.374922421764687], [90.46014631975368, 25.374848667245573], [90.46017484126396, 25.374771965582188], [90.4601947694902, 25.374693079719947], [90.46020590500649, 25.374612792897363], [90.46020813731994, 25.374531902964655], [90.4602014448711, 25.37445121426737], [90.46018589413522, 25.374371528718303], [90.46016163872422, 25.374293637680783], [90.46012892118327, 25.374218316287102], [90.4600880649058, 25.374146312075116], [90.46003947772707, 25.374078340929717], [90.45998364114395, 25.374015078965968], [90.45992111121366, 25.373957154412224], [90.45985250777372, 25.373905142739726], [90.45977851444206, 25.373859561792447], [90.45969986604061, 25.373820863669955], [90.45961734320535, 25.373789433103884], [90.45953176699646, 25.373765583399173], [90.45944398811845, 25.373749549940666], [90.45935487883554, 25.37374149343943], [90.45926532398823, 25.37374149343943], [90.45917621470532, 25.373749549940666], [90.45908843582734, 25.373765583399173], [90.45900285961842, 25.373789433103884], [90.45892033678315, 25.373820863669955], [90.45884168838171, 25.373859561792447], [90.4587676950501, 25.373905142739726], [90.45869909161016, 25.373957154412224], [90.45863656167985, 25.374015078965968], [90.45858072509674, 25.374078340929717], [90.45853213791797, 25.374146312075116], [90.4584912816405, 25.374218316287102]], [[90.42746785281066, 25.374174593332846], [90.4274435973997, 25.374096702168348], [90.42741087985873, 25.37402138065187], [90.4273700235813, 25.37394937632252], [90.42732143640252, 25.373881405066335], [90.4272655998194, 25.373818142999436], [90.4272030698891, 25.373760218351254], [90.42713446644917, 25.373708206594003], [90.42706047311755, 25.37366262557241], [90.42698182471611, 25.373623927386845], [90.42689930188085, 25.37359249676949], [90.4268137256719, 25.3735686470259], [90.42672594679394, 25.37355261354126], [90.42663683751103, 25.37354455702692], [90.42654728266372, 25.37354455702692], [90.42645817338078, 25.37355261354126], [90.4263703945028, 25.3735686470259], [90.42628481829391, 25.37359249676949], [90.42620229545864, 25.373623927386845], [90.4261236470572, 25.37366262557241], [90.42604965372554, 25.373708206594003], [90.42598105028561, 25.373760218351254], [90.42591852035531, 25.373818142999436], [90.4258626837722, 25.373881405066335], [90.42581409659341, 25.37394937632252], [90.42577324031599, 25.37402138065187], [90.42574052277504, 25.374096702168348], [90.42571626736405, 25.374174593332846], [90.42570071662816, 25.37425427901182], [90.42569402417928, 25.37433496784064], [90.42569625649277, 25.374415857905213], [90.42570739200902, 25.37449614485871], [90.4257273202353, 25.37457503084956], [90.42575584174558, 25.37465173263794], [90.42579267446884, 25.374725487277292], [90.42583745189248, 25.374795561041974], [90.42588972935047, 25.374861259166973], [90.42594898581987, 25.37492192747074], [90.4260146338025, 25.374976962906345], [90.4260860211215, 25.375025820054127], [90.42616243720947, 25.37506801193315], [90.42624312298996, 25.375103118928738], [90.42632727716578, 25.375130793662084], [90.42641406250706, 25.375150759366736], [90.42650261663114, 25.375162819627963], [90.42659206008737, 25.375166852701117], [90.42668150354358, 25.375162819627963], [90.42677005766764, 25.375150759366736], [90.42685684300893, 25.375130793662084], [90.42694099718476, 25.375103118928738], [90.42702168296525, 25.37506801193315], [90.42709809905321, 25.375025820054127], [90.42716948637221, 25.374976962906345], [90.42723513435486, 25.37492192747074], [90.42729439082427, 25.374861259166973], [90.42734666828223, 25.374795561041974], [90.42739144570588, 25.374725487277292], [90.42742827842913, 25.37465173263794], [90.4274567999394, 25.37457503084956], [90.42747672816569, 25.37449614485871], [90.42748786368195, 25.374415857905213], [90.42749009599544, 25.37433496784064], [90.42748340354656, 25.37425427901182], [90.42746785281066, 25.374174593332846]], [[90.39144043414912, 25.37386542762741], [90.3915289882732, 25.373853367236645], [90.39161577361448, 25.37383340131757], [90.3916999277903, 25.373805726286996], [90.39178061357079, 25.3737706189144], [90.39185702965875, 25.37372842658227], [90.39192841697776, 25.37367956890974], [90.39199406496041, 25.37362453288311], [90.39205332142983, 25.373563863927775], [90.39210559888778, 25.373498165097214], [90.39215037631142, 25.373428090579935], [90.39218720903472, 25.373354335148512], [90.39221573054499, 25.373277632536354], [90.39223565877124, 25.37319874569832], [90.39224679428749, 25.373118457882576], [90.39224902660098, 25.373037566949275], [90.39224233415213, 25.37295687725391], [90.39222678341625, 25.37287719071915], [90.39220252800524, 25.372799298718164], [90.3921698104643, 25.372723976392784], [90.39212895418684, 25.37265197129018], [90.39208036700806, 25.372583999304005], [90.39202453042495, 25.372520736557753], [90.39196200049464, 25.37246281128748], [90.39189339705472, 25.37241079897167], [90.39181940372309, 25.372365217460565], [90.39174075532165, 25.372326518859417], [90.39165823248639, 25.37229508790453], [90.39157265627749, 25.3722712379048], [90.39148487739948, 25.37225520424798], [90.39139576811657, 25.372247147647126], [90.39130621326927, 25.372247147647126], [90.39121710398635, 25.37225520424798], [90.39112932510835, 25.3722712379048], [90.39104374889945, 25.37229508790453], [90.39096122606419, 25.372326518859417], [90.39088257766274, 25.372365217460565], [90.39080858433113, 25.37241079897167], [90.39073998089118, 25.37246281128748], [90.39067745096085, 25.372520736557753], [90.39062161437778, 25.372583999304005], [90.390573027199, 25.37265197129018], [90.39053217092153, 25.372723976392784], [90.39049945338058, 25.372799298718164], [90.3904751979696, 25.37287719071915], [90.3904596472337, 25.37295687725391], [90.39045295478486, 25.373037566949275], [90.39045518709833, 25.373118457882576], [90.3904663226146, 25.37319874569832], [90.39048625084084, 25.373277632536354], [90.39051477235112, 25.373354335148512], [90.3905516050744, 25.373428090579935], [90.39059638249806, 25.373498165097214], [90.39064865995601, 25.373563863927775], [90.39070791642541, 25.37362453288311], [90.39077356440806, 25.37367956890974], [90.39084495172708, 25.37372842658227], [90.39092136781504, 25.3737706189144], [90.39100205359553, 25.373805726286996], [90.39108620777135, 25.37383340131757], [90.39117299311265, 25.373853367236645], [90.39126154723672, 25.37386542762741], [90.39135099069291, 25.373869460743908], [90.39144043414912, 25.37386542762741]], [[90.449701718438, 25.372750942277676], [90.44974649586166, 25.3728210171877], [90.44979877331961, 25.372886716386507], [90.44985802978901, 25.372947385681883], [90.44992367777166, 25.373002422017038], [90.44999506509068, 25.373051279963377], [90.45007148117864, 25.37309347253201], [90.45015216695913, 25.373128580101394], [90.45023632113495, 25.373156255287117], [90.45032310647625, 25.373176221318108], [90.45041166060031, 25.373188281776468], [90.45050110405651, 25.373192314915535], [90.4505905475127, 25.373188281776468], [90.45067910163682, 25.373176221318108], [90.45076588697808, 25.373156255287117], [90.4508500411539, 25.373128580101394], [90.45093072693439, 25.37309347253201], [90.45100714302235, 25.373051279963377], [90.45107853034136, 25.373002422017038], [90.45114417832401, 25.372947385681883], [90.45120343479341, 25.372886716386507], [90.45125571225137, 25.3728210171877], [90.45130048967502, 25.372750942277676], [90.4513373223983, 25.37267718643283], [90.45136584390858, 25.372600483390737], [90.45138577213483, 25.372521596110555], [90.45139690765112, 25.372441307844838], [90.45139913996456, 25.372360416458147], [90.45139244751573, 25.372279726310502], [90.45137689677983, 25.37220003932912], [90.45135264136884, 25.372122146891545], [90.4513199238279, 25.372046824144004], [90.45127906755043, 25.37197481863777], [90.45123048037165, 25.371906846270633], [90.45117464378858, 25.3718435831698], [90.45111211385824, 25.371785657574893], [90.45104351041834, 25.371733644967527], [90.45096951708669, 25.37168806320099], [90.45089086868525, 25.3716493643829], [90.45080834584998, 25.371617933251883], [90.45072276964109, 25.371594083118495], [90.45063499076308, 25.37157804937179], [90.45054588148017, 25.371569992725764], [90.45045632663286, 25.371569992725764], [90.45036721734995, 25.37157804937179], [90.45027943847194, 25.371594083118495], [90.45019386226303, 25.371617933251883], [90.45011133942778, 25.3716493643829], [90.45003269102634, 25.37168806320099], [90.44995869769471, 25.371733644967527], [90.44989009425478, 25.371785657574893], [90.4498275643245, 25.3718435831698], [90.44977172774136, 25.371906846270633], [90.44972314056258, 25.37197481863777], [90.44968228428513, 25.372046824144004], [90.44964956674418, 25.372122146891545], [90.4496253113332, 25.37220003932912], [90.4496097605973, 25.372279726310502], [90.44960306814845, 25.372360416458147], [90.44960530046195, 25.372441307844838], [90.4496164359782, 25.372521596110555], [90.44963636420445, 25.372600483390737], [90.44966488571471, 25.37267718643283], [90.449701718438, 25.372750942277676]], [[90.43201235706951, 25.372718580455437], [90.43210091119359, 25.37270651995018], [90.43218769653488, 25.37268655384157], [90.43227185071066, 25.372658878548286], [90.4323525364912, 25.372623770842388], [90.43242895257914, 25.372581578109706], [90.43250033989813, 25.37253271997342], [90.43256598788078, 25.372477683424304], [90.43262524435018, 25.372417013893035], [90.43267752180813, 25.37235131443879], [90.43272229923178, 25.372281239256345], [90.43275913195507, 25.37220748312474], [90.43278765346535, 25.372130779784477], [90.43280758169159, 25.37205189219759], [90.4328187172079, 25.371971603619706], [90.43282094952137, 25.37189071191853], [90.4328142570725, 25.371810021457186], [90.43279870633661, 25.37173033416599], [90.43277445092562, 25.37165244142559], [90.43274173338466, 25.371577118385208], [90.4327008771072, 25.37150511259906], [90.43265228992846, 25.371437139967682], [90.43259645334534, 25.371373876620876], [90.43253392341505, 25.371315950800774], [90.43246531997511, 25.37126393799123], [90.43239132664345, 25.371218356047443], [90.43231267824201, 25.371179657078937], [90.43223015540676, 25.371148225825713], [90.43214457919787, 25.371124375599592], [90.43205680031988, 25.371108341790553], [90.43196769103695, 25.371100285113226], [90.43187813618962, 25.371100285113226], [90.43178902690671, 25.371108341790553], [90.43170124802874, 25.371124375599592], [90.43161567181981, 25.371148225825713], [90.43153314898456, 25.371179657078937], [90.4314545005831, 25.371218356047443], [90.43138050725149, 25.37126393799123], [90.43131190381155, 25.371315950800774], [90.43124937388126, 25.371373876620876], [90.43119353729813, 25.371437139967682], [90.43114495011936, 25.37150511259906], [90.43110409384194, 25.371577118385208], [90.43107137630095, 25.37165244142559], [90.43104712088999, 25.37173033416599], [90.43103157015409, 25.371810021457186], [90.43102487770523, 25.37189071191853], [90.43102711001872, 25.371971603619706], [90.43103824553496, 25.37205189219759], [90.43105817376124, 25.372130779784477], [90.43108669527149, 25.37220748312474], [90.43112352799479, 25.372281239256345], [90.43116830541844, 25.37235131443879], [90.43122058287639, 25.372417013893035], [90.43127983934579, 25.372477683424304], [90.43134548732844, 25.37253271997342], [90.43141687464744, 25.372581578109706], [90.4314932907354, 25.372623770842388], [90.4315739765159, 25.372658878548286], [90.43165813069173, 25.37268655384157], [90.43174491603301, 25.37270651995018], [90.43183347015707, 25.372718580455437], [90.43192291361328, 25.372722613610204], [90.43201235706951, 25.372718580455437]], [[90.42588585312001, 25.37207156783409], [90.42597440724411, 25.372059507264222], [90.42606119258537, 25.372039541048682], [90.42614534676117, 25.372011865607167], [90.42622603254168, 25.371976757713288], [90.42630244862964, 25.371934564754657], [90.42637383594864, 25.371885706356675], [90.42643948393129, 25.37183066951285], [90.4264987404007, 25.371769999656678], [90.42655101785864, 25.371704299850602], [90.42659579528231, 25.371634224292826], [90.42663262800559, 25.371560467766272], [90.42666114951588, 25.371483764015224], [90.4266810777421, 25.371404876005855], [90.4266922132584, 25.371324586998], [90.42669444557185, 25.371243694863622], [90.426687753123, 25.371163003970203], [90.42667220238712, 25.37108331625224], [90.42664794697613, 25.3710054230947], [90.42661522943517, 25.370930099650952], [90.42657437315772, 25.37085809347922], [90.42652578597895, 25.370790120483807], [90.42646994939585, 25.370726856798246], [90.42640741946553, 25.370668930667915], [90.42633881602563, 25.370616917579827], [90.42626482269398, 25.37057133539195], [90.42618617429252, 25.370532636216215], [90.42610365145727, 25.370501204794664], [90.42601807524838, 25.370477354440812], [90.42593029637037, 25.37046132054592], [90.42584118708746, 25.370453263825453], [90.42575163224015, 25.370453263825453], [90.42566252295724, 25.37046132054592], [90.42557474407921, 25.370477354440812], [90.42548916787034, 25.370501204794664], [90.42540664503507, 25.370532636216215], [90.42532799663363, 25.37057133539195], [90.425254003302, 25.370616917579827], [90.42518539986207, 25.370668930667915], [90.42512286993177, 25.370726856798246], [90.42506703334865, 25.370790120483807], [90.42501844616989, 25.37085809347922], [90.42497758989242, 25.370930099650952], [90.42494487235147, 25.3710054230947], [90.42492061694047, 25.37108331625224], [90.42490506620459, 25.371163003970203], [90.42489837375575, 25.371243694863622], [90.42490060606923, 25.371324586998], [90.42491174158549, 25.371404876005855], [90.42493166981173, 25.371483764015224], [90.42496019132201, 25.371560467766272], [90.4249970240453, 25.371634224292826], [90.42504180146895, 25.371704299850602], [90.4250940789269, 25.371769999656678], [90.4251533353963, 25.37183066951285], [90.42521898337895, 25.371885706356675], [90.42529037069797, 25.371934564754657], [90.42536678678591, 25.371976757713288], [90.42544747256642, 25.372011865607167], [90.42553162674224, 25.372039541048682], [90.42561841208352, 25.372059507264222], [90.4257069662076, 25.37207156783409], [90.4257964096638, 25.372075601010447], [90.42588585312001, 25.37207156783409]], [[90.46922692453182, 25.370474006267656], [90.46925544604211, 25.37055071065974], [90.4692922787654, 25.370624467802735], [90.46933705618906, 25.370694543946115], [90.469389333647, 25.370760244301295], [90.46944859011641, 25.3708209146645], [90.46951423809907, 25.370875951968333], [90.46958562541808, 25.37092481077462], [90.46966204150603, 25.370967004085887], [90.46974272728653, 25.371002112273217], [90.46982688146234, 25.37102978794602], [90.46991366680363, 25.371049754328425], [90.47000222092771, 25.371061814999067], [90.4700916643839, 25.371065848209124], [90.4701811078401, 25.371061814999067], [90.47026966196418, 25.371049754328425], [90.47035644730546, 25.37102978794602], [90.47044060148129, 25.371002112273217], [90.47052128726179, 25.370967004085887], [90.47059770334975, 25.37092481077462], [90.47066909066875, 25.370875951968333], [90.4707347386514, 25.3708209146645], [90.4707939951208, 25.370760244301295], [90.47084627257875, 25.370694543946115], [90.47089105000241, 25.370624467802735], [90.4709278827257, 25.37055071065974], [90.47095640423598, 25.370474006267656], [90.47097633246223, 25.370395117598996], [90.47098746797847, 25.370314827920144], [90.47098970029195, 25.37023393510972], [90.47098300784312, 25.37015324354191], [90.47096745710724, 25.37007355515799], [90.47094320169623, 25.369995661349495], [90.47091048415528, 25.36992033727625], [90.47086962787782, 25.369848330502716], [90.47082104069905, 25.369780356939284], [90.47076520411593, 25.369717092724976], [90.47070267418563, 25.369659166110573], [90.47063407074569, 25.369607152587808], [90.47056007741409, 25.369561570019002], [90.47048142901264, 25.36952287051983], [90.47039890617737, 25.369491438835617], [90.47031332996848, 25.369467588282458], [90.47022555109046, 25.36945155425355], [90.47013644180755, 25.36944349746576], [90.47004688696025, 25.36944349746576], [90.46995777767734, 25.36945155425355], [90.46986999879933, 25.369467588282458], [90.46978442259044, 25.369491438835617], [90.46970189975518, 25.36952287051983], [90.46962325135374, 25.369561570019002], [90.46954925802207, 25.369607152587808], [90.46948065458217, 25.369659166110573], [90.46941812465185, 25.369717092724976], [90.46936228806875, 25.369780356939284], [90.46931370088998, 25.369848330502716], [90.46927284461253, 25.36992033727625], [90.46924012707157, 25.369995661349495], [90.46921587166058, 25.37007355515799], [90.4692003209247, 25.37015324354191], [90.46919362847585, 25.37023393510972], [90.4691958607893, 25.370314827920144], [90.4692069963056, 25.370395117598996], [90.46922692453182, 25.370474006267656]], [[90.46413416857364, 25.36991155244081], [90.46422272269774, 25.369899491655353], [90.46430950803901, 25.369879525082865], [90.46439366221483, 25.369851849146585], [90.46447434799535, 25.369816740625016], [90.46455076408331, 25.369774546912087], [90.4646221514023, 25.36972568764065], [90.46468779938493, 25.36967064981287], [90.46474705585435, 25.369609978872067], [90.4647993333123, 25.36954427789144], [90.46484411073595, 25.369474201080934], [90.46488094345924, 25.36940044323577], [90.46490946496952, 25.36932373811347], [90.46492939319576, 25.369244848693803], [90.46494052871203, 25.36916455825059], [90.4649427610255, 25.36908366467009], [90.46493606857666, 25.369002972334112], [90.46492051784077, 25.36892328319159], [90.46489626242978, 25.368845388641557], [90.46486354488883, 25.368770063851247], [90.46482268861136, 25.36869805639222], [90.46477410143258, 25.36863008218168], [90.4647182648495, 25.368566817365153], [90.4646557349192, 25.36850889019931], [90.46458713147928, 25.368456876181366], [90.46451313814762, 25.368411293178646], [90.46443448974617, 25.3683725933111], [90.46435196691091, 25.36834116132766], [90.46426639070201, 25.36831731054745], [90.46417861182401, 25.368301276365926], [90.46408950254109, 25.368293219501393], [90.4639999476938, 25.368293219501393], [90.46391083841088, 25.368301276365926], [90.46382305953287, 25.36831731054745], [90.46373748332397, 25.36834116132766], [90.46365496048871, 25.3683725933111], [90.46357631208726, 25.368411293178646], [90.46350231875564, 25.368456876181366], [90.46343371531572, 25.36850889019931], [90.46337118538541, 25.368566817365153], [90.4633153488023, 25.36863008218168], [90.46326676162352, 25.36869805639222], [90.46322590534606, 25.368770063851247], [90.46319318780512, 25.368845388641557], [90.46316893239411, 25.36892328319159], [90.46315338165826, 25.369002972334112], [90.46314668920938, 25.36908366467009], [90.46314892152287, 25.36916455825059], [90.46316005703912, 25.369244848693803], [90.46317998526537, 25.36932373811347], [90.46320850677564, 25.36940044323577], [90.46324533949894, 25.369474201080934], [90.46329011692258, 25.36954427789144], [90.46334239438055, 25.369609978872067], [90.46340165084995, 25.36967064981287], [90.4634672988326, 25.36972568764065], [90.46353868615161, 25.369774546912087], [90.46361510223957, 25.369816740625016], [90.46369578802006, 25.369851849146585], [90.46377994219588, 25.369879525082865], [90.46386672753717, 25.369899491655353], [90.46395528166124, 25.36991155244081], [90.46404472511745, 25.369915585689277], [90.46413416857364, 25.36991155244081]], [[90.45702969392718, 25.36830177393368], [90.45711824805126, 25.368289712987554], [90.45720503339254, 25.368269746149057], [90.45728918756836, 25.368242069844058], [90.45736987334887, 25.36820696085477], [90.45744628943682, 25.36816476657975], [90.45751767675583, 25.368115906657355], [90.45758332473848, 25.36806086809637], [90.45764258120784, 25.368000196347285], [90.45769485866583, 25.36793449449137], [90.45773963608949, 25.367864416747253], [90.45777646881275, 25.367790657919503], [90.45780499032301, 25.367713951775304], [90.45782491854929, 25.367635061304643], [90.45783605406555, 25.36755476979181], [90.45783828637903, 25.367473875133633], [90.45783159393017, 25.36739318172267], [90.45781604319427, 25.36731349151853], [90.45779178778328, 25.36723559593078], [90.45775907024232, 25.367160270137006], [90.4577182139649, 25.367088261718745], [90.45766962678613, 25.367020286602642], [90.45761379020301, 25.366957020943318], [90.45755126027271, 25.366899093005756], [90.45748265683278, 25.366847078294924], [90.45740866350113, 25.366801494684935], [90.45733001509971, 25.366762794301824], [90.45724749226444, 25.366731361899667], [90.45716191605553, 25.366707510801717], [90.45707413717754, 25.36669147640659], [90.4569850278946, 25.366683419434757], [90.45689547304733, 25.366683419434757], [90.45680636376439, 25.36669147640659], [90.4567185848864, 25.366707510801717], [90.45663300867747, 25.366731361899667], [90.45655048584221, 25.366762794301824], [90.4564718374408, 25.366801494684935], [90.45639784410915, 25.366847078294924], [90.4563292406692, 25.366899093005756], [90.45626671073893, 25.366957020943318], [90.4562108741558, 25.367020286602642], [90.45616228697703, 25.367088261718745], [90.45612143069961, 25.367160270137006], [90.45608871315865, 25.36723559593078], [90.45606445774766, 25.36731349151853], [90.45604890701178, 25.36739318172267], [90.4560422145629, 25.367473875133633], [90.45604444687638, 25.36755476979181], [90.45605558239264, 25.367635061304643], [90.4560755106189, 25.367713951775304], [90.45610403212919, 25.367790657919503], [90.45614086485244, 25.367864416747253], [90.4561856422761, 25.36793449449137], [90.45623791973408, 25.368000196347285], [90.45629717620345, 25.36806086809637], [90.4563628241861, 25.368115906657355], [90.45643421150511, 25.36816476657975], [90.45651062759306, 25.36820696085477], [90.45659131337356, 25.368242069844058], [90.45667546754939, 25.368269746149057], [90.45676225289067, 25.368289712987554], [90.45685080701476, 25.36830177393368], [90.45694025047095, 25.368305807235913], [90.45702969392718, 25.36830177393368]], [[90.38617897817385, 25.36811869969708], [90.3862553942618, 25.368076505391194], [90.3863267815808, 25.368027645433127], [90.38639242956346, 25.36797260683194], [90.38645168603283, 25.367911935038546], [90.38650396349081, 25.36784623313464], [90.38654874091448, 25.36777615533933], [90.38658557363773, 25.3677023964577], [90.386614095148, 25.367625690257483], [90.38663402337427, 25.36754679972922], [90.38664515889054, 25.367466508157722], [90.38664739120402, 25.367385613440465], [90.38664069875514, 25.367304919970596], [90.38662514801926, 25.367225229708215], [90.38660089260826, 25.367147334063585], [90.38656817506731, 25.367072008214773], [90.38652731878989, 25.366999999743935], [90.38647873161112, 25.366932024578187], [90.38642289502799, 25.366868758872645], [90.3863603650977, 25.36681083089278], [90.38629176165776, 25.36675881614396], [90.38621776832612, 25.366713232500675], [90.38613911992469, 25.36667453208931], [90.38605659708944, 25.366643099664188], [90.3859710208805, 25.366619248548822], [90.38588324200254, 25.36660321414198], [90.38579413271958, 25.366595157164255], [90.38570457787232, 25.366595157164255], [90.38561546858936, 25.36660321414198], [90.38552768971138, 25.366619248548822], [90.38544211350246, 25.366643099664188], [90.3853595906672, 25.36667453208931], [90.38528094226578, 25.366713232500675], [90.38520694893414, 25.36675881614396], [90.3851383454942, 25.36681083089278], [90.38507581556391, 25.366868758872645], [90.38501997898078, 25.366932024578187], [90.38497139180201, 25.366999999743935], [90.38493053552459, 25.367072008214773], [90.38489781798364, 25.367147334063585], [90.38487356257264, 25.367225229708215], [90.38485801183676, 25.367304919970596], [90.38485131938788, 25.367385613440465], [90.38485355170135, 25.367466508157722], [90.38486468721761, 25.36754679972922], [90.3848846154439, 25.367625690257483], [90.38491313695417, 25.3677023964577], [90.38494996967742, 25.36777615533933], [90.38499474710108, 25.36784623313464], [90.38504702455907, 25.367911935038546], [90.38510628102844, 25.36797260683194], [90.3851719290111, 25.368027645433127], [90.3852433163301, 25.368076505391194], [90.38531973241805, 25.36811869969708], [90.38540041819856, 25.36815380871199], [90.38548457237437, 25.36818148503719], [90.38557135771565, 25.36820145189028], [90.38565991183974, 25.36821351284525], [90.38574935529593, 25.368217546150394], [90.38583879875216, 25.36821351284525], [90.38592735287624, 25.36820145189028], [90.38601413821753, 25.36818148503719], [90.38609829239334, 25.36815380871199], [90.38617897817385, 25.36811869969708]], [[90.36832325240799, 25.367894411341663], [90.36841180653207, 25.367882350354876], [90.36849859187336, 25.367862383449065], [90.36858274604914, 25.36783470705075], [90.36866343182966, 25.367799597943122], [90.36873984791764, 25.36775740352581], [90.3688112352366, 25.367708543438752], [90.36887688321926, 25.36765350469218], [90.36893613968866, 25.367592832738598], [90.36898841714661, 25.367527130661173], [90.36903319457026, 25.367457052680844], [90.36907002729355, 25.367383293604426], [90.36909854880383, 25.36730658720162], [90.36911847703011, 25.36722769646504], [90.36912961254636, 25.367147404681553], [90.36913184485985, 25.36706650975068], [90.36912515241097, 25.366985816067697], [90.36910960167509, 25.36690612559489], [90.3690853462641, 25.366828229744556], [90.36905262872314, 25.366752903696884], [90.36901177244572, 25.36668089503585], [90.36896318526694, 25.366612919690617], [90.36890734868382, 25.36654965381802], [90.36884481875352, 25.366491725685208], [90.36877621531359, 25.366439710799014], [90.36870222198193, 25.366394127035363], [90.36862357358049, 25.3663554265218], [90.36854105074524, 25.36632399401368], [90.36845547453633, 25.366300142835364], [90.36836769565835, 25.36628410838618], [90.36827858637541, 25.36627605138717], [90.3681890315281, 25.36627605138717], [90.3680999222452, 25.36628410838618], [90.36801214336722, 25.366300142835364], [90.36792656715828, 25.36632399401368], [90.36784404432302, 25.3663554265218], [90.36776539592158, 25.366394127035363], [90.36769140258995, 25.366439710799014], [90.36762279915003, 25.366491725685208], [90.36756026921974, 25.36654965381802], [90.36750443263662, 25.366612919690617], [90.36745584545783, 25.36668089503585], [90.3674149891804, 25.366752903696884], [90.36738227163943, 25.366828229744556], [90.36735801622848, 25.36690612559489], [90.36734246549258, 25.366985816067697], [90.3673357730437, 25.36706650975068], [90.3673380053572, 25.367147404681553], [90.36734914087344, 25.36722769646504], [90.36736906909972, 25.36730658720162], [90.36739759060995, 25.367383293604426], [90.36743442333326, 25.367457052680844], [90.3674792007569, 25.367527130661173], [90.36753147821487, 25.367592832738598], [90.36759073468427, 25.36765350469218], [90.36765638266692, 25.367708543438752], [90.36772776998592, 25.36775740352581], [90.36780418607388, 25.367799597943122], [90.36788487185439, 25.36783470705075], [90.36796902603021, 25.367862383449065], [90.36805581137149, 25.367882350354876], [90.36814436549555, 25.367894411341663], [90.36823380895176, 25.367898444657456], [90.36832325240799, 25.367894411341663]], [[90.44562716871839, 25.366316473555177], [90.44569855603739, 25.366365334205117], [90.44577497212536, 25.366407529108493], [90.44585565790584, 25.366442638620562], [90.44593981208168, 25.36647031533767], [90.44602659742296, 25.36649028247352], [90.44611515154703, 25.36650234359925], [90.44620459500324, 25.366506376961503], [90.44629403845943, 25.36650234359925], [90.4463825925835, 25.36649028247352], [90.4464693779248, 25.36647031533767], [90.44655353210062, 25.366442638620562], [90.44663421788111, 25.366407529108493], [90.44671063396906, 25.366365334205117], [90.44678202128807, 25.366316473555177], [90.44684766927072, 25.36626143417463], [90.44690692574014, 25.3662007615221], [90.44695920319809, 25.36613505868783], [90.44700398062174, 25.36606497990024], [90.44704081334503, 25.365991219974145], [90.4470693348553, 25.365914512687745], [90.44708926308155, 25.36583562104238], [90.44710039859783, 25.36575532833397], [90.44710263091129, 25.36567443247122], [90.44709593846244, 25.365593737858728], [90.44708038772656, 25.36551404646794], [90.44705613231557, 25.365436149720306], [90.44702341477462, 25.365360822804927], [90.44698255849715, 25.365288813314425], [90.44693397131837, 25.365220837186154], [90.44687813473529, 25.365157570584802], [90.44681560480497, 25.365099641784713], [90.44674700136503, 25.36504762629934], [90.44667300803341, 25.365002042010605], [90.44659435963196, 25.364963341051265], [90.4465118367967, 25.36493190818106], [90.4464262605878, 25.364908056727984], [90.4463384817098, 25.36489202209412], [90.44624937242688, 25.364883965002296], [90.44615981757958, 25.364883965002296], [90.44607070829667, 25.36489202209412], [90.44598292941866, 25.364908056727984], [90.44589735320976, 25.36493190818106], [90.4458148303745, 25.364963341051265], [90.44573618197305, 25.365002042010605], [90.44566218864144, 25.36504762629934], [90.44559358520151, 25.365099641784713], [90.44553105527118, 25.365157570584802], [90.44547521868809, 25.365220837186154], [90.4454266315093, 25.365288813314425], [90.44538577523186, 25.365360822804927], [90.44535305769091, 25.365436149720306], [90.4453288022799, 25.36551404646794], [90.44531325154401, 25.365593737858728], [90.44530655909517, 25.36567443247122], [90.44530879140866, 25.36575532833397], [90.44531992692491, 25.36583562104238], [90.44533985515116, 25.365914512687745], [90.44536837666143, 25.365991219974145], [90.44540520938473, 25.36606497990024], [90.44544998680837, 25.36613505868783], [90.44550226426632, 25.3662007615221], [90.44556152073574, 25.36626143417463], [90.44562716871839, 25.366316473555177]], [[90.44243537097059, 25.365745039908603], [90.44252392509465, 25.36573297870728], [90.44261071043593, 25.36571301144634], [90.44269486461175, 25.365685334555753], [90.44277555039226, 25.36565022482368], [90.4428519664802, 25.365608029655885], [90.44292335379922, 25.365559168699797], [90.44298900178187, 25.365504128974298], [90.44304825825127, 25.36544345594158], [90.44310053570922, 25.365377752695583], [90.44314531313287, 25.365307673468845], [90.44318214585617, 25.365233913080537], [90.44321066736644, 25.36515720531345], [90.44323059559268, 25.365078313173715], [90.44324173110898, 25.36499801996217], [90.44324396342242, 25.364917123592527], [90.44323727097358, 25.36483642847434], [90.4432217202377, 25.364756736584216], [90.44319746482671, 25.364678839348453], [90.44316474728575, 25.36460351196102], [90.4431238910083, 25.364531502019286], [90.44307530382953, 25.364463525465062], [90.44301946724643, 25.36440025846726], [90.44295693731611, 25.36434232930418], [90.44288833387617, 25.364290313492877], [90.44281434054454, 25.364244728918543], [90.4427356921431, 25.36420602771664], [90.44265316930785, 25.36417459464951], [90.44256759309896, 25.36415074304697], [90.44247981422095, 25.364134708312605], [90.44239070493803, 25.364126651170295], [90.44230115009071, 25.364126651170295], [90.4422120408078, 25.364134708312605], [90.44212426192979, 25.36415074304697], [90.4420386857209, 25.36417459464951], [90.44195616288565, 25.36420602771664], [90.4418775144842, 25.364244728918543], [90.44180352115258, 25.364290313492877], [90.44173491771264, 25.36434232930418], [90.44167238778235, 25.36440025846726], [90.44161655119923, 25.364463525465062], [90.44156796402046, 25.364531502019286], [90.441527107743, 25.36460351196102], [90.44149439020204, 25.364678839348453], [90.44147013479105, 25.364756736584216], [90.44145458405517, 25.36483642847434], [90.44144789160633, 25.364917123592527], [90.44145012391981, 25.36499801996217], [90.44146125943607, 25.365078313173715], [90.4414811876623, 25.36515720531345], [90.44150970917259, 25.365233913080537], [90.44154654189587, 25.365307673468845], [90.44159131931953, 25.365377752695583], [90.44164359677748, 25.36544345594158], [90.44170285324688, 25.365504128974298], [90.44176850122953, 25.365559168699797], [90.44183988854854, 25.365608029655885], [90.4419163046365, 25.36565022482368], [90.441996990417, 25.365685334555753], [90.44208114459282, 25.36571301144634], [90.4421679299341, 25.36573297870728], [90.44225648405818, 25.365745039908603], [90.44234592751438, 25.365749073296122], [90.44243537097059, 25.365745039908603]], [[90.4233397742799, 25.364522831244383], [90.42342832840397, 25.36451076992109], [90.42351511374527, 25.364490802458214], [90.42359926792109, 25.364463125287738], [90.4236799537016, 25.364428015200584], [90.42375636978954, 25.364385819606078], [90.42382775710855, 25.364336958155846], [90.4238934050912, 25.364281917873726], [90.4239526615606, 25.364221244227412], [90.42400493901856, 25.364155540316972], [90.42404971644221, 25.36408546038152], [90.4240865491655, 25.364011699247282], [90.42411507067574, 25.36393499070446], [90.42413499890202, 25.3638560977669], [90.42414613441828, 25.36377580374336], [90.42414836673176, 25.36369490655561], [90.42414167428288, 25.363614210621385], [90.42412612354703, 25.363534517925345], [90.42410186813603, 25.363456619901825], [90.42406915059505, 25.363381291752646], [90.42402829431762, 25.36330928108268], [90.42397970713884, 25.36324130384105], [90.42392387055573, 25.363178036203436], [90.42386134062544, 25.36312010645455], [90.4237927371855, 25.36306809011723], [90.42371874385388, 25.363022505081908], [90.42364009545243, 25.362983803488646], [90.42355757261717, 25.36295237010365], [90.42347199640825, 25.36292851825991], [90.42338421753027, 25.3629124833634], [90.42329510824736, 25.362904426139604], [90.42320555340005, 25.362904426139604], [90.4231164441171, 25.3629124833634], [90.42302866523913, 25.36292851825991], [90.42294308903023, 25.36295237010365], [90.42286056619497, 25.362983803488646], [90.42278191779353, 25.363022505081908], [90.42270792446187, 25.36306809011723], [90.42263932102193, 25.36312010645455], [90.42257679109164, 25.363178036203436], [90.42252095450853, 25.36324130384105], [90.42247236732977, 25.36330928108268], [90.42243151105234, 25.363381291752646], [90.42239879351138, 25.363456619901825], [90.42237453810039, 25.363534517925345], [90.42235898736449, 25.363614210621385], [90.42235229491563, 25.36369490655561], [90.4223545272291, 25.36377580374336], [90.42236566274539, 25.3638560977669], [90.42238559097163, 25.36393499070446], [90.4224141124819, 25.364011699247282], [90.4224509452052, 25.36408546038152], [90.42249572262885, 25.364155540316972], [90.4225480000868, 25.364221244227412], [90.42260725655622, 25.364281917873726], [90.42267290453887, 25.364336958155846], [90.42274429185784, 25.364385819606078], [90.42282070794579, 25.364428015200584], [90.42290139372632, 25.364463125287738], [90.42298554790212, 25.364490802458214], [90.4230723332434, 25.36451076992109], [90.4231608873675, 25.364522831244383], [90.4232503308237, 25.3645268646727], [90.4233397742799, 25.364522831244383]], [[90.45422848635985, 25.362956366244862], [90.4542941343425, 25.36301140713059], [90.45436552166149, 25.363060269116705], [90.45444193774945, 25.363102465174], [90.45452262352997, 25.36313757564625], [90.45460677770578, 25.363165253120254], [90.45469356304706, 25.36318522080212], [90.45478211717116, 25.363197282257698], [90.45487156062737, 25.36320131573025], [90.45496100408356, 25.363197282257698], [90.45504955820763, 25.36318522080212], [90.45513634354893, 25.363165253120254], [90.45522049772475, 25.36313757564625], [90.45530118350523, 25.363102465174], [90.45537759959319, 25.363060269116705], [90.4554489869122, 25.36301140713059], [90.45551463489485, 25.362956366244862], [90.45557389136427, 25.362895691933115], [90.45562616882222, 25.36282998730205], [90.45567094624587, 25.362759906597983], [90.45570777896916, 25.36268614465479], [90.4557363004794, 25.362609435270688], [90.45575622870568, 25.362530541467873], [90.45576736422193, 25.362450246563714], [90.45576959653542, 25.36236934848875], [90.45576290408654, 25.362288651669484], [90.45574735335069, 25.362208958099455], [90.4557230979397, 25.362131059221625], [90.4556903803987, 25.362055730246304], [90.45564952412128, 25.361983718786583], [90.4556009369425, 25.361915740799468], [90.45554510035939, 25.36185247246801], [90.4554825704291, 25.36179454208376], [90.45541396698916, 25.36174252517602], [90.45533997365754, 25.361696939640737], [90.45526132525609, 25.36165823762307], [90.45517880242083, 25.361626803893305], [90.45509322621191, 25.361602951787983], [90.45500544733392, 25.361586916715613], [90.454916338051, 25.361578859403487], [90.45482678320371, 25.361578859403487], [90.45473767392076, 25.361586916715613], [90.45464989504279, 25.361602951787983], [90.45456431883389, 25.361626803893305], [90.45448179599863, 25.36165823762307], [90.45440314759718, 25.361696939640737], [90.45432915426552, 25.36174252517602], [90.4542605508256, 25.36179454208376], [90.45419802089529, 25.36185247246801], [90.45414218431218, 25.361915740799468], [90.45409359713344, 25.361983718786583], [90.45405274085597, 25.362055730246304], [90.45402002331502, 25.362131059221625], [90.45399576790403, 25.362208958099455], [90.45398021716814, 25.362288651669484], [90.45397352471926, 25.36236934848875], [90.45397575703277, 25.362450246563714], [90.45398689254904, 25.362530541467873], [90.45400682077529, 25.362609435270688], [90.45403534228556, 25.36268614465479], [90.45407217500885, 25.362759906597983], [90.4541169524325, 25.36282998730205], [90.45416922989045, 25.362895691933115], [90.45422848635985, 25.362956366244862]], [[90.46049458670787, 25.36158353501487], [90.46058137204915, 25.36160350295806], [90.46066992617322, 25.361615564571483], [90.46075936962943, 25.36161959809681], [90.46084881308565, 25.361615564571483], [90.46093736720972, 25.36160350295806], [90.46102415255102, 25.36158353501487], [90.46110830672684, 25.36155585717866], [90.46118899250735, 25.361520746246974], [90.4612654085953, 25.3614785496375], [90.4613367959143, 25.36142968701194], [90.46140244389692, 25.361374645405917], [90.46146170036631, 25.361313970300177], [90.46151397782431, 25.361248264809316], [90.46155875524796, 25.36117818318816], [90.46159558797122, 25.36110442027972], [90.46162410948149, 25.361027709891793], [90.46164403770777, 25.360948815056584], [90.46165517322403, 25.360868519101672], [90.46165740553751, 25.36078761996809], [90.46165071308863, 25.36070692209288], [90.46163516235275, 25.36062722747995], [90.46161090694176, 25.360549327582763], [90.4615781894008, 25.360473997621725], [90.46153733312337, 25.360401985219706], [90.46148874594459, 25.360334006343017], [90.46143290936148, 25.360270737183644], [90.46137037943119, 25.360212806041382], [90.46130177599125, 25.360160788452923], [90.46122778265959, 25.360115202321136], [90.46114913425818, 25.360076499797014], [90.46106661142292, 25.360045065655935], [90.460981035214, 25.3600212132385], [90.46089325633602, 25.360005177956342], [90.46080414705308, 25.359997120538747], [90.46071459220576, 25.359997120538747], [90.46062548292285, 25.360005177956342], [90.46053770404488, 25.3600212132385], [90.46045212783595, 25.360045065655935], [90.4603696050007, 25.360076499797014], [90.46029095659925, 25.360115202321136], [90.46021696326763, 25.360160788452923], [90.46014835982768, 25.360212806041382], [90.4600858298974, 25.360270737183644], [90.46002999331428, 25.360334006343017], [90.45998140613551, 25.360401985219706], [90.45994054985809, 25.360473997621725], [90.45990783231709, 25.360549327582763], [90.45988357690614, 25.36062722747995], [90.45986802617024, 25.36070692209288], [90.45986133372138, 25.36078761996809], [90.45986356603485, 25.360868519101672], [90.45987470155112, 25.360948815056584], [90.45989462977738, 25.361027709891793], [90.45992315128765, 25.36110442027972], [90.45995998401092, 25.36117818318816], [90.46000476143458, 25.361248264809316], [90.46005703889253, 25.361313970300177], [90.46011629536193, 25.361374645405917], [90.46018194334458, 25.36142968701194], [90.46025333066359, 25.3614785496375], [90.46032974675154, 25.361520746246974], [90.46041043253204, 25.36155585717866], [90.46049458670787, 25.36158353501487]], [[90.47234015831982, 25.36000540037547], [90.47242084410036, 25.36004051174731], [90.47250499827615, 25.3600681899305], [90.47259178361745, 25.360088158124004], [90.47268033774151, 25.36010021988863], [90.47276978119774, 25.360104253464527], [90.47285922465394, 25.36010021988863], [90.47294777877802, 25.360088158124004], [90.4730345641193, 25.3600681899305], [90.47311871829513, 25.36004051174731], [90.47319940407561, 25.36000540037547], [90.47327582016358, 25.359963203236994], [90.47334720748258, 25.359914339998905], [90.47341285546523, 25.359859297702858], [90.47347211193464, 25.359798621836482], [90.4735243893926, 25.35973291552191], [90.47356916681625, 25.359662833022256], [90.47360599953953, 25.35958906918909], [90.47363452104977, 25.359512357839517], [90.47365444927605, 25.359433462015282], [90.47366558479231, 25.35935316505383], [90.47366781710579, 25.359272264906092], [90.47366112465693, 25.35919156601924], [90.47364557392103, 25.359111870407308], [90.47362131851007, 25.359033969533566], [90.47358860096908, 25.35895863862818], [90.47354774469166, 25.358886625323432], [90.47349915751289, 25.358818645594596], [90.47344332092977, 25.358755375642094], [90.47338079099947, 25.35869744377362], [90.47331218755953, 25.3586454255331], [90.47323819422792, 25.358599838829893], [90.47315954582646, 25.358561135820597], [90.4730770229912, 25.358529701285498], [90.47299144678229, 25.358505848569056], [90.4729036679043, 25.358489813085857], [90.4728145586214, 25.35848175556725], [90.47272500377409, 25.35848175556725], [90.47263589449113, 25.358489813085857], [90.47254811561317, 25.358505848569056], [90.47246253940428, 25.358529701285498], [90.47238001656902, 25.358561135820597], [90.47230136816756, 25.358599838829893], [90.47222737483591, 25.3586454255331], [90.47215877139597, 25.35869744377362], [90.47209624146568, 25.358755375642094], [90.47204040488256, 25.358818645594596], [90.47199181770378, 25.358886625323432], [90.47195096142636, 25.35895863862818], [90.47191824388541, 25.359033969533566], [90.4718939884744, 25.359111870407308], [90.47187843773852, 25.35919156601924], [90.47187174528965, 25.359272264906092], [90.47187397760314, 25.35935316505383], [90.4718851131194, 25.359433462015282], [90.47190504134566, 25.359512357839517], [90.47193356285595, 25.35958906918909], [90.47197039557923, 25.359662833022256], [90.47201517300289, 25.35973291552191], [90.47206745046084, 25.359798621836482], [90.47212670693024, 25.359859297702858], [90.47219235491289, 25.359914339998905], [90.47226374223187, 25.359963203236994], [90.47234015831982, 25.36000540037547]], [[90.44058814728554, 25.35885491162876], [90.44067670140961, 25.35884284973989], [90.4407634867509, 25.358822881340657], [90.44084764092673, 25.35879520287236], [90.44092832670721, 25.3587600911388], [90.44100474279517, 25.358717893565647], [90.4410761301142, 25.358669029824167], [90.44114177809685, 25.358613986961128], [90.44120103456625, 25.35855331046971], [90.4412533120242, 25.358487603478263], [90.44129808944784, 25.358417520256598], [90.44133492217114, 25.358343755663597], [90.44136344368138, 25.358267043523796], [90.44138337190766, 25.358188146886828], [90.44139450742391, 25.35810784909816], [90.4413967397374, 25.358026948117047], [90.44139004728852, 25.357946248398925], [90.44137449655267, 25.357866551966], [90.44135024114166, 25.35778865028979], [90.44131752360072, 25.357713318608404], [90.44127666732327, 25.35764130456186], [90.44122808014448, 25.35757332413274], [90.44117224356137, 25.357510053528507], [90.44110971363106, 25.357452121063236], [90.44104111019114, 25.357400102286892], [90.44096711685953, 25.357354515114068], [90.44088846845807, 25.35731581170611], [90.44080594562281, 25.35728437684718], [90.44072036941388, 25.35726052388503], [90.4406325905359, 25.35724448823665], [90.44054348125299, 25.357236430635094], [90.4404539264057, 25.357236430635094], [90.44036481712277, 25.35724448823665], [90.44027703824477, 25.35726052388503], [90.44019146203587, 25.35728437684718], [90.44010893920061, 25.35731581170611], [90.44003029079916, 25.357354515114068], [90.4399562974675, 25.357400102286892], [90.43988769402758, 25.357452121063236], [90.43982516409729, 25.357510053528507], [90.43976932751416, 25.35757332413274], [90.43972074033542, 25.35764130456186], [90.43967988405795, 25.357713318608404], [90.439647166517, 25.35778865028979], [90.43962291110601, 25.357866551966], [90.43960736037012, 25.357946248398925], [90.43960066792128, 25.358026948117047], [90.43960290023475, 25.35810784909816], [90.43961403575102, 25.358188146886828], [90.43963396397727, 25.358267043523796], [90.43966248548755, 25.358343755663597], [90.43969931821083, 25.358417520256598], [90.43974409563448, 25.358487603478263], [90.43979637309243, 25.35855331046971], [90.43985562956185, 25.358613986961128], [90.43992127754449, 25.358669029824167], [90.43999266486347, 25.358717893565647], [90.44006908095143, 25.3587600911388], [90.44014976673195, 25.35879520287236], [90.44023392090777, 25.358822881340657], [90.44032070624904, 25.35884284973989], [90.44040926037314, 25.35885491162876], [90.44049870382933, 25.358858945246222], [90.44058814728554, 25.35885491162876]], [[90.49642079757626, 25.35726150368794], [90.49639654216527, 25.35733940570382], [90.49638099142938, 25.357419102484226], [90.4963742989805, 25.35749980255426], [90.49637653129399, 25.357580703888136], [90.49638766681024, 25.35766100202693], [90.49640759503652, 25.357739899007917], [90.49643611654679, 25.3578166114822], [90.49647294927009, 25.35789037639687], [90.49651772669371, 25.357960459924097], [90.49657000415168, 25.358026167202045], [90.49662926062109, 25.35808684395805], [90.49669490860374, 25.35814188706113], [90.49676629592271, 25.358190751015666], [90.49684271201068, 25.358232948772827], [90.4969233977912, 25.35826806065951], [90.497007551967, 25.3582957392485], [90.49709433730828, 25.358315707734768], [90.49718289143235, 25.358327769676244], [90.49727233488859, 25.358331803311287], [90.49736177834478, 25.358327769676244], [90.49745033246886, 25.358315707734768], [90.49753711781015, 25.3582957392485], [90.49762127198598, 25.35826806065951], [90.49770195776647, 25.358232948772827], [90.49777837385443, 25.358190751015666], [90.49784976117344, 25.35814188706113], [90.49791540915609, 25.35808684395805], [90.49797466562549, 25.358026167202045], [90.49802694308345, 25.357960459924097], [90.4980717205071, 25.35789037639687], [90.49810855323038, 25.3578166114822], [90.49813707474063, 25.357739899007917], [90.4981570029669, 25.35766100202693], [90.49816813848315, 25.357580703888136], [90.49817037079664, 25.35749980255426], [90.49816367834777, 25.357419102484226], [90.49814812761188, 25.35733940570382], [90.49812387220092, 25.35726150368794], [90.49809115465993, 25.35718617167809], [90.49805029838251, 25.3571141573175], [90.49800171120373, 25.357046176592004], [90.49794587462061, 25.35698290571185], [90.49788334469032, 25.356924972994], [90.49781474125038, 25.356872953990862], [90.49774074791877, 25.356827366619253], [90.49766209951731, 25.356788663042547], [90.49757957668206, 25.356757228046547], [90.49749400047314, 25.356733374980394], [90.49740622159516, 25.35671733926208], [90.49731711231223, 25.35670928162536], [90.49722755746494, 25.35670928162536], [90.49713844818199, 25.35671733926208], [90.49705066930402, 25.356733374980394], [90.49696509309511, 25.356757228046547], [90.49688257025986, 25.356788663042547], [90.49680392185842, 25.356827366619253], [90.49672992852676, 25.356872953990862], [90.49666132508682, 25.356924972994], [90.49659879515653, 25.35698290571185], [90.49654295857341, 25.357046176592004], [90.49649437139463, 25.3571141573175], [90.49645351511721, 25.35718617167809], [90.49642079757626, 25.35726150368794]], [[90.39525972578414, 25.356945841147002], [90.39527086130039, 25.35686554253321], [90.39527309361388, 25.356784640720775], [90.395266401165, 25.356703940173368], [90.39525085042911, 25.356624242921527], [90.39522659501814, 25.35654634044481], [90.39519387747715, 25.356471007989338], [90.39515302119973, 25.356398993202795], [90.39510443402096, 25.356331012075138], [90.39504859743785, 25.356267740820748], [90.39498606750755, 25.356209807760177], [90.39491746406762, 25.356157788449323], [90.394843470736, 25.356112200808056], [90.39476482233455, 25.356073497002413], [90.39468229949928, 25.356042061820464], [90.39459672329036, 25.35601820861321], [90.39450894441238, 25.35600217280005], [90.39441983512947, 25.355994115115685], [90.39433028028216, 25.355994115115685], [90.39424117099921, 25.35600217280005], [90.39415339212124, 25.35601820861321], [90.39406781591235, 25.356042061820464], [90.3939852930771, 25.356073497002413], [90.39390664467565, 25.356112200808056], [90.39383265134398, 25.356157788449323], [90.39376404790404, 25.356209807760177], [90.39370151797377, 25.356267740820748], [90.39364568139065, 25.356331012075138], [90.39359709421187, 25.356398993202795], [90.39355623793445, 25.356471007989338], [90.39352352039349, 25.35654634044481], [90.3934992649825, 25.356624242921527], [90.39348371424661, 25.356703940173368], [90.39347702179774, 25.356784640720775], [90.39347925411123, 25.35686554253321], [90.39349038962747, 25.356945841147002], [90.39351031785374, 25.357024738594706], [90.39353883936403, 25.3571014515228], [90.39357567208731, 25.357175216873816], [90.39362044951098, 25.35724530081565], [90.39367272696892, 25.357311008482302], [90.39373198343833, 25.357371685597222], [90.39379763142098, 25.357426729025892], [90.39386901873995, 25.357475593269516], [90.3939454348279, 25.357517791276273], [90.39402612060844, 25.357552903370657], [90.39411027478423, 25.357580582123397], [90.39419706012552, 25.35760055072779], [90.39428561424958, 25.357612612740613], [90.39437505770582, 25.35761664639956], [90.39446450116202, 25.357612612740613], [90.3945530552861, 25.35760055072779], [90.39463984062738, 25.357580582123397], [90.3947239948032, 25.357552903370657], [90.3948046805837, 25.357517791276273], [90.39488109667167, 25.357475593269516], [90.39495248399066, 25.357426729025892], [90.39501813197332, 25.357371685597222], [90.39507738844272, 25.357311008482302], [90.39512966590067, 25.35724530081565], [90.39517444332432, 25.357175216873816], [90.39521127604762, 25.3571014515228], [90.39523979755785, 25.357024738594706], [90.39525972578414, 25.356945841147002]], [[90.36209230852694, 25.356239598244514], [90.362180862651, 25.356227536094696], [90.36226764799228, 25.356207567263493], [90.3623518021681, 25.356179888196426], [90.36243248794861, 25.356144775703314], [90.36250890403657, 25.3561025772173], [90.36258029135557, 25.356053712418746], [90.36264593933822, 25.355998668364958], [90.36270519580762, 25.355937990560935], [90.36275747326559, 25.355872282148063], [90.36280225068923, 25.355802197410352], [90.3628390834125, 25.355728431221593], [90.36286760492277, 25.355651717422305], [90.36288753314905, 25.3555728190786], [90.3628986686653, 25.355492519552932], [90.3629009009788, 25.355411616821733], [90.36289420852992, 25.355330915357857], [90.36287865779403, 25.35525121720092], [90.36285440238306, 25.355173313839526], [90.36282168484209, 25.355097980528587], [90.36278082856467, 25.35502596492418], [90.36273224138588, 25.354957983024512], [90.36267640480276, 25.3548947110516], [90.36261387487247, 25.354836777333176], [90.36254527143254, 25.354784757431553], [90.36247127810091, 25.35473916927258], [90.36239262969947, 25.35470046502741], [90.36231010686421, 25.354669029488477], [90.36222453065527, 25.35464517601034], [90.3621367517773, 25.354629140015113], [90.36204764249439, 25.354621082239223], [90.36195808764707, 25.354621082239223], [90.36186897836414, 25.354629140015113], [90.36178119948616, 25.35464517601034], [90.36169562327723, 25.354669029488477], [90.36161310044197, 25.35470046502741], [90.36153445204056, 25.35473916927258], [90.3614604587089, 25.354784757431553], [90.36139185526898, 25.354836777333176], [90.36132932533867, 25.3548947110516], [90.36127348875556, 25.354957983024512], [90.36122490157678, 25.35502596492418], [90.36118404529935, 25.355097980528587], [90.3611513277584, 25.355173313839526], [90.3611270723474, 25.35525121720092], [90.36111152161152, 25.355330915357857], [90.36110482916264, 25.355411616821733], [90.36110706147613, 25.355492519552932], [90.36111819699238, 25.3555728190786], [90.36113812521866, 25.355651717422305], [90.36116664672895, 25.355728431221593], [90.3612034794522, 25.355802197410352], [90.36124825687584, 25.355872282148063], [90.36130053433384, 25.355937990560935], [90.36135979080323, 25.355998668364958], [90.36142543878584, 25.356053712418746], [90.36149682610487, 25.3561025772173], [90.36157324219283, 25.356144775703314], [90.36165392797331, 25.356179888196426], [90.36173808214913, 25.356207567263493], [90.36182486749043, 25.356227536094696], [90.3619134216145, 25.356239598244514], [90.36200286507074, 25.356243631949237], [90.36209230852694, 25.356239598244514]], [[90.33213927715533, 25.355160842445603], [90.33222783127943, 25.355148780188166], [90.33231461662069, 25.355128811178815], [90.3323987707965, 25.355101131864785], [90.33247945657705, 25.35506601905836], [90.332555872665, 25.355023820195832], [90.33262725998397, 25.354974954961325], [90.33269290796662, 25.35491991041641], [90.33275216443603, 25.354859232071032], [90.33280444189397, 25.35479352307187], [90.33284921931764, 25.35472343770885], [90.33288605204092, 25.35464967086193], [90.33291457355121, 25.354572956378213], [90.33293450177743, 25.354494057330577], [90.33294563729373, 25.35441375708843], [90.33294786960718, 25.354332853635423], [90.33294117715833, 25.35425215145152], [90.33292562642245, 25.35417245258355], [90.33290137101146, 25.35409454852709], [90.3328686534705, 25.354019214544], [90.33282779719305, 25.353947198297085], [90.33277921001431, 25.353879215790922], [90.33272337343118, 25.35381594325351], [90.3326608435009, 25.35375800901817], [90.33259224006096, 25.353705988652454], [90.33251824672931, 25.353660400086763], [90.33243959832785, 25.353621695496273], [90.3323570754926, 25.35359025967688], [90.3322714992837, 25.353566405985926], [90.3321837204057, 25.3535503698476], [90.33209461112278, 25.353542311999842], [90.33200505627548, 25.353542311999842], [90.33191594699257, 25.3535503698476], [90.33182816811458, 25.353566405985926], [90.33174259190567, 25.35359025967688], [90.3316600690704, 25.353621695496273], [90.33158142066895, 25.353660400086763], [90.33150742733733, 25.353705988652454], [90.3314388238974, 25.35375800901817], [90.3313762939671, 25.35381594325351], [90.33132045738398, 25.353879215790922], [90.33127187020521, 25.353947198297085], [90.33123101392775, 25.354019214544], [90.3311982963868, 25.35409454852709], [90.3311740409758, 25.35417245258355], [90.33115849023994, 25.35425215145152], [90.33115179779108, 25.354332853635423], [90.33115403010456, 25.35441375708843], [90.33116516562082, 25.354494057330577], [90.33118509384705, 25.354572956378213], [90.33121361535734, 25.35464967086193], [90.33125044808062, 25.35472343770885], [90.33129522550428, 25.35479352307187], [90.33134750296223, 25.354859232071032], [90.33140675943163, 25.35491991041641], [90.33147240741428, 25.354974954961325], [90.33154379473329, 25.355023820195832], [90.33162021082124, 25.35506601905836], [90.33170089660175, 25.355101131864785], [90.33178505077757, 25.355128811178815], [90.33187183611885, 25.355148780188166], [90.33196039024293, 25.355160842445603], [90.33204983369913, 25.355164876186315], [90.33213927715533, 25.355160842445603]], [[90.3045985043926, 25.354454948737533], [90.30468705851668, 25.354442886409682], [90.30477384385796, 25.354422917283756], [90.30485799803378, 25.354395237808088], [90.30493868381429, 25.3543601247967], [90.30501509990223, 25.354317925687816], [90.30508648722125, 25.354269060168026], [90.3051521352039, 25.354214015301746], [90.3052113916733, 25.35415333660208], [90.30526366913125, 25.354087627219343], [90.3053084465549, 25.354017541447163], [90.3053452792782, 25.353943774169586], [90.30537380078847, 25.35386705923798], [90.30539372901471, 25.353788159729724], [90.30540486453101, 25.35370785901883], [90.30540709684446, 25.353626955093496], [90.30540040439561, 25.353546252438452], [90.30538485365973, 25.353466553105193], [90.30536059824874, 25.353388648593914], [90.30532788070778, 25.353313314171064], [90.30528702443033, 25.353241297503732], [90.30523843725156, 25.35317331460065], [90.30518260066846, 25.35311004169386], [90.30512007073814, 25.35305210712035], [90.30505146729824, 25.353000086450916], [90.30497747396657, 25.352954497619077], [90.30489882556513, 25.35291579280264], [90.30481630272988, 25.35288435679973], [90.30473072652099, 25.35286050296956], [90.30464294764298, 25.35284446673762], [90.30455383836006, 25.35283640884279], [90.30446428351274, 25.35283640884279], [90.30437517422985, 25.35284446673762], [90.30428739535182, 25.35286050296956], [90.30420181914293, 25.35288435679973], [90.30411929630768, 25.35291579280264], [90.30404064790622, 25.352954497619077], [90.30396665457461, 25.353000086450916], [90.30389805113467, 25.35305210712035], [90.30383552120438, 25.35311004169386], [90.30377968462126, 25.35317331460065], [90.3037310974425, 25.353241297503732], [90.30369024116503, 25.353313314171064], [90.30365752362408, 25.353388648593914], [90.30363326821308, 25.353466553105193], [90.3036177174772, 25.353546252438452], [90.30361102502836, 25.353626955093496], [90.30361325734184, 25.35370785901883], [90.3036243928581, 25.353788159729724], [90.30364432108433, 25.35386705923798], [90.30367284259461, 25.353943774169586], [90.3037096753179, 25.354017541447163], [90.30375445274156, 25.354087627219343], [90.30380673019951, 25.35415333660208], [90.30386598666891, 25.354214015301746], [90.30393163465156, 25.354269060168026], [90.30400302197056, 25.354317925687816], [90.30407943805852, 25.3543601247967], [90.30416012383903, 25.354395237808088], [90.30424427801485, 25.354422917283756], [90.30433106335613, 25.354442886409682], [90.3044196174802, 25.354454948737533], [90.30450906093641, 25.354458982501797], [90.3045985043926, 25.354454948737533]], [[90.40292750789416, 25.352859312875676], [90.40296434061742, 25.352933080814797], [90.40300911804107, 25.353003167215594], [90.40306139549902, 25.353068877187663], [90.40312065196842, 25.353129556431522], [90.40318629995107, 25.353184601791448], [90.40325768727008, 25.353233467749533], [90.40333410335803, 25.353275667236886], [90.40341478913854, 25.353310780563202], [90.40349894331436, 25.35333846028708], [90.40358572865566, 25.353358429592134], [90.40367428277972, 25.353370492028162], [90.40376372623591, 25.353374525828606], [90.40385316969216, 25.353370492028162], [90.40394172381623, 25.353358429592134], [90.40402850915751, 25.35333846028708], [90.40411266333334, 25.353310780563202], [90.40419334911383, 25.353275667236886], [90.40426976520179, 25.353233467749533], [90.40434115252079, 25.353184601791448], [90.40440680050342, 25.353129556431522], [90.40446605697282, 25.353068877187663], [90.4045183344308, 25.353003167215594], [90.40456311185446, 25.352933080814797], [90.40459994457771, 25.352859312875676], [90.40462846608798, 25.35278259725604], [90.40464839431428, 25.352703697040173], [90.40465952983052, 25.35262339560906], [90.40466176214402, 25.352542490958143], [90.40465506969514, 25.35246178757937], [90.40463951895924, 25.3523820875313], [90.40461526354824, 25.352304182321355], [90.40458254600729, 25.352228847222854], [90.40454168972987, 25.352156829909678], [90.4044931025511, 25.35208884639691], [90.40443726596799, 25.35202557292267], [90.40437473603768, 25.351967637829574], [90.40430613259775, 25.351915616693603], [90.4042321392661, 25.35187002745292], [90.40415349086466, 25.351831322289375], [90.40407096802939, 25.351799886004535], [90.4039853918205, 25.3517760319604], [90.40389761294252, 25.35175999558464], [90.40380850365956, 25.351751937617575], [90.40371894881227, 25.351751937617575], [90.40362983952934, 25.35175999558464], [90.40354206065138, 25.3517760319604], [90.40345648444244, 25.351799886004535], [90.40337396160719, 25.351831322289375], [90.40329531320575, 25.35187002745292], [90.40322131987412, 25.351915616693603], [90.40315271643418, 25.351967637829574], [90.4030901865039, 25.35202557292267], [90.40303434992077, 25.35208884639691], [90.40298576274199, 25.352156829909678], [90.40294490646457, 25.352228847222854], [90.40291218892358, 25.352304182321355], [90.40288793351262, 25.3523820875313], [90.40287238277674, 25.35246178757937], [90.40286569032786, 25.352542490958143], [90.40286792264136, 25.35262339560906], [90.40287905815761, 25.352703697040173], [90.40289898638387, 25.35278259725604], [90.40292750789416, 25.352859312875676]], [[90.43504322792236, 25.351764519768437], [90.43496070508711, 25.35179595606246], [90.43488205668567, 25.35183466123733], [90.434808063354, 25.351880250491345], [90.43473945991407, 25.351932271642504], [90.43467692998378, 25.35199020675256], [90.43462109340066, 25.352053480245324], [90.43457250622191, 25.352121463777966], [90.43453164994446, 25.35219348111221], [90.4344989324035, 25.352268816232744], [90.43447467699252, 25.352346721465462], [90.43445912625663, 25.352426421536837], [90.43445243380775, 25.352507124939237], [90.43445466612124, 25.352588029613806], [90.43446580163751, 25.352668331068404], [90.43448572986377, 25.35274723130735], [90.43451425137404, 25.352823946949425], [90.43455108409732, 25.352897714910124], [90.43459586152098, 25.352967801331417], [90.43464813897893, 25.353033511322696], [90.43470739544834, 25.3530941905843], [90.434773043431, 25.353149235960323], [90.43484443074996, 25.353198101932705], [90.43492084683793, 25.3532403014324], [90.43500153261846, 25.353275414768984], [90.43508568679425, 25.353303094500955], [90.43517247213553, 25.353323063811835], [90.4352610262596, 25.353335126251427], [90.43535046971583, 25.35333916005304], [90.43543991317203, 25.353335126251427], [90.43552846729611, 25.353323063811835], [90.4356152526374, 25.353303094500955], [90.43569940681323, 25.353275414768984], [90.43578009259372, 25.3532403014324], [90.43585650868168, 25.353198101932705], [90.43592789600069, 25.353149235960323], [90.43599354398334, 25.3530941905843], [90.43605280045274, 25.353033511322696], [90.4361050779107, 25.352967801331417], [90.43614985533434, 25.352897714910124], [90.43618668805763, 25.352823946949425], [90.43621520956788, 25.35274723130735], [90.43623513779416, 25.352668331068404], [90.4362462733104, 25.352588029613806], [90.4362485056239, 25.352507124939237], [90.43624181317502, 25.352426421536837], [90.43622626243916, 25.352346721465462], [90.43620200702816, 25.352268816232744], [90.43616928948718, 25.35219348111221], [90.43612843320976, 25.352121463777966], [90.43607984603098, 25.352053480245324], [90.43602400944786, 25.35199020675256], [90.43596147951756, 25.351932271642504], [90.43589287607763, 25.351880250491345], [90.43581888274602, 25.35183466123733], [90.43574023434456, 25.35179595606246], [90.43565771150931, 25.351764519768437], [90.43557213530038, 25.35174066571733], [90.43548435642239, 25.351724629336875], [90.43539524713948, 25.351716571367454], [90.43530569229219, 25.351716571367454], [90.43521658300924, 25.351724629336875], [90.43512880413127, 25.35174066571733], [90.43504322792236, 25.351764519768437]], [[90.50683318081427, 25.352797783544673], [90.50691996615555, 25.352817752939], [90.50700852027963, 25.352829815428972], [90.50709796373583, 25.352833849247443], [90.50718740719203, 25.352829815428972], [90.50727596131613, 25.352817752939], [90.50736274665742, 25.352797783544673], [90.5074469008332, 25.35277010369701], [90.50752758661375, 25.352734990213687], [90.5076040027017, 25.35269279053764], [90.50767539002067, 25.3526439243611], [90.50774103800332, 25.35258887875501], [90.50780029447272, 25.352528199239828], [90.50785257193067, 25.352462488973963], [90.50789734935432, 25.35239240225982], [90.50793418207762, 25.352318633990823], [90.50796270358789, 25.352241918028184], [90.50798263181413, 25.352163017459517], [90.50799376733043, 25.352082715669397], [90.50799599964388, 25.35200181065675], [90.50798930719503, 25.351921106917082], [90.50797375645915, 25.35184140651265], [90.50794950104816, 25.351763500954398], [90.5079167835072, 25.351688165519075], [90.50787592722975, 25.351616147883874], [90.507827340051, 25.351548164067147], [90.50777150346788, 25.35148489030999], [90.50770897353759, 25.351426954957855], [90.50764037009766, 25.351374933589298], [90.507566376766, 25.35132934414477], [90.50748772836455, 25.351290638808173], [90.5074052055293, 25.35125920238278], [90.5073196293204, 25.351235348231995], [90.5072318504424, 25.351219311784558], [90.50714274115948, 25.351211253781436], [90.50705318631216, 25.351211253781436], [90.50696407702927, 25.351219311784558], [90.50687629815128, 25.351235348231995], [90.50679072194237, 25.35125920238278], [90.5067081991071, 25.351290638808173], [90.50662955070565, 25.35132934414477], [90.50655555737403, 25.351374933589298], [90.50648695393409, 25.351426954957855], [90.5064244240038, 25.35148489030999], [90.50636858742068, 25.351548164067147], [90.50632000024191, 25.351616147883874], [90.50627914396449, 25.351688165519075], [90.5062464264235, 25.351763500954398], [90.5062221710125, 25.35184140651265], [90.50620662027664, 25.351921106917082], [90.50619992782778, 25.35200181065675], [90.50620216014126, 25.352082715669397], [90.50621329565752, 25.352163017459517], [90.50623322388378, 25.352241918028184], [90.50626174539404, 25.352318633990823], [90.50629857811732, 25.35239240225982], [90.50634335554098, 25.352462488973963], [90.50639563299893, 25.352528199239828], [90.50645488946833, 25.35258887875501], [90.50652053745098, 25.3526439243611], [90.50659192476999, 25.35269279053764], [90.50666834085794, 25.352734990213687], [90.50674902663845, 25.35277010369701], [90.50683318081427, 25.352797783544673]], [[90.45720100714342, 25.352790151028437], [90.45728956126753, 25.35277808853451], [90.45737634660877, 25.352758119133643], [90.45746050078459, 25.352730439276897], [90.45754118656514, 25.352695325782047], [90.45761760265309, 25.352653126092157], [90.45768898997206, 25.352604259899564], [90.45775463795471, 25.35254921427545], [90.4578138944241, 25.352488534740363], [90.45786617188206, 25.352422824452937], [90.45791094930571, 25.352352737715805], [90.45794778202901, 25.35227896942262], [90.45797630353928, 25.352202253434807], [90.45799623176553, 25.352123352840277], [90.45800736728182, 25.352043051023806], [90.45800959959527, 25.351962145984608], [90.45800290714642, 25.351881442218478], [90.45798735641054, 25.351801741787916], [90.45796310099955, 25.351723836204105], [90.45793038345859, 25.351648500744076], [90.45788952718114, 25.35157648308524], [90.4578409400024, 25.351508499246208], [90.45778510341927, 25.3514452254683], [90.45772257348898, 25.351387290097172], [90.45765397004905, 25.351335268711555], [90.4575799767174, 25.351289679252066], [90.45750132831594, 25.351250973902772], [90.45741880548069, 25.351219537467074], [90.4573332292718, 25.351195683308465], [90.45724545039378, 25.351179646855773], [90.45715634111087, 25.351171588850004], [90.45706678626357, 25.351171588850004], [90.45697767698066, 25.351179646855773], [90.45688989810267, 25.351195683308465], [90.45680432189376, 25.351219537467074], [90.45672179905849, 25.351250973902772], [90.45664315065704, 25.351289679252066], [90.45656915732542, 25.351335268711555], [90.45650055388549, 25.351387290097172], [90.4564380239552, 25.3514452254683], [90.45638218737207, 25.351508499246208], [90.4563336001933, 25.35157648308524], [90.45629274391584, 25.351648500744076], [90.45626002637489, 25.351723836204105], [90.45623577096389, 25.351801741787916], [90.45622022022805, 25.351881442218478], [90.45621352777917, 25.351962145984608], [90.45621576009265, 25.352043051023806], [90.4562268956089, 25.352123352840277], [90.45624682383514, 25.352202253434807], [90.45627534534543, 25.35227896942262], [90.45631217806871, 25.352352737715805], [90.45635695549237, 25.352422824452937], [90.45640923295032, 25.352488534740363], [90.45646848941972, 25.35254921427545], [90.45653413740237, 25.352604259899564], [90.45660552472138, 25.352653126092157], [90.45668194080933, 25.352695325782047], [90.45676262658984, 25.352730439276897], [90.45684678076566, 25.352758119133643], [90.45693356610694, 25.35277808853451], [90.45702212023102, 25.352790151028437], [90.45711156368722, 25.352794184848232], [90.45720100714342, 25.352790151028437]], [[90.44756291418817, 25.352267983325305], [90.44765146831223, 25.352255920779292], [90.44773825365353, 25.352235951292197], [90.44782240782932, 25.35220827131595], [90.44790309360984, 25.35217315766945], [90.4479795096978, 25.35213095779734], [90.44805089701678, 25.35208209139375], [90.44811654499944, 25.352027045531944], [90.44817580146884, 25.35196636573483], [90.44822807892679, 25.35190065516366], [90.44827285635044, 25.351830568123855], [90.44830968907372, 25.351756799512135], [90.44833821058401, 25.35168008319307], [90.44835813881029, 25.351601182257838], [90.44836927432654, 25.3515208800946], [90.44837150664003, 25.351439974706047], [90.44836481419115, 25.35135927059143], [90.44834926345526, 25.351279569816747], [90.44832500804426, 25.351201663896546], [90.44829229050332, 25.351126328111185], [90.4482514342259, 25.35105431014138], [90.44820284704711, 25.35098632600882], [90.448147010464, 25.350923051957704], [90.4480844805337, 25.35086511633638], [90.44801587709377, 25.35081309472615], [90.44794188376211, 25.350767505069825], [90.44786323536066, 25.350728799553398], [90.4477807125254, 25.350697362981958], [90.4476951363165, 25.350673508720348], [90.44760735743853, 25.35065747219838], [90.44751824815557, 25.350649414157857], [90.44742869330828, 25.350649414157857], [90.44733958402537, 25.35065747219838], [90.4472518051474, 25.350673508720348], [90.44716622893846, 25.350697362981958], [90.4470837061032, 25.350728799553398], [90.44700505770176, 25.350767505069825], [90.44693106437013, 25.35081309472615], [90.4468624609302, 25.35086511633638], [90.4467999309999, 25.350923051957704], [90.44674409441679, 25.35098632600882], [90.446695507238, 25.35105431014138], [90.44665465096058, 25.351126328111185], [90.4466219334196, 25.351201663896546], [90.44659767800864, 25.351279569816747], [90.44658212727275, 25.35135927059143], [90.44657543482387, 25.351439974706047], [90.44657766713736, 25.3515208800946], [90.44658880265362, 25.351601182257838], [90.44660873087989, 25.35168008319307], [90.44663725239013, 25.351756799512135], [90.44667408511343, 25.351830568123855], [90.44671886253708, 25.35190065516366], [90.44677113999502, 25.35196636573483], [90.44683039646443, 25.352027045531944], [90.44689604444709, 25.35208209139375], [90.4469674317661, 25.35213095779734], [90.44704384785406, 25.35217315766945], [90.44712453363455, 25.35220827131595], [90.44720868781037, 25.352235951292197], [90.44729547315167, 25.352255920779292], [90.44738402727573, 25.352267983325305], [90.44747347073194, 25.35227201716253], [90.44756291418817, 25.352267983325305]], [[90.49827488169512, 25.35068334706138], [90.49835556747563, 25.35071846114047], [90.49843972165145, 25.350746141457737], [90.49852650699273, 25.350766111190858], [90.4986150611168, 25.350778173885477], [90.498704504573, 25.350782207772394], [90.4987939480292, 25.350778173885477], [90.49888250215328, 25.350766111190858], [90.49896928749456, 25.350746141457737], [90.49905344167038, 25.35071846114047], [90.49913412745089, 25.35068334706138], [90.49921054353884, 25.350641146669375], [90.49928193085785, 25.35059227966377], [90.4993475788405, 25.35053723312379], [90.4994068353099, 25.350476552579124], [90.49945911276785, 25.350410841198414], [90.4995038901915, 25.3503407532952], [90.49954072291479, 25.350266983774656], [90.49956924442507, 25.350190266510495], [90.49958917265131, 25.350111364603237], [90.49960030816762, 25.350031061450718], [90.49960254048105, 25.349950155065457], [90.49959584803221, 25.34986944995661], [90.49958029729633, 25.349789748200063], [90.49955604188534, 25.349711841320097], [90.49952332434438, 25.349636504606664], [90.49948246806692, 25.34956448574965], [90.49943388088815, 25.349496500779548], [90.49937804430506, 25.349433225948943], [90.49931551437474, 25.349375289613928], [90.4992469109348, 25.349323267362816], [90.49917291760318, 25.349277677144894], [90.49909426920173, 25.34923897115164], [90.49901174636648, 25.34920753419293], [90.49892617015759, 25.349183679637452], [90.49883839127958, 25.349167642917937], [90.49874928199667, 25.349159584778103], [90.49865972714935, 25.349159584778103], [90.49857061786643, 25.349167642917937], [90.49848283898842, 25.349183679637452], [90.49839726277953, 25.34920753419293], [90.49831473994428, 25.34923897115164], [90.49823609154282, 25.349277677144894], [90.49816209821121, 25.349323267362816], [90.49809349477127, 25.349375289613928], [90.49803096484098, 25.349433225948943], [90.49797512825785, 25.349496500779548], [90.49792654107908, 25.34956448574965], [90.49788568480163, 25.349636504606664], [90.49785296726067, 25.349711841320097], [90.49782871184968, 25.349789748200063], [90.4978131611138, 25.34986944995661], [90.49780646866495, 25.349950155065457], [90.49780870097844, 25.350031061450718], [90.4978198364947, 25.350111364603237], [90.49783976472094, 25.350190266510495], [90.49786828623121, 25.350266983774656], [90.4979051189545, 25.3503407532952], [90.49794989637816, 25.350410841198414], [90.49800217383611, 25.350476552579124], [90.49806143030551, 25.35053723312379], [90.49812707828816, 25.35059227966377], [90.49819846560716, 25.350641146669375], [90.49827488169512, 25.35068334706138]], [[90.40833072880103, 25.350615276668236], [90.408407144889, 25.350573076252477], [90.40847853220801, 25.350524209219326], [90.40854418019066, 25.3504691626484], [90.40860343666006, 25.35040848206957], [90.40865571411803, 25.350342770651878], [90.40870049154167, 25.350272682709175], [90.40873732426496, 25.350198913147153], [90.4087658457752, 25.35012219583979], [90.40878577400149, 25.350043293888117], [90.40879690951773, 25.349962990690383], [90.40879914183122, 25.34988208425959], [90.40879244938235, 25.34980137910535], [90.40877689864645, 25.349721677303908], [90.40875264323549, 25.3496437703801], [90.40871992569451, 25.349568433624253], [90.40867906941709, 25.349496414726726], [90.40863048223831, 25.349428429718373], [90.4085746456552, 25.349365154852144], [90.40851211572489, 25.349307218484498], [90.40844351228496, 25.349255196204123], [90.40836951895334, 25.349209605960503], [90.4082908705519, 25.34917089994548], [90.40820834771664, 25.349139462969063], [90.4081227715077, 25.349115608400176], [90.40803499262972, 25.349099571671626], [90.40794588334681, 25.349091513527288], [90.40785632849952, 25.349091513527288], [90.40776721921657, 25.349099571671626], [90.4076794403386, 25.349115608400176], [90.4075938641297, 25.349139462969063], [90.40751134129444, 25.34917089994548], [90.40743269289298, 25.349209605960503], [90.40735869956133, 25.349255196204123], [90.4072900961214, 25.349307218484498], [90.4072275661911, 25.349365154852144], [90.40717172960798, 25.349428429718373], [90.40712314242924, 25.349496414726726], [90.40708228615178, 25.349568433624253], [90.40704956861083, 25.3496437703801], [90.40702531319984, 25.349721677303908], [90.40700976246394, 25.34980137910535], [90.40700307001507, 25.34988208425959], [90.40700530232857, 25.349962990690383], [90.40701643784485, 25.350043293888117], [90.40703636607108, 25.35012219583979], [90.40706488758137, 25.350198913147153], [90.40710172030465, 25.350272682709175], [90.4071464977283, 25.350342770651878], [90.40719877518626, 25.35040848206957], [90.40725803165566, 25.3504691626484], [90.40732367963831, 25.350524209219326], [90.40739506695729, 25.350573076252477], [90.40747148304526, 25.350615276668236], [90.40755216882577, 25.350650390767058], [90.40763632300157, 25.350678071099896], [90.40772310834286, 25.350698040844264], [90.40781166246693, 25.350710103545715], [90.40790110592316, 25.350714137434885], [90.40799054937936, 25.350710103545715], [90.40807910350344, 25.350698040844264], [90.40816588884472, 25.350678071099896], [90.40825004302054, 25.350650390767058], [90.40833072880103, 25.350615276668236]], [[90.394384936479, 25.350134876389802], [90.39447349060306, 25.350122813631014], [90.39456027594437, 25.350102843791664], [90.39464443012018, 25.350075163327162], [90.39472511590068, 25.350040049061295], [90.39480153198863, 25.349997848444808], [90.39487291930764, 25.34994898117926], [90.39493856729027, 25.349893934346458], [90.39499782375967, 25.349833253479016], [90.39505010121765, 25.349767541748758], [90.39509487864132, 25.34969745347272], [90.39513171136456, 25.349623683559784], [90.39516023287484, 25.349546965887548], [90.39518016110111, 25.349468063560582], [90.39519129661737, 25.349387759980903], [90.39519352893086, 25.349306853165288], [90.39518683648198, 25.349226147627142], [90.3951712857461, 25.349146445446653], [90.3951470303351, 25.349068538152288], [90.39511431279415, 25.348993201038105], [90.39507345651673, 25.34892118179802], [90.39502486933795, 25.34885319646632], [90.39496903275483, 25.34878992129912], [90.39490650282454, 25.348731984655934], [90.3948378993846, 25.348679962128127], [90.39476390605294, 25.34863437166768], [90.39468525765149, 25.348595665468554], [90.39460273481623, 25.348564228342628], [90.39451715860734, 25.34854037366027], [90.39442937972937, 25.348524336855437], [90.39434027044642, 25.348516278672758], [90.39425071559911, 25.348516278672758], [90.3941616063162, 25.348524336855437], [90.39407382743822, 25.34854037366027], [90.3939882512293, 25.348564228342628], [90.39390572839403, 25.348595665468554], [90.39382707999259, 25.34863437166768], [90.39375308666098, 25.348679962128127], [90.39368448322104, 25.348731984655934], [90.39362195329073, 25.34878992129912], [90.39356611670762, 25.34885319646632], [90.39351752952885, 25.34892118179802], [90.39347667325143, 25.348993201038105], [90.39344395571044, 25.349068538152288], [90.39341970029948, 25.349146445446653], [90.39340414956358, 25.349226147627142], [90.39339745711472, 25.349306853165288], [90.3933996894282, 25.349387759980903], [90.39341082494445, 25.349468063560582], [90.39343075317073, 25.349546965887548], [90.393459274681, 25.349623683559784], [90.39349610740426, 25.34969745347272], [90.39354088482791, 25.349767541748758], [90.39359316228587, 25.349833253479016], [90.39365241875528, 25.349893934346458], [90.39371806673793, 25.34994898117926], [90.39378945405693, 25.349997848444808], [90.3938658701449, 25.350040049061295], [90.3939465559254, 25.350075163327162], [90.3940307101012, 25.350102843791664], [90.39411749544249, 25.350122813631014], [90.39420604956656, 25.350134876389802], [90.39429549302277, 25.35013891029817], [90.394384936479, 25.350134876389802]], [[90.3859688631272, 25.34916267213519], [90.3860574172513, 25.34915060927942], [90.38614420259258, 25.34913063927954], [90.38622835676836, 25.349102958592514], [90.3863090425489, 25.349067844044367], [90.38638545863685, 25.34902564308864], [90.38645684595582, 25.34897677543026], [90.38652249393847, 25.348921728154952], [90.38658175040787, 25.348861046799737], [90.38663402786582, 25.348795334541204], [90.38667880528948, 25.348725245701765], [90.38671563801277, 25.34865147519581], [90.38674415952305, 25.34857475690686], [90.38676408774933, 25.34849585394563], [90.38677522326559, 25.34841554972041], [90.38677745557906, 25.34833464225442], [90.38677076313019, 25.348253936067522], [90.3867552123943, 25.34817423324634], [90.38673095698331, 25.34809632532571], [90.38669823944235, 25.34802098760594], [90.38665738316493, 25.347948967786916], [90.38660879598616, 25.34788098190872], [90.38655295940303, 25.347817706232913], [90.38649042947274, 25.34775976912398], [90.38642182603282, 25.347707746178006], [90.38634783270116, 25.34766215535107], [90.38626918429972, 25.34762344884081], [90.38618666146445, 25.34759201146218], [90.38610108525556, 25.34756815658807], [90.38601330637758, 25.347552119654328], [90.38592419709464, 25.347544061406904], [90.38583464224732, 25.347544061406904], [90.38574553296442, 25.347552119654328], [90.38565775408644, 25.34756815658807], [90.3855721778775, 25.34759201146218], [90.38548965504225, 25.34762344884081], [90.38541100664081, 25.34766215535107], [90.38533701330918, 25.347707746178006], [90.38526840986924, 25.34775976912398], [90.38520587993897, 25.347817706232913], [90.38515004335584, 25.34788098190872], [90.38510145617707, 25.347948967786916], [90.38506059989965, 25.34802098760594], [90.38502788235866, 25.34809632532571], [90.3850036269477, 25.34817423324634], [90.38498807621181, 25.348253936067522], [90.38498138376293, 25.34833464225442], [90.38498361607641, 25.34841554972041], [90.38499475159267, 25.34849585394563], [90.38501467981894, 25.34857475690686], [90.3850432013292, 25.34865147519581], [90.38508003405248, 25.348725245701765], [90.38512481147613, 25.348795334541204], [90.38517708893409, 25.348861046799737], [90.38523634540348, 25.348921728154952], [90.38530199338614, 25.34897677543026], [90.38537338070515, 25.34902564308864], [90.3854497967931, 25.349067844044367], [90.3855304825736, 25.349102958592514], [90.38561463674942, 25.34913063927954], [90.3857014220907, 25.34915060927942], [90.38578997621478, 25.34916267213519], [90.38587941967099, 25.349166706075987], [90.3859688631272, 25.34916267213519]], [[90.5157387488593, 25.348061270560645], [90.51581943463981, 25.34809638540102], [90.51590358881563, 25.348124066318434], [90.51599037415691, 25.348144036484527], [90.51607892828099, 25.348156099440676], [90.5161683717372, 25.348160133415046], [90.51625781519343, 25.348156099440676], [90.51634636931749, 25.348144036484527], [90.51643315465878, 25.348124066318434], [90.51651730883461, 25.34809638540102], [90.51659799461511, 25.348061270560645], [90.51667441070306, 25.348019069253695], [90.51674579802207, 25.34797020118861], [90.51681144600468, 25.347915153455162], [90.5168707024741, 25.34785447159489], [90.51692297993208, 25.347788758789516], [90.51696775735573, 25.34771866936674], [90.51700459007898, 25.34764489824683], [90.51703311158927, 25.347568179319357], [90.51705303981554, 25.347489275701466], [90.51706417533178, 25.34740897080796], [90.51706640764527, 25.347328062668613], [90.5170597151964, 25.347247355810044], [90.51704416446051, 25.347167652325513], [90.51701990904952, 25.34708974375651], [90.51698719150856, 25.347014405409784], [90.51694633523114, 25.346942384991394], [90.51689774805236, 25.346874398547374], [90.51684191146924, 25.34681112234497], [90.51677938153897, 25.346753184753904], [90.51671077809902, 25.346701161374956], [90.51663678476736, 25.34665557016859], [90.51655813636596, 25.346616863336205], [90.5164756135307, 25.346585425695956], [90.51639003732177, 25.346561570623344], [90.5163022584438, 25.346545533556153], [90.51621314916085, 25.346537475241632], [90.51612359431354, 25.346537475241632], [90.51603448503063, 25.346545533556153], [90.51594670615265, 25.346561570623344], [90.51586112994373, 25.346585425695956], [90.51577860710846, 25.346616863336205], [90.515699958707, 25.34665557016859], [90.51562596537539, 25.346701161374956], [90.51555736193546, 25.346753184753904], [90.51549483200516, 25.34681112234497], [90.51543899542204, 25.346874398547374], [90.51539040824328, 25.346942384991394], [90.51534955196585, 25.347014405409784], [90.51531683442487, 25.34708974375651], [90.5152925790139, 25.347167652325513], [90.515277028278, 25.347247355810044], [90.51527033582913, 25.347328062668613], [90.51527256814262, 25.34740897080796], [90.51528370365887, 25.347489275701466], [90.51530363188516, 25.347568179319357], [90.51533215339542, 25.34764489824683], [90.51536898611869, 25.34771866936674], [90.51541376354234, 25.347788758789516], [90.5154660410003, 25.34785447159489], [90.5155252974697, 25.347915153455162], [90.51559094545235, 25.34797020118861], [90.51566233277134, 25.348019069253695], [90.5157387488593, 25.348061270560645]], [[90.47930588008585, 25.348026969974658], [90.47939443420992, 25.34801490700562], [90.47948121955122, 25.34799493681819], [90.47956537372703, 25.347967255871225], [90.47964605950752, 25.347932140993382], [90.47972247559548, 25.34788993964137], [90.47979386291449, 25.347841071524073], [90.47985951089714, 25.347786023731885], [90.47991876736656, 25.347725341806846], [90.47997104482451, 25.347659628931286], [90.48001582224816, 25.3475895394337], [90.48005265497144, 25.347515768235027], [90.48008117648169, 25.34743904922565], [90.48010110470797, 25.347360145523513], [90.48011224022422, 25.347279840544275], [90.48011447253771, 25.347198932318516], [90.48010778008883, 25.347118225373816], [90.48009222935296, 25.347038521804187], [90.48006797394198, 25.346960613152003], [90.480035256401, 25.346885274724848], [90.47999440012357, 25.34681325422958], [90.47994581294479, 25.34674526771298], [90.47988997636168, 25.34668199144302], [90.47982744643137, 25.346624053790084], [90.47975884299144, 25.346572030355592], [90.47968484965982, 25.346526439100575], [90.47960620125838, 25.34648773222687], [90.47952367842312, 25.346456294553047], [90.47943810221419, 25.34643243945494], [90.4793503233362, 25.34641640237065], [90.4792612140533, 25.346408344047543], [90.479171659206, 25.346408344047543], [90.47908254992305, 25.34641640237065], [90.47899477104508, 25.34643243945494], [90.47890919483618, 25.346456294553047], [90.47882667200092, 25.34648773222687], [90.47874802359947, 25.346526439100575], [90.47867403026781, 25.346572030355592], [90.47860542682788, 25.346624053790084], [90.47854289689758, 25.34668199144302], [90.47848706031446, 25.34674526771298], [90.47843847313572, 25.34681325422958], [90.47839761685826, 25.346885274724848], [90.47836489931731, 25.346960613152003], [90.47834064390632, 25.347038521804187], [90.47832509317043, 25.347118225373816], [90.47831840072155, 25.347198932318516], [90.47832063303504, 25.347279840544275], [90.47833176855133, 25.347360145523513], [90.47835169677758, 25.34743904922565], [90.47838021828785, 25.347515768235027], [90.47841705101114, 25.3475895394337], [90.47846182843479, 25.347659628931286], [90.47851410589274, 25.347725341806846], [90.47857336236214, 25.347786023731885], [90.47863901034479, 25.347841071524073], [90.47871039766378, 25.34788993964137], [90.47878681375174, 25.347932140993382], [90.47886749953226, 25.347967255871225], [90.47895165370805, 25.34799493681819], [90.47903843904935, 25.34801490700562], [90.47912699317345, 25.348026969974658], [90.47921643662964, 25.34803100395334], [90.47930588008585, 25.348026969974658]], [[90.46086810260972, 25.34788251383204], [90.46095665673384, 25.34787045084859], [90.4610434420751, 25.34785048063733], [90.46112759625092, 25.347822799657322], [90.46120828203141, 25.347787684737497], [90.46128469811937, 25.347745483335082], [90.46135608543838, 25.347696615159464], [90.46142173342103, 25.34764156730149], [90.46148098989043, 25.34758088530396], [90.46153326734839, 25.34751517234994], [90.46157804477203, 25.34744508276863], [90.46161487749532, 25.347371311481847], [90.4616433990056, 25.34729459238088], [90.46166332723185, 25.347215688584498], [90.46167446274814, 25.34713538350932], [90.46167669506158, 25.34705447518696], [90.46167000261275, 25.34697376814584], [90.46165445187685, 25.34689406448105], [90.46163019646586, 25.346816155735816], [90.4615974789249, 25.346740817218663], [90.46155662264745, 25.346668796637367], [90.46150803546867, 25.3466008100396], [90.4614521988856, 25.346537533694033], [90.46138966895525, 25.346479595971925], [90.46132106551536, 25.34642757247532], [90.46124707218371, 25.346381981165855], [90.46116842378227, 25.346343274245914], [90.461085900947, 25.34631183653455], [90.46100032473811, 25.346287981407958], [90.46091254586008, 25.346271944304483], [90.46082343657717, 25.346263885971744], [90.46073388172988, 25.346263885971744], [90.46064477244695, 25.346271944304483], [90.46055699356896, 25.346287981407958], [90.46047141736005, 25.34631183653455], [90.4603888945248, 25.346343274245914], [90.46031024612336, 25.346381981165855], [90.46023625279173, 25.34642757247532], [90.46016764935179, 25.346479595971925], [90.4601051194215, 25.346537533694033], [90.46004928283838, 25.3466008100396], [90.4600006956596, 25.346668796637367], [90.45995983938215, 25.346740817218663], [90.45992712184119, 25.346816155735816], [90.45990286643021, 25.34689406448105], [90.45988731569432, 25.34697376814584], [90.45988062324547, 25.34705447518696], [90.45988285555897, 25.34713538350932], [90.45989399107522, 25.347215688584498], [90.45991391930147, 25.34729459238088], [90.45994244081173, 25.347371311481847], [90.45997927353501, 25.34744508276863], [90.46002405095868, 25.34751517234994], [90.46007632841663, 25.34758088530396], [90.46013558488603, 25.34764156730149], [90.46020123286868, 25.347696615159464], [90.4602726201877, 25.347745483335082], [90.46034903627566, 25.347787684737497], [90.46042972205615, 25.347822799657322], [90.46051387623197, 25.34785048063733], [90.46060066157327, 25.34787045084859], [90.46068921569733, 25.34788251383204], [90.46077865915352, 25.34788654781553], [90.46086810260972, 25.34788251383204]], [[90.44247090383166, 25.34666746441087], [90.44255945795574, 25.346655401306236], [90.44264624329703, 25.346635430894377], [90.44273039747281, 25.34660774963625], [90.44281108325333, 25.3465726343637], [90.4428874993413, 25.346530432537353], [90.44295888666028, 25.3464815638708], [90.44302453464293, 25.346426515459854], [90.44308379111233, 25.346365832852726], [90.44313606857028, 25.346300119238563], [90.44318084599394, 25.346230028953155], [90.44321767871722, 25.3461562569253], [90.4432462002275, 25.34607953705361], [90.44326612845374, 25.346000632464605], [90.44327726397003, 25.34592032658274], [90.44327949628352, 25.34583941744762], [90.44327280383465, 25.345758709595763], [90.44325725309876, 25.34567900513031], [90.44323299768776, 25.345601095602472], [90.44320028014681, 25.345525756328502], [90.44315942386935, 25.345453735023742], [90.44311083669061, 25.34538574774298], [90.44305500010749, 25.345322470761825], [90.44299247017719, 25.345264532457705], [90.44292386673726, 25.345212508438483], [90.4428498734056, 25.345166916671044], [90.44277122500417, 25.345128209362286], [90.44268870216891, 25.345096771335157], [90.44260312596, 25.34507291596894], [90.44251534708202, 25.345056878704366], [90.4424262377991, 25.345048820290675], [90.44233668295178, 25.345048820290675], [90.44224757366887, 25.345056878704366], [90.4421597947909, 25.34507291596894], [90.44207421858195, 25.345096771335157], [90.4419916957467, 25.345128209362286], [90.44191304734525, 25.345166916671044], [90.44183905401363, 25.345212508438483], [90.4417704505737, 25.345264532457705], [90.44170792064341, 25.345322470761825], [90.44165208406028, 25.34538574774298], [90.4416034968815, 25.345453735023742], [90.44156264060408, 25.345525756328502], [90.4415299230631, 25.345601095602472], [90.44150566765214, 25.34567900513031], [90.44149011691624, 25.345758709595763], [90.44148342446736, 25.34583941744762], [90.44148565678087, 25.34592032658274], [90.44149679229712, 25.346000632464605], [90.4415167205234, 25.34607953705361], [90.44154524203363, 25.3461562569253], [90.44158207475694, 25.346230028953155], [90.44162685218059, 25.346300119238563], [90.44167912963854, 25.346365832852726], [90.44173838610794, 25.346426515459854], [90.4418040340906, 25.3464815638708], [90.44187542140959, 25.346530432537353], [90.44195183749756, 25.3465726343637], [90.44203252327806, 25.34660774963625], [90.44211667745388, 25.346635430894377], [90.44220346279516, 25.346655401306236], [90.44229201691923, 25.34666746441087], [90.44238146037543, 25.346671498434894], [90.44247090383166, 25.34666746441087]], [[90.4178337160359, 25.345957059235914], [90.41792227015996, 25.345944996060435], [90.41800905550126, 25.345925025531262], [90.41809320967708, 25.34589734411057], [90.41817389545757, 25.34586222863177], [90.41825031154553, 25.34582002655757], [90.41832169886455, 25.345771157604], [90.4183873468472, 25.345716108869734], [90.41844660331661, 25.345655425906216], [90.41849888077455, 25.34558971190611], [90.4185436581982, 25.345519621209064], [90.4185804909215, 25.34544584874793], [90.41860901243177, 25.345369128425656], [90.41862894065801, 25.345290223373233], [90.4186400761743, 25.345209917019726], [90.41864230848776, 25.345129007409422], [90.41863561603891, 25.345048299083572], [90.41862006530302, 25.34496859415002], [90.41859580989203, 25.3448906841646], [90.41856309235106, 25.344815344448165], [90.41852223607363, 25.34474332272043], [90.41847364889485, 25.344675335040392], [90.41841781231176, 25.34461205768761], [90.41835528238143, 25.344554119043217], [90.4182866789415, 25.34450209471846], [90.41821268560987, 25.344456502683272], [90.41813403720843, 25.34441779514719], [90.41805151437318, 25.344386356935424], [90.41796593816427, 25.3443625014291], [90.41787815928626, 25.34434646407034], [90.41778905000335, 25.344338405609335], [90.41769949515606, 25.344338405609335], [90.41761038587313, 25.34434646407034], [90.41752260699513, 25.3443625014291], [90.41743703078623, 25.344386356935424], [90.41735450795098, 25.34441779514719], [90.41727585954952, 25.344456502683272], [90.41720186621791, 25.34450209471846], [90.41713326277797, 25.344554119043217], [90.41707073284763, 25.34461205768761], [90.41701489626456, 25.344675335040392], [90.41696630908578, 25.34474332272043], [90.41692545280831, 25.344815344448165], [90.41689273526737, 25.3448906841646], [90.41686847985638, 25.34496859415002], [90.41685292912048, 25.345048299083572], [90.41684623667165, 25.345129007409422], [90.4168484689851, 25.345209917019726], [90.41685960450138, 25.345290223373233], [90.41687953272763, 25.345369128425656], [90.41690805423791, 25.34544584874793], [90.41694488696119, 25.345519621209064], [90.41698966438484, 25.34558971190611], [90.4170419418428, 25.345655425906216], [90.4171011983122, 25.345716108869734], [90.41716684629485, 25.345771157604], [90.41723823361386, 25.34582002655757], [90.41731464970182, 25.34586222863177], [90.41739533548231, 25.34589734411057], [90.41747948965813, 25.345925025531262], [90.41756627499943, 25.345944996060435], [90.4176548291235, 25.345957059235914], [90.4177442725797, 25.345961093283616], [90.4178337160359, 25.345957059235914]], [[90.39982400016574, 25.344806080420092], [90.39986877758939, 25.344735989268962], [90.39990561031264, 25.34466221632993], [90.39993413182293, 25.344585495510636], [90.3999540600492, 25.34450658994705], [90.39996519556546, 25.344426283073307], [90.39996742787895, 25.344345372938857], [90.39996073543006, 25.344264664090165], [90.39994518469419, 25.34418495864023], [90.39992092928323, 25.344107048150107], [90.39988821174224, 25.344031707945646], [90.39984735546481, 25.343959685751337], [90.39979876828603, 25.34389169763087], [90.3997429317029, 25.343828419868174], [90.39968040177263, 25.343770480848455], [90.39961179833269, 25.3437184561867], [90.39953780500103, 25.34367286385615], [90.39945915659962, 25.343634156069317], [90.39937663376436, 25.343602717653866], [90.39929105755543, 25.34357886199304], [90.39920327867746, 25.343562824530405], [90.39911416939454, 25.343554766017178], [90.39902461454723, 25.343554766017178], [90.39893550526429, 25.343562824530405], [90.39884772638631, 25.34357886199304], [90.39876215017739, 25.343602717653866], [90.39867962734212, 25.343634156069317], [90.3986009789407, 25.34367286385615], [90.39852698560907, 25.3437184561867], [90.39845838216912, 25.343770480848455], [90.39839585223882, 25.343828419868174], [90.3983400156557, 25.34389169763087], [90.39829142847694, 25.343959685751337], [90.39825057219952, 25.344031707945646], [90.39821785465855, 25.344107048150107], [90.39819359924756, 25.34418495864023], [90.39817804851167, 25.344264664090165], [90.3981713560628, 25.344345372938857], [90.39817358837628, 25.344426283073307], [90.39818472389254, 25.34450658994705], [90.39820465211882, 25.344585495510636], [90.3982331736291, 25.34466221632993], [90.39827000635235, 25.344735989268962], [90.398314783776, 25.344806080420092], [90.39836706123398, 25.344871794845908], [90.3984263177034, 25.344932478202566], [90.398491965686, 25.344987527293448], [90.39856335300502, 25.345036396563597], [90.39863976909298, 25.34507859891121], [90.39872045487347, 25.345113714617497], [90.3988046090493, 25.34514139621752], [90.39889139439057, 25.345161366876066], [90.39897994851465, 25.345173430129687], [90.3990693919709, 25.345177464203534], [90.39915883542709, 25.345173430129687], [90.39924738955115, 25.345161366876066], [90.39933417489245, 25.34514139621752], [90.39941832906827, 25.345113714617497], [90.39949901484877, 25.34507859891121], [90.39957543093672, 25.345036396563597], [90.39964681825573, 25.344987527293448], [90.39971246623838, 25.344932478202566], [90.39977172270778, 25.344871794845908], [90.39982400016574, 25.344806080420092]], [[90.42424973352674, 25.34357207404021], [90.4243382876508, 25.343584137452325], [90.42442773110704, 25.343588171579185], [90.42451717456323, 25.343584137452325], [90.42460572868731, 25.34357207404021], [90.4246925140286, 25.343552103119297], [90.42477666820443, 25.343524421155582], [90.42485735398492, 25.343489304987948], [90.42493377007287, 25.34344710208586], [90.42500515739188, 25.343398232173673], [90.42507080537453, 25.343343182359533], [90.42513006184394, 25.343282498205625], [90.4251823393019, 25.343216782916443], [90.42522711672555, 25.34314669084445], [90.42526394944879, 25.343072916936176], [90.42529247095908, 25.342996195108928], [90.42531239918536, 25.342917288508684], [90.4253235347016, 25.342836980579875], [90.4253257670151, 25.342756069382446], [90.42531907456622, 25.342675359473393], [90.42530352383034, 25.342595652976318], [90.42527926841937, 25.34251774146263], [90.42524655087838, 25.342442400268368], [90.42520569460096, 25.342370377127853], [90.42515710742218, 25.342302388114177], [90.42510127083906, 25.342239109520172], [90.42503874090878, 25.34218116973927], [90.42497013746883, 25.342129144394036], [90.42489614413721, 25.342083551464512], [90.42481749573577, 25.34204484316916], [90.42473497290051, 25.34201340434068], [90.42464939669159, 25.34198954836642], [90.42456161781361, 25.34197351069312], [90.42447250853068, 25.341965452074028], [90.42438295368339, 25.341965452074028], [90.42429384440044, 25.34197351069312], [90.42420606552247, 25.34198954836642], [90.42412048931357, 25.34201340434068], [90.42403796647831, 25.34204484316916], [90.42395931807685, 25.342083551464512], [90.42388532474521, 25.342129144394036], [90.42381672130527, 25.34218116973927], [90.42375419137497, 25.342239109520172], [90.42369835479185, 25.342302388114177], [90.42364976761309, 25.342370377127853], [90.42360891133566, 25.342442400268368], [90.42357619379472, 25.34251774146263], [90.42355193838371, 25.342595652976318], [90.42353638764781, 25.342675359473393], [90.42352969519895, 25.342756069382446], [90.42353192751244, 25.342836980579875], [90.42354306302869, 25.342917288508684], [90.42356299125497, 25.342996195108928], [90.42359151276524, 25.343072916936176], [90.4236283454885, 25.34314669084445], [90.42367312291216, 25.343216782916443], [90.42372540037013, 25.343282498205625], [90.42378465683954, 25.343343182359533], [90.4238503048222, 25.343398232173673], [90.42392169214116, 25.34344710208586], [90.42399810822913, 25.343489304987948], [90.42407879400966, 25.343524421155582], [90.42416294818545, 25.343552103119297], [90.42424973352674, 25.34357207404021]], [[90.51222824232345, 25.341980824827168], [90.51215424899179, 25.342026417795395], [90.51208564555186, 25.342078443184786], [90.51202311562156, 25.342136383014914], [90.51196727903844, 25.342199661662654], [90.51191869185966, 25.342267650734055], [90.51187783558224, 25.342339673935708], [90.5118451180413, 25.342415015193975], [90.5118208626303, 25.342492926773808], [90.5118053118944, 25.34257263333858], [90.51179861944553, 25.34265334331613], [90.51180085175902, 25.342734254582254], [90.51181198727527, 25.342814562579306], [90.51183191550155, 25.342893469246548], [90.51186043701183, 25.342970191138935], [90.51189726973512, 25.343043965109825], [90.51194204715877, 25.34311405724137], [90.51199432461672, 25.34317977258635], [90.51205358108612, 25.343240456791786], [90.51211922906877, 25.34329550665264], [90.51219061638776, 25.343344376606368], [90.51226703247572, 25.34338657954428], [90.51234771825624, 25.343421695741736], [90.51243187243203, 25.343449377728934], [90.51251865777331, 25.343469348666808], [90.51260721189739, 25.343481412089204], [90.51269665535362, 25.34348544621947], [90.51278609880983, 25.343481412089204], [90.51287465293389, 25.343469348666808], [90.51296143827517, 25.343449377728934], [90.51304559245101, 25.343421695741736], [90.5131262782315, 25.34338657954428], [90.51320269431946, 25.343344376606368], [90.51327408163846, 25.34329550665264], [90.51333972962111, 25.343240456791786], [90.51339898609052, 25.34317977258635], [90.51345126354848, 25.34311405724137], [90.51349604097213, 25.343043965109825], [90.51353287369542, 25.342970191138935], [90.51356139520566, 25.342893469246548], [90.51358132343194, 25.342814562579306], [90.51359245894818, 25.342734254582254], [90.51359469126169, 25.34265334331613], [90.51358799881281, 25.34257263333858], [90.51357244807691, 25.342492926773808], [90.51354819266595, 25.342415015193975], [90.51351547512498, 25.342339673935708], [90.51347461884755, 25.342267650734055], [90.51342603166877, 25.342199661662654], [90.51337019508566, 25.342136383014914], [90.51330766515535, 25.342078443184786], [90.51323906171542, 25.342026417795395], [90.5131650683838, 25.341980824827168], [90.51308641998236, 25.34194211649894], [90.5130038971471, 25.341910677643785], [90.51291832093816, 25.341886821649272], [90.51283054206019, 25.341870783962317], [90.51274143277728, 25.34186272533641], [90.51265187792997, 25.34186272533641], [90.51256276864703, 25.341870783962317], [90.51247498976905, 25.341886821649272], [90.51238941356016, 25.341910677643785], [90.51230689072489, 25.34194211649894], [90.51222824232345, 25.341980824827168]], [[90.33420221059461, 25.341927383494475], [90.33411968775935, 25.341895944635464], [90.33403411155042, 25.34187208863805], [90.33394633267245, 25.34185605094915], [90.33385722338954, 25.34184799232226], [90.33376766854222, 25.34184799232226], [90.33367855925931, 25.34185605094915], [90.3335907803813, 25.34187208863805], [90.33350520417241, 25.341895944635464], [90.33342268133715, 25.341927383494475], [90.33334403293571, 25.341966091827413], [90.33327003960406, 25.342011684801196], [90.33320143616412, 25.34206371019691], [90.33313890623383, 25.342121650034098], [90.33308306965071, 25.342184928689548], [90.33303448247197, 25.34225291776923], [90.33299362619451, 25.342324940979637], [90.33296090865355, 25.34240028224709], [90.33293665324256, 25.342478193836413], [90.33292110250667, 25.342557900410892], [90.33291441005784, 25.342638610398264], [90.33291664237127, 25.34271952167425], [90.33292777788758, 25.34279982968107], [90.33294770611381, 25.34287873635793], [90.3329762276241, 25.342955458259667], [90.33301306034738, 25.34302923223954], [90.33305783777104, 25.343099324379608], [90.33311011522899, 25.343165039732593], [90.33316937169839, 25.34322572394543], [90.33323501968104, 25.34328077381298], [90.333306407, 25.34332964377266], [90.33338282308797, 25.343371846715726], [90.3334635088685, 25.343406962917456], [90.33354766304429, 25.34343464490801], [90.33363444838558, 25.34345461584833], [90.33372300250967, 25.343466679272186], [90.33381244596589, 25.34347071340295], [90.3339018894221, 25.343466679272186], [90.33399044354616, 25.34345461584833], [90.33407722888744, 25.34343464490801], [90.33416138306326, 25.343406962917456], [90.33424206884376, 25.343371846715726], [90.33431848493171, 25.34332964377266], [90.33438987225072, 25.34328077381298], [90.33445552023338, 25.34322572394543], [90.33451477670278, 25.343165039732593], [90.33456705416073, 25.343099324379608], [90.33461183158438, 25.34302923223954], [90.33464866430768, 25.342955458259667], [90.33467718581792, 25.34287873635793], [90.33469711404419, 25.34279982968107], [90.33470824956045, 25.34271952167425], [90.33471048187393, 25.342638610398264], [90.33470378942506, 25.342557900410892], [90.33468823868921, 25.342478193836413], [90.33466398327822, 25.34240028224709], [90.33463126573723, 25.342324940979637], [90.3345904094598, 25.34225291776923], [90.33454182228103, 25.342184928689548], [90.33448598569791, 25.342121650034098], [90.33442345576762, 25.34206371019691], [90.33435485232768, 25.342011684801196], [90.33428085899605, 25.341966091827413], [90.33420221059461, 25.341927383494475]], [[90.31916796737204, 25.342309060853054], [90.31925652149611, 25.34229699731379], [90.3193433068374, 25.342277026182373], [90.31942746101322, 25.342249343926927], [90.31950814679371, 25.342214227389128], [90.31958456288167, 25.34217202404226], [90.31965595020068, 25.34212315361495], [90.31972159818334, 25.342068103220612], [90.31978085465273, 25.342007418427105], [90.31983313211069, 25.34194170244529], [90.31987790953434, 25.341871609634516], [90.3199147422576, 25.341797834948714], [90.31994326376787, 25.34172111231283], [90.31996319199415, 25.34164220488093], [90.31997432751041, 25.341561896105663], [90.31997655982389, 25.341480984055437], [90.31996986737502, 25.34140027329574], [90.31995431663913, 25.341320565958615], [90.31993006122816, 25.34124265362377], [90.31989734368717, 25.341167311635413], [90.31985648740975, 25.34109528773583], [90.31980790023098, 25.3410272980056], [90.31975206364787, 25.340964018744657], [90.31968953371756, 25.34090607835306], [90.31962093027762, 25.34085405245954], [90.31954693694603, 25.340808459049498], [90.31946828854457, 25.340769750346183], [90.3193857657093, 25.340738311186353], [90.31930018950038, 25.340714454960676], [90.3192124106224, 25.340698417118308], [90.31912330133949, 25.34069035841431], [90.31903374649218, 25.34069035841431], [90.31894463720923, 25.340698417118308], [90.31885685833126, 25.340714454960676], [90.31877128212233, 25.340738311186353], [90.31868875928707, 25.340769750346183], [90.31861011088566, 25.340808459049498], [90.318536117554, 25.34085405245954], [90.31846751411406, 25.34090607835306], [90.31840498418379, 25.340964018744657], [90.31834914760066, 25.3410272980056], [90.31830056042187, 25.34109528773583], [90.31825970414445, 25.341167311635413], [90.3182269866035, 25.34124265362377], [90.3182027311925, 25.341320565958615], [90.31818718045662, 25.34140027329574], [90.31818048800774, 25.341480984055437], [90.31818272032123, 25.341561896105663], [90.31819385583749, 25.34164220488093], [90.31821378406376, 25.34172111231283], [90.31824230557405, 25.341797834948714], [90.3182791382973, 25.341871609634516], [90.31832391572095, 25.34194170244529], [90.31837619317893, 25.342007418427105], [90.31843544964835, 25.342068103220612], [90.31850109763096, 25.34212315361495], [90.31857248494997, 25.34217202404226], [90.31864890103792, 25.342214227389128], [90.31872958681842, 25.342249343926927], [90.31881374099424, 25.342277026182373], [90.31890052633554, 25.34229699731379], [90.3189890804596, 25.342309060853054], [90.31907852391583, 25.342313095022455], [90.31916796737204, 25.342309060853054]], [[90.34414523397814, 25.340725028861453], [90.34412097856715, 25.340802941529645], [90.34410542783125, 25.34088264920779], [90.34409873538242, 25.34096336031279], [90.34410096769591, 25.341044272709187], [90.34411210321215, 25.341124581828044], [90.3441320314384, 25.341203489597564], [90.34416055294867, 25.341280212561685], [90.34419738567198, 25.341353987563153], [90.34424216309561, 25.34142408067381], [90.34429444055357, 25.341489796936788], [90.34435369702297, 25.341550481989955], [90.34441934500562, 25.34160553261981], [90.34449073232463, 25.341654403256232], [90.3445671484126, 25.341696606783668], [90.34464783419308, 25.341731723471703], [90.34473198836892, 25.341759405845593], [90.3448187737102, 25.341779377062455], [90.34490732783426, 25.341791440653342], [90.34499677129047, 25.341795474839994], [90.34508621474666, 25.341791440653342], [90.34517476887078, 25.341779377062455], [90.34526155421203, 25.341759405845593], [90.34534570838785, 25.341731723471703], [90.34542639416836, 25.341696606783668], [90.3455028102563, 25.341654403256232], [90.34557419757532, 25.34160553261981], [90.34563984555797, 25.341550481989955], [90.34569910202737, 25.341489796936788], [90.34575137948532, 25.34142408067381], [90.34579615690897, 25.341353987563153], [90.34583298963226, 25.341280212561685], [90.34586151114254, 25.341203489597564], [90.34588143936878, 25.341124581828044], [90.34589257488507, 25.341044272709187], [90.34589480719852, 25.34096336031279], [90.34588811474968, 25.34088264920779], [90.34587256401379, 25.340802941529645], [90.34584830860281, 25.340725028861453], [90.34581559106185, 25.34064968655075], [90.34577473478438, 25.340577662343023], [90.3457261476056, 25.34050967232191], [90.34567031102253, 25.34044639279023], [90.34560778109221, 25.340388452150766], [90.3455391776523, 25.340336426034643], [90.34546518432064, 25.34029083242953], [90.3453865359192, 25.34025212356061], [90.34530401308395, 25.34022068426628], [90.34521843687504, 25.340196827938524], [90.34513065799705, 25.340180790027556], [90.34504154871412, 25.34017273128908], [90.34495199386681, 25.34017273128908], [90.3448628845839, 25.340180790027556], [90.34477510570589, 25.340196827938524], [90.34468952949699, 25.34022068426628], [90.34460700666173, 25.34025212356061], [90.34452835826029, 25.34029083242953], [90.34445436492867, 25.340336426034643], [90.34438576148874, 25.340388452150766], [90.34432323155845, 25.34044639279023], [90.34426739497533, 25.34050967232191], [90.34421880779654, 25.340577662343023], [90.3441779515191, 25.34064968655075], [90.34414523397814, 25.340725028861453]], [[90.39575317306465, 25.340175062201695], [90.39569064313437, 25.34023300294333], [90.39563480655124, 25.340296282586635], [90.39558621937246, 25.340364272727644], [90.39554536309501, 25.34043629706243], [90.39551264555405, 25.340511639506012], [90.39548839014307, 25.34058955231163], [90.39547283940718, 25.340669260130355], [90.39546614695833, 25.34074997137772], [90.39546837927182, 25.34083088391682], [90.39547951478808, 25.340911193177327], [90.39549944301432, 25.340990101086003], [90.39552796452459, 25.341066824185436], [90.39556479724789, 25.341140599317026], [90.39560957467154, 25.341210692551307], [90.39566185212949, 25.341276408930185], [90.39572110859889, 25.34133709409038], [90.39578675658154, 25.34139214481737], [90.39585814390055, 25.341441015539946], [90.3959345599885, 25.341483219141846], [90.39601524576901, 25.341518335891838], [90.39609939994483, 25.341546018314556], [90.39618618528613, 25.341565989566632], [90.39627473941019, 25.341578053178793], [90.39636418286638, 25.341582087372544], [90.39645362632258, 25.341578053178793], [90.3965421804467, 25.341565989566632], [90.39662896578794, 25.341546018314556], [90.39671311996378, 25.341518335891838], [90.39679380574427, 25.341483219141846], [90.39687022183223, 25.341441015539946], [90.39694160915123, 25.34139214481737], [90.39700725713388, 25.34133709409038], [90.39706651360329, 25.341276408930185], [90.39711879106125, 25.341210692551307], [90.39716356848488, 25.341140599317026], [90.39720040120818, 25.341066824185436], [90.39722892271845, 25.340990101086003], [90.3972488509447, 25.340911193177327], [90.397259986461, 25.34083088391682], [90.39726221877444, 25.34074997137772], [90.39725552632561, 25.340669260130355], [90.39723997558971, 25.34058955231163], [90.39721572017872, 25.340511639506012], [90.39718300263776, 25.34043629706243], [90.39714214636031, 25.340364272727644], [90.39709355918153, 25.340296282586635], [90.39703772259845, 25.34023300294333], [90.39697519266812, 25.340175062201695], [90.39690658922821, 25.340123035993834], [90.39683259589657, 25.340077442308303], [90.39675394749513, 25.340038733371113], [90.39667142465987, 25.34000729402133], [90.39658584845097, 25.339983437651508], [90.39649806957296, 25.339967399712236], [90.39640896029005, 25.339959340959524], [90.39631940544274, 25.339959340959524], [90.39623029615981, 25.339967399712236], [90.39614251728182, 25.339983437651508], [90.39605694107291, 25.34000729402133], [90.39597441823766, 25.340038733371113], [90.39589576983622, 25.340077442308303], [90.39582177650459, 25.340123035993834], [90.39575317306465, 25.340175062201695]], [[90.46237781756446, 25.340860556407858], [90.4624300950224, 25.34092627297692], [90.46248935149181, 25.340986958312747], [90.46255499947446, 25.341042009199015], [90.46262638679343, 25.34109088006304], [90.4627028028814, 25.34113308378707], [90.46278348866193, 25.34116820063869], [90.46286764283772, 25.34119588314152], [90.462954428179, 25.341215854451406], [90.46304298230307, 25.341227918098475], [90.4631324257593, 25.341231952303893], [90.4632218692155, 25.341227918098475], [90.46331042333958, 25.341215854451406], [90.46339720868086, 25.34119588314152], [90.4634813628567, 25.34116820063869], [90.46356204863719, 25.34113308378707], [90.46363846472515, 25.34109088006304], [90.46370985204415, 25.341042009199015], [90.4637755000268, 25.340986958312747], [90.46383475649621, 25.34092627297692], [90.46388703395417, 25.340860556407858], [90.4639318113778, 25.340790462970705], [90.4639686441011, 25.340716687625626], [90.46399716561135, 25.340639964304124], [90.46401709383763, 25.3405610561671], [90.46402822935387, 25.34048074667417], [90.46403046166736, 25.340399833900907], [90.46402376921849, 25.340319122419974], [90.46400821848259, 25.340239414370558], [90.46398396307163, 25.340161501339487], [90.46395124553065, 25.340086158677856], [90.46391038925323, 25.340014134134645], [90.46386180207445, 25.339946143796876], [90.46380596549133, 25.339882863970473], [90.46374343556103, 25.33982492306113], [90.4636748321211, 25.33977289670269], [90.46360083878949, 25.33972730288523], [90.46352219038803, 25.33968859383601], [90.46343966755278, 25.33965715439525], [90.46335409134385, 25.339633297956386], [90.46326631246586, 25.339617259970716], [90.46317720318295, 25.339609201194722], [90.46308764833566, 25.339609201194722], [90.4629985390527, 25.339617259970716], [90.46291076017474, 25.339633297956386], [90.46282518396583, 25.33965715439525], [90.46274266113058, 25.33968859383601], [90.46266401272914, 25.33972730288523], [90.46259001939747, 25.33977289670269], [90.46252141595754, 25.33982492306113], [90.46245888602725, 25.339882863970473], [90.46240304944413, 25.339946143796876], [90.46235446226538, 25.340014134134645], [90.46231360598793, 25.340086158677856], [90.46228088844697, 25.340161501339487], [90.46225663303599, 25.340239414370558], [90.4622410823001, 25.340319122419974], [90.46223438985122, 25.340399833900907], [90.46223662216471, 25.34048074667417], [90.46224775768098, 25.3405610561671], [90.46226768590724, 25.340639964304124], [90.46229620741751, 25.340716687625626], [90.46233304014079, 25.340790462970705], [90.46237781756446, 25.340860556407858]], [[90.49142843823255, 25.340451818583904], [90.49151788168874, 25.34044778435248], [90.49160643581281, 25.340435720627617], [90.49169322115411, 25.340415749188956], [90.49177737532993, 25.340388066507597], [90.4918580611104, 25.340352949429573], [90.49193447719838, 25.3403107454334], [90.4920058645174, 25.34026187425427], [90.49207151250005, 25.340206823012988], [90.49213076896945, 25.340146137285863], [90.4921830464274, 25.340080420293063], [90.49222782385105, 25.34001032640397], [90.49226465657429, 25.33993655058315], [90.49229317808458, 25.33985982676695], [90.49231310631086, 25.339780918121125], [90.4923242418271, 25.339700608110398], [90.4923264741406, 25.339619694815408], [90.49231978169172, 25.339538982814048], [90.49230423095584, 25.339459274250668], [90.49227997554488, 25.339381360717212], [90.49224725800389, 25.33930601756982], [90.49220640172646, 25.33923399256221], [90.49215781454768, 25.33916600178602], [90.49210197796457, 25.3391027215516], [90.49203944803428, 25.339044780268697], [90.49197084459433, 25.338992753574786], [90.49189685126272, 25.33894715946334], [90.49181820286127, 25.33890845016455], [90.49173568002601, 25.33887701052107], [90.4916501038171, 25.338853153928383], [90.49156232493911, 25.338837115839333], [90.49147321565619, 25.338829057011342], [90.49138366080889, 25.338829057011342], [90.49129455152594, 25.338837115839333], [90.49120677264797, 25.338853153928383], [90.49112119643907, 25.33887701052107], [90.49103867360381, 25.33890845016455], [90.49096002520237, 25.33894715946334], [90.4908860318707, 25.338992753574786], [90.49081742843077, 25.339044780268697], [90.49075489850048, 25.3391027215516], [90.49069906191737, 25.33916600178602], [90.49065047473857, 25.33923399256221], [90.49060961846115, 25.33930601756982], [90.4905769009202, 25.339381360717212], [90.49055264550921, 25.339459274250668], [90.49053709477333, 25.339538982814048], [90.49053040232445, 25.339619694815408], [90.49053263463794, 25.339700608110398], [90.49054377015419, 25.339780918121125], [90.49056369838047, 25.33985982676695], [90.49059221989074, 25.33993655058315], [90.49062905261401, 25.34001032640397], [90.49067383003766, 25.340080420293063], [90.49072610749563, 25.340146137285863], [90.49078536396505, 25.340206823012988], [90.49085101194767, 25.34026187425427], [90.49092239926667, 25.3403107454334], [90.49099881535463, 25.340352949429573], [90.49107950113513, 25.340388066507597], [90.49116365531096, 25.340415749188956], [90.49125044065224, 25.340435720627617], [90.4913389947763, 25.34044778435248], [90.49142843823255, 25.340451818583904]], [[90.48006052331502, 25.34044778435248], [90.48014907743908, 25.340435720627617], [90.48023586278038, 25.340415749188956], [90.48032001695617, 25.340388066507597], [90.4804007027367, 25.340352949429573], [90.48047711882465, 25.3403107454334], [90.48054850614363, 25.34026187425427], [90.48061415412629, 25.340206823012988], [90.48067341059568, 25.340146137285863], [90.48072568805364, 25.340080420293063], [90.48077046547729, 25.34001032640397], [90.48080729820057, 25.33993655058315], [90.48083581971086, 25.33985982676695], [90.48085574793713, 25.339780918121125], [90.48086688345339, 25.339700608110398], [90.48086911576688, 25.339619694815408], [90.480862423318, 25.339538982814048], [90.48084687258212, 25.339459274250668], [90.48082261717111, 25.339381360717212], [90.48078989963017, 25.33930601756982], [90.48074904335274, 25.33923399256221], [90.48070045617396, 25.33916600178602], [90.48064461959083, 25.3391027215516], [90.48058208966056, 25.339044780268697], [90.48051348622062, 25.338992753574786], [90.48043949288896, 25.33894715946334], [90.4803608444875, 25.33890845016455], [90.48027832165225, 25.33887701052107], [90.48019274544336, 25.338853153928383], [90.48010496656539, 25.338837115839333], [90.48001585728244, 25.338829057011342], [90.47992630243513, 25.338829057011342], [90.47983719315222, 25.338837115839333], [90.47974941427424, 25.338853153928383], [90.47966383806532, 25.33887701052107], [90.47958131523006, 25.33890845016455], [90.47950266682861, 25.33894715946334], [90.479428673497, 25.338992753574786], [90.47936007005706, 25.339044780268697], [90.47929754012675, 25.3391027215516], [90.47924170354364, 25.33916600178602], [90.47919311636487, 25.33923399256221], [90.47915226008745, 25.33930601756982], [90.47911954254646, 25.339381360717212], [90.4790952871355, 25.339459274250668], [90.4790797363996, 25.339538982814048], [90.47907304395073, 25.339619694815408], [90.47907527626421, 25.339700608110398], [90.47908641178047, 25.339780918121125], [90.47910634000675, 25.33985982676695], [90.479134861517, 25.33993655058315], [90.47917169424028, 25.34001032640397], [90.47921647166393, 25.340080420293063], [90.47926874912189, 25.340146137285863], [90.4793280055913, 25.340206823012988], [90.47939365357394, 25.34026187425427], [90.47946504089295, 25.3403107454334], [90.47954145698091, 25.340352949429573], [90.4796221427614, 25.340388066507597], [90.47970629693722, 25.340415749188956], [90.4797930822785, 25.340435720627617], [90.47988163640258, 25.34044778435248], [90.47997107985879, 25.340451818583904], [90.48006052331502, 25.34044778435248]], [[90.43257200928812, 25.339204484485595], [90.43264339660713, 25.339155612859624], [90.43270904458979, 25.33910056111499], [90.43276830105918, 25.339039874833006], [90.43282057851714, 25.338974157239335], [90.43286535594079, 25.338904062709375], [90.43290218866407, 25.338830286214026], [90.43293071017436, 25.33875356169632], [90.4329506384006, 25.33867465232903], [90.43296177391689, 25.338594341584017], [90.43296400623034, 25.33851342754924], [90.4329573137815, 25.33843271480993], [90.4329417630456, 25.33835300551782], [90.43291750763461, 25.338275091271996], [90.43288479009367, 25.338199747435723], [90.4328439338162, 25.338127721769595], [90.43279534663742, 25.338059730371775], [90.43273951005435, 25.337996449558787], [90.43267698012403, 25.337938507746145], [90.43260837668412, 25.337886480576557], [90.43253438335246, 25.337840886048298], [90.43245573495102, 25.337802176395545], [90.43237321211576, 25.33777073646465], [90.43228763590686, 25.337746879653853], [90.43219985702885, 25.33773084141814], [90.43211074774594, 25.337722782516476], [90.43202119289863, 25.337722782516476], [90.43193208361572, 25.33773084141814], [90.43184430473771, 25.337746879653853], [90.4317587285288, 25.33777073646465], [90.43167620569355, 25.337802176395545], [90.43159755729211, 25.337840886048298], [90.43152356396048, 25.337886480576557], [90.43145496052055, 25.337938507746145], [90.43139243059026, 25.337996449558787], [90.43133659400713, 25.338059730371775], [90.43128800682835, 25.338127721769595], [90.43124715055092, 25.338199747435723], [90.43121443300996, 25.338275091271996], [90.43119017759896, 25.33835300551782], [90.43117462686307, 25.33843271480993], [90.43116793441422, 25.33851342754924], [90.43117016672772, 25.338594341584017], [90.43118130224397, 25.33867465232903], [90.43120123047022, 25.33875356169632], [90.43122975198048, 25.338830286214026], [90.43126658470379, 25.338904062709375], [90.43131136212743, 25.338974157239335], [90.43136363958538, 25.339039874833006], [90.4314228960548, 25.33910056111499], [90.43148854403745, 25.339155612859624], [90.43155993135645, 25.339204484485595], [90.43163634744441, 25.339246688867657], [90.4317170332249, 25.33928180626675], [90.43180118740074, 25.33930948920122], [90.43188797274202, 25.339329460822494], [90.43197652686608, 25.339341524657648], [90.43206597032228, 25.33934555892598], [90.43215541377847, 25.339341524657648], [90.4322439679026, 25.339329460822494], [90.43233075324385, 25.33930948920122], [90.43241490741967, 25.33928180626675], [90.43249559320017, 25.339246688867657], [90.43257200928812, 25.339204484485595]], [[90.40814967964373, 25.338557852698727], [90.4082382337678, 25.338545788785435], [90.4083250191091, 25.338525817034814], [90.40840917328491, 25.338498133921036], [90.40848985906541, 25.338463016294494], [90.40856627515336, 25.338420811639097], [90.40863766247237, 25.338371939696582], [90.40870331045502, 25.338316887595393], [90.40876256692444, 25.338256200920373], [90.40881484438239, 25.338190482901066], [90.40885962180604, 25.33812038791711], [90.40889645452933, 25.33804661094394], [90.4089249760396, 25.33796988592932], [90.40894490426585, 25.337890976050954], [90.4089560397821, 25.337810664785806], [90.40895827209559, 25.337729750226977], [90.40895157964674, 25.337649036964933], [90.40893602891084, 25.337569327156544], [90.40891177349987, 25.337491412406106], [90.4088790559589, 25.337416068081886], [90.40883819968145, 25.337344041949283], [90.40878961250267, 25.33727605011112], [90.40873377591956, 25.3372127688883], [90.40867124598927, 25.337154826700402], [90.40860264254933, 25.337102799193858], [90.4085286492177, 25.337057204370275], [90.40845000081626, 25.337018494466857], [90.408367477981, 25.336987054332315], [90.4082819017721, 25.336963197367044], [90.4081941228941, 25.336947159027456], [90.40810501361118, 25.33693910007358], [90.40801545876388, 25.33693910007358], [90.40792634948097, 25.336947159027456], [90.40783857060296, 25.336963197367044], [90.40775299439406, 25.336987054332315], [90.4076704715588, 25.337018494466857], [90.40759182315735, 25.337057204370275], [90.40751782982574, 25.337102799193858], [90.40744922638581, 25.337154826700402], [90.40738669645546, 25.3372127688883], [90.40733085987239, 25.33727605011112], [90.4072822726936, 25.337344041949283], [90.40724141641616, 25.337416068081886], [90.40720869887521, 25.337491412406106], [90.4071844434642, 25.337569327156544], [90.40716889272831, 25.337649036964933], [90.40716220027947, 25.337729750226977], [90.40716443259292, 25.337810664785806], [90.40717556810921, 25.337890976050954], [90.40719549633546, 25.33796988592932], [90.40722401784573, 25.33804661094394], [90.40726085056903, 25.33812038791711], [90.40730562799267, 25.338190482901066], [90.40735790545062, 25.338256200920373], [90.40741716192002, 25.338316887595393], [90.40748280990267, 25.338371939696582], [90.40755419722169, 25.338420811639097], [90.40763061330965, 25.338463016294494], [90.40771129909014, 25.338498133921036], [90.40779545326596, 25.338525817034814], [90.40788223860726, 25.338545788785435], [90.40797079273133, 25.338557852698727], [90.40806023618754, 25.338561886993176], [90.40814967964373, 25.338557852698727]], [[90.34166492079999, 25.338124051189858], [90.34175347492405, 25.338111987233322], [90.34184026026534, 25.3380920154111], [90.34192441444117, 25.338064332198115], [90.34200510022166, 25.338029214445637], [90.34208151630962, 25.337987009638958], [90.34215290362863, 25.337938137521196], [90.34221855161128, 25.337883085222686], [90.34227780808068, 25.337822398330086], [90.34233008553863, 25.337756680075167], [90.34237486296229, 25.33768658483991], [90.34241169568557, 25.33761280760226], [90.34244021719584, 25.33753608231258], [90.3424601454221, 25.33745717215131], [90.34247128093834, 25.33737686059822], [90.34247351325183, 25.337295945749315], [90.34246682080295, 25.337215232197902], [90.3424512700671, 25.33713552210377], [90.34242701465611, 25.337057607074016], [90.34239429711516, 25.33698226247968], [90.3423534408377, 25.33691023608888], [90.34230485365892, 25.336842244006974], [90.3422490170758, 25.33677896255729], [90.34218648714551, 25.336721020161637], [90.34211788370558, 25.33666899246861], [90.34204389037396, 25.33662339748157], [90.34196524197252, 25.336584687439395], [90.34188271913726, 25.336553247192136], [90.34179714292836, 25.336529390141305], [90.34170936405035, 25.336513351744212], [90.34162025476743, 25.336505292761494], [90.34153069992013, 25.336505292761494], [90.34144159063722, 25.336513351744212], [90.3413538117592, 25.336529390141305], [90.3412682355503, 25.336553247192136], [90.34118571271505, 25.336584687439395], [90.3411070643136, 25.33662339748157], [90.34103307098195, 25.33666899246861], [90.34096446754205, 25.336721020161637], [90.34090193761172, 25.33677896255729], [90.34084610102865, 25.336842244006974], [90.34079751384985, 25.33691023608888], [90.3407566575724, 25.33698226247968], [90.34072394003145, 25.337057607074016], [90.34069968462046, 25.33713552210377], [90.34068413388457, 25.337215232197902], [90.34067744143573, 25.337295945749315], [90.34067967374918, 25.33737686059822], [90.34069080926547, 25.33745717215131], [90.34071073749172, 25.33753608231258], [90.34073925900198, 25.33761280760226], [90.34077609172527, 25.33768658483991], [90.34082086914893, 25.337756680075167], [90.34087314660688, 25.337822398330086], [90.34093240307628, 25.337883085222686], [90.34099805105893, 25.337938137521196], [90.34106943837794, 25.337987009638958], [90.3411458544659, 25.338029214445637], [90.3412265402464, 25.338064332198115], [90.34131069442222, 25.3380920154111], [90.34139747976347, 25.338111987233322], [90.34148603388758, 25.338124051189858], [90.34157547734378, 25.33812808549881], [90.34166492079999, 25.338124051189858]], [[90.38604350234752, 25.336541115690782], [90.3860957798055, 25.33660683460586], [90.3861550362749, 25.33666752210809], [90.38622068425752, 25.336722574959637], [90.38629207157653, 25.336771447568324], [90.38636848766448, 25.336813652798984], [90.38644917344499, 25.336848770904236], [90.3865333276208, 25.336876454395316], [90.3866201129621, 25.336896426418168], [90.38670866708617, 25.336908490495908], [90.3867981105424, 25.336912524845367], [90.3868875539986, 25.336908490495908], [90.38697610812267, 25.336896426418168], [90.38706289346396, 25.336876454395316], [90.38714704763977, 25.336848770904236], [90.38722773342027, 25.336813652798984], [90.38730414950824, 25.336771447568324], [90.38737553682724, 25.336722574959637], [90.38744118480989, 25.33666752210809], [90.3875004412793, 25.33660683460586], [90.38755271873724, 25.336541115690782], [90.38759749616091, 25.33647101975136], [90.38763432888416, 25.3363972417726], [90.38766285039443, 25.33632051571219], [90.38768277862071, 25.336241604758236], [90.38769391413697, 25.336161292398405], [90.38769614645045, 25.336080376736675], [90.38768945400159, 25.335999662374476], [90.38767390326569, 25.335919951479635], [90.38764964785473, 25.33584203566721], [90.38761693031374, 25.335766690316014], [90.38757607403632, 25.335694663201703], [90.38752748685755, 25.335626670436802], [90.38747165027443, 25.335563388351453], [90.38740912034413, 25.335505445373773], [90.38734051690419, 25.335453417158128], [90.38726652357258, 25.335407821713076], [90.38718787517112, 25.335369111282045], [90.38710535233587, 25.33533767071897], [90.38701977612693, 25.335313813428506], [90.38693199724896, 25.335297774870323], [90.38684288796605, 25.335289715806642], [90.38675333311875, 25.335289715806642], [90.3866642238358, 25.335297774870323], [90.38657644495783, 25.335313813428506], [90.3864908687489, 25.33533767071897], [90.38640834591364, 25.335369111282045], [90.38632969751222, 25.335407821713076], [90.38625570418057, 25.335453417158128], [90.38618710074063, 25.335505445373773], [90.38612457081034, 25.335563388351453], [90.38606873422722, 25.335626670436802], [90.38602014704844, 25.335694663201703], [90.38597929077102, 25.335766690316014], [90.38594657323007, 25.33584203566721], [90.38592231781907, 25.335919951479635], [90.38590676708318, 25.335999662374476], [90.3859000746343, 25.336080376736675], [90.3859023069478, 25.336161292398405], [90.38591344246404, 25.336241604758236], [90.38593337069032, 25.33632051571219], [90.38596189220061, 25.3363972417726], [90.38599872492385, 25.33647101975136], [90.38604350234752, 25.336541115690782]], [[90.4995889705304, 25.335291334764264], [90.49965461851303, 25.335346388241884], [90.49972600583203, 25.33539526140638], [90.49980242192, 25.33543746711701], [90.49988310770048, 25.335472585621627], [90.49996726187631, 25.335500269427527], [90.5000540472176, 25.33552024167751], [90.50014260134166, 25.335532305892446], [90.5002320447979, 25.335536340287796], [90.5003214882541, 25.335532305892446], [90.50041004237816, 25.33552024167751], [90.50049682771946, 25.335500269427527], [90.50058098189528, 25.335472585621627], [90.50066166767577, 25.33543746711701], [90.50073808376374, 25.33539526140638], [90.50080947108275, 25.335346388241884], [90.5008751190654, 25.335291334764264], [90.50093437553481, 25.33523064657189], [90.50098665299276, 25.33516492690943], [90.5010314304164, 25.335094830172878], [90.50106826313966, 25.335021051355103], [90.50109678464995, 25.334944324422146], [90.50111671287623, 25.334865412570817], [90.50112784839247, 25.334785099297648], [90.50113008070596, 25.334704182715768], [90.50112338825708, 25.334623467435677], [90.50110783752119, 25.334543755634375], [90.50108358211023, 25.3344658389359], [90.50105086456925, 25.334390492727874], [90.50101000829183, 25.334318464794496], [90.50096142111305, 25.33425047125639], [90.50090558452993, 25.334187188451406], [90.50084305459963, 25.334129244814804], [90.5007744511597, 25.3340772160075], [90.50070045782805, 25.334031620043955], [90.50062180942663, 25.333992909172725], [90.50053928659138, 25.333961468252113], [90.50045371038243, 25.333937610690363], [90.50036593150446, 25.33392157194978], [90.50027682222155, 25.33391351279445], [90.50018726737426, 25.33391351279445], [90.5000981580913, 25.33392157194978], [90.50001037921334, 25.333937610690363], [90.49992480300439, 25.333961468252113], [90.49984228016913, 25.333992909172725], [90.49976363176772, 25.334031620043955], [90.49968963843607, 25.3340772160075], [90.49962103499614, 25.334129244814804], [90.49955850506583, 25.334187188451406], [90.49950266848272, 25.33425047125639], [90.49945408130394, 25.334318464794496], [90.49941322502652, 25.334390492727874], [90.49938050748557, 25.3344658389359], [90.49935625207458, 25.334543755634375], [90.49934070133868, 25.334623467435677], [90.4993340088898, 25.334704182715768], [90.4993362412033, 25.334785099297648], [90.49934737671956, 25.334865412570817], [90.49936730494584, 25.334944324422146], [90.49939582645611, 25.335021051355103], [90.49943265917936, 25.335094830172878], [90.49947743660302, 25.33516492690943], [90.499529714061, 25.33523064657189], [90.4995889705304, 25.335291334764264]], [[90.46933431992069, 25.334308101433372], [90.46942287404477, 25.334296037096365], [90.46950965938606, 25.334276064644357], [90.46959381356189, 25.33424838055841], [90.46967449934237, 25.33421326169855], [90.46975091543034, 25.33417105556095], [90.46982230274935, 25.33412218190207], [90.469887950732, 25.33406712786755], [90.4699472072014, 25.334006439061262], [90.46999948465935, 25.333940718733995], [90.47004426208301, 25.33387062128838], [90.47008109480625, 25.33379684172428], [90.47010961631653, 25.33372011401518], [90.47012954454281, 25.33364120136561], [90.47014068005906, 25.333560887280033], [90.47014291237255, 25.333479969879622], [90.47013621992367, 25.333399253783092], [90.47012066918779, 25.333319541175435], [90.47009641377683, 25.33324162368879], [90.47006369623584, 25.333166276718615], [90.47002283995842, 25.33309424805662], [90.46997425277964, 25.333026253830752], [90.46991841619652, 25.33296297038564], [90.46985588626623, 25.332905026162926], [90.46978728282629, 25.332852996829327], [90.46971328949468, 25.332807400404576], [90.46963464109322, 25.332768689141766], [90.46955211825797, 25.33273724790314], [90.46946654204905, 25.332713390100047], [90.46937876317106, 25.332697351197233], [90.46928965388814, 25.332689291960378], [90.46920009904085, 25.332689291960378], [90.4691109897579, 25.332697351197233], [90.46902321087993, 25.332713390100047], [90.468937634671, 25.33273724790314], [90.46885511183572, 25.332768689141766], [90.46877646343432, 25.332807400404576], [90.46870247010266, 25.332852996829327], [90.46863386666273, 25.332905026162926], [90.46857133673244, 25.33296297038564], [90.46851550014932, 25.333026253830752], [90.46846691297054, 25.33309424805662], [90.46842605669312, 25.333166276718615], [90.46839333915217, 25.33324162368879], [90.46836908374118, 25.333319541175435], [90.46835353300528, 25.333399253783092], [90.4683468405564, 25.333479969879622], [90.4683490728699, 25.333560887280033], [90.46836020838614, 25.33364120136561], [90.46838013661242, 25.33372011401518], [90.4684086581227, 25.33379684172428], [90.46844549084597, 25.33387062128838], [90.46849026826962, 25.333940718733995], [90.46854254572759, 25.334006439061262], [90.468601802197, 25.33406712786755], [90.46866745017962, 25.33412218190207], [90.46873883749862, 25.33417105556095], [90.46881525358658, 25.33421326169855], [90.46889593936709, 25.33424838055841], [90.46898009354291, 25.334276064644357], [90.46906687888419, 25.334296037096365], [90.46915543300825, 25.334308101433372], [90.4692448764645, 25.334312135869496], [90.46933431992069, 25.334308101433372]], [[90.50796743052292, 25.332746841687598], [90.5079959520332, 25.332823570013712], [90.50803278475645, 25.332897350171137], [90.5080775621801, 25.332967448180476], [90.50812983963806, 25.333033169036238], [90.50818909610746, 25.33309385833056], [90.50825474409011, 25.33314891280784], [90.50832613140912, 25.333197786859746], [90.50840254749708, 25.333239993336765], [90.50848323327757, 25.333275112479033], [90.5085673874534, 25.333302796787613], [90.50865417279469, 25.333322769400244], [90.50874272691877, 25.333334833834268], [90.50883217037496, 25.333338868302835], [90.50892161383119, 25.333334833834268], [90.50901016795527, 25.333322769400244], [90.50909695329655, 25.333302796787613], [90.50918110747237, 25.333275112479033], [90.50926179325288, 25.333239993336765], [90.50933820934084, 25.333197786859746], [90.50940959665984, 25.33314891280784], [90.50947524464246, 25.33309385833056], [90.50953450111187, 25.333033169036238], [90.50958677856984, 25.332967448180476], [90.5096315559935, 25.332897350171137], [90.50966838871676, 25.332823570013712], [90.50969691022704, 25.332746841687598], [90.50971683845331, 25.332667928403428], [90.50972797396956, 25.332587613671997], [90.50973020628305, 25.332506695620868], [90.50972351383417, 25.332425978875253], [90.50970796309828, 25.332346265626583], [90.50968370768729, 25.33226834751336], [90.50965099014634, 25.332192999937277], [90.50961013386892, 25.332120970696078], [90.50956154669014, 25.33205297592342], [90.50950571010702, 25.331989691969405], [90.50944318017673, 25.331931747280727], [90.5093745767368, 25.33187971752876], [90.50930058340514, 25.33183412073733], [90.50922193500374, 25.331795409163234], [90.50913941216847, 25.331763967671765], [90.50905383595953, 25.331740109676822], [90.50896605708155, 25.33172407064503], [90.50887694779861, 25.331716011343378], [90.50878739295132, 25.331716011343378], [90.5086982836684, 25.33172407064503], [90.50861050479041, 25.331740109676822], [90.5085249285815, 25.331763967671765], [90.50844240574622, 25.331795409163234], [90.50836375734478, 25.33183412073733], [90.50828976401316, 25.33187971752876], [90.50822116057323, 25.331931747280727], [90.50815863064294, 25.331989691969405], [90.50810279405982, 25.33205297592342], [90.50805420688104, 25.332120970696078], [90.50801335060362, 25.332192999937277], [90.50798063306263, 25.33226834751336], [90.50795637765167, 25.332346265626583], [90.50794082691579, 25.332425978875253], [90.50793413446691, 25.332506695620868], [90.5079363667804, 25.332587613671997], [90.50794750229664, 25.332667928403428], [90.50796743052292, 25.332746841687598]], [[90.40830548524323, 25.331901701544933], [90.40839403936731, 25.331889636968047], [90.4084808247086, 25.331869664118926], [90.40856497888443, 25.33184197948253], [90.40864566466492, 25.331806859924413], [90.40872208075288, 25.331764652947626], [90.40879346807189, 25.331715778316998], [90.40885911605454, 25.331660723187845], [90.40891837252394, 25.331600033174894], [90.4089706499819, 25.33153431154094], [90.40901542740555, 25.33146421270158], [90.40905226012883, 25.331390431670545], [90.4090807816391, 25.33131370243591], [90.40910070986536, 25.331234788217348], [90.4091118453816, 25.331154472534916], [90.4091140776951, 25.33107355352568], [90.40910738524626, 25.33099283582432], [90.40909183451036, 25.330913121631788], [90.40906757909937, 25.330835202595974], [90.40903486155842, 25.33075985412773], [90.40899400528096, 25.33068782403366], [90.40894541810218, 25.330619828455916], [90.40888958151906, 25.330556543752603], [90.40882705158877, 25.33049859837784], [90.40875844814884, 25.330446568009798], [90.40868445481722, 25.33040097067849], [90.40860580641578, 25.330362258646034], [90.40852328358051, 25.33033081678229], [90.40843770737162, 25.330306958504863], [90.40834992849359, 25.330290919283165], [90.40826081921068, 25.330282859886083], [90.40817126436339, 25.330282859886083], [90.40808215508048, 25.330290919283165], [90.40799437620247, 25.330306958504863], [90.40790879999356, 25.33033081678229], [90.4078262771583, 25.330362258646034], [90.40774762875687, 25.33040097067849], [90.4076736354252, 25.330446568009798], [90.4076050319853, 25.33049859837784], [90.40754250205498, 25.330556543752603], [90.4074866654719, 25.330619828455916], [90.40743807829311, 25.33068782403366], [90.40739722201566, 25.33075985412773], [90.4073645044747, 25.330835202595974], [90.40734024906372, 25.330913121631788], [90.40732469832783, 25.33099283582432], [90.40731800587898, 25.33107355352568], [90.40732023819244, 25.331154472534916], [90.40733137370873, 25.331234788217348], [90.40735130193498, 25.33131370243591], [90.40737982344524, 25.331390431670545], [90.40741665616852, 25.33146421270158], [90.40746143359219, 25.33153431154094], [90.40751371105014, 25.331600033174894], [90.40757296751954, 25.331660723187845], [90.4076386155022, 25.331715778316998], [90.4077100028212, 25.331764652947626], [90.40778641890917, 25.331806859924413], [90.40786710468966, 25.33184197948253], [90.40795125886548, 25.331869664118926], [90.40803804420673, 25.331889636968047], [90.40812659833084, 25.331901701544933], [90.40821604178703, 25.33190573606127], [90.40830548524323, 25.331901701544933]], [[90.51033313843375, 25.3304938777196], [90.51036165994402, 25.330570607473938], [90.51039849266732, 25.330644389004743], [90.51044327009097, 25.330714488318854], [90.51049554754893, 25.33078021039796], [90.51055480401833, 25.330840900821965], [90.51062045200098, 25.33089595632406], [90.51069183931995, 25.330944831285695], [90.51076825540791, 25.330987038548358], [90.51084894118844, 25.331022158344357], [90.51093309536422, 25.33104984316829], [90.51101988070552, 25.331069816152688], [90.5111084348296, 25.33108188081126], [90.51119787828581, 25.331085915354926], [90.51128732174202, 25.33108188081126], [90.5113758758661, 25.331069816152688], [90.51146266120737, 25.33104984316829], [90.5115468153832, 25.331022158344357], [90.5116275011637, 25.330987038548358], [90.51170391725167, 25.330944831285695], [90.51177530457066, 25.33089595632406], [90.51184095255331, 25.330840900821965], [90.51190020902271, 25.33078021039796], [90.51195248648067, 25.330714488318854], [90.51199726390432, 25.330644389004743], [90.51203409662762, 25.330570607473938], [90.51206261813786, 25.3304938777196], [90.51208254636414, 25.33041496296655], [90.51209368188039, 25.33033464674016], [90.51209591419388, 25.330253727182846], [90.512089221745, 25.33017300893476], [90.5120736710091, 25.330093294202353], [90.51204941559814, 25.330015374638755], [90.51201669805717, 25.32994002566021], [90.51197584177974, 25.329867995078246], [90.51192725460096, 25.329799999039967], [90.51187141801785, 25.32973671390803], [90.51180888808756, 25.329678768140838], [90.51174028464763, 25.32962673742038], [90.511666291316, 25.32958113978025], [90.51158764291456, 25.329542427485592], [90.51150512007929, 25.329510985408888], [90.51141954387036, 25.3294871269699], [90.51133176499238, 25.329471087639583], [90.51124265570948, 25.329463028187885], [90.51115310086216, 25.329463028187885], [90.51106399157922, 25.329471087639583], [90.51097621270124, 25.3294871269699], [90.51089063649235, 25.329510985408888], [90.51080811365709, 25.329542427485592], [90.51072946525565, 25.32958113978025], [90.51065547192398, 25.32962673742038], [90.51058686848405, 25.329678768140838], [90.51052433855376, 25.32973671390803], [90.51046850197065, 25.329799999039967], [90.5104199147919, 25.329867995078246], [90.51037905851445, 25.32994002566021], [90.51034634097348, 25.330015374638755], [90.51032208556249, 25.330093294202353], [90.51030653482661, 25.33017300893476], [90.51029984237773, 25.330253727182846], [90.51030207469123, 25.33033464674016], [90.51031321020751, 25.33041496296655], [90.51033313843375, 25.3304938777196]], [[90.47588793056696, 25.33047385835918], [90.47597648469102, 25.330461793640023], [90.47606327003231, 25.330441820555286], [90.47614742420814, 25.33041413559227], [90.47622810998864, 25.33037901561987], [90.47630452607659, 25.330336808145198], [90.4763759133956, 25.330287932938052], [90.47644156137825, 25.330232877159403], [90.47650081784765, 25.330172186430524], [90.4765530953056, 25.330106464021288], [90.47659787272926, 25.330036364355035], [90.47663470545254, 25.32996258245362], [90.47666322696283, 25.329885852313865], [90.47668315518906, 25.329806937164403], [90.47669429070532, 25.32972662053459], [90.4766965230188, 25.329645700570815], [90.47668983056997, 25.32956498191726], [90.47667427983407, 25.329485266784445], [90.4766500244231, 25.329407346829488], [90.47661730688213, 25.32933199747242], [90.47657645060467, 25.32925996652866], [90.47652786342589, 25.329191970148827], [90.47647202684277, 25.329128684699], [90.4764094969125, 25.329070738640734], [90.47634089347255, 25.32901870765894], [90.47626690014093, 25.328973109789807], [90.47618825173949, 25.328934397300664], [90.47610572890423, 25.32890295506608], [90.47602015269533, 25.32887909650721], [90.47593237381733, 25.32886305709631], [90.4758432645344, 25.328854997604143], [90.4757537096871, 25.328854997604143], [90.47566460040419, 25.32886305709631], [90.47557682152618, 25.32887909650721], [90.47549124531727, 25.32890295506608], [90.47540872248202, 25.328934397300664], [90.47533007408057, 25.328973109789807], [90.47525608074893, 25.32901870765894], [90.47518747730902, 25.329070738640734], [90.47512494737869, 25.329128684699], [90.47506911079562, 25.329191970148827], [90.47502052361682, 25.32925996652866], [90.47497966733938, 25.32933199747242], [90.47494694979842, 25.329407346829488], [90.47492269438743, 25.329485266784445], [90.47490714365154, 25.32956498191726], [90.4749004512027, 25.329645700570815], [90.47490268351615, 25.32972662053459], [90.47491381903244, 25.329806937164403], [90.47493374725869, 25.329885852313865], [90.47496226876895, 25.32996258245362], [90.47499910149226, 25.330036364355035], [90.4750438789159, 25.330106464021288], [90.47509615637385, 25.330172186430524], [90.47515541284326, 25.330232877159403], [90.47522106082592, 25.330287932938052], [90.47529244814491, 25.330336808145198], [90.47536886423288, 25.33037901561987], [90.47544955001337, 25.33041413559227], [90.4755337041892, 25.330441820555286], [90.47562048953044, 25.330461793640023], [90.47570904365455, 25.33047385835918], [90.47579848711075, 25.330477892923124], [90.47588793056696, 25.33047385835918]], [[90.37381742234751, 25.329052118857806], [90.37376883516873, 25.328984122361224], [90.3737129985856, 25.328920836802748], [90.37365046865533, 25.328862890644995], [90.37358186521539, 25.328810859573835], [90.37350787188376, 25.328765261626415], [90.37342922348232, 25.328726549070836], [90.37334670064706, 25.32869510678222], [90.37326112443813, 25.3286712481824], [90.37317334556016, 25.328655208743964], [90.37308423627725, 25.328647149237955], [90.37299468142993, 25.328647149237955], [90.37290557214699, 25.328655208743964], [90.37281779326901, 25.3286712481824], [90.3727322170601, 25.32869510678222], [90.37264969422485, 25.328726549070836], [90.3725710458234, 25.328765261626415], [90.37249705249177, 25.328810859573835], [90.37242844905182, 25.328862890644995], [90.37236591912152, 25.328920836802748], [90.3723100825384, 25.328984122361224], [90.37226149535964, 25.329052118857806], [90.37222063908222, 25.329124149925253], [90.37218792154127, 25.32919949941169], [90.37216366613026, 25.32927741950045], [90.37214811539437, 25.32935713477013], [90.3721414229455, 25.329437853562293], [90.37214365525898, 25.32951877366502], [90.37215479077524, 25.32959909043277], [90.37217471900152, 25.32967800571772], [90.3722032405118, 25.329754735989205], [90.37224007323509, 25.329828518017305], [90.37228485065873, 25.329898617803924], [90.3723371281167, 25.329964340326015], [90.3723963845861, 25.330025031159092], [90.37246203256875, 25.33008008703228], [90.37253341988772, 25.330128962323357], [90.37260983597568, 25.330171169870503], [90.37269052175621, 25.33020628990325], [90.37277467593199, 25.330233974913753], [90.37286146127327, 25.330253948032777], [90.37295001539735, 25.33026601277267], [90.3730394588536, 25.330270047343536], [90.37312890230979, 25.33026601277267], [90.37321745643385, 25.330253948032777], [90.37330424177514, 25.330233974913753], [90.37338839595097, 25.33020628990325], [90.37346908173147, 25.330171169870503], [90.37354549781942, 25.330128962323357], [90.37361688513843, 25.33008008703228], [90.37368253312108, 25.330025031159092], [90.37374178959048, 25.329964340326015], [90.37379406704844, 25.329898617803924], [90.37383884447209, 25.329828518017305], [90.37387567719539, 25.329754735989205], [90.37390419870563, 25.32967800571772], [90.3739241269319, 25.32959909043277], [90.37393526244816, 25.32951877366502], [90.37393749476165, 25.329437853562293], [90.37393080231277, 25.32935713477013], [90.37391525157689, 25.32927741950045], [90.37389099616593, 25.32919949941169], [90.37385827862494, 25.329124149925253], [90.37381742234751, 25.329052118857806]], [[90.45889345379994, 25.328653102522132], [90.45898023914124, 25.328673075902], [90.45906879326532, 25.328685140799458], [90.45915823672155, 25.32868917542302], [90.45924768017774, 25.328685140799458], [90.45933623430182, 25.328673075902], [90.45942301964311, 25.328653102522132], [90.45950717381892, 25.328625417150022], [90.45958785959942, 25.328590296658653], [90.45966427568737, 25.32854808856028], [90.45973566300638, 25.328499212630902], [90.45980131098904, 25.328444156038707], [90.45986056745845, 25.32838346441301], [90.45991284491639, 25.328317741032613], [90.45995762234006, 25.328247640330517], [90.45999445506334, 25.328173857338847], [90.46002297657358, 25.328097126065263], [90.46004290479985, 25.328018209749708], [90.46005404031612, 25.32793789193309], [90.4600562726296, 25.327856970773592], [90.46004958018072, 25.327776250927304], [90.46003402944484, 25.32769653461656], [90.46000977403388, 25.32761861351023], [90.45997705649289, 25.32754326303978], [90.45993620021547, 25.32747123103165], [90.4598876130367, 25.327403233647097], [90.45983177645357, 25.32733994726216], [90.45976924652328, 25.327282000347665], [90.45970064308334, 25.327229968597038], [90.45962664975171, 25.32718437005414], [90.45954800135027, 25.32714565699298], [90.45946547851501, 25.32711421429378], [90.45937990230608, 25.327090355382392], [90.45929212342811, 25.3270743157345], [90.4592030141452, 25.327066256123228], [90.4591134592979, 25.327066256123228], [90.45902435001494, 25.3270743157345], [90.45893657113697, 25.327090355382392], [90.45885099492807, 25.32711421429378], [90.45876847209281, 25.32714565699298], [90.45868982369136, 25.32718437005414], [90.45861583035972, 25.327229968597038], [90.45854722691978, 25.327282000347665], [90.45848469698949, 25.32733994726216], [90.45842886040636, 25.327403233647097], [90.45838027322759, 25.32747123103165], [90.45833941695017, 25.32754326303978], [90.45830669940922, 25.32761861351023], [90.45828244399821, 25.32769653461656], [90.45826689326233, 25.327776250927304], [90.45826020081346, 25.327856970773592], [90.45826243312693, 25.32793789193309], [90.45827356864321, 25.328018209749708], [90.45829349686947, 25.328097126065263], [90.45832201837975, 25.328173857338847], [90.45835885110304, 25.328247640330517], [90.4584036285267, 25.328317741032613], [90.45845590598465, 25.32838346441301], [90.45851516245405, 25.328444156038707], [90.4585808104367, 25.328499212630902], [90.45865219775568, 25.32854808856028], [90.45872861384363, 25.328590296658653], [90.45880929962416, 25.328625417150022], [90.45889345379994, 25.328653102522132]], [[90.49779738220585, 25.327550146891827], [90.49781731043213, 25.327629063512486], [90.49784583194237, 25.327705795082743], [90.49788266466565, 25.327779578359696], [90.4979274420893, 25.327849679332825], [90.49797971954726, 25.32791540296735], [90.49803897601666, 25.327976094827704], [90.49810462399931, 25.328031151632782], [90.49817601131832, 25.328080027751135], [90.49825242740627, 25.328122236012696], [90.49833311318677, 25.328157356639863], [90.4984172673626, 25.328185042119017], [90.49850405270388, 25.32820501557612], [90.49859260682796, 25.32821708052022], [90.49868205028416, 25.328221115159376], [90.49877149374038, 25.32821708052022], [90.49886004786445, 25.32820501557612], [90.49894683320575, 25.328185042119017], [90.49903098738153, 25.328157356639863], [90.49911167316208, 25.328122236012696], [90.49918808925003, 25.328080027751135], [90.499259476569, 25.328031151632782], [90.49932512455165, 25.327976094827704], [90.49938438102104, 25.32791540296735], [90.499436658479, 25.327849679332825], [90.49948143590267, 25.327779578359696], [90.49951826862595, 25.327705795082743], [90.49954679013622, 25.327629063512486], [90.49956671836246, 25.327550146891827], [90.49957785387876, 25.327469828764634], [90.49958008619224, 25.32738890729226], [90.49957339374336, 25.32730818713387], [90.49955784300748, 25.32722847051493], [90.49953358759649, 25.327150549107312], [90.49950087005553, 25.327075198345536], [90.49946001377808, 25.327003166058905], [90.49941142659934, 25.326935168411445], [90.49935559001621, 25.32687188178181], [90.49929306008593, 25.326813934643276], [90.49922445664599, 25.326761902691487], [90.49915046331434, 25.326716303972283], [90.49907181491288, 25.32667759076145], [90.49898929207762, 25.326646147940686], [90.49890371586874, 25.326622288937035], [90.49881593699075, 25.326606249227137], [90.49872682770781, 25.326598189584708], [90.4986372728605, 25.326598189584708], [90.4985481635776, 25.326606249227137], [90.49846038469961, 25.326622288937035], [90.4983748084907, 25.326646147940686], [90.49829228565542, 25.32667759076145], [90.49821363725398, 25.326716303972283], [90.49813964392236, 25.326761902691487], [90.49807104048243, 25.326813934643276], [90.49800851055213, 25.32687188178181], [90.49795267396901, 25.326935168411445], [90.49790408679024, 25.327003166058905], [90.49786323051282, 25.327075198345536], [90.49783051297183, 25.327150549107312], [90.49780625756082, 25.32722847051493], [90.49779070682497, 25.32730818713387], [90.49778401437611, 25.32738890729226], [90.49778624668959, 25.327469828764634], [90.49779738220585, 25.327550146891827]], [[90.49503193926493, 25.327497913076705], [90.495120493389, 25.32748584806093], [90.4952072787303, 25.32746587448518], [90.49529143290611, 25.32743818884155], [90.4953721186866, 25.327403068005744], [90.49544853477457, 25.327360859493425], [90.49551992209358, 25.327311983084712], [90.49558557007623, 25.32725692595257], [90.49564482654564, 25.327196233731655], [90.49569710400358, 25.327130509706702], [90.49574188142724, 25.32706040831712], [90.49577871415049, 25.32698662460185], [90.49580723566078, 25.326909892575756], [90.49582716388704, 25.32683097548627], [90.4958382994033, 25.32675065688197], [90.4958405317168, 25.326669734928874], [90.49583383926792, 25.32658901429097], [90.49581828853204, 25.32650929719846], [90.49579403312106, 25.326431375327957], [90.49576131558008, 25.32635602411856], [90.49572045930266, 25.326283991404033], [90.49567187212388, 25.32621599335264], [90.49561603554076, 25.326152706347052], [90.49555350561046, 25.326094758864294], [90.49548490217053, 25.326042726603404], [90.4954109088389, 25.32599712761333], [90.49533226043746, 25.32595841417253], [90.49524973760221, 25.32592697116498], [90.49516416139328, 25.325903112019603], [90.4950763825153, 25.325887072214428], [90.49498727323238, 25.325879012524126], [90.49489771838509, 25.325879012524126], [90.49480860910214, 25.325887072214428], [90.49472083022417, 25.325903112019603], [90.49463525401522, 25.32592697116498], [90.49455273117997, 25.32595841417253], [90.49447408277855, 25.32599712761333], [90.4944000894469, 25.326042726603404], [90.49433148600697, 25.326094758864294], [90.49426895607667, 25.326152706347052], [90.49421311949355, 25.32621599335264], [90.49416453231477, 25.326283991404033], [90.49412367603735, 25.32635602411856], [90.4940909584964, 25.326431375327957], [90.49406670308541, 25.32650929719846], [90.49405115234951, 25.32658901429097], [90.49404445990064, 25.326669734928874], [90.49404669221413, 25.32675065688197], [90.49405782773037, 25.32683097548627], [90.49407775595667, 25.326909892575756], [90.49410627746694, 25.32698662460185], [90.4941431101902, 25.32706040831712], [90.49418788761385, 25.327130509706702], [90.49424016507183, 25.327196233731655], [90.49429942154123, 25.32725692595257], [90.49436506952387, 25.327311983084712], [90.49443645684286, 25.327360859493425], [90.49451287293083, 25.327403068005744], [90.49459355871133, 25.32743818884155], [90.49467771288714, 25.32746587448518], [90.49476449822843, 25.32748584806093], [90.4948530523525, 25.327497913076705], [90.49494249580873, 25.327501947739833], [90.49503193926493, 25.327497913076705]], [[90.51253537631906, 25.32599721449485], [90.51257220904236, 25.32607099881312], [90.51261698646601, 25.326141100775605], [90.51266926392397, 25.326206825337707], [90.51272852039337, 25.326267518054625], [90.51279416837602, 25.32632257563675], [90.51286555569503, 25.3263714524449], [90.51294197178298, 25.326413661302166], [90.51302265756348, 25.326448782425015], [90.5131068117393, 25.32647646829491], [90.51319359708059, 25.32649644203391], [90.51328215120465, 25.326508507148283], [90.51337159466085, 25.326512541844373], [90.51346103811709, 25.326508507148283], [90.51354959224116, 25.32649644203391], [90.51363637758246, 25.32647646829491], [90.51372053175824, 25.326448782425015], [90.51380121753877, 25.326413661302166], [90.51387763362672, 25.3263714524449], [90.5139490209457, 25.32632257563675], [90.51401466892835, 25.326267518054625], [90.51407392539775, 25.326206825337707], [90.5141262028557, 25.326141100775605], [90.51417098027936, 25.32607099881312], [90.51420781300264, 25.32599721449485], [90.51423633451293, 25.325920481841656], [90.51425626273921, 25.32584156410722], [90.51426739825547, 25.32576124484651], [90.51426963056895, 25.32568032223209], [90.51426293812007, 25.32559960093449], [90.51424738738419, 25.325519883190488], [90.51422313197318, 25.32544196068316], [90.51419041443224, 25.325366608857998], [90.51414955815481, 25.325294575554786], [90.51410097097603, 25.32522657694769], [90.51404513439292, 25.3251632894249], [90.51398260446263, 25.325105341468586], [90.51391400102268, 25.32505330878247], [90.51384000769103, 25.32500770941971], [90.51376135928959, 25.32496899566257], [90.51367883645432, 25.324937552398033], [90.51359326024544, 25.324913693057674], [90.51350548136746, 25.324897653121436], [90.51341637208452, 25.32488959336527], [90.5133268172372, 25.32488959336527], [90.51323770795429, 25.324897653121436], [90.51314992907632, 25.324913693057674], [90.51306435286739, 25.324937552398033], [90.51298183003213, 25.32496899566257], [90.51290318163069, 25.32500770941971], [90.51282918829907, 25.32505330878247], [90.51276058485912, 25.325105341468586], [90.51269805492883, 25.3251632894249], [90.5126422183457, 25.32522657694769], [90.51259363116694, 25.325294575554786], [90.51255277488951, 25.325366608857998], [90.51252005734852, 25.32544196068316], [90.51249580193756, 25.325519883190488], [90.51248025120168, 25.32559960093449], [90.5124735587528, 25.32568032223209], [90.5124757910663, 25.32576124484651], [90.51248692658255, 25.32584156410722], [90.51250685480882, 25.325920481841656], [90.51253537631906, 25.32599721449485]], [[90.50825495609253, 25.32598397683475], [90.5083435102166, 25.3259719116681], [90.5084302955579, 25.32595193784256], [90.50851444973372, 25.325924251852722], [90.50859513551421, 25.325889130577718], [90.50867155160218, 25.325846921537565], [90.50874293892119, 25.325798044517654], [90.50880858690384, 25.325742986696987], [90.50886784337324, 25.325682293717126], [90.50892012083119, 25.325616568870267], [90.50896489825485, 25.32554646660406], [90.50900173097813, 25.32547268196611], [90.50903025248837, 25.325395948980482], [90.50905018071465, 25.325317030904134], [90.5090613162309, 25.32523671129544], [90.50906354854439, 25.32515578833043], [90.50905685609551, 25.32507506668311], [90.50904130535963, 25.324995348593763], [90.50901704994867, 25.32491742574885], [90.50898433240768, 25.324842073597196], [90.50894347613026, 25.32477003998191], [90.50889488895147, 25.324702041080215], [90.50883905236836, 25.32463875328324], [90.50877652243807, 25.324580805075865], [90.50870791899813, 25.324528772164335], [90.50863392566652, 25.324483172604065], [90.50855527726506, 25.324444458679157], [90.5084727544298, 25.324413015278427], [90.50838717822089, 25.3243891558347], [90.5082993993429, 25.324373115828948], [90.50821029005998, 25.32436505603786], [90.50812073521269, 25.32436505603786], [90.50803162592973, 25.324373115828948], [90.50794384705176, 25.3243891558347], [90.50785827084286, 25.324413015278427], [90.5077757480076, 25.324444458679157], [90.50769709960615, 25.324483172604065], [90.50762310627451, 25.324528772164335], [90.50755450283457, 25.324580805075865], [90.50749197290428, 25.32463875328324], [90.50743613632115, 25.324702041080215], [90.50738754914241, 25.32477003998191], [90.50734669286496, 25.324842073597196], [90.50731397532401, 25.32491742574885], [90.507289719913, 25.324995348593763], [90.50727416917712, 25.32507506668311], [90.50726747672825, 25.32515578833043], [90.50726970904174, 25.32523671129544], [90.50728084455801, 25.325317030904134], [90.50730077278426, 25.325395948980482], [90.50732929429454, 25.32547268196611], [90.50736612701783, 25.32554646660406], [90.50741090444147, 25.325616568870267], [90.50746318189942, 25.325682293717126], [90.50752243836884, 25.325742986696987], [90.50758808635149, 25.325798044517654], [90.50765947367046, 25.325846921537565], [90.50773588975842, 25.325889130577718], [90.50781657553894, 25.325924251852722], [90.50790072971475, 25.32595193784256], [90.50798751505603, 25.3259719116681], [90.50807606918009, 25.32598397683475], [90.50816551263634, 25.32598801154833], [90.50825495609253, 25.32598397683475]], [[90.46514056555951, 25.32449296273154], [90.46522911968358, 25.324480897416308], [90.46531590502487, 25.324460923344784], [90.46540005920069, 25.32443323701399], [90.46548074498118, 25.32439811530647], [90.46555716106914, 25.3243559057465], [90.46562854838814, 25.32430702812466], [90.46569419637079, 25.324251969625966], [90.4657534528402, 25.32419127589865], [90.46580573029816, 25.3241255502424], [90.46585050772181, 25.32405544711289], [90.46588734044506, 25.323981661566282], [90.46591586195534, 25.323904927635688], [90.46593579018163, 25.323826008587474], [90.46594692569788, 25.323745687989653], [90.46594915801137, 25.3236647640281], [90.46594246556249, 25.323584041386713], [90.4659269148266, 25.32350432231562], [90.46590265941559, 25.32342639851111], [90.46586994187464, 25.323351045431547], [90.46582908559722, 25.323279010929202], [90.46578049841845, 25.32321101119012], [90.46572466183534, 25.323147722613783], [90.46566213190503, 25.323089773692818], [90.4655935284651, 25.32303774014052], [90.46551953513345, 25.32299214001868], [90.46544088673204, 25.322953425617055], [90.46535836389677, 25.322921981829086], [90.46527278768785, 25.322898122091583], [90.46518500880987, 25.322882081888302], [90.46509589952696, 25.32287402199797], [90.46500634467965, 25.32287402199797], [90.4649172353967, 25.322882081888302], [90.46482945651873, 25.322898122091583], [90.4647438803098, 25.322921981829086], [90.46466135747454, 25.322953425617055], [90.46458270907313, 25.32299214001868], [90.46450871574147, 25.32303774014052], [90.46444011230153, 25.323089773692818], [90.46437758237124, 25.323147722613783], [90.46432174578813, 25.32321101119012], [90.46427315860934, 25.323279010929202], [90.46423230233192, 25.323351045431547], [90.46419958479098, 25.32342639851111], [90.46417532937997, 25.32350432231562], [90.46415977864409, 25.323584041386713], [90.46415308619521, 25.3236647640281], [90.46415531850872, 25.323745687989653], [90.46416645402496, 25.323826008587474], [90.46418638225123, 25.323904927635688], [90.46421490376152, 25.323981661566282], [90.46425173648475, 25.32405544711289], [90.46429651390842, 25.3241255502424], [90.4643487913664, 25.32419127589865], [90.46440804783578, 25.324251969625966], [90.46447369581843, 25.32430702812466], [90.46454508313744, 25.3243559057465], [90.46462149922539, 25.32439811530647], [90.46470218500589, 25.32443323701399], [90.4647863391817, 25.324460923344784], [90.46487312452301, 25.324480897416308], [90.46496167864707, 25.32449296273154], [90.4650511221033, 25.324496997494816], [90.46514056555951, 25.32449296273154]], [[90.51431692147875, 25.3228928912024], [90.51433684970502, 25.322971810858796], [90.51436537121529, 25.323048545380722], [90.51440220393856, 25.323122331495952], [90.51444698136221, 25.323192435165733], [90.51449925882017, 25.323258161328518], [90.51455851528956, 25.32331885552358], [90.51462416327222, 25.32337391444655], [90.51469555059123, 25.323422792445093], [90.51477196667918, 25.32346500233033], [90.51485265245968, 25.32350012430857], [90.5149368066355, 25.323527810852703], [90.51502359197679, 25.32354778507815], [90.51511214610086, 25.32355985048637], [90.51520158955707, 25.323563885280738], [90.51529103301328, 25.32355985048637], [90.51537958713737, 25.32354778507815], [90.51546637247866, 25.323527810852703], [90.51555052665448, 25.32350012430857], [90.51563121243498, 25.32346500233033], [90.51570762852293, 25.323422792445093], [90.51577901584194, 25.32337391444655], [90.51584466382455, 25.32331885552358], [90.51590392029395, 25.323258161328518], [90.51595619775195, 25.323192435165733], [90.5160009751756, 25.323122331495952], [90.51603780789885, 25.323048545380722], [90.51606632940913, 25.322971810858796], [90.51608625763541, 25.3228928912024], [90.51609739315167, 25.32281256998555], [90.51609962546515, 25.322731645400356], [90.51609293301627, 25.322650922136894], [90.51607738228039, 25.32257120245148], [90.5160531268694, 25.322493278046455], [90.51602040932843, 25.322417924386176], [90.51597955305101, 25.322345889328698], [90.51593096587224, 25.322277889065614], [90.51587512928911, 25.32221460000157], [90.51581259935882, 25.322156650633975], [90.5157439959189, 25.322104616680726], [90.51567000258724, 25.322059016207483], [90.51559135418583, 25.322020301507525], [90.51550883135056, 25.32198885747725], [90.51542325514164, 25.32196499755583], [90.51533547626366, 25.321948957228944], [90.51524636698072, 25.321940897276537], [90.5151568121334, 25.321940897276537], [90.5150677028505, 25.321948957228944], [90.51497992397252, 25.32196499755583], [90.51489434776359, 25.32198885747725], [90.51481182492833, 25.322020301507525], [90.51473317652689, 25.322059016207483], [90.51465918319526, 25.322104616680726], [90.51459057975532, 25.322156650633975], [90.51452804982503, 25.32221460000157], [90.51447221324192, 25.322277889065614], [90.51442362606315, 25.322345889328698], [90.51438276978573, 25.322417924386176], [90.51435005224474, 25.322493278046455], [90.51432579683377, 25.32257120245148], [90.51431024609788, 25.322650922136894], [90.51430355364901, 25.322731645400356], [90.51430578596249, 25.32281256998555], [90.51431692147875, 25.3228928912024]], [[90.49647121552158, 25.32212314658782], [90.49655976964566, 25.322111081036454], [90.49664655498694, 25.322091106574], [90.49673070916273, 25.322063419701358], [90.49681139494326, 25.32202829730639], [90.49688781103123, 25.321986086920315], [90.4969591983502, 25.32193720834183], [90.49702484633285, 25.321882148765535], [90.49708410280225, 25.321821453850333], [90.4971363802602, 25.321755726907703], [90.49718115768385, 25.321685622406154], [90.49721799040715, 25.321611835415446], [90.49724651191742, 25.321535099983066], [90.49726644014366, 25.321456179390278], [90.49727757565995, 25.32137585722043], [90.49727980797344, 25.32129493167505], [90.49727311552456, 25.32121420745381], [90.49725756478867, 25.32113448682254], [90.49723330937769, 25.321056561492966], [90.49720059183673, 25.32098120693862], [90.49715973555928, 25.32090917102646], [90.49711114838053, 25.320841169956573], [90.49705531179741, 25.320777880141584], [90.4969927818671, 25.320719930086483], [90.4969241784272, 25.32066789551586], [90.49685018509552, 25.32062229450157], [90.49677153669408, 25.32058357934229], [90.49668901385883, 25.320552134938936], [90.49660343764992, 25.320528274734436], [90.49651565877194, 25.320512234217247], [90.496426549489, 25.320504174169184], [90.49633699464171, 25.320504174169184], [90.4962478853588, 25.320512234217247], [90.49616010648081, 25.320528274734436], [90.49607453027188, 25.320552134938936], [90.49599200743661, 25.32058357934229], [90.49591335903517, 25.32062229450157], [90.49583936570355, 25.32066789551586], [90.49577076226363, 25.320719930086483], [90.49570823233333, 25.320777880141584], [90.49565239575021, 25.320841169956573], [90.49560380857143, 25.32090917102646], [90.49556295229401, 25.32098120693862], [90.49553023475303, 25.321056561492966], [90.49550597934203, 25.32113448682254], [90.49549042860617, 25.32121420745381], [90.4954837361573, 25.32129493167505], [90.49548596847079, 25.32137585722043], [90.49549710398703, 25.321456179390278], [90.49551703221331, 25.321535099983066], [90.49554555372356, 25.321611835415446], [90.49558238644686, 25.321685622406154], [90.4956271638705, 25.321755726907703], [90.49567944132845, 25.321821453850333], [90.49573869779786, 25.321882148765535], [90.49580434578051, 25.32193720834183], [90.49587573309951, 25.321986086920315], [90.49595214918747, 25.32202829730639], [90.49603283496798, 25.322063419701358], [90.4961169891438, 25.322091106574], [90.49620377448508, 25.322111081036454], [90.49629232860916, 25.32212314658782], [90.49638177206536, 25.322127181430062], [90.49647121552158, 25.32212314658782]], [[90.3895220055031, 25.321179983706756], [90.38955883822638, 25.321106196407953], [90.38958735973665, 25.321029460655115], [90.3896072879629, 25.320950539732795], [90.38961842347915, 25.32087021722758], [90.38962065579264, 25.320789291344298], [90.38961396334379, 25.320708566785978], [90.38959841260791, 25.32062884582182], [90.38957415719692, 25.320550920166873], [90.38954143965597, 25.32047556529788], [90.3895005833785, 25.320403529084945], [90.38945199619972, 25.320335527731086], [90.38939615961661, 25.320272237651857], [90.38933362968632, 25.32021428735479], [90.38926502624638, 25.320162252566863], [90.38919103291475, 25.32011665136221], [90.38911238451331, 25.320077936041226], [90.38902986167805, 25.320046491506616], [90.38894428546915, 25.320022631202487], [90.38885650659115, 25.320006590618306], [90.38876739730823, 25.319998530536576], [90.38867784246094, 25.319998530536576], [90.38858873317803, 25.320006590618306], [90.38850095430001, 25.320022631202487], [90.38841537809111, 25.320046491506616], [90.38833285525585, 25.320077936041226], [90.3882542068544, 25.32011665136221], [90.38818021352274, 25.320162252566863], [90.38811161008286, 25.32021428735479], [90.38804908015251, 25.320272237651857], [90.38799324356944, 25.320335527731086], [90.38794465639066, 25.320403529084945], [90.38790380011321, 25.32047556529788], [90.38787108257225, 25.320550920166873], [90.38784682716125, 25.32062884582182], [90.38783127642536, 25.320708566785978], [90.38782458397652, 25.320789291344298], [90.38782681628999, 25.32087021722758], [90.38783795180626, 25.320950539732795], [90.38785788003251, 25.321029460655115], [90.38788640154279, 25.321106196407953], [90.38792323426608, 25.321179983706756], [90.38796801168972, 25.321250088501042], [90.38802028914768, 25.321315815718116], [90.38807954561707, 25.321376510886772], [90.38814519359973, 25.32143157069298], [90.38821658091874, 25.32148044947556], [90.38829299700672, 25.321522660037896], [90.38837368278719, 25.32155778257949], [90.38845783696301, 25.32158546956778], [90.38854462230428, 25.321605444113636], [90.38863317642839, 25.3216175097154], [90.38872261988459, 25.321621544574484], [90.38881206334078, 25.3216175097154], [90.38890061746486, 25.321605444113636], [90.38898740280615, 25.32158546956778], [90.38907155698197, 25.32155778257949], [90.38915224276245, 25.321522660037896], [90.38922865885041, 25.32148044947556], [90.38930004616942, 25.32143157069298], [90.38936569415208, 25.321376510886772], [90.38942495062149, 25.321315815718116], [90.38947722807944, 25.321250088501042], [90.3895220055031, 25.321179983706756]], [[90.45597720438411, 25.32001510299296], [90.45604285236676, 25.32007016341817], [90.45611423968573, 25.320119042750257], [90.4561906557737, 25.32016125378715], [90.45627134155423, 25.320196376723636], [90.45635549573001, 25.320224064023165], [90.4564422810713, 25.320244038793582], [90.45653083519538, 25.320256104530987], [90.4566202786516, 25.32026013943544], [90.45670972210782, 25.320256104530987], [90.45679827623188, 25.320244038793582], [90.45688506157316, 25.320224064023165], [90.45696921574898, 25.320196376723636], [90.45704990152949, 25.32016125378715], [90.45712631761745, 25.320119042750257], [90.45719770493645, 25.32007016341817], [90.4572633529191, 25.32001510299296], [90.4573226093885, 25.31995440714195], [90.45737488684645, 25.319888679185958], [90.4574196642701, 25.319818573603527], [90.4574564969934, 25.319744785475173], [90.45748501850365, 25.319668048859693], [90.45750494672993, 25.31958912705011], [90.45751608224617, 25.319508803641888], [90.45751831455966, 25.319427876848827], [90.45751162211079, 25.319347151382996], [90.45749607137489, 25.319267429522604], [90.45747181596394, 25.31918950299162], [90.45743909842295, 25.31911414727548], [90.45739824214553, 25.319042110252713], [90.45734965496675, 25.31897410813441], [90.45729381838363, 25.318910817343653], [90.45723128845334, 25.31885286639511], [90.45716268501342, 25.318800831022262], [90.45708869168179, 25.31875522930493], [90.45701004328035, 25.318716513548758], [90.45692752044509, 25.318685068660614], [90.45684194423615, 25.318661208088248], [90.45675416535818, 25.318645167323755], [90.45666505607527, 25.318637107151442], [90.45657550122795, 25.318637107151442], [90.45648639194502, 25.318645167323755], [90.45639861306704, 25.318661208088248], [90.45631303685813, 25.318685068660614], [90.45623051402288, 25.318716513548758], [90.45615186562144, 25.31875522930493], [90.45607787228978, 25.318800831022262], [90.45600926884985, 25.31885286639511], [90.45594673891955, 25.318910817343653], [90.45589090233644, 25.31897410813441], [90.45584231515765, 25.319042110252713], [90.45580145888023, 25.31911414727548], [90.45576874133927, 25.31918950299162], [90.45574448592828, 25.319267429522604], [90.4557289351924, 25.319347151382996], [90.45572224274352, 25.319427876848827], [90.45572447505701, 25.319508803641888], [90.45573561057326, 25.31958912705011], [90.45575553879954, 25.319668048859693], [90.45578406030981, 25.319744785475173], [90.4558208930331, 25.319818573603527], [90.45586567045672, 25.319888679185958], [90.45591794791471, 25.31995440714195], [90.45597720438411, 25.32001510299296]], [[90.4756411346123, 25.31869361685728], [90.47559254743356, 25.31876161913311], [90.47555169115611, 25.31883365632273], [90.47551897361517, 25.318909012213382], [90.47549471820416, 25.31898693892487], [90.47547916746827, 25.319066660969895], [90.47547247501939, 25.319147386622692], [90.47547470733288, 25.31922831360319], [90.47548584284917, 25.319308637197427], [90.47550577107542, 25.319387559189803], [90.47553429258569, 25.31946429598305], [90.47557112530899, 25.319538084282303], [90.47561590273263, 25.31960819002709], [90.47566818019058, 25.319673918135344], [90.47572743665998, 25.319734614126922], [90.47579308464263, 25.31978967467966], [90.47586447196161, 25.319838554124964], [90.47594088804958, 25.319880765259608], [90.4760215738301, 25.31991588827742], [90.47610572800589, 25.319943575641105], [90.47619251334719, 25.319963550457793], [90.47628106747129, 25.31997561622315], [90.4763705109275, 25.31997965113694], [90.47645995438369, 25.31997561622315], [90.47654850850775, 25.319963550457793], [90.47663529384906, 25.319943575641105], [90.47671944802487, 25.31991588827742], [90.47680013380537, 25.319880765259608], [90.47687654989332, 25.319838554124964], [90.47694793721233, 25.31978967467966], [90.47701358519498, 25.319734614126922], [90.4770728416644, 25.319673918135344], [90.47712511912233, 25.31960819002709], [90.477169896546, 25.319538084282303], [90.47720672926928, 25.31946429598305], [90.47723525077953, 25.319387559189803], [90.4772551790058, 25.319308637197427], [90.47726631452205, 25.31922831360319], [90.47726854683555, 25.319147386622692], [90.47726185438667, 25.319066660969895], [90.4772463036508, 25.31898693892487], [90.47722204823982, 25.318909012213382], [90.47718933069883, 25.31883365632273], [90.47714847442141, 25.31876161913311], [90.47709988724263, 25.31869361685728], [90.47704405065952, 25.318630325919965], [90.47698152072923, 25.318572374837217], [90.47691291728928, 25.318520339343813], [90.47683892395766, 25.318474737520898], [90.47676027555622, 25.318436021675023], [90.47667775272096, 25.31840457671409], [90.47659217651203, 25.318380716086462], [90.47650439763406, 25.31836467528482], [90.47641528835113, 25.318356615093794], [90.47632573350384, 25.318356615093794], [90.47623662422089, 25.31836467528482], [90.47614884534292, 25.318380716086462], [90.47606326913402, 25.31840457671409], [90.47598074629876, 25.318436021675023], [90.4759020978973, 25.318474737520898], [90.47582810456565, 25.318520339343813], [90.47575950112572, 25.318572374837217], [90.47569697119542, 25.318630325919965], [90.4756411346123, 25.31869361685728]], [[90.44799418188133, 25.318614130866383], [90.44803895930498, 25.318544024546117], [90.44807579202828, 25.31847023564122], [90.44810431353851, 25.31839349821811], [90.4481242417648, 25.318314575577936], [90.44813537728105, 25.318234251324355], [90.44813760959454, 25.318153323679592], [90.44813091714566, 25.318072597364235], [90.44811536640977, 25.317992874664817], [90.4480911109988, 25.317914947313707], [90.44805839345781, 25.317839590804514], [90.44801753718039, 25.317767553023653], [90.44796895000162, 25.317699550189666], [90.44791311341851, 25.317636258732875], [90.4478505834882, 25.317578307174454], [90.44778198004828, 25.31752627125394], [90.44770798671667, 25.31748066905671], [90.44762933831521, 25.317441952893088], [90.44754681547994, 25.317410507674023], [90.44746123927102, 25.317386646850558], [90.44737346039304, 25.317370605917255], [90.44728435111013, 25.3173625456601], [90.44719479626282, 25.3173625456601], [90.44710568697987, 25.317370605917255], [90.4470179081019, 25.317386646850558], [90.44693233189301, 25.317410507674023], [90.44684980905775, 25.317441952893088], [90.44677116065631, 25.31748066905671], [90.44669716732464, 25.31752627125394], [90.4466285638847, 25.317578307174454], [90.44656603395443, 25.317636258732875], [90.44651019737131, 25.317699550189666], [90.44646161019256, 25.317767553023653], [90.4464207539151, 25.317839590804514], [90.44638803637415, 25.317914947313707], [90.44636378096315, 25.317992874664817], [90.44634823022727, 25.318072597364235], [90.4463415377784, 25.318153323679592], [90.44634377009189, 25.318234251324355], [90.44635490560816, 25.318314575577936], [90.4463748338344, 25.31839349821811], [90.44640335534469, 25.31847023564122], [90.44644018806797, 25.318544024546117], [90.44648496549162, 25.318614130866383], [90.44653724294957, 25.31867985951415], [90.44659649941899, 25.318740556003927], [90.44666214740164, 25.318795617008583], [90.44673353472061, 25.318844496855146], [90.44680995080856, 25.318886708336283], [90.4468906365891, 25.318921831642392], [90.44697479076488, 25.318949519233307], [90.44706157610618, 25.318969494214], [90.44715013023024, 25.318981560078385], [90.44723957368647, 25.31898559502529], [90.44732901714268, 25.318981560078385], [90.44741757126675, 25.318969494214], [90.44750435660804, 25.318949519233307], [90.44758851078386, 25.318921831642392], [90.44766919656436, 25.318886708336283], [90.44774561265233, 25.318844496855146], [90.44781699997132, 25.318795617008583], [90.44788264795397, 25.318740556003927], [90.44794190442337, 25.31867985951415], [90.44799418188133, 25.318614130866383]], [[90.41381706722794, 25.31878087225426], [90.413905621352, 25.318768806369874], [90.41399240669328, 25.31874883135613], [90.4140765608691, 25.318721143719326], [90.41415724664961, 25.31868602035499], [90.41423366273757, 25.318643808803902], [90.41430505005657, 25.31859492887638], [90.41437069803922, 25.318539867780455], [90.41442995450862, 25.318479171190106], [90.41448223196657, 25.3184134424334], [90.41452700939023, 25.318343335996992], [90.4145638421135, 25.318269546969788], [90.41459236362377, 25.318192809419543], [90.41461229185005, 25.318113886648593], [90.4146234273663, 25.318033562261913], [90.41462565967979, 25.31795263448306], [90.41461896723091, 25.31787190803389], [90.41460341649503, 25.3177921852024], [90.41457916108406, 25.317714257722148], [90.41454644354307, 25.3176389010881], [90.41450558726565, 25.317566863187828], [90.41445700008688, 25.31749886024121], [90.41440116350375, 25.3174355686795], [90.41433863357346, 25.317377617025038], [90.41427003013352, 25.317325581018345], [90.41419603680191, 25.317279978745546], [90.41411738840046, 25.317241262517776], [90.4140348655652, 25.3172098172466], [90.41394928935627, 25.317185956383597], [90.4138615104783, 25.3171699154237], [90.41377240119539, 25.317161855153216], [90.41368284634807, 25.317161855153216], [90.41359373706513, 25.3171699154237], [90.41350595818714, 25.317185956383597], [90.41342038197826, 25.3172098172466], [90.413337859143, 25.317241262517776], [90.41325921074156, 25.317279978745546], [90.4131852174099, 25.317325581018345], [90.41311661396996, 25.317377617025038], [90.41305408403967, 25.3174355686795], [90.41299824745656, 25.31749886024121], [90.41294966027777, 25.317566863187828], [90.41290880400035, 25.3176389010881], [90.41287608645939, 25.317714257722148], [90.4128518310484, 25.3177921852024], [90.41283628031252, 25.31787190803389], [90.41282958786364, 25.31795263448306], [90.41283182017713, 25.318033562261913], [90.41284295569338, 25.318113886648593], [90.41286288391966, 25.318192809419543], [90.41289140542995, 25.318269546969788], [90.41292823815319, 25.318343335996992], [90.41297301557684, 25.3184134424334], [90.41302529303483, 25.318479171190106], [90.41308454950423, 25.318539867780455], [90.41315019748684, 25.31859492887638], [90.41322158480585, 25.318643808803902], [90.41329800089382, 25.31868602035499], [90.4133786866743, 25.318721143719326], [90.41346284085013, 25.31874883135613], [90.41354962619143, 25.318768806369874], [90.4136381803155, 25.31878087225426], [90.41372762377173, 25.31878490720786], [90.41381706722794, 25.31878087225426]], [[90.42835646988298, 25.31719801349329], [90.42843288597093, 25.317240225548275], [90.42851357175144, 25.31727534933189], [90.42859772592726, 25.317303037299254], [90.42868451126856, 25.31732301255145], [90.42877306539263, 25.317335078579877], [90.42886250884882, 25.317339113581642], [90.42895195230507, 25.317335078579877], [90.42904050642913, 25.31732301255145], [90.42912729177041, 25.317303037299254], [90.42921144594624, 25.31727534933189], [90.42929213172674, 25.317240225548275], [90.42936854781469, 25.31719801349329], [90.4294399351337, 25.317149132982248], [90.42950558311631, 25.317094071229004], [90.42956483958572, 25.31703337391406], [90.4296171170437, 25.316967644372752], [90.42966189446736, 25.316897537099425], [90.42969872719063, 25.31682374719136], [90.4297272487009, 25.316747008725038], [90.42974717692717, 25.316668085011948], [90.42975831244343, 25.31658775966642], [90.4297605447569, 25.31650683092149], [90.42975385230804, 25.316426103508665], [90.42973830157214, 25.316346379725488], [90.42971404616115, 25.316268451314986], [90.42968132862019, 25.31619309378139], [90.42964047234277, 25.316121055021185], [90.429591885164, 25.31605305126275], [90.42953604858089, 25.315989758945555], [90.4294735186506, 25.315931806599323], [90.42940491521065, 25.315879769971428], [90.429330921879, 25.31583416715427], [90.42925227347759, 25.31579545046433], [90.42916975064233, 25.315764004817837], [90.4290841744334, 25.315740143669995], [90.42899639555543, 25.31572410251862], [90.42890728627248, 25.315716042151873], [90.42881773142517, 25.315716042151873], [90.42872862214226, 25.31572410251862], [90.42864084326428, 25.315740143669995], [90.42855526705536, 25.315764004817837], [90.4284727442201, 25.31579545046433], [90.42839409581869, 25.31583416715427], [90.42832010248704, 25.315879769971428], [90.4282514990471, 25.315931806599323], [90.4281889691168, 25.315989758945555], [90.42813313253369, 25.31605305126275], [90.4280845453549, 25.316121055021185], [90.42804368907748, 25.31619309378139], [90.4280109715365, 25.316268451314986], [90.42798671612553, 25.316346379725488], [90.42797116538965, 25.316426103508665], [90.42796447294077, 25.31650683092149], [90.42796670525425, 25.31658775966642], [90.42797784077051, 25.316668085011948], [90.42799776899679, 25.316747008725038], [90.42802629050706, 25.31682374719136], [90.42806312323032, 25.316897537099425], [90.42810790065397, 25.316967644372752], [90.42816017811192, 25.31703337391406], [90.42821943458132, 25.317094071229004], [90.42828508256397, 25.317149132982248], [90.42835646988298, 25.31719801349329]], [[90.5057540786809, 25.316771185557588], [90.50579091140418, 25.316844975497677], [90.50583568882783, 25.316915082801458], [90.50588796628578, 25.316980812371305], [90.50594722275518, 25.317041509712595], [90.50601287073783, 25.31709657148968], [90.50608425805684, 25.31714545202193], [90.5061606741448, 25.31718766409525], [90.5062413599253, 25.317222787894128], [90.50632551410112, 25.31725047587348], [90.5064122994424, 25.317270451134352], [90.50650085356648, 25.317282517168017], [90.50659029702268, 25.317286552171538], [90.50667974047889, 25.317282517168017], [90.50676829460299, 25.317270451134352], [90.50685507994424, 25.31725047587348], [90.50693923412005, 25.317222787894128], [90.5070199199006, 25.31718766409525], [90.50709633598855, 25.31714545202193], [90.50716772330752, 25.31709657148968], [90.50723337129017, 25.317041509712595], [90.50729262775958, 25.316980812371305], [90.50734490521752, 25.316915082801458], [90.50738968264119, 25.316844975497677], [90.50742651536447, 25.316771185557588], [90.50745503687476, 25.316694447057998], [90.507474965101, 25.316615523310645], [90.50748610061729, 25.316535197930236], [90.50748833293073, 25.316454269150178], [90.50748164048188, 25.316373541702326], [90.507466089746, 25.31629381788455], [90.50744183433501, 25.316215889440244], [90.50740911679405, 25.316140531873923], [90.5073682605166, 25.31606849308246], [90.50731967333786, 25.31600048929456], [90.50726383675473, 25.315937196949886], [90.50720130682446, 25.315879244578475], [90.50713270338451, 25.31582720792804], [90.50705871005286, 25.315781605091086], [90.5069800616514, 25.31574288838435], [90.50689753881615, 25.31571144272417], [90.50681196260726, 25.315687581565985], [90.50672418372925, 25.31567154040765], [90.50663507444634, 25.315663480037433], [90.50654551959903, 25.315663480037433], [90.50645641031612, 25.31567154040765], [90.50636863143814, 25.315687581565985], [90.50628305522922, 25.31571144272417], [90.50620053239396, 25.31574288838435], [90.5061218839925, 25.315781605091086], [90.5060478906609, 25.31582720792804], [90.50597928722095, 25.315879244578475], [90.50591675729065, 25.315937196949886], [90.50586092070753, 25.31600048929456], [90.50581233352877, 25.31606849308246], [90.5057714772513, 25.316140531873923], [90.50573875971035, 25.316215889440244], [90.50571450429935, 25.31629381788455], [90.5056989535635, 25.316373541702326], [90.50569226111463, 25.316454269150178], [90.50569449342811, 25.316535197930236], [90.50570562894437, 25.316615523310645], [90.50572555717065, 25.316694447057998], [90.5057540786809, 25.316771185557588]], [[90.46834432527363, 25.316739107586038], [90.46843287939771, 25.316727041498247], [90.46851966473899, 25.31670706614771], [90.46860381891479, 25.31667937804414], [90.4686845046953, 25.31664425408771], [90.46876092078327, 25.316602041824996], [90.46883230810225, 25.316553161073415], [90.4688979560849, 25.316498099049277], [90.4689572125543, 25.316437401435653], [90.46900949001225, 25.316371671570906], [90.46905426743591, 25.316301563952592], [90.46909110015919, 25.316227773681472], [90.46911962166948, 25.316151034837556], [90.46913954989576, 25.31607211073612], [90.469150685412, 25.315991784995322], [90.4691529177255, 25.315910855852177], [90.46914622527662, 25.315830128042162], [90.46913067454072, 25.315750403866673], [90.46910641912973, 25.315672475072738], [90.46907370158878, 25.315597117168373], [90.46903284531136, 25.315525078053703], [90.46898425813258, 25.315457073960673], [90.46892842154946, 25.31539378133205], [90.46886589161916, 25.315335828700675], [90.46879728817923, 25.315283791816736], [90.46872329484758, 25.315238188775197], [90.46864464644614, 25.315199471894765], [90.46856212361087, 25.315168026093506], [90.46847654740198, 25.315144164828265], [90.468388768524, 25.315128123597997], [90.46829965924105, 25.315120063191586], [90.46821010439375, 25.315120063191586], [90.46812099511084, 25.315128123597997], [90.46803321623287, 25.315144164828265], [90.46794764002392, 25.315168026093506], [90.46786511718867, 25.315199471894765], [90.46778646878722, 25.315238188775197], [90.4677124754556, 25.315283791816736], [90.46764387201567, 25.315335828700675], [90.46758134208538, 25.31539378133205], [90.46752550550225, 25.315457073960673], [90.46747691832347, 25.315525078053703], [90.46743606204605, 25.315597117168373], [90.46740334450507, 25.315672475072738], [90.46737908909411, 25.315750403866673], [90.46736353835821, 25.315830128042162], [90.46735684590934, 25.315910855852177], [90.46735907822284, 25.315991784995322], [90.46737021373909, 25.31607211073612], [90.46739014196537, 25.316151034837556], [90.4674186634756, 25.316227773681472], [90.46745549619891, 25.316301563952592], [90.46750027362255, 25.316371671570906], [90.4675525510805, 25.316437401435653], [90.46761180754991, 25.316498099049277], [90.46767745553257, 25.316553161073415], [90.46774884285156, 25.316602041824996], [90.46782525893953, 25.31664425408771], [90.46790594472002, 25.31667937804414], [90.46799009889585, 25.31670706614771], [90.46807688423714, 25.316727041498247], [90.4681654383612, 25.316739107586038], [90.4682548818174, 25.31674314260766], [90.46834432527363, 25.316739107586038]], [[90.45827884714382, 25.315885200926544], [90.45836740126792, 25.31587313475367], [90.45845418660916, 25.31585315926235], [90.45853834078498, 25.31582547096358], [90.45861902656553, 25.315790346759474], [90.45869544265348, 25.315748134199175], [90.45876682997245, 25.315699253103], [90.4588324779551, 25.315644190690644], [90.4588917344245, 25.31558349264912], [90.45894401188245, 25.31551776232098], [90.4589887893061, 25.315447654208434], [90.4590256220294, 25.315373863417065], [90.45905414353967, 25.315297124032174], [90.45907407176593, 25.31521819937433], [90.45908520728221, 25.315137873067243], [90.45908743959566, 25.315056943353568], [90.45908074714681, 25.3149762149744], [90.45906519641093, 25.314896490236904], [90.45904094099994, 25.31481856089359], [90.45900822345898, 25.314743202457933], [90.45896736718153, 25.314671162835417], [90.45891878000276, 25.314603158262987], [90.45886294341966, 25.31453986518815], [90.45880041348937, 25.31448191214822], [90.45873181004944, 25.314429874897474], [90.45865781671779, 25.314384271534433], [90.45857916831633, 25.31434555438107], [90.45849664548108, 25.314314108358126], [90.45841106927219, 25.31429024692467], [90.45832329039418, 25.31427420558129], [90.45823418111127, 25.3142661451181], [90.45814462626396, 25.3142661451181], [90.45805551698105, 25.31427420558129], [90.45796773810306, 25.31429024692467], [90.45788216189415, 25.314314108358126], [90.45779963905888, 25.31434555438107], [90.45772099065744, 25.314384271534433], [90.45764699732581, 25.314429874897474], [90.45757839388587, 25.31448191214822], [90.45751586395558, 25.31453986518815], [90.45746002737246, 25.314603158262987], [90.4574114401937, 25.314671162835417], [90.45737058391623, 25.314743202457933], [90.45733786637528, 25.31481856089359], [90.45731361096428, 25.314896490236904], [90.45729806022842, 25.3149762149744], [90.45729136777956, 25.315056943353568], [90.45729360009304, 25.315137873067243], [90.4573047356093, 25.31521819937433], [90.45732466383554, 25.315297124032174], [90.45735318534582, 25.315373863417065], [90.4573900180691, 25.315447654208434], [90.45743479549276, 25.31551776232098], [90.45748707295071, 25.31558349264912], [90.45754632942011, 25.315644190690644], [90.45761197740276, 25.315699253103], [90.45768336472177, 25.315748134199175], [90.45775978080972, 25.315790346759474], [90.45784046659023, 25.31582547096358], [90.45792462076605, 25.31585315926235], [90.45801140610733, 25.31587313475367], [90.45809996023141, 25.315885200926544], [90.45818940368761, 25.315889235976606], [90.45827884714382, 25.315885200926544]], [[90.40319985013882, 25.31503051517503], [90.4032884042629, 25.315018448917034], [90.40337518960419, 25.31499847328475], [90.40345934378001, 25.314970784790606], [90.4035400295605, 25.314935660338673], [90.40361644564847, 25.314893447480507], [90.40368783296748, 25.31484456603942], [90.40375348095013, 25.314789503238565], [90.40381273741953, 25.314728804768738], [90.40386501487748, 25.314663073976796], [90.40390979230114, 25.31459296536953], [90.40394662502442, 25.31451917405752], [90.40397514653468, 25.31444243413112], [90.40399507476094, 25.314363508916372], [90.40400621027719, 25.314283182042498], [90.40400844259068, 25.314202251757788], [90.4040017501418, 25.314121522808993], [90.40398619940592, 25.31404179750896], [90.40396194399496, 25.313963867615787], [90.40392922645397, 25.313888508648407], [90.40388837017655, 25.313816468517615], [90.40383978299776, 25.313748463465327], [90.40378394641465, 25.313685169943927], [90.40372141648436, 25.313627216495057], [90.40365281304443, 25.313575178877148], [90.4035788197128, 25.313529575192348], [90.40350017131136, 25.31349085776579], [90.40341764847611, 25.31345941152097], [90.40333207226718, 25.313435549919163], [90.40324429338919, 25.313419508462577], [90.40315518410628, 25.31341144794252], [90.40306562925898, 25.31341144794252], [90.40297651997604, 25.313419508462577], [90.40288874109805, 25.313435549919163], [90.40280316488915, 25.31345941152097], [90.4027206420539, 25.31349085776579], [90.40264199365245, 25.313529575192348], [90.40256800032078, 25.313575178877148], [90.40249939688087, 25.313627216495057], [90.40243686695057, 25.313685169943927], [90.40238103036745, 25.313748463465327], [90.4023324431887, 25.313816468517615], [90.40229158691125, 25.313888508648407], [90.4022588693703, 25.313963867615787], [90.40223461395931, 25.31404179750896], [90.40221906322341, 25.314121522808993], [90.40221237077454, 25.314202251757788], [90.40221460308803, 25.314283182042498], [90.40222573860432, 25.314363508916372], [90.40224566683057, 25.31444243413112], [90.40227418834083, 25.31451917405752], [90.40231102106412, 25.31459296536953], [90.40235579848778, 25.314663073976796], [90.40240807594573, 25.314728804768738], [90.40246733241513, 25.314789503238565], [90.40253298039778, 25.31484456603942], [90.40260436771675, 25.314893447480507], [90.40268078380471, 25.314935660338673], [90.40276146958524, 25.314970784790606], [90.40284562376104, 25.31499847328475], [90.40293240910232, 25.315018448917034], [90.4030209632264, 25.31503051517503], [90.40311040668263, 25.315034550253614], [90.40319985013882, 25.31503051517503]], [[90.48120686883895, 25.31344862491467], [90.48127825615796, 25.31349750691907], [90.48135467224593, 25.31353972026371], [90.48143535802642, 25.31357484512039], [90.48151951220224, 25.313602533933654], [90.48160629754354, 25.313622509796136], [90.48169485166761, 25.3136345761932], [90.4817842951238, 25.313638611318233], [90.48187373858, 25.3136345761932], [90.48196229270411, 25.313622509796136], [90.48204907804536, 25.313602533933654], [90.48213323222119, 25.31357484512039], [90.48221391800172, 25.31353972026371], [90.48229033408968, 25.31349750691907], [90.48236172140865, 25.31344862491467], [90.4824273693913, 25.31339356147923], [90.4824866258607, 25.31333286230991], [90.48253890331866, 25.313267130760487], [90.48258368074231, 25.31319702134531], [90.4826205134656, 25.313123229182906], [90.48264903497586, 25.313046488372148], [90.48266896320212, 25.312967562247902], [90.4826800987184, 25.312887234448347], [90.48268233103187, 25.31280630323101], [90.48267563858302, 25.312725573351916], [90.48266008784712, 25.312645847133147], [90.48263583243613, 25.312567916341926], [90.48260311489518, 25.312492556506115], [90.48256225861773, 25.31242051554512], [90.48251367143898, 25.312352509709182], [90.48245783485586, 25.312289215458403], [90.48239530492556, 25.312231261341733], [90.48232670148565, 25.312179223124136], [90.48225270815398, 25.312133618913844], [90.48217405975254, 25.312094901041128], [90.48209153691728, 25.31206345443393], [90.48200596070838, 25.312039592557145], [90.48191818183037, 25.312023550915708], [90.48182907254746, 25.312015490302738], [90.48173951770016, 25.312015490302738], [90.48165040841724, 25.312023550915708], [90.48156262953925, 25.312039592557145], [90.48147705333034, 25.31206345443393], [90.48139453049507, 25.312094901041128], [90.48131588209363, 25.312133618913844], [90.481241888762, 25.312179223124136], [90.48117328532207, 25.312231261341733], [90.48111075539178, 25.312289215458403], [90.48105491880867, 25.312352509709182], [90.48100633162989, 25.31242051554512], [90.48096547535242, 25.312492556506115], [90.48093275781147, 25.312567916341926], [90.48090850240048, 25.312645847133147], [90.48089295166463, 25.312725573351916], [90.48088625921575, 25.31280630323101], [90.48088849152924, 25.312887234448347], [90.48089962704549, 25.312967562247902], [90.48091955527174, 25.313046488372148], [90.48094807678201, 25.313123229182906], [90.4809849095053, 25.31319702134531], [90.48102968692895, 25.313267130760487], [90.4810819643869, 25.31333286230991], [90.4811412208563, 25.31339356147923], [90.48120686883895, 25.31344862491467]], [[90.35307314671759, 25.314904156001237], [90.35299449831614, 25.314865439014028], [90.35291197548088, 25.314833993126065], [90.35282639927196, 25.314810131795014], [90.35273862039398, 25.31479409052051], [90.35264951111105, 25.314786030091874], [90.35255995626376, 25.314786030091874], [90.35247084698081, 25.31479409052051], [90.35238306810284, 25.314810131795014], [90.3522974918939, 25.314833993126065], [90.35221496905864, 25.314865439014028], [90.35213632065724, 25.314904156001237], [90.35206232732557, 25.31494975916855], [90.35199372388564, 25.315001796195983], [90.35193119395535, 25.315059748987174], [90.35187535737224, 25.315123041790343], [90.35182677019345, 25.315191046070915], [90.35178591391603, 25.31526308538424], [90.35175319637509, 25.315338443496422], [90.3517289409641, 25.31541637250526], [90.3517133902282, 25.315496096900617], [90.35170669777932, 25.31557682493328], [90.35170893009281, 25.315657754299604], [90.35172006560906, 25.31573808026189], [90.35173999383534, 25.315817004580992], [90.35176851534561, 25.315893743636543], [90.35180534806888, 25.31596753411119], [90.35185012549253, 25.316037641922822], [90.3519024029505, 25.316103371968847], [90.35196165941991, 25.316164069749842], [90.35202730740254, 25.316219131925873], [90.35209869472153, 25.31626801281223], [90.3521751108095, 25.316310225191355], [90.35225579659, 25.316345349244653], [90.35233995076582, 25.31637303742462], [90.3524267361071, 25.316393012830208], [90.35251529023117, 25.316405078951277], [90.35260473368741, 25.316409113984033], [90.3526941771436, 25.316405078951277], [90.35278273126768, 25.316393012830208], [90.35286951660898, 25.31637303742462], [90.3529536707848, 25.316345349244653], [90.35303435656529, 25.316310225191355], [90.35311077265325, 25.31626801281223], [90.35318215997226, 25.316219131925873], [90.35324780795492, 25.316164069749842], [90.35330706442431, 25.316103371968847], [90.35335934188227, 25.316037641922822], [90.35340411930592, 25.31596753411119], [90.35344095202916, 25.315893743636543], [90.35346947353945, 25.315817004580992], [90.35348940176573, 25.31573808026189], [90.35350053728197, 25.315657754299604], [90.35350276959547, 25.31557682493328], [90.35349607714659, 25.315496096900617], [90.3534805264107, 25.31541637250526], [90.35345627099974, 25.315338443496422], [90.35342355345875, 25.31526308538424], [90.35338269718133, 25.315191046070915], [90.35333411000255, 25.315123041790343], [90.35327827341943, 25.315059748987174], [90.35321574348914, 25.315001796195983], [90.3531471400492, 25.31494975916855], [90.35307314671759, 25.314904156001237]], [[90.36575820025077, 25.314937939766004], [90.36567042137277, 25.314953981021503], [90.36558484516387, 25.314977842324197], [90.36550232232861, 25.315009288174817], [90.36542367392715, 25.315048005116065], [90.36534968059554, 25.315093608229176], [90.3652810771556, 25.31514564519482], [90.36521854722531, 25.315203597917186], [90.3651627106422, 25.31526689064519], [90.36511412346341, 25.315334894845], [90.36507326718595, 25.315406934072783], [90.365040549645, 25.3154822920955], [90.36501629423401, 25.315560221011786], [90.36500074349811, 25.315639945312423], [90.36499405104928, 25.31572067324923], [90.36499628336277, 25.315801602519432], [90.36500741887902, 25.31588192838633], [90.36502734710525, 25.315960852611695], [90.36505586861554, 25.316037591576105], [90.36509270133882, 25.31611138196311], [90.36513747876248, 25.316181489691484], [90.36518975622043, 25.316247219659445], [90.36524901268983, 25.31630791736836], [90.36531466067248, 25.316362979478995], [90.36538604799149, 25.316411860307305], [90.36546246407944, 25.316454072636287], [90.36554314985995, 25.316489196647883], [90.36562730403577, 25.31651688479496], [90.36571408937706, 25.31653686017682], [90.36580264350114, 25.316548926283566], [90.36589208695733, 25.316552961311515], [90.36598153041353, 25.316548926283566], [90.36607008453764, 25.31653686017682], [90.36615686987889, 25.31651688479496], [90.36624102405472, 25.316489196647883], [90.3663217098352, 25.316454072636287], [90.36639812592317, 25.316411860307305], [90.36646951324218, 25.316362979478995], [90.36653516122483, 25.31630791736836], [90.36659441769423, 25.316247219659445], [90.36664669515218, 25.316181489691484], [90.36669147257584, 25.31611138196311], [90.36672830529913, 25.316037591576105], [90.36675682680941, 25.315960852611695], [90.36677675503564, 25.31588192838633], [90.36678789055193, 25.315801602519432], [90.3667901228654, 25.31572067324923], [90.36678343041655, 25.315639945312423], [90.36676787968065, 25.315560221011786], [90.36674362426966, 25.3154822920955], [90.3667109067287, 25.315406934072783], [90.36667005045126, 25.315334894845], [90.36662146327248, 25.31526689064519], [90.3665656266894, 25.315203597917186], [90.36650309675906, 25.31514564519482], [90.36643449331916, 25.315093608229176], [90.36636049998751, 25.315048005116065], [90.36628185158607, 25.315009288174817], [90.36619932875081, 25.314977842324197], [90.3661137525419, 25.314953981021503], [90.3660259736639, 25.314937939766004], [90.36593686438098, 25.314929879346963], [90.36584730953369, 25.314929879346963], [90.36575820025077, 25.314937939766004]], [[90.37497655898278, 25.318734143437897], [90.37492797180401, 25.31866614114665], [90.3748721352209, 25.318602850194985], [90.3748096052906, 25.318544899099066], [90.37474100185067, 25.31849286359387], [90.37466700851904, 25.3184472617606], [90.3745883601176, 25.318408545905946], [90.37450583728233, 25.318377100937877], [90.37442026107345, 25.31835324030484], [90.37433248219543, 25.318337199499545], [90.37424337291252, 25.318329139306716], [90.37415381806521, 25.318329139306716], [90.3740647087823, 25.318337199499545], [90.37397692990429, 25.31835324030484], [90.3738913536954, 25.318377100937877], [90.37380883086014, 25.318408545905946], [90.37373018245869, 25.3184472617606], [90.37365618912703, 25.31849286359387], [90.37358758568713, 25.318544899099066], [90.37352505575682, 25.318602850194985], [90.37346921917371, 25.31866614114665], [90.37342063199495, 25.318734143437897], [90.3733797757175, 25.318806180643854], [90.37334705817653, 25.318881536551615], [90.37332280276554, 25.318959463280788], [90.37330725202966, 25.319039185343893], [90.37330055958081, 25.319119911014997], [90.37330279189426, 25.319200838013863], [90.37331392741056, 25.319281161626357], [90.3733338556368, 25.319360083636596], [90.37336237714707, 25.319436820447244], [90.37339920987037, 25.319510608763252], [90.37344398729402, 25.319580714523944], [90.37349626475198, 25.31964644264711], [90.37355552122138, 25.319707138652465], [90.37362116920403, 25.319762199217685], [90.37369255652303, 25.319811078674093], [90.37376897261099, 25.31985328981832], [90.37384965839149, 25.319888412844094], [90.37393381256732, 25.319916100214062], [90.37402059790857, 25.31993607503528], [90.37410915203266, 25.31994814080336], [90.37419859548886, 25.31995217571808], [90.37428803894507, 25.31994814080336], [90.37437659306914, 25.31993607503528], [90.37446337841043, 25.319916100214062], [90.37454753258625, 25.319888412844094], [90.37462821836675, 25.31985328981832], [90.3747046344547, 25.319811078674093], [90.37477602177371, 25.319762199217685], [90.37484166975636, 25.319707138652465], [90.37490092622576, 25.31964644264711], [90.37495320368372, 25.319580714523944], [90.37499798110737, 25.319510608763252], [90.37503481383065, 25.319436820447244], [90.37506333534094, 25.319360083636596], [90.37508326356718, 25.319281161626357], [90.37509439908344, 25.319200838013863], [90.37509663139691, 25.319119911014997], [90.37508993894808, 25.319039185343893], [90.3750743882122, 25.318959463280788], [90.37505013280119, 25.318881536551615], [90.37501741526025, 25.318806180643854], [90.37497655898278, 25.318734143437897]], [[90.36114135735706, 25.319938071786417], [90.36110050107963, 25.31986603525373], [90.36105191390085, 25.31979803359806], [90.36099607731772, 25.319734743237927], [90.36093354738745, 25.31967679268366], [90.3608649439475, 25.31962475766478], [90.36079095061585, 25.319579156257703], [90.3607123022144, 25.31954044076492], [90.36062977937914, 25.31950899609071], [90.36054420317025, 25.319485135680683], [90.36045642429228, 25.319469095025344], [90.36036731500933, 25.319461034907842], [90.36027776016202, 25.319461034907842], [90.36018865087911, 25.319469095025344], [90.36010087200113, 25.319485135680683], [90.36001529579221, 25.31950899609071], [90.35993277295695, 25.31954044076492], [90.3598541245555, 25.319579156257703], [90.35978013122389, 25.31962475766478], [90.35971152778394, 25.31967679268366], [90.35964899785365, 25.319734743237927], [90.35959316127052, 25.31979803359806], [90.35954457409176, 25.31986603525373], [90.35950371781433, 25.319938071786417], [90.35947100027334, 25.320013426989824], [90.35944674486238, 25.320091352990662], [90.3594311941265, 25.32017107430869], [90.35942450167762, 25.320251799225264], [90.3594267339911, 25.32033272546777], [90.35943786950736, 25.32041304832949], [90.35945779773364, 25.320491969602116], [90.35948631924389, 25.32056870569553], [90.35952315196717, 25.320642493321863], [90.35956792939082, 25.32071259842731], [90.35962020684877, 25.320778325936132], [90.35967946331817, 25.32083902137418], [90.35974511130082, 25.320894081424733], [90.35981649861985, 25.32094296042431], [90.3598929147078, 25.320985171173998], [90.35997360048829, 25.321020293871488], [90.36005775466411, 25.321047980982634], [90.3601445400054, 25.321067955617192], [90.36023309412947, 25.3210800212725], [90.36032253758567, 25.321084056149488], [90.3604119810419, 25.3210800212725], [90.36050053516598, 25.321067955617192], [90.36058732050726, 25.321047980982634], [90.36067147468306, 25.321020293871488], [90.36075216046359, 25.320985171173998], [90.36082857655154, 25.32094296042431], [90.36089996387052, 25.320894081424733], [90.36096561185316, 25.32083902137418], [90.36102486832257, 25.320778325936132], [90.36107714578056, 25.32071259842731], [90.36112192320418, 25.320642493321863], [90.36115875592746, 25.32056870569553], [90.36118727743775, 25.320491969602116], [90.36120720566402, 25.32041304832949], [90.36121834118028, 25.32033272546777], [90.36122057349377, 25.320251799225264], [90.36121388104489, 25.32017107430869], [90.36119833030901, 25.320091352990662], [90.361174074898, 25.320013426989824], [90.36114135735706, 25.319938071786417]], [[90.3430281187352, 25.32103792342528], [90.34309376671786, 25.320982863440094], [90.34315302318727, 25.32092216807413], [90.34320530064522, 25.3208564406434], [90.34325007806888, 25.320786335621218], [90.34328691079217, 25.32071254808254], [90.3433154323024, 25.32063581208027], [90.3433353605287, 25.320556890901393], [90.34334649604494, 25.32047656813508], [90.34334872835844, 25.32039564198873], [90.34334203590956, 25.320314917168], [90.34332648517369, 25.3202351959447], [90.3433022297627, 25.320157270036447], [90.34326951222172, 25.3200819149225], [90.3432286559443, 25.320009878475386], [90.34318006876552, 25.319941876900486], [90.3431242321824, 25.31987858661553], [90.3430617022521, 25.319820636130075], [90.34299309881217, 25.319768601173013], [90.34291910548055, 25.319722999820097], [90.3428404570791, 25.319684284373306], [90.34275793424385, 25.31965283973647], [90.34267235803492, 25.31962897935479], [90.34258457915693, 25.31961293871847], [90.34249546987402, 25.319604878610534], [90.34240591502672, 25.319604878610534], [90.34231680574378, 25.31961293871847], [90.3422290268658, 25.31962897935479], [90.3421434506569, 25.31965283973647], [90.34206092782165, 25.319684284373306], [90.3419822794202, 25.319722999820097], [90.34190828608854, 25.319768601173013], [90.34183968264861, 25.319820636130075], [90.34177715271831, 25.31987858661553], [90.34172131613519, 25.319941876900486], [90.34167272895645, 25.320009878475386], [90.34163187267899, 25.3200819149225], [90.34159915513804, 25.320157270036447], [90.34157489972705, 25.3202351959447], [90.34155934899115, 25.320314917168], [90.34155265654228, 25.32039564198873], [90.34155488885578, 25.32047656813508], [90.34156602437206, 25.320556890901393], [90.3415859525983, 25.32063581208027], [90.34161447410858, 25.32071254808254], [90.34165130683186, 25.320786335621218], [90.34169608425552, 25.3208564406434], [90.34174836171347, 25.32092216807413], [90.34180761818287, 25.320982863440094], [90.34187326616552, 25.32103792342528], [90.3419446534845, 25.321086802366757], [90.34202106957247, 25.32112901306632], [90.34210175535299, 25.32116413572208], [90.34218590952878, 25.32119182280038], [90.34227269487008, 25.32121179741116], [90.34236124899414, 25.321223863052154], [90.34245069245037, 25.321227897924345], [90.34254013590657, 25.321223863052154], [90.34262869003065, 25.32121179741116], [90.34271547537193, 25.32119182280038], [90.34279962954776, 25.32116413572208], [90.34288031532824, 25.32112901306632], [90.34295673141621, 25.321086802366757], [90.3430281187352, 25.32103792342528]], [[90.38256667275334, 25.321084867347327], [90.38262592922274, 25.321145562631727], [90.38269157720539, 25.321200622542907], [90.38276296452439, 25.321249501418738], [90.38283938061235, 25.321291712061583], [90.38292006639286, 25.321326834670156], [90.38300422056868, 25.321354521711232], [90.38309100590996, 25.321374496295217], [90.38317956003402, 25.32138656191998], [90.38326900349024, 25.321390596786753], [90.38335844694643, 25.32138656191998], [90.38344700107054, 25.321374496295217], [90.38353378641179, 25.321354521711232], [90.38361794058761, 25.321326834670156], [90.38369862636814, 25.321291712061583], [90.38377504245611, 25.321249501418738], [90.38384642977508, 25.321200622542907], [90.38391207775773, 25.321145562631727], [90.38397133422713, 25.321084867347327], [90.38402361168508, 25.321019140004886], [90.38406838910873, 25.320949035076875], [90.38410522183203, 25.320875247637364], [90.3841337433423, 25.320798511738186], [90.38415367156854, 25.320719590665334], [90.38416480708483, 25.320639268006932], [90.38416703939828, 25.32055834196929], [90.38416034694944, 25.32047761725706], [90.38414479621356, 25.320397896140843], [90.38412054080257, 25.320319970337277], [90.38408782326161, 25.320244615324587], [90.38404696698416, 25.320172578974265], [90.3839983798054, 25.320104577490724], [90.38394254322229, 25.320041287290803], [90.383880013292, 25.319983336883205], [90.38381140985206, 25.319931301996057], [90.3837374165204, 25.319885700704408], [90.38365876811896, 25.319846985309624], [90.3835762452837, 25.319815540715016], [90.38349066907482, 25.31979168036538], [90.3834028901968, 25.319775639750638], [90.3833137809139, 25.319767579653544], [90.38322422606657, 25.319767579653544], [90.38313511678366, 25.319775639750638], [90.3830473379057, 25.31979168036538], [90.38296176169676, 25.319815540715016], [90.38287923886149, 25.319846985309624], [90.38280059046005, 25.319885700704408], [90.38272659712844, 25.319931301996057], [90.3826579936885, 25.319983336883205], [90.38259546375821, 25.320041287290803], [90.38253962717509, 25.320104577490724], [90.38249103999631, 25.320172578974265], [90.38245018371886, 25.320244615324587], [90.3824174661779, 25.320319970337277], [90.3823932107669, 25.320397896140843], [90.38237766003105, 25.32047761725706], [90.38237096758218, 25.32055834196929], [90.38237319989567, 25.320639268006932], [90.38238433541191, 25.320719590665334], [90.3824042636382, 25.320798511738186], [90.38243278514844, 25.320875247637364], [90.38246961787173, 25.320949035076875], [90.38251439529539, 25.321019140004886], [90.38256667275334, 25.321084867347327]], [[90.39853435628596, 25.321229249107127], [90.39844657740795, 25.321245289529354], [90.39836100119906, 25.321269149592574], [90.3982784783638, 25.321300593809713], [90.39819982996237, 25.321339308739795], [90.39812583663074, 25.321384909484042], [90.3980572331908, 25.321436943746583], [90.39799470326052, 25.321494893458567], [90.39793886667739, 25.32155818289878], [90.39789027949863, 25.321626183566064], [90.39784942322116, 25.32169821905167], [90.3978167056802, 25.321773573159835], [90.39779245026921, 25.321851498028014], [90.39777689953333, 25.321931218187252], [90.39777020708449, 25.322011941930494], [90.39777243939797, 25.322092866996705], [90.39778357491423, 25.322173188690904], [90.39780350314047, 25.322252108816393], [90.39783202465075, 25.322328843794423], [90.39786885737404, 25.322402630348225], [90.39791363479769, 25.322472734434673], [90.39796591225564, 25.322538460988106], [90.39802516872504, 25.32259915554392], [90.3980908167077, 25.32265421479418], [90.3981622040267, 25.322703093083238], [90.39823862011465, 25.322745303219367], [90.39831930589516, 25.32278042540633], [90.39840346007098, 25.32280811211506], [90.39849024541226, 25.322828086459246], [90.39857879953634, 25.32284015193918], [90.39866824299254, 25.322844186757514], [90.39875768644875, 25.32284015193918], [90.39884624057285, 25.322828086459246], [90.39893302591409, 25.32280811211506], [90.39901718008991, 25.32278042540633], [90.39909786587042, 25.322745303219367], [90.39917428195838, 25.322703093083238], [90.39924566927738, 25.32265421479418], [90.39931131726003, 25.32259915554392], [90.39937057372943, 25.322538460988106], [90.39942285118738, 25.322472734434673], [90.39946762861103, 25.322402630348225], [90.39950446133435, 25.322328843794423], [90.3995329828446, 25.322252108816393], [90.39955291107086, 25.322173188690904], [90.39956404658714, 25.322092866996705], [90.3995662789006, 25.322011941930494], [90.39955958645174, 25.321931218187252], [90.39954403571586, 25.321851498028014], [90.39951978030487, 25.321773573159835], [90.39948706276391, 25.32169821905167], [90.39944620648646, 25.321626183566064], [90.39939761930768, 25.32155818289878], [90.39934178272459, 25.321494893458567], [90.39927925279427, 25.321436943746583], [90.39921064935436, 25.321384909484042], [90.39913665602272, 25.321339308739795], [90.39905800762128, 25.321300593809713], [90.398975484786, 25.321269149592574], [90.39888990857712, 25.321245289529354], [90.3988021296991, 25.321229249107127], [90.3987130204162, 25.32122118910677], [90.39862346556887, 25.32122118910677], [90.39853435628596, 25.321229249107127]], [[90.34968130044422, 25.324418155159318], [90.34974694842687, 25.324363096711192], [90.34980620489627, 25.324302403039585], [90.34985848235422, 25.324236677443654], [90.34990325977788, 25.324166574378456], [90.34994009250113, 25.32409278889959], [90.34996861401142, 25.32401605503944], [90.34998854223768, 25.323937136063655], [90.34999967775394, 25.323856815539532], [90.35000191006743, 25.32377589165224], [90.34999521761854, 25.323695169084974], [90.34997966688267, 25.323615450087033], [90.34995541147167, 25.323537526354045], [90.34992269393072, 25.323462173343618], [90.3498818376533, 25.323390138907413], [90.34983325047452, 25.323322139230736], [90.34977741389139, 25.3232588507125], [90.34971488396111, 25.32320090184467], [90.34964628052117, 25.323148868340162], [90.34957228718952, 25.323103268260166], [90.3494936387881, 25.32306455389409], [90.34941111595285, 25.323033110134972], [90.34932553974392, 25.323009250419336], [90.34923776086595, 25.322993210230777], [90.34914865158302, 25.322985150347858], [90.34905909673572, 25.322985150347858], [90.34896998745278, 25.322993210230777], [90.34888220857479, 25.323009250419336], [90.34879663236588, 25.323033110134972], [90.34871410953062, 25.32306455389409], [90.34863546112919, 25.323103268260166], [90.34856146779755, 25.323148868340162], [90.34849286435761, 25.32320090184467], [90.3484303344273, 25.3232588507125], [90.34837449784419, 25.323322139230736], [90.34832591066542, 25.323390138907413], [90.348285054388, 25.323462173343618], [90.34825233684704, 25.323537526354045], [90.34822808143605, 25.323615450087033], [90.34821253070015, 25.323695169084974], [90.34820583825129, 25.32377589165224], [90.34820807056477, 25.323856815539532], [90.34821920608103, 25.323937136063655], [90.3482391343073, 25.32401605503944], [90.34826765581758, 25.32409278889959], [90.34830448854083, 25.324166574378456], [90.34834926596449, 25.324236677443654], [90.34840154342248, 25.324302403039585], [90.34846079989184, 25.324363096711192], [90.34852644787449, 25.324418155159318], [90.3485978351935, 25.324467032736337], [90.34867425128147, 25.32450924225755], [90.34875493706195, 25.32454436393285], [90.34883909123778, 25.3245720502382], [90.34892587657906, 25.324592024291416], [90.34901443070314, 25.324604089595578], [90.34910387415938, 25.32460812435515], [90.34919331761557, 25.324604089595578], [90.34928187173963, 25.324592024291416], [90.34936865708093, 25.3245720502382], [90.34945281125675, 25.32454436393285], [90.34953349703726, 25.32450924225755], [90.3496099131252, 25.324467032736337], [90.34968130044422, 25.324418155159318]], [[90.40402434097457, 25.324465637742367], [90.4039365620966, 25.324481677735857], [90.40385098588767, 25.324505537161354], [90.40376846305242, 25.324536980538088], [90.40368981465097, 25.324575694433378], [90.40361582131935, 25.324621293958838], [90.4035472178794, 25.324673326830574], [90.40348468794912, 25.324731274993702], [90.403428851366, 25.32479456274231], [90.40338026418722, 25.324862561592045], [90.4033394079098, 25.324934595152243], [90.40330669036881, 25.32500994724632], [90.40328243495784, 25.32508787003169], [90.40326688422196, 25.325167588060122], [90.40326019177309, 25.325248309645755], [90.40326242408658, 25.32532923254893], [90.40327355960284, 25.325409552096268], [90.4032934878291, 25.3254884701123], [90.40332200933939, 25.325565203039304], [90.40335884206263, 25.32563898762083], [90.4034036194863, 25.325709089833488], [90.40345589694425, 25.325774814630122], [90.40351515341365, 25.325835507563625], [90.4035808013963, 25.325890565342167], [90.40365218871531, 25.325939442324763], [90.40372860480326, 25.325981651332626], [90.40380929058377, 25.326016772580825], [90.40389344475959, 25.326044458549482], [90.40398023010088, 25.32606443235974], [90.40406878422495, 25.326076497517178], [90.40415822768114, 25.326080532227706], [90.40424767113738, 25.326076497517178], [90.40433622526146, 25.32606443235974], [90.40442301060274, 25.326044458549482], [90.40450716477856, 25.326016772580825], [90.40458785055905, 25.325981651332626], [90.40466426664702, 25.325939442324763], [90.40473565396601, 25.325890565342167], [90.40480130194864, 25.325835507563625], [90.40486055841804, 25.325774814630122], [90.40491283587603, 25.325709089833488], [90.40495761329969, 25.32563898762083], [90.40499444602294, 25.325565203039304], [90.40502296753321, 25.3254884701123], [90.4050428957595, 25.325409552096268], [90.40505403127575, 25.32532923254893], [90.40505626358923, 25.325248309645755], [90.40504957114037, 25.325167588060122], [90.40503402040447, 25.32508787003169], [90.40500976499347, 25.32500994724632], [90.40497704745252, 25.324934595152243], [90.4049361911751, 25.324862561592045], [90.40488760399633, 25.32479456274231], [90.40483176741321, 25.324731274993702], [90.40476923748291, 25.324673326830574], [90.40470063404297, 25.324621293958838], [90.40462664071133, 25.324575694433378], [90.4045479923099, 25.324536980538088], [90.40446546947464, 25.324505537161354], [90.40437989326573, 25.324481677735857], [90.40429211438774, 25.324465637742367], [90.40420300510479, 25.324457577957464], [90.40411345025748, 25.324457577957464], [90.40402434097457, 25.324465637742367]], [[90.36053755473884, 25.326054677274332], [90.36050483719788, 25.325979325830478], [90.36046398092043, 25.325907292891824], [90.36041539374165, 25.32583929462885], [90.36035955715852, 25.325776007426356], [90.36029702722824, 25.3257180597633], [90.3602284237883, 25.325666027340507], [90.36015443045667, 25.32562042820852], [90.36007578205523, 25.3255817146473], [90.35999325921998, 25.325550271541932], [90.35990768301107, 25.325526412322308], [90.35981990413308, 25.32551037246722], [90.35973079485017, 25.32550231275183], [90.35964124000284, 25.32550231275183], [90.35955213071993, 25.32551037246722], [90.35946435184192, 25.325526412322308], [90.35937877563302, 25.325550271541932], [90.35929625279776, 25.3255817146473], [90.35921760439632, 25.32562042820852], [90.3591436110647, 25.325666027340507], [90.35907500762477, 25.3257180597633], [90.35901247769444, 25.325776007426356], [90.35895664111136, 25.32583929462885], [90.35890805393258, 25.325907292891824], [90.35886719765513, 25.325979325830478], [90.35883448011417, 25.326054677274332], [90.35881022470318, 25.326132599387297], [90.35879467396728, 25.32621231672784], [90.35878798151845, 25.326293037616903], [90.3587902138319, 25.326373959821797], [90.35880134934818, 25.326454278676017], [90.35882127757444, 25.326533196011052], [90.35884979908471, 25.326609928275904], [90.358886631808, 25.32668371222076], [90.35893140923164, 25.32675381382845], [90.35898368668961, 25.326819538057926], [90.35904294315901, 25.32688023046768], [90.35910859114166, 25.326935287771136], [90.35917997846066, 25.326984164331943], [90.35925639454862, 25.327026372975592], [90.35933708032913, 25.327061493920674], [90.35942123450495, 25.327089179650443], [90.35950801984623, 25.327109153288355], [90.35959657397031, 25.327121218341674], [90.35968601742651, 25.327125253017357], [90.3597754608827, 25.327121218341674], [90.35986401500676, 25.327109153288355], [90.35995080034806, 25.327089179650443], [90.36003495452388, 25.327061493920674], [90.36011564030439, 25.327026372975592], [90.36019205639234, 25.326984164331943], [90.36026344371135, 25.326935287771136], [90.360329091694, 25.32688023046768], [90.3603883481634, 25.326819538057926], [90.36044062562135, 25.32675381382845], [90.360485403045, 25.32668371222076], [90.3605222357683, 25.326609928275904], [90.36055075727857, 25.326533196011052], [90.36057068550481, 25.326454278676017], [90.36058182102107, 25.326373959821797], [90.36058405333456, 25.326293037616903], [90.36057736088571, 25.32621231672784], [90.36056181014983, 25.326132599387297], [90.36053755473884, 25.326054677274332]], [[90.41555198623111, 25.326118158393438], [90.41551926869015, 25.326193509750883], [90.41549501327916, 25.326271431774487], [90.41547946254326, 25.326351149023605], [90.4154727700944, 25.326431869820116], [90.41547500240787, 25.326512791932203], [90.41548613792413, 25.326593110694336], [90.4155060661504, 25.32667202793888], [90.41553458766067, 25.326748760115706], [90.41557142038394, 25.326822543975947], [90.4156161978076, 25.326892645503257], [90.41566847526558, 25.326958369657355], [90.41572773173495, 25.327019061997504], [90.4157933797176, 25.327074119237835], [90.41586476703661, 25.327122995742585], [90.41594118312456, 25.327165204337827], [90.41602186890506, 25.327200325242682], [90.41610602308089, 25.32722801094067], [90.41619280842217, 25.32724798455567], [90.41628136254624, 25.327260049595147], [90.41637080600248, 25.327264084266197], [90.41646024945867, 25.327260049595147], [90.41654880358276, 25.32724798455567], [90.41663558892404, 25.32722801094067], [90.41671974309986, 25.327200325242682], [90.41680042888036, 25.327165204337827], [90.41687684496831, 25.327122995742585], [90.41694823228733, 25.327074119237835], [90.41701388026998, 25.327019061997504], [90.41707313673938, 25.326958369657355], [90.41712541419733, 25.326892645503257], [90.41717019162098, 25.326822543975947], [90.41720702434424, 25.326748760115706], [90.41723554585451, 25.32667202793888], [90.41725547408079, 25.326593110694336], [90.41726660959705, 25.326512791932203], [90.41726884191053, 25.326431869820116], [90.41726214946165, 25.326351149023605], [90.41724659872577, 25.326271431774487], [90.41722234331478, 25.326193509750883], [90.41718962577382, 25.326118158393438], [90.4171487694964, 25.32604612553739], [90.41710018231763, 25.325978127352414], [90.4170443457345, 25.32591484022245], [90.4169818158042, 25.32585689262584], [90.41691321236426, 25.32580486026273], [90.41683921903262, 25.325759261183055], [90.4167605706312, 25.325720547666236], [90.41667804779594, 25.325689104596883], [90.41659247158702, 25.32566524540464], [90.41650469270904, 25.325649205567938], [90.4164155834261, 25.325641145861795], [90.41632602857882, 25.325641145861795], [90.41623691929587, 25.325649205567938], [90.4161491404179, 25.32566524540464], [90.41606356420897, 25.325689104596883], [90.41598104137371, 25.325720547666236], [90.4159023929723, 25.325759261183055], [90.41582839964065, 25.32580486026273], [90.4157597962007, 25.32585689262584], [90.41569726627041, 25.32591484022245], [90.4156414296873, 25.325978127352414], [90.41559284250853, 25.32604612553739], [90.41555198623111, 25.326118158393438]], [[90.35516410489875, 25.3286440629813], [90.35510826831563, 25.32858077724502], [90.35504573838536, 25.328522830924474], [90.35497713494541, 25.3284707997072], [90.35490314161379, 25.328425201631642], [90.35482449321235, 25.328386488967315], [90.35474197037709, 25.328355046590378], [90.35465639416816, 25.328331187923524], [90.35456861529018, 25.32831514844004], [90.35447950600727, 25.328307088911387], [90.35438995115996, 25.328307088911387], [90.35430084187702, 25.32831514844004], [90.35421306299904, 25.328331187923524], [90.35412748679013, 25.328355046590378], [90.35404496395488, 25.328386488967315], [90.35396631555344, 25.328425201631642], [90.35389232222178, 25.3284707997072], [90.35382371878185, 25.328522830924474], [90.35376118885155, 25.32858077724502], [90.35370535226843, 25.3286440629813], [90.35365676508965, 25.328712059668884], [90.35361590881223, 25.328784090938665], [90.35358319127128, 25.328859440636773], [90.35355893586029, 25.32893736094442], [90.3535433851244, 25.329017076438063], [90.35353669267552, 25.32909779545696], [90.35353892498901, 25.32917871578702], [90.35355006050526, 25.329259032780396], [90.35356998873155, 25.329337948287037], [90.35359851024181, 25.329414678774082], [90.3536353429651, 25.32948846100947], [90.35368012038876, 25.329558560993], [90.35373239784671, 25.32962428369973], [90.35379165431611, 25.32968497470331], [90.35385730229876, 25.329740030731173], [90.35392868961773, 25.329788906159546], [90.3540051057057, 25.329831113825264], [90.35408579148623, 25.329866233956672], [90.35416994566202, 25.329893919044963], [90.3542567310033, 25.3299138922201], [90.35434528512738, 25.32992595699389], [90.35443472858361, 25.32992999157609], [90.3545241720398, 25.32992595699389], [90.35461272616388, 25.3299138922201], [90.35469951150517, 25.329893919044963], [90.354783665681, 25.329866233956672], [90.35486435146149, 25.329831113825264], [90.35494076754945, 25.329788906159546], [90.35501215486846, 25.329740030731173], [90.35507780285111, 25.32968497470331], [90.35513705932051, 25.32962428369973], [90.35518933677847, 25.329558560993], [90.35523411420212, 25.32948846100947], [90.3552709469254, 25.329414678774082], [90.35529946843566, 25.329337948287037], [90.35531939666193, 25.329259032780396], [90.35533053217817, 25.32917871578702], [90.35533276449166, 25.32909779545696], [90.35532607204279, 25.329017076438063], [90.3553105213069, 25.32893736094442], [90.35528626589594, 25.328859440636773], [90.35525354835495, 25.328784090938665], [90.35521269207753, 25.328712059668884], [90.35516410489875, 25.3286440629813]], [[90.3251117827388, 25.329889368060858], [90.32517743072145, 25.329834312100928], [90.32523668719085, 25.329773621172222], [90.32528896464885, 25.329707898546584], [90.3253337420725, 25.32963779864952], [90.32537057479576, 25.329564016505177], [90.32539909630603, 25.329487286112784], [90.32541902453231, 25.329408370703497], [90.32543016004857, 25.3293280538092], [90.32543239236205, 25.32924713357897], [90.32542569991317, 25.329166414659664], [90.32541014917729, 25.329086699264362], [90.32538589376628, 25.32900877905285], [90.32535317622533, 25.328933429447698], [90.32531231994791, 25.32886139826677], [90.32526373276914, 25.328793401663052], [90.32520789618601, 25.32873011600486], [90.32514536625573, 25.328672169755812], [90.32507676281578, 25.328620138602684], [90.32500276948414, 25.32857454058342], [90.32492412108269, 25.328535827966853], [90.32484159824742, 25.328504385628708], [90.32475602203854, 25.328480526991292], [90.32466824316056, 25.32846448752758], [90.3245791338776, 25.328456428008863], [90.3244895790303, 25.328456428008863], [90.32440046974739, 25.32846448752758], [90.32431269086942, 25.328480526991292], [90.32422711466049, 25.328504385628708], [90.32414459182523, 25.328535827966853], [90.32406594342379, 25.32857454058342], [90.32399195009216, 25.328620138602684], [90.32392334665222, 25.328672169755812], [90.32386081672193, 25.32873011600486], [90.3238049801388, 25.328793401663052], [90.32375639296004, 25.32886139826677], [90.32371553668261, 25.328933429447698], [90.32368281914162, 25.32900877905285], [90.32365856373066, 25.329086699264362], [90.32364301299478, 25.329166414659664], [90.3236363205459, 25.32924713357897], [90.32363855285939, 25.3293280538092], [90.32364968837565, 25.329408370703497], [90.32366961660192, 25.329487286112784], [90.32369813811216, 25.329564016505177], [90.32373497083546, 25.32963779864952], [90.32377974825911, 25.329707898546584], [90.32383202571707, 25.329773621172222], [90.32389128218647, 25.329834312100928], [90.32395693016912, 25.329889368060858], [90.32402831748813, 25.32993824342894], [90.32410473357608, 25.329980451042587], [90.32418541935658, 25.330015571130676], [90.3242695735324, 25.330043256184805], [90.32435635887369, 25.330063229335305], [90.32444491299776, 25.330075294094204], [90.32453435645395, 25.330079328671417], [90.32462379991019, 25.330075294094204], [90.32471235403426, 25.330063229335305], [90.32479913937556, 25.330043256184805], [90.32488329355134, 25.330015571130676], [90.32496397933187, 25.329980451042587], [90.32504039541982, 25.32993824342894], [90.3251117827388, 25.329889368060858]], [[90.31741128937604, 25.330074623423858], [90.31732571316715, 25.33005076509596], [90.31723793428917, 25.33003472584032], [90.31714882500621, 25.330026666426154], [90.31705927015891, 25.330026666426154], [90.316970160876, 25.33003472584032], [90.31688238199803, 25.33005076509596], [90.3167968057891, 25.330074623423858], [90.31671428295384, 25.33010606535415], [90.3166356345524, 25.330144777468536], [90.31656164122077, 25.330190374896357], [90.31649303778083, 25.33024240537455], [90.31643050785054, 25.330300350871926], [90.31637467126741, 25.33036363570918], [90.31632608408864, 25.33043163143085], [90.31628522781122, 25.33050366167741], [90.31625251027023, 25.330579010305087], [90.31622825485927, 25.33065692950586], [90.31621270412339, 25.330736643867088], [90.31620601167451, 25.330817361739317], [90.316208243988, 25.330898280919822], [90.31621937950426, 25.330978596772223], [90.31623930773053, 25.331057511157802], [90.31626782924077, 25.33113424055485], [90.31630466196405, 25.331208021742075], [90.31634943938772, 25.331278120729777], [90.31640171684568, 25.33134384250285], [90.31646097331507, 25.331404532644253], [90.31652662129773, 25.33145958788997], [90.31659800861674, 25.331508462624015], [90.31667442470469, 25.331550669690138], [90.31675511048519, 25.33158578932259], [90.31683926466101, 25.33161347401761], [90.3169260500023, 25.33163344690901], [90.31701460412637, 25.3316455115114], [90.31710404758256, 25.331649546036275], [90.3171934910388, 25.3316455115114], [90.31728204516288, 25.33163344690901], [90.31736883050417, 25.33161347401761], [90.31745298467995, 25.33158578932259], [90.31753367046048, 25.331550669690138], [90.31761008654843, 25.331508462624015], [90.31768147386741, 25.33145958788997], [90.31774712185006, 25.331404532644253], [90.31780637831946, 25.33134384250285], [90.31785865577746, 25.331278120729777], [90.31790343320107, 25.331208021742075], [90.31794026592436, 25.33113424055485], [90.31796878743464, 25.331057511157802], [90.31798871566092, 25.330978596772223], [90.31799985117718, 25.330898280919822], [90.31800208349065, 25.330817361739317], [90.31799539104178, 25.330736643867088], [90.3179798403059, 25.33065692950586], [90.31795558489489, 25.330579010305087], [90.31792286735394, 25.33050366167741], [90.31788201107652, 25.33043163143085], [90.31783342389775, 25.33036363570918], [90.31777758731462, 25.330300350871926], [90.31771505738433, 25.33024240537455], [90.31764645394439, 25.330190374896357], [90.31757246061275, 25.330144777468536], [90.31749381221131, 25.33010606535415], [90.31741128937604, 25.330074623423858]], [[90.34529221011944, 25.33161483076803], [90.3452944424329, 25.33169574941541], [90.34530557794919, 25.331776064738666], [90.34532550617543, 25.331854978604326], [90.3453540276857, 25.33193170749583], [90.34539086040898, 25.332005488196916], [90.34543563783265, 25.3320755867228], [90.3454879152906, 25.332141308062848], [90.34554717176, 25.332201997804408], [90.34561281974266, 25.332257052687346], [90.34568420706162, 25.33230592709941], [90.34576062314959, 25.332348133887432], [90.34584130893012, 25.332383253288494], [90.34592546310594, 25.33241093780109], [90.3460122484472, 25.33243091056089], [90.3461008025713, 25.332442975083808], [90.34619024602749, 25.332447009582115], [90.3462796894837, 25.332442975083808], [90.34636824360777, 25.33243091056089], [90.34645502894905, 25.33241093780109], [90.34653918312488, 25.332383253288494], [90.34661986890538, 25.332348133887432], [90.34669628499334, 25.33230592709941], [90.34676767231234, 25.332257052687346], [90.34683332029499, 25.332201997804408], [90.34689257676439, 25.332141308062848], [90.34694485422236, 25.3320755867228], [90.346989631646, 25.332005488196916], [90.34702646436929, 25.33193170749583], [90.34705498587954, 25.331854978604326], [90.34707491410582, 25.331776064738666], [90.34708604962206, 25.33169574941541], [90.34708828193556, 25.33161483076803], [90.34708158948668, 25.331534113427637], [90.34706603875082, 25.331454399591582], [90.34704178333982, 25.331376480904204], [90.34700906579887, 25.33130113277291], [90.34696820952142, 25.331229103000968], [90.34691962234264, 25.331161107727283], [90.34686378575952, 25.331097823306962], [90.34680125582922, 25.331039878191312], [90.3467326523893, 25.330987848055962], [90.34665865905768, 25.33094225092855], [90.34658001065624, 25.330903539069208], [90.34649748782097, 25.33087209734607], [90.34641191161204, 25.330848239175317], [90.34632413273405, 25.33083220002536], [90.34623502345114, 25.330824140664323], [90.34614546860385, 25.330824140664323], [90.34605635932093, 25.33083220002536], [90.34596858044293, 25.330848239175317], [90.34588300423403, 25.33087209734607], [90.34580048139877, 25.330903539069208], [90.34572183299733, 25.33094225092855], [90.34564783966566, 25.330987848055962], [90.34557923622573, 25.331039878191312], [90.34551670629544, 25.331097823306962], [90.34546086971233, 25.331161107727283], [90.34541228253357, 25.331229103000968], [90.34537142625612, 25.33130113277291], [90.34533870871516, 25.331376480904204], [90.34531445330417, 25.331454399591582], [90.34529890256829, 25.331534113427637], [90.34529221011944, 25.33161483076803]], [[90.36445618117966, 25.330854853273912], [90.36450095860332, 25.330924952466148], [90.36455323606127, 25.330990674430982], [90.36461249253067, 25.331051364749467], [90.36467814051332, 25.331106420155827], [90.36474952783229, 25.33115529503249], [90.36482594392024, 25.331197502221748], [90.36490662970078, 25.33123262195668], [90.36499078387656, 25.331260306732474], [90.36507756921786, 25.33128027968215], [90.36516612334194, 25.331292344319746], [90.36525556679815, 25.3312963788564], [90.36534501025436, 25.331292344319746], [90.36543356437843, 25.33128027968215], [90.36552034971972, 25.331260306732474], [90.36560450389554, 25.33123262195668], [90.36568518967604, 25.331197502221748], [90.36576160576399, 25.33115529503249], [90.365832993083, 25.331106420155827], [90.36589864106566, 25.331051364749467], [90.36595789753505, 25.330990674430982], [90.36601017499301, 25.330924952466148], [90.36605495241666, 25.330854853273912], [90.36609178513994, 25.3307810718714], [90.3661203066502, 25.33070434225048], [90.36614023487647, 25.33062542763464], [90.36615137039273, 25.330545111547913], [90.3661536027062, 25.330464192131295], [90.36614691025734, 25.330383474023563], [90.36613135952145, 25.330303759429746], [90.36610710411048, 25.330225840001642], [90.3660743865695, 25.3301504911541], [90.36603353029207, 25.330078460697383], [90.3659849431133, 25.330010464777335], [90.36592910653019, 25.32994717975543], [90.3658665765999, 25.329889234088974], [90.36579797315996, 25.329837203458982], [90.36572397982833, 25.329791605898137], [90.36564533142689, 25.329752893670793], [90.36556280859163, 25.32972145164877], [90.3654772323827, 25.329697593251257], [90.36538945350472, 25.329681553948824], [90.36530034422182, 25.329673494511134], [90.3652107893745, 25.329673494511134], [90.36512168009156, 25.329681553948824], [90.36503390121358, 25.329697593251257], [90.36494832500469, 25.32972145164877], [90.36486580216943, 25.329752893670793], [90.36478715376799, 25.329791605898137], [90.36471316043632, 25.329837203458982], [90.3646445569964, 25.329889234088974], [90.3645820270661, 25.32994717975543], [90.36452619048299, 25.330010464777335], [90.36447760330421, 25.330078460697383], [90.36443674702679, 25.3301504911541], [90.36440402948583, 25.330225840001642], [90.36437977407483, 25.330303759429746], [90.36436422333895, 25.330383474023563], [90.36435753089008, 25.330464192131295], [90.36435976320355, 25.330545111547913], [90.36437089871981, 25.33062542763464], [90.36439082694609, 25.33070434225048], [90.36441934845637, 25.3307810718714], [90.36445618117966, 25.330854853273912]], [[90.3913097409534, 25.330311757117414], [90.39136201841136, 25.330377479415187], [90.39142127488076, 25.33043817004112], [90.39148692286341, 25.33049322572636], [90.39155831018238, 25.33054210085065], [90.39163472627034, 25.330584308253705], [90.39171541205087, 25.33061942816658], [90.39179956622665, 25.330647113082602], [90.39188635156795, 25.33066708613347], [90.39197490569202, 25.33067915083217], [90.39206434914824, 25.330683185389297], [90.39215379260446, 25.33067915083217], [90.39224234672852, 25.33066708613347], [90.3923291320698, 25.330647113082602], [90.39241328624563, 25.33061942816658], [90.39249397202613, 25.330584308253705], [90.3925703881141, 25.33054210085065], [90.39264177543309, 25.33049322572636], [90.39270742341574, 25.33043817004112], [90.39276667988514, 25.330377479415187], [90.3928189573431, 25.330311757117414], [90.39286373476675, 25.330241657570024], [90.39290056749005, 25.330167875793773], [90.39292908900029, 25.330091145784138], [90.39294901722657, 25.330012230768528], [90.39296015274282, 25.32993191427489], [90.39296238505631, 25.329850994448353], [90.39295569260743, 25.329770275931715], [90.39294014187153, 25.329690560934083], [90.39291588646059, 25.32961264111127], [90.3928831689196, 25.329537291881998], [90.39284231264217, 25.329465261060424], [90.39279372546339, 25.32939726479592], [90.39273788888028, 25.329333979453427], [90.39267535894999, 25.329276033493404], [90.39260675551004, 25.329224002599872], [90.39253276217843, 25.329178404808033], [90.39245411377699, 25.329139692384587], [90.39237159094172, 25.32910825020328], [90.39228601473279, 25.329084391684884], [90.39219823585482, 25.329068352301192], [90.39210912657191, 25.329060292822714], [90.39201957172459, 25.329060292822714], [90.39193046244165, 25.329068352301192], [90.39184268356367, 25.329084391684884], [90.39175710735478, 25.32910825020328], [90.39167458451952, 25.329139692384587], [90.39159593611808, 25.329178404808033], [90.39152194278643, 25.329224002599872], [90.39145333934648, 25.329276033493404], [90.3913908094162, 25.329333979453427], [90.39133497283308, 25.32939726479592], [90.39128638565433, 25.329465261060424], [90.39124552937687, 25.329537291881998], [90.39121281183591, 25.32961264111127], [90.39118855642492, 25.329690560934083], [90.39117300568904, 25.329770275931715], [90.39116631324016, 25.329850994448353], [90.39116854555365, 25.32993191427489], [90.39117968106994, 25.330012230768528], [90.39119960929618, 25.330091145784138], [90.39122813080645, 25.330167875793773], [90.39126496352975, 25.330241657570024], [90.3913097409534, 25.330311757117414]], [[90.33308484472174, 25.330751853221916], [90.33307815227286, 25.330671135305995], [90.33306260153697, 25.330591420901627], [90.33303834612597, 25.330513501658718], [90.33300562858503, 25.33043815299022], [90.33296477230758, 25.330366122704678], [90.33291618512882, 25.330298126946253], [90.33286034854571, 25.33023484207475], [90.3327978186154, 25.33017689654597], [90.33272921517548, 25.330124866039654], [90.33265522184382, 25.330079268587166], [90.33257657344238, 25.330040556451827], [90.33249405060712, 25.33000911450451], [90.33240847439822, 25.329985256163674], [90.33232069552024, 25.329969216899357], [90.3322315862373, 25.329961157480852], [90.33214203139, 25.329961157480852], [90.33205292210708, 25.329969216899357], [90.3319651432291, 25.329985256163674], [90.33187956702018, 25.33000911450451], [90.33179704418491, 25.330040556451827], [90.33171839578347, 25.330079268587166], [90.33164440245184, 25.330124866039654], [90.33157579901192, 25.33017689654597], [90.33151326908163, 25.33023484207475], [90.33145743249851, 25.330298126946253], [90.33140884531973, 25.330366122704678], [90.3313679890423, 25.33043815299022], [90.33133527150132, 25.330513501658718], [90.33131101609035, 25.330591420901627], [90.33129546535447, 25.330671135305995], [90.3312887729056, 25.330751853221916], [90.33129100521909, 25.33083277244621], [90.33130214073533, 25.330913088342104], [90.33132206896161, 25.330992002770383], [90.33135059047186, 25.33106873220894], [90.33138742319514, 25.331142513436102], [90.33143220061879, 25.33121261246178], [90.33148447807675, 25.33127833427041], [90.33154373454614, 25.331339024444667], [90.3316093825288, 25.33139407972015], [90.33168076984781, 25.331442954480647], [90.33175718593577, 25.331485161569603], [90.33183787171626, 25.331520281221103], [90.33192202589208, 25.331547965931072], [90.33200881123338, 25.33156793883328], [90.33209736535746, 25.331580003442188], [90.33218680881365, 25.331584037969265], [90.33227625226988, 25.331580003442188], [90.33236480639395, 25.33156793883328], [90.33245159173524, 25.331547965931072], [90.33253574591103, 25.331520281221103], [90.33261643169156, 25.331485161569603], [90.33269284777953, 25.331442954480647], [90.3327642350985, 25.33139407972015], [90.33282988308115, 25.331339024444667], [90.33288913955055, 25.33127833427041], [90.3329414170085, 25.33121261246178], [90.33298619443215, 25.331142513436102], [90.33302302715545, 25.33106873220894], [90.33305154866571, 25.330992002770383], [90.33307147689196, 25.330913088342104], [90.33308261240825, 25.33083277244621], [90.33308484472174, 25.330751853221916]], [[90.38096515177324, 25.33524533573648], [90.38095845932436, 25.33516462081733], [90.38094290858848, 25.335084909372455], [90.38091865317747, 25.33500699302239], [90.38088593563653, 25.334931647151286], [90.3808450793591, 25.334859619539944], [90.38079649218034, 25.334791626305886], [90.38074065559721, 25.334728343783873], [90.38067812566692, 25.334670400406395], [90.38060952222698, 25.33461837183172], [90.38053552889534, 25.33457277607206], [90.38045688049391, 25.334534065373912], [90.38037435765865, 25.334502624593934], [90.38028878144974, 25.334478767138847], [90.38020100257175, 25.33446272846998], [90.38011189328881, 25.334454669350663], [90.38002233844149, 25.334454669350663], [90.37993322915858, 25.33446272846998], [90.37984545028061, 25.334478767138847], [90.37975987407168, 25.334502624593934], [90.37967735123642, 25.334534065373912], [90.37959870283498, 25.33457277607206], [90.37952470950336, 25.33461837183172], [90.37945610606342, 25.334670400406395], [90.37939357613314, 25.334728343783873], [90.37933773955001, 25.334791626305886], [90.37928915237123, 25.334859619539944], [90.3792482960938, 25.334931647151286], [90.37921557855282, 25.33500699302239], [90.37919132314185, 25.335084909372455], [90.37917577240597, 25.33516462081733], [90.3791690799571, 25.33524533573648], [90.37917131227059, 25.335326251956538], [90.37918244778685, 25.335406564870535], [90.37920237601311, 25.335485476369], [90.3792308975234, 25.33556220295885], [90.37926773024665, 25.335635981446753], [90.3793125076703, 25.33570607786982], [90.37936478512826, 25.335771797238394], [90.37942404159766, 25.335832485159404], [90.37948968958031, 25.33588753839086], [90.37956107689932, 25.335936411336775], [90.37963749298727, 25.335978616858696], [90.37971817876777, 25.336013735206258], [90.3798023329436, 25.3360414188884], [90.37988911828488, 25.336061391049068], [90.37997767240896, 25.336073455210038], [90.38006711586515, 25.33607748958732], [90.38015655932139, 25.336073455210038], [90.38024511344547, 25.336061391049068], [90.38033189878675, 25.3360414188884], [90.38041605296257, 25.336013735206258], [90.38049673874306, 25.335978616858696], [90.38057315483101, 25.335936411336775], [90.38064454215004, 25.33588753839086], [90.38071019013265, 25.335832485159404], [90.38076944660205, 25.335771797238394], [90.38082172406004, 25.33570607786982], [90.3808665014837, 25.335635981446753], [90.38090333420695, 25.33556220295885], [90.38093185571722, 25.335485476369], [90.3809517839435, 25.335406564870535], [90.38096291945976, 25.335326251956538], [90.38096515177324, 25.33524533573648]], [[90.31551868819275, 25.336024804782703], [90.31552092050624, 25.33594388902973], [90.31551422805737, 25.33586317457649], [90.31549867732149, 25.335783463591753], [90.31547442191048, 25.335705547691443], [90.31544170436953, 25.335630202255263], [90.31540084809211, 25.335558175059695], [90.31535226091334, 25.33549018221813], [90.31529642433021, 25.335426900061385], [90.31523389439992, 25.335368957018375], [90.31516529095998, 25.335316928744042], [90.31509129762834, 25.33527133324757], [90.31501264922689, 25.33523262277289], [90.31493012639163, 25.335201182174355], [90.31484455018273, 25.335177324856986], [90.31475677130476, 25.335161286280698], [90.3146676620218, 25.335153227207933], [90.3145781071745, 25.335153227207933], [90.31448899789159, 25.335161286280698], [90.3144012190136, 25.335177324856986], [90.31431564280469, 25.335201182174355], [90.31423311996943, 25.33523262277289], [90.31415447156797, 25.33527133324757], [90.31408047823636, 25.335316928744042], [90.31401187479642, 25.335368957018375], [90.31394934486613, 25.335426900061385], [90.31389350828302, 25.33549018221813], [90.31384492110423, 25.335558175059695], [90.31380406482681, 25.335630202255263], [90.31377134728582, 25.335705547691443], [90.31374709187486, 25.335783463591753], [90.31373154113898, 25.33586317457649], [90.3137248486901, 25.33594388902973], [90.31372708100358, 25.336024804782703], [90.31373821651984, 25.33610511723314], [90.31375814474612, 25.336184028276087], [90.31378666625636, 25.336260754423012], [90.31382349897964, 25.33633453248501], [90.3138682764033, 25.336404628503463], [90.31392055386125, 25.336470347492696], [90.31397981033066, 25.33653103506335], [90.3140454583133, 25.336586087977018], [90.31411684563233, 25.33663496064079], [90.31419326172028, 25.336677165919095], [90.31427394750077, 25.336712284063953], [90.31435810167659, 25.336739967586265], [90.31444488701788, 25.336759939631637], [90.31453344114196, 25.336772003722977], [90.31462288459815, 25.336776038076966], [90.3147123280544, 25.336772003722977], [90.31480088217846, 25.336759939631637], [90.31488766751974, 25.336739967586265], [90.31497182169554, 25.336712284063953], [90.31505250747607, 25.336677165919095], [90.31512892356402, 25.33663496064079], [90.315200310883, 25.336586087977018], [90.31526595886565, 25.33653103506335], [90.31532521533505, 25.336470347492696], [90.315377492793, 25.336404628503463], [90.31542227021666, 25.33633453248501], [90.31545910293995, 25.336260754423012], [90.31548762445023, 25.336184028276087], [90.3155075526765, 25.33610511723314], [90.31551868819275, 25.336024804782703]], [[90.37906979006704, 25.33853965655956], [90.37900726013676, 25.33848171500704], [90.37893865669682, 25.33842968807102], [90.37886466336519, 25.338384093747408], [90.37878601496375, 25.338345384268468], [90.3787034921285, 25.338313944478685], [90.3786179159196, 25.338290087774997], [90.3785301370416, 25.338274049611304], [90.37844102775868, 25.33826599074581], [90.37835147291136, 25.33826599074581], [90.37826236362845, 25.338274049611304], [90.37817458475044, 25.338290087774997], [90.37808900854155, 25.338313944478685], [90.3780064857063, 25.338345384268468], [90.37792783730484, 25.338384093747408], [90.37785384397323, 25.33842968807102], [90.37778524053329, 25.33848171500704], [90.37772271060297, 25.33853965655956], [90.37766687401988, 25.338602937088474], [90.37761828684111, 25.338670928181052], [90.37757743056365, 25.338742953523845], [90.37754471302269, 25.338818297021845], [90.3775204576117, 25.338896210917884], [90.37750490687581, 25.338975919852196], [90.37749821442696, 25.33905663222913], [90.37750044674041, 25.339137545900645], [90.3775115822567, 25.339217856285135], [90.37753151048295, 25.339296765298176], [90.37756003199323, 25.339373489471427], [90.37759686471652, 25.339447265635542], [90.37764164214018, 25.339517359850845], [90.37769391959813, 25.339583077149488], [90.37775317606753, 25.33964376315902], [90.37781882405018, 25.339698814656465], [90.37789021136918, 25.339747686063067], [90.37796662745714, 25.339789890255645], [90.37804731323764, 25.339825007497083], [90.37813146741347, 25.339852690307247], [90.37821825275475, 25.33987266183888], [90.37830680687881, 25.33988472561989], [90.37839625033503, 25.33988875987009], [90.37848569379122, 25.33988472561989], [90.3785742479153, 25.33987266183888], [90.37866103325658, 25.339852690307247], [90.3787451874324, 25.339825007497083], [90.3788258732129, 25.339789890255645], [90.37890228930085, 25.339747686063067], [90.37897367661986, 25.339698814656465], [90.37903932460252, 25.33964376315902], [90.37909858107191, 25.339583077149488], [90.37915085852987, 25.339517359850845], [90.37919563595352, 25.339447265635542], [90.37923246867682, 25.339373489471427], [90.37926099018709, 25.339296765298176], [90.37928091841333, 25.339217856285135], [90.37929205392959, 25.339137545900645], [90.37929428624307, 25.33905663222913], [90.37928759379423, 25.338975919852196], [90.37927204305835, 25.338896210917884], [90.37924778764736, 25.338818297021845], [90.3792150701064, 25.338742953523845], [90.37917421382895, 25.338670928181052], [90.37912562665016, 25.338602937088474], [90.37906979006704, 25.33853965655956]], [[90.42604427461362, 25.339097140626627], [90.42595649573563, 25.339113178681213], [90.42587091952672, 25.33913703522263], [90.42578839669146, 25.33916847479854], [90.42570974829002, 25.339207184014153], [90.42563575495839, 25.33925277802761], [90.42556715151845, 25.33930480460972], [90.42550462158816, 25.3393627457681], [90.42544878500505, 25.33942602586653], [90.42540019782626, 25.339494016496605], [90.42535934154884, 25.33956604134944], [90.42532662400785, 25.3396413843349], [90.42530236859689, 25.33971929770092], [90.42528681786101, 25.33979900609301], [90.42528012541213, 25.33987971792089], [90.42528235772562, 25.33996063104198], [90.42529349324187, 25.34004094088014], [90.42531342146815, 25.34011984935639], [90.42534194297843, 25.340196573007702], [90.42537877570167, 25.340270348669936], [90.42542355312533, 25.34034044240841], [90.42547583058328, 25.340406159259995], [90.4255350870527, 25.340466844856692], [90.42560073503535, 25.34052189597963], [90.42567212235436, 25.340570767053766], [90.42574853844232, 25.340612970959242], [90.42582922422281, 25.34064808796178], [90.42591337839862, 25.340675770583616], [90.42600016373991, 25.34069574197939], [90.42608871786399, 25.340707805678313], [90.42617816132018, 25.340711839901072], [90.42626760477643, 25.340707805678313], [90.42635615890049, 25.34069574197939], [90.42644294424178, 25.340675770583616], [90.4265270984176, 25.34064808796178], [90.4266077841981, 25.340612970959242], [90.42668420028606, 25.340570767053766], [90.42675558760506, 25.34052189597963], [90.4268212355877, 25.340466844856692], [90.4268804920571, 25.340406159259995], [90.42693276951506, 25.34034044240841], [90.42697754693873, 25.340270348669936], [90.42701437966198, 25.340196573007702], [90.42704290117226, 25.34011984935639], [90.42706282939854, 25.34004094088014], [90.4270739649148, 25.33996063104198], [90.42707619722829, 25.33987971792089], [90.42706950477941, 25.33979900609301], [90.42705395404352, 25.33971929770092], [90.42702969863252, 25.3396413843349], [90.42699698109156, 25.33956604134944], [90.42695612481414, 25.339494016496605], [90.42690753763537, 25.33942602586653], [90.42685170105226, 25.3393627457681], [90.42678917112195, 25.33930480460972], [90.42672056768203, 25.33925277802761], [90.42664657435037, 25.339207184014153], [90.42656792594896, 25.33916847479854], [90.42648540311369, 25.33913703522263], [90.42639982690476, 25.339113178681213], [90.42631204802679, 25.339097140626627], [90.42622293874383, 25.339089081815953], [90.42613338389654, 25.339089081815953], [90.42604427461362, 25.339097140626627]], [[90.44963642349326, 25.339387944309642], [90.44956782005332, 25.339439970833602], [90.44950529012301, 25.339497911927285], [90.4494494535399, 25.33956119195502], [90.44940086636115, 25.339629182509118], [90.44936001008371, 25.339701207281482], [90.44932729254275, 25.339776550182812], [90.44930303713176, 25.339854463461787], [90.44928748639586, 25.339934171764796], [90.44928079394703, 25.340014883502537], [90.44928302626047, 25.340095796533237], [90.44929416177676, 25.340176106281678], [90.44931409000301, 25.34025501466978], [90.44934261151327, 25.340331738235353], [90.44937944423658, 25.340405513815185], [90.44942422166022, 25.340475607475355], [90.44947649911819, 25.34054132425352], [90.44953575558759, 25.340602009782422], [90.44960140357024, 25.340657060843863], [90.44967279088921, 25.34070593186338], [90.44974920697716, 25.340748135721693], [90.4498298927577, 25.340783252685036], [90.44991404693353, 25.340810935275943], [90.45000083227477, 25.340830906649376], [90.45008938639887, 25.34084297033484], [90.45017882985508, 25.340847004553083], [90.45026827331128, 25.34084297033484], [90.45035682743534, 25.340830906649376], [90.45044361277664, 25.340810935275943], [90.45052776695246, 25.340783252685036], [90.45060845273296, 25.340748135721693], [90.45068486882091, 25.34070593186338], [90.45075625613993, 25.340657060843863], [90.45082190412258, 25.340602009782422], [90.45088116059198, 25.34054132425352], [90.45093343804993, 25.340475607475355], [90.45097821547358, 25.340405513815185], [90.45101504819687, 25.340331738235353], [90.45104356970715, 25.34025501466978], [90.45106349793339, 25.340176106281678], [90.45107463344965, 25.340095796533237], [90.45107686576313, 25.340014883502537], [90.45107017331425, 25.339934171764796], [90.45105462257841, 25.339854463461787], [90.45103036716742, 25.339776550182812], [90.45099764962646, 25.339701207281482], [90.450956793349, 25.339629182509118], [90.45090820617023, 25.33956119195502], [90.4508523695871, 25.339497911927285], [90.45078983965682, 25.339439970833602], [90.45072123621688, 25.339387944309642], [90.45064724288525, 25.339342350347124], [90.45056859448381, 25.339303641174755], [90.45048607164856, 25.33927220163396], [90.45040049543962, 25.339248345119195], [90.45031271656165, 25.339232307082497], [90.45022360727873, 25.339224248280853], [90.45013405243142, 25.339224248280853], [90.45004494314851, 25.339232307082497], [90.4499571642705, 25.339248345119195], [90.4498715880616, 25.33927220163396], [90.44978906522634, 25.339303641174755], [90.4497104168249, 25.339342350347124], [90.44963642349326, 25.339387944309642]], [[90.30622222094675, 25.342251808757727], [90.30620667021088, 25.342172101981625], [90.30618241479989, 25.34209419019516], [90.30614969725893, 25.3420188487371], [90.3061088409815, 25.341946825344436], [90.30606025380271, 25.34187883609276], [90.3060044172196, 25.3418155572772], [90.3059418872893, 25.34175761729343], [90.30587328384937, 25.34170559176608], [90.30579929051774, 25.34165999867694], [90.3057206421163, 25.34162129024607], [90.30563811928104, 25.341589851307532], [90.3055525430721, 25.34156599524975], [90.30546476419413, 25.341549957520268], [90.30537565491122, 25.341541898872983], [90.30528610006392, 25.341541898872983], [90.305196990781, 25.341549957520268], [90.305109211903, 25.34156599524975], [90.3050236356941, 25.341589851307532], [90.30494111285884, 25.34162129024607], [90.30486246445739, 25.34165999867694], [90.30478847112573, 25.34170559176608], [90.3047198676858, 25.34175761729343], [90.3046573377555, 25.3418155572772], [90.30460150117239, 25.34187883609276], [90.30455291399365, 25.341946825344436], [90.30451205771618, 25.3420188487371], [90.30447934017523, 25.34209419019516], [90.30445508476424, 25.342172101981625], [90.30443953402835, 25.342251808757727], [90.30443284157951, 25.342332518949352], [90.30443507389296, 25.34241343043005], [90.30444620940925, 25.34249373864006], [90.30446613763549, 25.34257264551657], [90.30449465914577, 25.34264936761238], [90.30453149186906, 25.342723141778954], [90.30457626929271, 25.342793234096344], [90.30462854675066, 25.342858949615632], [90.30468780322006, 25.342919633981978], [90.30475345120271, 25.34297468398885], [90.3048248385217, 25.34302355407215], [90.30490125460966, 25.34306575712198], [90.30498194039018, 25.343100873412613], [90.305066094566, 25.343128555473204], [90.30515287990727, 25.34314852646404], [90.30524143403137, 25.343160589918394], [90.30533087748756, 25.343164624059376], [90.30542032094377, 25.343160589918394], [90.30550887506783, 25.34314852646404], [90.30559566040913, 25.343128555473204], [90.30567981458495, 25.343100873412613], [90.30576050036544, 25.34306575712198], [90.3058369164534, 25.34302355407215], [90.30590830377241, 25.34297468398885], [90.30597395175506, 25.342919633981978], [90.30603320822448, 25.342858949615632], [90.30608548568242, 25.342793234096344], [90.30613026310607, 25.342723141778954], [90.30616709582937, 25.34264936761238], [90.30619561733961, 25.34257264551657], [90.30621554556588, 25.34249373864006], [90.30622668108214, 25.34241343043005], [90.30622891339563, 25.342332518949352], [90.30622222094675, 25.342251808757727]], [[90.36819079402271, 25.34212992135234], [90.3681030151447, 25.342145959004952], [90.36801743893581, 25.342169814948363], [90.36793491610055, 25.342201253736192], [90.3678562676991, 25.34223996198151], [90.36778227436749, 25.34228555485207], [90.36771367092754, 25.342337580130025], [90.36765114099725, 25.342395519836046], [90.36759530441412, 25.342458798348257], [90.36754671723536, 25.342526787273986], [90.3675058609579, 25.342598810321384], [90.36747314341694, 25.342674151418258], [90.36744888800595, 25.342752062831213], [90.36743333727009, 25.342831769225214], [90.36742664482122, 25.34291247902992], [90.36742887713471, 25.342993390122743], [90.36744001265096, 25.34307369794775], [90.36745994087721, 25.34315260444598], [90.36748846238748, 25.34322932617402], [90.36752529511078, 25.343303099986876], [90.36757007253443, 25.343373191968286], [90.36762234999239, 25.343438907172494], [90.36768160646179, 25.343499591247948], [90.36774725444444, 25.34355464099088], [90.36781864176344, 25.34360351083989], [90.3678950578514, 25.343645713687412], [90.3679757436319, 25.343680829809664], [90.36805989780773, 25.343708511737564], [90.368146683149, 25.34372848263267], [90.36823523727307, 25.343740546029185], [90.36832468072927, 25.3437445801508], [90.36841412418548, 25.343740546029185], [90.36850267830958, 25.34372848263267], [90.36858946365084, 25.343708511737564], [90.36867361782666, 25.343680829809664], [90.36875430360716, 25.343645713687412], [90.36883071969514, 25.34360351083989], [90.36890210701412, 25.34355464099088], [90.36896775499677, 25.343499591247948], [90.36902701146617, 25.343438907172494], [90.36907928892413, 25.343373191968286], [90.36912406634778, 25.343303099986876], [90.36916089907106, 25.34322932617402], [90.36918942058135, 25.34315260444598], [90.36920934880759, 25.34307369794775], [90.36922048432389, 25.342993390122743], [90.36922271663732, 25.34291247902992], [90.36921602418849, 25.342831769225214], [90.36920047345261, 25.342752062831213], [90.3691762180416, 25.342674151418258], [90.36914350050066, 25.342598810321384], [90.36910264422319, 25.342526787273986], [90.36905405704442, 25.342458798348257], [90.36899822046134, 25.342395519836046], [90.36893569053102, 25.342337580130025], [90.3688670870911, 25.34228555485207], [90.36879309375945, 25.34223996198151], [90.36871444535801, 25.342201253736192], [90.36863192252274, 25.342169814948363], [90.36854634631386, 25.342145959004952], [90.36845856743584, 25.34212992135234], [90.36836945815293, 25.342121862743703], [90.36827990330562, 25.342121862743703], [90.36819079402271, 25.34212992135234]], [[90.39010379221034, 25.342915655851417], [90.39001601333234, 25.34293169339985], [90.38993043712344, 25.342955549188343], [90.38984791428817, 25.34298698777197], [90.38976926588673, 25.34302569576588], [90.38969527255507, 25.343071288340305], [90.38962666911515, 25.34312331328037], [90.38956413918484, 25.343181252610055], [90.38950830260177, 25.343244530711303], [90.38945971542299, 25.343312519195457], [90.38941885914552, 25.34338454177506], [90.38938614160458, 25.34345988238261], [90.38936188619358, 25.34353779328954], [90.38934633545769, 25.34361749916585], [90.38933964300885, 25.34369820844632], [90.3893418753223, 25.34377911901363], [90.38935301083859, 25.343859426317024], [90.38937293906484, 25.34393833230275], [90.38940146057512, 25.344015053532463], [90.3894382932984, 25.344088826866173], [90.38948307072205, 25.34415891839228], [90.38953534818, 25.34422463316966], [90.3895946046494, 25.344285316850964], [90.38966025263205, 25.344340366236366], [90.38973163995104, 25.34438923576797], [90.389808056039, 25.344431438341363], [90.38988874181952, 25.344466554235535], [90.38997289599534, 25.344494235983632], [90.3900596813366, 25.344514206749018], [90.39014823546071, 25.344526270067178], [90.3902376789169, 25.3445303041626], [90.39032712237311, 25.344526270067178], [90.39041567649717, 25.344514206749018], [90.39050246183847, 25.344494235983632], [90.39058661601429, 25.344466554235535], [90.39066730179478, 25.344431438341363], [90.39074371788274, 25.34438923576797], [90.39081510520175, 25.344340366236366], [90.3908807531844, 25.344285316850964], [90.39094000965382, 25.34422463316966], [90.39099228711176, 25.34415891839228], [90.39103706453541, 25.344088826866173], [90.3910738972587, 25.344015053532463], [90.39110241876898, 25.34393833230275], [90.39112234699522, 25.343859426317024], [90.39113348251148, 25.34377911901363], [90.39113571482497, 25.34369820844632], [90.39112902237609, 25.34361749916585], [90.39111347164022, 25.34353779328954], [90.39108921622923, 25.34345988238261], [90.39105649868829, 25.34338454177506], [90.39101564241084, 25.343312519195457], [90.39096705523205, 25.343244530711303], [90.39091121864894, 25.343181252610055], [90.39084868871863, 25.34312331328037], [90.3907800852787, 25.343071288340305], [90.39070609194708, 25.34302569576588], [90.39062744354564, 25.34298698777197], [90.39054492071038, 25.342955549188343], [90.39045934450148, 25.34293169339985], [90.39037156562347, 25.342915655851417], [90.39028245634056, 25.342907597295085], [90.39019290149326, 25.342907597295085], [90.39010379221034, 25.342915655851417]], [[90.37773605327988, 25.345146234022383], [90.37770333573893, 25.3450708944651], [90.3776624794615, 25.344998872889512], [90.37761389228274, 25.344930885353136], [90.37755805569962, 25.344867608134], [90.37749552576932, 25.344809669612008], [90.37742692232938, 25.34475764539721], [90.37735292899774, 25.344712053458323], [90.3772742805963, 25.34467334600401], [90.37719175776103, 25.344641907858627], [90.37710618155214, 25.34461805240271], [90.37701840267415, 25.344602015077832], [90.3769292933912, 25.344593956633833], [90.37683973854391, 25.344593956633833], [90.37675062926098, 25.344602015077832], [90.37666285038301, 25.34461805240271], [90.37657727417408, 25.344641907858627], [90.37649475133883, 25.34467334600401], [90.37641610293738, 25.344712053458323], [90.37634210960576, 25.34475764539721], [90.37627350616582, 25.344809669612008], [90.37621097623553, 25.344867608134], [90.37615513965241, 25.344930885353136], [90.37610655247363, 25.344998872889512], [90.3760656961962, 25.3450708944651], [90.37603297865522, 25.345146234022383], [90.37600872324425, 25.34522414384319], [90.37599317250837, 25.345303848608363], [90.3759864800595, 25.345384556763708], [90.37598871237299, 25.34546546620308], [90.37599984788925, 25.34554577238696], [90.37601977611551, 25.34562467727268], [90.37604829762576, 25.34570139743285], [90.37608513034904, 25.34577516973811], [90.37612990777271, 25.34584526028709], [90.37618218523065, 25.345910974148364], [90.37624144170006, 25.345971656983682], [90.37630708968271, 25.34602670560164], [90.37637847700172, 25.346075574451966], [90.37645489308967, 25.346117776437023], [90.37653557887018, 25.346152891841655], [90.37661973304598, 25.346180573203835], [90.3767065183873, 25.34620054369081], [90.37679507251136, 25.346212606840798], [90.37688451596755, 25.346216640879987], [90.3769739594238, 25.346212606840798], [90.37706251354787, 25.34620054369081], [90.37714929888915, 25.346180573203835], [90.37723345306493, 25.346152891841655], [90.37731413884546, 25.346117776437023], [90.37739055493343, 25.346075574451966], [90.3774619422524, 25.34602670560164], [90.37752759023505, 25.345971656983682], [90.37758684670445, 25.345910974148364], [90.37763912416241, 25.34584526028709], [90.37768390158605, 25.34577516973811], [90.37772073430935, 25.34570139743285], [90.37774925581962, 25.34562467727268], [90.3777691840459, 25.34554577238696], [90.37778031956216, 25.34546546620308], [90.37778255187564, 25.345384556763708], [90.37777585942678, 25.345303848608363], [90.37776030869088, 25.34522414384319], [90.37773605327988, 25.345146234022383]], [[90.34643803192559, 25.34612973567951], [90.34647486464887, 25.346055963590526], [90.34650338615911, 25.34597924365521], [90.34652331438538, 25.345900339000778], [90.34653444990164, 25.3458200330523], [90.34653668221513, 25.345739123850095], [90.34652998976625, 25.345658415931357], [90.34651443903037, 25.34557871139979], [90.34649018361941, 25.345500801807344], [90.34645746607842, 25.345425462470935], [90.346416609801, 25.345353441106457], [90.34636802262222, 25.345285453769325], [90.3463121860391, 25.345222176735714], [90.34624965610881, 25.345164238383553], [90.34618105266887, 25.345112214321205], [90.34610705933724, 25.345066622515954], [90.3460284109358, 25.345027915175113], [90.34594588810054, 25.344996477121875], [90.34586031189161, 25.344972621735877], [90.34577253301364, 25.344956584458046], [90.34568342373072, 25.344948526037662], [90.34559386888343, 25.344948526037662], [90.34550475960047, 25.344956584458046], [90.3454169807225, 25.344972621735877], [90.3453314045136, 25.344996477121875], [90.34524888167834, 25.345027915175113], [90.34517023327689, 25.345066622515954], [90.34509623994525, 25.345112214321205], [90.3450276365053, 25.345164238383553], [90.344965106575, 25.345222176735714], [90.34490926999189, 25.345285453769325], [90.34486068281312, 25.345353441106457], [90.3448198265357, 25.345425462470935], [90.34478710899475, 25.345500801807344], [90.34476285358375, 25.34557871139979], [90.34474730284785, 25.345658415931357], [90.34474061039899, 25.345739123850095], [90.34474284271246, 25.3458200330523], [90.34475397822872, 25.345900339000778], [90.344773906455, 25.34597924365521], [90.34480242796528, 25.346055963590526], [90.34483926068857, 25.34612973567951], [90.34488403811221, 25.34619982602306], [90.34493631557018, 25.3462655396917], [90.34499557203958, 25.346326222349145], [90.34506122002223, 25.346381270805722], [90.3451326073412, 25.34643013951281], [90.34520902342916, 25.34647234137417], [90.3452897092097, 25.346507456675827], [90.34537386338548, 25.346535137956867], [90.34546064872677, 25.34655510838533], [90.34554920285083, 25.346567171499963], [90.34563864630708, 25.34657120552732], [90.34572808976327, 25.346567171499963], [90.34581664388733, 25.34655510838533], [90.34590342922864, 25.346535137956867], [90.34598758340445, 25.346507456675827], [90.34606826918495, 25.34647234137417], [90.3461446852729, 25.34643013951281], [90.34621607259191, 25.346381270805722], [90.34628172057457, 25.346326222349145], [90.34634097704398, 25.3462655396917], [90.34639325450192, 25.34619982602306], [90.34643803192559, 25.34612973567951]], [[90.35553996091195, 25.346156718863224], [90.35545218203396, 25.346172755981936], [90.35536660582505, 25.34619661113125], [90.3552840829898, 25.346228048872565], [90.35520543458834, 25.346266755829376], [90.35513144125673, 25.346312347182273], [90.35506283781679, 25.346364370728455], [90.35500030788647, 25.346422308505776], [90.35494447130338, 25.346485584911584], [90.3548958841246, 25.34655357157416], [90.35485502784714, 25.346625592224054], [90.35482231030619, 25.346700930812943], [90.3547980548952, 25.3467788396324], [90.35478250415932, 25.346858543373145], [90.35477581171047, 25.34693925049112], [90.35477804402393, 25.347020158890547], [90.3547891795402, 25.34710046404224], [90.35480910776646, 25.347179367913782], [90.35483762927673, 25.347256087087878], [90.35487446200001, 25.347329858444887], [90.35491923942367, 25.347399948093017], [90.35497151688162, 25.34746566110964], [90.35503077335103, 25.34752634316497], [90.35509642133368, 25.347581391075344], [90.3551678086527, 25.347630259297564], [90.35524422474066, 25.34767246074018], [90.35532491052113, 25.34770757569343], [90.35540906469696, 25.34773525669981], [90.35549585003825, 25.347755226930126], [90.35558440416233, 25.347767289925066], [90.35567384761852, 25.3477713239124], [90.35576329107472, 25.347767289925066], [90.3558518451988, 25.347755226930126], [90.3559386305401, 25.34773525669981], [90.35602278471592, 25.34770757569343], [90.3561034704964, 25.34767246074018], [90.35617988658437, 25.347630259297564], [90.35625127390338, 25.347581391075344], [90.35631692188603, 25.34752634316497], [90.35637617835543, 25.34746566110964], [90.35642845581339, 25.347399948093017], [90.35647323323704, 25.347329858444887], [90.35651006596032, 25.347256087087878], [90.3565385874706, 25.347179367913782], [90.35655851569685, 25.34710046404224], [90.35656965121309, 25.347020158890547], [90.35657188352658, 25.34693925049112], [90.35656519107775, 25.346858543373145], [90.35654964034185, 25.3467788396324], [90.35652538493086, 25.346700930812943], [90.35649266738992, 25.346625592224054], [90.35645181111245, 25.34655357157416], [90.35640322393367, 25.346485584911584], [90.35634738735055, 25.346422308505776], [90.35628485742025, 25.346364370728455], [90.35621625398032, 25.346312347182273], [90.35614226064871, 25.346266755829376], [90.35606361224725, 25.346228048872565], [90.355981089412, 25.34619661113125], [90.3558955132031, 25.346172755981936], [90.35580773432508, 25.346156718863224], [90.35571862504217, 25.346148660522797], [90.35562907019488, 25.346148660522797], [90.35553996091195, 25.346156718863224]], [[90.41059976091934, 25.346226791330594], [90.41066540890195, 25.346281839832425], [90.41073679622096, 25.34633070857969], [90.41081321230891, 25.34637291047573], [90.41089389808941, 25.346408025806266], [90.41097805226524, 25.346435707110064], [90.41106483760653, 25.346455677554943], [90.41115339173061, 25.346467740679483], [90.41124283518683, 25.34647177471016], [90.41133227864303, 25.346467740679483], [90.4114208327671, 25.346455677554943], [90.41150761810839, 25.346435707110064], [90.41159177228421, 25.346408025806266], [90.41167245806471, 25.34637291047573], [90.41174887415266, 25.34633070857969], [90.41182026147168, 25.346281839832425], [90.41188590945433, 25.346226791330594], [90.41194516592373, 25.346166108623276], [90.41199744338168, 25.34610039490062], [90.41204222080533, 25.346030304499475], [90.4120790535286, 25.345956532349806], [90.41210757503887, 25.34587981235144], [90.41212750326514, 25.34580090763215], [90.4121386387814, 25.345720601617693], [90.41214087109488, 25.345639692348954], [90.41213417864601, 25.345558984363855], [90.41211862791012, 25.345479279766767], [90.41209437249917, 25.34540137011029], [90.41206165495817, 25.34532603071195], [90.41202079868074, 25.34525400928826], [90.41197221150198, 25.345186021895255], [90.41191637491886, 25.345122744809622], [90.41185384498857, 25.345064806409844], [90.41178524154863, 25.34501278230472], [90.411711248217, 25.344967190462004], [90.41163259981556, 25.344928483089333], [90.4115500769803, 25.344897045010256], [90.41146450077137, 25.34487318960465], [90.4113767218934, 25.34485715231363], [90.4112876126105, 25.34484909388663], [90.41119805776317, 25.34484909388663], [90.41110894848023, 25.34485715231363], [90.41102116960225, 25.34487318960465], [90.41093559339333, 25.344897045010256], [90.41085307055808, 25.344928483089333], [90.41077442215666, 25.344967190462004], [90.41070042882501, 25.34501278230472], [90.41063182538507, 25.345064806409844], [90.41056929545478, 25.345122744809622], [90.41051345887165, 25.345186021895255], [90.41046487169288, 25.34525400928826], [90.41042401541546, 25.34532603071195], [90.4103912978745, 25.34540137011029], [90.4103670424635, 25.345479279766767], [90.41035149172762, 25.345558984363855], [90.41034479927875, 25.345639692348954], [90.41034703159222, 25.345720601617693], [90.41035816710848, 25.34580090763215], [90.41037809533476, 25.34587981235144], [90.41040661684504, 25.345956532349806], [90.41044344956829, 25.346030304499475], [90.41048822699194, 25.34610039490062], [90.41054050444994, 25.346166108623276], [90.41059976091934, 25.346226791330594]], [[90.36862525432839, 25.349142147663134], [90.36857666714963, 25.34907416245565], [90.36852083056652, 25.349010887404074], [90.3684583006362, 25.34895295086672], [90.36838969719626, 25.348900928433963], [90.36831570386464, 25.348855338056808], [90.3682370554632, 25.348816631928393], [90.36815453262794, 25.348785194859893], [90.36806895641905, 25.34876134022112], [90.36798117754104, 25.348745303445604], [90.36789206825813, 25.34873724527768], [90.36780251341082, 25.34873724527768], [90.36771340412791, 25.348745303445604], [90.3676256252499, 25.34876134022112], [90.36754004904101, 25.348785194859893], [90.36745752620574, 25.348816631928393], [90.36737887780428, 25.348855338056808], [90.36730488447267, 25.348900928433963], [90.36723628103275, 25.34895295086672], [90.36717375110241, 25.349010887404074], [90.36711791451933, 25.34907416245565], [90.36706932734054, 25.349142147663134], [90.3670284710631, 25.34921416677164], [90.36699575352215, 25.34928950374817], [90.36697149811114, 25.3493674109002], [90.36695594737526, 25.349447112935074], [90.36694925492641, 25.349527818325754], [90.36695148723987, 25.349608724993548], [90.36696262275615, 25.349689028426518], [90.3669825509824, 25.349767930609318], [90.36701107249267, 25.349844648141392], [90.36704790521597, 25.34991841791955], [90.36709268263962, 25.34998850606755], [90.36714496009758, 25.350054217677734], [90.36720421656698, 25.350114898434313], [90.36726986454963, 25.35016994516651], [90.36734125186862, 25.35021881234277], [90.3674176679566, 25.35026101288215], [90.36749835373709, 25.350296127083872], [90.36758250791291, 25.35032380749779], [90.3676692932542, 25.35034377730065], [90.36775784737827, 25.35035584003741], [90.36784729083448, 25.35035987393841], [90.36793673429067, 25.35035584003741], [90.36802528841476, 25.35034377730065], [90.36811207375604, 25.35032380749779], [90.36819622793186, 25.350296127083872], [90.36827691371235, 25.35026101288215], [90.3683533298003, 25.35021881234277], [90.36842471711931, 25.35016994516651], [90.36849036510196, 25.350114898434313], [90.36854962157138, 25.350054217677734], [90.36860189902933, 25.34998850606755], [90.36864667645298, 25.34991841791955], [90.36868350917626, 25.349844648141392], [90.36871203068655, 25.349767930609318], [90.36873195891279, 25.349689028426518], [90.36874309442905, 25.349608724993548], [90.36874532674253, 25.349527818325754], [90.36873863429368, 25.349447112935074], [90.3687230835578, 25.3493674109002], [90.3686988281468, 25.34928950374817], [90.36866611060586, 25.34921416677164], [90.36862525432839, 25.349142147663134]], [[90.34773015695217, 25.35034103012362], [90.34772346450329, 25.350260325275617], [90.3477079137674, 25.35018062377667], [90.3476836583564, 25.350102717148502], [90.34765094081546, 25.350027380678558], [90.34761008453803, 25.34995536205432], [90.34756149735925, 25.349887377303972], [90.34750566077612, 25.34982410267784], [90.34744313084583, 25.349766166530067], [90.3473745274059, 25.34971414444712], [90.34730053407425, 25.349668554376517], [90.34722188567284, 25.34962984850836], [90.34713936283758, 25.349598411651254], [90.34705378662863, 25.349574557172886], [90.34696600775067, 25.349558520505198], [90.34687689846771, 25.349550462391445], [90.34678734362045, 25.349550462391445], [90.34669823433751, 25.349558520505198], [90.34661045545953, 25.349574557172886], [90.3465248792506, 25.349598411651254], [90.34644235641534, 25.34962984850836], [90.34636370801393, 25.349668554376517], [90.34628971468227, 25.34971414444712], [90.34622111124234, 25.349766166530067], [90.34615858131204, 25.34982410267784], [90.34610274472892, 25.349887377303972], [90.34605415755014, 25.34995536205432], [90.34601330127272, 25.350027380678558], [90.34598058373177, 25.350102717148502], [90.34595632832078, 25.35018062377667], [90.34594077758489, 25.350260325275617], [90.34593408513601, 25.35034103012362], [90.3459363174495, 25.350421936247386], [90.34594745296575, 25.35050223914036], [90.34596738119203, 25.350581140792602], [90.34599590270231, 25.350657857808805], [90.34603273542557, 25.350731627090898], [90.3460775128492, 25.35080171476759], [90.3461297903072, 25.35086742593592], [90.34618904677657, 25.35092810628445], [90.34625469475922, 25.350983152646517], [90.34632608207824, 25.351032019494177], [90.3464024981662, 25.351074219749787], [90.34648318394669, 25.35110933371537], [90.34656733812251, 25.351137013943163], [90.3466541234638, 25.35115698361174], [90.34674267758787, 25.35116904626738], [90.3468321210441, 25.35117308014126], [90.3469215645003, 25.35116904626738], [90.34701011862437, 25.35115698361174], [90.34709690396565, 25.351137013943163], [90.34718105814149, 25.35110933371537], [90.34726174392198, 25.351074219749787], [90.34733816000994, 25.351032019494177], [90.34740954732895, 25.350983152646517], [90.3474751953116, 25.35092810628445], [90.34753445178097, 25.35086742593592], [90.34758672923896, 25.35080171476759], [90.3476315066626, 25.350731627090898], [90.34766833938586, 25.350657857808805], [90.34769686089615, 25.350581140792602], [90.34771678912242, 25.35050223914036], [90.34772792463866, 25.350421936247386], [90.34773015695217, 25.35034103012362]], [[90.31082334422132, 25.35115423807679], [90.31089473154029, 25.35110537127852], [90.31096037952294, 25.351050324972086], [90.31101963599235, 25.350989644684876], [90.31107191345033, 25.35092393358296], [90.31111669087396, 25.350853845977117], [90.31115352359724, 25.350780076769563], [90.31118204510753, 25.350703359830877], [90.3112019733338, 25.350624458258363], [90.31121310885005, 25.35054415544657], [90.31121534116353, 25.35046324940458], [90.31120864871465, 25.35038254463813], [90.31119309797877, 25.350302843219712], [90.31116884256778, 25.35022493667027], [90.31113612502682, 25.350149600276485], [90.3110952687494, 25.350077581725028], [90.31104668157062, 25.350009597043368], [90.3109908449875, 25.349946322481212], [90.31092831505723, 25.349888386391992], [90.31085971161728, 25.349836364361582], [90.31078571828562, 25.349790774337052], [90.31070706988417, 25.349752068508014], [90.31062454704892, 25.349720631682676], [90.31053897084003, 25.349696777228438], [90.31045119196206, 25.34968074057696], [90.3103620826791, 25.349672682471326], [90.3102725278318, 25.349672682471326], [90.31018341854889, 25.34968074057696], [90.3100956396709, 25.349696777228438], [90.31001006346199, 25.349720631682676], [90.30992754062672, 25.349752068508014], [90.30984889222528, 25.349790774337052], [90.30977489889366, 25.349836364361582], [90.30970629545372, 25.349888386391992], [90.30964376552342, 25.349946322481212], [90.3095879289403, 25.350009597043368], [90.30953934176154, 25.350077581725028], [90.30949848548411, 25.350149600276485], [90.30946576794312, 25.35022493667027], [90.30944151253216, 25.350302843219712], [90.30942596179626, 25.35038254463813], [90.3094192693474, 25.35046324940458], [90.30942150166088, 25.35054415544657], [90.30943263717714, 25.350624458258363], [90.30945256540342, 25.350703359830877], [90.30948108691366, 25.350780076769563], [90.30951791963695, 25.350853845977117], [90.3095626970606, 25.35092393358296], [90.30961497451855, 25.350989644684876], [90.30967423098795, 25.351050324972086], [90.3097398789706, 25.35110537127852], [90.30981126628961, 25.35115423807679], [90.30988768237756, 25.351196438289758], [90.30996836815807, 25.35123155221982], [90.31005252233389, 25.35125923241967], [90.31013930767517, 25.351279202068064], [90.31022786179925, 25.351291264711513], [90.31031730525545, 25.351295298581306], [90.31040674871169, 25.351291264711513], [90.31049530283575, 25.351279202068064], [90.31058208817704, 25.35125923241967], [90.31066624235282, 25.35123155221982], [90.31074692813337, 25.351196438289758], [90.31082334422132, 25.35115423807679]], [[90.38506530258014, 25.351175837041094], [90.38500946599702, 25.35123911095995], [90.38496087881825, 25.351307094950425], [90.38492002254083, 25.351379112769678], [90.38488730499984, 25.35145444839756], [90.38486304958887, 25.35153235415493], [90.38484749885299, 25.351612054763006], [90.38484080640411, 25.351692758708925], [90.38484303871759, 25.35177366392835], [90.38485417423387, 25.351853965923706], [90.38487410246013, 25.351932866694007], [90.38490262397038, 25.35200958285272], [90.38493945669366, 25.352083351310245], [90.38498423411733, 25.352153438203505], [90.38503651157527, 25.352219148637317], [90.38509576804468, 25.352279828307584], [90.38516141602733, 25.352334874054357], [90.38523280334634, 25.352383740355787], [90.38530921943429, 25.352425940139685], [90.3853899052148, 25.352461053712748], [90.3854740593906, 25.352488733631162], [90.3855608447319, 25.352508703076516], [90.38564939885596, 25.352520765597326], [90.38573884231216, 25.352524799426103], [90.3858282857684, 25.352520765597326], [90.38591683989247, 25.352508703076516], [90.38600362523377, 25.352488733631162], [90.38608777940955, 25.352461053712748], [90.38616846519008, 25.352425940139685], [90.38624488127803, 25.352383740355787], [90.38631626859701, 25.352334874054357], [90.38638191657967, 25.352279828307584], [90.38644117304906, 25.352219148637317], [90.38649345050705, 25.352153438203505], [90.38653822793071, 25.352083351310245], [90.38657506065395, 25.35200958285272], [90.38660358216424, 25.351932866694007], [90.3866235103905, 25.351853965923706], [90.38663464590678, 25.35177366392835], [90.38663687822026, 25.351692758708925], [90.38663018577138, 25.351612054763006], [90.3866146350355, 25.35153235415493], [90.3865903796245, 25.35145444839756], [90.38655766208355, 25.351379112769678], [90.38651680580612, 25.351307094950425], [90.38646821862734, 25.35123911095995], [90.38641238204423, 25.351175837041094], [90.38634985211394, 25.3511179015409], [90.386281248674, 25.351065880039393], [90.38620725534234, 25.35102029047839], [90.38612860694089, 25.35098158504284], [90.38604608410563, 25.350950148537137], [90.38596050789674, 25.350926294325387], [90.38587272901877, 25.350910257836944], [90.38578361973582, 25.350902199813238], [90.38569406488851, 25.350902199813238], [90.3856049556056, 25.350910257836944], [90.38551717672763, 25.350926294325387], [90.3854316005187, 25.350950148537137], [90.38534907768344, 25.35098158504284], [90.385270429282, 25.35102029047839], [90.38519643595038, 25.351065880039393], [90.38512783251043, 25.3511179015409], [90.38506530258014, 25.351175837041094]], [[90.35044824160958, 25.356231834438145], [90.35043269087373, 25.35615213687508], [90.35040843546274, 25.356074234094166], [90.35037571792175, 25.355998901344556], [90.35033486164433, 25.355926886276787], [90.35028627446555, 25.355858904883668], [90.35023043788243, 25.35579563338221], [90.35016790795214, 25.355737700095467], [90.35009930451221, 25.355685680581452], [90.35002531118059, 25.355640092762172], [90.34994666277915, 25.35560138880539], [90.34986413994389, 25.355569953500687], [90.34977856373494, 25.355546100200304], [90.34969078485697, 25.355530064324565], [90.34960167557406, 25.355522006608698], [90.34951212072674, 25.355522006608698], [90.34942301144382, 25.355530064324565], [90.34933523256583, 25.355546100200304], [90.34924965635693, 25.355569953500687], [90.34916713352168, 25.35560138880539], [90.34908848512023, 25.355640092762172], [90.34901449178858, 25.355685680581452], [90.34894588834865, 25.355737700095467], [90.34888335841835, 25.35579563338221], [90.34882752183523, 25.355858904883668], [90.34877893465648, 25.355926886276787], [90.34873807837903, 25.355998901344556], [90.34870536083807, 25.356074234094166], [90.34868110542708, 25.35615213687508], [90.3486655546912, 25.356231834438145], [90.34865886224232, 25.35631253530067], [90.34866109455581, 25.356393437429027], [90.3486722300721, 25.356473736356367], [90.34869215829833, 25.356552634112152], [90.34872067980861, 25.35662934733982], [90.3487575125319, 25.356703112978877], [90.34880228995556, 25.35677319719438], [90.34885456741351, 25.35683890511761], [90.34891382388291, 25.3568995824695], [90.34897947186556, 25.356954626113108], [90.34905085918453, 25.357003490547527], [90.3491272752725, 25.3570456887191], [90.34920796105303, 25.35708080095058], [90.3492921152288, 25.357108479811394], [90.3493789005701, 25.3571284484938], [90.34946745469418, 25.35714051055372], [90.3495568981504, 25.35714454422838], [90.3496463416066, 25.35714051055372], [90.34973489573068, 25.3571284484938], [90.34982168107196, 25.357108479811394], [90.34990583524778, 25.35708080095058], [90.34998652102828, 25.3570456887191], [90.35006293711625, 25.357003490547527], [90.35013432443525, 25.356954626113108], [90.3501999724179, 25.3568995824695], [90.3502592288873, 25.35683890511761], [90.35031150634525, 25.35677319719438], [90.3503562837689, 25.356703112978877], [90.3503931164922, 25.35662934733982], [90.35042163800244, 25.356552634112152], [90.35044156622872, 25.356473736356367], [90.35045270174497, 25.356393437429027], [90.35045493405846, 25.35631253530067], [90.35044824160958, 25.356231834438145]], [[90.39996985063524, 25.357008769480107], [90.39988207175728, 25.357024805159746], [90.39979649554837, 25.35704865816837], [90.39971397271312, 25.357080093088594], [90.39963532431166, 25.35711879657201], [90.39956133098002, 25.357164383833723], [90.39949272754008, 25.35721640271151], [90.39943019760979, 25.35727433528971], [90.39937436102666, 25.357337606017307], [90.39932577384789, 25.35740558657898], [90.39928491757047, 25.357477600765964], [90.39925220002952, 25.357552932594192], [90.39922794461852, 25.357630834422316], [90.39921239388262, 25.357710531010618], [90.39920570143376, 25.357791230886114], [90.39920793374725, 25.35787213202496], [90.3992190692635, 25.35795242997016], [90.39923899748977, 25.358031326760965], [90.39926751900005, 25.35810803905034], [90.39930435172332, 25.358181803787204], [90.39934912914697, 25.35825188714548], [90.39940140660494, 25.35831759426504], [90.39946066307435, 25.358378270874773], [90.399526311057, 25.358433313845165], [90.39959769837597, 25.358482177681893], [90.39967411446393, 25.35852437533734], [90.39975480024445, 25.358559487139356], [90.39983895442026, 25.358587165661643], [90.39992573976154, 25.35860713409978], [90.4000142938856, 25.358619196012175], [90.40010373734185, 25.358623229637498], [90.40019318079804, 25.358619196012175], [90.40028173492212, 25.35860713409978], [90.40036852026341, 25.358587165661643], [90.40045267443924, 25.358559487139356], [90.40053336021973, 25.35852437533734], [90.40060977630768, 25.358482177681893], [90.4006811636267, 25.358433313845165], [90.40074681160934, 25.358378270874773], [90.40080606807875, 25.35831759426504], [90.4008583455367, 25.35825188714548], [90.40090312296036, 25.358181803787204], [90.40093995568364, 25.35810803905034], [90.40096847719389, 25.358031326760965], [90.40098840542016, 25.35795242997016], [90.40099954093641, 25.35787213202496], [90.4010017732499, 25.357791230886114], [90.40099508080102, 25.357710531010618], [90.40097953006514, 25.357630834422316], [90.40095527465418, 25.357552932594192], [90.40092255711319, 25.357477600765964], [90.40088170083577, 25.35740558657898], [90.40083311365699, 25.357337606017307], [90.40077727707387, 25.35727433528971], [90.40071474714358, 25.35721640271151], [90.40064614370364, 25.357164383833723], [90.40057215037203, 25.35711879657201], [90.40049350197057, 25.357080093088594], [90.40041097913532, 25.35704865816837], [90.4003254029264, 25.357024805159746], [90.40023762404842, 25.357008769480107], [90.40014851476549, 25.35700071186279], [90.4000589599182, 25.35700071186279], [90.39996985063524, 25.357008769480107]], [[90.36415169811241, 25.358558594205142], [90.36412744270142, 25.358480692974858], [90.36409472516046, 25.358405361724717], [90.36405386888299, 25.358333348090397], [90.36400528170425, 25.35826536805044], [90.36394944512114, 25.35820209780838], [90.36388691519085, 25.358144165674737], [90.3638183117509, 25.35809214719617], [90.36374431841925, 25.358046560284308], [90.36366567001781, 25.358007857097906], [90.36358314718255, 25.357976422418908], [90.36349757097366, 25.35795256959329], [90.36340979209568, 25.3579365340367], [90.36332068281274, 25.357928476481277], [90.36323112796542, 25.357928476481277], [90.36314201868251, 25.3579365340367], [90.36305423980454, 25.35795256959329], [90.36296866359561, 25.357976422418908], [90.36288614076035, 25.358007857097906], [90.3628074923589, 25.358046560284308], [90.36273349902729, 25.35809214719617], [90.36266489558734, 25.358144165674737], [90.36260236565705, 25.35820209780838], [90.36254652907392, 25.35826536805044], [90.36249794189516, 25.358333348090397], [90.36245708561773, 25.358405361724717], [90.36242436807674, 25.358480692974858], [90.36240011266578, 25.358558594205142], [90.3623845619299, 25.35863829018181], [90.36237786948102, 25.358718989438], [90.36238010179451, 25.358799889956], [90.36239123731076, 25.35888018728499], [90.36241116553704, 25.358959083470317], [90.36243968704729, 25.359035795170985], [90.36247651977058, 25.35910955934171], [90.36252129719423, 25.359179642162168], [90.36257357465219, 25.359245348777467], [90.36263283112159, 25.359306024921544], [90.36269847910424, 25.359361067469493], [90.36276986642324, 25.359409930931246], [90.3628462825112, 25.35945212826281], [90.3629269682917, 25.359487239795396], [90.36301112246753, 25.359514918105237], [90.36309790780881, 25.359534886390122], [90.36318646193287, 25.35954694820995], [90.36327590538907, 25.359550981804357], [90.3633653488453, 25.35954694820995], [90.36345390296938, 25.359534886390122], [90.36354068831068, 25.359514918105237], [90.36362484248646, 25.359487239795396], [90.36370552826699, 25.35945212826281], [90.36378194435495, 25.359409930931246], [90.36385333167392, 25.359361067469493], [90.36391897965657, 25.359306024921544], [90.36397823612597, 25.359245348777467], [90.36403051358393, 25.359179642162168], [90.36407529100758, 25.35910955934171], [90.36411212373086, 25.359035795170985], [90.36414064524115, 25.358959083470317], [90.36416057346739, 25.35888018728499], [90.36417170898369, 25.358799889956], [90.36417394129717, 25.358718989438], [90.36416724884829, 25.35863829018181], [90.36415169811241, 25.358558594205142]], [[90.38966858899789, 25.361544742857944], [90.38974500508586, 25.36150254625684], [90.38981639240487, 25.361453683640974], [90.38988204038752, 25.361398642045895], [90.38994129685692, 25.36133796695219], [90.38999357431487, 25.361272261474358], [90.39003835173853, 25.36120217986713], [90.39007518446178, 25.361128416973333], [90.39010370597205, 25.361051706600637], [90.39012363419833, 25.36097281178109], [90.39013476971458, 25.360892515842117], [90.39013700202807, 25.36081161672459], [90.39013030957919, 25.360730918865414], [90.39011475884331, 25.360651224268306], [90.39009050343235, 25.360573324386568], [90.39005778589136, 25.3604979944405], [90.39001692961394, 25.360425982052757], [90.38996834243515, 25.360358003189564], [90.38991250585204, 25.360294734042764], [90.38984997592175, 25.360236802911988], [90.38978137248182, 25.36018478533386], [90.38970737915015, 25.36013919921113], [90.38962873074875, 25.360100496694695], [90.38954620791348, 25.360069062559848], [90.38946063170457, 25.36004521014715], [90.38937285282658, 25.360029174868167], [90.38928374354366, 25.360021117452177], [90.38919418869637, 25.360021117452177], [90.38910507941343, 25.360029174868167], [90.38901730053544, 25.36004521014715], [90.38893172432651, 25.360069062559848], [90.38884920149124, 25.360100496694695], [90.38877055308984, 25.36013919921113], [90.38869655975817, 25.36018478533386], [90.38862795631825, 25.360236802911988], [90.38856542638796, 25.360294734042764], [90.38850958980484, 25.360358003189564], [90.38846100262606, 25.360425982052757], [90.38842014634864, 25.3604979944405], [90.38838742880769, 25.360573324386568], [90.3883631733967, 25.360651224268306], [90.3883476226608, 25.360730918865414], [90.38834093021192, 25.36081161672459], [90.38834316252542, 25.360892515842117], [90.38835429804166, 25.36097281178109], [90.38837422626796, 25.361051706600637], [90.38840274777822, 25.361128416973333], [90.38843958050148, 25.36120217986713], [90.38848435792514, 25.361272261474358], [90.38853663538312, 25.36133796695219], [90.38859589185249, 25.361398642045895], [90.38866153983514, 25.361453683640974], [90.38873292715414, 25.36150254625684], [90.3888093432421, 25.361544742857944], [90.3888900290226, 25.36157985378266], [90.38897418319843, 25.36160753161335], [90.38906096853971, 25.361627499552593], [90.38914952266379, 25.361639561163614], [90.38923896612002, 25.36164359468815], [90.38932840957621, 25.361639561163614], [90.38941696370028, 25.361627499552593], [90.38950374904158, 25.36160753161335], [90.3895879032174, 25.36157985378266], [90.38966858899789, 25.361544742857944]], [[90.33320076332599, 25.361005864294377], [90.3331382333957, 25.36094793350442], [90.33306962995576, 25.360895916232312], [90.33299563662412, 25.360850330377755], [90.33291698822266, 25.360811628089007], [90.33283446538739, 25.36078019413908], [90.3327488891785, 25.360756341866715], [90.33266111030053, 25.360740306682057], [90.33257200101758, 25.36073224931347], [90.33248244617027, 25.36073224931347], [90.33239333688736, 25.360740306682057], [90.3323055580094, 25.360756341866715], [90.33221998180046, 25.36078019413908], [90.3321374589652, 25.360811628089007], [90.33205881056377, 25.360850330377755], [90.33198481723214, 25.360895916232312], [90.3319162137922, 25.36094793350442], [90.33185368386191, 25.361005864294377], [90.33179784727878, 25.361069133068977], [90.33174926010001, 25.361137111532248], [90.33170840382259, 25.36120912349633], [90.3316756862816, 25.36128445299924], [90.33165143087064, 25.361362352422674], [90.33163588013475, 25.36144204655093], [90.33162918768588, 25.361522743935367], [90.33163141999935, 25.361603642576956], [90.33164255551563, 25.361683938043537], [90.3316624837419, 25.361762832398927], [90.33169100525214, 25.361839542320343], [90.33172783797542, 25.36191330478017], [90.33177261539909, 25.361983385975098], [90.33182489285703, 25.362049091066364], [90.33188414932644, 25.36210976580311], [90.3319497973091, 25.36216480707437], [90.3320211846281, 25.362213669402767], [90.33209760071605, 25.362255865755607], [90.33217828649656, 25.362290976473755], [90.33226244067237, 25.36231865414162], [90.33234922601366, 25.362338621963378], [90.33243778013774, 25.362350683503443], [90.33252722359393, 25.362354717004244], [90.33261666705016, 25.362350683503443], [90.33270522117424, 25.362338621963378], [90.33279200651553, 25.36231865414162], [90.33287616069131, 25.362290976473755], [90.33295684647184, 25.362255865755607], [90.3330332625598, 25.362213669402767], [90.33310464987878, 25.36216480707437], [90.33317029786143, 25.36210976580311], [90.33322955433083, 25.362049091066364], [90.33328183178878, 25.361983385975098], [90.33332660921243, 25.36191330478017], [90.33336344193573, 25.361839542320343], [90.333391963446, 25.361762832398927], [90.33341189167227, 25.361683938043537], [90.33342302718854, 25.361603642576956], [90.33342525950202, 25.361522743935367], [90.33341856705314, 25.36144204655093], [90.33340301631726, 25.361362352422674], [90.33337876090626, 25.36128445299924], [90.33334604336531, 25.36120912349633], [90.33330518708789, 25.361137111532248], [90.33325659990912, 25.361069133068977], [90.33320076332599, 25.361005864294377]], [[90.308599207206, 25.362289051854024], [90.30855835092854, 25.36221704053336], [90.30850976374977, 25.36214906267742], [90.30845392716668, 25.362085794468094], [90.30839139723635, 25.362027864195674], [90.30832279379645, 25.361975847388337], [90.3082488004648, 25.36193026194104], [90.30817015206334, 25.36189155999808], [90.30808762922808, 25.361860126329], [90.3080020530192, 25.361836274269734], [90.30791427414118, 25.361820239228305], [90.30782516485827, 25.361812181931736], [90.30773561001097, 25.361812181931736], [90.30764650072805, 25.361820239228305], [90.30755872185004, 25.361836274269734], [90.30747314564115, 25.361860126329], [90.30739062280588, 25.36189155999808], [90.30731197440444, 25.36193026194104], [90.30723798107282, 25.361975847388337], [90.30716937763289, 25.362027864195674], [90.30710684770258, 25.362085794468094], [90.30705101111947, 25.36214906267742], [90.3070024239407, 25.36221704053336], [90.30696156766325, 25.362289051854024], [90.30692885012229, 25.362364380683932], [90.3069045947113, 25.362442279411397], [90.30688904397542, 25.362521972827604], [90.30688235152655, 25.36260266949107], [90.30688458384004, 25.36268356740987], [90.3068957193563, 25.36276386215905], [90.30691564758254, 25.362842755809563], [90.30694416909282, 25.362919465045593], [90.30698100181611, 25.362993226846385], [90.30702577923978, 25.363063307415175], [90.30707805669772, 25.3631290119194], [90.30713731316713, 25.363189686114026], [90.30720296114978, 25.363244726893498], [90.30727434846878, 25.363293588785332], [90.30735076455674, 25.363335784761137], [90.30743145033725, 25.363370895165605], [90.30751560451306, 25.363398572586178], [90.30760238985435, 25.363418540229507], [90.30769094397841, 25.3634306016618], [90.30778038743462, 25.363434635126595], [90.30786983089081, 25.3634306016618], [90.30795838501491, 25.363418540229507], [90.30804517035618, 25.363398572586178], [90.308129324532, 25.363370895165605], [90.30821001031251, 25.363335784761137], [90.30828642640046, 25.363293588785332], [90.30835781371947, 25.363244726893498], [90.30842346170212, 25.363189686114026], [90.30848271817152, 25.3631290119194], [90.30853499562947, 25.363063307415175], [90.30857977305313, 25.362993226846385], [90.30861660577641, 25.362919465045593], [90.3086451272867, 25.362842755809563], [90.30866505551293, 25.36276386215905], [90.30867619102922, 25.36268356740987], [90.30867842334267, 25.36260266949107], [90.30867173089383, 25.362521972827604], [90.30865618015795, 25.362442279411397], [90.30863192474695, 25.362364380683932], [90.308599207206, 25.362289051854024]], [[90.37565859587913, 25.362689358296464], [90.37557081700112, 25.362705393222544], [90.37548524079222, 25.362729245110312], [90.37540271795696, 25.362760678553375], [90.3753240695555, 25.36279938021806], [90.37525007622386, 25.362844965337555], [90.37518147278392, 25.3628969817709], [90.37511894285363, 25.36295491162674], [90.3750631062705, 25.363018179381122], [90.37501451909176, 25.363086156748256], [90.37497366281431, 25.363158167551155], [90.37494094527337, 25.363233495839374], [90.37491668986236, 25.363311394006693], [90.37490113912648, 25.36339108684988], [90.37489444667763, 25.36347178293306], [90.37489667899109, 25.36355268027015], [90.37490781450737, 25.36363297444194], [90.37492774273362, 25.363711867525147], [90.37495626424389, 25.363788576209583], [90.37499309696719, 25.363862337479972], [90.37503787439084, 25.36393241754482], [90.3750901518488, 25.363998121576568], [90.3751494083182, 25.364058795334888], [90.37521505630085, 25.364113835718584], [90.37528644361983, 25.364162697259054], [90.37536285970778, 25.364204892931458], [90.37544354548831, 25.36424000308343], [90.37552769966413, 25.364267680304962], [90.37561448500539, 25.364287647804733], [90.37570303912949, 25.364299709150288], [90.3757924825857, 25.364303742586063], [90.37588192604188, 25.364299709150288], [90.37597048016596, 25.364287647804733], [90.37605726550726, 25.364267680304962], [90.37614141968308, 25.36424000308343], [90.37622210546357, 25.364204892931458], [90.37629852155152, 25.364162697259054], [90.37636990887054, 25.364113835718584], [90.37643555685318, 25.364058795334888], [90.3764948133226, 25.363998121576568], [90.37654709078055, 25.36393241754482], [90.3765918682042, 25.363862337479972], [90.37662870092748, 25.363788576209583], [90.37665722243773, 25.363711867525147], [90.37667715066401, 25.36363297444194], [90.37668828618027, 25.36355268027015], [90.37669051849375, 25.36347178293306], [90.37668382604487, 25.36339108684988], [90.37666827530902, 25.363311394006693], [90.37664401989802, 25.363233495839374], [90.37661130235708, 25.363158167551155], [90.37657044607961, 25.363086156748256], [90.37652185890083, 25.363018179381122], [90.37646602231771, 25.36295491162674], [90.37640349238742, 25.3628969817709], [90.37633488894748, 25.362844965337555], [90.37626089561587, 25.36279938021806], [90.37618224721442, 25.362760678553375], [90.37609972437916, 25.362729245110312], [90.37601414817024, 25.362705393222544], [90.37592636929226, 25.362689358296464], [90.37583726000935, 25.362681301057798], [90.37574770516204, 25.362681301057798], [90.37565859587913, 25.362689358296464]], [[90.32801518894107, 25.364300653180443], [90.32797433266362, 25.364228643058247], [90.32792574548483, 25.36416066633371], [90.32786990890176, 25.364097399177375], [90.32780737897143, 25.3640394698691], [90.32773877553151, 25.363987453927482], [90.32766478219988, 25.363941869238875], [90.32758613379843, 25.36390316794003], [90.32750361096318, 25.36387173479411], [90.32741803475427, 25.36384788313179], [90.32733025587625, 25.363831848357258], [90.32724114659335, 25.363823791194786], [90.32715159174604, 25.363823791194786], [90.32706248246312, 25.363831848357258], [90.32697470358512, 25.36384788313179], [90.32688912737622, 25.36387173479411], [90.32680660454096, 25.36390316794003], [90.32672795613952, 25.363941869238875], [90.3266539628079, 25.363987453927482], [90.32658535936795, 25.3640394698691], [90.32652282943768, 25.364097399177375], [90.32646699285455, 25.36416066633371], [90.32641840567577, 25.364228643058247], [90.32637754939832, 25.364300653180443], [90.32634483185736, 25.364375980756627], [90.32632057644636, 25.364453878187597], [90.32630502571048, 25.36453357027742], [90.32629833326163, 25.36461426559783], [90.32630056557512, 25.364695162170186], [90.32631170109138, 25.364775455582972], [90.32633162931762, 25.364854347920414], [90.3263601508279, 25.364931055879694], [90.32639698355119, 25.365004816452856], [90.32644176097484, 25.365074895855194], [90.3264940384328, 25.36514059926587], [90.3265532949022, 25.365201272450644], [90.32661894288485, 25.365256312314028], [90.32669033020386, 25.365305173392578], [90.32676674629181, 25.365347368666107], [90.32684743207231, 25.365382478486193], [90.32693158624814, 25.365410155446117], [90.32701837158943, 25.36543012275709], [90.3271069257135, 25.36544218398864], [90.32719636916968, 25.365446217386264], [90.32728581262589, 25.36544218398864], [90.32737436675, 25.36543012275709], [90.32746115209125, 25.365410155446117], [90.32754530626707, 25.365382478486193], [90.32762599204757, 25.365347368666107], [90.32770240813554, 25.365305173392578], [90.32777379545453, 25.365256312314028], [90.32783944343718, 25.365201272450644], [90.32789869990658, 25.36514059926587], [90.32795097736455, 25.365074895855194], [90.32799575478819, 25.365004816452856], [90.32803258751149, 25.364931055879694], [90.32806110902176, 25.364854347920414], [90.32808103724801, 25.364775455582972], [90.3280921727643, 25.364695162170186], [90.32809440507775, 25.36461426559783], [90.32808771262891, 25.36453357027742], [90.32807216189302, 25.364453878187597], [90.32804790648203, 25.364375980756627], [90.32801518894107, 25.364300653180443]], [[90.31441778664238, 25.365368238611932], [90.31442892215863, 25.365287945593032], [90.31443115447212, 25.36520704941744], [90.31442446202328, 25.365126354492833], [90.31440891128739, 25.36504666279386], [90.3143846558764, 25.364968765744965], [90.31435193833545, 25.36489343853827], [90.31431108205798, 25.364821428769282], [90.3142624948792, 25.36475345237813], [90.31420665829609, 25.364690185532105], [90.3141441283658, 25.36463225650799], [90.31407552492587, 25.364580240821468], [90.31400153159424, 25.364534656356454], [90.3139228831928, 25.364495955247424], [90.31384036035755, 25.36446452225566], [90.31375478414864, 25.364440670710344], [90.31366700527063, 25.364424636014476], [90.31357789598772, 25.36441657889149], [90.31348834114041, 25.36441657889149], [90.3133992318575, 25.364424636014476], [90.31331145297949, 25.364440670710344], [90.31322587677059, 25.36446452225566], [90.31314335393533, 25.364495955247424], [90.31306470553389, 25.364534656356454], [90.31299071220224, 25.364580240821468], [90.31292210876234, 25.36463225650799], [90.312859578832, 25.364690185532105], [90.31280374224892, 25.36475345237813], [90.31275515507014, 25.364821428769282], [90.31271429879268, 25.36489343853827], [90.31268158125174, 25.364968765744965], [90.31265732584075, 25.36504666279386], [90.31264177510485, 25.365126354492833], [90.312635082656, 25.36520704941744], [90.31263731496946, 25.365287945593032], [90.31264845048575, 25.365368238611932], [90.312668378712, 25.365447130562416], [90.31269690022226, 25.365523838145474], [90.31273373294556, 25.365597598356842], [90.31277851036921, 25.365667677415455], [90.31283078782717, 25.365733380503823], [90.31289004429657, 25.36579405339099], [90.31295569227922, 25.365849092984416], [90.31302707959823, 25.365897953823335], [90.31310349568619, 25.365940148889884], [90.31318418146668, 25.36597525853775], [90.3132683356425, 25.366002935361927], [90.31335512098376, 25.36602290257498], [90.31344367510786, 25.366034963747346], [90.31353311856407, 25.366038997125198], [90.31362256202026, 25.366034963747346], [90.31371111614433, 25.36602290257498], [90.31379790148563, 25.366002935361927], [90.31388205566145, 25.36597525853775], [90.31396274144194, 25.365940148889884], [90.3140391575299, 25.365897953823335], [90.31411054484892, 25.365849092984416], [90.31417619283157, 25.36579405339099], [90.31423544930097, 25.365733380503823], [90.31428772675892, 25.365667677415455], [90.31433250418257, 25.365597598356842], [90.31436933690586, 25.365523838145474], [90.31439785841613, 25.365447130562416], [90.31441778664238, 25.365368238611932]], [[90.3323452725281, 25.365477001564873], [90.33234750484155, 25.365557897559757], [90.33235864035784, 25.365638190399356], [90.33237856858409, 25.36571708217361], [90.33240709009436, 25.365793789585325], [90.33244392281766, 25.36586754963189], [90.3324887002413, 25.365937628534006], [90.33254097769927, 25.36600333147561], [90.33260023416867, 25.366064004227244], [90.33266588215132, 25.366119043697726], [90.33273726947031, 25.3661679044275], [90.33281368555828, 25.36621009939979], [90.33289437133878, 25.36624520896922], [90.3329785255146, 25.366272885731544], [90.33306531085584, 25.366292852899992], [90.33315386497996, 25.366304914045454], [90.33324330843617, 25.366308947414296], [90.33333275189236, 25.366304914045454], [90.33342130601642, 25.366292852899992], [90.33350809135771, 25.366272885731544], [90.33359224553354, 25.36624520896922], [90.33367293131404, 25.36621009939979], [90.33374934740199, 25.3661679044275], [90.333820734721, 25.366119043697726], [90.33388638270365, 25.366064004227244], [90.33394563917305, 25.36600333147561], [90.333997916631, 25.365937628534006], [90.33404269405466, 25.36586754963189], [90.33407952677796, 25.365793789585325], [90.33410804828823, 25.36571708217361], [90.33412797651447, 25.365638190399356], [90.33413911203073, 25.365557897559757], [90.33414134434422, 25.365477001564873], [90.33413465189537, 25.365396306820553], [90.33411910115949, 25.365316615299577], [90.3340948457485, 25.36523871842468], [90.33406212820753, 25.36516339138623], [90.33402127193008, 25.365091381778115], [90.3339726847513, 25.3650234055388], [90.33391684816817, 25.364960138834082], [90.3338543182379, 25.364902209939338], [90.33378571479795, 25.36485019436902], [90.33371172146633, 25.364804610005834], [90.33363307306489, 25.36476590898325], [90.33355055022963, 25.364734476061702], [90.33346497402073, 25.364710624569657], [90.33337719514273, 25.364694589909572], [90.33328808585982, 25.364686532804615], [90.3331985310125, 25.364686532804615], [90.3331094217296, 25.364694589909572], [90.33302164285158, 25.364710624569657], [90.33293606664267, 25.364734476061702], [90.33285354380742, 25.36476590898325], [90.33277489540598, 25.364804610005834], [90.33270090207434, 25.36485019436902], [90.33263229863442, 25.364902209939338], [90.33256976870409, 25.364960138834082], [90.33251393212102, 25.3650234055388], [90.33246534494224, 25.365091381778115], [90.33242448866478, 25.36516339138623], [90.33239177112384, 25.36523871842468], [90.33236751571283, 25.365316615299577], [90.33235196497694, 25.365396306820553], [90.3323452725281, 25.365477001564873]], [[90.36245542553107, 25.365128961719062], [90.36236764665308, 25.36514499632151], [90.3622820704442, 25.36516884772782], [90.36219954760892, 25.3652002805364], [90.36212089920748, 25.36523898141988], [90.36204690587584, 25.365284565619238], [90.3619783024359, 25.36533658100259], [90.36191577250561, 25.365394509689136], [90.36185993592248, 25.36545777616647], [90.36181134874371, 25.365525752161428], [90.36177049246629, 25.36559776151076], [90.36173777492533, 25.365673088278484], [90.36171351951434, 25.365750984873387], [90.36169796877846, 25.365830676107898], [90.36169127632958, 25.365911370562216], [90.36169350864306, 25.365992266266346], [90.36170464415932, 25.366072558817354], [90.3617245723856, 25.366151450308042], [90.36175309389586, 25.366228157444056], [90.36178992661912, 25.366301917225513], [90.36183470404278, 25.366371995875742], [90.36188698150077, 25.366437698581183], [90.36194623797017, 25.366498371114748], [90.36201188595278, 25.366553410387397], [90.3620832732718, 25.366602270941517], [90.36215968935974, 25.366644465762143], [90.36224037514025, 25.36667957520541], [90.36232452931607, 25.36670725186826], [90.36241131465735, 25.366727218964925], [90.36249986878143, 25.366739280067016], [90.36258931223766, 25.366743313421356], [90.36267875569386, 25.366739280067016], [90.36276730981794, 25.366727218964925], [90.36285409515922, 25.36670725186826], [90.36293824933504, 25.36667957520541], [90.36301893511555, 25.366644465762143], [90.3630953512035, 25.366602270941517], [90.36316673852251, 25.366553410387397], [90.36323238650516, 25.366498371114748], [90.36329164297456, 25.366437698581183], [90.36334392043251, 25.366371995875742], [90.36338869785617, 25.366301917225513], [90.36342553057942, 25.366228157444056], [90.36345405208971, 25.366151450308042], [90.36347398031597, 25.366072558817354], [90.36348511583223, 25.365992266266346], [90.36348734814571, 25.365911370562216], [90.36348065569683, 25.365830676107898], [90.36346510496095, 25.365750984873387], [90.36344084955, 25.365673088278484], [90.363408132009, 25.36559776151076], [90.36336727573158, 25.365525752161428], [90.36331868855281, 25.36545777616647], [90.36326285196968, 25.365394509689136], [90.3632003220394, 25.36533658100259], [90.36313171859946, 25.365284565619238], [90.36305772526784, 25.36523898141988], [90.3629790768664, 25.3652002805364], [90.36289655403114, 25.36516884772782], [90.3628109778222, 25.36514499632151], [90.36272319894424, 25.365128961719062], [90.36263408966133, 25.36512090464306], [90.362544534814, 25.36512090464306], [90.36245542553107, 25.365128961719062]], [[90.41336814314785, 25.365195901340453], [90.41336145069897, 25.36527659621861], [90.41336368301246, 25.36535749234765], [90.41337481852872, 25.365437785320395], [90.41339474675499, 25.365516677225475], [90.41342326826526, 25.36559338476435], [90.41346010098852, 25.365667144933276], [90.41350487841218, 25.36573722395156], [90.41355715587014, 25.36580292700213], [90.41361641233954, 25.36586359985437], [90.41368206032219, 25.365918639416147], [90.4137534476412, 25.365967500226922], [90.41382986372915, 25.366009695269184], [90.41391054950965, 25.366044804896873], [90.41399470368547, 25.366072481705096], [90.41408148902676, 25.36609244890665], [90.41417004315082, 25.36610451007208], [90.41425948660702, 25.366108543447616], [90.41434893006326, 25.36610451007208], [90.41443748418733, 25.36609244890665], [90.41452426952863, 25.366072481705096], [90.41460842370445, 25.366044804896873], [90.41468910948494, 25.366009695269184], [90.41476552557289, 25.365967500226922], [90.4148369128919, 25.365918639416147], [90.41490256087452, 25.36586359985437], [90.41496181734392, 25.36580292700213], [90.41501409480192, 25.36573722395156], [90.41505887222557, 25.365667144933276], [90.41509570494881, 25.36559338476435], [90.4151242264591, 25.365516677225475], [90.41514415468538, 25.365437785320395], [90.41515529020164, 25.36535749234765], [90.41515752251512, 25.36527659621861], [90.41515083006624, 25.365195901340453], [90.41513527933036, 25.365116209687354], [90.41511102391935, 25.365038312683303], [90.4150783063784, 25.36496298551992], [90.41503745010098, 25.364890975792367], [90.4149888629222, 25.36482299944036], [90.41493302633909, 25.36475973263071], [90.4148704964088, 25.36470180363994], [90.41480189296885, 25.364649787983375], [90.4147278996372, 25.364604203544594], [90.41464925123576, 25.36456550245783], [90.41456672840049, 25.36453406948417], [90.41448115219161, 25.364510217952567], [90.41439337331363, 25.364494183265897], [90.41430426403068, 25.364486126147582], [90.41421470918337, 25.364486126147582], [90.41412559990046, 25.364494183265897], [90.41403782102249, 25.364510217952567], [90.41395224481356, 25.36453406948417], [90.4138697219783, 25.36456550245783], [90.41379107357686, 25.364604203544594], [90.41371708024523, 25.364649787983375], [90.41364847680529, 25.36470180363994], [90.413585946875, 25.36475973263071], [90.41353011029187, 25.36482299944036], [90.4134815231131, 25.364890975792367], [90.41344066683568, 25.36496298551992], [90.4134079492947, 25.365038312683303], [90.41338369388373, 25.365116209687354], [90.41336814314785, 25.365195901340453]], [[90.40293171290797, 25.365062780202127], [90.40302026703208, 25.365050718932725], [90.40310705237333, 25.365030751559058], [90.40319120654917, 25.36500307451224], [90.40327189232968, 25.364967964581954], [90.40334830841765, 25.36492576917595], [90.40341969573662, 25.36487690794402], [90.40348534371927, 25.364821867907807], [90.40354460018868, 25.364761194532566], [90.40359687764663, 25.364695490915654], [90.40364165507027, 25.364625411293293], [90.40367848779357, 25.36455165048859], [90.40370700930384, 25.364474942288464], [90.4037269375301, 25.36439604970337], [90.40373807304637, 25.364315756038547], [90.40374030535983, 25.364234859212214], [90.40373361291098, 25.364154163638496], [90.4037180621751, 25.364074471298462], [90.4036938067641, 25.36399657362296], [90.40366108922315, 25.36392124581032], [90.4036202329457, 25.363849235462077], [90.40357164576696, 25.363781258524124], [90.40351580918383, 25.36371799116917], [90.40345327925354, 25.363660061679077], [90.4033846758136, 25.363608045574136], [90.40331068248194, 25.36356246074244], [90.4032320340805, 25.363523759322113], [90.40314951124525, 25.363492326077505], [90.40306393503634, 25.36346847434034], [90.40297615615833, 25.363452439515466], [90.40288704687542, 25.363444382327675], [90.40279749202813, 25.363444382327675], [90.4027083827452, 25.363452439515466], [90.40262060386722, 25.36346847434034], [90.4025350276583, 25.363492326077505], [90.40245250482305, 25.363523759322113], [90.40237385642159, 25.36356246074244], [90.40229986308998, 25.363608045574136], [90.40223125965004, 25.363660061679077], [90.40216872971975, 25.36371799116917], [90.40211289313663, 25.363781258524124], [90.40206430595785, 25.363849235462077], [90.40202344968039, 25.36392124581032], [90.40199073213944, 25.36399657362296], [90.40196647672845, 25.364074471298462], [90.4019509259926, 25.364154163638496], [90.40194423354372, 25.364234859212214], [90.40194646585721, 25.364315756038547], [90.40195760137345, 25.36439604970337], [90.40197752959973, 25.364474942288464], [90.40200605110998, 25.36455165048859], [90.40204288383326, 25.364625411293293], [90.40208766125691, 25.364695490915654], [90.40213993871487, 25.364761194532566], [90.40219919518427, 25.364821867907807], [90.40226484316692, 25.36487690794402], [90.40233623048593, 25.36492576917595], [90.4024126465739, 25.364967964581954], [90.40249333235438, 25.36500307451224], [90.4025774865302, 25.365030751559058], [90.4026642718715, 25.365050718932725], [90.40275282599558, 25.365062780202127], [90.40284226945177, 25.365066813612433], [90.40293171290797, 25.365062780202127]], [[90.34835760951687, 25.362371374573783], [90.34841686598627, 25.36243204914874], [90.34848251396892, 25.362487090273238], [90.3485539012879, 25.362535952471344], [90.34863031737585, 25.362578148711684], [90.34871100315638, 25.362613259336207], [90.3487951573322, 25.362640936930273], [90.34888194267344, 25.3626609046988], [90.34897049679756, 25.36267296620669], [90.34905994025377, 25.362676999696752], [90.34914938370996, 25.36267296620669], [90.34923793783403, 25.3626609046988], [90.34932472317533, 25.362640936930273], [90.34940887735114, 25.362613259336207], [90.34948956313164, 25.362578148711684], [90.34956597921959, 25.362535952471344], [90.3496373665386, 25.362487090273238], [90.34970301452125, 25.36243204914874], [90.34976227099067, 25.362371374573783], [90.3498145484486, 25.3623056696577], [90.34985932587227, 25.362235588649664], [90.34989615859556, 25.362161826386483], [90.34992468010584, 25.362085116669604], [90.34994460833207, 25.362006222524563], [90.34995574384834, 25.361925927272097], [90.34995797616182, 25.361845028846197], [90.34995128371294, 25.361764331676923], [90.34993573297709, 25.36168463776115], [90.3499114775661, 25.361606738545422], [90.34987876002513, 25.361531409243355], [90.34983790374768, 25.36145939747128], [90.34978931656892, 25.36139141918926], [90.34973347998579, 25.361328150583343], [90.3496709500555, 25.361270219947844], [90.34960234661555, 25.361218202814438], [90.34952835328393, 25.36117261708141], [90.34944970488249, 25.361133914895856], [90.34936718204723, 25.361102481029743], [90.3492816058383, 25.361078628820966], [90.34919382696033, 25.36106259367907], [90.34910471767742, 25.36105453633197], [90.34901516283011, 25.36105453633197], [90.3489260535472, 25.36106259367907], [90.34883827466918, 25.361078628820966], [90.34875269846029, 25.361102481029743], [90.34867017562502, 25.361133914895856], [90.34859152722358, 25.36117261708141], [90.34851753389194, 25.361218202814438], [90.348448930452, 25.361270219947844], [90.3483864005217, 25.361328150583343], [90.34833056393857, 25.36139141918926], [90.34828197675984, 25.36145939747128], [90.34824112048238, 25.361531409243355], [90.34820840294144, 25.361606738545422], [90.34818414753043, 25.36168463776115], [90.34816859679455, 25.361764331676923], [90.3481619043457, 25.361845028846197], [90.34816413665915, 25.361925927272097], [90.34817527217544, 25.362006222524563], [90.34819520040169, 25.362085116669604], [90.34822372191196, 25.362161826386483], [90.34826055463526, 25.362235588649664], [90.34830533205891, 25.3623056696577], [90.34835760951687, 25.362371374573783]], [[90.35580077866987, 25.368212326960947], [90.35573217522993, 25.36816031281539], [90.35565818189828, 25.36811472970078], [90.35557953349682, 25.368076029738237], [90.35549701066157, 25.36804459767765], [90.35541143445268, 25.3680207468389], [90.35532365557471, 25.368004712618028], [90.35523454629175, 25.367996655733766], [90.35514499144445, 25.367996655733766], [90.35505588216154, 25.368004712618028], [90.35496810328355, 25.3680207468389], [90.35488252707464, 25.36804459767765], [90.35480000423938, 25.368076029738237], [90.35472135583792, 25.36811472970078], [90.35464736250631, 25.36816031281539], [90.35457875906637, 25.368212326960947], [90.35451622913607, 25.36827025426899], [90.35446039255295, 25.368333519240778], [90.35441180537418, 25.36840149361817], [90.35437094909676, 25.36847350125387], [90.35433823155577, 25.36854882622906], [90.35431397614481, 25.36862672097026], [90.35429842540891, 25.368706410308395], [90.35429173296005, 25.368787102842393], [90.35429396527353, 25.36886799662144], [90.35430510078979, 25.368948287261695], [90.35432502901607, 25.36902717687498], [90.35435355052631, 25.36910388218557], [90.3543903832496, 25.369177640211728], [90.35443516067325, 25.369247717194252], [90.3544874381312, 25.369313418336148], [90.3545466946006, 25.36937408942584], [90.35461234258325, 25.36942912738869], [90.35468372990226, 25.369477986780073], [90.35476014599023, 25.36952018059656], [90.35484083177072, 25.36955528920427], [90.35492498594654, 25.369582965208476], [90.35501177128782, 25.36960293182997], [90.3551003254119, 25.369614992645058], [90.3551897688681, 25.36961902590342], [90.35527921232433, 25.369614992645058], [90.3553677664484, 25.36960293182997], [90.35545455178969, 25.369582965208476], [90.35553870596549, 25.36955528920427], [90.35561939174602, 25.36952018059656], [90.35569580783397, 25.369477986780073], [90.35576719515294, 25.36942912738869], [90.35583284313559, 25.36937408942584], [90.355892099605, 25.369313418336148], [90.35594437706295, 25.369247717194252], [90.35598915448661, 25.369177640211728], [90.35602598720989, 25.36910388218557], [90.35605450872018, 25.36902717687498], [90.35607443694644, 25.368948287261695], [90.3560855724627, 25.36886799662144], [90.3560878047762, 25.368787102842393], [90.3560811123273, 25.368706410308395], [90.35606556159144, 25.36862672097026], [90.35604130618043, 25.36854882622906], [90.35600858863948, 25.36847350125387], [90.35596773236206, 25.36840149361817], [90.35591914518328, 25.368333519240778], [90.35586330860015, 25.36827025426899], [90.35580077866987, 25.368212326960947]], [[90.34743296820504, 25.369607126613896], [90.34746148971529, 25.369530421622773], [90.34748141794155, 25.369451532338054], [90.34749255345781, 25.369371242032216], [90.3474947857713, 25.36929034859008], [90.34748809332243, 25.369209656392126], [90.34747254258654, 25.369129967385913], [90.34744828717558, 25.369052072969115], [90.34741556963459, 25.368976748307645], [90.34737471335717, 25.368904740971793], [90.34732612617839, 25.36883676687751], [90.34727028959526, 25.368773502169198], [90.34720775966498, 25.368715575102435], [90.34713915622504, 25.36866356117346], [90.34706516289341, 25.3686179782487], [90.34698651449197, 25.36857927844734], [90.34690399165672, 25.36854784651767], [90.34681841544779, 25.368523995778276], [90.34673063656982, 25.368507961624168], [90.3466415272869, 25.368499904773426], [90.34655197243958, 25.368499904773426], [90.34646286315665, 25.368507961624168], [90.34637508427866, 25.368523995778276], [90.34628950806977, 25.36854784651767], [90.3462069852345, 25.36857927844734], [90.34612833683306, 25.3686179782487], [90.34605434350142, 25.36866356117346], [90.34598574006148, 25.368715575102435], [90.34592321013118, 25.368773502169198], [90.34586737354806, 25.36883676687751], [90.34581878636929, 25.368904740971793], [90.34577793009187, 25.368976748307645], [90.34574521255092, 25.369052072969115], [90.34572095713992, 25.369129967385913], [90.34570540640402, 25.369209656392126], [90.34569871395516, 25.36929034859008], [90.34570094626864, 25.369371242032216], [90.3457120817849, 25.369451532338054], [90.34573201001118, 25.369530421622773], [90.34576053152145, 25.369607126613896], [90.34579736424475, 25.369680884332904], [90.34584214166836, 25.36975096102353], [90.34589441912635, 25.369816661891782], [90.34595367559575, 25.369877332728812], [90.3460193235784, 25.369932370462443], [90.34609071089739, 25.36998122965031], [90.34616712698534, 25.370023423291066], [90.34624781276587, 25.370058531752548], [90.34633196694165, 25.370086207641517], [90.34641875228293, 25.370106174179856], [90.346507306407, 25.37011823494467], [90.34659674986325, 25.37012226818625], [90.34668619331944, 25.37011823494467], [90.3467747474435, 25.370106174179856], [90.3468615327848, 25.370086207641517], [90.34694568696062, 25.370058531752548], [90.34702637274113, 25.370023423291066], [90.34710278882908, 25.36998122965031], [90.34717417614809, 25.369932370462443], [90.34723982413074, 25.369877332728812], [90.34729908060014, 25.369816661891782], [90.34735135805809, 25.36975096102353], [90.34739613548174, 25.369680884332904], [90.34743296820504, 25.369607126613896]], [[90.39016799121042, 25.36968309048914], [90.39019651272068, 25.369759795383306], [90.39023334544397, 25.369833553009123], [90.39027812286763, 25.36990362961124], [90.39033040032558, 25.369969330396483], [90.39038965679498, 25.37003000115685], [90.39045530477763, 25.370085038820914], [90.39052669209664, 25.37013389794704], [90.3906031081846, 25.37017609153449], [90.3906837939651, 25.370211199951633], [90.39076794814092, 25.3702388758056], [90.39085473348221, 25.370258842318716], [90.39094328760628, 25.3702709030683], [90.39103273106248, 25.370274936304753], [90.39112217451869, 25.3702709030683], [90.39121072864279, 25.370258842318716], [90.39129751398404, 25.3702388758056], [90.39138166815987, 25.370211199951633], [90.39146235394036, 25.37017609153449], [90.39153877002832, 25.37013389794704], [90.39161015734733, 25.370085038820914], [90.39167580532998, 25.37003000115685], [90.39173506179938, 25.369969330396483], [90.39178733925733, 25.36990362961124], [90.39183211668099, 25.369833553009123], [90.39186894940427, 25.369759795383306], [90.39189747091454, 25.36968309048914], [90.3919173991408, 25.369604201304085], [90.39192853465708, 25.369523911099666], [90.39193076697053, 25.369443017759743], [90.3919240745217, 25.369362325663733], [90.3919085237858, 25.369282636758214], [90.39188426837481, 25.369204742439837], [90.39185155083386, 25.369129417873527], [90.3918106945564, 25.369057410628667], [90.39176210737762, 25.368989436620282], [90.39170627079454, 25.368926171991905], [90.39164374086421, 25.368868244998307], [90.39157513742431, 25.36881623113508], [90.39150114409266, 25.3687706482679], [90.39142249569122, 25.368731948515432], [90.39133997285596, 25.368700516625474], [90.39125439664706, 25.3686766659162], [90.39116661776904, 25.368660631782348], [90.39107750848613, 25.36865257494181], [90.39098795363883, 25.36865257494181], [90.39089884435592, 25.368660631782348], [90.3908110654779, 25.3686766659162], [90.390725489269, 25.368700516625474], [90.39064296643375, 25.368731948515432], [90.3905643180323, 25.3687706482679], [90.39049032470068, 25.36881623113508], [90.39042172126074, 25.368868244998307], [90.39035919133046, 25.368926171991905], [90.39030335474735, 25.368989436620282], [90.39025476756855, 25.369057410628667], [90.3902139112911, 25.369129417873527], [90.39018119375014, 25.369204742439837], [90.39015693833916, 25.369282636758214], [90.39014138760326, 25.369362325663733], [90.39013469515443, 25.369443017759743], [90.39013692746792, 25.369523911099666], [90.39014806298417, 25.369604201304085], [90.39016799121042, 25.36968309048914]], [[90.41267456739169, 25.36978876841009], [90.41263371111427, 25.369860775219077], [90.41260099357328, 25.36993609932946], [90.41257673816231, 25.370013993176364], [90.41256118742643, 25.370093681599585], [90.41255449497756, 25.370174373207153], [90.41255672729105, 25.37025526605745], [90.4125678628073, 25.370335555775878], [90.41258779103357, 25.37041444448344], [90.41261631254386, 25.37049114891335], [90.4126531452671, 25.370564906092678], [90.41269792269075, 25.370634982270637], [90.41275020014871, 25.370700682658196], [90.41280945661812, 25.37076135305132], [90.41287510460077, 25.37081639038224], [90.41294649191978, 25.370865249212653], [90.41302290800775, 25.370907442544716], [90.41310359378824, 25.370942550749323], [90.41318774796405, 25.370970226435766], [90.41327453330534, 25.370990192828057], [90.41336308742942, 25.371002253504628], [90.41345253088562, 25.371006286716682], [90.41354197434185, 25.371002253504628], [90.41363052846592, 25.370990192828057], [90.41371731380721, 25.370970226435766], [90.41380146798302, 25.370942550749323], [90.41388215376352, 25.370907442544716], [90.41395856985149, 25.370865249212653], [90.41402995717048, 25.37081639038224], [90.41409560515312, 25.37076135305132], [90.41415486162252, 25.370700682658196], [90.41420713908049, 25.370634982270637], [90.41425191650416, 25.370564906092678], [90.41428874922741, 25.37049114891335], [90.41431727073768, 25.37041444448344], [90.41433719896396, 25.370335555775878], [90.41434833448022, 25.37025526605745], [90.41435056679371, 25.370174373207153], [90.41434387434484, 25.370093681599585], [90.41432832360894, 25.370013993176364], [90.41430406819795, 25.36993609932946], [90.414271350657, 25.369860775219077], [90.41423049437958, 25.36978876841009], [90.4141819072008, 25.36972079481311], [90.41412607061768, 25.369657530567643], [90.41406354068738, 25.36959960392467], [90.41399493724745, 25.369547590376268], [90.4139209439158, 25.36950200778498], [90.41384229551439, 25.369463308266752], [90.41375977267913, 25.369431876567027], [90.41367419647018, 25.369408026002116], [90.41358641759221, 25.36939199196532], [90.41349730830926, 25.369383935173545], [90.41340775346197, 25.369383935173545], [90.41331864417906, 25.36939199196532], [90.41323086530107, 25.369408026002116], [90.41314528909214, 25.369431876567027], [90.41306276625689, 25.369463308266752], [90.41298411785547, 25.36950200778498], [90.41291012452382, 25.369547590376268], [90.41284152108388, 25.36959960392467], [90.41277899115359, 25.369657530567643], [90.41272315457047, 25.36972079481311], [90.41267456739169, 25.36978876841009]], [[90.42140704445455, 25.369424179354542], [90.42135845727577, 25.36949215311838], [90.42131760099835, 25.369564160104165], [90.42128488345736, 25.36963948439943], [90.4212606280464, 25.369717378437574], [90.42124507731052, 25.369797067056382], [90.42123838486164, 25.36987775886206], [90.42124061717513, 25.369958651910938], [90.42125175269138, 25.370038941826447], [90.42127168091766, 25.370117830727654], [90.42130020242793, 25.370194535345878], [90.42133703515118, 25.37026829270631], [90.42138181257484, 25.37033836905626], [90.42143409003279, 25.370404069605097], [90.42149334650219, 25.370464740147163], [90.42155899448484, 25.370519777613243], [90.42163038180385, 25.37056863656356], [90.42170679789182, 25.370610829999197], [90.4217874836723, 25.370645938289996], [90.42187163784813, 25.370673614044414], [90.42195842318942, 25.370693580485685], [90.4220469773135, 25.370705641191872], [90.42213642076969, 25.370709674413824], [90.42222586422592, 25.370705641191872], [90.42231441835, 25.370693580485685], [90.42240120369128, 25.370673614044414], [90.42248535786707, 25.370645938289996], [90.4225660436476, 25.370610829999197], [90.42264245973557, 25.37056863656356], [90.42271384705454, 25.370519777613243], [90.42277949503719, 25.370464740147163], [90.4228387515066, 25.370404069605097], [90.42289102896457, 25.37033836905626], [90.42293580638822, 25.37026829270631], [90.42297263911149, 25.370194535345878], [90.42300116062177, 25.370117830727654], [90.42302108884805, 25.370038941826447], [90.42303222436429, 25.369958651910938], [90.42303445667778, 25.36987775886206], [90.4230277642289, 25.369797067056382], [90.42301221349301, 25.369717378437574], [90.42298795808202, 25.36963948439943], [90.42295524054107, 25.369564160104165], [90.42291438426365, 25.36949215311838], [90.42286579708487, 25.369424179354542], [90.42280996050175, 25.369360914953777], [90.42274743057146, 25.36930298816862], [90.42267882713153, 25.369250974492502], [90.42260483379987, 25.369205391789325], [90.42252618539843, 25.369166692176083], [90.42244366256317, 25.369135260399215], [90.42235808635427, 25.36911140977579], [90.42227030747628, 25.369095375699622], [90.42218119819334, 25.369087318888038], [90.42209164334605, 25.369087318888038], [90.42200253406313, 25.369095375699622], [90.42191475518514, 25.36911140977579], [90.42182917897622, 25.369135260399215], [90.42174665614095, 25.369166692176083], [90.42166800773951, 25.369205391789325], [90.42159401440789, 25.369250974492502], [90.42152541096796, 25.36930298816862], [90.42146288103767, 25.369360914953777], [90.42140704445455, 25.369424179354542]], [[90.43910144896505, 25.369132692220415], [90.43906059268762, 25.36920469942042], [90.43902787514668, 25.369280023939794], [90.43900361973567, 25.369357918209637], [90.43898806899978, 25.369437607065514], [90.43898137655091, 25.36951829911126], [90.4389836088644, 25.369599192400777], [90.43899474438065, 25.36967948255517], [90.43901467260693, 25.36975837169104], [90.4390431941172, 25.369835076537463], [90.43908002684046, 25.369908834117314], [90.43912480426413, 25.369978910675744], [90.4391770817221, 25.370044611420056], [90.4392363381915, 25.37010528214261], [90.43930198617413, 25.370160319772417], [90.43937337349313, 25.370209178868095], [90.43944978958109, 25.370251372429262], [90.4395304753616, 25.37028648082451], [90.43961462953742, 25.370314156661255], [90.4397014148787, 25.370334123161925], [90.43978996900276, 25.370346183904005], [90.439879412459, 25.370350217137954], [90.4399688559152, 25.370346183904005], [90.44005741003927, 25.370334123161925], [90.44014419538057, 25.370314156661255], [90.44022834955639, 25.37028648082451], [90.44030903533688, 25.370251372429262], [90.44038545142483, 25.370209178868095], [90.44045683874384, 25.370160319772417], [90.4405224867265, 25.37010528214261], [90.4405817431959, 25.370044611420056], [90.44063402065386, 25.369978910675744], [90.44067879807751, 25.369908834117314], [90.44071563080075, 25.369835076537463], [90.44074415231104, 25.36975837169104], [90.44076408053732, 25.36967948255517], [90.44077521605357, 25.369599192400777], [90.44077744836706, 25.36951829911126], [90.44077075591818, 25.369437607065514], [90.4407552051823, 25.369357918209637], [90.44073094977134, 25.369280023939794], [90.44069823223035, 25.36920469942042], [90.44065737595292, 25.369132692220415], [90.44060878877414, 25.36906471825436], [90.44055295219103, 25.36900145366541], [90.44049042226074, 25.368943526707913], [90.4404218188208, 25.368891512877077], [90.44034782548914, 25.368845930038322], [90.44026917708773, 25.368807230309933], [90.44018665425247, 25.368775798439568], [90.44010107804355, 25.368751947745167], [90.44001329916557, 25.3687359136213], [90.43992418988265, 25.36872785678575], [90.43983463503535, 25.36872785678575], [90.4397455257524, 25.3687359136213], [90.43965774687443, 25.368751947745167], [90.4395721706655, 25.368775798439568], [90.43948964783023, 25.368807230309933], [90.43941099942882, 25.368845930038322], [90.43933700609718, 25.368891512877077], [90.43926840265723, 25.368943526707913], [90.43920587272693, 25.36900145366541], [90.43915003614381, 25.36906471825436], [90.43910144896505, 25.369132692220415]], [[90.45301853472391, 25.36981619111579], [90.45309495081186, 25.36985838481419], [90.45317563659236, 25.36989349332363], [90.45325979076819, 25.36992116925036], [90.45334657610947, 25.369941135816017], [90.45343513023354, 25.3699531965973], [90.45352457368973, 25.36995722984438], [90.45361401714595, 25.3699531965973], [90.45370257127001, 25.369941135816017], [90.4537893566113, 25.36992116925036], [90.45387351078712, 25.36989349332363], [90.45395419656762, 25.36985838481419], [90.45403061265559, 25.36981619111579], [90.45410199997458, 25.36976733186117], [90.45416764795723, 25.369712294052388], [90.45422690442663, 25.369651623132512], [90.45427918188459, 25.369585922174515], [90.45432395930824, 25.369515845388115], [90.45436079203154, 25.369442087568412], [90.45438931354181, 25.369365382472523], [90.45440924176806, 25.369286493080043], [90.45442037728431, 25.3692062026645], [90.4544226095978, 25.369125309111887], [90.45441591714895, 25.369044616803745], [90.45440036641307, 25.368964927688655], [90.45437611100208, 25.368887033165475], [90.45434339346112, 25.368811708401147], [90.45430253718366, 25.36873970096695], [90.45425395000488, 25.368671726779823], [90.45419811342177, 25.3686084619851], [90.45413558349148, 25.36855053483923], [90.45406698005155, 25.3684985208392], [90.45399298671992, 25.368452937852165], [90.45391433831848, 25.368414237997957], [90.45383181548321, 25.36838280602534], [90.45374623927432, 25.36835895525336], [90.45365846039631, 25.368342921077385], [90.4535693511134, 25.368334864215637], [90.45347979626608, 25.368334864215637], [90.45339068698317, 25.368342921077385], [90.45330290810516, 25.36835895525336], [90.45321733189627, 25.36838280602534], [90.45313480906101, 25.368414237997957], [90.45305616065957, 25.368452937852165], [90.45298216732795, 25.3684985208392], [90.452913563888, 25.36855053483923], [90.45285103395769, 25.3686084619851], [90.4527951973746, 25.368671726779823], [90.45274661019582, 25.36873970096695], [90.45270575391837, 25.368811708401147], [90.4526730363774, 25.368887033165475], [90.45264878096641, 25.368964927688655], [90.45263323023053, 25.369044616803745], [90.4526265377817, 25.369125309111887], [90.45262877009515, 25.3692062026645], [90.45263990561143, 25.369286493080043], [90.45265983383767, 25.369365382472523], [90.45268835534795, 25.369442087568412], [90.45272518807124, 25.369515845388115], [90.4527699654949, 25.369585922174515], [90.45282224295285, 25.369651623132512], [90.45288149942225, 25.369712294052388], [90.4529471474049, 25.36976733186117], [90.45301853472391, 25.36981619111579]], [[90.44581664856463, 25.369809412752726], [90.44590520268869, 25.369797351957075], [90.44599198802999, 25.369777385367705], [90.44607614220581, 25.369749709408026], [90.4461568279863, 25.369714600856778], [90.44623324407426, 25.3696724071082], [90.44630463139328, 25.36962354779544], [90.44637027937593, 25.36956850992115], [90.44642953584533, 25.369507838929078], [90.44648181330328, 25.369442137892904], [90.44652659072693, 25.369372061023135], [90.44656342345023, 25.36929830311565], [90.44659194496049, 25.369221597928476], [90.44661187318674, 25.369142708442123], [90.44662300870299, 25.369062417931048], [90.44662524101648, 25.36898152428218], [90.4466185485676, 25.368900831877983], [90.44660299783175, 25.3688211426681], [90.44657874242075, 25.368743248052212], [90.44654602487981, 25.36866792319823], [90.44650516860236, 25.368595915678377], [90.44645658142356, 25.36852794141037], [90.44640074484045, 25.368464676540373], [90.44633821491016, 25.368406749325533], [90.44626961147023, 25.368354735263665], [90.4461956181386, 25.368309152222384], [90.44611696973716, 25.368270452322115], [90.4460344469019, 25.36823902031211], [90.445948870693, 25.368215169511735], [90.44586109181499, 25.36819913531666], [90.44577198253208, 25.36819107844535], [90.44568242768477, 25.36819107844535], [90.44559331840186, 25.36819913531666], [90.44550553952385, 25.368215169511735], [90.44541996331495, 25.36823902031211], [90.44533744047969, 25.368270452322115], [90.44525879207825, 25.368309152222384], [90.4451847987466, 25.368354735263665], [90.44511619530667, 25.368406749325533], [90.44505366537636, 25.368464676540373], [90.44499782879329, 25.36852794141037], [90.44494924161451, 25.368595915678377], [90.44490838533704, 25.36866792319823], [90.4448756677961, 25.368743248052212], [90.4448514123851, 25.3688211426681], [90.44483586164921, 25.368900831877983], [90.44482916920037, 25.36898152428218], [90.44483140151382, 25.369062417931048], [90.44484253703011, 25.369142708442123], [90.44486246525636, 25.369221597928476], [90.44489098676664, 25.36929830311565], [90.44492781948992, 25.369372061023135], [90.44497259691357, 25.369442137892904], [90.44502487437153, 25.369507838929078], [90.44508413084093, 25.36956850992115], [90.44514977882358, 25.36962354779544], [90.44522116614255, 25.3696724071082], [90.44529758223055, 25.369714600856778], [90.44537826801104, 25.369749709408026], [90.44546242218686, 25.369777385367705], [90.44554920752812, 25.369797351957075], [90.44563776165222, 25.369809412752726], [90.44572720510843, 25.369813446004613], [90.44581664856463, 25.369809412752726]], [[90.40087511169315, 25.3687014963356], [90.4008423941522, 25.368626171455624], [90.40080153787474, 25.368554163910858], [90.40075295069597, 25.368486189619368], [90.40069711411284, 25.3684229247275], [90.40063458418255, 25.368364997492677], [90.40056598074263, 25.368312983412803], [90.400491987411, 25.368267400355784], [90.40041333900956, 25.36822870044215], [90.40033081617429, 25.368197268421266], [90.40024523996541, 25.368173417612695], [90.40015746108739, 25.368157383412065], [90.40006835180448, 25.36814932653794], [90.39997879695717, 25.36814932653794], [90.39988968767426, 25.368157383412065], [90.39980190879625, 25.368173417612695], [90.39971633258736, 25.368197268421266], [90.39963380975209, 25.36822870044215], [90.39955516135065, 25.368267400355784], [90.399481168019, 25.368312983412803], [90.3994125645791, 25.368364997492677], [90.39935003464878, 25.3684229247275], [90.39929419806568, 25.368486189619368], [90.39924561088691, 25.368554163910858], [90.39920475460946, 25.368626171455624], [90.3991720370685, 25.3687014963356], [90.3991477816575, 25.36877939097843], [90.39913223092162, 25.368859080215845], [90.39912553847277, 25.368939772647927], [90.39912777078622, 25.369020666324747], [90.39913890630251, 25.36910095686353], [90.39915883452875, 25.36917984637716], [90.39918735603902, 25.369256551590823], [90.39922418876232, 25.36933030952383], [90.39926896618599, 25.36940038641778], [90.39932124364394, 25.369466087476653], [90.39938050011334, 25.369526758489705], [90.39944614809599, 25.369581796383027], [90.39951753541499, 25.369630655712655], [90.39959395150295, 25.36967284947584], [90.39967463728345, 25.369707958039186], [90.39975879145926, 25.369735634008443], [90.39984557680052, 25.36975560060471], [90.39993413092462, 25.369767661404534], [90.40002357438082, 25.369771694657796], [90.40011301783701, 25.369767661404534], [90.4002015719611, 25.36975560060471], [90.40028835730239, 25.369735634008443], [90.40037251147821, 25.369707958039186], [90.40045319725871, 25.36967284947584], [90.40052961334666, 25.369630655712655], [90.40060100066567, 25.369581796383027], [90.40066664864833, 25.369526758489705], [90.40072590511772, 25.369466087476653], [90.40077818257568, 25.36940038641778], [90.40082295999933, 25.36933030952383], [90.40085979272261, 25.369256551590823], [90.4008883142329, 25.36917984637716], [90.40090824245914, 25.36910095686353], [90.4009193779754, 25.369020666324747], [90.40092161028888, 25.368939772647927], [90.40091491784004, 25.368859080215845], [90.40089936710416, 25.36877939097843], [90.40087511169315, 25.3687014963356]], [[90.38409642552875, 25.372216137926593], [90.3840139026935, 25.372184706942992], [90.3839283264846, 25.372160856921496], [90.38384054760661, 25.372144823250032], [90.38375143832367, 25.372136766641788], [90.38366188347636, 25.372136766641788], [90.38357277419345, 25.372144823250032], [90.38348499531547, 25.372160856921496], [90.38339941910654, 25.372184706942992], [90.38331689627128, 25.372216137926593], [90.38323824786984, 25.372254836563098], [90.38316425453822, 25.372300418115856], [90.38309565109829, 25.372352430479207], [90.383033121168, 25.37241035580238], [90.38297728458488, 25.372473618606442], [90.38292869740609, 25.3725415906547], [90.38288784112866, 25.37261359582313], [90.38285512358769, 25.3726889182173], [90.38283086817673, 25.372766810289466], [90.38281531744084, 25.372846496897033], [90.38280862499197, 25.3729271866661], [90.38281085730546, 25.373008077673315], [90.3828219928217, 25.373088365562403], [90.38284192104797, 25.373167252472523], [90.38287044255826, 25.373243955154766], [90.38290727528151, 25.373317710653605], [90.38295205270516, 25.373387785234865], [90.38300433016312, 25.37345348412546], [90.38306358663252, 25.373514153136227], [90.38312923461517, 25.373569189213146], [90.38320062193418, 25.37361804693031], [90.38327703802214, 25.373660239300996], [90.38335772380263, 25.373695346705667], [90.38344187797846, 25.373723021761535], [90.38352866331975, 25.373742987698876], [90.38361721744381, 25.37375504810066], [90.38370666090002, 25.37375908122081], [90.38379610435625, 25.37375504810066], [90.38388465848033, 25.373742987698876], [90.38397144382161, 25.373723021761535], [90.38405559799743, 25.373695346705667], [90.38413628377792, 25.373660239300996], [90.3842126998659, 25.37361804693031], [90.3842840871849, 25.373569189213146], [90.38434973516752, 25.373514153136227], [90.38440899163692, 25.37345348412546], [90.3844612690949, 25.373387785234865], [90.38450604651855, 25.373317710653605], [90.3845428792418, 25.373243955154766], [90.38457140075208, 25.373167252472523], [90.38459132897837, 25.373088365562403], [90.38460246449462, 25.373008077673315], [90.38460469680811, 25.3729271866661], [90.38459800435923, 25.372846496897033], [90.38458245362334, 25.372766810289466], [90.38455819821235, 25.3726889182173], [90.3845254806714, 25.37261359582313], [90.38448462439398, 25.3725415906547], [90.3844360372152, 25.372473618606442], [90.38438020063208, 25.37241035580238], [90.38431767070178, 25.372352430479207], [90.38424906726185, 25.372300418115856], [90.3841750739302, 25.372254836563098], [90.38409642552875, 25.372216137926593]], [[90.36865940468225, 25.37373254168061], [90.36874009046274, 25.373697434286715], [90.36881650655071, 25.37365524192902], [90.36888789386971, 25.373606384226928], [90.36895354185236, 25.373551348166956], [90.36901279832176, 25.373490679174864], [90.36906507577973, 25.37342498030451], [90.36910985320337, 25.373354905744765], [90.36914668592662, 25.373281150268674], [90.36917520743691, 25.373204447610053], [90.36919513566319, 25.373125560724223], [90.36920627117944, 25.373045272859855], [90.36920850349293, 25.372964381877562], [90.36920181104405, 25.372883692133303], [90.36918626030815, 25.372804005550275], [90.36916200489719, 25.372726113502104], [90.36912928735622, 25.37265079113109], [90.3690884310788, 25.37257878598483], [90.36903984390001, 25.372510813957515], [90.3689840073169, 25.372447551172943], [90.36892147738659, 25.372389625867584], [90.36885287394666, 25.372337613520262], [90.36877888061505, 25.372292031981548], [90.3687002322136, 25.37225333335695], [90.36861770937834, 25.372221902383032], [90.36853213316941, 25.37219805236885], [90.36844435429143, 25.37218201870231], [90.36835524500852, 25.372173962096586], [90.36826569016122, 25.372173962096586], [90.36817658087827, 25.37218201870231], [90.3680888020003, 25.37219805236885], [90.3680032257914, 25.372221902383032], [90.36792070295614, 25.37225333335695], [90.3678420545547, 25.372292031981548], [90.36776806122303, 25.372337613520262], [90.3676994577831, 25.372389625867584], [90.36763692785281, 25.372447551172943], [90.3675810912697, 25.372510813957515], [90.3675325040909, 25.37257878598483], [90.36749164781348, 25.37265079113109], [90.36745893027253, 25.372726113502104], [90.36743467486154, 25.372804005550275], [90.36741912412566, 25.372883692133303], [90.36741243167678, 25.372964381877562], [90.36741466399027, 25.373045272859855], [90.36742579950652, 25.373125560724223], [90.36744572773279, 25.373204447610053], [90.36747424924307, 25.373281150268674], [90.36751108196634, 25.373354905744765], [90.36755585938998, 25.37342498030451], [90.36760813684796, 25.373490679174864], [90.36766739331738, 25.373551348166956], [90.36773304129999, 25.373606384226928], [90.367804428619, 25.37365524192902], [90.36788084470696, 25.373697434286715], [90.36796153048745, 25.37373254168061], [90.36804568466329, 25.373760216727952], [90.36813247000457, 25.373780182659125], [90.36822102412863, 25.373792243057192], [90.36831046758486, 25.373796276176098], [90.36839991104107, 25.373792243057192], [90.36848846516514, 25.373780182659125], [90.36857525050642, 25.373760216727952], [90.36865940468225, 25.37373254168061]], [[90.34029342961804, 25.37379332337143], [90.34024484243929, 25.373725352027414], [90.34018900585617, 25.373662089878838], [90.34012647592589, 25.373604165155797], [90.34005787248594, 25.37355215333136], [90.33998387915429, 25.37350657225089], [90.33990523075285, 25.373467874015326], [90.33982270791759, 25.373436443357388], [90.3397371317087, 25.37341259358298], [90.33964935283072, 25.37339656007763], [90.33956024354778, 25.373388503552896], [90.33947068870046, 25.373388503552896], [90.33938157941755, 25.37339656007763], [90.33929380053958, 25.37341259358298], [90.33920822433065, 25.373436443357388], [90.33912570149538, 25.373467874015326], [90.33904705309394, 25.37350657225089], [90.33897305976231, 25.37355215333136], [90.33890445632238, 25.373604165155797], [90.33884192639209, 25.373662089878838], [90.33878608980898, 25.373725352027414], [90.3387375026302, 25.37379332337143], [90.33869664635277, 25.37386532779378], [90.33866392881178, 25.373940649407544], [90.33863967340083, 25.374018540672665], [90.33862412266494, 25.37409822645457], [90.33861743021606, 25.374178915387624], [90.33861966252955, 25.374259805556687], [90.3386307980458, 25.374340092613906], [90.33865072627208, 25.374418978706636], [90.33867924778232, 25.374495680594148], [90.33871608050562, 25.374569435328752], [90.33876085792927, 25.37463950918398], [90.33881313538723, 25.37470520739385], [90.33887239185663, 25.374765875775985], [90.33893803983928, 25.374820911282654], [90.33900942715827, 25.37486976849359], [90.33908584324624, 25.374911960427063], [90.33916652902674, 25.374947067467993], [90.33925068320256, 25.3749747422371], [90.33933746854385, 25.374994707967556], [90.33942602266791, 25.37500676824437], [90.33951546612413, 25.375010801322762], [90.33960490958034, 25.37500676824437], [90.33969346370442, 25.374994707967556], [90.33978024904572, 25.3749747422371], [90.3398644032215, 25.374947067467993], [90.33994508900203, 25.374911960427063], [90.34002150509, 25.37486976849359], [90.34009289240896, 25.374820911282654], [90.34015854039161, 25.374765875775985], [90.34021779686101, 25.37470520739385], [90.34027007431897, 25.37463950918398], [90.34031485174262, 25.374569435328752], [90.34035168446592, 25.374495680594148], [90.34038020597619, 25.374418978706636], [90.34040013420243, 25.374340092613906], [90.34041126971871, 25.374259805556687], [90.3404135020322, 25.374178915387624], [90.34040680958333, 25.37409822645457], [90.34039125884745, 25.374018540672665], [90.34036700343646, 25.373940649407544], [90.3403342858955, 25.37386532779378], [90.34029342961804, 25.37379332337143]], [[90.41298049405161, 25.37516396973155], [90.41289093920432, 25.37516396973155], [90.41280182992136, 25.375172026137918], [90.4127140510434, 25.375188059407638], [90.41262847483446, 25.37521190883151], [90.41254595199919, 25.375243339027516], [90.41246730359778, 25.375282036694333], [90.41239331026613, 25.375327617104876], [90.4123247068262, 25.37537962816493], [90.4122621768959, 25.37543755203661], [90.41220634031278, 25.375500813255417], [90.412157753134, 25.37556878360045], [90.41211689685657, 25.375640786964567], [90.41208417931563, 25.375716107471316], [90.41205992390464, 25.375793997591654], [90.41204437316874, 25.375873682202393], [90.41203768071986, 25.375954369949543], [90.41203991303335, 25.37603525892974], [90.41205104854961, 25.376115544806936], [90.4120709767759, 25.376194429740252], [90.41209949828617, 25.37627113050041], [90.41213633100942, 25.37634488415103], [90.41218110843309, 25.376414956976316], [90.41223338589106, 25.37648065422057], [90.41229264236046, 25.37654132171103], [90.4123582903431, 25.376596356408836], [90.41242967766209, 25.37664521290164], [90.41250609375005, 25.37668740421503], [90.41258677953056, 25.376722510739974], [90.41267093370637, 25.376750185102324], [90.41275771904766, 25.37677015053932], [90.41284627317172, 25.376782210638872], [90.41293571662797, 25.376786243657968], [90.41302516008416, 25.376782210638872], [90.41311371420824, 25.37677015053932], [90.41320049954953, 25.376750185102324], [90.41328465372534, 25.376722510739974], [90.41336533950583, 25.37668740421503], [90.4134417555938, 25.37664521290164], [90.4135131429128, 25.376596356408836], [90.41357879089546, 25.37654132171103], [90.41363804736487, 25.37648065422057], [90.41369032482282, 25.376414956976316], [90.41373510224648, 25.37634488415103], [90.41377193496972, 25.37627113050041], [90.41380045648, 25.376194429740252], [90.41382038470628, 25.376115544806936], [90.41383152022253, 25.37603525892974], [90.41383375253602, 25.375954369949543], [90.41382706008714, 25.375873682202393], [90.41381150935126, 25.375793997591654], [90.4137872539403, 25.375716107471316], [90.41375453639931, 25.375640786964567], [90.41371368012189, 25.37556878360045], [90.4136650929431, 25.375500813255417], [90.41360925635999, 25.37543755203661], [90.4135467264297, 25.37537962816493], [90.41347812298976, 25.375327617104876], [90.41340412965813, 25.375282036694333], [90.41332548125669, 25.375243339027516], [90.41324295842143, 25.37521190883151], [90.4131573822125, 25.375188059407638], [90.41306960333452, 25.375172026137918], [90.41298049405161, 25.37516396973155]], [[90.38707703923471, 25.3767811465841], [90.38714842655372, 25.376732290146258], [90.38721407453637, 25.37667725551041], [90.38727333100577, 25.376616588088215], [90.38732560846373, 25.3765508909179], [90.38737038588738, 25.37648081817147], [90.38740721861068, 25.37640706460385], [90.38743574012095, 25.376330363929974], [90.38745566834719, 25.376251479085433], [90.38746680386349, 25.376171193298617], [90.38746903617694, 25.37609030440941], [90.38746234372809, 25.376009616753095], [90.38744679299221, 25.375929932231983], [90.38742253758122, 25.375852042199316], [90.38738982004026, 25.375776721777346], [90.3873489637628, 25.37570471849426], [90.38730037658404, 25.375636748225713], [90.38724454000094, 25.375573487078096], [90.38718201007062, 25.375515563271602], [90.3871134066307, 25.375463552270062], [90.38703941329905, 25.37541797191079], [90.38696076489761, 25.37537927428752], [90.38687824206235, 25.375347844126892], [90.38679266585346, 25.37532399472984], [90.38670488697545, 25.3753079614782], [90.38661577769254, 25.3752999050809], [90.38652622284522, 25.3752999050809], [90.38643711356231, 25.3753079614782], [90.3863493346843, 25.37532399472984], [90.38626375847541, 25.375347844126892], [90.38618123564015, 25.37537927428752], [90.38610258723871, 25.37541797191079], [90.38602859390708, 25.375463552270062], [90.38595999046714, 25.375515563271602], [90.38589746053685, 25.375573487078096], [90.38584162395374, 25.375636748225713], [90.38579303677497, 25.37570471849426], [90.3857521804975, 25.375776721777346], [90.38571946295654, 25.375852042199316], [90.38569520754555, 25.375929932231983], [90.38567965680967, 25.376009616753095], [90.38567296436084, 25.37609030440941], [90.38567519667431, 25.376171193298617], [90.38568633219057, 25.376251479085433], [90.38570626041681, 25.376330363929974], [90.3857347819271, 25.37640706460385], [90.38577161465038, 25.37648081817147], [90.38581639207403, 25.3765508909179], [90.38586866953199, 25.376616588088215], [90.38592792600139, 25.37667725551041], [90.38599357398404, 25.376732290146258], [90.38606496130305, 25.3767811465841], [90.386141377391, 25.376823337850013], [90.3862220631715, 25.376858444335426], [90.38630621734733, 25.376886118666622], [90.3863930026886, 25.376906084081185], [90.38648155681268, 25.376918144167163], [90.38657100026889, 25.37692217718172], [90.38666044372509, 25.376918144167163], [90.38674899784918, 25.376906084081185], [90.38683578319043, 25.376886118666622], [90.38691993736626, 25.376858444335426], [90.38700062314676, 25.376823337850013], [90.38707703923471, 25.3767811465841]], [[90.32656118121209, 25.379043317210414], [90.32657231672833, 25.37896303327926], [90.32657454904182, 25.37888214625971], [90.32656785659294, 25.37880146046837], [90.32655230585705, 25.378721777789043], [90.32652805044609, 25.378643889556656], [90.32649533290511, 25.378568570875593], [90.32645447662769, 25.37849656925674], [90.3264058894489, 25.378428600559197], [90.32635005286579, 25.37836534087373], [90.3262875229355, 25.37830741840601], [90.32621891949557, 25.37825540860663], [90.32614492616395, 25.378209829300847], [90.32606627776251, 25.37817113257199], [90.32598375492725, 25.378139703137798], [90.3258981787183, 25.378115854291977], [90.32581039984032, 25.378099821410906], [90.32572129055742, 25.378091765199812], [90.32563173571012, 25.378091765199812], [90.32554262642718, 25.378099821410906], [90.3254548475492, 25.378115854291977], [90.32536927134029, 25.378139703137798], [90.32528674850504, 25.37817113257199], [90.3252081001036, 25.378209829300847], [90.32513410677193, 25.37825540860663], [90.32506550333201, 25.37830741840601], [90.32500297340171, 25.37836534087373], [90.3249471368186, 25.378428600559197], [90.32489854963981, 25.37849656925674], [90.32485769336239, 25.378568570875593], [90.32482497582143, 25.378643889556656], [90.32480072041045, 25.378721777789043], [90.32478516967456, 25.37880146046837], [90.32477847722568, 25.37888214625971], [90.32478070953917, 25.37896303327926], [90.32479184505542, 25.379043317210414], [90.3248117732817, 25.379122200231656], [90.32484029479197, 25.37919889913268], [90.32487712751524, 25.37927265099557], [90.32492190493888, 25.37934272212235], [90.32497418239687, 25.379408417774165], [90.32503343886627, 25.37946908379409], [90.32509908684892, 25.379524117157857], [90.32517047416789, 25.37957297246645], [90.32524689025585, 25.37961516275714], [90.32532757603639, 25.379650268431092], [90.32541173021218, 25.379677942122616], [90.32549851555346, 25.379697907075695], [90.32558706967754, 25.379709966882917], [90.32567651313376, 25.379713999804242], [90.32576595658996, 25.379709966882917], [90.32585451071404, 25.379697907075695], [90.32594129605532, 25.379677942122616], [90.32602545023116, 25.379650268431092], [90.32610613601165, 25.37961516275714], [90.32618255209961, 25.37957297246645], [90.32625393941862, 25.379524117157857], [90.32631958740127, 25.37946908379409], [90.32637884387067, 25.379408417774165], [90.32643112132862, 25.37934272212235], [90.32647589875226, 25.37927265099557], [90.32651273147553, 25.37919889913268], [90.32654125298582, 25.379122200231656], [90.32656118121209, 25.379043317210414]], [[90.3895238811854, 25.379084230195446], [90.38944988785377, 25.379129809171268], [90.38938128441383, 25.379181818594134], [90.38931875448355, 25.379239740642504], [90.38926291790042, 25.379302999869996], [90.38921433072166, 25.379370968075456], [90.38917347444423, 25.379442969173056], [90.38914075690323, 25.379518287308855], [90.38911650149228, 25.37959617497734], [90.3891009507564, 25.379675857079793], [90.38909425830752, 25.37975654228703], [90.389096490621, 25.379837428720975], [90.38910762613726, 25.379917712070867], [90.38912755436353, 25.379996594521007], [90.38915607587379, 25.38007329286674], [90.38919290859707, 25.380147044195684], [90.38923768602072, 25.380217114815167], [90.38928996347867, 25.380282809991346], [90.38934921994807, 25.38034347557206], [90.38941486793072, 25.380398508537393], [90.38948625524974, 25.380447363492273], [90.38956267133769, 25.380489553477517], [90.38964335711819, 25.380524658897304], [90.38972751129401, 25.380552332388515], [90.3898142966353, 25.380572297197006], [90.38990285075937, 25.380584356916916], [90.38999229421557, 25.380588389809056], [90.39008173767179, 25.380584356916916], [90.39017029179588, 25.380572297197006], [90.39025707713716, 25.380552332388515], [90.39034123131295, 25.380524658897304], [90.39042191709349, 25.380489553477517], [90.39049833318144, 25.380447363492273], [90.39056972050041, 25.380398508537393], [90.39063536848306, 25.38034347557206], [90.39069462495246, 25.380282809991346], [90.39074690241041, 25.380217114815167], [90.39079167983407, 25.380147044195684], [90.39082851255736, 25.38007329286674], [90.39085703406764, 25.379996594521007], [90.39087696229389, 25.379917712070867], [90.39088809781018, 25.379837428720975], [90.39089033012365, 25.37975654228703], [90.39088363767478, 25.379675857079793], [90.3908680869389, 25.37959617497734], [90.3908438315279, 25.379518287308855], [90.39081111398694, 25.379442969173056], [90.39077025770949, 25.379370968075456], [90.39072167053075, 25.379302999869996], [90.39066583394762, 25.379239740642504], [90.39060330401733, 25.379181818594134], [90.39053470057739, 25.379129809171268], [90.39046070724575, 25.379084230195446], [90.39038205884431, 25.379045533746744], [90.39029953600904, 25.379014104540094], [90.39021395980015, 25.37899025586692], [90.39012618092217, 25.378974223101928], [90.39003707163923, 25.378966166949155], [90.3899475167919, 25.378966166949155], [90.389858407509, 25.378974223101928], [90.38977062863103, 25.37899025586692], [90.3896850524221, 25.379014104540094], [90.38960252958684, 25.379045533746744], [90.3895238811854, 25.379084230195446]], [[90.40659576039053, 25.37898206417453], [90.40650798151255, 25.378998096938517], [90.40642240530363, 25.379021945610095], [90.40633988246837, 25.379053374814713], [90.40626123406695, 25.37909207126091], [90.4061872407353, 25.379137650233766], [90.40611863729536, 25.37918965965326], [90.40605610736507, 25.379247581697864], [90.40600027078195, 25.379310840921246], [90.40595168360318, 25.379378809122304], [90.40591082732576, 25.379450810215236], [90.40587810978481, 25.379526128346125], [90.4058538543738, 25.379604016009573], [90.40583830363792, 25.379683698106845], [90.40583161118904, 25.379764383308828], [90.40583384350252, 25.379845269737547], [90.40584497901878, 25.379925553082206], [90.40586490724506, 25.380004435527233], [90.40589342875533, 25.380081133867982], [90.40593026147859, 25.380154885192155], [90.40597503890224, 25.38022495580708], [90.40602731636024, 25.380290650978985], [90.40608657282961, 25.38035131655576], [90.40615222081225, 25.380406349517553], [90.40622360813127, 25.38045520446924], [90.40630002421922, 25.380497394451734], [90.40638070999971, 25.380532499869247], [90.40646486417553, 25.380560173358663], [90.40655164951681, 25.380580138165868], [90.4066402036409, 25.38059219788499], [90.40672964709714, 25.380596230776863], [90.40681909055333, 25.38059219788499], [90.4069076446774, 25.380580138165868], [90.40699443001868, 25.380560173358663], [90.40707858419451, 25.380532499869247], [90.40715926997501, 25.380497394451734], [90.40723568606296, 25.38045520446924], [90.40730707338197, 25.380406349517553], [90.40737272136462, 25.38035131655576], [90.40743197783402, 25.380290650978985], [90.40748425529198, 25.38022495580708], [90.40752903271563, 25.380154885192155], [90.4075658654389, 25.380081133867982], [90.40759438694917, 25.380004435527233], [90.40761431517544, 25.379925553082206], [90.4076254506917, 25.379845269737547], [90.40762768300519, 25.379764383308828], [90.40762099055631, 25.379683698106845], [90.40760543982043, 25.379604016009573], [90.40758118440942, 25.379526128346125], [90.40754846686848, 25.379450810215236], [90.40750761059105, 25.379378809122304], [90.40745902341229, 25.379310840921246], [90.40740318682914, 25.379247581697864], [90.40734065689887, 25.37918965965326], [90.40727205345893, 25.379137650233766], [90.40719806012729, 25.37909207126091], [90.40711941172586, 25.379053374814713], [90.4070368888906, 25.379021945610095], [90.40695131268167, 25.378998096938517], [90.4068635338037, 25.37898206417453], [90.40677442452075, 25.378974008022276], [90.40668486967347, 25.378974008022276], [90.40659576039053, 25.37898206417453]], [[90.2892622691311, 25.317417893939425], [90.28917449025307, 25.31743393486647], [90.28908891404419, 25.31745779568062], [90.28900639120891, 25.317489240887383], [90.28892774280747, 25.31752795703592], [90.28885374947585, 25.317573559215326], [90.28878514603593, 25.31762559511551], [90.28872261610559, 25.3176835466513], [90.28866677952252, 25.31774683808338], [90.28861819234373, 25.31781484089082], [90.28857733606628, 25.317886878643588], [90.28854461852534, 25.317962235123343], [90.28852036311433, 25.31804016244403], [90.28850481237843, 25.318119885112296], [90.2884981199296, 25.318200611396165], [90.28850035224305, 25.318281539009327], [90.28851148775934, 25.31836186323152], [90.28853141598559, 25.31844078584087], [90.28855993749586, 25.318517523234007], [90.28859677021916, 25.318591312110136], [90.2886415476428, 25.318661418403], [90.28869382510075, 25.31872714702509], [90.28875308157016, 25.318787843491183], [90.28881872955282, 25.318842904474376], [90.28889011687181, 25.318891784301815], [90.28896653295978, 25.318933995766464], [90.28904721874028, 25.318969119058856], [90.2891313729161, 25.318996806639], [90.28921815825738, 25.31901678161185], [90.28930671238146, 25.319028847471532], [90.28939615583766, 25.319032882416874], [90.28948559929385, 25.319028847471532], [90.28957415341792, 25.31901678161185], [90.28966093875923, 25.318996806639], [90.28974509293504, 25.318969119058856], [90.28982577871554, 25.318933995766464], [90.28990219480349, 25.318891784301815], [90.2899735821225, 25.318842904474376], [90.29003923010515, 25.318787843491183], [90.29009848657456, 25.31872714702509], [90.2901507640325, 25.318661418403], [90.29019554145617, 25.318591312110136], [90.29023237417945, 25.318517523234007], [90.29026089568974, 25.31844078584087], [90.29028082391596, 25.31836186323152], [90.29029195943222, 25.318281539009327], [90.29029419174572, 25.318200611396165], [90.29028749929687, 25.318119885112296], [90.29027194856097, 25.31804016244403], [90.29024769315, 25.317962235123343], [90.29021497560903, 25.317886878643588], [90.29017411933158, 25.31781484089082], [90.2901255321528, 25.31774683808338], [90.29006969556968, 25.3176835466513], [90.2900071656394, 25.31762559511551], [90.28993856219945, 25.317573559215326], [90.28986456886783, 25.31752795703592], [90.28978592046639, 25.317489240887383], [90.28970339763113, 25.31745779568062], [90.28961782142223, 25.31743393486647], [90.28953004254423, 25.317417893939425], [90.2894409332613, 25.317409833685403], [90.28935137841401, 25.317409833685403], [90.2892622691311, 25.317417893939425]], [[90.40890415309131, 25.31115866747322], [90.40891528860757, 25.31123899641894], [90.40893521683381, 25.311317923669396], [90.40896373834408, 25.31139466557513], [90.40900057106738, 25.311468458790475], [90.40904534849103, 25.311538569206025], [90.40909762594899, 25.311604301693407], [90.40915688241839, 25.311665001728844], [90.40922253040104, 25.311720065949956], [90.40929391772005, 25.311768948651853], [90.409370333808, 25.311811162598836], [90.4094510195885, 25.311846287956747], [90.40953517376433, 25.31187397716509], [90.40962195910562, 25.311893953312598], [90.40971051322968, 25.31190601988183], [90.40979995668587, 25.31191005506446], [90.40988940014208, 25.31190601988183], [90.4099779542662, 25.311893953312598], [90.41006473960744, 25.31187397716509], [90.41014889378327, 25.311846287956747], [90.41022957956379, 25.311811162598836], [90.41030599565175, 25.311768948651853], [90.41037738297072, 25.311720065949956], [90.41044303095337, 25.311665001728844], [90.41050228742279, 25.311604301693407], [90.41055456488074, 25.311538569206025], [90.41059934230438, 25.311468458790475], [90.41063617502768, 25.31139466557513], [90.41066469653795, 25.311317923669396], [90.4106846247642, 25.31123899641894], [90.41069576028049, 25.31115866747322], [90.41069799259394, 25.311077735101083], [90.4106913001451, 25.31099700407008], [90.41067574940921, 25.310917276713717], [90.4106514939982, 25.310839344810535], [90.41061877645726, 25.310763983899466], [90.4105779201798, 25.310691941910555], [90.41052933300102, 25.310623935104296], [90.41047349641795, 25.310560639950392], [90.41041096648765, 25.31050268500679], [90.4103423630477, 25.31045064604671], [90.41026836971606, 25.310405041185692], [90.41018972131462, 25.310366322760526], [90.41010719847937, 25.31033487570465], [90.41002162227046, 25.310311013487407], [90.40993384339244, 25.310294971617086], [90.40984473410954, 25.31028691088912], [90.40975517926223, 25.31028691088912], [90.40966606997931, 25.310294971617086], [90.40957829110131, 25.310311013487407], [90.40949271489241, 25.31033487570465], [90.40941019205715, 25.310366322760526], [90.40933154365571, 25.310405041185692], [90.40925755032409, 25.31045064604671], [90.40918894688414, 25.31050268500679], [90.40912641695387, 25.310560639950392], [90.40907058037074, 25.310623935104296], [90.40902199319196, 25.310691941910555], [90.4089811369145, 25.310763983899466], [90.40894841937354, 25.310839344810535], [90.40892416396257, 25.310917276713717], [90.4089086132267, 25.31099700407008], [90.40890192077782, 25.311077735101083], [90.40890415309131, 25.31115866747322]], [[90.44382956078312, 25.31029413760869], [90.44391900423935, 25.310298172845002], [90.44400844769554, 25.31029413760869], [90.44409700181961, 25.310282070878912], [90.4441837871609, 25.3102620944656], [90.44426794133672, 25.310234404888845], [90.44434862711722, 25.31019927906361], [90.44442504320517, 25.310157064554982], [90.44449643052418, 25.31010818120271], [90.44456207850683, 25.310053116248937], [90.44462133497623, 25.309992415405894], [90.44467361243419, 25.309926682043976], [90.44471838985784, 25.309856570695622], [90.44475522258111, 25.309782776498476], [90.44478374409138, 25.309706033571693], [90.44480367231765, 25.309627105271137], [90.44481480783391, 25.309546775256695], [90.44481704014738, 25.309465841807775], [90.4448103476985, 25.309385109702674], [90.44479479696263, 25.309305381285558], [90.44477054155168, 25.309227448345528], [90.44473782401069, 25.309152086431848], [90.44469696773326, 25.30908004348447], [90.44464838055448, 25.309012035773367], [90.44459254397135, 25.308948739777378], [90.44453001404108, 25.308890784062747], [90.44446141060114, 25.3088387444103], [90.44438741726948, 25.308793138942544], [90.44430876886807, 25.30875442000227], [90.44422624603281, 25.308722972528003], [90.44414066982388, 25.308699109993324], [90.44405289094591, 25.308683067909573], [90.443963781663, 25.30867500707435], [90.44387422681568, 25.30867500707435], [90.44378511753274, 25.308683067909573], [90.44369733865476, 25.308699109993324], [90.44361176244584, 25.308722972528003], [90.44352923961058, 25.30875442000227], [90.44345059120916, 25.308793138942544], [90.44337659787752, 25.3088387444103], [90.44330799443757, 25.308890784062747], [90.44324546450729, 25.308948739777378], [90.44318962792416, 25.309012035773367], [90.44314104074539, 25.30908004348447], [90.44310018446797, 25.309152086431848], [90.443067466927, 25.309227448345528], [90.44304321151601, 25.309305381285558], [90.44302766078013, 25.309385109702674], [90.44302096833125, 25.309465841807775], [90.44302320064473, 25.309546775256695], [90.44303433616099, 25.309627105271137], [90.44305426438727, 25.309706033571693], [90.44308278589754, 25.309782776498476], [90.4431196186208, 25.309856570695622], [90.44316439604445, 25.309926682043976], [90.44321667350245, 25.309992415405894], [90.44327592997185, 25.310053116248937], [90.44334157795446, 25.31010818120271], [90.44341296527347, 25.310157064554982], [90.44348938136143, 25.31019927906361], [90.44357006714192, 25.310234404888845], [90.44365422131774, 25.3102620944656], [90.44374100665902, 25.310282070878912], [90.44382956078312, 25.31029413760869]], [[90.50425078847711, 25.308788246898782], [90.50427930998738, 25.308864990406867], [90.50431614271068, 25.308938785163], [90.50436092013432, 25.30900889704247], [90.50441319759227, 25.30907463090235], [90.50447245406167, 25.309135332205187], [90.50453810204432, 25.30919039757607], [90.50460948936333, 25.309239281298645], [90.5046859054513, 25.309281496127063], [90.50476659123179, 25.309316622218397], [90.50485074540762, 25.3093443120049], [90.50493753074886, 25.30936428856952], [90.50502608487298, 25.309376355390718], [90.50511552832918, 25.30938039065759], [90.50520497178537, 25.309376355390718], [90.50529352590944, 25.30936428856952], [90.50538031125073, 25.3093443120049], [90.50546446542656, 25.309316622218397], [90.50554515120706, 25.309281496127063], [90.50562156729501, 25.309239281298645], [90.50569295461402, 25.30919039757607], [90.50575860259667, 25.309135332205187], [90.50581785906607, 25.30907463090235], [90.50587013652402, 25.30900889704247], [90.50591491394768, 25.308938785163], [90.50595174667097, 25.308864990406867], [90.50598026818125, 25.308788246898782], [90.50600019640748, 25.30870931800033], [90.50601133192373, 25.308628987377347], [90.50601356423724, 25.30854805331537], [90.50600687178839, 25.308467320598737], [90.50599132105249, 25.308387591577713], [90.50596706564151, 25.308309658047346], [90.50593434810055, 25.30823429556277], [90.5058934918231, 25.308162252069657], [90.50584490464432, 25.308094243843456], [90.50578906806119, 25.308030947368007], [90.50572653813092, 25.307972991214346], [90.50565793469097, 25.307920951167723], [90.50558394135935, 25.30787534535452], [90.5055052929579, 25.307836626120963], [90.50542277012265, 25.307805178408483], [90.50533719391375, 25.30778131569301], [90.50524941503575, 25.307765273487764], [90.50516030575282, 25.307757212591493], [90.50507075090552, 25.307757212591493], [90.50498164162262, 25.307765273487764], [90.5048938627446, 25.30778131569301], [90.50480828653569, 25.307805178408483], [90.50472576370043, 25.307836626120963], [90.504647115299, 25.30787534535452], [90.50457312196734, 25.307920951167723], [90.50450451852744, 25.307972991214346], [90.50444198859711, 25.308030947368007], [90.50438615201404, 25.308094243843456], [90.50433756483525, 25.308162252069657], [90.5042967085578, 25.30823429556277], [90.50426399101686, 25.308309658047346], [90.50423973560585, 25.308387591577713], [90.50422418486995, 25.308467320598737], [90.50421749242112, 25.30854805331537], [90.50421972473457, 25.308628987377347], [90.50423086025086, 25.30870931800033], [90.50425078847711, 25.308788246898782]], [[90.47582679931357, 25.308743562325002], [90.47591535343764, 25.30873149544079], [90.47600213877894, 25.30871151877181], [90.47608629295472, 25.308683828840692], [90.47616697873525, 25.30864870256593], [90.47624339482321, 25.308606487517036], [90.47631478214218, 25.308557603539114], [90.47638043012483, 25.30850253788067], [90.47643968659423, 25.308441836260783], [90.47649196405219, 25.30837610205762], [90.47653674147584, 25.308305989811956], [90.47657357419912, 25.30823219467044], [90.47660209570941, 25.308155450761515], [90.47662202393569, 25.30807652145085], [90.47663315945195, 25.30799619040834], [90.47663539176543, 25.307915255923668], [90.47662869931655, 25.30783452278542], [90.47661314858067, 25.307754793347968], [90.47658889316968, 25.30767685941058], [90.47655617562872, 25.307601496532428], [90.4765153193513, 25.307529452663097], [90.47646673217253, 25.307461444081692], [90.4764108955894, 25.30739814727568], [90.4763483656591, 25.307340190819357], [90.47627976221916, 25.307288150500938], [90.47620576888751, 25.30724254444955], [90.47612712048607, 25.307203825013772], [90.47604459765081, 25.307172377137075], [90.47595902144192, 25.307148514296976], [90.47587124256394, 25.30713247200794], [90.475782133281, 25.307124411069587], [90.47569257843368, 25.307124411069587], [90.47560346915077, 25.30713247200794], [90.4755156902728, 25.307148514296976], [90.47543011406387, 25.307172377137075], [90.47534759122861, 25.307203825013772], [90.47526894282717, 25.30724254444955], [90.47519494949555, 25.307288150500938], [90.4751263460556, 25.307340190819357], [90.47506381612531, 25.30739814727568], [90.4750079795422, 25.307461444081692], [90.47495939236342, 25.307529452663097], [90.474918536086, 25.307601496532428], [90.474885818545, 25.30767685941058], [90.47486156313406, 25.307754793347968], [90.47484601239816, 25.30783452278542], [90.4748393199493, 25.307915255923668], [90.47484155226277, 25.30799619040834], [90.47485268777903, 25.30807652145085], [90.4748726160053, 25.308155450761515], [90.47490113751554, 25.30823219467044], [90.47493797023884, 25.308305989811956], [90.4749827476625, 25.30837610205762], [90.47503502512045, 25.308441836260783], [90.47509428158985, 25.30850253788067], [90.4751599295725, 25.308557603539114], [90.47523131689151, 25.308606487517036], [90.47530773297946, 25.30864870256593], [90.47538841875996, 25.308683828840692], [90.47547257293579, 25.30871151877181], [90.47555935827707, 25.30873149544079], [90.47564791240114, 25.308743562325002], [90.47573735585733, 25.308747597612953], [90.47582679931357, 25.308743562325002]], [[90.45796464879678, 25.308564200989185], [90.45805320292085, 25.308552134087098], [90.45813998826215, 25.30853215738855], [90.45822414243797, 25.308504467416444], [90.45830482821846, 25.308469341089687], [90.45838124430641, 25.30842712597829], [90.45845263162543, 25.308378241928004], [90.45851827960807, 25.308323176188047], [90.45857753607748, 25.308262474478305], [90.45862981353544, 25.308196740177827], [90.45867459095909, 25.308126627828415], [90.45871142368237, 25.308052832577612], [90.45873994519266, 25.30797608855509], [90.4587598734189, 25.307897159127585], [90.45877100893516, 25.307816827966185], [90.45877324124864, 25.307735893361684], [90.45876654879976, 25.307655160103938], [90.4587509980639, 25.307575430548464], [90.45872674265291, 25.30749749649572], [90.45869402511197, 25.307422133506034], [90.4586531688345, 25.307350089530026], [90.45860458165572, 25.30728208084795], [90.4585487450726, 25.307218783948226], [90.45848621514232, 25.30716082740613], [90.45841761170237, 25.30710878701068], [90.45834361837076, 25.307063180891788], [90.4582649699693, 25.307024461398694], [90.45818244713405, 25.306993013475445], [90.45809687092516, 25.30696915060002], [90.45800909204715, 25.306953108287267], [90.45791998276424, 25.306945047336942], [90.45783042791693, 25.306945047336942], [90.45774131863402, 25.306953108287267], [90.45765353975601, 25.30696915060002], [90.4575679635471, 25.306993013475445], [90.45748544071185, 25.307024461398694], [90.4574067923104, 25.307063180891788], [90.45733279897875, 25.30710878701068], [90.45726419553881, 25.30716082740613], [90.45720166560852, 25.307218783948226], [90.45714582902544, 25.30728208084795], [90.45709724184665, 25.307350089530026], [90.4570563855692, 25.307422133506034], [90.45702366802826, 25.30749749649572], [90.45699941261725, 25.307575430548464], [90.45698386188137, 25.307655160103938], [90.45697716943252, 25.307735893361684], [90.45697940174598, 25.307816827966185], [90.45699053726226, 25.307897159127585], [90.45701046548851, 25.30797608855509], [90.45703898699878, 25.308052832577612], [90.45707581972208, 25.308126627828415], [90.45712059714573, 25.308196740177827], [90.45717287460369, 25.308262474478305], [90.45723213107308, 25.308323176188047], [90.45729777905574, 25.308378241928004], [90.45736916637472, 25.30842712597829], [90.45744558246267, 25.308469341089687], [90.4575262682432, 25.308504467416444], [90.45761042241902, 25.30853215738855], [90.45769720776028, 25.308552134087098], [90.45778576188438, 25.308564200989185], [90.45787520534059, 25.308568236283104], [90.45796464879678, 25.308564200989185]], [[90.40433547247325, 25.307549517233817], [90.40431121706226, 25.307471583164396], [90.4042784995213, 25.307396220158566], [90.40423764324385, 25.307324176167153], [90.40418905606508, 25.30725616747056], [90.40413321948195, 25.307192870557287], [90.40407068955166, 25.307134914002784], [90.40400208611172, 25.30708287359623], [90.40392809278009, 25.307037267467592], [90.40384944437865, 25.306998547966217], [90.4037669215434, 25.306967100036225], [90.4036813453345, 25.306943237155707], [90.4035935664565, 25.306927194839496], [90.40350445717358, 25.306919133887455], [90.40341490232628, 25.306919133887455], [90.40332579304336, 25.306927194839496], [90.40323801416535, 25.306943237155707], [90.40315243795646, 25.306967100036225], [90.4030699151212, 25.306998547966217], [90.40299126671974, 25.307037267467592], [90.4029172733881, 25.30708287359623], [90.4028486699482, 25.307134914002784], [90.40278614001787, 25.307192870557287], [90.40273030343478, 25.30725616747056], [90.40268171625601, 25.307324176167153], [90.40264085997855, 25.307396220158566], [90.4026081424376, 25.307471583164396], [90.4025838870266, 25.307549517233817], [90.40256833629071, 25.307629246806304], [90.40256164384186, 25.30770998008135], [90.40256387615531, 25.30779091470313], [90.4025750116716, 25.307871245881742], [90.40259493989785, 25.30795017532613], [90.40262346140813, 25.308026919365037], [90.40266029413142, 25.308100714631614], [90.40270507155508, 25.30817082699603], [90.40275734901303, 25.30823656131055], [90.40281660548243, 25.308297263033282], [90.40288225346508, 25.308352328785055], [90.40295364078408, 25.308401212845762], [90.40303005687204, 25.308443427966168], [90.40311074265254, 25.308478554300482], [90.40319489682837, 25.308506244278504], [90.40328168216965, 25.308526220981303], [90.40337023629372, 25.30853828788597], [90.40345967974993, 25.308542323180756], [90.40354912320612, 25.30853828788597], [90.4036376773302, 25.308526220981303], [90.40372446267149, 25.308506244278504], [90.4038086168473, 25.308478554300482], [90.4038893026278, 25.308443427966168], [90.40396571871575, 25.308401212845762], [90.40403710603476, 25.308352328785055], [90.40410275401742, 25.308297263033282], [90.40416201048683, 25.30823656131055], [90.40421428794477, 25.30817082699603], [90.40425906536844, 25.308100714631614], [90.40429589809172, 25.308026919365037], [90.404324419602, 25.30795017532613], [90.40434434782823, 25.307871245881742], [90.4043554833445, 25.30779091470313], [90.40435771565798, 25.30770998008135], [90.40435102320913, 25.307629246806304], [90.40433547247325, 25.307549517233817]], [[90.37331236254532, 25.308523329926523], [90.37322678633642, 25.308499467352483], [90.3731390074584, 25.308483425242308], [90.3730498981755, 25.308475364393786], [90.37296034332817, 25.308475364393786], [90.37287123404526, 25.308483425242308], [90.3727834551673, 25.308499467352483], [90.37269787895836, 25.308523329926523], [90.3726153561231, 25.308554777452596], [90.37253670772166, 25.30859349645666], [90.37246271439004, 25.308639101999578], [90.3723941109501, 25.308691141737736], [90.37233158101982, 25.30874909754786], [90.37227574443669, 25.308812393648182], [90.37222715725791, 25.308880401471292], [90.37218630098046, 25.308952444537393], [90.3721535834395, 25.30902780657528], [90.3721293280285, 25.30910573964373], [90.37211377729267, 25.3091854681922], [90.37210708484379, 25.30926620043031], [90.37210931715727, 25.309347134012587], [90.37212045267353, 25.309427464159427], [90.37214038089976, 25.309506392590045], [90.37216890241004, 25.309583135643248], [90.37220573513333, 25.309656929961992], [90.37225051255699, 25.309727041425877], [90.37230279001494, 25.309792774896113], [90.37236204648434, 25.30985347583918], [90.37242769446699, 25.309908540883676], [90.372499081786, 25.30995742431651], [90.37257549787395, 25.30999963889471], [90.37265618365446, 25.310034764777843], [90.37274033783028, 25.310062454400207], [90.37282712317158, 25.310082430846418], [90.37291567729564, 25.310094497596094], [90.37300512075183, 25.310098532839046], [90.37309456420805, 25.310094497596094], [90.37318311833215, 25.310082430846418], [90.37326990367339, 25.310062454400207], [90.37335405784921, 25.310034764777843], [90.37343474362974, 25.30999963889471], [90.37351115971771, 25.30995742431651], [90.37358254703668, 25.309908540883676], [90.37364819501933, 25.30985347583918], [90.37370745148873, 25.309792774896113], [90.3737597289467, 25.309727041425877], [90.37380450637033, 25.309656929961992], [90.37384133909363, 25.309583135643248], [90.3738698606039, 25.309506392590045], [90.37388978883016, 25.309427464159427], [90.37390092434644, 25.309347134012587], [90.37390315665989, 25.30926620043031], [90.37389646421106, 25.3091854681922], [90.37388091347516, 25.30910573964373], [90.37385665806417, 25.30902780657528], [90.37382394052321, 25.308952444537393], [90.37378308424576, 25.308880401471292], [90.37373449706702, 25.308812393648182], [90.3736786604839, 25.30874909754786], [90.3736161305536, 25.308691141737736], [90.37354752711366, 25.308639101999578], [90.37347353378202, 25.30859349645666], [90.37339488538058, 25.308554777452596], [90.37331236254532, 25.308523329926523]], [[90.392010028023, 25.309505604865173], [90.39192224914503, 25.309521646840007], [90.39183667293614, 25.30954550921273], [90.39175415010087, 25.309576956473496], [90.39167550169941, 25.309615675150916], [90.39160150836777, 25.309661280309076], [90.39153290492783, 25.309713319608203], [90.39147037499755, 25.30977127492941], [90.39141453841441, 25.309834570495696], [90.39136595123564, 25.309902577745085], [90.39132509495822, 25.30997462020334], [90.39129237741727, 25.310049981605424], [90.39126812200627, 25.310127914016377], [90.3912525712704, 25.310207641892198], [90.39124587882151, 25.3102883734492], [90.391248111135, 25.310369306348647], [90.39125924665126, 25.31044963581776], [90.39127917487752, 25.310528563582476], [90.3913076963878, 25.310605305988243], [90.39134452911107, 25.310679099684364], [90.39138930653472, 25.310749210556764], [90.3914415839927, 25.3108149434724], [90.39150084046211, 25.310875643903337], [90.39156648844472, 25.31093070848324], [90.39163787576373, 25.310979591503663], [90.39171429185168, 25.311021805725662], [90.39179497763219, 25.311056931312446], [90.39187913180801, 25.311084620701187], [90.39196591714929, 25.311104596978858], [90.39205447127337, 25.31111666362673], [90.3921439147296, 25.311120698835666], [90.39223335818579, 25.31111666362673], [90.39232191230988, 25.311104596978858], [90.39240869765116, 25.311084620701187], [90.39249285182699, 25.311056931312446], [90.39257353760748, 25.311021805725662], [90.39264995369544, 25.310979591503663], [90.39272134101445, 25.31093070848324], [90.3927869889971, 25.310875643903337], [90.3928462454665, 25.3108149434724], [90.39289852292445, 25.310749210556764], [90.39294330034811, 25.310679099684364], [90.39298013307136, 25.310605305988243], [90.39300865458164, 25.310528563582476], [90.39302858280791, 25.31044963581776], [90.39303971832418, 25.310369306348647], [90.39304195063765, 25.3102883734492], [90.39303525818877, 25.310207641892198], [90.3930197074529, 25.310127914016377], [90.39299545204193, 25.310049981605424], [90.39296273450094, 25.30997462020334], [90.39292187822352, 25.309902577745085], [90.39287329104475, 25.309834570495696], [90.39281745446162, 25.30977127492941], [90.39275492453133, 25.309713319608203], [90.39268632109139, 25.309661280309076], [90.39261232775978, 25.309615675150916], [90.39253367935832, 25.309576956473496], [90.39245115652307, 25.30954550921273], [90.39236558031415, 25.309521646840007], [90.39227780143617, 25.309505604865173], [90.39218869215325, 25.309497544084703], [90.39209913730595, 25.309497544084703], [90.392010028023, 25.309505604865173]], [[90.42619974244658, 25.308564706111508], [90.42621967067288, 25.308643635104158], [90.42624819218311, 25.308720378703867], [90.4262850249064, 25.308794173548065], [90.42632980233006, 25.308864285511234], [90.42638207978801, 25.308930019449534], [90.42644133625741, 25.30899072082485], [90.42650698424006, 25.30904578626143], [90.42657837155906, 25.309094670042388], [90.42665478764702, 25.309136884921184], [90.42673547342753, 25.30917201105442], [90.42681962760335, 25.309199700873968], [90.42690641294463, 25.309219677462455], [90.42699496706871, 25.309231744298067], [90.42708441052491, 25.30923577956976], [90.4271738539811, 25.309231744298067], [90.42726240810521, 25.309219677462455], [90.42734919344646, 25.309199700873968], [90.42743334762228, 25.30917201105442], [90.42751403340283, 25.309136884921184], [90.42759044949078, 25.309094670042388], [90.42766183680975, 25.30904578626143], [90.4277274847924, 25.30899072082485], [90.4277867412618, 25.308930019449534], [90.42783901871975, 25.308864285511234], [90.4278837961434, 25.308794173548065], [90.4279206288667, 25.308720378703867], [90.42794915037697, 25.308643635104158], [90.42796907860321, 25.308564706111508], [90.4279802141195, 25.308484375392652], [90.42798244643296, 25.308403441234073], [90.42797575398411, 25.30832270842111], [90.42796020324823, 25.308242979304882], [90.42793594783724, 25.308165045681505], [90.42790323029628, 25.30808968310702], [90.42786237401883, 25.308017639527918], [90.42781378684008, 25.307949631220524], [90.42775795025696, 25.30788633466953], [90.42769542032667, 25.30782837844672], [90.42762681688674, 25.307776338337966], [90.42755282355508, 25.30773073247033], [90.42747417515363, 25.30769201319056], [90.42739165231838, 25.30766056544055], [90.42730607610949, 25.30763670269659], [90.42721829723148, 25.307620660472235], [90.42712918794857, 25.307612599566312], [90.42703963310126, 25.307612599566312], [90.42695052381835, 25.307620660472235], [90.42686274494037, 25.30763670269659], [90.42677716873145, 25.30766056544055], [90.42669464589618, 25.30769201319056], [90.42661599749472, 25.30773073247033], [90.42654200416311, 25.307776338337966], [90.42647340072318, 25.30782837844672], [90.42641087079288, 25.30788633466953], [90.42635503420976, 25.307949631220524], [90.426306447031, 25.308017639527918], [90.42626559075353, 25.30808968310702], [90.42623287321258, 25.308165045681505], [90.42620861780158, 25.308242979304882], [90.42619306706573, 25.30832270842111], [90.42618637461685, 25.308403441234073], [90.42618860693034, 25.308484375392652], [90.42619974244658, 25.308564706111508]], [[90.5028044074449, 25.305198470553023], [90.50284918486852, 25.30526858459672], [90.5029014623265, 25.30533432048569], [90.5029607187959, 25.30539502366231], [90.50302636677856, 25.305450090732997], [90.50309775409754, 25.305498975964564], [90.5031741701855, 25.305541192096094], [90.50325485596602, 25.305576319271704], [90.50333901014181, 25.305604009912987], [90.50342579548311, 25.305623987094254], [90.50351434960717, 25.305636054287945], [90.5036037930634, 25.30564008967938], [90.50369323651961, 25.305636054287945], [90.50378179064367, 25.305623987094254], [90.50386857598498, 25.305604009912987], [90.50395273016079, 25.305576319271704], [90.50403341594128, 25.305541192096094], [90.50410983202924, 25.305498975964564], [90.50418121934825, 25.305450090732997], [90.5042468673309, 25.30539502366231], [90.50430612380032, 25.30533432048569], [90.50435840125826, 25.30526858459672], [90.50440317868191, 25.305198470553023], [90.50444001140521, 25.30512467351895], [90.50446853291545, 25.3050479276419], [90.50448846114172, 25.304968996307053], [90.50449959665798, 25.304888663204444], [90.50450182897147, 25.304807726644196], [90.50449513652259, 25.30472699143551], [90.50447958578671, 25.30464725995342], [90.50445533037573, 25.304569324017407], [90.50442261283476, 25.304493959206575], [90.50438175655734, 25.30442191348967], [90.50433316937855, 25.304353903164188], [90.50427733279544, 25.304290604734938], [90.50421480286514, 25.30423264679234], [90.50414619942521, 25.304180605139376], [90.50407220609358, 25.304134997918435], [90.50399355769214, 25.304096277489723], [90.50391103485688, 25.304064828806588], [90.50382545864795, 25.304040965354524], [90.50373767976997, 25.30402492265409], [90.50364857048706, 25.30401686150899], [90.50355901563977, 25.30401686150899], [90.50346990635681, 25.30402492265409], [90.50338212747884, 25.304040965354524], [90.50329655126994, 25.304064828806588], [90.50321402843468, 25.304096277489723], [90.50313538003323, 25.304134997918435], [90.50306138670157, 25.304180605139376], [90.50299278326165, 25.30423264679234], [90.50293025333134, 25.304290604734938], [90.50287441674823, 25.304353903164188], [90.50282582956945, 25.30442191348967], [90.50278497329202, 25.304493959206575], [90.50275225575108, 25.304569324017407], [90.50272800034008, 25.30464725995342], [90.50271244960419, 25.30472699143551], [90.50270575715531, 25.304807726644196], [90.5027079894688, 25.304888663204444], [90.50271912498506, 25.304968996307053], [90.50273905321134, 25.3050479276419], [90.50276757472162, 25.30512467351895], [90.5028044074449, 25.305198470553023]], [[90.48354460321184, 25.30514710255954], [90.48363315733592, 25.30513503531716], [90.4837199426772, 25.305115058055275], [90.48380409685302, 25.305087367302303], [90.48388478263351, 25.305052239984917], [90.48396119872147, 25.30501002368309], [90.48403258604048, 25.30496113825425], [90.48409823402312, 25.304906070961394], [90.48415749049254, 25.304845367539848], [90.48420976795049, 25.304779631385657], [90.48425454537414, 25.30470951705902], [90.48429137809744, 25.30463571972722], [90.48431989960771, 25.304558973540498], [90.48433982783396, 25.3044800418872], [90.48435096335024, 25.30439970846043], [90.4843531956637, 25.304318771573612], [90.48434650321485, 25.304238036039177], [90.48433095247897, 25.30415830423538], [90.48430669706796, 25.304080367984927], [90.48427397952702, 25.304005002870017], [90.48423312324957, 25.30393295686245], [90.48418453607079, 25.303864946262564], [90.4841286994877, 25.303801647577924], [90.48406616955737, 25.303743689401454], [90.48399756611747, 25.303691647538546], [90.48392357278583, 25.303646040133593], [90.48384492438437, 25.303607319548654], [90.48376240154911, 25.3035758707386], [90.48367682534021, 25.30355200719027], [90.4835890464622, 25.303535964425116], [90.48349993717929, 25.30352790324751], [90.48341038233198, 25.30352790324751], [90.48332127304907, 25.303535964425116], [90.48323349417106, 25.30355200719027], [90.48314791796217, 25.3035758707386], [90.48306539512691, 25.303607319548654], [90.48298674672546, 25.303646040133593], [90.48291275339385, 25.303691647538546], [90.4828441499539, 25.303743689401454], [90.48278162002362, 25.303801647577924], [90.4827257834405, 25.303864946262564], [90.48267719626172, 25.30393295686245], [90.48263633998425, 25.304005002870017], [90.4826036224433, 25.304080367984927], [90.48257936703232, 25.30415830423538], [90.48256381629642, 25.304238036039177], [90.48255712384758, 25.304318771573612], [90.48255935616106, 25.30439970846043], [90.48257049167732, 25.3044800418872], [90.48259041990356, 25.304558973540498], [90.48261894141385, 25.30463571972722], [90.48265577413713, 25.30470951705902], [90.48270055156078, 25.304779631385657], [90.48275282901874, 25.304845367539848], [90.48281208548813, 25.304906070961394], [90.48287773347079, 25.30496113825425], [90.48294912078981, 25.30501002368309], [90.48302553687776, 25.305052239984917], [90.48310622265825, 25.305087367302303], [90.48319037683407, 25.305115058055275], [90.48327716217537, 25.30513503531716], [90.48336571629945, 25.30514710255954], [90.48345515975564, 25.305151137967286], [90.48354460321184, 25.30514710255954]], [[90.4484339485354, 25.305084350287302], [90.44852250265947, 25.305072283038676], [90.44860928800075, 25.305052305766445], [90.44869344217658, 25.30502461499911], [90.44877412795708, 25.30498948766357], [90.44885054404504, 25.304947271339834], [90.44892193136404, 25.304898385885714], [90.44898757934669, 25.304843318564323], [90.44904683581609, 25.304782615111343], [90.44909911327404, 25.30471687892309], [90.4491438906977, 25.304646764560186], [90.449180723421, 25.304572967190154], [90.44920924493127, 25.30449622096369], [90.44922917315752, 25.3044172892695], [90.44924030867377, 25.30433695580117], [90.44924254098726, 25.304256018872444], [90.44923584853841, 25.304175283296203], [90.44922029780253, 25.304095551451123], [90.44919604239153, 25.304017615160326], [90.44916332485057, 25.303942250006372], [90.44912246857312, 25.30387020396148], [90.44907388139434, 25.303802193326376], [90.44901804481123, 25.303738894608955], [90.44895551488094, 25.30368093640252], [90.44888691144101, 25.303628894512617], [90.44881291810938, 25.303583287084063], [90.44873426970794, 25.30354456647906], [90.44865174687267, 25.303513117652752], [90.44856617066378, 25.303489254092067], [90.44847839178577, 25.303473211318607], [90.44838928250286, 25.3034651501368], [90.44829972765554, 25.3034651501368], [90.44821061837263, 25.303473211318607], [90.44812283949462, 25.303489254092067], [90.44803726328573, 25.303513117652752], [90.44795474045047, 25.30354456647906], [90.44787609204903, 25.303583287084063], [90.44780209871737, 25.303628894512617], [90.44773349527746, 25.30368093640252], [90.44767096534714, 25.303738894608955], [90.44761512876404, 25.303802193326376], [90.44756654158527, 25.30387020396148], [90.44752568530782, 25.303942250006372], [90.44749296776686, 25.304017615160326], [90.44746871235587, 25.304095551451123], [90.44745316161999, 25.304175283296203], [90.44744646917115, 25.304256018872444], [90.4474487014846, 25.30433695580117], [90.44745983700089, 25.3044172892695], [90.44747976522713, 25.30449622096369], [90.4475082867374, 25.304572967190154], [90.4475451194607, 25.304646764560186], [90.44758989688435, 25.30471687892309], [90.4476421743423, 25.304782615111343], [90.4477014308117, 25.304843318564323], [90.44776707879436, 25.304898385885714], [90.44783846611337, 25.304947271339834], [90.44791488220132, 25.30498948766357], [90.44799556798182, 25.30502461499911], [90.44807972215764, 25.305052305766445], [90.4481665074989, 25.305072283038676], [90.448255061623, 25.305084350287302], [90.44834450507919, 25.305088385697108], [90.4484339485354, 25.305084350287302]], [[90.431852103911, 25.30397814510316], [90.43194065803507, 25.303966077744384], [90.43202744337637, 25.303946100289792], [90.4321115975522, 25.30391840926968], [90.4321922833327, 25.303883281613487], [90.43226869942065, 25.303841064904397], [90.43234008673966, 25.303792179004006], [90.43240573472231, 25.30373711118], [90.43246499119171, 25.30367640717289], [90.43251726864966, 25.30361067038461], [90.43256204607331, 25.303540555381684], [90.4325988787966, 25.303466757338015], [90.43262740030688, 25.30339001041101], [90.43264732853312, 25.30331107799634], [90.43265846404941, 25.303230743794725], [90.43266069636286, 25.303149806127205], [90.43265400391402, 25.303069069814015], [90.43263845317813, 25.30298933724111], [90.43261419776715, 25.3029114002389], [90.43258148022619, 25.30283603439707], [90.43254062394873, 25.30276398769454], [90.43249203676994, 25.302695976438656], [90.43243620018687, 25.302632677143468], [90.43237367025655, 25.302574718407996], [90.43230506681661, 25.30252267604307], [90.43223107348499, 25.302477068198204], [90.43215242508354, 25.30243834723978], [90.43206990224829, 25.30240689812638], [90.43198432603938, 25.30238303434789], [90.43189654716139, 25.302366991428023], [90.43180743787846, 25.302358930172634], [90.43171788303115, 25.302358930172634], [90.43162877374824, 25.302366991428023], [90.43154099487023, 25.30238303434789], [90.43145541866133, 25.30240689812638], [90.43137289582607, 25.30243834723978], [90.43129424742463, 25.302477068198204], [90.431220254093, 25.30252267604307], [90.43115165065308, 25.302574718407996], [90.43108912072279, 25.302632677143468], [90.43103328413966, 25.302695976438656], [90.43098469696088, 25.30276398769454], [90.43094384068344, 25.30283603439707], [90.43091112314248, 25.3029114002389], [90.43088686773149, 25.30298933724111], [90.43087131699559, 25.303069069814015], [90.43086462454674, 25.303149806127205], [90.43086685686025, 25.303230743794725], [90.4308779923765, 25.30331107799634], [90.43089792060275, 25.30339001041101], [90.430926442113, 25.303466757338015], [90.43096327483632, 25.303540555381684], [90.43100805225995, 25.30361067038461], [90.43106032971792, 25.30367640717289], [90.43111958618732, 25.30373711118], [90.43118523416997, 25.303792179004006], [90.43125662148897, 25.303841064904397], [90.43133303757693, 25.303883281613487], [90.43141372335744, 25.30391840926968], [90.43149787753326, 25.303946100289792], [90.43158466287454, 25.303966077744384], [90.4316732169986, 25.30397814510316], [90.43176266045481, 25.30398218054981], [90.431852103911, 25.30397814510316]], [[90.39148704144102, 25.302587500583076], [90.39145432390004, 25.302512134539793], [90.39141346762261, 25.302440087644722], [90.39136488044385, 25.302372076207103], [90.39130904386073, 25.30230877674273], [90.39124651393043, 25.30225081785233], [90.39117791049048, 25.302198775348362], [90.39110391715887, 25.302153167381608], [90.39102526875742, 25.3021144463197], [90.39094274592216, 25.302082997122255], [90.39085716971323, 25.30205913327999], [90.39076939083526, 25.30204309031721], [90.39068028155235, 25.302035029040304], [90.39059072670504, 25.302035029040304], [90.39050161742209, 25.30204309031721], [90.39041383854412, 25.30205913327999], [90.39032826233523, 25.302082997122255], [90.39024573949996, 25.3021144463197], [90.39016709109852, 25.302153167381608], [90.39009309776687, 25.302198775348362], [90.39002449432692, 25.30225081785233], [90.38996196439663, 25.30230877674273], [90.38990612781352, 25.302372076207103], [90.38985754063474, 25.302440087644722], [90.38981668435731, 25.302512134539793], [90.38978396681637, 25.302587500583076], [90.38975971140536, 25.302665437793575], [90.38974416066948, 25.302745170579527], [90.3897374682206, 25.3028259071085], [90.3897397005341, 25.302906844992332], [90.38975083605034, 25.30298717940867], [90.38977076427662, 25.3030661120343], [90.3897992857869, 25.30314285916639], [90.38983611851015, 25.30321665740729], [90.3898808959338, 25.30328677259764], [90.3899331733918, 25.303352509561602], [90.3899924298612, 25.303413213730945], [90.39005807784385, 25.30346828170215], [90.39012946516283, 25.30351716773316], [90.39020588125078, 25.303559384555083], [90.39028656703131, 25.30359451230519], [90.39037072120709, 25.30362220339927], [90.39045750654839, 25.303642180907257], [90.39054606067246, 25.303654248298283], [90.3906355041287, 25.30365828375572], [90.3907249475849, 25.303654248298283], [90.39081350170896, 25.303642180907257], [90.39090028705026, 25.30362220339927], [90.39098444122607, 25.30359451230519], [90.39106512700657, 25.303559384555083], [90.39114154309453, 25.30351716773316], [90.39121293041353, 25.30346828170215], [90.39127857839618, 25.303413213730945], [90.3913378348656, 25.303352509561602], [90.39139011232353, 25.30328677259764], [90.3914348897472, 25.30321665740729], [90.39147172247048, 25.30314285916639], [90.39150024398073, 25.3030661120343], [90.39152017220701, 25.30298717940867], [90.39153130772327, 25.302906844992332], [90.39153354003675, 25.3028259071085], [90.39152684758788, 25.302745170579527], [90.39151129685199, 25.302665437793575], [90.39148704144102, 25.302587500583076]], [[90.38559235853036, 25.30341174865147], [90.38568091265445, 25.3033996812363], [90.38576769799573, 25.30337970368833], [90.38585185217156, 25.30335201253884], [90.38593253795206, 25.303316884718445], [90.38600895404001, 25.303274667812044], [90.38608034135902, 25.303225781683228], [90.38614598934167, 25.303170713601798], [90.38620524581107, 25.303110009310995], [90.38625752326902, 25.303044272215487], [90.38630230069268, 25.302974156884876], [90.38633913341596, 25.302900358496306], [90.3863676549262, 25.30282361121065], [90.38638758315248, 25.302744678427086], [90.38639871866874, 25.302664343849997], [90.38640095098222, 25.30258340580421], [90.38639425853334, 25.302502669113693], [90.38637870779746, 25.302422936168206], [90.3863544523865, 25.30234499880177], [90.38632173484551, 25.30226963260769], [90.38628087856809, 25.30219758556845], [90.38623229138932, 25.30212957399474], [90.38617645480619, 25.302066274403696], [90.3861139248759, 25.302008315397355], [90.38604532143597, 25.301956272789255], [90.38597132810435, 25.301910664731246], [90.3858926797029, 25.30187194359187], [90.38581015686763, 25.301840494331504], [90.38572458065872, 25.30181663044148], [90.38563680178073, 25.3018005874466], [90.38554769249782, 25.30179252615358], [90.38545813765052, 25.30179252615358], [90.38536902836758, 25.3018005874466], [90.3852812494896, 25.30181663044148], [90.3851956732807, 25.301840494331504], [90.38511315044543, 25.30187194359187], [90.385034502044, 25.301910664731246], [90.38496050871234, 25.301956272789255], [90.38489190527241, 25.302008315397355], [90.38482937534212, 25.302066274403696], [90.38477353875899, 25.30212957399474], [90.38472495158025, 25.30219758556845], [90.3846840953028, 25.30226963260769], [90.38465137776184, 25.30234499880177], [90.38462712235085, 25.302422936168206], [90.38461157161497, 25.302502669113693], [90.38460487916609, 25.30258340580421], [90.38460711147957, 25.302664343849997], [90.38461824699586, 25.302744678427086], [90.38463817522211, 25.30282361121065], [90.38466669673237, 25.302900358496306], [90.38470352945566, 25.302974156884876], [90.38474830687933, 25.303044272215487], [90.38480058433728, 25.303110009310995], [90.38485984080668, 25.303170713601798], [90.38492548878934, 25.303225781683228], [90.3849968761083, 25.303274667812044], [90.38507329219625, 25.303316884718445], [90.3851539779768, 25.30335201253884], [90.38523813215258, 25.30337970368833], [90.38532491749386, 25.3033996812363], [90.38541347161795, 25.30341174865147], [90.38550291507417, 25.303415784116975], [90.38559235853036, 25.30341174865147]], [[90.37745879096238, 25.303382510404504], [90.37737626812712, 25.30335106153611], [90.37729069191823, 25.303327197943517], [90.37720291304025, 25.303311155148595], [90.37711380375731, 25.303303093956014], [90.37702424890999, 25.303303093956014], [90.37693513962708, 25.303311155148595], [90.37684736074911, 25.303327197943517], [90.37676178454018, 25.30335106153611], [90.37667926170492, 25.303382510404504], [90.37660061330348, 25.30342123106126], [90.37652661997186, 25.303466838550793], [90.37645801653191, 25.303518880510275], [90.37639548660162, 25.30357683879422], [90.3763396500185, 25.30364013759631], [90.37629106283973, 25.303708148322315], [90.3762502065623, 25.303780194463567], [90.37621748902131, 25.303855559718293], [90.37619323361035, 25.30393349611332], [90.37617768287447, 25.304013228065013], [90.37617099042559, 25.304093963749217], [90.37617322273908, 25.304174900786183], [90.37618435825534, 25.304255234361953], [90.37620428648161, 25.304334166161695], [90.37623280799185, 25.304410912490756], [90.37626964071515, 25.304484709959482], [90.3763144181388, 25.304554824416154], [90.37636669559676, 25.30462056069229], [90.37642595206616, 25.304681264226463], [90.37649160004881, 25.30473633162149], [90.37656298736782, 25.304785217140978], [90.37663940345577, 25.304827433521172], [90.37672008923627, 25.30486256090371], [90.3768042434121, 25.304890251708056], [90.37689102875338, 25.304910229007], [90.37697958287745, 25.30492229627176], [90.37706902633364, 25.30492633168697], [90.37715846978988, 25.30492229627176], [90.37724702391395, 25.304910229007], [90.37733380925525, 25.304890251708056], [90.37741796343103, 25.30486256090371], [90.37749864921156, 25.304827433521172], [90.37757506529951, 25.304785217140978], [90.37764645261849, 25.30473633162149], [90.37771210060114, 25.304681264226463], [90.37777135707054, 25.30462056069229], [90.37782363452854, 25.304554824416154], [90.37786841195219, 25.304484709959482], [90.37790524467543, 25.304410912490756], [90.37793376618572, 25.304334166161695], [90.377953694412, 25.304255234361953], [90.37796482992826, 25.304174900786183], [90.37796706224174, 25.304093963749217], [90.37796036979286, 25.304013228065013], [90.37794481905698, 25.30393349611332], [90.37792056364597, 25.303855559718293], [90.37788784610503, 25.303780194463567], [90.3778469898276, 25.303708148322315], [90.37779840264884, 25.30364013759631], [90.3777425660657, 25.30357683879422], [90.37768003613542, 25.303518880510275], [90.37761143269547, 25.303466838550793], [90.37753743936383, 25.30342123106126], [90.37745879096238, 25.303382510404504]], [[90.39589597375378, 25.30367577371418], [90.39592449526407, 25.30375252046021], [90.39596132798732, 25.30382631832988], [90.39600610541096, 25.303896433167466], [90.39605838286896, 25.303962169800737], [90.39611763933836, 25.30402287366471], [90.39618328732098, 25.304077941358912], [90.39625467463999, 25.30412682714399], [90.39633109072795, 25.30416904375353], [90.39641177650844, 25.304204171326898], [90.39649593068427, 25.30423186228171], [90.39658271602555, 25.30425183968919], [90.39667127014962, 25.304263907019504], [90.39676071360586, 25.304267942456637], [90.39685015706206, 25.304263907019504], [90.39693871118612, 25.30425183968919], [90.3970254965274, 25.30423186228171], [90.39710965070324, 25.304204171326898], [90.39719033648373, 25.30416904375353], [90.3972667525717, 25.30412682714399], [90.3973381398907, 25.304077941358912], [90.39740378787336, 25.30402287366471], [90.39746304434276, 25.303962169800737], [90.39751532180071, 25.303896433167466], [90.39756009922435, 25.30382631832988], [90.39759693194762, 25.30375252046021], [90.3976254534579, 25.30367577371418], [90.39764538168417, 25.30359684148565], [90.39765651720042, 25.30351650747344], [90.39765874951392, 25.303435569996758], [90.39765205706505, 25.303354833873943], [90.39763650632915, 25.30327510148907], [90.39761225091819, 25.303197164670635], [90.39757953337721, 25.303121799006483], [90.39753867709979, 25.303049752473832], [90.397490089921, 25.30298174137831], [90.39743425333789, 25.302918442232365], [90.39737172340759, 25.302860483633555], [90.39730311996766, 25.302808441391335], [90.39722912663603, 25.30276283365405], [90.3971504782346, 25.302724112786894], [90.39706795539934, 25.302692663747678], [90.39698237919039, 25.302668800025447], [90.39689460031242, 25.302652757143377], [90.39680549102951, 25.30264469590699], [90.39671593618222, 25.30264469590699], [90.39662682689926, 25.302652757143377], [90.39653904802128, 25.302668800025447], [90.39645347181239, 25.302692663747678], [90.39637094897712, 25.302724112786894], [90.39629230057568, 25.30276283365405], [90.39621830724403, 25.302808441391335], [90.3961497038041, 25.302860483633555], [90.3960871738738, 25.302918442232365], [90.39603133729068, 25.30298174137831], [90.3959827501119, 25.303049752473832], [90.39594189383448, 25.303121799006483], [90.39590917629353, 25.303197164670635], [90.39588492088254, 25.30327510148907], [90.39586937014664, 25.303354833873943], [90.39586267769776, 25.303435569996758], [90.39586491001126, 25.30351650747344], [90.3958760455275, 25.30359684148565], [90.39589597375378, 25.30367577371418]], [[90.40482331426638, 25.299830865287717], [90.40473553538841, 25.299846908543273], [90.40464995917948, 25.299870772821123], [90.40456743634422, 25.29990222259258], [90.40448878794278, 25.299940944361232], [90.40441479461116, 25.299986553160426], [90.40434619117121, 25.300038596614314], [90.40428366124092, 25.30009655656257], [90.4042278246578, 25.300159857182294], [90.40417923747903, 25.30022786986131], [90.40413838120158, 25.30029991807141], [90.40410566366062, 25.300375285490276], [90.40408140824962, 25.30045322412332], [90.40406585751377, 25.30053295836463], [90.4040591650649, 25.300613696367215], [90.40406139737837, 25.30069463572838], [90.40407253289465, 25.300774971611045], [90.40409246112091, 25.300853905677414], [90.40412098263116, 25.300930654210383], [90.40415781535444, 25.30100445379829], [90.4042025927781, 25.30107457026843], [90.40425487023604, 25.301140308432313], [90.40431412670546, 25.301201013709672], [90.40437977468811, 25.301256082686034], [90.40445116200712, 25.30130496960939], [90.40452757809507, 25.301347187201902], [90.40460826387557, 25.30138231559317], [90.40469241805138, 25.301410007192704], [90.40477920339268, 25.301429985065372], [90.40486775751675, 25.30144205267666], [90.40495720097294, 25.301446088207758], [90.40504664442915, 25.30144205267666], [90.40513519855325, 25.301429985065372], [90.4052219838945, 25.301410007192704], [90.40530613807033, 25.30138231559317], [90.40538682385086, 25.301347187201902], [90.40546323993881, 25.30130496960939], [90.4055346272578, 25.301256082686034], [90.40560027524045, 25.301201013709672], [90.40565953170984, 25.301140308432313], [90.4057118091678, 25.30107457026843], [90.40575658659145, 25.30100445379829], [90.40579341931475, 25.300930654210383], [90.40582194082502, 25.300853905677414], [90.40584186905127, 25.300774971611045], [90.40585300456756, 25.30069463572838], [90.40585523688101, 25.300613696367215], [90.40584854443216, 25.30053295836463], [90.40583299369628, 25.30045322412332], [90.40580873828527, 25.300375285490276], [90.40577602074433, 25.30029991807141], [90.40573516446686, 25.30022786986131], [90.40568657728814, 25.300159857182294], [90.405630740705, 25.30009655656257], [90.40556821077472, 25.300038596614314], [90.40549960733478, 25.299986553160426], [90.40542561400314, 25.299940944361232], [90.40534696560168, 25.29990222259258], [90.40526444276641, 25.299870772821123], [90.40517886655752, 25.299846908543273], [90.40509108767951, 25.299830865287717], [90.4050019783966, 25.299822803863645], [90.40491242354929, 25.299822803863645], [90.40482331426638, 25.299830865287717]], [[90.40939460718528, 25.299832797398036], [90.40943143990856, 25.29990659765439], [90.40947621733223, 25.29997671475964], [90.40952849479017, 25.300042453518948], [90.40958775125958, 25.300103159346175], [90.40965339924223, 25.300158228821335], [90.40972478656124, 25.300207116187465], [90.40980120264919, 25.300249334162377], [90.4098818884297, 25.300284462871854], [90.4099660426055, 25.30031215472222], [90.4100528279468, 25.300332132775797], [90.41014138207088, 25.300344200496408], [90.41023082552707, 25.30034823606408], [90.4103202689833, 25.300344200496408], [90.41040882310737, 25.300332132775797], [90.41049560844867, 25.30031215472222], [90.41057976262445, 25.300284462871854], [90.41066044840498, 25.300249334162377], [90.41073686449293, 25.300207116187465], [90.41080825181191, 25.300158228821335], [90.41087389979457, 25.300103159346175], [90.41093315626397, 25.300042453518948], [90.41098543372192, 25.29997671475964], [90.41103021114557, 25.29990659765439], [90.41106704386887, 25.299832797398036], [90.41109556537914, 25.299756048169915], [90.4111154936054, 25.299677113388594], [90.41112662912168, 25.299596776778266], [90.41112886143516, 25.299515836683987], [90.41112216898628, 25.299435097950088], [90.4111066182504, 25.299355362986613], [90.4110823628394, 25.299277423647652], [90.41104964529845, 25.299202055546115], [90.41100878902098, 25.299130006683463], [90.41096020184226, 25.299061993388424], [90.41090436525913, 25.29899869219536], [90.41084183532884, 25.29894073172211], [90.4107732318889, 25.29888868779688], [90.41069923855726, 25.298843078584593], [90.4106205901558, 25.298804356465226], [90.41053806732053, 25.298772906408907], [90.41045249111164, 25.29874904191492], [90.41036471223367, 25.298732998514026], [90.41027560295072, 25.298724937016978], [90.41018604810341, 25.298724937016978], [90.4100969388205, 25.298732998514026], [90.41000915994253, 25.29874904191492], [90.4099235837336, 25.298772906408907], [90.40984106089834, 25.298804356465226], [90.4097624124969, 25.298843078584593], [90.40968841916528, 25.29888868779688], [90.40961981572534, 25.29894073172211], [90.40955728579505, 25.29899869219536], [90.40950144921192, 25.299061993388424], [90.40945286203315, 25.299130006683463], [90.40941200575573, 25.299202055546115], [90.40937928821474, 25.299277423647652], [90.40935503280377, 25.299355362986613], [90.40933948206789, 25.299435097950088], [90.40933278961901, 25.299515836683987], [90.40933502193249, 25.299596776778266], [90.40934615744877, 25.299677113388594], [90.40936608567503, 25.299756048169915], [90.40939460718528, 25.299832797398036]], [[90.50375636921946, 25.299712412003874], [90.50382201720211, 25.299767481656584], [90.50389340452112, 25.299816369180327], [90.50396982060907, 25.299858587291332], [90.50405050638958, 25.299893716114035], [90.50413466056538, 25.299921408053688], [90.50422144590668, 25.29994138617169], [90.50431000003074, 25.299953453931202], [90.50439944348695, 25.299957489511844], [90.50448888694318, 25.299953453931202], [90.50457744106725, 25.29994138617169], [90.50466422640855, 25.299921408053688], [90.50474838058433, 25.299893716114035], [90.50482906636486, 25.299858587291332], [90.50490548245281, 25.299816369180327], [90.5049768697718, 25.299767481656584], [90.50504251775445, 25.299712412003874], [90.50510177422385, 25.299651705980953], [90.5051540516818, 25.29958596700973], [90.50519882910545, 25.29951584967847], [90.50523566182873, 25.299442049184172], [90.50526418333902, 25.29936529970864], [90.50528411156526, 25.299286364672888], [90.50529524708156, 25.29920602780359], [90.50529747939504, 25.299125087448388], [90.50529078694616, 25.29904434845422], [90.50527523621028, 25.298964613233707], [90.50525098079927, 25.29888667364349], [90.50521826325833, 25.298811305298997], [90.50517740698086, 25.298739256204065], [90.50512881980212, 25.298671242689785], [90.50507298321901, 25.298607941292655], [90.50501045328872, 25.298549980632604], [90.50494184984878, 25.298497936539555], [90.50486785651712, 25.29845232718028], [90.50478920811567, 25.29841360493607], [90.50470668528041, 25.298382154778405], [90.50462110907152, 25.2983582902075], [90.50453333019355, 25.298342246754874], [90.5044442209106, 25.298334185231795], [90.50435466606329, 25.298334185231795], [90.50426555678038, 25.298342246754874], [90.50417777790241, 25.2983582902075], [90.50409220169348, 25.298382154778405], [90.50400967885822, 25.29841360493607], [90.50393103045678, 25.29845232718028], [90.50385703712516, 25.298497936539555], [90.50378843368522, 25.298549980632604], [90.50372590375493, 25.298607941292655], [90.5036700671718, 25.298671242689785], [90.50362147999303, 25.298739256204065], [90.5035806237156, 25.298811305298997], [90.50354790617462, 25.29888667364349], [90.50352365076365, 25.298964613233707], [90.50350810002777, 25.29904434845422], [90.5035014075789, 25.299125087448388], [90.50350363989237, 25.29920602780359], [90.50351477540865, 25.299286364672888], [90.50353470363491, 25.29936529970864], [90.50356322514516, 25.299442049184172], [90.50360005786844, 25.29951584967847], [90.5036448352921, 25.29958596700973], [90.50369711275005, 25.299651705980953], [90.50375636921946, 25.299712412003874]], [[90.47614505894398, 25.299104810322024], [90.47623361306808, 25.299092742478024], [90.47632039840937, 25.299072764220153], [90.47640455258517, 25.299045072086603], [90.4764852383657, 25.299009943017964], [90.47656165445365, 25.298967724611373], [90.47663304177262, 25.298918836745337], [90.47669868975527, 25.298863766707093], [90.47675794622468, 25.29880306025916], [90.47681022368263, 25.298737320827673], [90.47685500110629, 25.298667203005518], [90.47689183382957, 25.29859340199454], [90.47692035533986, 25.298516651981664], [90.4769402835661, 25.29843771639323], [90.47695141908238, 25.298357378961533], [90.47695365139586, 25.29827643803966], [90.47694695894698, 25.29819569848023], [90.4769314082111, 25.298115962701452], [90.47690715280011, 25.29803802256557], [90.47687443525916, 25.29796265369346], [90.4768335789817, 25.297890604094103], [90.47678499180294, 25.29782259010367], [90.47672915521983, 25.297759288263375], [90.47666662528955, 25.297701327197537], [90.47659802184961, 25.29764928274015], [90.47652402851794, 25.29760367306153], [90.4764453801165, 25.29756495054626], [90.47636285728125, 25.297533500168388], [90.47627728107236, 25.297509635430387], [90.47618950219439, 25.29749359186549], [90.47610039291143, 25.297485530285975], [90.47601083806413, 25.297485530285975], [90.47592172878122, 25.29749359186549], [90.47583394990323, 25.297509635430387], [90.47574837369432, 25.297533500168388], [90.47566585085906, 25.29756495054626], [90.4755872024576, 25.29760367306153], [90.47551320912599, 25.29764928274015], [90.47544460568605, 25.297701327197537], [90.47538207575575, 25.297759288263375], [90.47532623917263, 25.29782259010367], [90.47527765199386, 25.297890604094103], [90.47523679571644, 25.29796265369346], [90.47520407817545, 25.29803802256557], [90.47517982276445, 25.298115962701452], [90.4751642720286, 25.29819569848023], [90.47515757957973, 25.29827643803966], [90.4751598118932, 25.298357378961533], [90.47517094740947, 25.29843771639323], [90.47519087563575, 25.298516651981664], [90.47521939714599, 25.29859340199454], [90.47525622986927, 25.298667203005518], [90.47530100729293, 25.298737320827673], [90.47535328475088, 25.29880306025916], [90.47541254122028, 25.298863766707093], [90.47547818920293, 25.298918836745337], [90.47554957652194, 25.298967724611373], [90.4756259926099, 25.299009943017964], [90.4757066783904, 25.299045072086603], [90.47579083256622, 25.299072764220153], [90.4758776179075, 25.299092742478024], [90.47596617203158, 25.299104810322024], [90.47605561548778, 25.29910884593092], [90.47614505894398, 25.299104810322024]], [[90.42317604913285, 25.29903521736625], [90.42318718464911, 25.298954880330506], [90.42318941696259, 25.298873939807613], [90.42318272451375, 25.298793200646145], [90.42316717377787, 25.298713465260434], [90.42314291836686, 25.29863552550874], [90.42311020082592, 25.29856015700809], [90.42306934454845, 25.2984881077639], [90.42302075736968, 25.29842009410871], [90.42296492078655, 25.29835679258044], [90.42290239085627, 25.298298831800267], [90.42283378741632, 25.29824678759942], [90.42275979408471, 25.298201178145618], [90.42268114568326, 25.298162455821206], [90.422598622848, 25.298131005598353], [90.42251304663911, 25.298107140977983], [90.4224252677611, 25.29809109749213], [90.42233615847819, 25.2980830359524], [90.42224660363088, 25.2980830359524], [90.42215749434797, 25.29809109749213], [90.42206971546996, 25.298107140977983], [90.42198413926106, 25.298131005598353], [90.4219016164258, 25.298162455821206], [90.42182296802436, 25.298201178145618], [90.4217489746927, 25.29824678759942], [90.4216803712528, 25.298298831800267], [90.42161784132247, 25.29835679258044], [90.42156200473939, 25.29842009410871], [90.4215134175606, 25.2984881077639], [90.42147256128317, 25.29856015700809], [90.4214398437422, 25.29863552550874], [90.42141558833121, 25.298713465260434], [90.42140003759532, 25.298793200646145], [90.42139334514647, 25.298873939807613], [90.42139557745993, 25.298954880330506], [90.42140671297622, 25.29903521736625], [90.42142664120246, 25.299114152565583], [90.42145516271273, 25.29919090220014], [90.42149199543603, 25.299264702847324], [90.42153677285968, 25.29933482032388], [90.42158905031764, 25.299400559431323], [90.42164830678705, 25.299461265580014], [90.4217139547697, 25.299516335346805], [90.4217853420887, 25.29956522297187], [90.42186175817666, 25.299607441170313], [90.42194244395716, 25.299642570065828], [90.42202659813297, 25.299670262062843], [90.42211338347423, 25.29969024022223], [90.42220193759833, 25.299702308006744], [90.42229138105454, 25.29970634359578], [90.42238082451073, 25.299702308006744], [90.4224693786348, 25.29969024022223], [90.4225561639761, 25.299670262062843], [90.42264031815192, 25.299642570065828], [90.42272100393242, 25.299607441170313], [90.42279742002037, 25.29956522297187], [90.42286880733938, 25.299516335346805], [90.42293445532204, 25.299461265580014], [90.42299371179143, 25.299400559431323], [90.42304598924939, 25.29933482032388], [90.42309076667304, 25.299264702847324], [90.42312759939632, 25.29919090220014], [90.42315612090661, 25.299114152565583], [90.42317604913285, 25.29903521736625]], [[90.50664494962625, 25.295933794573095], [90.50660409334881, 25.296005845335465], [90.50657137580785, 25.296081215424202], [90.50654712039686, 25.296159156818184], [90.50653156966099, 25.296238893884016], [90.50652487721212, 25.296319634746748], [90.50652710952562, 25.296400576975167], [90.50653824504187, 25.296480915703732], [90.50655817326815, 25.296559852566343], [90.50658669477838, 25.2966366038181], [90.50662352750167, 25.296710406020395], [90.50666830492533, 25.296780524974423], [90.5067205823833, 25.29684626546708], [90.5067798388527, 25.29690697289497], [90.50684548683535, 25.296962043822205], [90.50691687415434, 25.297010932477388], [90.5069932902423, 25.297053151565496], [90.50707397602281, 25.297088281201226], [90.50715813019863, 25.29711597378177], [90.50724491553991, 25.297135952362126], [90.50733346966398, 25.29714802040093], [90.50742291312018, 25.29715205607499], [90.50751235657637, 25.29714802040093], [90.50760091070049, 25.297135952362126], [90.50768769604174, 25.29711597378177], [90.50777185021757, 25.297088281201226], [90.50785253599808, 25.297053151565496], [90.50792895208605, 25.297010932477388], [90.50800033940503, 25.296962043822205], [90.50806598738768, 25.29690697289497], [90.50812524385708, 25.29684626546708], [90.50817752131503, 25.296780524974423], [90.50822229873869, 25.296710406020395], [90.50825913146197, 25.2966366038181], [90.50828765297226, 25.296559852566343], [90.5083075811985, 25.296480915703732], [90.50831871671478, 25.296400576975167], [90.50832094902823, 25.296319634746748], [90.5083142565794, 25.296238893884016], [90.50829870584352, 25.296159156818184], [90.50827445043251, 25.296081215424202], [90.50824173289156, 25.296005845335465], [90.5082008766141, 25.295933794573095], [90.50815228943536, 25.29586577948481], [90.50809645285224, 25.29580247662269], [90.50803392292194, 25.29574451462126], [90.50796531948201, 25.29569246932381], [90.50789132615036, 25.295646858908984], [90.50781267774892, 25.29560813576866], [90.50773015491365, 25.29557668488313], [90.50764457870476, 25.295552819759916], [90.50755679982674, 25.295536775936018], [90.50746769054383, 25.29552871422642], [90.50737813569653, 25.29552871422642], [90.50728902641362, 25.295536775936018], [90.50720124753565, 25.295552819759916], [90.5071156713267, 25.29557668488313], [90.50703314849144, 25.29560813576866], [90.50695450009, 25.295646858908984], [90.50688050675838, 25.29569246932381], [90.50681190331845, 25.29574451462126], [90.50674937338815, 25.29580247662269], [90.50669353680503, 25.29586577948481], [90.50664494962625, 25.295933794573095]], [[90.47550853968313, 25.29586774333331], [90.47559709380721, 25.29585567516704], [90.47568387914849, 25.2958356963757], [90.47576803332431, 25.295808003502675], [90.47584871910482, 25.295772873495963], [90.47592513519277, 25.295730653962003], [90.47599652251178, 25.295681764790515], [90.4760621704944, 25.295626693281683], [90.4761214269638, 25.295565985212686], [90.47617370442178, 25.295500244025753], [90.47621848184544, 25.295430124331226], [90.4762553145687, 25.29535632134953], [90.47628383607898, 25.29527956928719], [90.47630376430524, 25.295200631590966], [90.4763148998215, 25.295120292014023], [90.476317132135, 25.295039348930796], [90.47631043968612, 25.294958607215396], [90.47629488895024, 25.294878869307507], [90.47627063353923, 25.294800927090396], [90.47623791599828, 25.294725556205744], [90.47619705972086, 25.294653504682497], [90.47614847254209, 25.294585488875914], [90.47609263595895, 25.294522185345333], [90.47603010602867, 25.29446422273181], [90.47596150258873, 25.294412176884713], [90.47588750925709, 25.29436656598822], [90.47580886085566, 25.294327842438964], [90.47572633802041, 25.294296391221323], [90.47564076181148, 25.294272525846118], [90.47555298293351, 25.294256481852788], [90.47546387365055, 25.294248420058025], [90.47537431880325, 25.294248420058025], [90.47528520952034, 25.294256481852788], [90.47519743064235, 25.294272525846118], [90.47511185443344, 25.294296391221323], [90.47502933159818, 25.294327842438964], [90.47495068319672, 25.29436656598822], [90.47487668986511, 25.294412176884713], [90.47480808642517, 25.29446422273181], [90.47474555649488, 25.294522185345333], [90.47468971991175, 25.294585488875914], [90.47464113273298, 25.294653504682497], [90.47460027645556, 25.294725556205744], [90.47456755891457, 25.294800927090396], [90.47454330350361, 25.294878869307507], [90.47452775276773, 25.294958607215396], [90.47452106031885, 25.295039348930796], [90.47452329263233, 25.295120292014023], [90.47453442814859, 25.295200631590966], [90.47455435637487, 25.29527956928719], [90.47458287788514, 25.29535632134953], [90.4746197106084, 25.295430124331226], [90.47466448803205, 25.295500244025753], [90.47471676549, 25.295565985212686], [90.47477602195941, 25.295626693281683], [90.47484166994205, 25.295681764790515], [90.47491305726108, 25.295730653962003], [90.47498947334903, 25.295772873495963], [90.47507015912952, 25.295808003502675], [90.47515431330534, 25.2958356963757], [90.47524109864662, 25.29585567516704], [90.47532965277071, 25.29586774333331], [90.4754190962269, 25.295871779049975], [90.47550853968313, 25.29586774333331]], [[90.46142488471105, 25.294692865694294], [90.46151343883513, 25.29468079741111], [90.46160022417641, 25.29466081842614], [90.46168437835222, 25.294633125284776], [90.46176506413272, 25.294597994937593], [90.46184148022067, 25.29455577499449], [90.46191286753968, 25.29450688534922], [90.46197851552233, 25.294451813306743], [90.46203777199175, 25.294391104649435], [90.4620900494497, 25.294325362825422], [90.46213482687335, 25.294255242451353], [90.46217165959663, 25.29418143875449], [90.46220018110688, 25.29410468594837], [90.46222010933316, 25.294025747487183], [90.46223124484942, 25.293945407131666], [90.4622334771629, 25.293864463264065], [90.46222678471402, 25.29378372076622], [90.46221123397817, 25.29370398208562], [90.46218697856717, 25.293626039113242], [90.46215426102619, 25.293550667498184], [90.46211340474876, 25.29347861527673], [90.46206481757, 25.293410598811086], [90.46200898098687, 25.29334729466705], [90.46194645105658, 25.293289331491817], [90.46187784761663, 25.293237285140407], [90.46180385428501, 25.293191673801935], [90.46172520588357, 25.293152949877438], [90.46164268304831, 25.29312149835501], [90.4615571068394, 25.293097632748516], [90.46146932796141, 25.29308158859972], [90.4613802186785, 25.293073526726857], [90.46129066383119, 25.293073526726857], [90.46120155454824, 25.29308158859972], [90.46111377567027, 25.293097632748516], [90.46102819946138, 25.29312149835501], [90.46094567662612, 25.293152949877438], [90.46086702822467, 25.293191673801935], [90.46079303489302, 25.293237285140407], [90.46072443145307, 25.293289331491817], [90.46066190152278, 25.29334729466705], [90.46060606493967, 25.293410598811086], [90.46055747776093, 25.29347861527673], [90.46051662148346, 25.293550667498184], [90.46048390394252, 25.293626039113242], [90.46045964853151, 25.29370398208562], [90.46044409779563, 25.29378372076622], [90.46043740534675, 25.293864463264065], [90.46043963766023, 25.293945407131666], [90.46045077317653, 25.294025747487183], [90.46047070140277, 25.29410468594837], [90.46049922291306, 25.29418143875449], [90.46053605563634, 25.294255242451353], [90.46058083305999, 25.294325362825422], [90.46063311051795, 25.294391104649435], [90.46069236698735, 25.294451813306743], [90.46075801497, 25.29450688534922], [90.46082940228898, 25.29455577499449], [90.46090581837693, 25.294597994937593], [90.46098650415746, 25.294633125284776], [90.46107065833324, 25.29466081842614], [90.46115744367454, 25.29468079741111], [90.46124599779861, 25.294692865694294], [90.46133544125485, 25.294696901450095], [90.46142488471105, 25.294692865694294]], [[90.43740527160513, 25.2934458423974], [90.43740750391862, 25.293364898196288], [90.43740081146977, 25.29328415536577], [90.43738526073388, 25.29320441635663], [90.4373610053229, 25.293126473063108], [90.43732828778195, 25.293051101137486], [90.43728743150449, 25.292979048619156], [90.4372388443257, 25.292911031873267], [90.43718300774262, 25.292847727468388], [90.4371204778123, 25.292789764054362], [90.43705187437236, 25.292737717488507], [90.43697788104073, 25.2926921059621], [90.43689923263929, 25.292653381878054], [90.43681670980403, 25.29262193022605], [90.43673113359513, 25.292598064521226], [90.43664335471713, 25.292582020306313], [90.43655424543421, 25.292573958400205], [90.43646469058692, 25.292573958400205], [90.436375581304, 25.292582020306313], [90.436287802426, 25.292598064521226], [90.43620222621709, 25.29262193022605], [90.43611970338183, 25.292653381878054], [90.43604105498038, 25.2926921059621], [90.43596706164877, 25.292737717488507], [90.43589845820884, 25.292789764054362], [90.4358359282785, 25.292847727468388], [90.43578009169542, 25.292911031873267], [90.43573150451664, 25.292979048619156], [90.43569064823919, 25.293051101137486], [90.43565793069824, 25.293126473063108], [90.43563367528724, 25.29320441635663], [90.43561812455134, 25.29328415536577], [90.4356114321025, 25.293364898196288], [90.43561366441597, 25.2934458423974], [90.43562479993224, 25.29352618308395], [90.4356447281585, 25.293605121870392], [90.43567324966877, 25.29368187499272], [90.43571008239206, 25.293755678993723], [90.4357548598157, 25.293825799656673], [90.43580713727366, 25.293891541751584], [90.43586639374307, 25.293952250659025], [90.43593204172572, 25.294007322928454], [90.43600342904472, 25.294056212775164], [90.4360798451327, 25.29409843289223], [90.43616053091317, 25.294133563384168], [90.43624468508901, 25.29416125663964], [90.43633147043029, 25.294181235706922], [90.43642002455437, 25.29419330403985], [90.43650946801057, 25.294197339812264], [90.43659891146676, 25.29419330403985], [90.43668746559084, 25.294181235706922], [90.43677425093213, 25.29416125663964], [90.43685840510796, 25.294133563384168], [90.43693909088844, 25.29409843289223], [90.4370155069764, 25.294056212775164], [90.4370868942954, 25.294007322928454], [90.43715254227806, 25.293952250659025], [90.43721179874747, 25.293891541751584], [90.43726407620542, 25.293825799656673], [90.43730885362908, 25.293755678993723], [90.43734568635236, 25.29368187499272], [90.43737420786263, 25.293605121870392], [90.43739413608888, 25.29352618308395], [90.43740527160513, 25.2934458423974]], [[90.42156326238076, 25.294177301457736], [90.42147768617185, 25.294153436059073], [90.42138990729389, 25.29413739205002], [90.42130079801093, 25.29412933024733], [90.42121124316364, 25.29412933024733], [90.42112213388073, 25.29413739205002], [90.42103435500275, 25.294153436059073], [90.42094877879381, 25.294177301457736], [90.42086625595856, 25.294208752706293], [90.42078760755712, 25.294247476293574], [90.42071361422549, 25.294293087234863], [90.42064501078556, 25.294345133133092], [90.42058248085526, 25.294403095803546], [90.42052664427214, 25.294466399396313], [90.42047805709336, 25.294534415269702], [90.42043720081594, 25.294606466863723], [90.42040448327496, 25.294681837822402], [90.420380227864, 25.29475978011604], [90.4203646771281, 25.294839518102297], [90.42035798467923, 25.294920259896983], [90.42036021699272, 25.295001203059698], [90.42037135250897, 25.295081542715597], [90.42039128073525, 25.295160480489372], [90.42041980224549, 25.29523723262709], [90.42045663496879, 25.295311035681255], [90.42050141239243, 25.295381155444684], [90.42055368985038, 25.29544689669621], [90.42061294631979, 25.295507604824834], [90.42067859430244, 25.295562676387725], [90.42074998162146, 25.295611565607263], [90.42082639770942, 25.29565378518271], [90.4209070834899, 25.295688915223923], [90.42099123766573, 25.295716608124113], [90.42107802300701, 25.295736586935135], [90.42116657713109, 25.295748655113233], [90.4212560205873, 25.29575269083387], [90.42134546404353, 25.295748655113233], [90.42143401816759, 25.295736586935135], [90.42152080350887, 25.295716608124113], [90.42160495768468, 25.295688915223923], [90.4216856434652, 25.29565378518271], [90.42176205955316, 25.295611565607263], [90.42183344687214, 25.295562676387725], [90.4218990948548, 25.295507604824834], [90.4219583513242, 25.29544689669621], [90.42201062878215, 25.295381155444684], [90.4220554062058, 25.295311035681255], [90.42209223892908, 25.29523723262709], [90.42212076043936, 25.295160480489372], [90.42214068866564, 25.295081542715597], [90.42215182418188, 25.295001203059698], [90.42215405649539, 25.294920259896983], [90.42214736404651, 25.294839518102297], [90.42213181331061, 25.29475978011604], [90.42210755789962, 25.294681837822402], [90.42207484035868, 25.294606466863723], [90.42203398408121, 25.294534415269702], [90.42198539690247, 25.294466399396313], [90.42192956031936, 25.294403095803546], [90.42186703038905, 25.294345133133092], [90.42179842694912, 25.294293087234863], [90.42172443361747, 25.294247476293574], [90.42164578521601, 25.294208752706293], [90.42156326238076, 25.294177301457736]], [[90.44464662614472, 25.294258145217164], [90.44464885845821, 25.29433908882195], [90.44465999397447, 25.294419428916587], [90.44467992220073, 25.294498367121456], [90.44470844371101, 25.294575119678345], [90.4447452764343, 25.294648923135576], [90.44479005385796, 25.294719043281955], [90.44484233131591, 25.29478478489249], [90.44490158778531, 25.294845493352682], [90.44496723576796, 25.294900565216338], [90.44503862308694, 25.294949454702877], [90.4451150391749, 25.294991674508864], [90.44519572495543, 25.295026804741966], [90.44527987913122, 25.295054497793412], [90.4453666644725, 25.2950744767135], [90.44545521859658, 25.295086544957513], [90.44554466205281, 25.29509058070022], [90.445634105509, 25.295086544957513], [90.44572265963309, 25.2950744767135], [90.44580944497437, 25.295054497793412], [90.4458935991502, 25.295026804741966], [90.44597428493068, 25.294991674508864], [90.44605070101863, 25.294949454702877], [90.44612208833765, 25.294900565216338], [90.4461877363203, 25.294845493352682], [90.44624699278971, 25.29478478489249], [90.44629927024766, 25.294719043281955], [90.44634404767132, 25.294648923135576], [90.4463808803946, 25.294575119678345], [90.44640940190484, 25.294498367121456], [90.44642933013112, 25.294419428916587], [90.44644046564738, 25.29433908882195], [90.44644269796086, 25.294258145217164], [90.44643600551198, 25.294177402981514], [90.4464204547761, 25.29409766455982], [90.44639619936514, 25.294019721840527], [90.44636348182415, 25.293944350470206], [90.44632262554673, 25.293872298482725], [90.44627403836796, 25.2938042822379], [90.44621820178483, 25.293740978299418], [90.44615567185454, 25.293683015312386], [90.4460870684146, 25.29363096912998], [90.44601307508297, 25.293585357939605], [90.44593442668153, 25.293546634140842], [90.44585190384628, 25.293515182720537], [90.44576632763736, 25.29349131719153], [90.44567854875937, 25.29347527309482], [90.44558943947646, 25.29346721124814], [90.44549988462916, 25.29346721124814], [90.4454107753462, 25.29347527309482], [90.44532299646824, 25.29349131719153], [90.44523742025935, 25.293515182720537], [90.44515489742408, 25.293546634140842], [90.44507624902262, 25.293585357939605], [90.44500225569098, 25.29363096912998], [90.44493365225104, 25.293683015312386], [90.44487112232075, 25.293740978299418], [90.44481528573762, 25.2938042822379], [90.44476669855885, 25.293872298482725], [90.44472584228143, 25.293944350470206], [90.44469312474048, 25.294019721840527], [90.44466886932948, 25.29409766455982], [90.4446533185936, 25.294177402981514], [90.44464662614472, 25.294258145217164]], [[90.4715341655924, 25.29218494845885], [90.4715934220618, 25.292245658220768], [90.47165907004445, 25.29230073126536], [90.47173045736346, 25.292349621800213], [90.47180687345143, 25.29239184251155], [90.47188755923192, 25.29242697349796], [90.47197171340774, 25.292454667143215], [90.47205849874902, 25.292474646491723], [90.47214705287311, 25.292486714994507], [90.4722364963293, 25.292490750823724], [90.47232593978553, 25.292486714994507], [90.47241449390961, 25.292474646491723], [90.47250127925089, 25.292454667143215], [90.47258543342669, 25.29242697349796], [90.47266611920722, 25.29239184251155], [90.47274253529517, 25.292349621800213], [90.47281392261414, 25.29230073126536], [90.47287957059679, 25.292245658220768], [90.4729388270662, 25.29218494845885], [90.47299110452416, 25.29211920543859], [90.47303588194781, 25.292049083788662], [90.4730727146711, 25.29197527874885], [90.47310123618138, 25.291898524546216], [90.47312116440763, 25.291819584648692], [90.4731322999239, 25.29173924283135], [90.47313453223738, 25.291658297490937], [90.47312783978852, 25.291577553523958], [90.47311228905264, 25.291497813392503], [90.47308803364163, 25.29141986900193], [90.47305531610068, 25.291344496015466], [90.47301445982323, 25.291272442483013], [90.4729658726445, 25.291204424779803], [90.47291003606136, 25.29114111948391], [90.47284750613107, 25.291083155254068], [90.47277890269113, 25.291031107955682], [90.47270490935948, 25.29098549578731], [90.47262626095804, 25.290946771158232], [90.47254373812278, 25.290915319063547], [90.47245816191388, 25.29089145302283], [90.47237038303591, 25.2908754085821], [90.47228127375296, 25.29086734656256], [90.47219171890565, 25.29086734656256], [90.47210260962274, 25.2908754085821], [90.47201483074475, 25.29089145302283], [90.47192925453584, 25.290915319063547], [90.47184673170058, 25.290946771158232], [90.47176808329912, 25.29098549578731], [90.47169408996751, 25.291031107955682], [90.47162548652757, 25.291083155254068], [90.47156295659728, 25.29114111948391], [90.47150712001415, 25.291204424779803], [90.47145853283538, 25.291272442483013], [90.47141767655796, 25.291344496015466], [90.47138495901697, 25.29141986900193], [90.47136070360601, 25.291497813392503], [90.47134515287013, 25.291577553523958], [90.47133846042125, 25.291658297490937], [90.47134069273473, 25.29173924283135], [90.47135182825099, 25.291819584648692], [90.47137175647727, 25.291898524546216], [90.47140027798751, 25.29197527874885], [90.4714371107108, 25.292049083788662], [90.47148188813445, 25.29211920543859], [90.4715341655924, 25.29218494845885]], [[90.44139498622596, 25.29217814056865], [90.44148354035003, 25.292166072035155], [90.44157032569133, 25.292146092635807], [90.44165447986715, 25.29211839892006], [90.44173516564764, 25.29208326784425], [90.44181158173559, 25.292041047025464], [90.4418829690546, 25.2919921563662], [90.44194861703726, 25.29193708318146], [90.44200787350667, 25.29187637326503], [90.44206015096462, 25.29181063007746], [90.44210492838828, 25.29174050824909], [90.44214176111156, 25.291666703021463], [90.4421702826218, 25.29158994862349], [90.44219021084808, 25.29151100852508], [90.44220134636434, 25.291430666503285], [90.44220357867782, 25.29134972095687], [90.44219688622894, 25.291268976784426], [90.44218133549309, 25.29118923645004], [90.4421570800821, 25.291111291861114], [90.44212436254115, 25.29103591868285], [90.44208350626369, 25.29096386496702], [90.4420349190849, 25.29089584709072], [90.44197908250179, 25.290832541633765], [90.4419165525715, 25.290774577256386], [90.44184794913156, 25.290722529825548], [90.44177395579993, 25.290676917541102], [90.44169530739849, 25.29063819281349], [90.44161278456323, 25.29060674063877], [90.44152720835432, 25.290582874537314], [90.44143942947633, 25.290566830055756], [90.44135032019342, 25.2905587680157], [90.44126076534612, 25.2905587680157], [90.4411716560632, 25.290566830055756], [90.44108387718519, 25.290582874537314], [90.44099830097629, 25.29060674063877], [90.44091577814103, 25.29063819281349], [90.44083712973958, 25.290676917541102], [90.44076313640794, 25.290722529825548], [90.440694532968, 25.290774577256386], [90.44063200303769, 25.290832541633765], [90.44057616645458, 25.29089584709072], [90.44052757927584, 25.29096386496702], [90.44048672299839, 25.29103591868285], [90.44045400545744, 25.291111291861114], [90.44042975004643, 25.29118923645004], [90.44041419931054, 25.291268976784426], [90.4404075068617, 25.29134972095687], [90.44040973917517, 25.291430666503285], [90.44042087469144, 25.29151100852508], [90.44044080291769, 25.29158994862349], [90.44046932442797, 25.291666703021463], [90.44050615715126, 25.29174050824909], [90.4405509345749, 25.29181063007746], [90.44060321203287, 25.29187637326503], [90.44066246850227, 25.29193708318146], [90.44072811648492, 25.2919921563662], [90.44079950380389, 25.292041047025464], [90.44087591989185, 25.29208326784425], [90.44095660567238, 25.29211839892006], [90.4410407598482, 25.292146092635807], [90.44112754518946, 25.292166072035155], [90.44121609931356, 25.29217814056865], [90.44130554276977, 25.292182176408147], [90.44139498622596, 25.29217814056865]], [[90.49816582262638, 25.288968522161426], [90.49822507909577, 25.28902923353371], [90.4982907270784, 25.289084308039094], [90.49836211439741, 25.2891331998708], [90.49843853048536, 25.289175421702048], [90.49851921626585, 25.289210553620283], [90.49860337044167, 25.28923824800013], [90.49869015578297, 25.289258227878584], [90.49877870990704, 25.289270296701535], [90.49886815336328, 25.28927433263781], [90.49895759681948, 25.289270296701535], [90.49904615094354, 25.289258227878584], [90.49913293628482, 25.28923824800013], [90.49921709046065, 25.289210553620283], [90.49929777624115, 25.289175421702048], [90.4993741923291, 25.2891331998708], [90.49944557964811, 25.289084308039094], [90.49951122763076, 25.28902923353371], [90.49957048410016, 25.288968522161426], [90.49962276155811, 25.28890277739737], [90.49966753898178, 25.288832653887454], [90.49970437170504, 25.288758846890016], [90.49973289321531, 25.28868209065144], [90.49975282144158, 25.28860314866007], [90.49976395695784, 25.288522804711693], [90.49976618927133, 25.28844185722424], [90.49975949682245, 25.288361111115616], [90.49974394608657, 25.288281368869054], [90.4997196906756, 25.28820342241107], [90.49968697313462, 25.28812804742541], [90.49964611685719, 25.28805599198181], [90.49959752967843, 25.28798797247446], [90.49954169309531, 25.287924665499492], [90.499479163165, 25.287866699732184], [90.49941055972506, 25.287814651053296], [90.49933656639344, 25.28776903767512], [90.499257917992, 25.287730312018912], [90.49917539515674, 25.287698859090007], [90.49908981894781, 25.287674992416267], [90.49900204006984, 25.287658947549993], [90.49891293078693, 25.287650885316605], [90.49882337593962, 25.287650885316605], [90.49873426665667, 25.287658947549993], [90.49864648777869, 25.287674992416267], [90.49856091156977, 25.287698859090007], [90.49847838873454, 25.287730312018912], [90.4983997403331, 25.28776903767512], [90.49832574700145, 25.287814651053296], [90.4982571435615, 25.287866699732184], [90.49819461363121, 25.287924665499492], [90.4981387770481, 25.28798797247446], [90.49809018986932, 25.28805599198181], [90.4980493335919, 25.28812804742541], [90.49801661605095, 25.28820342241107], [90.49799236063994, 25.288281368869054], [90.49797680990406, 25.288361111115616], [90.49797011745518, 25.28844185722424], [90.49797234976866, 25.288522804711693], [90.49798348528492, 25.28860314866007], [90.4980034135112, 25.28868209065144], [90.49803193502149, 25.288758846890016], [90.49806876774473, 25.288832653887454], [90.49811354516838, 25.28890277739737], [90.49816582262638, 25.288968522161426]], [[90.46380136432046, 25.28896171327846], [90.46388991844454, 25.288949644424825], [90.46397670378583, 25.288929664495534], [90.46406085796166, 25.288901970045192], [90.46414154374214, 25.288866838037556], [90.4642179598301, 25.28882461609887], [90.4642893471491, 25.28877572414278], [90.46435499513173, 25.288720649497236], [90.46441425160113, 25.28865993797047], [90.46446652905912, 25.288594193039103], [90.46451130648278, 25.288524069350782], [90.46454813920602, 25.288450262165508], [90.4645766607163, 25.288373505731638], [90.46459658894258, 25.288294563539395], [90.46460772445884, 25.2882142193866], [90.46460995677232, 25.288133271693184], [90.46460326432344, 25.288052525379058], [90.46458771358756, 25.28797278292963], [90.46456345817656, 25.287894836273303], [90.46453074063561, 25.287819461095843], [90.46448988435819, 25.28774740546888], [90.4644412971794, 25.287679385788458], [90.46438546059629, 25.287616078652412], [90.464322930666, 25.287558112737628], [90.46425432722606, 25.287506063926276], [90.4641803338944, 25.28746045043206], [90.46410168549299, 25.28742172467731], [90.46401916265773, 25.28739027166839], [90.46393358644882, 25.28736640493392], [90.46384580757083, 25.287350360026814], [90.46375669828788, 25.287342297772895], [90.46366714344057, 25.287342297772895], [90.46357803415766, 25.287350360026814], [90.4634902552797, 25.28736640493392], [90.46340467907076, 25.28739027166839], [90.4633221562355, 25.28742172467731], [90.46324350783406, 25.28746045043206], [90.46316951450244, 25.287506063926276], [90.4631009110625, 25.287558112737628], [90.46303838113221, 25.287616078652412], [90.46298254454908, 25.287679385788458], [90.46293395737031, 25.28774740546888], [90.46289310109289, 25.287819461095843], [90.4628603835519, 25.287894836273303], [90.46283612814094, 25.28797278292963], [90.46282057740505, 25.288052525379058], [90.46281388495618, 25.288133271693184], [90.46281611726967, 25.2882142193866], [90.46282725278593, 25.288294563539395], [90.4628471810122, 25.288373505731638], [90.46287570252247, 25.288450262165508], [90.46291253524574, 25.288524069350782], [90.46295731266939, 25.288594193039103], [90.46300959012734, 25.28865993797047], [90.46306884659674, 25.288720649497236], [90.46313449457939, 25.28877572414278], [90.4632058818984, 25.28882461609887], [90.46328229798635, 25.288866838037556], [90.46336298376686, 25.288901970045192], [90.46344713794268, 25.288929664495534], [90.46353392328396, 25.288949644424825], [90.46362247740802, 25.28896171327846], [90.46371192086423, 25.288965749224992], [90.46380136432046, 25.28896171327846]], [[90.44414251586178, 25.288400879472235], [90.44423106998589, 25.2883888105628], [90.44431785532714, 25.288368830541106], [90.44440200950297, 25.288341135962717], [90.44448269528345, 25.28830600379258], [90.44455911137142, 25.288263781658646], [90.44463049869043, 25.288214889476443], [90.44469614667308, 25.2881598145762], [90.4447554031425, 25.288099102768676], [90.44480768060045, 25.288033357533276], [90.44485245802409, 25.287963233520667], [90.44488929074738, 25.287889425994056], [90.44491781225766, 25.28781266920526], [90.44493774048391, 25.287733726647954], [90.44494887600018, 25.28765338212358], [90.44495110831365, 25.287572434055814], [90.4449444158648, 25.28749168736829], [90.4449288651289, 25.287411944550094], [90.44490460971791, 25.28733399753331], [90.44487189217696, 25.287258622007275], [90.44483103589951, 25.287186566047104], [90.44478244872073, 25.287118546052163], [90.44472661213764, 25.287055238623328], [90.44466408220731, 25.2869972724405], [90.44459547876741, 25.286945223388482], [90.44452148543576, 25.286899609683307], [90.44444283703432, 25.28686088374949], [90.44436031419906, 25.286829430595105], [90.44427473799016, 25.286805563750267], [90.44418695911214, 25.286789518768956], [90.44409784982923, 25.286781456477748], [90.44400829498194, 25.286781456477748], [90.44391918569902, 25.286789518768956], [90.44383140682102, 25.286805563750267], [90.44374583061212, 25.286829430595105], [90.44366330777686, 25.28686088374949], [90.4435846593754, 25.286899609683307], [90.44351066604379, 25.286945223388482], [90.44344206260385, 25.2869972724405], [90.44337953267356, 25.287055238623328], [90.44332369609045, 25.287118546052163], [90.44327510891166, 25.287186566047104], [90.4432342526342, 25.287258622007275], [90.44320153509325, 25.28733399753331], [90.44317727968226, 25.287411944550094], [90.44316172894636, 25.28749168736829], [90.44315503649753, 25.287572434055814], [90.44315726881102, 25.28765338212358], [90.44316840432727, 25.287733726647954], [90.44318833255352, 25.28781266920526], [90.44321685406379, 25.287889425994056], [90.44325368678707, 25.287963233520667], [90.44329846421073, 25.288033357533276], [90.44335074166868, 25.288099102768676], [90.44340999813808, 25.2881598145762], [90.44347564612073, 25.288214889476443], [90.44354703343974, 25.288263781658646], [90.4436234495277, 25.28830600379258], [90.4437041353082, 25.288341135962717], [90.44378828948402, 25.288368830541106], [90.44387507482531, 25.2883888105628], [90.44396362894939, 25.288400879472235], [90.44405307240558, 25.288404915437454], [90.44414251586178, 25.288400879472235]], [[90.46931783493693, 25.283969094201222], [90.46923005605892, 25.283985139555625], [90.46914447985003, 25.284009006955472], [90.46906195701476, 25.284040460841254], [90.4689833086133, 25.2840791876756], [90.46890931528166, 25.28412480244148], [90.46884071184172, 25.284176852703837], [90.46877818191143, 25.28423482023465], [90.46872234532835, 25.2842981291356], [90.46867375814958, 25.284366150712316], [90.46863290187211, 25.284438208348057], [90.46860018433117, 25.284513585626883], [90.46857592892016, 25.284591534456275], [90.46856037818428, 25.28467127912884], [90.46855368573544, 25.284752027694086], [90.46855591804888, 25.284832977644257], [90.46856705356518, 25.284913324037003], [90.46858698179142, 25.284992268430084], [90.4686155033017, 25.285069027003875], [90.46865233602499, 25.285142836246823], [90.46869711344864, 25.285212961890192], [90.4687493909066, 25.285278708654488], [90.468808647376, 25.28533942187387], [90.46887429535865, 25.28539449805485], [90.46894568267763, 25.28544339137406], [90.4690220987656, 25.285485614489843], [90.46910278454611, 25.285520747476976], [90.46918693872193, 25.28554844269942], [90.46927372406319, 25.28556842318575], [90.46936227818729, 25.28558049237585], [90.4694517216435, 25.28558452843495], [90.46954116509968, 25.28558049237585], [90.46962971922378, 25.28556842318575], [90.46971650456506, 25.28554844269942], [90.46980065874087, 25.285520747476976], [90.46988134452137, 25.285485614489843], [90.46995776060932, 25.28544339137406], [90.47002914792833, 25.28539449805485], [90.47009479591098, 25.28533942187387], [90.4701540523804, 25.285278708654488], [90.47020632983835, 25.285212961890192], [90.470251107262, 25.285142836246823], [90.47028793998528, 25.285069027003875], [90.47031646149557, 25.284992268430084], [90.47033638972181, 25.284913324037003], [90.47034752523807, 25.284832977644257], [90.47034975755155, 25.284752027694086], [90.47034306510267, 25.28467127912884], [90.47032751436682, 25.284591534456275], [90.47030325895582, 25.284513585626883], [90.47027054141486, 25.284438208348057], [90.47022968513741, 25.284366150712316], [90.47018109795864, 25.2842981291356], [90.47012526137551, 25.28423482023465], [90.47006273144522, 25.284176852703837], [90.46999412800528, 25.28412480244148], [90.46992013467366, 25.2840791876756], [90.46984148627222, 25.284040460841254], [90.46975896343696, 25.284009006955472], [90.46967338722807, 25.283985139555625], [90.46958560835006, 25.283969094201222], [90.46949649906715, 25.283961031722576], [90.46940694421984, 25.283961031722576], [90.46931783493693, 25.283969094201222]], [[90.46142977963103, 25.280717305083503], [90.46134200075305, 25.280733350868033], [90.46125642454413, 25.280757218907663], [90.46117390170886, 25.28078867363664], [90.46109525330742, 25.280827401509132], [90.4610212599758, 25.28087301749778], [90.46095265653585, 25.280925069155447], [90.46089012660556, 25.28098303824015], [90.46083429002245, 25.281046348838256], [90.46078570284368, 25.2811143722384], [90.46074484656626, 25.281186431805832], [90.46071212902527, 25.281261811105313], [90.4606878736143, 25.281339762024295], [90.46067232287841, 25.28141950883458], [90.46066563042955, 25.28150025956449], [90.46066786274302, 25.281581211684728], [90.46067899825928, 25.281661560231356], [90.46069892648555, 25.28174050674077], [90.46072744799582, 25.281817267372247], [90.46076428071909, 25.281891078593887], [90.46080905814274, 25.281961206117142], [90.4608613356007, 25.28202695464397], [90.4609205920701, 25.282087669490945], [90.46098624005275, 25.28214274714844], [90.46105762737176, 25.282191641778372], [90.46113404345971, 25.282233866026115], [90.46121472924021, 25.282268999955086], [90.46129888341603, 25.28229669591998], [90.46138566875732, 25.282316676941957], [90.46147422288139, 25.282328746455622], [90.4615636663376, 25.282332782622884], [90.46165310979382, 25.282328746455622], [90.4617416639179, 25.282316676941957], [90.46182844925919, 25.28229669591998], [90.46191260343501, 25.282268999955086], [90.46199328921551, 25.282233866026115], [90.46206970530346, 25.282191641778372], [90.46214109262247, 25.28214274714844], [90.46220674060508, 25.282087669490945], [90.46226599707448, 25.28202695464397], [90.46231827453248, 25.281961206117142], [90.46236305195613, 25.281891078593887], [90.46239988467939, 25.281817267372247], [90.46242840618966, 25.28174050674077], [90.46244833441594, 25.281661560231356], [90.4624594699322, 25.281581211684728], [90.46246170224568, 25.28150025956449], [90.4624550097968, 25.28141950883458], [90.46243945906092, 25.281339762024295], [90.46241520364993, 25.281261811105313], [90.46238248610896, 25.281186431805832], [90.46234162983154, 25.2811143722384], [90.46229304265277, 25.281046348838256], [90.46223720606964, 25.28098303824015], [90.46217467613936, 25.280925069155447], [90.46210607269943, 25.28087301749778], [90.46203207936777, 25.280827401509132], [90.46195343096632, 25.28078867363664], [90.46187090813106, 25.280757218907663], [90.46178533192217, 25.280733350868033], [90.46169755304419, 25.280717305083503], [90.46160844376125, 25.28070924238868], [90.46151888891393, 25.28070924238868], [90.46142977963103, 25.280717305083503]], [[90.47865809056141, 25.278250991434014], [90.47862537302046, 25.278326372557366], [90.47860111760947, 25.27840432536245], [90.47858556687358, 25.278484074102334], [90.47857887442474, 25.278564826786067], [90.4785811067382, 25.278645780865045], [90.47859224225448, 25.278726131355807], [90.47861217048072, 25.278805079775424], [90.478640691991, 25.27888184226427], [90.47867752471429, 25.27895565527185], [90.47872230213794, 25.27902578449197], [90.47877457959589, 25.2790915346097], [90.4788338360653, 25.279152250925776], [90.47889948404794, 25.279207329915934], [90.47897087136693, 25.279256225728968], [90.47904728745492, 25.279298450998407], [90.4791279732354, 25.2793335857775], [90.47921212741123, 25.27936128241254], [90.4792989127525, 25.27938126391801], [90.4793874668766, 25.27939333372373], [90.47947691033279, 25.279397369988658], [90.479566353789, 25.27939333372373], [90.47965490791307, 25.27938126391801], [90.47974169325435, 25.27936128241254], [90.47982584743018, 25.2793335857775], [90.47990653321067, 25.279298450998407], [90.47998294929863, 25.279256225728968], [90.48005433661764, 25.279207329915934], [90.4801199846003, 25.279152250925776], [90.48017924106969, 25.2790915346097], [90.48023151852766, 25.27902578449197], [90.4802762959513, 25.27895565527185], [90.4803131286746, 25.27888184226427], [90.48034165018487, 25.278805079775424], [90.48036157841112, 25.278726131355807], [90.48037271392737, 25.278645780865045], [90.48037494624086, 25.278564826786067], [90.48036825379198, 25.278484074102334], [90.48035270305613, 25.27840432536245], [90.48032844764512, 25.278326372557366], [90.48029573010417, 25.278250991434014], [90.48025487382672, 25.278178930123065], [90.48020628664794, 25.278110905077025], [90.48015045006483, 25.2780475929471], [90.48008792013452, 25.27798962245976], [90.4800193166946, 25.27793756954268], [90.47994532336298, 25.277891952450315], [90.47986667496153, 25.277853223640793], [90.47978415212627, 25.27782176815075], [90.47969857591737, 25.277797899533617], [90.47961079703936, 25.277781853360846], [90.47952168775645, 25.27777379047098], [90.47943213290914, 25.27777379047098], [90.47934302362623, 25.277781853360846], [90.47925524474823, 25.277797899533617], [90.47916966853933, 25.27782176815075], [90.47908714570407, 25.277853223640793], [90.47900849730262, 25.277891952450315], [90.47893450397096, 25.27793756954268], [90.47886590053103, 25.27798962245976], [90.47880337060074, 25.2780475929471], [90.47874753401766, 25.278110905077025], [90.47869894683888, 25.278178930123065], [90.47865809056141, 25.278250991434014]], [[90.44653961719688, 25.27823499974508], [90.44662817132094, 25.278222929824153], [90.44671495666225, 25.278202948127923], [90.44679911083806, 25.27817525122844], [90.44687979661855, 25.27814011611389], [90.44695621270651, 25.27809789044132], [90.44702760002552, 25.278048994161495], [90.44709324800817, 25.27799391464544], [90.44715250447754, 25.2779331977497], [90.44720478193553, 25.277867447004244], [90.44724955935918, 25.277797317114604], [90.44728639208243, 25.27772350340229], [90.44731491359272, 25.277646740180614], [90.44733484181899, 25.277567791007286], [90.44734597733523, 25.277487439749386], [90.44734820964874, 25.27740648489756], [90.44734151719986, 25.277325731442847], [90.44732596646398, 25.27724598194163], [90.44730171105297, 25.277168028392342], [90.44726899351203, 25.277092646549335], [90.4472281372346, 25.277020584550396], [90.44717955005582, 25.276952558854944], [90.4471237134727, 25.276889246120575], [90.4470611835424, 25.276831275079818], [90.44699258010247, 25.276779221665798], [90.44691858677082, 25.276733604137938], [90.44683993836941, 25.276694874958682], [90.44675741553415, 25.276663419168344], [90.44667183932522, 25.276639550323335], [90.44658406044724, 25.276623503997385], [90.4464949511643, 25.27661544103055], [90.44640539631703, 25.27661544103055], [90.44631628703408, 25.276623503997385], [90.4462285081561, 25.276639550323335], [90.44614293194716, 25.276663419168344], [90.44606040911191, 25.276694874958682], [90.4459817607105, 25.276733604137938], [90.44590776737884, 25.276779221665798], [90.44583916393891, 25.276831275079818], [90.44577663400861, 25.276889246120575], [90.4457207974255, 25.276952558854944], [90.44567221024671, 25.277020584550396], [90.44563135396929, 25.277092646549335], [90.44559863642834, 25.277168028392342], [90.44557438101735, 25.27724598194163], [90.44555883028146, 25.277325731442847], [90.44555213783258, 25.27740648489756], [90.44555437014607, 25.277487439749386], [90.44556550566232, 25.277567791007286], [90.44558543388861, 25.277646740180614], [90.44561395539888, 25.27772350340229], [90.44565078812214, 25.277797317114604], [90.44569556554579, 25.277867447004244], [90.44574784300377, 25.2779331977497], [90.44580709947316, 25.27799391464544], [90.44587274745581, 25.278048994161495], [90.4459441347748, 25.27809789044132], [90.44602055086277, 25.27814011611389], [90.44610123664326, 25.27817525122844], [90.44618539081908, 25.278202948127923], [90.44627217616036, 25.278222929824153], [90.44636073028444, 25.27823499974508], [90.44645017374064, 25.278239036048546], [90.44653961719688, 25.27823499974508]], [[90.47049982111977, 25.27664535507351], [90.47055907758917, 25.276706072613713], [90.47062472557182, 25.276761152714343], [90.4706961128908, 25.276810049513195], [90.47077252897877, 25.276852275633956], [90.47085321475929, 25.27688741112141], [90.47093736893508, 25.276915108314867], [90.47102415427636, 25.276935090223173], [90.47111270840044, 25.276947160272254], [90.47120215185667, 25.276951196618565], [90.47129159531288, 25.276947160272254], [90.47138014943694, 25.276935090223173], [90.47146693477823, 25.276915108314867], [90.47155108895406, 25.27688741112141], [90.47163177473455, 25.276852275633956], [90.47170819082251, 25.276810049513195], [90.47177957814152, 25.276761152714343], [90.47184522612417, 25.276706072613713], [90.47190448259357, 25.27664535507351], [90.47195676005153, 25.276579603630186], [90.47200153747518, 25.276509472996167], [90.47203837019848, 25.276435658500418], [90.47206689170872, 25.276358894463964], [90.47208681993499, 25.276279944452657], [90.47209795545123, 25.276199592341936], [90.47210018776474, 25.276118636630855], [90.47209349531586, 25.27603788231907], [90.47207794457996, 25.27595813197138], [90.472053689169, 25.275880177594704], [90.47202097162803, 25.27580479495162], [90.4719801153506, 25.275732732187873], [90.47193152817182, 25.275664705770385], [90.4718756915887, 25.275601392364067], [90.4718131616584, 25.27554342070801], [90.47174455821848, 25.275491366741516], [90.47167056488685, 25.27544574872949], [90.47159191648541, 25.275407019139163], [90.47150939365015, 25.27537556301497], [90.47142381744122, 25.275351693916633], [90.47133603856324, 25.275335647420373], [90.47124692928033, 25.275327584367968], [90.47115737443303, 25.275327584367968], [90.47106826515008, 25.275335647420373], [90.4709804862721, 25.275351693916633], [90.47089491006321, 25.27537556301497], [90.47081238722794, 25.275407019139163], [90.4707337388265, 25.27544574872949], [90.47065974549484, 25.275491366741516], [90.47059114205491, 25.27554342070801], [90.47052861212461, 25.275601392364067], [90.4704727755415, 25.275664705770385], [90.47042418836271, 25.275732732187873], [90.47038333208529, 25.27580479495162], [90.47035061454434, 25.275880177594704], [90.47032635913335, 25.27595813197138], [90.47031080839746, 25.27603788231907], [90.47030411594858, 25.276118636630855], [90.47030634826207, 25.276199592341936], [90.47031748377832, 25.276279944452657], [90.47033741200461, 25.276358894463964], [90.47036593351488, 25.276435658500418], [90.47040276623817, 25.276509472996167], [90.47044754366179, 25.276579603630186], [90.47049982111977, 25.27664535507351]], [[90.48631004615274, 25.27534462514042], [90.48632997437903, 25.27542357576028], [90.4863584958893, 25.275500340388454], [90.48639532861256, 25.275574155453196], [90.48644010603621, 25.275644286627767], [90.4864923834942, 25.275710038577927], [90.4865516399636, 25.275770756586144], [90.48661728794625, 25.27582583711138], [90.48668867526521, 25.275874734287115], [90.48676509135319, 25.275916960733362], [90.48684577713371, 25.275952096491647], [90.4869299313095, 25.27597979389863], [90.48701671665079, 25.27599977596098], [90.48710527077486, 25.27601184610307], [90.48719471423111, 25.27601588248048], [90.4872841576873, 25.27601184610307], [90.48737271181136, 25.27599977596098], [90.48745949715266, 25.27597979389863], [90.48754365132848, 25.275952096491647], [90.48762433710897, 25.275916960733362], [90.48770075319693, 25.275874734287115], [90.48777214051594, 25.27582583711138], [90.4878377884986, 25.275770756586144], [90.487897044968, 25.275710038577927], [90.48794932242595, 25.275644286627767], [90.4879940998496, 25.275574155453196], [90.48803093257285, 25.275500340388454], [90.48805945408314, 25.27542357576028], [90.48807938230941, 25.27534462514042], [90.48809051782565, 25.275264272410368], [90.48809275013915, 25.275183316075285], [90.48808605769027, 25.275102561141015], [90.48807050695439, 25.275022810178626], [90.48804625154344, 25.274944855201092], [90.48801353400245, 25.274869471976956], [90.48797267772503, 25.27479740865772], [90.48792409054623, 25.274729381715886], [90.48786825396311, 25.274666067821546], [90.48780572403284, 25.274608095718687], [90.4877371205929, 25.27455604135092], [90.48766312726127, 25.274510422987287], [90.48758447885983, 25.274471693098448], [90.48750195602457, 25.27444023673182], [90.48741637981564, 25.274416367449508], [90.48732860093766, 25.27440032082956], [90.48723949165475, 25.27439225771497], [90.48714993680744, 25.27439225771497], [90.4870608275245, 25.27440032082956], [90.48697304864652, 25.274416367449508], [90.48688747243762, 25.27444023673182], [90.48680494960236, 25.274471693098448], [90.48672630120092, 25.274510422987287], [90.48665230786926, 25.27455604135092], [90.48658370442934, 25.274608095718687], [90.48652117449903, 25.274666067821546], [90.48646533791592, 25.274729381715886], [90.48641675073713, 25.27479740865772], [90.48637589445971, 25.274869471976956], [90.48634317691877, 25.274944855201092], [90.48631892150777, 25.275022810178626], [90.48630337077188, 25.275102561141015], [90.486296678323, 25.275183316075285], [90.48629891063649, 25.275264272410368], [90.48631004615274, 25.27534462514042]], [[90.496268976005, 25.27444972953042], [90.49625342526916, 25.27452948086946], [90.49624673282028, 25.274610236185104], [90.49624896513376, 25.27469119290253], [90.49626010065002, 25.274771546012058], [90.4962800288763, 25.27485049700477], [90.49630855038654, 25.27492726199548], [90.49634538310983, 25.27500107740883], [90.49639016053348, 25.275071208914614], [90.49644243799143, 25.2751369611753], [90.49650169446085, 25.275197679470274], [90.49656734244348, 25.275252760255615], [90.49663872976251, 25.275301657662297], [90.49671514585046, 25.275343884307976], [90.49679583163095, 25.275379020232197], [90.49687998580677, 25.275406717769993], [90.49696677114805, 25.275426699926715], [90.49705532527213, 25.275438770125803], [90.49714476872833, 25.27544280652228], [90.49723421218454, 25.275438770125803], [90.49732276630864, 25.275426699926715], [90.49740955164992, 25.275406717769993], [90.49749370582572, 25.275379020232197], [90.49757439160625, 25.275343884307976], [90.4976508076942, 25.275301657662297], [90.49772219501318, 25.275252760255615], [90.49778784299583, 25.275197679470274], [90.49784709946523, 25.2751369611753], [90.49789937692319, 25.275071208914614], [90.49794415434684, 25.27500107740883], [90.49798098707012, 25.27492726199548], [90.49800950858041, 25.27485049700477], [90.49802943680665, 25.274771546012058], [90.49804057232294, 25.27469119290253], [90.49804280463643, 25.274610236185104], [90.49803611218755, 25.27452948086946], [90.49802056145167, 25.27444972953042], [90.49799630604066, 25.27437177418473], [90.49796358849972, 25.27429639060463], [90.49792273222225, 25.274224326945056], [90.49787414504351, 25.274156299681966], [90.49781830846038, 25.274092985488625], [90.4977557785301, 25.274035013111984], [90.49768717509016, 25.273982958498397], [90.49761318175851, 25.273937339919314], [90.49753453335705, 25.27389860984758], [90.4974520105218, 25.273867153332368], [90.49736643431291, 25.27384328393734], [90.49727865543494, 25.273827237241644], [90.49718954615199, 25.273819174088974], [90.49709999130468, 25.273819174088974], [90.49701088202177, 25.273827237241644], [90.49692310314379, 25.27384328393734], [90.49683752693487, 25.273867153332368], [90.49675500409961, 25.27389860984758], [90.49667635569816, 25.273937339919314], [90.49660236236654, 25.273982958498397], [90.4965337589266, 25.274035013111984], [90.49647122899631, 25.274092985488625], [90.49641539241318, 25.274156299681966], [90.49636680523442, 25.274224326945056], [90.496325948957, 25.27429639060463], [90.496293231416, 25.27437177418473], [90.496268976005, 25.27444972953042]], [[90.47924766835713, 25.27433734956384], [90.47925880387339, 25.274256996166763], [90.47926103618687, 25.27417603915968], [90.47925434373799, 25.274095283555127], [90.47923879300211, 25.274015531930726], [90.47921453759112, 25.273937576306114], [90.47918182005016, 25.27386219245625], [90.47914096377274, 25.273790128538863], [90.47909237659397, 25.273722101032384], [90.47903654001084, 25.273658786612497], [90.47897401008055, 25.273600814028395], [90.4789054066406, 25.273548759228607], [90.47883141330897, 25.273503140486298], [90.47875276490754, 25.273464410275995], [90.47867024207228, 25.27343295364823], [90.47858466586337, 25.273409084167792], [90.47849688698538, 25.273393037414657], [90.47840777770244, 25.273384974233164], [90.47831822285512, 25.273384974233164], [90.47822911357221, 25.273393037414657], [90.47814133469424, 25.273409084167792], [90.47805575848531, 25.27343295364823], [90.47797323565005, 25.273464410275995], [90.47789458724861, 25.273503140486298], [90.47782059391699, 25.273548759228607], [90.47775199047705, 25.273600814028395], [90.47768946054677, 25.273658786612497], [90.47763362396364, 25.273722101032384], [90.47758503678487, 25.273790128538863], [90.47754418050745, 25.27386219245625], [90.47751146296645, 25.273937576306114], [90.4774872075555, 25.274015531930726], [90.47747165681962, 25.274095283555127], [90.47746496437074, 25.27417603915968], [90.47746719668422, 25.274256996166763], [90.47747833220048, 25.27433734956384], [90.47749826042674, 25.274416300839047], [90.47752678193702, 25.27449306610443], [90.47756361466028, 25.274566881781872], [90.47760839208394, 25.274637013538612], [90.47766066954189, 25.274702766034583], [90.47771992601129, 25.274763484546803], [90.47778557399394, 25.274818565529234], [90.47785696131295, 25.274867463110873], [90.4779333774009, 25.274909689907656], [90.4780140631814, 25.274944825957597], [90.47809821735723, 25.27497252359446], [90.47818500269851, 25.27499250582268], [90.47827355682259, 25.275004576064987], [90.47836300027879, 25.2750086124759], [90.47845244373501, 25.275004576064987], [90.4785409978591, 25.27499250582268], [90.47862778320038, 25.27497252359446], [90.4787119373762, 25.274944825957597], [90.4787926231567, 25.274909689907656], [90.47886903924466, 25.274867463110873], [90.47894042656367, 25.274818565529234], [90.47900607454628, 25.274763484546803], [90.47906533101568, 25.274702766034583], [90.47911760847367, 25.274637013538612], [90.47916238589733, 25.274566881781872], [90.47919921862058, 25.27449306610443], [90.47922774013085, 25.274416300839047], [90.47924766835713, 25.27433734956384]], [[90.4529574735391, 25.27498475467782], [90.45286969466109, 25.274968708133077], [90.45278058537818, 25.274960645056247], [90.45269103053087, 25.274960645056247], [90.45260192124796, 25.274968708133077], [90.45251414236995, 25.27498475467782], [90.45242856616105, 25.275008623848343], [90.45234604332579, 25.27504008006766], [90.45226739492435, 25.27507880977508], [90.4521934015927, 25.275124427925057], [90.4521247981528, 25.275176482049], [90.45206226822246, 25.27523445388032], [90.45200643163938, 25.275297767478108], [90.4519578444606, 25.275365794101297], [90.45191698818316, 25.275437857083002], [90.4518842706422, 25.275513239954005], [90.4518600152312, 25.275591194566413], [90.45184446449531, 25.27567094515525], [90.45183777204646, 25.27575169971124], [90.45184000435992, 25.275832655667124], [90.45185113987621, 25.27591300802084], [90.45187106810246, 25.27599195827089], [90.45189958961272, 25.276068722539485], [90.45193642233603, 25.276142537258437], [90.45198119975967, 25.276212668104545], [90.45203347721763, 25.276278419746703], [90.45209273368702, 25.276339137470526], [90.45215838166968, 25.276394217737714], [90.45222976898869, 25.27644311468444], [90.45230618507665, 25.27648534093289], [90.45238687085714, 25.276520476526603], [90.45247102503298, 25.27654817380381], [90.45255781037422, 25.276568155772587], [90.45264636449832, 25.276580225858126], [90.45273580795453, 25.27658426221664], [90.45282525141072, 25.276580225858126], [90.45291380553479, 25.276568155772587], [90.45300059087609, 25.27654817380381], [90.45308474505191, 25.276520476526603], [90.45316543083241, 25.27648534093289], [90.45324184692036, 25.27644311468444], [90.45331323423937, 25.276394217737714], [90.45337888222203, 25.276339137470526], [90.45343813869142, 25.276278419746703], [90.45349041614938, 25.276212668104545], [90.45353519357303, 25.276142537258437], [90.45357202629631, 25.276068722539485], [90.4536005478066, 25.27599195827089], [90.45362047603284, 25.27591300802084], [90.45363161154908, 25.275832655667124], [90.45363384386258, 25.27575169971124], [90.4536271514137, 25.27567094515525], [90.45361160067785, 25.275591194566413], [90.45358734526685, 25.275513239954005], [90.45355462772591, 25.275437857083002], [90.45351377144844, 25.275365794101297], [90.45346518426966, 25.275297767478108], [90.45340934768655, 25.27523445388032], [90.45334681775627, 25.275176482049], [90.45327821431633, 25.275124427925057], [90.4532042209847, 25.27507880977508], [90.45312557258326, 25.27504008006766], [90.45304304974799, 25.275008623848343], [90.4529574735391, 25.27498475467782]], [[90.44611991351636, 25.271317513275367], [90.44603213463837, 25.271333560302935], [90.44594655842944, 25.2713574301916], [90.44586403559417, 25.271388887357336], [90.44578538719273, 25.27142761823002], [90.4457113938611, 25.271473237752495], [90.44564279042119, 25.27152529344256], [90.44558026049089, 25.27158326701808], [90.44552442390777, 25.271646582520816], [90.44547583672899, 25.271714611190706], [90.44543498045157, 25.27178667634057], [90.44540226291059, 25.27186206147969], [90.44537800749963, 25.27194001843754], [90.44536245676373, 25.272019771425867], [90.44535576431485, 25.27210052841158], [90.44535799662835, 25.272181486803234], [90.44536913214459, 25.27226184157458], [90.44538906037089, 25.272340794200073], [90.44541758188112, 25.27241756077831], [90.44545441460441, 25.272491377718243], [90.44549919202807, 25.272561510674418], [90.44555146948602, 25.272627264294933], [90.44561072595542, 25.27268798384563], [90.44567637393807, 25.272743065770143], [90.44574776125707, 25.272791964188052], [90.44582417734503, 25.272834191707034], [90.44590486312553, 25.27286932835795], [90.44598901730136, 25.272897026468524], [90.44607580264264, 25.272917009038487], [90.44616435676672, 25.27292907948721], [90.44625380022292, 25.27293311596717], [90.44634324367914, 25.27292907948721], [90.44643179780321, 25.272917009038487], [90.44651858314451, 25.272897026468524], [90.44660273732029, 25.27286932835795], [90.44668342310082, 25.272834191707034], [90.44675983918879, 25.272791964188052], [90.44683122650775, 25.272743065770143], [90.4468968744904, 25.27268798384563], [90.4469561309598, 25.272627264294933], [90.44700840841776, 25.272561510674418], [90.44705318584141, 25.272491377718243], [90.44709001856471, 25.27241756077831], [90.44711854007498, 25.272340794200073], [90.44713846830122, 25.27226184157458], [90.44714960381751, 25.272181486803234], [90.447151836131, 25.27210052841158], [90.44714514368212, 25.272019771425867], [90.44712959294624, 25.27194001843754], [90.44710533753525, 25.27186206147969], [90.44707261999429, 25.27178667634057], [90.44703176371684, 25.271714611190706], [90.44698317653808, 25.271646582520816], [90.44692733995497, 25.27158326701808], [90.44686481002468, 25.27152529344256], [90.44679620658475, 25.271473237752495], [90.44672221325308, 25.27142761823002], [90.44664356485164, 25.271388887357336], [90.44656104201638, 25.2713574301916], [90.4464754658075, 25.271333560302935], [90.4463876869295, 25.271317513275367], [90.44629857764657, 25.271309449955975], [90.44620902279927, 25.271309449955975], [90.44611991351636, 25.271317513275367]], [[90.48958134210827, 25.27135674213709], [90.48955708669726, 25.271434699419522], [90.48954153596138, 25.27151445273991], [90.48953484351253, 25.27159521006187], [90.489537075826, 25.271676168790627], [90.48954821134227, 25.271756523896528], [90.48956813956852, 25.27183547685075], [90.48959666107879, 25.271912243748634], [90.48963349380209, 25.27198606099591], [90.48967827122574, 25.2720561942441], [90.4897305486837, 25.272121948138395], [90.4897898051531, 25.27218266794191], [90.48985545313575, 25.272237750095766], [90.48992684045473, 25.27228664871728], [90.49000325654268, 25.272328876412082], [90.49008394232321, 25.2723640132093], [90.49016809649903, 25.272391711435205], [90.49025488184029, 25.272411694088387], [90.49034343596439, 25.272423764587362], [90.4904328794206, 25.272427801084117], [90.49052232287679, 25.272423764587362], [90.49061087700086, 25.272411694088387], [90.49069766234216, 25.272391711435205], [90.49078181651798, 25.2723640132093], [90.49086250229847, 25.272328876412082], [90.49093891838642, 25.27228664871728], [90.49101030570543, 25.272237750095766], [90.49107595368808, 25.27218266794191], [90.4911352101575, 25.272121948138395], [90.49118748761545, 25.2720561942441], [90.4912322650391, 25.27198606099591], [90.49126909776238, 25.271912243748634], [90.49129761927267, 25.27183547685075], [90.49131754749891, 25.271756523896528], [90.49132868301517, 25.271676168790627], [90.49133091532865, 25.27159521006187], [90.49132422287977, 25.27151445273991], [90.49130867214392, 25.271434699419522], [90.49128441673292, 25.27135674213709], [90.49125169919198, 25.2712813566841], [90.49121084291451, 25.271209291234182], [90.49116225573574, 25.27114126228102], [90.49110641915262, 25.27107794651469], [90.49104388922233, 25.271019972697793], [90.49097528578238, 25.27096791679097], [90.49090129245076, 25.270922297078577], [90.49082264404932, 25.27088356604464], [90.49074012121406, 25.27085210874794], [90.49065454500514, 25.270828238759886], [90.49056676612716, 25.270812191665502], [90.49047765684425, 25.27080412831251], [90.49038810199694, 25.27080412831251], [90.49029899271403, 25.270812191665502], [90.49021121383602, 25.270828238759886], [90.49012563762712, 25.27085210874794], [90.49004311479186, 25.27088356604464], [90.4899644663904, 25.270922297078577], [90.48989047305876, 25.27096791679097], [90.48982186961882, 25.271019972697793], [90.48975933968853, 25.27107794651469], [90.4897035031054, 25.27114126228102], [90.48965491592666, 25.271209291234182], [90.48961405964921, 25.2712813566841], [90.48958134210827, 25.27135674213709]], [[90.45324757907021, 25.268780088732605], [90.4531598001922, 25.26879613609566], [90.4530742239833, 25.268820006483352], [90.45299170114804, 25.268851464306728], [90.4529130527466, 25.26889019598912], [90.45283905941497, 25.2689358164653], [90.45277045597504, 25.268987873243674], [90.45270792604475, 25.2690458480312], [90.45265208946162, 25.26910916485762], [90.45260350228284, 25.26917719494974], [90.4525626460054, 25.269249261606234], [90.45252992846444, 25.26932464832137], [90.45250567305345, 25.269402606909026], [90.45249012231756, 25.269482361564712], [90.4524834298687, 25.269563120238764], [90.45248566218221, 25.26964408032301], [90.45249679769846, 25.269724436774286], [90.45251672592471, 25.26980339105042], [90.45254524743497, 25.26988015923362], [90.45258208015828, 25.26995397771683], [90.45262685758192, 25.27002411213927], [90.45267913503987, 25.270089867134494], [90.45273839150929, 25.270150587954653], [90.45280403949194, 25.270205671030755], [90.45287542681093, 25.270254570470996], [90.4529518428989, 25.270296798872838], [90.4530325286794, 25.27033193625836], [90.45311668285522, 25.270359634948022], [90.4532034681965, 25.270379617935774], [90.45329202232057, 25.270391688636867], [90.45338146577677, 25.270395725201215], [90.45347090923296, 25.270391688636867], [90.45355946335708, 25.270379617935774], [90.45364624869833, 25.270359634948022], [90.45373040287416, 25.27033193625836], [90.45381108865466, 25.270296798872838], [90.45388750474261, 25.270254570470996], [90.45395889206162, 25.270205671030755], [90.45402454004427, 25.270150587954653], [90.45408379651367, 25.270089867134494], [90.45413607397163, 25.27002411213927], [90.45418085139528, 25.26995397771683], [90.45421768411856, 25.26988015923362], [90.45424620562885, 25.26980339105042], [90.45426613385509, 25.269724436774286], [90.45427726937137, 25.26964408032301], [90.45427950168482, 25.269563120238764], [90.45427280923599, 25.269482361564712], [90.45425725850009, 25.269402606909026], [90.4542330030891, 25.26932464832137], [90.45420028554815, 25.269249261606234], [90.45415942927069, 25.26917719494974], [90.45411084209191, 25.26910916485762], [90.45405500550883, 25.2690458480312], [90.45399247557852, 25.268987873243674], [90.4539238721386, 25.2689358164653], [90.45384987880695, 25.26889019598912], [90.45377123040551, 25.268851464306728], [90.45368870757024, 25.268820006483352], [90.45360313136135, 25.26879613609566], [90.45351535248334, 25.268780088732605], [90.45342624320043, 25.268772025244633], [90.45333668835312, 25.268772025244633], [90.45324757907021, 25.268780088732605]], [[90.49256066224021, 25.27007923751503], [90.49263204955922, 25.27012813700625], [90.49270846564717, 25.27017036545207], [90.49278915142767, 25.27020550287417], [90.4928733056035, 25.27023320159269], [90.49296009094479, 25.270253184601266], [90.49304864506885, 25.27026525531494], [90.49313808852504, 25.270269291883498], [90.49322753198129, 25.27026525531494], [90.49331608610537, 25.270253184601266], [90.49340287144665, 25.27023320159269], [90.49348702562244, 25.27020550287417], [90.49356771140296, 25.27017036545207], [90.49364412749092, 25.27012813700625], [90.49371551480989, 25.27007923751503], [90.49378116279254, 25.270024154381577], [90.49384041926196, 25.269963433498166], [90.49389269671994, 25.269897678434443], [90.49393747414359, 25.269827543938927], [90.49397430686685, 25.26975372537885], [90.49400282837712, 25.269676957115667], [90.4940227566034, 25.26959800275728], [90.49403389211966, 25.269517646222294], [90.49403612443314, 25.269436686053727], [90.49402943198427, 25.26935592729555], [90.49401388124838, 25.269276172556776], [90.49398962583739, 25.269198213887915], [90.49395690829643, 25.269122827094257], [90.493916052019, 25.269050760362717], [90.49386746484024, 25.26898273019972], [90.49381162825712, 25.268919413307362], [90.49374909832682, 25.268861438459403], [90.49368049488687, 25.268809381626845], [90.49360650155523, 25.26876376110312], [90.4935278531538, 25.268725029380388], [90.49344533031854, 25.268693571524242], [90.49335975410963, 25.268669701111687], [90.49327197523165, 25.268653653731917], [90.49318286594871, 25.26864559023556], [90.4930933111014, 25.26864559023556], [90.49300420181848, 25.268653653731917], [90.49291642294051, 25.268669701111687], [90.49283084673158, 25.268693571524242], [90.49274832389632, 25.268725029380388], [90.49266967549488, 25.26876376110312], [90.49259568216326, 25.268809381626845], [90.49252707872331, 25.268861438459403], [90.49246454879304, 25.268919413307362], [90.49240871220991, 25.26898273019972], [90.49236012503113, 25.269050760362717], [90.4923192687537, 25.269122827094257], [90.49228655121271, 25.269198213887915], [90.49226229580175, 25.269276172556776], [90.49224674506588, 25.26935592729555], [90.49224005261699, 25.269436686053727], [90.49224228493048, 25.269517646222294], [90.49225342044674, 25.26959800275728], [90.49227334867301, 25.269676957115667], [90.49230187018325, 25.26975372537885], [90.49233870290655, 25.269827543938927], [90.4923834803302, 25.269897678434443], [90.49243575778816, 25.269963433498166], [90.49249501425756, 25.270024154381577], [90.49256066224021, 25.27007923751503]], [[90.46787030046787, 25.270040052919786], [90.46795885459193, 25.27002798218373], [90.46804563993321, 25.270007999138056], [90.46812979410903, 25.26998030036814], [90.46821047988954, 25.26994516288084], [90.4682868959775, 25.26990293435666], [90.4683582832965, 25.269854034774735], [90.46842393127915, 25.26979895153907], [90.46848318774855, 25.269738230543002], [90.4685354652065, 25.269672475357275], [90.46858024263015, 25.269602340731623], [90.46861707535345, 25.269528522034577], [90.46864559686372, 25.269451753628957], [90.46866552508997, 25.269372799124074], [90.46867666060622, 25.269292442439994], [90.46867889291971, 25.269211482121214], [90.46867220047086, 25.269130723213213], [90.46865664973498, 25.269050968326454], [90.46863239432399, 25.26897300951295], [90.46859967678303, 25.26889762257944], [90.46855882050558, 25.268825555714177], [90.46851023332681, 25.26875752542495], [90.46845439674368, 25.268694208415113], [90.46839186681339, 25.26863623345964], [90.46832326337345, 25.268584176530457], [90.46824927004184, 25.268538555922092], [90.46817062164038, 25.268499824127492], [90.46808809880513, 25.268468366212975], [90.46800252259624, 25.268444495756146], [90.46791474371823, 25.268428448346633], [90.46782563443531, 25.268420384835288], [90.467736079588, 25.268420384835288], [90.46764697030508, 25.268428448346633], [90.46755919142707, 25.268444495756146], [90.46747361521818, 25.268468366212975], [90.46739109238293, 25.268499824127492], [90.46731244398148, 25.268538555922092], [90.46723845064986, 25.268584176530457], [90.46716984720992, 25.26863623345964], [90.4671073172796, 25.268694208415113], [90.46705148069651, 25.26875752542495], [90.46700289351774, 25.268825555714177], [90.46696203724028, 25.26889762257944], [90.46692931969932, 25.26897300951295], [90.46690506428833, 25.269050968326454], [90.46688951355245, 25.269130723213213], [90.46688282110361, 25.269211482121214], [90.46688505341706, 25.269292442439994], [90.46689618893335, 25.269372799124074], [90.46691611715958, 25.269451753628957], [90.46694463866987, 25.269528522034577], [90.46698147139315, 25.269602340731623], [90.46702624881681, 25.269672475357275], [90.46707852627476, 25.269738230543002], [90.46713778274416, 25.26979895153907], [90.46720343072681, 25.269854034774735], [90.46727481804582, 25.26990293435666], [90.46735123413377, 25.26994516288084], [90.46743191991428, 25.26998030036814], [90.4675160740901, 25.270007999138056], [90.46760285943138, 25.27002798218373], [90.46769141355546, 25.270040052919786], [90.46778085701166, 25.270044089495823], [90.46787030046787, 25.270040052919786]], [[90.45826118806197, 25.26650945402122], [90.458173409184, 25.266525501684466], [90.45808783297505, 25.266549372518675], [90.4580053101398, 25.26658083093049], [90.45792666173836, 25.266619563337397], [90.45785266840673, 25.266665184666973], [90.4577840649668, 25.26671724241908], [90.4577215350365, 25.266775218291126], [90.45766569845338, 25.266838536301933], [90.4576171112746, 25.266906567666656], [90.45757625499718, 25.266978635671208], [90.4575435374562, 25.26705402379654], [90.45751928204524, 25.267131983842514], [90.45750373130934, 25.2672117399901], [90.45749703886047, 25.267292500174865], [90.45749927117397, 25.267373461773577], [90.45751040669022, 25.267453819728047], [90.45753033491648, 25.26753277548113], [90.45755885642673, 25.267609545100438], [90.45759568915003, 25.267683364964505], [90.45764046657368, 25.267753500698962], [90.45769274403163, 25.267819256924234], [90.45775200050103, 25.2678799788803], [90.45781764848368, 25.267935062986798], [90.4578890358027, 25.267983963341827], [90.45796545189066, 25.26802619253359], [90.45804613767115, 25.26806133057643], [90.45813029184697, 25.26808902978426], [90.45821707718827, 25.26810901314583], [90.45830563131233, 25.268121084072714], [90.45839507476853, 25.268125120712604], [90.45848451822476, 25.268121084072714], [90.45857307234884, 25.26810901314583], [90.45865985769012, 25.26808902978426], [90.45874401186592, 25.26806133057643], [90.45882469764643, 25.26802619253359], [90.4589011137344, 25.267983963341827], [90.45897250105338, 25.267935062986798], [90.45903814903603, 25.2678799788803], [90.45909740550543, 25.267819256924234], [90.45914968296343, 25.267753500698962], [90.45919446038704, 25.267683364964505], [90.45923129311032, 25.267609545100438], [90.45925981462061, 25.26753277548113], [90.45927974284689, 25.267453819728047], [90.45929087836313, 25.267373461773577], [90.45929311067663, 25.267292500174865], [90.45928641822775, 25.2672117399901], [90.45927086749185, 25.267131983842514], [90.45924661208086, 25.26705402379654], [90.45921389453991, 25.266978635671208], [90.45917303826249, 25.266906567666656], [90.45912445108371, 25.266838536301933], [90.4590686145006, 25.266775218291126], [90.45900608457029, 25.26671724241908], [90.45893748113036, 25.266665184666973], [90.45886348779871, 25.266619563337397], [90.45878483939727, 25.26658083093049], [90.458702316562, 25.266549372518675], [90.45861674035311, 25.266525501684466], [90.45852896147512, 25.26650945402122], [90.45843985219217, 25.266501390382437], [90.45835029734488, 25.266501390382437], [90.45826118806197, 25.26650945402122]], [[90.48647213277273, 25.26653544921991], [90.48640352933279, 25.266587507027687], [90.4863409994025, 25.266645482961664], [90.48628516281939, 25.266708801040142], [90.4862365756406, 25.266776832477575], [90.48619571936318, 25.26684890055917], [90.48616300182223, 25.266924288765047], [90.48613874641124, 25.26700224889434], [90.48612319567535, 25.26708200512719], [90.48611650322647, 25.26716276539825], [90.48611873553996, 25.26724372708347], [90.4861298710562, 25.26732408512383], [90.48614979928249, 25.267403040961312], [90.48617832079276, 25.26747981066264], [90.48621515351603, 25.267553630605622], [90.48625993093968, 25.267623766415024], [90.48631220839765, 25.26768952271059], [90.48637146486706, 25.26775024473155], [90.48643711284971, 25.267805328896927], [90.48650850016868, 25.267854229304195], [90.48658491625665, 25.267896458541134], [90.48666560203718, 25.26793159662149], [90.48674975621297, 25.267959295858926], [90.48683654155425, 25.267979279241892], [90.48692509567832, 25.267991350181667], [90.48701453913456, 25.267995386825845], [90.48710398259075, 25.267991350181667], [90.48719253671483, 25.267979279241892], [90.48727932205612, 25.267959295858926], [90.48736347623195, 25.26793159662149], [90.48744416201244, 25.267896458541134], [90.4875205781004, 25.267854229304195], [90.48759196541941, 25.267805328896927], [90.48765761340206, 25.26775024473155], [90.48771686987146, 25.26768952271059], [90.48776914732942, 25.267623766415024], [90.48781392475307, 25.267553630605622], [90.48785075747635, 25.26747981066264], [90.4878792789866, 25.267403040961312], [90.48789920721288, 25.26732408512383], [90.48791034272912, 25.26724372708347], [90.48791257504261, 25.26716276539825], [90.48790588259374, 25.26708200512719], [90.48789033185786, 25.26700224889434], [90.48786607644689, 25.266924288765047], [90.4878333589059, 25.26684890055917], [90.48779250262848, 25.266776832477575], [90.4877439154497, 25.266708801040142], [90.48768807886658, 25.266645482961664], [90.4876255489363, 25.266587507027687], [90.48755694549635, 25.26653544921991], [90.48748295216474, 25.266489827841568], [90.48740430376328, 25.266451095393275], [90.48732178092803, 25.266419636947834], [90.48723620471911, 25.26639576608812], [90.48714842584113, 25.266379718407762], [90.4870593165582, 25.26637165476033], [90.48696976171091, 25.26637165476033], [90.48688065242796, 25.266379718407762], [90.48679287354999, 25.26639576608812], [90.48670729734108, 25.266419636947834], [90.48662477450583, 25.266451095393275], [90.48654612610439, 25.266489827841568], [90.48647213277273, 25.26653544921991]], [[90.47156817850401, 25.265484110039214], [90.47164886428453, 25.26551924881788], [90.47173301846033, 25.265546948605767], [90.47181980380161, 25.265566932385816], [90.47190835792568, 25.265579003565485], [90.47199780138192, 25.26558304028986], [90.47208724483812, 25.265579003565485], [90.47217579896218, 25.265566932385816], [90.47226258430348, 25.265546948605767], [90.4723467384793, 25.26551924881788], [90.47242742425979, 25.265484110039214], [90.47250384034776, 25.265441879963078], [90.47257522766677, 25.26539297858406], [90.47264087564942, 25.265337893324], [90.47270013211882, 25.265277170096375], [90.47275240957677, 25.265211412494065], [90.47279718700042, 25.26514127529093], [90.47283401972372, 25.26506745388097], [90.47286254123397, 25.264990682654084], [90.47288246946023, 25.264911725247593], [90.47289360497648, 25.26483136561036], [90.47289583728997, 25.26475040231626], [90.47288914484109, 25.264669640440314], [90.47287359410521, 25.264589882622584], [90.47284933869425, 25.26451192094409], [90.47281662115327, 25.264436531240086], [90.47277576487585, 25.264364461726373], [90.47272717769705, 25.26429642893708], [90.47267134111394, 25.26423310960035], [90.47260881118365, 25.264175132514314], [90.47254020774372, 25.264123073672103], [90.4724662144121, 25.2640774513872], [90.47238756601065, 25.26403871816923], [90.4723050431754, 25.264007259098655], [90.47221946696646, 25.263983387764604], [90.47213168808848, 25.26396733976533], [90.47204257880557, 25.263959275957696], [90.47195302395826, 25.263959275957696], [90.47186391467532, 25.26396733976533], [90.47177613579734, 25.263983387764604], [90.47169055958844, 25.264007259098655], [90.47160803675318, 25.26403871816923], [90.47152938835174, 25.2640774513872], [90.47145539502009, 25.264123073672103], [90.47138679158016, 25.264175132514314], [90.47132426164985, 25.26423310960035], [90.47126842506674, 25.26429642893708], [90.47121983788796, 25.264364461726373], [90.47117898161054, 25.264436531240086], [90.47114626406959, 25.26451192094409], [90.4711220086586, 25.264589882622584], [90.4711064579227, 25.264669640440314], [90.47109976547382, 25.26475040231626], [90.47110199778731, 25.26483136561036], [90.47111313330356, 25.264911725247593], [90.47113306152986, 25.264990682654084], [90.47116158304013, 25.26506745388097], [90.47119841576341, 25.26514127529093], [90.47124319318706, 25.265211412494065], [90.47129547064502, 25.265277170096375], [90.47135472711442, 25.265337893324], [90.47142037509707, 25.26539297858406], [90.47149176241604, 25.265441879963078], [90.47156817850401, 25.265484110039214]], [[90.4613697865431, 25.264597523946478], [90.46145834066718, 25.26458545266923], [90.46154512600846, 25.26456546872762], [90.46162928018428, 25.264537768715762], [90.46170996596479, 25.26450262965303], [90.46178638205274, 25.264460399235496], [90.46185776937175, 25.264411497461122], [90.46192341735437, 25.26435641175572], [90.46198267382377, 25.264295688037173], [90.46203495128175, 25.264229929903262], [90.4620797287054, 25.26415979213311], [90.46211656142867, 25.264085970126327], [90.46214508293895, 25.26400919827876], [90.46216501116521, 25.263930240233936], [90.46217614668147, 25.263849879947088], [90.46217837899496, 25.263768915998444], [90.46217168654609, 25.26368815346961], [90.4621561358102, 25.263608395007054], [90.4621318803992, 25.263530432698303], [90.46209916285825, 25.26345504238485], [90.46205830658083, 25.26338297228851], [90.46200971940206, 25.2633149389492], [90.46195388281892, 25.263251619100604], [90.46189135288864, 25.263193641545865], [90.4618227494487, 25.263141582282778], [90.46174875611706, 25.263095959629062], [90.46167010771563, 25.263057226097956], [90.46158758488038, 25.26302576677308], [90.46150200867145, 25.263001895246035], [90.46141422979348, 25.262985847117065], [90.46132512051052, 25.262977783244207], [90.46123556566322, 25.262977783244207], [90.4611464563803, 25.262985847117065], [90.46105867750232, 25.263001895246035], [90.4609731012934, 25.26302576677308], [90.46089057845815, 25.263057226097956], [90.46081193005669, 25.263095959629062], [90.46073793672508, 25.263141582282778], [90.46066933328514, 25.263193641545865], [90.46060680335485, 25.263251619100604], [90.46055096677172, 25.2633149389492], [90.46050237959295, 25.26338297228851], [90.46046152331553, 25.26345504238485], [90.46042880577454, 25.263530432698303], [90.46040455036358, 25.263608395007054], [90.4603889996277, 25.26368815346961], [90.46038230717882, 25.263768915998444], [90.4603845394923, 25.263849879947088], [90.46039567500856, 25.263930240233936], [90.46041560323484, 25.26400919827876], [90.46044412474511, 25.264085970126327], [90.46048095746836, 25.26415979213311], [90.46052573489202, 25.264229929903262], [90.46057801234997, 25.264295688037173], [90.46063726881938, 25.26435641175572], [90.46070291680202, 25.264411497461122], [90.46077430412105, 25.264460399235496], [90.460850720209, 25.26450262965303], [90.46093140598948, 25.264537768715762], [90.46101556016531, 25.26456546872762], [90.46110234550659, 25.26458545266923], [90.46119089963068, 25.264597523946478], [90.46128034308687, 25.264601560703515], [90.4613697865431, 25.264597523946478]], [[90.48142666862266, 25.2630157872665], [90.48150735440319, 25.263050926759597], [90.48159150857899, 25.263078627110655], [90.48167829392027, 25.263098611297004], [90.48176684804434, 25.263110682722093], [90.48185629150058, 25.263114719528556], [90.48194573495678, 25.263110682722093], [90.48203428908086, 25.263098611297004], [90.48212107442214, 25.263078627110655], [90.48220522859796, 25.263050926759597], [90.48228591437845, 25.2630157872665], [90.48236233046642, 25.26297355633178], [90.48243371778543, 25.26292465395853], [90.48249936576808, 25.26286956757852], [90.48255862223748, 25.26280884311631], [90.48261089969543, 25.262743084177096], [90.48265567711908, 25.262672945547976], [90.48269250984237, 25.262599122637152], [90.48272103135261, 25.26252234984944], [90.48274095957889, 25.262443390837664], [90.48275209509515, 25.262363029566664], [90.48275432740863, 25.2622820646265], [90.48274763495975, 25.262201301108615], [90.48273208422391, 25.26212154166936], [90.4827078288129, 25.26204357840586], [90.48267511127192, 25.26196818716913], [90.4826342549945, 25.261896116190215], [90.48258566781573, 25.261828082017786], [90.4825298312326, 25.261764761393746], [90.48246730130231, 25.261706783129007], [90.48239869786237, 25.26165472322842], [90.48232470453075, 25.26160910001601], [90.4822460561293, 25.26157036601059], [90.48216353329404, 25.261538906300462], [90.48207795708512, 25.261515034481086], [90.48199017820714, 25.261498986155544], [90.48190106892423, 25.261490922183974], [90.48181151407692, 25.261490922183974], [90.48172240479397, 25.261498986155544], [90.481634625916, 25.261515034481086], [90.48154904970711, 25.261538906300462], [90.48146652687184, 25.26157036601059], [90.4813878784704, 25.26160910001601], [90.48131388513875, 25.26165472322842], [90.4812452816988, 25.261706783129007], [90.48118275176853, 25.261764761393746], [90.4811269151854, 25.261828082017786], [90.48107832800666, 25.261896116190215], [90.4810374717292, 25.26196818716913], [90.48100475418825, 25.26204357840586], [90.48098049877724, 25.26212154166936], [90.48096494804138, 25.262201301108615], [90.4809582555925, 25.2622820646265], [90.48096048790597, 25.262363029566664], [90.48097162342226, 25.262443390837664], [90.4809915516485, 25.26252234984944], [90.48102007315879, 25.262599122637152], [90.48105690588207, 25.262672945547976], [90.48110168330572, 25.262743084177096], [90.48115396076368, 25.26280884311631], [90.48121321723309, 25.26286956757852], [90.48127886521574, 25.26292465395853], [90.48135025253471, 25.26297355633178], [90.48142666862266, 25.2630157872665]], [[90.46675639041388, 25.261621483553903], [90.46684494453794, 25.261609411980753], [90.46693172987925, 25.2615894275493], [90.46701588405506, 25.261561726858478], [90.46709656983556, 25.261526586934405], [90.46717298592351, 25.261484355481713], [90.46724437324252, 25.261435452508653], [90.46731002122517, 25.26138036545303], [90.46736927769459, 25.26131964024602], [90.46742155515253, 25.261253880500252], [90.4674663325762, 25.26118374101087], [90.46750316529943, 25.261109917194595], [90.46753168680972, 25.261033143465262], [90.46755161503599, 25.260954183485055], [90.46756275055225, 25.260873821228415], [90.46756498286574, 25.260792855295243], [90.46755829041686, 25.260712090786793], [90.46754273968098, 25.26063233036929], [90.46751848426997, 25.260554366149584], [90.46748576672903, 25.260478973988207], [90.4674449104516, 25.260406902125364], [90.46739632327282, 25.26033886711851], [90.46734048668971, 25.260275545717892], [90.46727795675942, 25.260217566742046], [90.46720935331948, 25.260165506202945], [90.46713535998782, 25.260119882430985], [90.46705671158641, 25.260081147950505], [90.46697418875115, 25.260049687854536], [90.46688861254222, 25.260025815742384], [90.46680083366425, 25.260009767220033], [90.46671172438133, 25.260001703149545], [90.46662216953403, 25.260001703149545], [90.46653306025108, 25.260009767220033], [90.4664452813731, 25.260025815742384], [90.46635970516418, 25.260049687854536], [90.46627718232891, 25.260081147950505], [90.4661985339275, 25.260119882430985], [90.46612454059586, 25.260165506202945], [90.46605593715591, 25.260217566742046], [90.46599340722561, 25.260275545717892], [90.4659375706425, 25.26033886711851], [90.46588898346373, 25.260406902125364], [90.4658481271863, 25.260478973988207], [90.46581540964536, 25.260554366149584], [90.46579115423435, 25.26063233036929], [90.46577560349846, 25.260712090786793], [90.4657689110496, 25.260792855295243], [90.46577114336307, 25.260873821228415], [90.46578227887933, 25.260954183485055], [90.46580220710561, 25.261033143465262], [90.46583072861588, 25.261109917194595], [90.46586756133914, 25.26118374101087], [90.46591233876279, 25.261253880500252], [90.46596461622077, 25.26131964024602], [90.46602387269016, 25.26138036545303], [90.46608952067281, 25.261435452508653], [90.4661609079918, 25.261484355481713], [90.46623732407977, 25.261526586934405], [90.46631800986027, 25.261561726858478], [90.46640216403608, 25.2615894275493], [90.46648894937736, 25.261609411980753], [90.46657750350144, 25.261621483553903], [90.46666694695769, 25.261625520409883], [90.46675639041388, 25.261621483553903]], [[90.45223035558855, 25.264546704177928], [90.45221480485267, 25.264466946279438], [90.45219054944168, 25.264388984522004], [90.45215783190072, 25.26431359474165], [90.45211697562327, 25.264241525154965], [90.45206838844452, 25.26417349229678], [90.4520125518614, 25.26411017289593], [90.45195002193111, 25.26405219575118], [90.45188141849118, 25.26400013685626], [90.45180742515952, 25.263954514525153], [90.45172877675807, 25.263915781267983], [90.45164625392282, 25.263884322165556], [90.45156067771391, 25.263860450807318], [90.45147289883592, 25.263844402791797], [90.451383789553, 25.26383633897598], [90.4512942347057, 25.26383633897598], [90.45120512542279, 25.263844402791797], [90.4511173465448, 25.263860450807318], [90.45103177033587, 25.263884322165556], [90.45094924750062, 25.263915781267983], [90.45087059909916, 25.263954514525153], [90.45079660576755, 25.26400013685626], [90.45072800232762, 25.26405219575118], [90.45066547239732, 25.26411017289593], [90.4506096358142, 25.26417349229678], [90.45056104863542, 25.264241525154965], [90.450520192358, 25.26431359474165], [90.45048747481702, 25.264388984522004], [90.45046321940602, 25.264466946279438], [90.45044766867017, 25.264546704177928], [90.45044097622129, 25.26462746613565], [90.45044320853478, 25.26470842951173], [90.45045434405102, 25.264788789230337], [90.4504742722773, 25.2648677467168], [90.45050279378755, 25.26494451802142], [90.45053962651085, 25.265018339506135], [90.45058440393449, 25.265088476780296], [90.45063668139245, 25.265154234449174], [90.45069593786185, 25.265214957738305], [90.4507615858445, 25.265270043054155], [90.4508329731635, 25.2653189444827], [90.45090938925146, 25.265361174601583], [90.45099007503197, 25.265396313415845], [90.45107422920779, 25.265424013231772], [90.45116101454907, 25.265443997032065], [90.45124956867315, 25.265456068223944], [90.45133901212935, 25.26546010495243], [90.45142845558554, 25.265456068223944], [90.45151700970965, 25.265443997032065], [90.45160379505094, 25.265424013231772], [90.45168794922672, 25.265396313415845], [90.45176863500726, 25.265361174601583], [90.45184505109522, 25.2653189444827], [90.45191643841419, 25.265270043054155], [90.45198208639684, 25.265214957738305], [90.45204134286625, 25.265154234449174], [90.4520936203242, 25.265088476780296], [90.45213839774786, 25.265018339506135], [90.45217523047114, 25.26494451802142], [90.45220375198143, 25.2648677467168], [90.45222368020767, 25.264788789230337], [90.45223481572394, 25.26470842951173], [90.45223704803743, 25.26462746613565], [90.45223035558855, 25.264546704177928]], [[90.47695607415217, 25.256339903377164], [90.4768682952742, 25.256355952384514], [90.47678271906527, 25.256379825218055], [90.47670019623001, 25.256411286264754], [90.47662154782856, 25.256450021915803], [90.47654755449695, 25.256495647066522], [90.476478951057, 25.25654770917893], [90.4764164211267, 25.256605689906895], [90.47636058454358, 25.256669013221124], [90.47631199736482, 25.256737050284052], [90.4762711410874, 25.256809124324967], [90.4762384235464, 25.256884518764714], [90.47621416813544, 25.256962485340562], [90.47619861739955, 25.257042248168517], [90.47619192495068, 25.257123015117752], [90.47619415726417, 25.2572039834978], [90.47620529278042, 25.25728434818306], [90.4762252210067, 25.257363310549522], [90.47625374251695, 25.257440086599086], [90.47629057524023, 25.25751391264643], [90.4763353526639, 25.257584054255513], [90.47638763012185, 25.25764981598863], [90.47644688659125, 25.257710543030854], [90.4765125345739, 25.257765631751337], [90.4765839218929, 25.25781453620232], [90.47666033798086, 25.257856768931322], [90.47674102376136, 25.25789190991737], [90.47682517793719, 25.257919611445374], [90.47691196327847, 25.257939596480817], [90.47700051740253, 25.25795166841879], [90.47708996085873, 25.25795570539676], [90.47717940431497, 25.25795166841879], [90.47726795843904, 25.257939596480817], [90.47735474378034, 25.257919611445374], [90.47743889795612, 25.25789190991737], [90.47751958373665, 25.257856768931322], [90.4775959998246, 25.25781453620232], [90.47766738714358, 25.257765631751337], [90.47773303512623, 25.257710543030854], [90.47779229159563, 25.25764981598863], [90.47784456905359, 25.257584054255513], [90.47788934647724, 25.25751391264643], [90.47792617920052, 25.257440086599086], [90.47795470071081, 25.257363310549522], [90.47797462893709, 25.25728434818306], [90.47798576445334, 25.2572039834978], [90.47798799676683, 25.257123015117752], [90.47798130431795, 25.257042248168517], [90.47796575358207, 25.256962485340562], [90.47794149817106, 25.256884518764714], [90.47790878063012, 25.256809124324967], [90.4778679243527, 25.256737050284052], [90.47781933717391, 25.256669013221124], [90.4777635005908, 25.256605689906895], [90.4777009706605, 25.25654770917893], [90.47763236722056, 25.256495647066522], [90.47755837388891, 25.256450021915803], [90.47747972548747, 25.256411286264754], [90.4773972026522, 25.256379825218055], [90.47731162644332, 25.256355952384514], [90.47722384756534, 25.256339903377164], [90.47713473828239, 25.25633183906296], [90.47704518343508, 25.25633183906296], [90.47695607415217, 25.256339903377164]], [[90.47122739451613, 25.25425306832538], [90.47113961563817, 25.25426911760848], [90.47105403942923, 25.25429299085224], [90.47097151659398, 25.254324452439505], [90.47089286819254, 25.25436318875612], [90.47081887486091, 25.25440881469078], [90.47075027142097, 25.254460877697724], [90.47068774149069, 25.254518859421925], [90.47063190490758, 25.254582183824187], [90.4705833177288, 25.254650222056146], [90.47054246145137, 25.25472229733545], [90.47050974391037, 25.254797693070667], [90.47048548849942, 25.254875660986166], [90.47046993776354, 25.254955425184647], [90.47046324531466, 25.255036193521633], [90.47046547762815, 25.255117163292933], [90.4704766131444, 25.255197529359087], [90.47049654137066, 25.255276493082338], [90.47052506288095, 25.255353270451142], [90.4705618956042, 25.255427097766983], [90.47060667302786, 25.255497240581317], [90.47065895048581, 25.25556300344442], [90.47071820695521, 25.25562373153011], [90.47078385493786, 25.255678821197147], [90.47085524225687, 25.25572772648849], [90.47093165834484, 25.255769959943176], [90.47101234412533, 25.25580510153306], [90.47109649830115, 25.25583280353703], [90.47118328364245, 25.25585278891589], [90.47127183776651, 25.2558648610613], [90.47136128122271, 25.25586889810865], [90.47145072467895, 25.2558648610613], [90.47153927880302, 25.25585278891589], [90.4716260641443, 25.25583280353703], [90.4717102183201, 25.25580510153306], [90.47179090410063, 25.255769959943176], [90.4718673201886, 25.25572772648849], [90.47193870750756, 25.255678821197147], [90.47200435549021, 25.25562373153011], [90.47206361195961, 25.25556300344442], [90.4721158894176, 25.255497240581317], [90.47216066684125, 25.255427097766983], [90.47219749956452, 25.255353270451142], [90.47222602107477, 25.255276493082338], [90.47224594930107, 25.255197529359087], [90.47225708481731, 25.255117163292933], [90.4722593171308, 25.255036193521633], [90.47225262468193, 25.254955425184647], [90.47223707394603, 25.254875660986166], [90.47221281853504, 25.254797693070667], [90.47218010099408, 25.25472229733545], [90.47213924471667, 25.254650222056146], [90.47209065753789, 25.254582183824187], [90.47203482095478, 25.254518859421925], [90.47197229102447, 25.254460877697724], [90.47190368758454, 25.25440881469078], [90.47182969425289, 25.25436318875612], [90.47175104585145, 25.254324452439505], [90.47166852301619, 25.25429299085224], [90.47158294680729, 25.25426911760848], [90.4714951679293, 25.25425306832538], [90.47140605864637, 25.25424500387264], [90.47131650379906, 25.25424500387264], [90.47122739451613, 25.25425306832538]], [[90.48205737039378, 25.25027328600711], [90.48196959151579, 25.250289335816046], [90.48188401530686, 25.250313209841966], [90.4818014924716, 25.25034467246], [90.48172284407016, 25.250383410045753], [90.48164885073854, 25.25042903747529], [90.48158024729861, 25.250481102188004], [90.4815177173683, 25.250539085811912], [90.48146188078519, 25.250602412288913], [90.48141329360641, 25.250670452750086], [90.48137243732899, 25.250742530390877], [90.48133971978801, 25.25081792859638], [90.48131546437702, 25.250895899066446], [90.48129991364115, 25.250975665878315], [90.48129322119227, 25.25105643686165], [90.48129545350577, 25.251137409285885], [90.48130658902201, 25.25121777798516], [90.48132651724829, 25.25129674429565], [90.48135503875854, 25.251373524180046], [90.48139187148183, 25.251447353914852], [90.48143664890547, 25.25151749902739], [90.48148892636343, 25.251583264045202], [90.48154818283284, 25.251643994120663], [90.48161383081549, 25.251699085592755], [90.4816852181345, 25.251747992486457], [90.48176163422247, 25.251790227324953], [90.48184232000295, 25.25182537006625], [90.48192647417878, 25.251853072977923], [90.48201325952006, 25.251873059011576], [90.48210181364414, 25.25188513155254], [90.48219125710034, 25.251889168732163], [90.48228070055657, 25.25188513155254], [90.48236925468063, 25.251873059011576], [90.48245604002193, 25.251853072977923], [90.48254019419772, 25.25182537006625], [90.48262087997824, 25.251790227324953], [90.4826972960662, 25.251747992486457], [90.48276868338519, 25.251699085592755], [90.48283433136784, 25.251643994120663], [90.48289358783724, 25.251583264045202], [90.48294586529519, 25.25151749902739], [90.48299064271885, 25.251447353914852], [90.48302747544213, 25.251373524180046], [90.48305599695242, 25.25129674429565], [90.48307592517865, 25.25121777798516], [90.48308706069494, 25.251137409285885], [90.48308929300843, 25.25105643686165], [90.48308260055956, 25.250975665878315], [90.48306704982366, 25.250895899066446], [90.48304279441267, 25.25081792859638], [90.48301007687172, 25.250742530390877], [90.48296922059426, 25.250670452750086], [90.48292063341552, 25.250602412288913], [90.4828647968324, 25.250539085811912], [90.4828022669021, 25.250481102188004], [90.48273366346217, 25.25042903747529], [90.48265967013052, 25.250383410045753], [90.48258102172906, 25.25034467246], [90.4824984988938, 25.250313209841966], [90.4824129226849, 25.250289335816046], [90.48232514380693, 25.25027328600711], [90.48223603452398, 25.250265221290118], [90.48214647967669, 25.250265221290118], [90.48205737039378, 25.25027328600711]], [[90.47785854055122, 25.247272704719744], [90.47777076167324, 25.24728875492508], [90.4776851854643, 25.247312629540623], [90.47760266262904, 25.24734409293577], [90.47752401422764, 25.247382831478273], [90.47745002089597, 25.24742846003472], [90.47738141745604, 25.247480526033353], [90.47731888752575, 25.247538511089367], [90.47726305094264, 25.247601839130446], [90.47721446376386, 25.247669881272113], [90.47717360748644, 25.247741960693123], [90.47714088994547, 25.247817360760852], [90.4771166345345, 25.24789533315668], [90.4771010837986, 25.247975101938724], [90.47709439134972, 25.24805587491702], [90.47709662366321, 25.24813684934119], [90.47710775917946, 25.24821722002551], [90.47712768740574, 25.248296188286393], [90.47715620891601, 25.248372970067187], [90.47719304163928, 25.248446801625533], [90.47723781906292, 25.248516948470606], [90.4772900965209, 25.248582715112782], [90.47734935299029, 25.24864344668824], [90.47741500097294, 25.248698539521076], [90.47748638829194, 25.248747447622755], [90.4775628043799, 25.24878968350441], [90.47764349016039, 25.24882482711374], [90.47772764433623, 25.248852530709666], [90.47781442967751, 25.248872517236965], [90.47790298380158, 25.248884590076116], [90.4779924272578, 25.248888627355466], [90.478081870714, 25.248884590076116], [90.47817042483808, 25.248872517236965], [90.47825721017936, 25.248852530709666], [90.4783413643552, 25.24882482711374], [90.47842205013569, 25.24878968350441], [90.47849846622366, 25.248747447622755], [90.47856985354265, 25.248698539521076], [90.4786355015253, 25.24864344668824], [90.47869475799472, 25.248582715112782], [90.47874703545267, 25.248516948470606], [90.47879181287631, 25.248446801625533], [90.47882864559958, 25.248372970067187], [90.47885716710985, 25.248296188286393], [90.47887709533613, 25.24821722002551], [90.47888823085238, 25.24813684934119], [90.47889046316587, 25.24805587491702], [90.47888377071699, 25.247975101938724], [90.4788682199811, 25.24789533315668], [90.47884396457012, 25.247817360760852], [90.47881124702916, 25.247741960693123], [90.47877039075173, 25.247669881272113], [90.47872180357295, 25.247601839130446], [90.47866596698984, 25.247538511089367], [90.47860343705953, 25.247480526033353], [90.47853483361962, 25.24742846003472], [90.47846084028795, 25.247382831478273], [90.47838219188655, 25.24734409293577], [90.47829966905128, 25.247312629540623], [90.47821409284235, 25.24728875492508], [90.47812631396437, 25.247272704719744], [90.47803720468143, 25.247264639803575], [90.47794764983416, 25.247264639803575], [90.47785854055122, 25.247272704719744]], [[90.48163385785645, 25.24511523931266], [90.4816449933727, 25.245195611995744], [90.48166492159898, 25.245274582220492], [90.48169344310922, 25.245351365910775], [90.48173027583252, 25.24542519930523], [90.48177505325616, 25.245495347894828], [90.48182733071411, 25.24556111617258], [90.48188658718352, 25.2456218492584], [90.48195223516618, 25.245676943461316], [90.48202362248517, 25.24572585277935], [90.48210003857314, 25.24576808971139], [90.48218072435363, 25.245803234194714], [90.48226487852946, 25.245830938479585], [90.48235166387074, 25.245850925503955], [90.48244021799482, 25.245862998643375], [90.48252966145103, 25.245867036023128], [90.48261910490722, 25.245862998643375], [90.48270765903132, 25.245850925503955], [90.4827944443726, 25.245830938479585], [90.4828785985484, 25.245803234194714], [90.48295928432893, 25.24576808971139], [90.48303570041689, 25.24572585277935], [90.48310708773586, 25.245676943461316], [90.48317273571851, 25.2456218492584], [90.48323199218792, 25.24556111617258], [90.48328426964586, 25.245495347894828], [90.48332904706953, 25.24542519930523], [90.48336587979281, 25.245351365910775], [90.48339440130309, 25.245274582220492], [90.48341432952932, 25.245195611995744], [90.48342546504561, 25.24511523931266], [90.4834276973591, 25.245034262874753], [90.48342100491023, 25.244953487887763], [90.48340545417433, 25.24487371712197], [90.48338119876335, 25.244795742787055], [90.4833484812224, 25.244720340844214], [90.48330762494494, 25.24464825963073], [90.48325903776619, 25.244580215796958], [90.48320320118307, 25.244516886181007], [90.48314067125278, 25.244458899682982], [90.48307206781286, 25.24440683238958], [90.48299807448119, 25.244361202698414], [90.48291942607975, 25.24432246319256], [90.48283690324449, 25.244290999014986], [90.48275132703559, 25.244267123805695], [90.48266354815762, 25.244251073201227], [90.48257443887466, 25.244243008084517], [90.48248488402737, 25.244243008084517], [90.48239577474446, 25.244251073201227], [90.48230799586648, 25.244267123805695], [90.48222241965755, 25.244290999014986], [90.48213989682229, 25.24432246319256], [90.48206124842083, 25.244361202698414], [90.48198725508922, 25.24440683238958], [90.4819186516493, 25.244458899682982], [90.48185612171899, 25.244516886181007], [90.48180028513588, 25.244580215796958], [90.4817516979571, 25.24464825963073], [90.48171084167967, 25.244720340844214], [90.4816781241387, 25.244795742787055], [90.48165386872769, 25.24487371712197], [90.48163831799184, 25.244953487887763], [90.48163162554296, 25.245034262874753], [90.48163385785645, 25.24511523931266]], [[90.46325553088583, 25.245070458157212], [90.46334408500992, 25.245058384939078], [90.4634308703512, 25.24503839778433], [90.46351502452703, 25.245010693318754], [90.46359571030753, 25.244975548606188], [90.46367212639548, 25.24493331139864], [90.46374351371449, 25.24488440176164], [90.46380916169714, 25.244829307199335], [90.4638684181665, 25.24476857371739], [90.4639206956245, 25.24470280501068], [90.46396547304815, 25.244632655963578], [90.4640023057714, 25.244558822087527], [90.46403082728168, 25.244482037896457], [90.46405075550796, 25.244403067156636], [90.46406189102422, 25.244322693949332], [90.46406412333769, 25.24424171698328], [90.46405743088881, 25.24416094146942], [90.46404188015293, 25.244081170183364], [90.46401762474194, 25.244003195339893], [90.46398490720098, 25.24392779290526], [90.46394405092356, 25.243855711221627], [90.46389546374479, 25.24378766694408], [90.46383962716166, 25.24372433691506], [90.46377709723137, 25.243666350038858], [90.46370849379144, 25.243614282405836], [90.46363450045979, 25.24356865241711], [90.46355585205838, 25.243529912658595], [90.4634733292231, 25.243498448275794], [90.46338775301419, 25.2434745729108], [90.4632999741362, 25.24345852220164], [90.46321086485327, 25.243450457032296], [90.46312131000599, 25.243450457032296], [90.46303220072305, 25.24345852220164], [90.46294442184507, 25.2434745729108], [90.46285884563613, 25.243498448275794], [90.46277632280088, 25.243529912658595], [90.46269767439946, 25.24356865241711], [90.46262368106781, 25.243614282405836], [90.46255507762787, 25.243666350038858], [90.46249254769758, 25.24372433691506], [90.46243671111446, 25.24378766694408], [90.4623881239357, 25.243855711221627], [90.46234726765827, 25.24392779290526], [90.46231455011731, 25.244003195339893], [90.46229029470632, 25.244081170183364], [90.46227474397043, 25.24416094146942], [90.46226805152156, 25.24424171698328], [90.46227028383504, 25.244322693949332], [90.4622814193513, 25.244403067156636], [90.46230134757757, 25.244482037896457], [90.46232986908784, 25.244558822087527], [90.4623667018111, 25.244632655963578], [90.46241147923476, 25.24470280501068], [90.46246375669271, 25.24476857371739], [90.46252301316211, 25.244829307199335], [90.46258866114476, 25.24488440176164], [90.46266004846377, 25.24493331139864], [90.46273646455172, 25.244975548606188], [90.46281715033223, 25.245010693318754], [90.46290130450805, 25.24503839778433], [90.46298808984933, 25.245058384939078], [90.46307664397341, 25.245070458157212], [90.46316608742961, 25.245074495563287], [90.46325553088583, 25.245070458157212]], [[90.46215698651478, 25.23748512805666], [90.4620692076368, 25.237501179554716], [90.46198363142787, 25.23752505609317], [90.46190110859261, 25.23755652202244], [90.46182246019117, 25.23759526368502], [90.46174846685955, 25.237640895916517], [90.46167986341962, 25.237692966108664], [90.46161733348933, 25.237750955834965], [90.4615614969062, 25.237814288976665], [90.46151290972742, 25.237882336598652], [90.46147205344997, 25.23795442182517], [90.46143933590902, 25.238029827965875], [90.46141508049803, 25.23810780664189], [90.46139952976216, 25.23818758184884], [90.46139283731328, 25.238268361332924], [90.46139506962679, 25.23834934227914], [90.46140620514304, 25.23842971943688], [90.46142613336929, 25.23850869405825], [90.46145465487955, 25.238585482023442], [90.46149148760284, 25.238659319528598], [90.4615362650265, 25.238729472023685], [90.46158854248445, 25.238795243963086], [90.46164779895385, 25.238855980430227], [90.4617134469365, 25.23891107770057], [90.46178483425551, 25.23895998974161], [90.46186125034347, 25.239002229025235], [90.46194193612396, 25.239037375465248], [90.46202609029979, 25.239065081292598], [90.46211287564108, 25.239085069429755], [90.46220142976514, 25.23909714324134], [90.46229087322135, 25.23910118084587], [90.46238031667754, 25.23909714324134], [90.46246887080166, 25.239085069429755], [90.46255565614291, 25.239065081292598], [90.46263981031873, 25.239037375465248], [90.46272049609925, 25.239002229025235], [90.46279691218722, 25.23895998974161], [90.4628682995062, 25.23891107770057], [90.46293394748885, 25.238855980430227], [90.46299320395825, 25.238795243963086], [90.4630454814162, 25.238729472023685], [90.46309025883986, 25.238659319528598], [90.46312709156314, 25.238585482023442], [90.46315561307341, 25.23850869405825], [90.46317554129966, 25.23842971943688], [90.46318667681595, 25.23834934227914], [90.4631889091294, 25.238268361332924], [90.46318221668056, 25.23818758184884], [90.46316666594467, 25.23810780664189], [90.46314241053368, 25.238029827965875], [90.46310969299273, 25.23795442182517], [90.46306883671527, 25.237882336598652], [90.46302024953653, 25.237814288976665], [90.46296441295341, 25.237750955834965], [90.46290188302311, 25.237692966108664], [90.46283327958318, 25.237640895916517], [90.46275928625153, 25.23759526368502], [90.46268063785008, 25.23755652202244], [90.46259811501481, 25.23752505609317], [90.46251253880592, 25.237501179554716], [90.46242475992791, 25.23748512805666], [90.46233565064499, 25.23747706249092], [90.4622460957977, 25.23747706249092], [90.46215698651478, 25.23748512805666]], [[90.48332050948108, 25.237477361516543], [90.48340995293728, 25.237481399174875], [90.48349939639351, 25.237477361516543], [90.48358795051757, 25.237465287544072], [90.48367473585886, 25.23744529914055], [90.48375889003466, 25.237417592943974], [90.48383957581518, 25.237382446035593], [90.48391599190315, 25.2373402061891], [90.48398737922213, 25.237291293496224], [90.48405302720478, 25.237236195491654], [90.48411228367418, 25.237175458215127], [90.48416456113213, 25.237109685399243], [90.48420933855579, 25.2370395319693], [90.48424617127907, 25.236965693480183], [90.48427469278934, 25.236888904491718], [90.48429462101562, 25.23680992881794], [90.48430575653187, 25.23672955058909], [90.48430798884537, 25.236648568563737], [90.4843012963965, 25.236567788003192], [90.4842857456606, 25.236488011733208], [90.48426149024961, 25.236410032018032], [90.48422877270866, 25.236334624872498], [90.48418791643124, 25.23626253868539], [90.48413932925246, 25.236194490156613], [90.48408349266934, 25.236131156170963], [90.48402096273904, 25.23607316567194], [90.48395235929911, 25.236021094785908], [90.48387836596746, 25.23597546194634], [90.483799717566, 25.235936719767494], [90.48371719473074, 25.235905253418938], [90.48363161852184, 25.23588137656231], [90.48354383964387, 25.23586532485036], [90.48345473036092, 25.235857259177152], [90.48336517551363, 25.235857259177152], [90.48327606623072, 25.23586532485036], [90.48318828735273, 25.23588137656231], [90.4831027111438, 25.235905253418938], [90.48302018830854, 25.235936719767494], [90.4829415399071, 25.23597546194634], [90.48286754657548, 25.236021094785908], [90.48279894313555, 25.23607316567194], [90.48273641320525, 25.236131156170963], [90.48268057662213, 25.236194490156613], [90.48263198944335, 25.23626253868539], [90.48259113316593, 25.236334624872498], [90.48255841562495, 25.236410032018032], [90.48253416021397, 25.236488011733208], [90.48251860947809, 25.236567788003192], [90.48251191702921, 25.236648568563737], [90.4825141493427, 25.23672955058909], [90.48252528485895, 25.23680992881794], [90.48254521308523, 25.236888904491718], [90.48257373459548, 25.236965693480183], [90.48261056731877, 25.2370395319693], [90.48265534474241, 25.237109685399243], [90.48270762220037, 25.237175458215127], [90.48276687866978, 25.237236195491654], [90.48283252665243, 25.237291293496224], [90.48290391397144, 25.2373402061891], [90.4829803300594, 25.237382446035593], [90.48306101583988, 25.237417592943974], [90.4831451700157, 25.23744529914055], [90.483231955357, 25.237465287544072], [90.48332050948108, 25.237477361516543]]]}}]}