{"type": "FeatureCollection", "features": [{"type": "Feature", "properties": {"premiumdata.sde.IN_Village_PCA.area": 40.30184119, "objectid": 618516, "id": "142581866250359", "name": "Tamenglong CT", "subdistrict": "Tamenglong", "district": "Tamenglong", "state": "Manipur", "country": "India", "censusname": "Tamenglong (CT)", "villagename_locallang": null, "lgd_villagename": "Tamenglong (CT)", "lgd_villagecode": null, "lgd_subdistrictcode": 1866, "lgd_districtcode": 258, "lgd_statecode": 14, "censuscode2001": "00070800", "censuscode2011": "269207", "censuscode2021": null, "level": "Town", "tru": "Urban", "no_hh": 3481, "tot_p": 19363, "tot_m": 9837, "tot_f": 9526, "per_tot_m": 50.80307804, "per_tot_f": 49.19692196, "p_06": 2683, "m_06": 1371, "f_06": 1312, "per_p_06": 13.85632392, "per_m_06": 51.09951547, "per_f_06": 48.90048453, "p_sc": 4, "m_sc": 2, "f_sc": 2, "per_p_sc": 0.02065796, "per_m_sc": 50.0, "per_f_sc": 50.0, "p_st": 18603, "m_st": 9237, "f_st": 9366, "per_p_st": 96.07498838, "per_m_st": 49.65328173, "per_f_st": 50.34671827, "p_lit": 14504, "m_lit": 7674, "f_lit": 6830, "per_p_lit": 74.90574808, "per_m_lit": 52.9095422, "per_f_lit": 47.0904578, "p_ill": 4859, "m_ill": 2163, "f_ill": 2696, "per_p_ill": 25.09425192, "per_m_ill": 44.51533237, "per_f_ill": 55.48466763, "tot_work_p": 7379, "tot_work_m": 4185, "tot_work_f": 3194, "per_tot_work_p": 38.10876414, "per_tot_work_m": 56.71500203, "per_tot_work_f": 43.28499797, "mainwork_p": 5514, "mainwork_m": 3302, "mainwork_f": 2212, "per_mainwork_p": 28.4769922, "per_mainwork_m": 59.88393181, "per_mainwork_f": 40.11606819, "main_cl_p": 1748, "main_cl_m": 796, "main_cl_f": 952, "per_main_cl_p": 31.70112441, "per_main_cl_m": 45.53775744, "per_main_cl_f": 54.46224256, "main_al_p": 68, "main_al_m": 29, "main_al_f": 39, "per_main_al_p": 1.23322452, "per_main_al_m": 42.64705882, "per_main_al_f": 57.35294118, "main_hh_p": 160, "main_hh_m": 49, "main_hh_f": 111, "per_main_hh_p": 2.90170475, "per_main_hh_m": 30.625, "per_main_hh_f": 69.375, "main_ot_p": 3538, "main_ot_m": 2428, "main_ot_f": 1110, "per_main_ot_p": 64.16394632, "per_main_ot_m": 68.62634257, "per_main_ot_f": 31.37365743, "margwork_p": 1865, "margwork_m": 883, "margwork_f": 982, "per_margwork_p": 9.63177194, "per_margwork_m": 47.3458445, "per_margwork_f": 52.6541555, "marg_cl_p": 445, "marg_cl_m": 238, "marg_cl_f": 207, "per_marg_cl_p": 23.86058981, "per_marg_cl_m": 53.48314607, "per_marg_cl_f": 46.51685393, "marg_al_p": 61, "marg_al_m": 30, "marg_al_f": 31, "per_marg_al_p": 3.27077748, "per_marg_al_m": 49.18032787, "per_marg_al_f": 50.81967213, "marg_hh_p": 167, "marg_hh_m": 79, "marg_hh_f": 88, "per_marg_hh_p": 8.95442359, "per_marg_hh_m": 47.30538922, "per_marg_hh_f": 52.69461078, "marg_ot_p": 1192, "marg_ot_m": 536, "marg_ot_f": 656, "per_marg_ot_p": 63.91420912, "per_marg_ot_m": 44.96644295, "per_marg_ot_f": 55.03355705, "margwork_3_6_p": 1689, "margwork_3_6_m": 763, "margwork_3_6_f": 926, "per_margwork_3_6_p": 90.56300268, "per_margwork_3_6_m": 45.17465956, "per_margwork_3_6_f": 54.82534044, "marg_cl_3_6_p": 433, "marg_cl_3_6_m": 228, "marg_cl_3_6_f": 205, "per_marg_cl_3_6_p": 23.21715818, "per_marg_cl_3_6_m": 52.65588915, "per_marg_cl_3_6_f": 47.34411085, "marg_al_3_6_p": 50, "marg_al_3_6_m": 25, "marg_al_3_6_f": 25, "per_marg_al_3_6_p": 2.68096515, "per_marg_al_3_6_m": 50.0, "per_marg_al_3_6_f": 50.0, "marg_hh_3_6_p": 105, "marg_hh_3_6_m": 31, "marg_hh_3_6_f": 74, "per_marg_hh_3_6_p": 5.63002681, "per_marg_hh_3_6_m": 29.52380952, "per_marg_hh_3_6_f": 70.47619048, "marg_ot_3_6_p": 1101, "marg_ot_3_6_m": 479, "marg_ot_3_6_f": 622, "per_marg_ot_3_6_p": 59.03485255, "per_marg_ot_3_6_m": 43.50590372, "per_marg_ot_3_6_f": 56.49409628, "margwork_0_3_p": 176, "margwork_0_3_m": 120, "margwork_0_3_f": 56, "per_margwork_0_3_p": 9.43699732, "per_margwork_0_3_m": 68.18181818, "per_margwork_0_3_f": 31.81818182, "marg_cl_0_3_p": 12, "marg_cl_0_3_m": 10, "marg_cl_0_3_f": 2, "per_marg_cl_0_3_p": 0.64343164, "per_marg_cl_0_3_m": 83.33333332999999, "per_marg_cl_0_3_f": 16.66666667, "marg_al_0_3_p": 11, "marg_al_0_3_m": 5, "marg_al_0_3_f": 6, "per_marg_al_0_3_p": 0.58981233, "per_marg_al_0_3_m": 45.45454545, "per_marg_al_0_3_f": 54.54545455, "marg_hh_0_3_p": 62, "marg_hh_0_3_m": 48, "marg_hh_0_3_f": 14, "per_marg_hh_0_3_p": 3.32439678, "per_marg_hh_0_3_m": 77.41935484000001, "per_marg_hh_0_3_f": 22.58064516, "marg_ot_0_3_p": 91, "marg_ot_0_3_m": 57, "marg_ot_0_3_f": 34, "per_marg_ot_0_3_p": 4.87935657, "per_marg_ot_0_3_m": 62.63736264000001, "per_marg_ot_0_3_f": 37.36263736, "non_work_p": 11984, "non_work_m": 5652, "non_work_f": 6332, "per_non_work_p": 61.89123586, "per_non_work_m": 47.16288385, "per_non_work_f": 52.83711615, "per_hc_tot_tot": 100, "per_hc_tot_god": 34.9, "per_hc_tot_liv": 54.7, "per_hc_tot_dil": 10.4, "per_hc_res_tot": 97.0, "per_hc_res_god": 33.4, "per_hc_res_liv": 53.3, "per_hc_res_dil": 10.3, "per_hc_oth_tot": 3.0, "per_hc_oth_god": 1.5, "per_hc_oth_liv": 1.4, "per_hc_oth_dil": 0.0, "per_mt_grsbam": 7.4, "per_mt_plastic": 0.2, "per_mt_h_tiles": 0.6, "per_mt_m_tiles": 0.2, "per_mt_b_brick": 0.6, "per_mt_stone": 3.3, "per_mt_asbstos": 85.5, "per_mt_concrte": 2.1, "per_mt_oth": 0.1, "per_mw_grsbam": 17.7, "per_mw_plastic": 0.9, "per_mw_mud": 34.2, "per_mw_wood": 27.4, "per_mw_no_mrtr": 0.4, "per_mw_st_mrtr": 0.3, "per_mw_asbstos": 6.3, "per_mw_b_brick": 11.9, "per_mw_concrte": 0.9, "per_mw_oth": 0.1, "per_mf_mud": 56.3, "per_mf_wood": 7.7, "per_mf_b_brick": 0.7, "per_mf_stone": 0.3, "per_mf_cement": 34.6, "per_mf_fl_tile": 0.3, "per_mf_oth": 0.1, "per_dw_n_exrm": 0.5, "per_dw_1_room": 10.0, "per_dw_2_room": 29.4, "per_dw_3_room": 27.3, "per_dw_4_room": 18.8, "per_dw_5_room": 8.4, "per_dw_6_room": 5.7, "per_hhsize_1": 0.7, "per_hhsize_2": 4.5, "per_hhsize_3": 12.2, "per_hhsize_4": 16.3, "per_hhsize_5": 18.5, "per_hhsize_6_8": 41.2, "per_hhsize_9p": 6.8, "per_ow_owned": 90.4, "per_ow_rented": 7.2, "per_ow_oth": 2.4, "per_mc_none": 10.2, "per_mcouple_1": 81.7, "per_mcouple_2": 7.2, "per_mcouple_3": 0.8, "per_mcouple_4": 0.1, "per_mcouple_5p": 0.0, "per_dw_t_ts": 11.9, "per_dw_t_unts": 22.1, "per_dw_c_well": 3.7, "per_dw_unc_wel": 14.5, "per_dw_hpump": 0.2, "per_dw_tw_bore": 0.8, "per_dw_spring": 22.2, "per_dw_rivcan": 3.1, "per_dw_tank": 21.0, "per_dw_oth": 0.5, "per_loc_dw_wp": 16.1, "per_loc_dw_np": 55.3, "per_loc_dw_aw": 28.6, "per_light_elec": 84.2, "per_light_kero": 14.7, "per_light_solr": 0.5, "per_light_oil": 0.4, "per_light_oth": 0.1, "per_light_no": 0.1, "per_hh_latrine": 96.7, "per_fl_sewer": 5.2, "per_fl_septict": 27.6, "per_fl_othsys": 7.4, "per_pl_wslab": 32.0, "per_pl_without": 21.7, "per_ns_open": 0.3, "per_sl_ns_hum": 1.1, "per_sl_ns_anml": 1.4, "per_hh_no_lat": 3.3, "per_as_pub": 0.8, "per_as_open": 2.5, "per_hh_bathrm": 38.9, "per_hh_en_wrf": 21.7, "per_hh_no_btrm": 39.3, "per_wwoc_drain": 2.6, "per_wwoc_open": 36.7, "per_wwoc_nodrn": 60.7, "per_cook_fire": 69.2, "per_cook_resdu": 1.2, "per_cook_cwdng": 0.4, "per_cook_coal": 0.2, "per_cook_kero": 0.4, "per_cook_lpng": 27.6, "per_cook_elec": 0.9, "per_cook_biogs": 0.1, "per_cook_oth": 0.1, "per_cook_no": 0.0, "per_kf_inside": 81.9, "per_kf_in_has": 79.8, "per_kf_in_does": 2.1, "per_kf_outside": 18.1, "per_kf_out_has": 18.0, "per_kf_out_dos": 0.1, "per_kf_no_cook": 0.0, "per_hh_banking": 41.7, "per_hh_radio": 50.1, "per_hh_tv": 56.1, "per_hh_cmp_int": 1.7, "per_hh_cmp_wnt": 8.0, "per_hh_ph_ll": 2.4, "per_hh_ph_mob": 51.1, "per_hh_ph_bth": 7.7, "per_hh_bcycl": 2.7, "per_hh_2wheel": 8.6, "per_hh_4wheel": 7.0, "per_hh_tvcomp": 2.9, "per_hh_no_ast": 17.5, "per_hs_perma": 19.7, "per_hs_sperma": 72.6, "per_hs_temp": 7.6, "per_hs_servc": 3.9, "per_hs_nservc": 3.7, "per_hs_unclss": 0.1, "avghhsz_cy": 5.56248205, "st_areashape": 49265968.15536952, "st_lengthshape": 29990.786078712685}, "geometry": {"type": "Polygon", "coordinates": [[[93.52900539883815, 24.976888728911348], [93.52891925130075, 24.976910604350774], [93.52883270311469, 24.976931137000765], [93.52874578482276, 24.976950342333797], [93.52865852606931, 24.976968235007924], [93.52857095649878, 24.976984832938346], [93.52848310395895, 24.977000155668858], [93.52839499719586, 24.97701422355752], [93.52830666136242, 24.977027058590917], [93.52821812161137, 24.977038682755566], [93.52812940219728, 24.977049121295206], [93.52804052557804, 24.97705839782492], [93.52795151331314, 24.977066537588293], [93.52786238606392, 24.977073566643185], [93.52777316359327, 24.977079511861856], [93.52768386207087, 24.97708439848771], [93.52759449946305, 24.977088255835802], [93.52750509104114, 24.977091109149573], [93.52741565117819, 24.97709298530106], [93.52732619245062, 24.97709391279089], [93.52723672833314, 24.977093917676694], [93.52714727050389, 24.977093027644774], [93.52705782704768, 24.977091268752744], [93.52696840874431, 24.977088667872575], [93.52687902457691, 24.977085250247516], [93.5267896808337, 24.9770810427495], [93.52670038470119, 24.977076069807488], [93.52661114336594, 24.977070357479043], [93.52652196042114, 24.97706393019315], [93.52643284125675, 24.977056811564438], [93.52634379036431, 24.97704902683618], [93.52625481043879, 24.977040597180068], [93.52616590507344, 24.977031547839374], [93.5260770760649, 24.977021899985807], [93.52598832610809, 24.977011676419682], [93.52589965520303, 24.977000897498403], [93.52581106514634, 24.976989586022366], [93.52572255683631, 24.976977761534613], [93.52563413027303, 24.976965445206915], [93.52554578545642, 24.97695265658234], [93.52545752238647, 24.976939415204054], [93.5253693392666, 24.976925739800862], [93.5252812351985, 24.97691164910159], [93.52519321018211, 24.9768971626494], [93.52510526152253, 24.97688229673014], [93.52501738742312, 24.976867070887046], [93.52492958788388, 24.976851500591675], [93.52484185931156, 24.97683560457295], [93.52475419901117, 24.976819398302442], [93.52466660608447, 24.97680289888045], [93.52457907603981, 24.976786121778616], [93.52449160887724, 24.97676908409723], [93.52440420010512, 24.976751800493606], [93.52431684613028, 24.97673428725379], [93.52422954605436, 24.976716559035133], [93.52414229448745, 24.97669863049501], [93.5240550905312, 24.976680517919462], [93.52396792879583, 24.976662235151544], [93.52388080748462, 24.97664379603436], [93.52379372300437, 24.976625216853996], [93.52370667086345, 24.97660651063921], [93.52361964836693, 24.97658769123318], [93.52353265192156, 24.976568774107612], [93.52344567793403, 24.97654977229139], [93.52335872281117, 24.976530699627634], [93.52327178295964, 24.976511571588112], [93.52318485388793, 24.976492400387414], [93.52309793290104, 24.976473200683035], [93.52301101550741, 24.97645398631814], [93.52292409901209, 24.97643477113596], [93.5228371780252, 24.97641556897965], [93.52275025075011, 24.97639639450679], [93.52266331179692, 24.976377261560547], [93.52257635757233, 24.97635818316987], [93.52248938538149, 24.976339174806643], [93.52240239073274, 24.97632025031413], [93.52231537003284, 24.976301424349824], [93.52222831968854, 24.97628271238568], [93.52214123610659, 24.976264127450573], [93.52205411569372, 24.97624568501653], [93.52196695485664, 24.976227401369655], [93.52187975000214, 24.976209290353328], [93.5217924975369, 24.976191368253705], [93.52170519386769, 24.976173651357122], [93.52161783629958, 24.97615615513545], [93.52153042123926, 24.976138896689285], [93.52144294599186, 24.976121891490564], [93.52135540696405, 24.97610515745419], [93.52126780146092, 24.97608871168075], [93.52118012588917, 24.976072572085137], [93.52109237935056, 24.97605675658228], [93.52100455915004, 24.97604128308712], [93.52091666079612, 24.97602617195746], [93.52082868518711, 24.976011441108255], [93.5207406287297, 24.975997111711674], [93.52065248962728, 24.975983203311316], [93.52056426698154, 24.97596973626496], [93.52047596079245, 24.975956732559233], [93.52038756836514, 24.97594421499484], [93.52029909059787, 24.975932203929705], [93.52021052749065, 24.975920724607604], [93.52012187814515, 24.975909799015007], [93.5200331452563, 24.975899452395662], [93.51994432882418, 24.975889709179043], [93.51985543154366, 24.975880594608874], [93.51976645521141, 24.97587213637185], [93.51967740342066, 24.975864359711693], [93.51958827976469, 24.975857293129426], [93.51949908783676, 24.97585096431165], [93.51940983482339, 24.975845402573704], [93.51932052521616, 24.97584063723081], [93.51923116709989, 24.97583669841258], [93.51914176766114, 24.975833616248547], [93.51905233588303, 24.975831423311195], [93.51896288344366, 24.975830150544326], [93.51887342022454, 24.97582983133471], [93.51878395880199, 24.975830497440466], [93.51869451444749, 24.975832183062607], [93.51860510153399, 24.97583492158777], [93.51851573712953, 24.975838745588355], [93.5184264400987, 24.97584369089384], [93.51833723020448, 24.975849790076534], [93.51824812810808, 24.975857076522963], [93.51815915806402, 24.97586558524824], [93.51807034522515, 24.975875347195885], [93.51798171654089, 24.97588639656666], [93.51789329896074, 24.975898764303917], [93.51780512482404, 24.975912480536767], [93.51771722467348, 24.975927574579888], [93.51762963264507, 24.975944074933604], [93.51754238377308, 24.975962006840962], [93.5174555148885, 24.975981395544856], [93.5173690637205, 24.9760022614024], [93.51728306979498, 24.976024626399138], [93.51719757353612, 24.97604850519182], [93.51711261536813, 24.976073914065722], [93.51702823661347, 24.976100863605947], [93.51694447949303, 24.976129361954523], [93.51686138532925, 24.976159413996264], [93.51677899724129, 24.97619102054427], [93.51669735475498, 24.9762241807831], [93.5166164991929, 24.97625888819703], [93.5165364700809, 24.976295134641664], [93.51645730424984, 24.97633290708671], [93.5163790376324, 24.97637219005897], [93.51630170526283, 24.97641296482795], [93.51622533948056, 24.976455209405902], [93.51614996903157, 24.97649889854778], [93.5160756217637, 24.976544005380045], [93.51600414820643, 24.97658820668835], [93.51593263691993, 24.9766323574939], [93.5158612478043, 24.976676671144528], [93.51579013986135, 24.97672135284474], [93.5157194711946, 24.97676660535582], [93.51564941068727, 24.976812626552974], [93.5155801353075, 24.976859614311042], [93.51551183729478, 24.976907762433058], [93.51544472954977, 24.97695726553601], [93.51537904563452, 24.977008313350726], [93.51531504695873, 24.977061089907583], [93.51525223046586, 24.97711591766776], [93.51519086924375, 24.977172083300648], [93.5151309219699, 24.977229490716798], [93.51507234732179, 24.97728804952718], [93.51501510397694, 24.977347682371597], [93.51495915600272, 24.977408315961522], [93.51490446656823, 24.977469885965824], [93.51485100423243, 24.977532335382186], [93.51479873665592, 24.97759561046553], [93.51474763778762, 24.977659665613906], [93.51469768157637, 24.97772445685404], [93.51464884736089, 24.977789946727082], [93.51460111537824, 24.977856101845745], [93.51455447125542, 24.977922891265656], [93.51450899853575, 24.977991321455587], [93.51446574645146, 24.978060925821502], [93.51442467368005, 24.978131605831685], [93.51438572991584, 24.978203270283313], [93.51434885587005, 24.97827582797372], [93.51431398416904, 24.97834919502913], [93.51428104564253, 24.978423293275878], [93.51424996303538, 24.97849804698355], [93.51422065819418, 24.978573388564616], [93.51419304937224, 24.978649254503303], [93.51416705572116, 24.97872558861254], [93.51414259369768, 24.97880233714828], [93.51411958065673, 24.978879452880943], [93.51409793395331, 24.978956893466783], [93.51407757184077, 24.979034619819277], [93.51405841526733, 24.97911259773781], [93.51404038428295, 24.979190796278914], [93.5140234016325, 24.979269186942172], [93.5140073900609, 24.97934774529856], [93.5139922750079, 24.979426449362027], [93.51397798371008, 24.979505280403707], [93.5139644443021, 24.97958421969486], [93.51395158581714, 24.979663252578053], [93.51393933728822, 24.979742366024627], [93.51392763134177, 24.979821545377284], [93.51391639970576, 24.9799007824931], [93.51390557410828, 24.97998006515768], [93.51389508807397, 24.98005938522815], [93.51388487512749, 24.980138735375878], [93.51387486699693, 24.980218105829426], [93.51386499630858, 24.98029749170307], [93.51385519568883, 24.980376883225464], [93.51384539686572, 24.98045627551085], [93.51383552797401, 24.980535661230792], [93.51382551804679, 24.98061503142817], [93.51381529342221, 24.980694379588787], [93.51380477954012, 24.980773696755705], [93.51379389645045, 24.98085297234333], [93.51378292622422, 24.980933026328145], [93.51377242042697, 24.981013131560204], [93.51376237905872, 24.981093285596593], [93.51375280481443, 24.98117348680872], [93.51374369679576, 24.981253731939308], [93.51373505590104, 24.981334020174074], [93.5137268848252, 24.981414348255818], [93.5137191844666, 24.981494714555897], [93.51371195572352, 24.981575117445686], [93.5137052012909, 24.981655553668062], [93.51369892296536, 24.981736020780133], [93.51369312254356, 24.981816517967555], [93.51368780182216, 24.98189704278745], [93.51368296349602, 24.981977591982726], [93.5136786111585, 24.98205816392475], [93.51367474660614, 24.982138756170723], [93.51367137343225, 24.98221936709202], [93.51366849433174, 24.982299993431564], [93.51366611199961, 24.982380632746526], [93.5136642309274, 24.982461282594034], [93.5136628547084, 24.98254194134561], [93.51366198693583, 24.982622605744105], [93.51366163120298, 24.98270327334674], [93.5136617911031, 24.982783941710725], [93.5136624729244, 24.98286460676476], [93.51366368026012, 24.982945267694554], [93.51366541670359, 24.983025920428823], [93.51366768944123, 24.9831065617105], [93.51367050116808, 24.983187189096867], [93.51367385907064, 24.98326779933087], [93.51367776764044, 24.983348389155537], [93.51368223316571, 24.98342895531385], [93.51368726013803, 24.983509494548805], [93.51369285664225, 24.98359000197489], [93.51369902806825, 24.983670475149456], [93.51370577980593, 24.983750910001227], [93.51371312083845, 24.983831302458977], [93.51372105655564, 24.98391164845158], [93.51372959414412, 24.98399194390778], [93.51373874168867, 24.984072183942143], [93.51374850547748, 24.984152363669306], [93.51375889539204, 24.984232479832283], [93.51376991861889, 24.984312525102975], [93.51378158234454, 24.984392496224505], [93.51379389645045, 24.984472387497213], [93.51380738016289, 24.984552464367606], [93.51382241167252, 24.984632314823763], [93.51383894336871, 24.98471192095265], [93.51385692674236, 24.98479126809824], [93.51387631418285, 24.984870343232984], [93.51389705448611, 24.98494913658645], [93.51391909644826, 24.985027637573904], [93.51394239066188, 24.985105842124693], [93.51396688502474, 24.985183744539615], [93.51399252833282, 24.985261342376493], [93.51401927207714, 24.98533863482173], [93.5140470641554, 24.985415621875802], [93.51407585516029, 24.98549230761059], [93.51410559748102, 24.985568694469336], [93.5141362426086, 24.985644787338106], [93.51416774293239, 24.985720592731397], [93.51420005173989, 24.985796117977934], [93.51423312501369, 24.985871371220686], [93.51426691604141, 24.98594636141682], [93.51430138260224, 24.986021099151937], [93.51433648157702, 24.986095594197447], [93.51437217074495, 24.986169858767425], [93.5144084087835, 24.986243904261645], [93.51444515706517, 24.98631774289408], [93.51448237516567, 24.98639138850725], [93.51452002355923, 24.98646485331507], [93.51455806631321, 24.986538151974152], [93.51459646480004, 24.986611297512653], [93.51463518218878, 24.986684304587108], [93.51467418344517, 24.986757187854053], [93.51471343263654, 24.986829961155777], [93.51475289383033, 24.986902640777167], [93.51479253378889, 24.986975239746148], [93.51483231657954, 24.987047775161898], [93.5148722080664, 24.987120260866483], [93.51491217591001, 24.98719271233046], [93.51495218417782, 24.987265145024335], [93.51499220053046, 24.987337574418586], [93.51503219083196, 24.987410015169463], [93.51507212184464, 24.9874824835616], [93.51511195853422, 24.987554994251095], [93.51515166766305, 24.987627561894058], [93.5151912141968, 24.98770020277503], [93.51523056399954, 24.987772930735808], [93.51526968203687, 24.987845762060875], [93.51530853327462, 24.987918709777706], [93.51534708178008, 24.9879917901707], [93.51538528982407, 24.988065016267246], [93.51542312237227, 24.988138402723273], [93.51546054169542, 24.988211963380316], [93.51549750736935, 24.988285712079957], [93.51553398256317, 24.988359660221015], [93.51556992685262, 24.98843382245925], [93.51560529981356, 24.98850821019341], [93.51564005832685, 24.988582834822274], [93.51567416196829, 24.98865770693029], [93.51570756672047, 24.9887328379162], [93.51574022856586, 24.988808236736006], [93.51577210258877, 24.988883911531406], [93.51580314207678, 24.988959871258366], [93.51583330121582, 24.989036120801718], [93.51586253059853, 24.989112667488886], [93.51589078351253, 24.989189515390446], [93.51591800965217, 24.98926666694847], [93.51594415961007, 24.989344122976668], [93.51596918308066, 24.989421884288625], [93.51599302885987, 24.989499949255325], [93.51601564664209, 24.9895783129909], [93.51603698522335, 24.989656971423674], [93.51605699339966, 24.989735916410886], [93.5160756217637, 24.989815138181417], [93.51609311375891, 24.98989404561307], [93.51610998232331, 24.98997306454177], [93.51612623554176, 24.990052189267747], [93.51614187970245, 24.99013141409129], [93.5161569237885, 24.99021073494115], [93.5161713767831, 24.990290146117644], [93.51618524497447, 24.990369641921077], [93.51619853734572, 24.990449219094433], [93.51621126198171, 24.99052887275232], [93.5162234269673, 24.990608598009235], [93.5162350403873, 24.99068839079405], [93.51624610942821, 24.990768246221336], [93.51625664397156, 24.99084816184833], [93.51626665120382, 24.990928132789662], [93.51627613831155, 24.991008155788418], [93.51628511517617, 24.99108822758758], [93.51629358808593, 24.99116834411609], [93.51630156602396, 24.991248502117], [93.5163090570751, 24.991328698333405], [93.51631606842592, 24.991408930322567], [93.51632260816119, 24.991489195641854], [93.5163286852641, 24.991569490220108], [93.5163343060228, 24.99164981242892], [93.51633947852223, 24.991730159011418], [93.51634421174546, 24.991810527524883], [93.51634851198072, 24.99189091634087], [93.51635238731285, 24.991971323016806], [93.51635584492837, 24.99205174510996], [93.51635889291212, 24.992132180177755], [93.51636153845064, 24.99221262740594], [93.51636378962877, 24.99229308435189], [93.51636565273465, 24.992373549387175], [93.51636713585319, 24.992454021697572], [93.51636824617087, 24.99253449802628], [93.51636899087427, 24.992614977559107], [93.51636937625152, 24.992695459481816], [93.51636941038747, 24.99277594216605], [93.51636909957041, 24.992856423983376], [93.51636845188507, 24.992936904933813], [93.51636747272143, 24.99301738257477], [93.51636617016425, 24.99309785609203], [93.5163645505018, 24.993178324671423], [93.51636262092057, 24.993258788313], [93.51636038770876, 24.993339245388324], [93.51635785805294, 24.993419694269065], [93.51635503734295, 24.99350013658357], [93.51635193366364, 24.993580569075128], [93.5163485524049, 24.99366099255793], [93.51634490075327, 24.99374140703201], [93.51634098499694, 24.9938218100548], [93.51633681052584, 24.993902203254713], [93.51633238542473, 24.993982585003383], [93.51632771418527, 24.99406295530081], [93.51632280489223, 24.994143314147017], [93.51631766203724, 24.994223660727897], [93.5163122937051, 24.994303995043417], [93.5163067034891, 24.99438431709361], [93.51630090037234, 24.994464626878525], [93.51629488794813, 24.994544923583973], [93.51628867430135, 24.994625208024168], [93.51628226392346, 24.994705479384983], [93.51627566310275, 24.99478573766639], [93.51626887902573, 24.99486598368261], [93.51626191618396, 24.99494621743372], [93.51625478176399, 24.99502643810549], [93.51624748025735, 24.99510664651215], [93.51624001885058, 24.995186843467945], [93.51623240293362, 24.995267027344486], [93.51622463789629, 24.995347200584334], [93.51621673092517, 24.995427361559216], [93.51620868741011, 24.995507511897483], [93.5162005118427, 24.995587650784913], [93.51619221230779, 24.99566777903579], [93.51618379329696, 24.995747897464277], [93.51617526020006, 24.99582800525626], [93.51616662020368, 24.99590810404004], [93.51615787959595, 24.99598819381566], [93.51614904197021, 24.99606827458316], [93.51614011541122, 24.996148347970895], [93.51613110530893, 24.996228412350522], [93.51612201705319, 24.99630847016461], [93.51611285783055, 24.996388521413152], [93.5161036321326, 24.99646856609615], [93.5160943471458, 24.996548605027794], [93.5160850082601, 24.996628639022273], [93.5160756217637, 24.996708668079616], [93.51606613555433, 24.996789279217396], [93.516056626887, 24.996869888673956], [93.51604709037196, 24.996950494820936], [93.51603752061925, 24.997031098472554], [93.51602791044232, 24.9971116971863], [93.51601825534966, 24.997192291776326], [93.51600854995131, 24.997272881428465], [93.51599878885746, 24.997353465328597], [93.5159889648815, 24.997434043476723], [93.51597907443022, 24.997514614244498], [93.51596911031707, 24.997595177631972], [93.51595906894886, 24.997675732824952], [93.51594894313898, 24.9977562798235], [93.5159387283959, 24.99783681781342], [93.515928420228, 24.997917345166417], [93.51591801144879, 24.99799786188254], [93.5159074966684, 24.998078367961774], [93.51589687229352, 24.998158861775835], [93.51588613113766, 24.998239342510594], [93.51587526960756, 24.99831981016607], [93.51586428141503, 24.998400263928083], [93.5158531602718, 24.998480702168376], [93.51584190258468, 24.998561124887004], [93.51583050206537, 24.998641531269794], [93.51581895332409, 24.99872191968852], [93.5158072509709, 24.99880229014313], [93.51579539051419, 24.998882641819563], [93.51578336566581, 24.998962973089537], [93.51577117193415, 24.99904328313891], [93.51575880303098, 24.999123571153618], [93.51574625446479, 24.999203836319488], [93.5157335199473, 24.999284077822438], [93.51572059498699, 24.99936429403419], [93.51570747419396, 24.999444483326528], [93.51569415128002, 24.999524645699452], [93.51568062085519, 24.999604780338895], [93.51566687842795, 24.999684883988287], [93.51565291860847, 24.999764957461846], [93.51563873421013, 24.999844998317187], [93.51562432163969, 24.999925004926038], [93.515609674609, 25.0000049772885], [93.51559478862643, 25.00008491296219], [93.51557965650545, 25.000164811133], [93.51556427285622, 25.00024466935859], [93.51554863318711, 25.000324486824905], [93.51553273210827, 25.000404261903657], [93.51551656243315, 25.000483992152542], [93.51550011967021, 25.000563676757494], [93.51548339842951, 25.000643314090304], [93.51546639242285, 25.000722900894534], [93.51544909536207, 25.00080243717017], [93.51543150275555, 25.000881918846684], [93.51541360831506, 25.00096134592413], [93.51539540665078, 25.00104071596021], [93.51537689147447, 25.001120025698448], [93.51535805739623, 25.00119927351071], [93.51533889812782, 25.001278457768773], [93.51531940827944, 25.001357575216257], [93.5152995815628, 25.001436624224976], [93.51527941348637, 25.001515602352665], [93.51525889596526, 25.001594506342858], [93.51523802450797, 25.001673333753295], [93.51521679282622, 25.001752082141746], [93.51519519553015, 25.001830749065913], [93.51517322633157, 25.00190933045528], [93.51515087804394, 25.001987824681713], [93.515128147074, 25.00206622848887], [93.5151050253369, 25.00214453862036], [93.51508150834105, 25.00222275100568], [93.51505758889999, 25.002300864016757], [93.51503326162377, 25.002378872768997], [93.51500852112255, 25.002456774820104], [93.51498336020974, 25.002534566099744], [93.5149577743938, 25.002612243351496], [93.51493175558996, 25.0026898033191], [93.51490530020482, 25.00276724030383], [93.51487840015365, 25.00284455267767], [93.51485105094481, 25.002921734741943], [93.51482324629012, 25.00299878324035], [93.51479497990141, 25.00307569328837], [93.51476624638873, 25.003152460815624], [93.5147370394639, 25.003229081751734], [93.51470735373701, 25.00330555121221], [93.51467718381821, 25.003381865126695], [93.51464652252093, 25.003458017796582], [93.51461536625195, 25.003534005151547], [93.5145837078247, 25.00360982149302], [93.5145515418493, 25.003685462750656], [93.51451886383421, 25.0037609224118], [93.51448566659288, 25.003836197220267], [93.51445194653206, 25.003911279849312], [93.51441769736356, 25.00398616541451], [93.51438291459574, 25.004060849031536], [93.51434759283877, 25.004135324187715], [93.51431172670272, 25.004209585998726], [93.51427531169605, 25.004283627137838], [93.51423834242887, 25.004357442720742], [93.51420081530786, 25.004431027048987], [93.51416272494319, 25.0045043727959], [93.51412406774158, 25.004577474263108], [93.51408483831312, 25.004650324938048], [93.51404503306458, 25.004722919122383], [93.51400464750434, 25.00479524948944], [93.51396367893747, 25.00486730952675], [93.51392212287244, 25.00493909272192], [93.51387997571592, 25.005010592562424], [93.51383723477302, 25.005081802535862], [93.51379389645045, 25.005152714501534], [93.51375224696064, 25.005220194929354], [93.51371049506287, 25.005287624030807], [93.51366856619697, 25.005354962728557], [93.51362638759943, 25.00542217357344], [93.51358388740505, 25.005489216674125], [93.51354099195191, 25.00555605295343], [93.51349762847649, 25.00562264089196], [93.51345372511362, 25.005688937342118], [93.51340920550646, 25.00575489590003], [93.51336399689147, 25.00582046771953], [93.51331802201355, 25.005885600698143], [93.51327120451589, 25.005950237848776], [93.51322346534674, 25.006014319742164], [93.51317257758252, 25.006080414081737], [93.51312047260107, 25.006145725212466], [93.51306718184351, 25.00621024580863], [93.51301273764906, 25.006273970986875], [93.51295717235716, 25.006336895863743], [93.51290051830715, 25.00639901799814], [93.51284280873668, 25.006460337391314], [93.51278407778172, 25.006520854044453], [93.51272435688331, 25.00658057121515], [93.51266367927913, 25.006639490532827], [93.51260207910514, 25.006697618511467], [93.51253958780242, 25.006754959222658], [93.51247623681193, 25.006811519994514], [93.51241205847307, 25.006867309783278], [93.51234708243028, 25.006922335916865], [93.51228134012455, 25.006976609793817], [93.51221486030191, 25.00703014037024], [93.51214767260687, 25.00708293985869], [93.51207980398885, 25.007135019657497], [93.5120112822956, 25.007186391979143], [93.51194213357829, 25.00723706985016], [93.51187238478639, 25.00728706711111], [93.51180205927605, 25.007336397602586], [93.51173118220012, 25.00738507435096], [93.5116597760165, 25.007433112824973], [93.51158786497969, 25.007480527679178], [93.51151546885265, 25.007527333568063], [93.5114426100932, 25.0075735451462], [93.51136930756601, 25.00761917788206], [93.51129558193233, 25.00766424643015], [93.51122145205679, 25.007708767073026], [93.51114693590566, 25.00775275527917], [93.51107205054691, 25.00779622488885], [93.5109968130486, 25.00783919299868], [93.51092124047872, 25.007881674262926], [93.51084534721025, 25.007923684149908], [93.51076914851458, 25.007965238128044], [93.51069265966309, 25.00800635166561], [93.51061589502879, 25.008047039416777], [93.51053886628982, 25.008087317663904], [93.51046158781918, 25.008127199432924], [93.5103840721933, 25.00816670182025], [93.51030633198862, 25.008205839479988], [93.5102283779849, 25.008244627066187], [93.51015022186023, 25.00828307923292], [93.51007187529274, 25.008321210634154], [93.50999334816387, 25.00835903673805], [93.50991465125338, 25.008396571384438], [93.50983579444281, 25.008433830041426], [93.50975678761355, 25.008470827362935], [93.50967764064715, 25.008507577188766], [93.50959836342501, 25.008544094986988], [93.50951896403198, 25.00858039378327], [93.50943945145123, 25.008616489859637], [93.50935983466593, 25.008652397055876], [93.5092801226592, 25.008688130025806], [93.50920032441417, 25.00872370260913], [93.50912044621914, 25.008759130273816], [93.50904049885379, 25.00879442767354], [93.50896048860638, 25.008829608648025], [93.50888042446005, 25.0088646894792], [93.50880031539795, 25.008899684006675], [93.50872016770832, 25.00893460688419], [93.50863999037425, 25.008969474393613], [93.50855979148064, 25.009004301188618], [93.5084795800106, 25.009039102736942], [93.50839936315067, 25.009073895320427], [93.5083191489857, 25.009108693592648], [93.50823894739712, 25.00914351383547], [93.5081587655715, 25.009178372330606], [93.50807861339028, 25.009213286988], [93.5079984989383, 25.009248272461175], [93.507918432097, 25.00928334747416], [93.5078384218496, 25.00931852830859], [93.50775847897582, 25.00935383368845], [93.50767861245888, 25.00938928152354], [93.50759883307849, 25.009424889723654], [93.50751915161447, 25.009460678640878], [93.50743905872207, 25.00949650418159], [93.50735873226769, 25.009531899873927], [93.50727817853954, 25.009566866532374], [93.50719740023253, 25.009601407413605], [93.50711640363494, 25.009635523332108], [93.50703519144167, 25.009669216730448], [93.50695376814433, 25.009702490051264], [93.50687213913278, 25.009735344923044], [93.50679030710195, 25.009767784602488], [93.5067082774418, 25.0097998107181], [93.50662605464383, 25.009831425712424], [93.50654364140306, 25.00986263284215], [93.50646104221097, 25.009893433735748], [93.50637826245755, 25.009923832463926], [93.5062953039394, 25.00995382984113], [93.50621217204638, 25.009983429937996], [93.50612887037175, 25.010012635197093], [93.50604540340711, 25.010041448875047], [93.50596177294914, 25.01006987341435], [93.50587798438764, 25.010097911257578], [93.5057940413159, 25.010125567289453], [93.5057099473272, 25.010152842324334], [93.5056257051165, 25.01017974124696], [93.50554131827704, 25.010206266499832], [93.50545679130035, 25.010232420525444], [93.50537212688148, 25.0102582073944], [93.5052873286136, 25.01028363117741], [93.50520240009001, 25.01030869350283], [93.50511734400564, 25.01033339844127], [93.50503216305546, 25.01035774924929], [93.50494686173101, 25.01038174918345], [93.50486144182895, 25.010405401500254], [93.50477590694256, 25.01042871027032], [93.50469025976672, 25.010451678750126], [93.50460450389478, 25.010474309382158], [93.50451864112327, 25.01049660705106], [93.50443267504554, 25.010518574199274], [93.5043466083565, 25.01054021408328], [93.50426044285274, 25.010561531587733], [93.50417418212758, 25.010582529155048], [93.50408782887597, 25.010603210041694], [93.50400138489447, 25.010623579132307], [93.50391485287811, 25.01064363886935], [93.50382823552177, 25.01066339250921], [93.50374153462215, 25.010682844936536], [93.50365475287411, 25.010701998593696], [93.50356789297267, 25.01072085673715], [93.5034809558161, 25.010739424251547], [93.50339394499768, 25.010757703579227], [93.503306862314, 25.01077569879072], [93.5032197086635, 25.010793413142427], [93.50313248763928, 25.010810850704924], [93.50304520103806, 25.010828013920523], [93.50295784975815, 25.01084490767382], [93.50287043559618, 25.01086153440713], [93.50278296214539, 25.010877898190998], [93.50269542940579, 25.010894002281837], [93.50260784007233, 25.010909850750124], [93.50252019504332, 25.01092544603818], [93.50243249701371, 25.01094079303061], [93.5023447468818, 25.010955894169673], [93.50225694644423, 25.010970753525896], [93.50216909749768, 25.010985374355673], [93.5020812009404, 25.010999759915364], [93.501993258569, 25.011013913461394], [93.5019052721802, 25.011027839064226], [93.50181724267223, 25.011041539980226], [93.5017291718418, 25.01105501946579], [93.50164106058712, 25.011068281591395], [93.5015529098066, 25.0110813287993], [93.5014647221952, 25.011094164345884], [93.50137649775282, 25.01110679230166], [93.50128823737782, 25.011119216736983], [93.50119994376519, 25.01113143928011], [93.50111161601654, 25.011143464001503], [93.50102325682691, 25.01115529497161], [93.50093486709451, 25.01116693463266], [93.50084644681944, 25.011178386241035], [93.50075799869654, 25.01118965386715], [93.5006695218276, 25.01120073995332], [93.50058101800916, 25.011211647755903], [93.50049248903791, 25.011222381345267], [93.50040393401551, 25.011232943163755], [93.50031535563691, 25.011243337281744], [93.50022675300383, 25.011253566141534], [93.50013812791285, 25.011263633813485], [93.50004948126227, 25.011273541925874], [93.49996081395047, 25.011283295363093], [93.49987212597743, 25.011292895753435], [93.49978341913975, 25.011302347981324], [93.49969469253914, 25.011311653674916], [93.49960594887054, 25.011320816904707], [93.49951718723564, 25.011329840112868], [93.49942840853272, 25.011338727369846], [93.49933961455845, 25.01134748030386], [93.49925080441454, 25.0113561037993], [93.49916197899924, 25.011364599484402], [93.4990731401092, 25.01137297142955], [93.49898428684617, 25.01138122126292], [93.49889542010837, 25.011389353869014], [93.49880654169247, 25.011397371690013], [93.49871764980182, 25.011405277168222], [93.4986287471314, 25.01141307355993], [93.4985398327829, 25.011420764121457], [93.49845090765463, 25.01142835129507], [93.49836197264486, 25.011435839151158], [93.4982730268553, 25.01144323013191], [93.49818407208264, 25.011450526679617], [93.4980951083268, 25.011457732864663], [93.4980061364861, 25.011464850315196], [93.49791715566226, 25.011471883101628], [93.49782816765189, 25.01147883448025], [93.49773917155669, 25.011485706079185], [93.497650168275, 25.0114925019689], [93.49756115870507, 25.011499224591557], [93.49747214284692, 25.011505877203515], [93.49738312070059, 25.01151246224695], [93.49729409226605, 25.011518982978227], [93.49720505933993, 25.011525442653642], [93.49711602012559, 25.01153184371539], [93.49702697731799, 25.0115381894198], [93.4969379291205, 25.01154448220908], [93.49684887643144, 25.011550725339546], [93.49675982014911, 25.01155692206755], [93.49667076027353, 25.011563074835227], [93.4965816968047, 25.011569186898953], [93.49649263064089, 25.011575260700884], [93.49640356178217, 25.011581300311473], [93.49631448933017, 25.011587307358816], [93.49622541508155, 25.011593285099206], [93.49613633813797, 25.011599236788985], [93.4960472602961, 25.011605164870343], [93.49595817975924, 25.011611073413658], [93.49586909832408, 25.01161696404709], [93.4957800159906, 25.011622840841], [93.49569093186051, 25.011628705423515], [93.49560184773043, 25.011634561865055], [93.49551276360035, 25.011640412607765], [93.49542367857194, 25.011646260907977], [93.49533459354352, 25.011652109207922], [93.4952455085151, 25.011657961577946], [93.495156424385, 25.0116638196462], [93.49506734115323, 25.01166968748308], [93.49497825881977, 25.01167556753075], [93.49488917828293, 25.01168146304551], [93.49480009864443, 25.011687376469585], [93.49471102080251, 25.011693311873334], [93.49462194475726, 25.01169927169902], [93.49453287050864, 25.011705258388766], [93.49444379985327, 25.011711276827075], [93.49435473099456, 25.011717327827956], [93.49426566572907, 25.011723416275895], [93.49417660405688, 25.011729543798975], [93.49408754597789, 25.011735714467626], [93.4939984914922, 25.01174193153808], [93.49390944059977, 25.011748197452537], [93.49382039509725, 25.011754515467317], [93.49373135408628, 25.011760889652756], [93.49364231846519, 25.011767322451032], [93.4935532873357, 25.011773817118474], [93.49346426339274, 25.011780376097256], [93.49337524483967, 25.011787004271802], [93.49328623257477, 25.011793704084326], [93.49319722839476, 25.01180047797704], [93.49310823050293, 25.011807330834355], [93.49301924069592, 25.011814264284407], [93.49293025807546, 25.011821283211585], [93.49284128533648, 25.01182839005811], [93.4927523206823, 25.01183558808026], [93.49266336590964, 25.011842881348382], [93.49257442012005, 25.011850273118743], [93.49248548600865, 25.011857766647577], [93.49239656177866, 25.011865365191177], [93.49230764922677, 25.011873072005848], [93.49221825068634, 25.01188089686034], [93.49212885663745, 25.011888757533477], [93.49203946618185, 25.011896654025296], [93.4919500793195, 25.01190458389347], [93.4918606951521, 25.011912545509933], [93.4917713154763, 25.011920537246503], [93.4916819375971, 25.01192855747508], [93.49159256420945, 25.01193660538149], [93.4915031926185, 25.01194467770955], [93.49141382372245, 25.01195277445918], [93.49132445752134, 25.01196089318817], [93.49123509311688, 25.011969033082508], [93.49114573140736, 25.01197719169992], [93.49105637149448, 25.011985367412265], [93.49096701337821, 25.011993560219558], [93.49087765705859, 25.01200176686549], [93.49078830163728, 25.01200998572196], [93.4906989480126, 25.01201821678891], [93.49060959528623, 25.012026457624152], [93.49052024345819, 25.01203470659957], [93.49043089163014, 25.012042962086984], [93.4903415415987, 25.012051223272344], [93.49025219156731, 25.012059487713426], [93.49016284153586, 25.012067754596128], [93.49007349240277, 25.01207602147832], [93.48998414237137, 25.01208428835992], [93.48989479233994, 25.012092551984715], [93.4898054414102, 25.01210081235265], [93.48971609048047, 25.012109067835635], [93.4896267386524, 25.012117315177328], [93.48953738592604, 25.012125555191876], [93.48944803140306, 25.012133784622936], [93.48935867598175, 25.012142003470576], [93.48926931966213, 25.01215020847845], [93.48917996154586, 25.012158399646612], [93.48909060163295, 25.012166575346882], [93.48900123902513, 25.01217473313712], [93.488911875519, 25.012182872203166], [93.48882250931788, 25.01219099091699], [93.48873314042184, 25.012199087650362], [93.48864376883088, 25.01220716158931], [93.48855439454492, 25.0122152111056], [93.48846501756405, 25.012223233757126], [93.48837563788824, 25.01223122872978], [93.48828625461914, 25.012239195209464], [93.48819686865514, 25.012247129939958], [93.48810747909782, 25.01225503373531], [93.48801808504896, 25.012262903339266], [93.48792868830515, 25.012270737937758], [93.48783928706975, 25.012278535902684], [93.48774988224109, 25.012286295605854], [93.48766047292088, 25.012294016233266], [93.48757105910904, 25.012301696156726], [93.48748164080567, 25.012309333748163], [93.48739221890904, 25.012316926565365], [93.48730279162253, 25.0123244746083], [93.48721335894608, 25.012331976248895], [93.48712392267639, 25.01233942904493], [93.4870344801185, 25.012346832182345], [93.48694503306903, 25.012354184033004], [93.48685558062967, 25.0123614829688], [93.4867661228004, 25.012368728175662], [93.48667665958128, 25.012375917211397], [93.48658719097222, 25.012383049261935], [93.48649771697329, 25.01239012269919], [93.48640823668617, 25.01239713589497], [93.48631875011081, 25.012404087221213], [93.48622925814557, 25.012410975863826], [93.48613975989215, 25.012417800194683], [93.48605025624882, 25.0124245577716], [93.48596074541896, 25.012431248594623], [93.4858712291992, 25.012437869407435], [93.48578170579293, 25.01244442021009], [93.48569217699678, 25.012450899374418], [93.4856026410141, 25.01245730445827], [93.48551309874318, 25.01246363383351], [93.4854235501841, 25.012469887500135], [93.48533399443849, 25.012476063015978], [93.48524443240464, 25.01248215875291], [93.48515486408262, 25.012488173896852], [93.48506528857408, 25.012494106005633], [93.48497570677729, 25.012499954265184], [93.48488611779403, 25.012505717047443], [93.48479652162423, 25.012511391910138], [93.4847069191662, 25.012516978853306], [93.48461731041998, 25.01252247543478], [93.48452769448723, 25.012527880026443], [93.48443807136799, 25.0125331918142], [93.48434844196048, 25.012538408355887], [93.48425880536651, 25.012543528837455], [93.48416916248428, 25.012548550816675], [93.48407951241559, 25.012553474293615], [93.48398985605864, 25.012558296012006], [93.48390019251518, 25.012563015157763], [93.48381052358185, 25.01256763091684], [93.48372084656367, 25.012572140033004], [93.48363116415558, 25.012576542506274], [93.48354147456098, 25.012580835894408], [93.48345177957648, 25.01258501938341], [93.48336207740549, 25.01258909053106], [93.48327236984457, 25.0125930485233], [93.48318265509715, 25.01259689091795], [93.48309293495984, 25.012600616900944], [93.48300320943264, 25.012604224030117], [93.48291347761723, 25.01260771149138], [93.48282374041192, 25.01261107765663], [93.48273399691841, 25.012614320897754], [93.4826442489333, 25.01261743877252], [93.48255449466001, 25.012620430466917], [93.48246473679345, 25.012623294352842], [93.4823749726387, 25.01262602880207], [93.48228520489067, 25.01262863218657], [93.48219543175274, 25.012631102064145], [93.48210565412326, 25.012633437620686], [93.48201587290049, 25.012635637228083], [93.48192608718615, 25.012637699258246], [93.48183629787857, 25.012639621268953], [93.48174650587603, 25.012641402446164], [93.48165670938191, 25.01264304116171], [93.48156691019287, 25.012644534973465], [93.48147710830885, 25.01264588306729], [93.48138730372987, 25.012647083001045], [93.48129749735429, 25.01264813396067], [93.48120768828377, 25.01264903350395], [93.48111787741664, 25.01264978000274], [93.48102806565116, 25.012650372643], [93.48093825298734, 25.01265080898251], [93.48084843942523, 25.01265108739319], [93.4807586249648, 25.01265120624688], [93.48066881050441, 25.01265116310137], [93.4805789969423, 25.012650957956648], [93.48048918338017, 25.012650587556504], [93.4803993716147, 25.012650051086823], [93.4803095598492, 25.01264934610539], [93.4802197507787, 25.012648471798173], [93.4801299444031, 25.01264742490889], [93.48004013982417, 25.012646205437562], [93.47995033883846, 25.012644810941925], [93.47986054144604, 25.01264323979389], [93.4797707485452, 25.01264148955125], [93.47968095923758, 25.012639559399926], [93.4795911753199, 25.012637446897667], [93.47950139679207, 25.012635150416404], [93.47941162455247, 25.012632669141997], [93.47932185860108, 25.012629999818202], [93.4792320989379, 25.012627141630915], [93.47914234825787, 25.01262409295203], [93.47905260476433, 25.0126208513393], [93.4789628711523, 25.012617415978667], [93.47887314652341, 25.012613783613812], [93.478783431776, 25.01260995424478], [93.47869372691002, 25.01260592461521], [93.47860403462047, 25.012601693097], [93.47851435311071, 25.012597258876056], [93.47842468507571, 25.01259262032423], [93.4783350305154, 25.0125877741852], [93.47824538942983, 25.012582719644886], [93.47815576361562, 25.012577454261063], [93.47806615307276, 25.012571977219647], [93.47797655869958, 25.012566286078428], [93.47788698049608, 25.012560380023274], [93.47779742115719, 25.012554255797884], [93.4777078797846, 25.012547912588186], [93.477618358175, 25.01254134795191], [93.47752885722657, 25.01253456107499], [93.47743937693947, 25.01252754870114], [93.47734991821189, 25.01252031083025], [93.47726048284052, 25.01251284420602], [93.47717107082532, 25.012505148014405], [93.47708168396301, 25.0124972206272], [93.47699232225348, 25.012489058788066], [93.47690298749343, 25.01248066249699], [93.47681367968282, 25.0124720293117], [93.4767244006183, 25.012463156789924], [93.4766351511982, 25.012454044117593], [93.4765459323208, 25.012444688852423], [93.47645674488444, 25.012435090180244], [93.47636758978746, 25.01242524565891], [93.47627846882645, 25.012415153660132], [93.4761893820014, 25.012404811741646], [93.47610033200726, 25.01239421990347], [93.47601131884409, 25.01238337488916], [93.47592234341012, 25.012372275884644], [93.47583340750205, 25.012360920447666], [93.47574451201817, 25.01234930694996], [93.4756556587551, 25.01233743457743], [93.47556684771287, 25.012325300887778], [93.47547808158637, 25.01231290506686], [93.47538936037564, 25.012300243858338], [93.47530068677565, 25.01228731726208], [93.47521205988802, 25.01227412202177], [93.47512348330605, 25.012260658137347], [93.47503495702976, 25.012246923166437], [93.47494648285576, 25.012232915480876], [93.47485806258065, 25.0122186334524], [93.47476969620448, 25.01220407545279], [93.47468138642215, 25.01218924066789], [93.47459313503033, 25.012174126655353], [93.47450494202899, 25.012158731786975], [93.47441680921479, 25.012143055248586], [93.47432873838432, 25.012127095411866], [93.47424073133425, 25.012110850648668], [93.4741527898612, 25.012094318516592], [93.47406491396517, 25.012077499015547], [93.47397710634108, 25.012060389703198], [93.4738893687856, 25.01204298976539], [93.47380170219702, 25.012025297573803], [93.47371410837198, 25.012007311500184], [93.47362658910711, 25.011989030730366], [93.4735391453007, 25.011970452821995], [93.47345177964776, 25.01195157777492], [93.47336449304656, 25.011932403146783], [93.47327728819202, 25.01191292812341], [93.4731901650842, 25.01189315189052], [93.47310312731632, 25.011873072005848], [93.47301606619223, 25.011853787465782], [93.47292857387683, 25.011836174211883], [93.47284073571004, 25.01182004012396], [93.47275261637056, 25.011805214247463], [93.47266426975732, 25.011791541909158], [93.47257573898943, 25.011778884717216], [93.4724870591012, 25.011767116490777], [93.47239825794043, 25.01175612000367], [93.47230935976161, 25.01174579105485], [93.47222038342933, 25.01173603032771], [93.47213134511331, 25.011726745832124], [93.47204225828827, 25.011717851276558], [93.4719531346323, 25.011709264439773], [93.47186398402688, 25.01170090717086], [93.47177481635347, 25.011692704575157], [93.47168563879858, 25.011684581758043], [93.47159646124368, 25.0116764678952], [93.47150729087532, 25.011668291348197], [93.47141813488, 25.011659980478655], [93.47132900313919, 25.011651464462172], [93.47123990373775, 25.011642670846207], [93.47115084745543, 25.011633523921912], [93.47106184686865, 25.01162394879451], [93.47097291365553, 25.01161386568467], [93.47088406578234, 25.011603189928703], [93.47079532031712, 25.011591835234665], [93.4707066988194, 25.01157970798392], [93.47061822823865, 25.011566709673353], [93.4705299400159, 25.011552732845015], [93.47044187098204, 25.011537663528188], [93.47035406605292, 25.01152137716925], [93.47026658002572, 25.011503739445477], [93.47017947847746, 25.011484603008906], [93.4700928413582, 25.01146380911435], [93.47000676568598, 25.011441181920954], [93.46992137003843, 25.01141653174836], [93.46983679814603, 25.011389651820313], [93.4697532251802, 25.011360319078925], [93.46967086494, 25.011328295812493], [93.46958997614024, 25.01129333128372], [93.46951086780138, 25.011255169056287], [93.46943391002931, 25.011213555949645], [93.46935953311706, 25.01116825587819], [93.46928822844305, 25.011119068575056], [93.46922054128471, 25.011065853200314], [93.46915704656382, 25.011008553577348], [93.46909831560885, 25.01094722505778], [93.46904487842585, 25.01088204429043], [93.46899716710446, 25.010813310850104], [93.46895548258034, 25.01074143177027], [93.46891996409232, 25.010666880839654], [93.46889142551406, 25.01059118852372], [93.46886861189911, 25.01051390789016], [93.46885006258681, 25.010435690200783], [93.4688345396987, 25.01035692946925], [93.4688209814261, 25.01027786991908], [93.4688084490296, 25.010198671109915], [93.46879606575341, 25.01011945189758], [93.46878296741822, 25.010040328696004], [93.46876824942062, 25.009961439899712], [93.46875091552889, 25.009882992286588], [93.46872981949276, 25.009805309049348], [93.46870480590368, 25.009727559007942], [93.46867711982664, 25.00965055624844], [93.46864672083743, 25.00957439846263], [93.46861358018994, 25.009499186598905], [93.4685776835112, 25.00942502079177], [93.46853902810619, 25.009352002804196], [93.46849762834803, 25.009280230328798], [93.46845351388106, 25.009209798616236], [93.46840672782444, 25.00914079721863], [93.46835732946694, 25.009073308361515], [93.46830539157216, 25.009007402873255], [93.46825099858171, 25.00894314506953], [93.46819424392038, 25.008880587054808], [93.46813523179273, 25.00881976790812], [93.46807407269156, 25.008760716939268], [93.46801087890626, 25.008703451246827], [93.46794576901448, 25.00864797734601], [93.46787885979717, 25.008594289540557], [93.46781026713701, 25.00854237562148], [93.46774010512006, 25.008492213610456], [93.4676684851374, 25.008443772574033], [93.46759551319025, 25.008397018322317], [93.4675212898899, 25.008351908524265], [93.46744591315272, 25.008308400034682], [93.46736947101361, 25.008266444009553], [93.46729204971086, 25.008225989976513], [93.46721372739786, 25.008186986649026], [93.46713457683819, 25.00814938029813], [93.46705466630378, 25.00811311719469], [93.46697405777837, 25.008078145237832], [93.46689281055082, 25.00804441151226], [93.46681097492677, 25.0080118639168], [93.46672860211015, 25.007980450350217], [93.46664573432182, 25.007950122781605], [93.4665624146809, 25.0079208315518], [93.46647867912002, 25.007892530257987], [93.46639456177512, 25.007865172497258], [93.4663100949856, 25.007838714308928], [93.46622530749748, 25.007813113360502], [93.466140225362, 25.00778832813344], [93.46605487283358, 25.007764319551523], [93.46596927147183, 25.007741048538467], [93.4658834410397, 25.00771847927433], [93.4657974013001, 25.007696575939136], [93.46571116932105, 25.00767530434108], [93.46562475947556, 25.00765463191648], [93.46553818703498, 25.00763452691581], [93.46545146457575, 25.007614957589432], [93.4653646046743, 25.007595896258202], [93.46527761900873, 25.00757731442888], [93.46519051746047, 25.007559182794072], [93.46510330901268, 25.007541476930975], [93.46501600264854, 25.007524169974456], [93.46492860735115, 25.00750723750166], [93.46484113030711, 25.00749065590388], [93.4647535787029, 25.00747440075819], [93.4646659588267, 25.007458450084002], [93.46457827786512, 25.00744278190073], [93.4644905394113, 25.007427374227753], [93.46440275065186, 25.00741220671265], [93.4643149160783, 25.007397258188877], [93.46422704018225, 25.007382508303948], [93.46413912745531, 25.007367939147766], [93.4640511832873, 25.007353529553743], [93.46396321037322, 25.007339261611673], [93.46387521410291, 25.007325116597293], [93.46378719717136, 25.007311076600402], [93.46369916317185, 25.00729712289669], [93.4636111156976, 25.00728323839006], [93.4635230592402, 25.007269404356194], [93.46343499559626, 25.007255604513023], [93.46334692925738, 25.007241820950377], [93.4632588629185, 25.00722803657207], [93.46317080017288, 25.00721423428192], [93.46308274371546, 25.007200396169768], [93.46299469803785, 25.00718650595348], [93.46290666493663, 25.0071725457228], [93.4628186498017, 25.007158499195672], [93.46273065353144, 25.00714434927586], [93.46264268241397, 25.007130077238976], [93.46255473824596, 25.00711566680292], [93.46246682462069, 25.007101100871505], [93.46237894692804, 25.00708636072027], [93.46229110876122, 25.007071428438902], [93.46220331461188, 25.007056286117045], [93.46211556897157, 25.007040915844357], [93.46202787543352, 25.007025298082233], [93.4619402411843, 25.007009414920358], [93.46185266981715, 25.00699324600596], [93.46176516851858, 25.00697677180051], [93.46167774178016, 25.006959973579438], [93.46159039678848, 25.006942829361797], [93.46150313983165, 25.00692531879487], [93.46141597899458, 25.00690742071177], [93.4613289223621, 25.006889113131475], [93.4612419771207, 25.00687037407304], [93.46115515315184, 25.006851179113102], [93.46106845943872, 25.006831506270604], [93.4609819067611, 25.006811331122172], [93.46089550589875, 25.006790627616198], [93.46080926852979, 25.006769372143353], [93.46072320812895, 25.006747537023752], [93.46063733727262, 25.00672509620576], [93.46055167033388, 25.006702021195277], [93.46046622527899, 25.006678284312393], [93.46038101737935, 25.006653856248914], [93.46029606549956, 25.00662870606835], [93.46021138850422, 25.00660280446246], [93.4601270097496, 25.006576118866484], [93.4600429498969, 25.006548616715644], [93.45995923409895, 25.006520266259248], [93.4598758893052, 25.00649103167597], [93.45979294426172, 25.00646087958678], [93.45971042771468, 25.00642977417029], [93.45962837469834, 25.006397680419116], [93.45954681845032, 25.006364560883537], [93.45946579759821, 25.006330380556065], [93.4593853525662, 25.006295100358628], [93.45930552647343, 25.006258685283555], [93.45922636423563, 25.006221097066778], [93.45914791615851, 25.006182299886387], [93.45907023344598, 25.006142257920423], [93.45899337089533, 25.006100936160948], [93.45891738689706, 25.006058301228165], [93.45884234343482, 25.006014319742164], [93.45876747873739, 25.00596941341085], [93.45869267063377, 25.005924428908433], [93.45861792361562, 25.005879362164354], [93.45854323768289, 25.00583421073611], [93.45846861642887, 25.00578897218133], [93.45839406344679, 25.00574364242932], [93.45831957873669, 25.00569821985179], [93.45824516589182, 25.00565269956392], [93.45817082760712, 25.00560707993742], [93.45809656657754, 25.005561358529835], [93.45802238370136, 25.00551553127041], [93.45794828347022, 25.00546959571678], [93.45787426588409, 25.005423548612338], [93.45780033633282, 25.005377387514596], [93.45772649481644, 25.005331109981068], [93.45765274492827, 25.00528471275519], [93.45757908936316, 25.00523819339449], [93.4575055299178, 25.00519154782822], [93.45743206928712, 25.005144775242158], [93.45735871106442, 25.005097870751396], [93.45728545704624, 25.005050833541734], [93.45721230902929, 25.005003658728302], [93.45713927150513, 25.004956345496797], [93.45706634537204, 25.004908890590617], [93.45699353512164, 25.004861289938976], [93.45692084165222, 25.004813542727632], [93.45684826945534, 25.004765644885776], [93.45677581942937, 25.004717593970913], [93.45670349696415, 25.00466938754047], [93.45663130205972, 25.004621022337822], [93.45655924010596, 25.004572495920403], [93.45648731200113, 25.004523805031535], [93.4564155222369, 25.004474948042823], [93.45634387350816, 25.004425920883374], [93.45627236850987, 25.004376721924817], [93.45620101083526, 25.004327347096357], [93.45612980317931, 25.00427779558359], [93.4560587491353, 25.00422806250161], [93.45598785229645, 25.00417814622196], [93.4559171144594, 25.0041280434879], [93.45584654101403, 25.00407775185684], [93.45577613465532, 25.004027268072036], [93.45570589807822, 25.003976589690925], [93.45563583577427, 25.003925714270874], [93.45556595133674, 25.00387463855514], [93.4554962483589, 25.003823359286958], [93.45542672953567, 25.003771874837845], [93.45535740025699, 25.003720181136874], [93.45528826321778, 25.003668275741468], [93.45521932380794, 25.003616156208942], [93.45515058382406, 25.00356381928253], [93.4550820495544, 25.00351126251956], [93.45501372369391, 25.003458482663248], [93.45494561073413, 25.003405476456784], [93.45487771606496, 25.00335224227165], [93.45481004327965, 25.00329877603688], [93.45474259597148, 25.003245075309813], [93.45467538042867, 25.003191136833575], [93.45460840024445, 25.003136958979645], [93.45454166080873, 25.003082537677038], [93.45447516661311, 25.003027869668895], [93.45440892214909, 25.0029729541408], [93.45434293280663, 25.002917785393468], [93.45427720397562, 25.002862363426555], [93.4542117401476, 25.002806682540836], [93.45414654761082, 25.0027507419218], [93.45408163085679, 25.002694538312543], [93.4540169970721, 25.002638068456207], [93.45395264984998, 25.002581329095896], [93.45388859547865, 25.002524318602944], [93.45382484024631, 25.002467032906303], [93.45376139044116, 25.00240947037735], [93.4536982514531, 25.002351626945014], [93.45363542957035, 25.0022935009806], [93.45357293108108, 25.002235088413038], [93.45351076317183, 25.002176388427838], [93.45344893213084, 25.00211739613971], [93.45338744334796, 25.002058109919986], [93.45332630580631, 25.001998527325824], [93.45326552399759, 25.00193864591436], [93.45320510690483, 25.001878462428625], [93.45314506081633, 25.001817973611647], [93.4530853938168, 25.001757178648802], [93.4530261130929, 25.00169607428314], [93.45296722493276, 25.001634657257547], [93.45290873921789, 25.00157292675747], [93.45285066223644, 25.001510879525874], [93.45279300297162, 25.001448513119836], [93.45273576860991, 25.001385825910617], [93.4526789681345, 25.00132281545531], [93.45262260963021, 25.00125948012507], [93.45256670118188, 25.001195817477043], [93.45251125267094, 25.001131825068267], [93.45245627218233, 25.001067502084084], [93.45240176869906, 25.00100284689566], [93.4523477512044, 25.000937857060062], [93.45229422868147, 25.000872531762607], [93.45224121191005, 25.000806869374472], [93.45218870807662, 25.000740867452723], [93.45213672885933, 25.00067452681091], [93.45208528234303, 25.000607845820166], [93.45203437930745, 25.000540822037557], [93.45198403053239, 25.00047345709083], [93.45193424410273, 25.00040574853691], [93.4518850307982, 25.000337696375265], [93.4518364013986, 25.000269300605332], [93.45178836578543, 25.000200560412374], [93.45174093563672, 25.00013147660998], [93.4516941190374, 25.00006204919757], [93.4516479294621, 24.99999227817452], [93.45160237499572, 24.99992216516859], [93.45155746821469, 24.999851709365032], [93.4515132181021, 24.999780912391568], [93.45146963723441, 24.999709776690057], [93.45142673549307, 24.999638301445735], [93.45138501773125, 24.999567214510833], [93.45134407880883, 24.999495756280826], [93.45130390345437, 24.999423943038146], [93.45126447280327, 24.999351791879366], [93.45122576978761, 24.999279317458754], [93.45118777644096, 24.999206535244642], [93.4511504730005, 24.999133460705462], [93.45111384239814, 24.999060106867205], [93.45107786576934, 24.99898648675586], [93.45104252514771, 24.998912615025763], [93.45100780077041, 24.998838503888873], [93.45097367377278, 24.998764163928797], [93.45094012708681, 24.998689608171663], [93.45090714094958, 24.99861484638701], [93.45087469739478, 24.9985398907868], [93.45084277665947, 24.998464750326466], [93.45081136167568, 24.998389434775657], [93.45078043268043, 24.998313954718057], [93.45074997260578, 24.99823831748087], [93.45071996168879, 24.998162532833753], [93.45069038375973, 24.998086608918083], [93.45066121905572, 24.998010553875194], [93.45063245050875, 24.997934374218143], [93.45060405925418, 24.997858078902553], [93.45057602912237, 24.997781673627337], [93.45054834124868, 24.997705166533937], [93.45052097856512, 24.99762856250717], [93.45049392400371, 24.997551868874368], [93.45046715869982, 24.9974750913345], [93.45044066738213, 24.99739823640076], [93.45041443208422, 24.997321309772172], [93.45038843573822, 24.99724431551945], [93.45036266037776, 24.997167260970024], [93.45033709073151, 24.99709014938039], [93.45031170973148, 24.99701298726383], [93.45028649941135, 24.99693577869112], [93.45026144360143, 24.996858528547186], [93.45023652613212, 24.99678124171698], [93.45021172903701, 24.996703923085427], [93.45018703704478, 24.996626577537576], [93.45016243308744, 24.996549208329974], [93.45013790009706, 24.996471820347733], [93.45011342190388, 24.996394417661598], [93.45008898233824, 24.996317005970766], [93.45006456343387, 24.996239588531985], [93.4500401490211, 24.99616216941606], [93.45001572203189, 24.99608475350808], [93.4499912671949, 24.996007345693098], [93.44996676564554, 24.99592994922785], [93.44994220121411, 24.99585256899737], [93.44991755683262, 24.995775209886823], [93.44989281543305, 24.995697875967142], [93.44986795994743, 24.995620572123396], [93.44984297330782, 24.995543303240744], [93.44981783575122, 24.99546607420436], [93.4497925329046, 24.995388889899356], [93.44976704410674, 24.995311755210984], [93.44974135318793, 24.9952346758385], [93.44971544128356, 24.99515765748137], [93.44968928144417, 24.99508015952233], [93.44966319975822, 24.995002639531474], [93.44963719532734, 24.994925099137145], [93.44961126904995, 24.994847536710907], [93.44958542092597, 24.994769952252714], [93.44955965275203, 24.99469234657675], [93.44953396452817, 24.99461471886874], [93.44950835535604, 24.994537069128693], [93.44948282793062, 24.994459398170708], [93.44945738135357, 24.994381705180604], [93.4494320165232, 24.994303989344093], [93.44940673343953, 24.99422625228959], [93.44938153389919, 24.99414849320276], [93.44935641700383, 24.99407071126945], [93.44933138455015, 24.993992907303813], [93.44930643563977, 24.993915081305733], [93.449281571171, 24.993837233275244], [93.44925679294053, 24.993759362398087], [93.44923210004998, 24.99368146948842], [93.44920749339772, 24.993603553731983], [93.44918297388205, 24.993525615128732], [93.44915854150297, 24.99344765449285], [93.44913419715876, 24.99336967101008], [93.44910994084947, 24.99329166549459], [93.44908577347336, 24.99321363631792], [93.44906169592882, 24.99313558510843], [93.44903770821578, 24.99305751023771], [93.44901381033426, 24.99297941333404], [93.44899000408093, 24.992901292769073], [93.44896628945575, 24.9928231501711], [93.44894266735704, 24.992744983911685], [93.44891913688647, 24.99266679480501], [93.44889569984069, 24.992588582851035], [93.44887235711805, 24.992510348049663], [93.44884910782017, 24.992432089586718], [93.44882595374375, 24.992353808276295], [93.44880289488869, 24.9922755041184], [93.44877993125509, 24.992197176298752], [93.44875706463954, 24.992118825631525], [93.44873429504204, 24.992040451302476], [93.44871162246257, 24.99196205412577], [93.44868904869782, 24.99188363410136], [93.44866657284939, 24.99180518960076], [93.44864419581566, 24.991726722252384], [93.44862191939323, 24.991648232056118], [93.44859974268383, 24.991569718197802], [93.44857766658572, 24.991491180677325], [93.44855569199726, 24.991412620308893], [93.4485338189184, 24.991334036278214], [93.4485120491458, 24.991255428585262], [93.44849038178114, 24.99117679722998], [93.44846881862107, 24.991098143026566], [93.44844735876724, 24.991019465160733], [93.4484260040163, 24.990940763632437], [93.44840475436825, 24.990862039255866], [93.44838361072141, 24.990783290402543], [93.44836257397412, 24.99070451870083], [93.4483416441263, 24.99062572415069], [93.44832082117802, 24.990546905123683], [93.44830010692588, 24.99046806324817], [93.4482795013699, 24.990389197709852], [93.44825900540836, 24.990310308508754], [93.44823861904129, 24.99023139645901], [93.44821834316703, 24.990152459932137], [93.44819817778553, 24.99007350055653], [93.44817812469346, 24.98999451833212], [93.44815818389074, 24.989915511630482], [93.44813835627582, 24.9898364828942], [93.44811864184858, 24.989757429680562], [93.44809904060908, 24.989678353617972], [93.44807955525228, 24.989599253892155], [93.4480601848798, 24.989520131317313], [93.44804092949167, 24.989440985079142], [93.44802179178284, 24.989361815177617], [93.4480027699567, 24.989282623241134], [93.44798386670819, 24.989203406826988], [93.44796508113899, 24.98912416837782], [93.44794641414737, 24.989044906265082], [93.44792786753003, 24.988965621303], [93.4479094403886, 24.98888631267731], [93.44789113451975, 24.98880698120216], [93.44787294992344, 24.98872762769174], [93.4478548865997, 24.988648250517592], [93.44783694634518, 24.98856885049383], [93.44781912915981, 24.988489427620465], [93.44780143594197, 24.988409981897448], [93.44778386758998, 24.98833051332469], [93.44776642320547, 24.988251021902204], [93.44774910548342, 24.988171508444164], [93.4477319135255, 24.988091972136253], [93.44771484912837, 24.98801241379268], [93.447697912292, 24.987932832599192], [93.44768110301641, 24.987853228555736], [93.4476644230982, 24.98777360247649], [93.44764787343574, 24.987693954361447], [93.44763145313067, 24.987614284210515], [93.4476151639796, 24.98753459120941], [93.44759900598261, 24.9874548769866], [93.44758298003792, 24.987375140727814], [93.44756708704391, 24.98729538161874], [93.4475513278989, 24.98721560210202], [93.44753570260285, 24.987135799734983], [93.44752021205407, 24.987055976146003], [93.4475048562526, 24.986976131335037], [93.44748963699506, 24.986896264487818], [93.44747455517977, 24.98681637641855], [93.44745960990838, 24.986736467941416], [93.44744480297754, 24.986656537427912], [93.44743013438728, 24.986576585692205], [93.4474156059342, 24.98649661354855], [93.44740121671995, 24.986416620182627], [93.44738696943955, 24.98633660640864], [93.44737286229633, 24.986256571412312], [93.44735889798525, 24.98617651682205], [93.44734507650628, 24.98609644100941], [93.44733139785944, 24.98601634478852], [93.44731786384138, 24.9859362289736], [93.44730447535039, 24.985856092750417], [93.44729123148817, 24.985775936933113], [93.4472781340513, 24.98569576152168], [93.44726518303985, 24.98561556570184], [93.44725238025042, 24.98553535110202], [93.44723972568302, 24.985455116907943], [93.44722722023596, 24.985374863119606], [93.44721486390921, 24.985294590551185], [93.44720265849945, 24.98521429920263], [93.44719060310834, 24.98513398825971], [93.44717870043083, 24.98505365935082], [93.44716695046692, 24.984973311661733], [93.4471553532166, 24.984892946006617], [93.4471439095782, 24.98481256238548], [93.44713262134835, 24.984732159983995], [93.44712148762869, 24.984651740430653], [93.44711051111426, 24.98457130209689], [93.44709969000832, 24.984490847425455], [93.4470890270059, 24.984410374787828], [93.44707852210698, 24.98432988581242], [93.44706817620984, 24.984249378870757], [93.44705798931453, 24.984168855591246], [93.44704796321766, 24.984088315973928], [93.44703809791919, 24.98400775920445], [93.44702839521581, 24.983927186911345], [93.44701885420916, 24.983846599094537], [93.44700947669594, 24.983765994125505], [93.44700026267604, 24.983685374446996], [93.4469912130479, 24.983604739244708], [93.44698232960806, 24.98352408933289], [93.44697361235652, 24.983443423897228], [93.44696506129331, 24.983362743751947], [93.4469566782151, 24.983282048897046], [93.44694846402015, 24.983201340146746], [93.44694041781014, 24.983120617501008], [93.44693254228005, 24.983039880959822], [93.44692483653155, 24.982959130523163], [93.44691730325957, 24.982878367005252], [93.44690994066748, 24.9827975904061], [93.44690275145028, 24.98271680072561], [93.44689573560791, 24.982635998778097], [93.44688889403872, 24.982555184563477], [93.44688222764098, 24.982474358081767], [93.44687573641474, 24.98239352014721], [93.4468694221566, 24.98231266994548], [93.4468632848666, 24.982231809105098], [93.44685716374624, 24.982151440029668], [93.4468508315218, 24.98207108311575], [93.44684430346463, 24.981990739991875], [93.44683759304944, 24.981910409029553], [93.44683071195438, 24.981830090228843], [93.44682367545076, 24.98174978196119], [93.44681649431838, 24.981669484226597], [93.4468091838286, 24.981589196210884], [93.44680175565951, 24.981508917099706], [93.44679422328585, 24.981428645264593], [93.44678659838571, 24.981348380705537], [93.44677889353554, 24.98126812260832], [93.44677112221002, 24.981187870158614], [93.44676329608727, 24.98110762172792], [93.44675542684537, 24.981027376501952], [93.44674752706077, 24.980947133666476], [93.44673961020817, 24.980866892407196], [93.44673168616903, 24.980786651909835], [93.44672376841812, 24.98070640973155], [93.44671586953184, 24.98062616750089], [93.44670799939165, 24.98054592196081], [93.44670017147223, 24.980465673111222], [93.4466923974518, 24.98038542013787], [93.44668468900832, 24.980305161412165], [93.44667705871828, 24.980224896934136], [93.44666951736147, 24.980144625075194], [93.44666207751429, 24.98006434583532], [93.44665475085485, 24.979984057585913], [93.44664754995954, 24.979903760326962], [93.44664048560811, 24.97982345324422], [93.4466335712754, 24.97974313470902], [93.44662681774108, 24.979662805535686], [93.44662023668332, 24.979582464095586], [93.44661384247513, 24.979502110388722], [93.44660764499795, 24.979421743600795], [93.4466016577266, 24.979341364546016], [93.4465958923391, 24.979260971595828], [93.44659036051361, 24.979180564750216], [93.44658507662308, 24.97910014482339], [93.4465800514474, 24.97901971100109], [93.44657529846121, 24.978939263283227], [93.44657083024101, 24.978858801669823], [93.44656665936313, 24.978778327789428], [93.44656279840403, 24.978697840827742], [93.44655926083847, 24.978617341598977], [93.44655605834448, 24.978536830917413], [93.44655320619346, 24.97845630878308], [93.44655071606347, 24.9783757776388], [93.4465486014293, 24.978295237484524], [93.44654687576565, 24.97821468913462], [93.44654555344555, 24.978134134217573], [93.44654464704541, 24.978053575176276], [93.44654417004, 24.97797301282505], [93.44654413770067, 24.977892449606767], [93.44654456350209, 24.97781188715], [93.44654546002076, 24.97773132789764], [93.44654684342629, 24.9776507734783], [93.44654872629513, 24.977570227963515], [93.44655112389863, 24.977489693796166], [93.4465540506098, 24.97740917341919], [93.44655751990342, 24.977328670904086], [93.44656154794917, 24.977248190322413], [93.44656614732341, 24.97716773411715], [93.44657133419588, 24.97708730717411], [93.44657712293959, 24.97700691437918], [93.44658352792754, 24.976926559803964], [93.44659056443115, 24.97684624914862], [93.44659824592516, 24.976765986484764], [93.44660658857921, 24.976685777512667], [93.44661560676634, 24.976605629561128], [93.4466253139613, 24.976525546701815], [93.44663572633375, 24.976445537077915], [93.44664685735843, 24.976365607204045], [93.4466587214084, 24.976285764409056], [93.44667133285668, 24.97620601520768], [93.44668470697464, 24.97612636774311], [93.44669885633864, 24.97604683097296], [93.44671379532186, 24.975967412226225], [93.44672953650054, 24.975888121274878], [93.44674609424789, 24.975808967890853], [93.44676348114021, 24.975729959403232], [93.44678171065226, 24.975651108026984], [93.44680079356384, 24.975572421905486], [93.44682074245135, 24.97549391325377], [93.4468415689929, 24.975415591029613], [93.4468632848666, 24.9753374682624], [93.44688551188165, 24.975260324250993], [93.44690831651346, 24.975183318624644], [93.44693168888051, 24.97510645301229], [93.44695561640643, 24.975029727414164], [93.44698008920973, 24.974953144273513], [93.44700509740892, 24.974876702776218], [93.44703063112256, 24.97480040373692], [93.44705668046915, 24.97472424797019], [93.44708323736391, 24.974648237104912], [93.44711029192533, 24.974572370327067], [93.44713783696686, 24.974496648451186], [93.44716586260711, 24.974421071477597], [93.44719436255782, 24.97434564022088], [93.44722332783583, 24.974270354681273], [93.44725275125467, 24.974195215673344], [93.44728262742436, 24.97412022319744], [93.44731294736184, 24.974045378068094], [93.44734370477885, 24.973970678656933], [93.44737489518383, 24.97389612740723], [93.44740650959362, 24.973821722690538], [93.44743854441498, 24.973747466135855], [93.44747099335966, 24.973673356929066], [93.4475038510378, 24.97359939669909], [93.4475371111612, 24.97352558381756], [93.44757076923828, 24.97345191909909], [93.44760482077741, 24.973378403358222], [93.44763926128711, 24.97330503659526], [93.44767408627571, 24.973231818810458], [93.44770929035342, 24.973158750818435], [93.44774487082518, 24.97308583180508], [93.44778082230114, 24.97301306339935], [93.44781714298472, 24.972940444787195], [93.44785382748599, 24.9728679775975], [93.44789087311, 24.97279566101624], [93.44792827806009, 24.972723495857966], [93.44796603694643, 24.97265148293734], [93.44800414797236, 24.9725796230689], [93.44804323995858, 24.97250697244192], [93.44808288261206, 24.972434567700518], [93.44812306694968, 24.972362408845125], [93.44816378488655, 24.972290495876127], [93.4482050283379, 24.97221882960838], [93.44824678921883, 24.972147410042265], [93.4482890594445, 24.972076237178186], [93.44833183093012, 24.97200531020231], [93.44837509559086, 24.971934629929297], [93.44841884624013, 24.97186419554534], [93.44846307389483, 24.971794006236426], [93.44850777226672, 24.971724062817415], [93.44855293237268, 24.971654363659965], [93.44859854792449, 24.9715849079502], [93.44864461083732, 24.971515695688485], [93.44869111392464, 24.971446726060957], [93.4487380499999, 24.971377997439337], [93.44878541277497, 24.971309509009618], [93.44883319326658, 24.97124125995794], [93.44888138608498, 24.971173249470322], [93.44892998314523, 24.97110547673281], [93.44897897905744, 24.97103793930277], [93.44902836663513, 24.97097063636629], [93.44907813869175, 24.97090356710938], [93.44912828983743, 24.970836729903734], [93.44917881198734, 24.970770123935406], [93.44922970064987, 24.97070374594739], [93.44928094863852, 24.970637596754383], [93.44933254966506, 24.970571673099368], [93.44938449833963, 24.97050597335404], [93.44943678837399, 24.970440497518744], [93.44948941347998, 24.970375242336466], [93.44954236916597, 24.970310206993197], [93.44959564824545, 24.97024538904625], [93.44964924622691, 24.970180787681617], [93.44970315682205, 24.970116400456618], [93.449757374641, 24.970052225742872], [93.44981189519224, 24.96998826191199], [93.44986671218751, 24.969924506521288], [93.44992182113526, 24.9698609579424], [93.44997721664556, 24.969797614546913], [93.45003289332854, 24.96973447470644], [93.45008884669265, 24.969671535978268], [93.45014507224627, 24.969608795919676], [93.45020156370126, 24.96954625371656], [93.45025831836257, 24.96948390611181], [93.45031532994209, 24.969421752291407], [93.4503725939482, 24.96935978981261], [93.45043010678764, 24.969298017046903], [93.45048786307049, 24.969236430737272], [93.45054585920357, 24.969175029255204], [93.45060409069522, 24.96911381178665], [93.45066255215559, 24.969052775074474], [93.45072124088972, 24.968991916675876], [93.45078015150774, 24.968931235776765], [93.45083928041639, 24.968870729119942], [93.45089862402237, 24.968810395077014], [93.45095817693581, 24.96875023201947], [93.4510179373601, 24.968690236690172], [93.45107789900699, 24.968630408274958], [93.45113806007987, 24.968570742702333], [93.4511984160872, 24.968511239972482], [93.45125896253735, 24.96845189682825], [93.45131969673538, 24.968392710826773], [93.45138061508806, 24.968333680339548], [93.4514417131038, 24.968274802923744], [93.45150298718933, 24.968216076950817], [93.45156443464971, 24.968157499163556], [93.45162605189168, 24.968099067933494], [93.45168783442367, 24.96804078163206], [93.451749780449, 24.967982636187674], [93.45181188547616, 24.96792463160051], [93.4518741459119, 24.96786676379902], [93.45193655995953, 24.967809031154587], [93.4519991231275, 24.96775143203875], [93.45206183182253, 24.967693963194165], [93.4521246833497, 24.967636622992345], [93.45218767501406, 24.967579408175993], [93.45225080232402, 24.9675223179309], [93.45231406348294, 24.967465348185424], [93.4523774548976, 24.967408498125373], [93.45244096219493, 24.967351648039042], [93.45250446140741, 24.967294790597194], [93.45256796151821, 24.967237933943384], [93.45263147061218, 24.967181085407038], [93.45269499677413, 24.967124253131747], [93.4527585489872, 24.967067444446887], [93.45282213443795, 24.967010665867452], [93.45288576121125, 24.966953925537148], [93.4529494364935, 24.966897229971003], [93.45301316836968, 24.966840587312763], [93.4530769649245, 24.966784003263115], [93.45314083244628, 24.966727485151452], [93.45320477901976, 24.96667104112156], [93.4532688109332, 24.966614676874165], [93.45333293627147, 24.966558399738705], [93.45339716222102, 24.966502216230325], [93.45346149507009, 24.9664461344928], [93.45352594200517, 24.966390160226904], [93.45359051111119, 24.96633430076215], [93.45365520777794, 24.966278563428062], [93.45372004009033, 24.96622295555419], [93.45378501343819, 24.96616748365566], [93.45385013590638, 24.966112155062035], [93.45391541468145, 24.966056977917262], [93.45398085515328, 24.96600195873658], [93.45404646450835, 24.965947104849533], [93.45411224993326, 24.965892424400113], [93.45417821681782, 24.96583792553233], [93.45424437414526, 24.965783614761442], [93.45431072640707, 24.965729500231436], [93.45437728258649, 24.96567559171516], [93.45444404717503, 24.965621895727832], [93.45451102735925, 24.96556842122796], [93.45457823032562, 24.965515176359567], [93.45464566326076, 24.96546217089551], [93.45471333155447, 24.965409412979913], [93.45478124329165, 24.96535691238564], [93.45484940386214, 24.96530467725677], [93.45491782045248, 24.96525271818066], [93.45498650024923, 24.965201045744575], [93.45505544954055, 24.965149668092664], [93.45512467461465, 24.965098596626657], [93.4551941826581, 24.9650478419339], [93.45526397995904, 24.96499741460175], [93.4553340728057, 24.96494732603191], [93.45540446928294, 24.96489758762623], [93.45547517478064, 24.96484821078646], [93.455546195587, 24.96479920772875], [93.45561753888855, 24.964750591483725], [93.4556892109735, 24.964702374267592], [93.45576121902835, 24.96465456911098], [93.45583356754472, 24.96460718985888], [93.45590626460739, 24.964560250356307], [93.45597931560629, 24.964513764448387], [93.45605272682961, 24.964467746794497], [93.4561265045656, 24.964422213682912], [93.45620065330579, 24.964377179773134], [93.45627518023667, 24.964332661353374], [93.45635009074824, 24.964288674711977], [93.45642538933198, 24.96424523613727], [93.45650108137781, 24.96420236436068], [93.45657717317395, 24.96416007648496], [93.45665366741535, 24.96411839124163], [93.4567305703902, 24.96407732654783], [93.45680788479342, 24.96403690357831], [93.45688561421835, 24.96399714025024], [93.45696376315647, 24.963958058552716], [93.4570423343028, 24.96391967884613], [93.45712133035225, 24.963882022305288], [93.45720075310146, 24.963845110104977], [93.45728060434709, 24.96380896667754], [93.45736088408907, 24.963773612383406], [93.45744159412409, 24.96373907246936], [93.45752273445214, 24.963705370553416], [93.45760430237824, 24.963672529439204], [93.45768629790246, 24.963640574373485], [93.45776871832975, 24.96360953060317], [93.45785155916862, 24.963579422560585], [93.45793481862242, 24.96355027630699], [93.45801848950461, 24.963522117089227], [93.45810256732365, 24.963494970968508], [93.45818704399463, 24.963468864005986], [93.45827191233111, 24.96344382144856], [93.45835738972532, 24.96341951021038], [93.45844305846072, 24.963395760083845], [93.45852891224905, 24.963372566997265], [93.45861494570043, 24.963349926064687], [93.4587011525267, 24.963327834028814], [93.4587875282362, 24.96330628844671], [93.45887406564246, 24.963285286875536], [93.45896076205052, 24.963264827686793], [93.45904761027388, 24.963244909251937], [93.45913460761759, 24.96322552994241], [93.45922174869173, 24.96320668894414], [93.45930902990304, 24.96318838788612], [93.45939644586166, 24.963170625139817], [93.45948399297428, 24.96315340151986], [93.4595716676477, 24.96313671865528], [93.45965946539032, 24.963120576546242], [93.45974738260885, 24.96310497763621], [93.45983541481174, 24.963089924368514], [93.45992355930406, 24.963075417557782], [93.46001181159421, 24.96306146046179], [93.46010016808893, 24.9630480563383], [93.46018862429662, 24.96303520763067], [93.46027717752239, 24.963022917596632], [93.46036582417294, 24.96301119112276], [93.46045455975673, 24.963000032281183], [93.46054337978211, 24.962989444329644], [93.46063228155421, 24.962979432154622], [93.4607212596831, 24.962970001457077], [93.46081031237215, 24.962961157937887], [93.46089943333318, 24.96295290566912], [93.46098861987122, 24.962945251980543], [93.4610778665964, 24.96293820257294], [93.4611671699154, 24.962931763961613], [93.4612565244384, 24.962925943476254], [93.4613459256738, 24.962920747632094], [93.46143536913, 24.96291618457314], [93.46152484941715, 24.962912261629068], [93.46161436114532, 24.962908986943848], [93.46170389982294, 24.96290636947593], [93.4617934582635, 24.962904417369323], [93.46188303197542, 24.96290313958236], [93.4619726146705, 24.96290254670222], [93.46206220006054, 24.962902647687315], [93.46215178006067, 24.96290345312475], [93.46224134928103, 24.962904972787236], [93.46233089963675, 24.962907218076314], [93.46242042394131, 24.962910200393498], [93.46250991410993, 24.962913930325872], [93.46259936205772, 24.962918420903662], [93.46268875880153, 24.96292368352838], [93.46277809535822, 24.96292973123021], [93.46286736094802, 24.962936576225015], [93.46295654658772, 24.962944232357355], [93.4630456414976, 24.9629527134718], [93.46313463489786, 24.962962033412918], [93.46322351331375, 24.962972206025206], [93.46331226686382, 24.962983246782013], [93.46340088117502, 24.962995169527787], [93.46348934187431, 24.963007990550164], [93.46357763638527, 24.963021723693576], [93.46366574943654, 24.96303638687447], [93.46375366396015, 24.963051994751545], [93.46384136378639, 24.963068564426774], [93.4639288327456, 24.963086111373254], [93.46401605107485, 24.963104652692817], [93.46410300080784, 24.963124206301742], [93.4641896612833, 24.963144786858606], [93.46427601094166, 24.963166413093965], [93.46436202912169, 24.96318910210957], [93.46444769156888, 24.963212869378264], [93.46453297402869, 24.963237732816108], [93.46461785314494, 24.96326370789589], [93.46470230106985, 24.96329081334799], [93.46478629085395, 24.963319063016296], [93.46486979464952, 24.96334847400228], [93.46495278281212, 24.963379060964225], [93.46503522479897, 24.96341083856026], [93.46511708827083, 24.96344382144856], [93.46519428319813, 24.963476529063545], [93.46527073521871, 24.96351064149559], [93.46534649733314, 24.96354599749404], [93.46542162972855, 24.963582441509068], [93.46549619708364, 24.96361982694939], [93.46557026856873, 24.96365801455321], [93.46564391694729, 24.963696869945476], [93.46571721677954, 24.963736262822998], [93.46579024352393, 24.963776070212443], [93.4658630753339, 24.9638161707693], [93.46593579036288, 24.96385644477807], [93.46600846676432, 24.963896775780857], [93.46608118358994, 24.963937047320083], [93.46615401899317, 24.963977142123785], [93.46622705112746, 24.96401694129142], [93.46630035724789, 24.964056324293853], [93.4663740137113, 24.964095166530125], [93.46644809417954, 24.964133339327507], [93.46652601045402, 24.964172727993414], [93.46660414591742, 24.964211759130766], [93.46668249517987, 24.964250435997442], [93.4667610546481, 24.96428876103696], [93.46683982072884, 24.964326736692804], [93.46691878803222, 24.964364366222835], [93.46699795296493, 24.964401652884913], [93.46707731193376, 24.964438599122527], [93.46715686134544, 24.96447520737908], [93.46723659670837, 24.964511481726902], [93.46731651442933, 24.964547423794944], [93.46739661181329, 24.964583036841105], [93.46747688436878, 24.96461832330883], [93.46755732940079, 24.96465328727027], [93.46763794241775, 24.96468792954009], [93.46771872162304, 24.964722255004936], [93.46779966162676, 24.964756264479394], [93.46788076063233, 24.96478996203565], [93.4679620159447, 24.964823349302723], [93.46804342397071, 24.96485643035278], [93.46812498111703, 24.96488920681486], [93.46820668468877, 24.964921681946716], [93.4682885319909, 24.964953858191745], [93.46837052122689, 24.964985737993302], [93.46845264790512, 24.965017324609143], [93.46853490933064, 24.96504861966832], [93.4686173046051, 24.965079627242854], [93.468699829237, 24.965110348147448], [93.468782482328, 24.965140785639797], [93.4688652602848, 24.96517094297763], [93.46894816041247, 24.965200821789924], [93.4690311809144, 24.965230425334386], [93.46911431999393, 24.965259754425603], [93.46919757405782, 24.965288813950067], [93.46928094220779, 24.965317603907966], [93.4693644208505, 24.965346128371365], [93.46944800908767, 24.965374389783594], [93.46953170332608, 24.965402388959227], [93.46961550356569, 24.965430129970322], [93.46969940621322, 24.965457614445835], [93.46978340947207, 24.965484844014654], [93.46986751154559, 24.965511821934534], [93.46995171063716, 24.96553854983432], [93.47003600495017, 24.96556503015735], [93.47012039268797, 24.96559126534689], [93.47020487115559, 24.965617257031916], [93.47028944035306, 24.965643008470018], [93.47037409758546, 24.965668520475745], [93.47045884015779, 24.96569379630679], [93.47054366807006, 24.96571883759203], [93.47062857952568, 24.965743645960323], [93.47071357182962, 24.96576822385499], [93.47079864408369, 24.96579257371932], [93.47088379449116, 24.96581669718215], [93.47096902215374, 24.965840595872365], [93.47105432527478, 24.965864273047636], [93.47113970295602, 24.96588772870806], [93.47122515340078, 24.965910966925666], [93.47131067481244, 24.96593398851493], [93.47139626539443, 24.965956795104766], [93.47148192514666, 24.965979389138376], [93.47156765227253, 24.966001771430257], [93.47165344587377, 24.966023946052413], [93.47173930415364, 24.96604591219061], [93.47182522531563, 24.966067673916772], [93.4719112093597, 24.966089231231063], [93.47199725538748, 24.966110587391046], [93.47208336070409, 24.96613174321121], [93.47216952530952, 24.966152700320443], [93.47225574740713, 24.966173460347548], [93.47234202699691, 24.966194026550163], [93.47242836228223, 24.96621439892831], [93.47251475146646, 24.966234579110925], [93.47260119544795, 24.966254569541185], [93.4726876915317, 24.966274371847934], [93.47277423971775, 24.966293987659995], [93.47286083910778, 24.96631341779181], [93.4729474870068, 24.966332664686654], [93.47303418521152, 24.966351729158937], [93.47312093102694, 24.96637061283749], [93.47320991454572, 24.966370657627994], [93.47329889806451, 24.9663707024185], [93.47338788158329, 24.966370747209005], [93.47347686510207, 24.96637079199951], [93.47356584862086, 24.966370836790027], [93.47365483213964, 24.96637088239491], [93.4737438147601, 24.966370927185412], [93.47383279827888, 24.966370971975916], [93.47392178179767, 24.966371016766434], [93.47401076531645, 24.966371061556927], [93.47409974883524, 24.96637110634743], [93.47418873235404, 24.966371151137935], [93.47427771587282, 24.966371195928453], [93.4743666993916, 24.966371240718946], [93.47445568291039, 24.96637128550945], [93.47454466642917, 24.966371330299967], [93.47463364994795, 24.96637137509047], [93.47472263346674, 24.966371420695328], [93.47481161698552, 24.96637146548583], [93.4749006005043, 24.966371510276335], [93.47498958312475, 24.96637155506684], [93.47507856664355, 24.966371599857347], [93.47516755016234, 24.96637164464785], [93.47525653368112, 24.966371689438354], [93.47534551719991, 24.96637173422886], [93.47543450071869, 24.966371779019365], [93.47552348423747, 24.96637182380987], [93.47561246775626, 24.966371868600376], [93.47570145127504, 24.966371914205265], [93.47579043479382, 24.966371958995772], [93.47587941831262, 24.966372003786276], [93.47596840183137, 24.96637204857678], [93.47605738535016, 24.966372093367287], [93.47614636797064, 24.96637213815779], [93.47623535148944, 24.966372182948295], [93.47632433500821, 24.966372227738802], [93.476413318527, 24.966372272529306], [93.47650230204579, 24.96637231731981], [93.47659128556457, 24.966372362110313], [93.47668026908335, 24.96637240690082], [93.47676925260214, 24.966372452505713], [93.47685823612089, 24.966372497296216], [93.47694721963968, 24.96637254208672], [93.47703620315846, 24.966372586877227], [93.47712518667724, 24.96637263166773], [93.47721417019604, 24.966372676458235], [93.47730315371481, 24.96637272124874], [93.47739213633531, 24.966372766039232], [93.47748111985409, 24.966372810829736], [93.47757010337288, 24.966372855620254], [93.47765908689166, 24.96637290041076], [93.47774807041041, 24.966372945201265], [93.4778370539292, 24.966372990806118], [93.47792603744799, 24.96637303559662], [93.47801502096678, 24.96637308038713], [93.47810400448556, 24.966373125177633], [93.47819298800434, 24.966373169968136], [93.47828197152313, 24.966373214758644], [93.47837095504191, 24.966373259549147], [93.47845993856069, 24.96637330433965], [93.47854892118114, 24.96637334913016], [93.47863790469994, 24.966373393920662], [93.47872688821872, 24.966373438711166], [93.4788158717375, 24.966373484316048], [93.4789048552563, 24.96637352910655], [93.47899383877508, 24.96637357389707], [93.47908282229386, 24.966373618687573], [93.47917180581265, 24.966373663478077], [93.47926078933143, 24.96637370826857], [93.47934977285021, 24.966373753059074], [93.479438756369, 24.96637379784958], [93.47952773988779, 24.966373842640085], [93.47961672340656, 24.96637388743059], [93.47970570692536, 24.966373932221092], [93.47979468954581, 24.9663739770116], [93.47988367306459, 24.966374022616453], [93.47997265658339, 24.966374067406957], [93.48006164010218, 24.966374112197474], [93.48015062362096, 24.96637415698798], [93.48023960713974, 24.96637420177847], [93.48032859065853, 24.966374246568975], [93.48041061313216, 24.966343827297937], [93.48049263650414, 24.966313408019353], [93.48057465897779, 24.96628298873325], [93.48065668145144, 24.966252569439614], [93.4807387048234, 24.966222150138513], [93.48082072729706, 24.96619173082984], [93.480902750669, 24.966161311513662], [93.48098477314264, 24.966130892189966], [93.48106679561631, 24.966100472858734], [93.48114881898826, 24.966070053520028], [93.4812308414619, 24.96603963417376], [93.48131286393554, 24.966009214819987], [93.48139488730752, 24.965978795458682], [93.48147690978116, 24.96594837608986], [93.48155893315312, 24.965917956713557], [93.48164095562679, 24.965887537329696], [93.48172297810042, 24.965857117938317], [93.4818050014724, 24.96582669853943], [93.48188702394604, 24.965796279133013], [93.48196904641968, 24.965765859719117], [93.48205106979162, 24.96573544029766], [93.4821330922653, 24.96570502086869], [93.48221511563723, 24.965674601432184], [93.4822971381109, 24.96564418198817], [93.48237916058453, 24.96561376253668], [93.4824611839565, 24.965583342263244], [93.48254320643015, 24.965552922796665], [93.48262522890379, 24.965522503322614], [93.48270725227576, 24.965492083840996], [93.48278927474941, 24.96546166435187], [93.48287129812138, 24.96543124485523], [93.48295332059502, 24.965400825351068], [93.48303534306868, 24.965370405839412], [93.48311736644061, 24.965339986320213], [93.48319938891429, 24.965309566793483], [93.48328141138794, 24.965279147259245], [93.48336343475987, 24.965248727717487], [93.48344545723351, 24.96521830816824], [93.48352748060549, 24.965187888611446], [93.48360950307912, 24.96515746904712], [93.48369152555279, 24.965127049475274], [93.48377354892475, 24.965096629895925], [93.4838555713984, 24.965066210309082], [93.48393759387204, 24.96503579071468], [93.48401961724402, 24.965005371112763], [93.48410163971765, 24.964974951503336], [93.48418366308964, 24.96494453188638], [93.48426568556327, 24.96491411226194], [93.4843477080369, 24.96488369262996], [93.48442973140885, 24.964853272990446], [93.48451175388251, 24.964822853343428], [93.48457067168707, 24.964762156543937], [93.48462958949159, 24.964701460528897], [93.48468850729613, 24.964640763669536], [93.4847474251007, 24.96458006678023], [93.48480634290523, 24.964519370675383], [93.48486526070975, 24.96445867372623], [93.48492417851428, 24.96439797674713], [93.48498309631884, 24.964337280552453], [93.48504201412338, 24.96427658351349], [93.48510093192792, 24.964215886444585], [93.48515984973244, 24.964155190160113], [93.485218767537, 24.964094493031336], [93.48527768534153, 24.964033795872634], [93.48533660314607, 24.96397309949837], [93.4853955209506, 24.963912402279785], [93.48545443875517, 24.963851705031278], [93.4855133565597, 24.963791008567235], [93.48557227436422, 24.963730311258853], [93.48563119216878, 24.9636696139205], [93.48569010997332, 24.963608917366667], [93.48574902777786, 24.96354821996848], [93.48580794558238, 24.96348752254036], [93.48586686338695, 24.96342682589669], [93.48592578119147, 24.9633661284087], [93.485984698996, 24.963305430890774], [93.48604361680053, 24.9632447341573], [93.48610253460511, 24.963184036579516], [93.48616145240962, 24.963123338971794], [93.48622037021416, 24.963062642148515], [93.4862792880187, 24.963001944480922], [93.48633820582326, 24.96294124678341], [93.48639712362778, 24.962880549870363], [93.48645604143232, 24.96281985211298], [93.48651495923687, 24.96275915432562], [93.48657387704141, 24.962698457322777], [93.48663279394763, 24.962637759475587], [93.48669171175217, 24.962577062412848], [93.4867506295567, 24.962516364505788], [93.48680954736123, 24.962455666568804], [93.4868684651658, 24.962394969416273], [93.48692738297034, 24.962334271419405], [93.48698630077486, 24.962273573392615], [93.48704521857938, 24.962212876150318], [93.48710413638395, 24.96215217806362], [93.48716305418849, 24.962091479947034], [93.48722197199302, 24.962030782614928], [93.48728088979755, 24.961970084438487], [93.48733980760211, 24.961909386232097], [93.48739872540663, 24.96184868881016], [93.48745764321117, 24.961787990543915], [93.48751656101574, 24.96172729224772], [93.48757547882028, 24.961666594736], [93.4876343966248, 24.96160589637996], [93.48769331442932, 24.96154519799397], [93.48775223223389, 24.961484500392448], [93.48781115003843, 24.961423801946598], [93.48787006784296, 24.96136310347083], [93.48792898564749, 24.961302405779524], [93.48798790345204, 24.961241707243886], [93.48804682125657, 24.961181008678285], [93.48810573906111, 24.961120310897197], [93.48816465686564, 24.961059612271765], [93.48822357467022, 24.960998913616393], [93.48828249247472, 24.96093821574548], [93.48834141027926, 24.96087751703025], [93.48840032808383, 24.960816818285075], [93.48845924588836, 24.960756120324376], [93.48851816369289, 24.960695421519357], [93.48857708149743, 24.960634722684386], [93.48863599930198, 24.960574024633896], [93.48869491710651, 24.96051332573907], [93.48877438027992, 24.96047601835316], [93.48885384345331, 24.96043871177034], [93.48893330662672, 24.96040140436181], [93.48901276980013, 24.960364097756372], [93.48909223207522, 24.960326790325208], [93.4891716952486, 24.96028948369719], [93.48925115842202, 24.960252176243404], [93.48933062159543, 24.96021486959274], [93.4894100847688, 24.960177562116385], [93.48948954794221, 24.960140254628712], [93.48956901111563, 24.96010294794413], [93.48964847428904, 24.960065640433807], [93.48972793746242, 24.96002833372664], [93.4898073997375, 24.959991026193713], [93.48988686291091, 24.959953719463904], [93.48996632608434, 24.95991641190839], [93.4900457892577, 24.95987910515596], [93.49012525243113, 24.95984179757783], [93.49020471560453, 24.959804490802792], [93.49028417877793, 24.95976718320203], [93.49036364195133, 24.95972987558997], [93.49044310512474, 24.959692568781026], [93.49052256739982, 24.95965526114636], [93.49060203057324, 24.959617954314783], [93.49068149374662, 24.959580646657507], [93.49076095692004, 24.959543339803325], [93.49084042009345, 24.959506032123404], [93.49091988326683, 24.959468725246612], [93.49099934644025, 24.95943141754411], [93.49107880961365, 24.9593941098303], [93.49115827278703, 24.959356802919576], [93.49123773506214, 24.95931949518312], [93.49131719823552, 24.959282188249826], [93.49139666140894, 24.95924488049075], [93.49147612458236, 24.959207573534815], [93.49155558775573, 24.959170265753166], [93.49163505092915, 24.95913295877461], [93.49171451410257, 24.959095650970344], [93.49179397727595, 24.95905834315474], [93.49187344044935, 24.959021036142307], [93.49195290272444, 24.958983728304084], [93.49203236589784, 24.958946421269], [93.49211182907126, 24.95890911340821], [93.49219129224464, 24.958871806350494], [93.49227075541805, 24.958834498467084], [93.49235021859147, 24.958797191386775], [93.49242968176485, 24.958759883480717], [93.49250914493827, 24.95872257556339], [93.49258860811167, 24.958685268449162], [93.49266807038676, 24.95864796050921], [93.49274753356016, 24.958610653372364], [93.49282699673356, 24.958573345409807], [93.49290645990696, 24.958536038250354], [93.49298592308038, 24.958498730265166], [93.49306538625375, 24.958461423083115], [93.49314484942718, 24.958424115075296], [93.49322431260059, 24.958386807870614], [93.49330377577395, 24.95834949984022], [93.49338323804905, 24.958312191798495], [93.49346270122246, 24.95827488455992], [93.49354216439588, 24.958237576495574], [93.49362162756928, 24.958200269234368], [93.49370109074266, 24.958162961147437], [93.49378055391607, 24.95812565386361], [93.49386001708949, 24.958088345754064], [93.49393948026287, 24.958051038447643], [93.49401894343629, 24.958013730315486], [93.49409840571137, 24.957976422171992], [93.49417786888478, 24.95793911483163], [93.49425733205817, 24.957901806665568], [93.49433679523158, 24.957864499302595], [93.49441625840498, 24.957827191113914], [93.49449572157836, 24.957789883728324], [93.49457518475178, 24.95775257551701], [93.4946546479252, 24.95771526810885], [93.49473411020028, 24.9576779598749], [93.49481357337369, 24.95764065162968], [93.49489303654707, 24.95760334418758], [93.49497249972049, 24.957566035919754], [93.4950519628939, 24.957528728455028], [93.49513142606727, 24.95749142016456], [93.49521088924068, 24.95745411267725], [93.4952903524141, 24.957416804364172], [93.49536981558748, 24.957379496854223], [93.4954492778626, 24.95734218851856], [93.49552874103597, 24.957304880986], [93.49560820420939, 24.95726757262773], [93.4956876673828, 24.957230264258115], [93.49576713055619, 24.95719295669164], [93.4958465937296, 24.95715564829944], [93.495926056903, 24.95711834071036], [93.4960055200764, 24.95708103229555], [93.4960849832498, 24.95704372468385], [93.49616444552488, 24.957006416246436], [93.4962439086983, 24.956969108612125], [93.49632337187171, 24.956931800152052], [93.4964028350451, 24.95689449168072], [93.49648229821851, 24.956857184012495], [93.49656176139192, 24.956819875518555], [93.4966412245653, 24.956782567827705], [93.49672068773872, 24.956745259311123], [93.49680015091212, 24.956707951597707], [93.4968796131872, 24.9566706430585], [93.49695907636062, 24.95663333532244], [93.49703853953399, 24.956596026760653], [93.49711800270741, 24.95655871818757], [93.49719746588083, 24.95652141041759], [93.49727692905421, 24.95648410182186], [93.49735639222762, 24.956446794029297], [93.49743585540102, 24.956409485410962], [93.49751531857441, 24.956372177595753], [93.4975947808495, 24.956334868954833], [93.4976742440229, 24.95629756111702], [93.49775370719632, 24.956260252453482], [93.49783317036973, 24.95622294377861], [93.49791263354311, 24.956185635906888], [93.49799209671653, 24.95614832720942], [93.49807155988994, 24.95611101931509], [93.49815102306333, 24.956073710595017], [93.49823048623674, 24.95603640267808], [93.49830994851182, 24.955999093935397], [93.49838941168522, 24.955961785995843], [93.4984688748586, 24.95592447723053], [93.49854833803202, 24.95588716926835], [93.49862780120544, 24.955849860480456], [93.49870726437885, 24.955812551681245], [93.49878672755223, 24.955775243685167], [93.49886619072564, 24.95573793486331], [93.49894565389906, 24.955700626844653], [93.49902511617414, 24.95566331800019], [93.49910457934752, 24.955626009958884], [93.49918404252092, 24.955588701091852], [93.49926350569433, 24.955551393027925], [93.49934296886772, 24.955514084138276], [93.49943269978483, 24.955512147388852], [93.49952243070193, 24.955510209824965], [93.49961216161904, 24.955508273075502], [93.4997018916378, 24.95550633632599], [93.49979162255491, 24.955504399576476], [93.499881353472, 24.95550246201245], [93.49997108438912, 24.955500525262874], [93.50006081530621, 24.955498588513233], [93.50015054622332, 24.95549665094914], [93.5002402762421, 24.955494714199464], [93.5003300071592, 24.955492777449734], [93.5004197380763, 24.955490840700005], [93.50050946899341, 24.955488903135773], [93.50059919991052, 24.955486966385955], [93.50068893082762, 24.955485029636126], [93.50077866084638, 24.955483092886283], [93.50086839176349, 24.955481155321934], [93.5009581226806, 24.955479218571977], [93.5010478535977, 24.95547728182203], [93.50113758451481, 24.955475344257597], [93.5012273154319, 24.955473407507576], [93.50131704634897, 24.95547147075753], [93.50140677636779, 24.95546953400743], [93.5014965072849, 24.95546759644287], [93.501586238202, 24.955465659692745], [93.50167596911906, 24.955463722942582], [93.50176570003617, 24.95546178537793], [93.50185543095327, 24.955459848627694], [93.50194516097207, 24.955457911877446], [93.50203489188918, 24.955455975127116], [93.50212462280625, 24.955454037562365], [93.50221435372335, 24.95545210081201], [93.50230408464046, 24.95545016406161], [93.50239381555755, 24.955448226496753], [93.50248354557634, 24.955446289746327], [93.50257327649344, 24.95544435299586], [93.50266300741055, 24.955442416245326], [93.50275273832764, 24.955440478680345], [93.50284246924475, 24.95543854192979], [93.50293220016187, 24.95543660517917], [93.50302193107896, 24.9554346676141], [93.50311166109772, 24.955432730863453], [93.50320139201483, 24.955430794112747], [93.50329112293194, 24.955428857362037], [93.50338085384904, 24.95542691979684], [93.50347058476615, 24.955424983046065], [93.50356031568325, 24.955423046295245], [93.50365004570203, 24.955421109544407], [93.50373977661913, 24.95541917197908], [93.50382950753624, 24.95541723522817], [93.50391923845334, 24.95541529847726], [93.50400896937045, 24.955413360911844], [93.50409870028751, 24.95541142416083], [93.50418843120461, 24.955409487409817], [93.50427816122341, 24.955407550658776], [93.50436789214052, 24.955405613093234], [93.50445762305759, 24.955403676342094], [93.50454735397469, 24.95540173959098], [93.5046370848918, 24.955399802025333], [93.5047268158089, 24.95539786527413], [93.50481654582768, 24.9553959285229], [93.50490627674478, 24.955393991771604], [93.50499600766189, 24.95539205420586], [93.50508573857898, 24.95539011745454], [93.5051754694961, 24.955388180703196], [93.5052652004132, 24.955386243137347], [93.50535493043196, 24.955384306385927], [93.50544466134906, 24.95538236963448], [93.50553439226617, 24.955380432882983], [93.50562412318328, 24.95537849531702], [93.50571385410038, 24.9553765585655], [93.50580358501749, 24.9553746218139], [93.50589331593459, 24.95537268424785], [93.50598304595337, 24.95537074749624], [93.50607277687047, 24.955368810744574], [93.50616250778758, 24.955366873992872], [93.50625223870468, 24.955364936426683], [93.50634196962179, 24.955362999674943], [93.50643170053885, 24.955361062923142], [93.50652143055765, 24.955359126171338], [93.50661116147475, 24.955357188605046], [93.50670089239186, 24.955355251853156], [93.50679062330893, 24.95535331510125], [93.50688035422603, 24.955351377534868], [93.50697008514314, 24.955349440782914], [93.50705981516195, 24.955347504030893], [93.50714954607902, 24.955345567278876], [93.50723927699612, 24.955343629712367], [93.50732900791323, 24.95534169296026], [93.5074187711697, 24.95534169296026], [93.50750853442612, 24.95534169296026], [93.50759829768259, 24.95534169296026], [93.50768806093902, 24.95534169296026], [93.50777782419549, 24.95534169296026], [93.50786758745193, 24.95534169296026], [93.50795735070838, 24.95534169296026], [93.50804711396485, 24.95534169296026], [93.50813687811961, 24.95534169296026], [93.50822664137604, 24.95534169296026], [93.50831640463251, 24.95534169296026], [93.50840616788894, 24.95534169296026], [93.5084959311454, 24.95534169296026], [93.50858569440184, 24.95534169296026], [93.50867545765831, 24.95534169296026], [93.50876522091475, 24.95534169296026], [93.50885498417121, 24.95534169296026], [93.50894474742765, 24.95534169296026], [93.5090345106841, 24.95534169296026], [93.50912427394057, 24.95534169296026], [93.50921403719701, 24.95534169296026], [93.50930380045347, 24.95534169296026], [93.5093935637099, 24.95534169296026], [93.50948332696636, 24.95534169296026], [93.5095730902228, 24.95534169296026], [93.50966285347927, 24.95534169296026], [93.50975261763404, 24.95534169296026], [93.50984238089046, 24.95534169296026], [93.50993214414693, 24.95534169296026], [93.51002190740336, 24.95534169296026], [93.51011167065982, 24.95534169296026], [93.51020143391627, 24.95534169296026], [93.51029119717272, 24.95534169296026], [93.51038096042919, 24.95534169296026], [93.51047072368563, 24.95534169296026], [93.5105604869421, 24.95534169296026], [93.51065025019852, 24.95534169296026], [93.51074001345499, 24.95534169296026], [93.51082977671142, 24.95534169296026], [93.51091953996789, 24.95534169296026], [93.51100930322431, 24.95534169296026], [93.51109906648078, 24.95534169296026], [93.51118882973721, 24.95534169296026], [93.51127859299368, 24.95534169296026], [93.51136835714846, 24.95534169296026], [93.51145812040488, 24.95534169296026], [93.51154788366135, 24.95534169296026], [93.51163764691782, 24.95534169296026], [93.51172741017425, 24.95534169296026], [93.51181717343071, 24.95534169296026], [93.51190693668714, 24.95534169296026], [93.51199669994361, 24.95534169296026], [93.51208646320005, 24.95534169296026], [93.51217622645652, 24.95534169296026], [93.51226598971294, 24.95534169296026], [93.51235575296941, 24.95534169296026], [93.51244551622584, 24.95534169296026], [93.51253527948231, 24.95534169296026], [93.51262504273873, 24.95534169296026], [93.5127148059952, 24.95534169296026], [93.51280456925167, 24.95534169296026], [93.5128943325081, 24.95534169296026], [93.51298409666286, 24.95534169296026], [93.51307385991933, 24.95534169296026], [93.51316362317576, 24.95534169296026], [93.51325338643223, 24.95534169296026], [93.51334314968867, 24.95534169296026], [93.51343291294512, 24.95534169296026], [93.51352267620156, 24.95534169296026], [93.51361243945802, 24.95534169296026], [93.51370220271446, 24.95534169296026], [93.51379196597092, 24.95534169296026], [93.51388172922736, 24.95534169296026], [93.51397149248383, 24.95534169296026], [93.51406125574029, 24.95534169296026], [93.51415101899673, 24.95534169296026], [93.51424078225318, 24.95534169296026], [93.51433054550962, 24.95534169296026], [93.51442030876609, 24.95534169296026], [93.51451007202252, 24.95534169296026], [93.51459983617728, 24.95534169296026], [93.51468959943375, 24.95534169296026], [93.51477936269018, 24.95534169296026], [93.51486912594665, 24.95534169296026], [93.51495888920307, 24.95534169296026], [93.51504865245954, 24.95534169296026], [93.51513841571597, 24.95534169296026], [93.51522817897244, 24.95534169296026], [93.5153179422289, 24.95534169296026], [93.51540770548533, 24.95534169296026], [93.5154974687418, 24.95534169296026], [93.51558723199824, 24.95534169296026], [93.51567699525471, 24.95534169296026], [93.51576675851113, 24.95534169296026], [93.5158565217676, 24.95534169296026], [93.51594628502403, 24.95534169296026], [93.5160360482805, 24.95534169296026], [93.51612581153694, 24.95534169296026], [93.5162155756917, 24.95534169296026], [93.51630533894817, 24.95534169296026], [93.51639510220464, 24.95534169296026], [93.51648486546107, 24.95534169296026], [93.51657462871754, 24.95534169296026], [93.51666439197396, 24.95534169296026], [93.51675415523043, 24.95534169296026], [93.51684391848686, 24.95534169296026], [93.51693368174332, 24.95534169296026], [93.51702344499975, 24.95534169296026], [93.51711320825622, 24.95534169296026], [93.51720297151266, 24.95534169296026], [93.51729273476913, 24.95534169296026], [93.51738249802555, 24.95534169296026], [93.51747226128202, 24.95534169296026], [93.51756202453845, 24.95534169296026], [93.51765178779492, 24.95534169296026], [93.51774155105139, 24.95534169296026], [93.51783131520614, 24.95534169296026], [93.51792107846258, 24.95534169296026], [93.51801084171905, 24.95534169296026], [93.51810060497549, 24.95534169296026], [93.51819036823194, 24.95534169296026], [93.51828013148838, 24.95534169296026], [93.51836989474484, 24.95534169296026], [93.51845965800128, 24.95534169296026], [93.51854942125775, 24.95534169296026], [93.51863918451417, 24.95534169296026], [93.51872894777064, 24.95534169296026], [93.51881871102708, 24.95534169296026], [93.51890847428353, 24.95534169296026], [93.51899823754, 24.95534169296026], [93.51908800079644, 24.95534169296026], [93.51917776405291, 24.95534169296026], [93.51926752730934, 24.95534169296026], [93.51935729056581, 24.95534169296026], [93.51944705472056, 24.95534169296026], [93.519536817977, 24.95534169296026], [93.51962658123345, 24.95534169296026], [93.5197163444899, 24.95534169296026], [93.51980610774636, 24.95534169296026], [93.51989587100279, 24.95534169296026], [93.51998563425926, 24.95534169296026], [93.52007539751573, 24.95534169296026], [93.52016516077215, 24.95534169296026], [93.52025492402862, 24.95534169296026], [93.52034468728505, 24.95534169296026], [93.52043445054152, 24.95534169296026], [93.52052421379794, 24.95534169296026], [93.52061397705441, 24.95534169296026], [93.52070374031085, 24.95534169296026], [93.52079350356732, 24.95534169296026], [93.52088326682376, 24.95534169296026], [93.52097303008021, 24.95534169296026], [93.52106279423498, 24.95534169296026], [93.5211525574914, 24.95534169296026], [93.52124232074787, 24.95534169296026], [93.52133208400434, 24.95534169296026], [93.52142184726078, 24.95534169296026], [93.52151161051725, 24.95534169296026], [93.52160137377368, 24.95534169296026], [93.52169113703015, 24.95534169296026], [93.52178090028657, 24.95534169296026], [93.52187066354304, 24.95534169296026], [93.52196042679947, 24.95534169296026], [93.52205019005594, 24.95534169296026], [93.52213995331236, 24.95534169296026], [93.52222971656883, 24.95534169296026], [93.52231947982527, 24.95534169296026], [93.52240924308174, 24.95534169296026], [93.52249900633817, 24.95534169296026], [93.52258876959463, 24.95534169296026], [93.5226785337494, 24.95534169296026], [93.52276829700585, 24.95534169296026], [93.5228580602623, 24.95534169296026], [93.52294782351875, 24.95534169296026], [93.5230375867752, 24.95534169296026], [93.52312735003166, 24.95534169296026], [93.5232171132881, 24.95534169296026], [93.52330687654457, 24.95534169296026], [93.52339663980099, 24.95534169296026], [93.52348640305746, 24.95534169296026], [93.52357616631389, 24.95534169296026], [93.52366592957036, 24.95534169296026], [93.52375569282682, 24.95534169296026], [93.52384545608325, 24.95534169296026], [93.52393521933972, 24.95534169296026], [93.52402498259615, 24.95534169296026], [93.52411474585261, 24.95534169296026], [93.52420450910905, 24.95534169296026], [93.5242942732638, 24.95534169296026], [93.52438403652027, 24.95534169296026], [93.5244737997767, 24.95534169296026], [93.52456356303317, 24.95534169296026], [93.52465332628961, 24.95534169296026], [93.52474308954606, 24.95534169296026], [93.5248328528025, 24.95534169296026], [93.52492261605897, 24.95534169296026], [93.52501237931544, 24.95534169296026], [93.52509987881736, 24.955358474614776], [93.5251873792176, 24.95537525626702], [93.52527487871954, 24.955392037102516], [93.52536237822149, 24.955408818750175], [93.52544987862173, 24.955425600395547], [93.52553737812364, 24.955442382038626], [93.5256248776256, 24.95545916286499], [93.52571237802584, 24.955475944503505], [93.52579987752779, 24.955492726139727], [93.5258873770297, 24.955509507773648], [93.52597487742997, 24.955526288590868], [93.52606237693189, 24.95554307022023], [93.52614987643383, 24.955559851847294], [93.52623737683408, 24.95557663347208], [93.52632487633603, 24.955593414280127], [93.52641237583795, 24.95561019590033], [93.52649987623819, 24.95562697751827], [93.52658737574014, 24.95564375913391], [93.52667487524208, 24.955660539932797], [93.52676237564232, 24.955677321543853], [93.52684987514424, 24.955694103152624], [93.52693737464618, 24.955710884759114], [93.52702487504642, 24.95572766636334], [93.52711237454838, 24.95574444715079], [93.5271998740503, 24.955761228750408], [93.52728737445057, 24.95577801034774], [93.52737487395248, 24.955794791942793], [93.52746237345443, 24.95581157272113], [93.52754987295637, 24.955828354311606], [93.52763737335661, 24.95584513589979], [93.52772487285853, 24.955861917485684], [93.52781237236049, 24.955878698254864], [93.52789987276073, 24.95589547983619], [93.52798737226267, 24.955912261415225], [93.52807487176459, 24.955929042991986], [93.52816237216486, 24.95594582375198], [93.52824987166677, 24.955962605324185], [93.52833737116872, 24.955979386894075], [93.52842487156896, 24.955996168461674], [93.52851237107092, 24.956012949212532], [93.52859987057283, 24.95602973077555], [93.52868737097307, 24.95604651233628], [93.52877487047502, 24.956063293894772], [93.52886236997696, 24.956080074636468], [93.5289498703772, 24.956096856190353], [93.52903736987912, 24.956113637741936], [93.52912486938106, 24.95613041929124], [93.5292123697813, 24.95614720083824], [93.52929986928326, 24.956163981568555], [93.52938736878518, 24.95618076311099], [93.52947486918545, 24.956197544651147], [93.52956236868737, 24.956214326189002], [93.52964986818931, 24.956231106910153], [93.52973736858955, 24.956247888443443], [93.5298248680915, 24.956264669974438], [93.52991236759341, 24.95628145150316], [93.52999986799365, 24.956298232215165], [93.53008736749561, 24.956315013739292], [93.53017486699756, 24.956331795261143], [93.5302623673978, 24.9563485767807], [93.53034986689971, 24.956365357483534], [93.53043736640166, 24.956382138998553], [93.5305248668019, 24.956398920511255], [93.53061236630384, 24.95641570202167], [93.53069986580576, 24.956432482715343], [93.53078736620604, 24.956449264221188], [93.53087486570796, 24.95646604572473], [93.5309623652099, 24.956482827225997], [93.53104986561014, 24.95649960872501], [93.53113736511209, 24.956516389407245], [93.531224864614, 24.956533170901654], [93.53131236501424, 24.956549952393758], [93.53139986451619, 24.956566733883587], [93.53148736401815, 24.9565835145567], [93.53157486441839, 24.956600296041962], [93.5316623639203, 24.95661707752492], [93.53174986342225, 24.956633859005603], [93.5318373638225, 24.95665063966957], [93.53192486332443, 24.956667421145667], [93.53201236282639, 24.956684202619478], [93.53209986322663, 24.956700984091015], [93.53218736272855, 24.956717764745832], [93.5322748622305, 24.956734546212786], [93.53236236263074, 24.95675132767745], [93.5324498621327, 24.956768109139837], [93.5325373616346, 24.95678488978547], [93.53262486113654, 24.956801671243277], [93.53271236153678, 24.95681845269882], [93.53279986103874, 24.956835234152056], [93.53288736054064, 24.95685201478854], [93.53297486094093, 24.956868796237202], [93.53306236044284, 24.956885577683558], [93.53314985994479, 24.95690235912764], [93.53323736034504, 24.956919140569465], [93.53332485984697, 24.956935921194514], [93.53341235934889, 24.956952702631725], [93.53349985974913, 24.956969484066654], [93.53358735925109, 24.9569862654993], [93.53367485875303, 24.957003046115236], [93.53376235915327, 24.9570198275433], [93.53384985865519, 24.957036608969084], [93.53393735815713, 24.95705339039258], [93.53402485855739, 24.95707017099936], [93.53411235805932, 24.957086952418273], [93.53419985756123, 24.95710373383491], [93.53428735796152, 24.957120515249247], [93.53437485746343, 24.957137295846852], [93.53446235696538, 24.957154077256657], [93.53454985736562, 24.957170858664124], [93.53463735686756, 24.957187640069325], [93.53472485636948, 24.95720442065778], [93.53481235676973, 24.957221202058403], [93.53489985627166, 24.957237983456732], [93.53495214540771, 24.957302629079244], [93.53500443544209, 24.957367274667824], [93.53505672457815, 24.9574319210369], [93.53510901461253, 24.957496566557595], [93.53516130374861, 24.957561212044336], [93.53521359378296, 24.95762585749713], [93.53526588291903, 24.957690502915973], [93.53531817295341, 24.957755148300883], [93.53537046208946, 24.95781979446629], [93.53542275212384, 24.95788443978329], [93.53547504125989, 24.957949085066357], [93.53552733039594, 24.958013730315486], [93.53557962043031, 24.958078375530654], [93.53563190956638, 24.958143020711884], [93.53568419960075, 24.95820766667357], [93.5357364887368, 24.9582723117869], [93.53578877877118, 24.958336956866297], [93.53584106790726, 24.958401601911728], [93.5358933579416, 24.95846624692323], [93.53594564707768, 24.958530891900775], [93.53599793621373, 24.958595537658816], [93.53605022624811, 24.95866018256846], [93.53610251538416, 24.95872482744417], [93.53615480541853, 24.95878947228593], [93.5362070945546, 24.958854117093747], [93.53625938458897, 24.95891876268202], [93.53631167372501, 24.95898340742193], [93.5363639637594, 24.959048052127894], [93.53641625289544, 24.959112696799927], [93.53646854292981, 24.959177341438004], [93.5365208320659, 24.959241986042127], [93.53657312120195, 24.959306631426745], [93.53662541123633, 24.959371275962983], [93.53667770037238, 24.95943592046525], [93.53672999040677, 24.959500564933602], [93.5367822795428, 24.959565209367984], [93.53683456957718, 24.959629853768426], [93.53688685871323, 24.95969449894932], [93.5369391487476, 24.959759143281875], [93.53699143788366, 24.959823787580476], [93.53700162388068, 24.95990382348685], [93.53701181077601, 24.95998385934115], [93.53702199677302, 24.96006389514343], [93.53703218277, 24.960143930893654], [93.53704236966533, 24.96022396659188], [93.53705255566234, 24.960304002238033], [93.53706274165934, 24.960384037832153], [93.53707292765635, 24.960464073374265], [93.53708311455168, 24.960544108864294], [93.5370933005487, 24.960624144302287], [93.53710348654569, 24.96070417968827], [93.53711367344101, 24.960784215022194], [93.53712385943803, 24.960864250304073], [93.53713404543501, 24.960944285533905], [93.53714423233033, 24.96102432071173], [93.53715441832735, 24.961104355837495], [93.53716460432437, 24.96118439091121], [93.53717479032137, 24.961264425932907], [93.53718497721668, 24.961344460902545], [93.5371951632137, 24.961424495820136], [93.5372053492107, 24.961504530685694], [93.53721553610602, 24.96158456549924], [93.53722572210303, 24.961664600260704], [93.53723590810006, 24.961744634970135], [93.53724609499538, 24.961824669627557], [93.53725628099235, 24.961904704232904], [93.53726646698938, 24.961984738786207], [93.5372766538847, 24.9620647732875], [93.53728683988169, 24.962144807736724], [93.5372970258787, 24.9622248421339], [93.53730721187573, 24.962304876479042], [93.53731739877105, 24.962384910772162], [93.53732758476804, 24.96246494501321], [93.53733777076506, 24.96254497920224], [93.53734795766037, 24.962625013339217], [93.53735814365737, 24.96270504742415], [93.53736832965438, 24.962785081457028], [93.53737851654971, 24.962865115437868], [93.53738870254672, 24.96294514936669], [93.5373988885437, 24.96302518324345], [93.53740907454073, 24.96310521706816], [93.53741926143606, 24.963185250840855], [93.53742944743304, 24.963265284561476], [93.53743963343007, 24.96334531823006], [93.53744982032538, 24.963425351846617], [93.53746000632239, 24.963505385411107], [93.53747019231939, 24.963585418923554], [93.53748037921471, 24.963665452383957], [93.53749056521174, 24.963745485792348], [93.53750075120871, 24.963825519148667], [93.53751093720574, 24.96390555245293], [93.53752112410106, 24.96398558570518], [93.53753131009807, 24.964065618905373], [93.53754149609507, 24.964145652053496], [93.53755168299038, 24.964225685149582], [93.53756186898741, 24.96430571819366], [93.53754507498317, 24.964385374124955], [93.53752828097893, 24.96446503000471], [93.53751148697471, 24.964544685832905], [93.53749469297045, 24.964624341609525], [93.53747789896622, 24.964703997334617], [93.53746110406365, 24.964783653008162], [93.53744431005941, 24.96486330863014], [93.53742751605519, 24.96494296420053], [93.53741072205095, 24.965022619719385], [93.53739392804671, 24.9651022751867], [93.53737713404247, 24.965181930602416], [93.53736034003823, 24.965261585966605], [93.537343546034, 24.965341241279244], [93.53732675202976, 24.965420896540294], [93.53730995802553, 24.96550055174982], [93.537293163123, 24.965580206907767], [93.53727636911876, 24.965659862014142], [93.53725957511452, 24.96573951706899], [93.53724278111028, 24.965819172072276], [93.53722598710604, 24.965898827023974], [93.5372091931018, 24.965978481924143], [93.53719239909756, 24.96605813677275], [93.53717560509334, 24.966137791569786], [93.53715881108909, 24.96621744631527], [93.53714201708486, 24.966297101009214], [93.5371252221823, 24.966376755651556], [93.53710842817804, 24.966456410242376], [93.53709163417382, 24.966536064781632], [93.53707484016958, 24.966615719269335], [93.53705804616534, 24.966695373705438], [93.5370412521611, 24.966775028904365], [93.53702445815688, 24.966854683237393], [93.53700766415263, 24.966934337518847], [93.53699087014839, 24.967013991748722], [93.53697407614416, 24.96709364592706], [93.53695728124163, 24.967173300053837], [93.53694048723739, 24.967252954129048], [93.53692369323315, 24.967332608152685], [93.53690689922891, 24.96741226212477], [93.53689010522469, 24.967491916045308], [93.53687331122043, 24.967571569914256], [93.5368565172162, 24.967651223731664], [93.53683972321197, 24.967730877497523], [93.53682292920773, 24.967810531211782], [93.53680613520349, 24.967890184874513], [93.53678934030093, 24.967969838485693], [93.53677254629669, 24.968049492045264], [93.53675575229245, 24.968129145553306], [93.53673895828821, 24.968208799009787], [93.536722164284, 24.96828845241468], [93.53670537027978, 24.968368105768043], [93.53668857627554, 24.968447759069846], [93.5366717822713, 24.96852741232005], [93.53665498826706, 24.968607065518714], [93.53663819426284, 24.968686718665825], [93.53662139936026, 24.96876637176135], [93.53660460535602, 24.968846024805327], [93.5365878113518, 24.968925677797753], [93.53657101734754, 24.96900533073861], [93.53655422334332, 24.969084983627873], [93.53653742933908, 24.96916463646562], [93.5365650669071, 24.969241545693734], [93.5365889001099, 24.969319493174318], [93.53660892715085, 24.96939831684908], [93.53662517138615, 24.96947785221724], [93.53663768940962, 24.969557940478825], [93.53664655937473, 24.969638427720362], [93.5366518827911, 24.969719171429677], [93.53665377823637, 24.96980004212466], [93.5366523768645, 24.969880920909997], [93.53664781881277, 24.969961704363296], [93.53664025050648, 24.970042302906474], [93.5366298183711, 24.970122637548087], [93.53661667152693, 24.970202644769547], [93.53660095550102, 24.97028227082462], [93.5365828113289, 24.970361471739377], [93.53656237375787, 24.970440211683325], [93.53653977573859, 24.970518465412717], [93.53651513854363, 24.97059621256984], [93.53648858075054, 24.970673437683114], [93.53646021105557, 24.970750132610046], [93.53643013456156, 24.9708262900226], [93.53639844828653, 24.97090190992172], [93.53636524206206, 24.970976991494084], [93.53633060122806, 24.971051538812382], [93.5362946048363, 24.97112555676362], [93.53625732565035, 24.971199051049144], [93.53621883373873, 24.971272029813314], [93.53617919288187, 24.97134450201479], [93.53613846326688, 24.971416474983474], [93.53609669969102, 24.971487960935377], [93.53605395515487, 24.971558967200384], [93.53601027726909, 24.971629505994372], [93.53596571184785, 24.971699587904553], [93.53592030111194, 24.971769221889396], [93.5358740854855, 24.971838418536063], [93.53582710179951, 24.97190718924599], [93.53577938418994, 24.9719755437919], [93.53573096589444, 24.972043491946554], [93.53568187745576, 24.972111043482595], [93.53563214761994, 24.97217820898707], [93.53558180333646, 24.9722449966039], [93.53553086975816, 24.97231141692006], [93.53547937113957, 24.9723774780795], [93.53542732993851, 24.972443187411756], [93.53537476771461, 24.97250855631806], [93.53532170423078, 24.972573592127944], [93.53526815835164, 24.97263830135656], [93.53521414894183, 24.972702692962088], [93.53515969217099, 24.972766775088335], [93.53510480510712, 24.972830553436076], [93.53504950122496, 24.972894036149107], [93.53499379669421, 24.97295723055682], [93.5349377040912, 24.973020141545618], [93.53488123778911, 24.973082777259282], [93.53482440856759, 24.973145143398494], [93.53476722990143, 24.973207245663914], [93.53470971257045, 24.973269090570618], [93.53465239107216, 24.973330885772313], [93.53459553400286, 24.97339303191761], [93.53453907668388, 24.97345547851778], [93.53448296252137, 24.97351817752718], [93.53442713581971, 24.973581086600497], [93.53437154357837, 24.973644167464162], [93.53431613728826, 24.973707381844623], [93.53426087023703, 24.973770695540143], [93.5342056966106, 24.97383407760624], [93.53415057508644, 24.973897495469874], [93.53409546254545, 24.97396092062974], [93.53404031946175, 24.974024323770205], [93.53398510810605, 24.974087678018662], [93.53392978895255, 24.974150955688334], [93.5338743269669, 24.974214129092335], [93.53381868531821, 24.974277172986948], [93.53376282807386, 24.97434006049981], [93.53370672109784, 24.974402763944273], [93.53365032845755, 24.974465257262406], [93.53359361601703, 24.974527511953365], [93.53353654964029, 24.974589501145005], [93.53347909608965, 24.974651194708017], [93.53342122033087, 24.974712563327305], [93.53336288912621, 24.97477357605936], [93.5333040665431, 24.97483420033206], [93.53324472024215, 24.97489440357329], [93.53318481429082, 24.97495414913946], [93.53312431545135, 24.97501340201566], [93.53306318779123, 24.97507212148686], [93.53300139627609, 24.975130268466653], [93.5329389076683, 24.975187798982944], [93.53287568513691, 24.975244666620643], [93.53281169454596, 24.975300824150484], [93.53274690086114, 24.975356220271713], [93.53268126994648, 24.975410799612074], [93.53261476766602, 24.975464505170745], [93.53254736168036, 24.97551727587548], [93.53247901785355, 24.97556904739684], [93.53240970654117, 24.975619749705253], [93.5323393980988, 24.97566931114267], [93.53226806647535, 24.975717655165255], [93.53219568561966, 24.975764701157672], [93.53212223576878, 24.975810364433116], [93.53204769895638, 24.975854557047683], [93.53197294026013, 24.97589687429095], [93.53189731379129, 24.97593790328206], [93.53182087883873, 24.975977683109097], [93.53174369379288, 24.97601625530307], [93.53166581345101, 24.976053662209146], [93.53158728991541, 24.97608994617243], [93.53150817079674, 24.97612515116658], [93.53142850190913, 24.976159321165124], [93.53134832367677, 24.97619250095589], [93.53126767832048, 24.976224734512275], [93.53118659997617, 24.97625606580764], [93.53110512547487, 24.97628653800092], [93.5310232853592, 24.976316195065362], [93.53094110927364, 24.976345079345474], [93.53085862506593, 24.976373234000082], [93.53077585968555, 24.976400700559303], [93.53069283648867, 24.97642751973891], [93.5306095770349, 24.976453733883268], [93.53052610468038, 24.976479382079418], [93.53044243739144, 24.976504505043017], [93.530358594931, 24.976529141861047], [93.53027459346879, 24.97655333162044], [93.5301904509711, 24.976577112593862], [93.53010618181092, 24.976600524682482], [93.53002180215795, 24.976623604530193], [93.52993732458864, 24.97664639122384], [93.52985276437433, 24.976668923035916], [93.52976813409141, 24.976691237424557], [93.52968344631631, 24.97671337347651], [93.52959871452376, 24.976735368649823], [93.52951395039187, 24.976757262031207], [93.52942916649705, 24.976779093521575], [93.52934437541569, 24.976800902207607], [93.52925959062253, 24.97682272799009], [93.5291748237957, 24.97684461321289], [93.52909008840989, 24.97686659940541], [93.52900539883815, 24.976888728911348]]]}}]}