{"type": "FeatureCollection", "features": [{"type": "Feature", "properties": {"premiumdata.sde.IN_Village_PCA.area": 307.31500576999997, "objectid": 648303, "id": "122361695654140", "name": "Data Partially Available", "subdistrict": "Ziro HQ", "district": "Lower Subansiri", "state": "Arunachal Pradesh", "country": "India", "censusname": null, "villagename_locallang": null, "lgd_villagename": null, "lgd_villagecode": null, "lgd_subdistrictcode": 1695, "lgd_districtcode": 236, "lgd_statecode": 12, "censuscode2001": null, "censuscode2011": null, "censuscode2021": null, "level": "Village", "tru": "Rural", "no_hh": null, "tot_p": null, "tot_m": null, "tot_f": null, "per_tot_m": 0.0, "per_tot_f": 0.0, "p_06": null, "m_06": null, "f_06": null, "per_p_06": 0.0, "per_m_06": 0.0, "per_f_06": 0.0, "p_sc": null, "m_sc": null, "f_sc": null, "per_p_sc": 0.0, "per_m_sc": 0.0, "per_f_sc": 0.0, "p_st": null, "m_st": null, "f_st": null, "per_p_st": 0.0, "per_m_st": 0.0, "per_f_st": 0.0, "p_lit": null, "m_lit": null, "f_lit": null, "per_p_lit": 0.0, "per_m_lit": 0.0, "per_f_lit": 0.0, "p_ill": null, "m_ill": null, "f_ill": null, "per_p_ill": 0.0, "per_m_ill": 0.0, "per_f_ill": 0.0, "tot_work_p": null, "tot_work_m": null, "tot_work_f": null, "per_tot_work_p": 0.0, "per_tot_work_m": 0.0, "per_tot_work_f": 0.0, "mainwork_p": null, "mainwork_m": null, "mainwork_f": null, "per_mainwork_p": 0.0, "per_mainwork_m": 0.0, "per_mainwork_f": 0.0, "main_cl_p": null, "main_cl_m": null, "main_cl_f": null, "per_main_cl_p": 0.0, "per_main_cl_m": 0.0, "per_main_cl_f": 0.0, "main_al_p": null, "main_al_m": null, "main_al_f": null, "per_main_al_p": 0.0, "per_main_al_m": 0.0, "per_main_al_f": 0.0, "main_hh_p": null, "main_hh_m": null, "main_hh_f": null, "per_main_hh_p": 0.0, "per_main_hh_m": 0.0, "per_main_hh_f": 0.0, "main_ot_p": null, "main_ot_m": null, "main_ot_f": null, "per_main_ot_p": 0.0, "per_main_ot_m": 0.0, "per_main_ot_f": 0.0, "margwork_p": null, "margwork_m": null, "margwork_f": null, "per_margwork_p": 0.0, "per_margwork_m": 0.0, "per_margwork_f": 0.0, "marg_cl_p": null, "marg_cl_m": null, "marg_cl_f": null, "per_marg_cl_p": 0.0, "per_marg_cl_m": 0.0, "per_marg_cl_f": 0.0, "marg_al_p": null, "marg_al_m": null, "marg_al_f": null, "per_marg_al_p": 0.0, "per_marg_al_m": 0.0, "per_marg_al_f": 0.0, "marg_hh_p": null, "marg_hh_m": null, "marg_hh_f": null, "per_marg_hh_p": 0.0, "per_marg_hh_m": 0.0, "per_marg_hh_f": 0.0, "marg_ot_p": null, "marg_ot_m": null, "marg_ot_f": null, "per_marg_ot_p": 0.0, "per_marg_ot_m": 0.0, "per_marg_ot_f": 0.0, "margwork_3_6_p": null, "margwork_3_6_m": null, "margwork_3_6_f": null, "per_margwork_3_6_p": 0.0, "per_margwork_3_6_m": 0.0, "per_margwork_3_6_f": 0.0, "marg_cl_3_6_p": null, "marg_cl_3_6_m": null, "marg_cl_3_6_f": null, "per_marg_cl_3_6_p": 0.0, "per_marg_cl_3_6_m": 0.0, "per_marg_cl_3_6_f": 0.0, "marg_al_3_6_p": null, "marg_al_3_6_m": null, "marg_al_3_6_f": null, "per_marg_al_3_6_p": 0.0, "per_marg_al_3_6_m": 0.0, "per_marg_al_3_6_f": 0.0, "marg_hh_3_6_p": null, "marg_hh_3_6_m": null, "marg_hh_3_6_f": null, "per_marg_hh_3_6_p": 0.0, "per_marg_hh_3_6_m": 0.0, "per_marg_hh_3_6_f": 0.0, "marg_ot_3_6_p": null, "marg_ot_3_6_m": null, "marg_ot_3_6_f": null, "per_marg_ot_3_6_p": 0.0, "per_marg_ot_3_6_m": 0.0, "per_marg_ot_3_6_f": 0.0, "margwork_0_3_p": null, "margwork_0_3_m": null, "margwork_0_3_f": null, "per_margwork_0_3_p": 0.0, "per_margwork_0_3_m": 0.0, "per_margwork_0_3_f": 0.0, "marg_cl_0_3_p": null, "marg_cl_0_3_m": null, "marg_cl_0_3_f": null, "per_marg_cl_0_3_p": 0.0, "per_marg_cl_0_3_m": 0.0, "per_marg_cl_0_3_f": 0.0, "marg_al_0_3_p": null, "marg_al_0_3_m": null, "marg_al_0_3_f": null, "per_marg_al_0_3_p": 0.0, "per_marg_al_0_3_m": 0.0, "per_marg_al_0_3_f": 0.0, "marg_hh_0_3_p": null, "marg_hh_0_3_m": null, "marg_hh_0_3_f": null, "per_marg_hh_0_3_p": 0.0, "per_marg_hh_0_3_m": 0.0, "per_marg_hh_0_3_f": 0.0, "marg_ot_0_3_p": null, "marg_ot_0_3_m": null, "marg_ot_0_3_f": null, "per_marg_ot_0_3_p": 0.0, "per_marg_ot_0_3_m": 0.0, "per_marg_ot_0_3_f": 0.0, "non_work_p": null, "non_work_m": null, "non_work_f": null, "per_non_work_p": 0.0, "per_non_work_m": 0.0, "per_non_work_f": 0.0, "per_hc_tot_tot": null, "per_hc_tot_god": null, "per_hc_tot_liv": null, "per_hc_tot_dil": null, "per_hc_res_tot": null, "per_hc_res_god": null, "per_hc_res_liv": null, "per_hc_res_dil": null, "per_hc_oth_tot": null, "per_hc_oth_god": null, "per_hc_oth_liv": null, "per_hc_oth_dil": null, "per_mt_grsbam": null, "per_mt_plastic": null, "per_mt_h_tiles": null, "per_mt_m_tiles": null, "per_mt_b_brick": null, "per_mt_stone": null, "per_mt_asbstos": null, "per_mt_concrte": null, "per_mt_oth": null, "per_mw_grsbam": null, "per_mw_plastic": null, "per_mw_mud": null, "per_mw_wood": null, "per_mw_no_mrtr": null, "per_mw_st_mrtr": null, "per_mw_asbstos": null, "per_mw_b_brick": null, "per_mw_concrte": null, "per_mw_oth": null, "per_mf_mud": null, "per_mf_wood": null, "per_mf_b_brick": null, "per_mf_stone": null, "per_mf_cement": null, "per_mf_fl_tile": null, "per_mf_oth": null, "per_dw_n_exrm": null, "per_dw_1_room": null, "per_dw_2_room": null, "per_dw_3_room": null, "per_dw_4_room": null, "per_dw_5_room": null, "per_dw_6_room": null, "per_hhsize_1": null, "per_hhsize_2": null, "per_hhsize_3": null, "per_hhsize_4": null, "per_hhsize_5": null, "per_hhsize_6_8": null, "per_hhsize_9p": null, "per_ow_owned": null, "per_ow_rented": null, "per_ow_oth": null, "per_mc_none": null, "per_mcouple_1": null, "per_mcouple_2": null, "per_mcouple_3": null, "per_mcouple_4": null, "per_mcouple_5p": null, "per_dw_t_ts": null, "per_dw_t_unts": null, "per_dw_c_well": null, "per_dw_unc_wel": null, "per_dw_hpump": null, "per_dw_tw_bore": null, "per_dw_spring": null, "per_dw_rivcan": null, "per_dw_tank": null, "per_dw_oth": null, "per_loc_dw_wp": null, "per_loc_dw_np": null, "per_loc_dw_aw": null, "per_light_elec": null, "per_light_kero": null, "per_light_solr": null, "per_light_oil": null, "per_light_oth": null, "per_light_no": null, "per_hh_latrine": null, "per_fl_sewer": null, "per_fl_septict": null, "per_fl_othsys": null, "per_pl_wslab": null, "per_pl_without": null, "per_ns_open": null, "per_sl_ns_hum": null, "per_sl_ns_anml": null, "per_hh_no_lat": null, "per_as_pub": null, "per_as_open": null, "per_hh_bathrm": null, "per_hh_en_wrf": null, "per_hh_no_btrm": null, "per_wwoc_drain": null, "per_wwoc_open": null, "per_wwoc_nodrn": null, "per_cook_fire": null, "per_cook_resdu": null, "per_cook_cwdng": null, "per_cook_coal": null, "per_cook_kero": null, "per_cook_lpng": null, "per_cook_elec": null, "per_cook_biogs": null, "per_cook_oth": null, "per_cook_no": null, "per_kf_inside": null, "per_kf_in_has": null, "per_kf_in_does": null, "per_kf_outside": null, "per_kf_out_has": null, "per_kf_out_dos": null, "per_kf_no_cook": null, "per_hh_banking": null, "per_hh_radio": null, "per_hh_tv": null, "per_hh_cmp_int": null, "per_hh_cmp_wnt": null, "per_hh_ph_ll": null, "per_hh_ph_mob": null, "per_hh_ph_bth": null, "per_hh_bcycl": null, "per_hh_2wheel": null, "per_hh_4wheel": null, "per_hh_tvcomp": null, "per_hh_no_ast": null, "per_hs_perma": null, "per_hs_sperma": null, "per_hs_temp": null, "per_hs_servc": null, "per_hs_nservc": null, "per_hs_unclss": null, "avghhsz_cy": null, "st_areashape": 307315005.76857275, "st_lengthshape": 176447.8245580136}, "geometry": {"type": "Polygon", "coordinates": [[[94.00908928189551, 27.587600965603695], [94.00780148495195, 27.587886309870235], [94.0049298871956, 27.588522584178122], [94.00002774296092, 27.5877326258743], [93.99215460148541, 27.587995945941234], [93.9856184091725, 27.58812760573757], [93.97952786568213, 27.586416016850862], [93.97150617519796, 27.584046080932694], [93.965118532792, 27.58193942761364], [93.96259318527203, 27.580491080233497], [93.95902798930166, 27.580886086178268], [93.95546279333131, 27.58101775451041], [93.9513033986314, 27.579174384273593], [93.94001361109247, 27.57469749947319], [93.93288321915172, 27.571537235410787], [93.93035787253004, 27.569035294678496], [93.92798107491704, 27.56679666865724], [93.92545572829536, 27.56468968410428], [93.92263328096146, 27.56389955496691], [93.92159343251109, 27.56389955496691], [93.92144488260413, 27.5683768803286], [93.91862243616853, 27.572327309561636], [93.91431449066337, 27.579174384273593], [93.90956089633565, 27.58654767854418], [93.9028761541158, 27.587600965603695], [93.89345543459463, 27.58841273127805], [93.89218056620466, 27.588522584178122], [93.87747413260232, 27.58812760573757], [93.86469884779041, 27.586942662675675], [93.85727135603572, 27.585362718409755], [93.84613011930209, 27.581676093004102], [93.83513743157702, 27.57785767250871], [93.8332062836849, 27.57667261769084], [93.83365193340576, 27.568903611965276], [93.82978963762149, 27.569166977233706], [93.82280779558769, 27.573249056476538], [93.81790565135302, 27.573249056476538], [93.81226075758354, 27.575092525483594], [93.80052532122201, 27.574039118301386], [93.78804713532573, 27.571932272799174], [93.78165949291977, 27.57061547411589], [93.77482620079296, 27.568903611965276], [93.77066680519475, 27.567323408674536], [93.76811636952549, 27.5640655855337], [93.76851158872464, 27.56244516157196], [93.7689869484269, 27.558020272603418], [93.77005650685871, 27.55317376078482], [93.77374054275464, 27.54790557033778], [93.77552314073984, 27.54379620689745], [93.77778109842728, 27.540424306332504], [93.78657928815149, 27.53659864076148], [93.79014044439802, 27.535050126571456], [93.80000415283017, 27.531256429024726], [93.80737222462204, 27.523036302356758], [93.81058090081572, 27.514920959975747], [93.81367073708381, 27.506699612172433], [93.81889969111381, 27.49447185669537], [93.82175184753076, 27.492152645965685], [93.82436632499493, 27.484983869102003], [93.82734147155409, 27.47509843114944], [93.83235236404043, 27.469253093720344], [93.83672567096568, 27.466553754037754], [93.84090883418965, 27.46554148411464], [93.8431905595029, 27.461661031419045], [93.84756386642815, 27.459805114418305], [93.8517470296521, 27.459973835364167], [93.85935278039683, 27.459973835364167], [93.86353594362082, 27.458455336759236], [93.8673388194423, 27.45778044213174], [93.87038112045886, 27.45778044213174], [93.87459661943983, 27.458017082339428], [93.87474329815602, 27.458278796958474], [93.87559814216694, 27.458387115570076], [93.87807164521689, 27.458278860727834], [93.87986733165579, 27.457935930801195], [93.8811672998731, 27.45754335104197], [93.8822244687405, 27.45746211067445], [93.88307932353115, 27.457701240178316], [93.88454118882395, 27.458355469245852], [93.8856338258737, 27.459172143333138], [93.88628133242881, 27.459826389977437], [93.88663546178854, 27.460485162666064], [93.88716660327667, 27.46062049921903], [93.88872961976877, 27.460327103747954], [93.88990820672657, 27.460196160468634], [93.8912891598634, 27.460353976458293], [93.89288259870088, 27.460777981413838], [93.89455194428159, 27.4613237921127], [93.89703077344288, 27.462586928097974], [93.89785538105963, 27.463038046008617], [93.89985867804214, 27.463746186450756], [93.90090585494859, 27.46405737470684], [93.90252973589443, 27.46448126419054], [93.90356179774794, 27.465004508283055], [93.90441703701758, 27.466479865198917], [93.90565184863071, 27.468568812269528], [93.9069169208925, 27.470098220018524], [93.90865757384215, 27.471677153323153], [93.90980110674094, 27.472480086218862], [93.91077266706007, 27.47334622321047], [93.91136491195384, 27.474532809897642], [93.91183577379147, 27.47579613402243], [93.91244821101623, 27.476752586266304], [93.91330342243805, 27.477465313664048], [93.91465959824271, 27.478466694227556], [93.9149227085012, 27.478570408028972], [93.91527709388082, 27.479305814063654], [93.91574803746514, 27.480623268483512], [93.91589496321804, 27.481241408641207], [93.91630530106343, 27.482820588699273], [93.9169280734055, 27.484192142114516], [93.91793047558328, 27.48597871832084], [93.91830031108742, 27.487363874656417], [93.91859895061376, 27.487702208111635], [93.92039556680895, 27.488915481205893], [93.92181285500239, 27.4904131199936], [93.92230886158313, 27.490801019712652], [93.92287066436856, 27.491224995169798], [93.923310893655, 27.491301563252886], [93.92448966386914, 27.490908620242497], [93.92575954571099, 27.49061941653587], [93.92640716006392, 27.490537978221138], [93.92755584929245, 27.490826365337814], [93.92894239264528, 27.491195880398223], [93.93023768513157, 27.491168337064963], [93.93150757775315, 27.490933227931087], [93.93240806336702, 27.490612516323253], [93.93438081673153, 27.48950624862681], [93.93558957270984, 27.488504044822115], [93.93591316204487, 27.48805720135524], [93.93618122920711, 27.48787209046695], [93.93656070004101, 27.48787193427393], [93.93668225737031, 27.48811103126393], [93.93759383987286, 27.48971701184191], [93.9387731787206, 27.49050615465883], [93.9399529236068, 27.49200370567093], [93.94053517564137, 27.49267577617667], [93.94198283317961, 27.493622700394035], [93.94352956591052, 27.494509642775395], [93.94478190545149, 27.495227766278777], [93.9456978537663, 27.4953852571809], [93.94726143529871, 27.49546572373966], [93.94769557580416, 27.49555044062474], [93.94966016617771, 27.495933799352873], [93.95201836776602, 27.496302588081893], [93.95408299632624, 27.496509053674693], [93.95800490970267, 27.497061891571192], [93.95871331574583, 27.497061488371845], [93.959026297774, 27.49710919656608], [93.973382680368, 27.502744967969914], [93.97765469236347, 27.502889304195683], [93.98006190783036, 27.502970583576015], [94.01047452089453, 27.501629440626818], [94.02400201899276, 27.499421098033874], [94.02602396230563, 27.50370131603823], [94.02630472715441, 27.50379470360542], [94.02958915827598, 27.504887157360415], [94.03330290415329, 27.5056777116737], [94.03360000396725, 27.50923513340629], [94.03394405872106, 27.51060832250437], [94.03478840232457, 27.513978184254697], [94.03657100030979, 27.51542740893534], [94.04087894581494, 27.51793057080659], [94.04488979150617, 27.5191162587577], [94.04132459553581, 27.521619335873822], [94.04117077251813, 27.521678326850132], [94.03582825167328, 27.523727146640653], [94.03434275350202, 27.526361852680264], [94.03493695223156, 27.5292599565578], [94.03107465734556, 27.530972436717924], [94.02691526174735, 27.532816616345983], [94.02320151587004, 27.537822090556187], [94.01963631989967, 27.541510188192614], [94.01443707585105, 27.543881043469348], [94.01102042978766, 27.549939662236017], [94.00998058133727, 27.55007136769756], [94.01176317932244, 27.554549257023652], [94.01236630820422, 27.557222806802372], [94.01295157767979, 27.559817127963132], [94.0108718798807, 27.567850145367455], [94.01072332997374, 27.573907441592937], [94.01042623105813, 27.578779372164764], [94.00864363307295, 27.58391441623599], [94.00908928189551, 27.587600965603695]], [[93.9751506079663, 27.577745957640516], [93.97506282908827, 27.57776168679762], [93.9749772528794, 27.577785083854938], [93.97489473004413, 27.577815917894647], [93.97481608164267, 27.577853881557623], [93.97474208831106, 27.577898597413633], [93.97467348487112, 27.57794962194296], [93.97461095494083, 27.578006447129365], [93.97455511835771, 27.578068508422945], [93.97450653117895, 27.578135189518154], [93.97446567490148, 27.578205827131516], [93.97443295736053, 27.578279718964783], [93.97440870194953, 27.578356131667498], [93.97439315121365, 27.57843430481868], [93.97438645876481, 27.578513462074547], [93.97438869107829, 27.5785928167422], [93.97439982659454, 27.578671579742323], [93.97441975482079, 27.57874896836786], [93.97444827633106, 27.578824214246282], [93.97448510905436, 27.578896568913144], [93.97452988647801, 27.57896531257048], [93.97458216393596, 27.57902976364158], [93.97464142040536, 27.579089280362894], [93.97470706838801, 27.579143271134893], [93.97477845570701, 27.57919120089154], [93.97485487179497, 27.579232591896208], [93.97493555757548, 27.57926703249979], [93.9750197117513, 27.579294181917927], [93.97510649709258, 27.579313768637977], [93.97519505121666, 27.579325599973885], [93.97528449467286, 27.57932955649208], [93.97537393812905, 27.579325599973885], [93.97546249225316, 27.579313768637977], [93.97554927759441, 27.579294181917927], [93.97563343177023, 27.57926703249979], [93.97571411755074, 27.579232591896208], [93.97579053363869, 27.57919120089154], [93.9758619209577, 27.579143271134893], [93.97592756894035, 27.579089280362894], [93.97598682540975, 27.57902976364158], [93.9760391028677, 27.57896531257048], [93.97608388029136, 27.578896568913144], [93.97612071301465, 27.578824214246282], [93.97614923452493, 27.57874896836786], [93.97616916275116, 27.578671579742323], [93.97618029826747, 27.5785928167422], [93.97618253058091, 27.578513462074547], [93.97617583813206, 27.57843430481868], [93.97616028739618, 27.578356131667498], [93.97613603198519, 27.578279718964783], [93.97610331444423, 27.578205827131516], [93.97606245816678, 27.578135189518154], [93.97601387098801, 27.578068508422945], [93.97595803440491, 27.578006447129365], [93.9758955044746, 27.57794962194296], [93.9758269010347, 27.577898597413633], [93.97575290770303, 27.577853881557623], [93.97567425930158, 27.577815917894647], [93.97559173646633, 27.577785083854938], [93.97550616025744, 27.57776168679762], [93.97541838137943, 27.577745957640516], [93.97532927209652, 27.57773805404476], [93.9752397172492, 27.57773805404476], [93.9751506079663, 27.577745957640516]], [[94.00046692391345, 27.57515080375133], [94.00055547803753, 27.575162635536202], [94.00064492149373, 27.575166592204532], [94.00073436494993, 27.575162635536202], [94.00082291907403, 27.57515080375133], [94.00090970441529, 27.575131216287957], [94.00099385859112, 27.57510406583956], [94.00107454437165, 27.57506962392901], [94.0011509604596, 27.575028231353635], [94.00122234777858, 27.574980299778105], [94.00128799576123, 27.574926306957295], [94.00134725223063, 27.574866787977456], [94.00139952968858, 27.57480233446056], [94.00144430711224, 27.57473358819451], [94.00148113983552, 27.574661230781988], [94.0015096613458, 27.574585982048156], [94.00152958957204, 27.574508590485895], [94.00154072508833, 27.574429824496892], [94.00154295740178, 27.57435046681794], [94.00153626495295, 27.574271306558305], [94.00152071421707, 27.574193130440634], [94.00149645880606, 27.57411671483827], [94.00146374126511, 27.57404282020105], [94.00142288498765, 27.573972179907205], [94.00137429780891, 27.57390549628169], [94.0013184612258, 27.573843432633076], [94.0012559312955, 27.573786605290316], [94.00118732785556, 27.57373557882481], [94.00111333452391, 27.573690861271995], [94.00103468612245, 27.573652896168433], [94.0009521632872, 27.573622060958648], [94.0008665870783, 27.5735986630135], [94.0007788082003, 27.573582933259516], [94.00068969891738, 27.57357502936389], [94.00060014407008, 27.57357502936389], [94.00051103478717, 27.573582933259516], [94.00042325590918, 27.5735986630135], [94.00033767970027, 27.573622060958648], [94.000255156865, 27.573652896168433], [94.00017650846355, 27.573690861271995], [94.00010251513194, 27.57373557882481], [94.000033911692, 27.573786605290316], [93.9999713817617, 27.573843432633076], [93.99991554517858, 27.57390549628169], [93.99986695799981, 27.573972179907205], [93.99982610172235, 27.57404282020105], [93.9997933841814, 27.57411671483827], [93.99976912877041, 27.574193130440634], [93.99975357803454, 27.574271306558305], [93.99974688558568, 27.57435046681794], [93.99974911789916, 27.574429824496892], [93.99976025341542, 27.574508590485895], [93.9997801816417, 27.574585982048156], [93.99980870315194, 27.574661230781988], [93.99984553587522, 27.57473358819451], [93.99989031329888, 27.57480233446056], [93.99994259075683, 27.574866787977456], [94.00000184722624, 27.574926306957295], [94.0000674952089, 27.574980299778105], [94.00013888252789, 27.575028231353635], [94.00021529861586, 27.57506962392901], [94.00029598439635, 27.57510406583956], [94.00038013857217, 27.575131216287957], [94.00046692391345, 27.57515080375133]], [[93.98507127138406, 27.575128927009427], [93.98515982550816, 27.57511709522093], [93.98524661084943, 27.575097507751526], [93.98533076502524, 27.57507035729481], [93.98541145080574, 27.575035915373675], [93.98548786689369, 27.574994522785577], [93.9855592542127, 27.574946591195314], [93.98562490219535, 27.574892598357923], [93.98568415866475, 27.57483307935979], [93.9857364361227, 27.5747686258231], [93.98578121354637, 27.574699879535956], [93.98581804626966, 27.57462752210117], [93.98584656777994, 27.57455227334422], [93.98586649600617, 27.574474881758185], [93.98587763152247, 27.57439611574497], [93.98587986383592, 27.57431675804163], [93.98587317138707, 27.574237597757683], [93.98585762065119, 27.57415942161599], [93.9858333652402, 27.57408300599017], [93.98580064769924, 27.574009111330255], [93.98575979142178, 27.573938471014692], [93.98571120424302, 27.57387178736868], [93.98565536765992, 27.573809723700993], [93.9855928377296, 27.57375289634082], [93.9855242342897, 27.5737018698596], [93.98545024095803, 27.573657152293045], [93.98537159255659, 27.573619187177805], [93.98528906972133, 27.57358835195857], [93.98520349351244, 27.573564954006216], [93.98511571463443, 27.57354922424744], [93.98502660535152, 27.573541320349342], [93.98493705050421, 27.573541320349342], [93.9848479412213, 27.57354922424744], [93.98476016234328, 27.573564954006216], [93.9846745861344, 27.57358835195857], [93.98459206329913, 27.573619187177805], [93.98451341489769, 27.573657152293045], [93.98443942156607, 27.5737018698596], [93.98437081812614, 27.57375289634082], [93.98430828819583, 27.573809723700993], [93.98425245161272, 27.57387178736868], [93.98420386443395, 27.573938471014692], [93.98416300815649, 27.574009111330255], [93.98413029061554, 27.57408300599017], [93.98410603520453, 27.57415942161599], [93.98409048446868, 27.574237597757683], [93.98408379201982, 27.57431675804163], [93.9840860243333, 27.57439611574497], [93.98409715984955, 27.574474881758185], [93.98411708807579, 27.57455227334422], [93.98414560958608, 27.57462752210117], [93.98418244230936, 27.574699879535956], [93.98422721973301, 27.5747686258231], [93.98427949719097, 27.57483307935979], [93.98433875366037, 27.574892598357923], [93.98440440164302, 27.574946591195314], [93.98447578896203, 27.574994522785577], [93.98455220504998, 27.575035915373675], [93.98463289083048, 27.57507035729481], [93.9847170450063, 27.575097507751526], [93.98480383034759, 27.57511709522093], [93.98489238447166, 27.575128927009427], [93.98498182792787, 27.57513288367898], [93.98507127138406, 27.575128927009427]], [[93.9799992745938, 27.571577209506383], [93.97991149571578, 27.5715929395479], [93.9798259195069, 27.571616337920773], [93.97974339667162, 27.571647173694203], [93.97966474827018, 27.571685139491773], [93.97959075493856, 27.571729857862014], [93.97952215149863, 27.571780885260278], [93.97945962156834, 27.571837713641845], [93.97940378498522, 27.57189977842496], [93.97935519780644, 27.57196646326947], [93.97931434152898, 27.57203710485461], [93.97928162398803, 27.572111000842646], [93.97925736857704, 27.572187417841885], [93.97924181784119, 27.57226559538863], [93.97923512539231, 27.572344757095326], [93.9792373577058, 27.572424116224955], [93.97924849322204, 27.572502883653847], [93.9792684214483, 27.572580276630855], [93.97929694295857, 27.572655526740267], [93.97933377568185, 27.572727885475516], [93.9793785531055, 27.572796632998283], [93.97943083056346, 27.572861087693404], [93.97949008703286, 27.5729206077613], [93.97955573501551, 27.57297460156914], [93.97962712233452, 27.573022534020875], [93.97970353842248, 27.573063927352944], [93.97978422420297, 27.573098369893117], [93.9798683783788, 27.57312552083783], [93.97995516372009, 27.573145108659258], [93.98004371784417, 27.573156940660446], [93.98013316130036, 27.573160897401113], [93.98022260475656, 27.573156940660446], [93.98031115888067, 27.573145108659258], [93.98039794422192, 27.57312552083783], [93.98048209839774, 27.573098369893117], [93.98056278417823, 27.573063927352944], [93.9806392002662, 27.573022534020875], [93.98071058758521, 27.57297460156914], [93.98077623556786, 27.5729206077613], [93.98083549203726, 27.572861087693404], [93.98088776949521, 27.572796632998283], [93.98093254691887, 27.572727885475516], [93.98096937964216, 27.572655526740267], [93.98099790115242, 27.572580276630855], [93.98101782937867, 27.572502883653847], [93.98102896489496, 27.572424116224955], [93.98103119720842, 27.572344757095326], [93.98102450475957, 27.57226559538863], [93.98100895402368, 27.572187417841885], [93.98098469861269, 27.572111000842646], [93.98095198107174, 27.57203710485461], [93.98091112479429, 27.57196646326947], [93.98086253761551, 27.57189977842496], [93.98080670103242, 27.571837713641845], [93.98074417110209, 27.571780885260278], [93.98067556766219, 27.571729857862014], [93.98060157433054, 27.571685139491773], [93.9805229259291, 27.571647173694203], [93.98044040309384, 27.571616337920773], [93.98035482688493, 27.5715929395479], [93.98026704800692, 27.571577209506383], [93.98017793872401, 27.57156930546627], [93.98008838387672, 27.57156930546627], [93.9799992745938, 27.571577209506383]], [[93.94172333145359, 27.569655725054293], [93.9416355525756, 27.56967145537126], [93.94154997636669, 27.569694854153838], [93.94146745353142, 27.569725690467198], [93.94138880512998, 27.569763656929595], [93.94131481179835, 27.56980837608285], [93.94124620835842, 27.569859404374697], [93.94118367842813, 27.569916233751318], [93.94112784184502, 27.569978299621244], [93.94107925466623, 27.570044985633462], [93.94103839838877, 27.57011562845562], [93.94100568084782, 27.570189525737636], [93.94098142543683, 27.570265944075008], [93.94096587470098, 27.57034412299069], [93.9409591822521, 27.57042328608361], [93.94096141456559, 27.570502646602915], [93.94097255008184, 27.57058141541106], [93.94099247830809, 27.570658809743314], [93.94102099981836, 27.57073406117043], [93.94105783254165, 27.57080642117281], [93.9411026099653, 27.570875169899406], [93.94115488742325, 27.57093962572322], [93.94121414389265, 27.570999146833394], [93.9412797918753, 27.57105314158676], [93.94135117919431, 27.571101074877845], [93.94142759528228, 27.571142468934763], [93.94150828106277, 27.57117691207808], [93.94159243523859, 27.57120406349828], [93.94167922057989, 27.571223651662706], [93.94176777470396, 27.571235483871078], [93.94185721816015, 27.571239440681033], [93.94194666161636, 27.571235483871078], [93.94203521574046, 27.571223651662706], [93.94212200108171, 27.57120406349828], [93.94220615525754, 27.57117691207808], [93.94228684103807, 27.571142468934763], [93.94236325712603, 27.571101074877845], [93.942434644445, 27.57105314158676], [93.94250029242765, 27.570999146833394], [93.94255954889705, 27.57093962572322], [93.942611826355, 27.570875169899406], [93.94265660377866, 27.57080642117281], [93.94269343650195, 27.57073406117043], [93.94272195801221, 27.570658809743314], [93.94274188623847, 27.57058141541106], [93.94275302175475, 27.570502646602915], [93.94275525406822, 27.57042328608361], [93.94274856161937, 27.57034412299069], [93.94273301088347, 27.570265944075008], [93.94270875547248, 27.570189525737636], [93.94267603793153, 27.57011562845562], [93.94263518165408, 27.570044985633462], [93.9425865944753, 27.569978299621244], [93.94253075789221, 27.569916233751318], [93.94246822796191, 27.569859404374697], [93.94239962452198, 27.56980837608285], [93.94232563119033, 27.569763656929595], [93.94224698278889, 27.569725690467198], [93.94216445995363, 27.569694854153838], [93.94207888374473, 27.56967145537126], [93.94199110486672, 27.569655725054293], [93.9419019955838, 27.56964782087575], [93.9418124407365, 27.56964782087575], [93.94172333145359, 27.569655725054293]], [[93.94183741749467, 27.567481373647585], [93.94174963861668, 27.567497104276217], [93.94166406240775, 27.567520503522406], [93.9415815395725, 27.567551340446776], [93.94150289117106, 27.567589307661375], [93.94142889783943, 27.56763402770071], [93.9413602943995, 27.567685057003537], [93.9412977644692, 27.56774188750619], [93.94124192788608, 27.56780395460586], [93.9411933407073, 27.567870641939354], [93.94115248442988, 27.56794128616116], [93.9411197668889, 27.568015184907352], [93.94109551147794, 27.56809160475886], [93.94107996074204, 27.568169785223585], [93.94107326829317, 27.568248949884993], [93.94107550060666, 27.56832831197671], [93.9410866361229, 27.56840708234563], [93.9411065643492, 27.568484478211346], [93.94113508585943, 27.568559731129504], [93.94117191858273, 27.56863209256559], [93.94121669600638, 27.568700842654415], [93.94126897346433, 27.56876529975535], [93.94132822993375, 27.568824822044874], [93.9413938779164, 27.56887881786809], [93.9414652652354, 27.56892675210895], [93.94154168132336, 27.56896814698606], [93.94162236710386, 27.569002590811834], [93.94170652127967, 27.569029742770002], [93.94179330662095, 27.56904933132255], [93.94188186074503, 27.56906116376539], [93.94197130420123, 27.56906512065375], [93.94206074765746, 27.56906116376539], [93.94214930178153, 27.56904933132255], [93.94223608712282, 27.569029742770002], [93.94232024129862, 27.569002590811834], [93.94240092707913, 27.56896814698606], [93.9424773431671, 27.56892675210895], [93.94254873048608, 27.56887881786809], [93.94261437846873, 27.568824822044874], [93.94267363493813, 27.56876529975535], [93.94272591239611, 27.568700842654415], [93.94277068981974, 27.56863209256559], [93.94280752254302, 27.568559731129504], [93.94283604405331, 27.568484478211346], [93.94285597227957, 27.56840708234563], [93.94286710779583, 27.56832831197671], [93.94286934010933, 27.568248949884993], [93.94286264766045, 27.568169785223585], [93.94284709692455, 27.56809160475886], [93.94282284151356, 27.568015184907352], [93.94279012397261, 27.56794128616116], [93.94274926769519, 27.567870641939354], [93.94270068051641, 27.56780395460586], [93.9426448439333, 27.56774188750619], [93.94258231400299, 27.567685057003537], [93.94251371056306, 27.56763402770071], [93.94243971723141, 27.567589307661375], [93.94236106882995, 27.567551340446776], [93.9422785459947, 27.567520503522406], [93.94219296978581, 27.567497104276217], [93.94210519090782, 27.567481373647585], [93.94201608162489, 27.567473469312468], [93.94192652677758, 27.567473469312468], [93.94183741749467, 27.567481373647585]], [[93.94195150353575, 27.565256410631566], [93.94186372465776, 27.565272141579094], [93.94177814844883, 27.565295541299605], [93.94169562561358, 27.565326378849118], [93.94161697721216, 27.565364346833423], [93.94154298388051, 27.565409067779342], [93.94147438044057, 27.565460098116716], [93.94141185051028, 27.56551692977143], [93.94135601392716, 27.56557899812938], [93.9413074267484, 27.5656456868148], [93.94126657047097, 27.56571633246881], [93.94123385293001, 27.565790232713105], [93.94120959751902, 27.565866654113858], [93.94119404678312, 27.56594483616353], [93.94118735433426, 27.5660240024299], [93.94118958664774, 27.566103366130545], [93.941200722164, 27.566182138096334], [93.94122065039026, 27.566259535531117], [93.94124917190054, 27.566334789974896], [93.9412860046238, 27.56640715287801], [93.94133078204746, 27.566475904360594], [93.94138305950544, 27.566540362768315], [93.94144231597481, 27.566599886264566], [93.94150796395746, 27.56665388318248], [93.94157935127647, 27.566701818395114], [93.94165576736442, 27.566743214111455], [93.94173645314493, 27.56677765863553], [93.94182060732075, 27.566804811144188], [93.94190739266203, 27.56682440009387], [93.94199594678611, 27.566836232776563], [93.94208539024234, 27.566840189745136], [93.94217483369853, 27.566836232776563], [93.9422633878226, 27.56682440009387], [93.9423501731639, 27.566804811144188], [93.94243432733973, 27.56677765863553], [93.94251501312023, 27.566743214111455], [93.94259142920818, 27.566701818395114], [93.94266281652719, 27.56665388318248], [93.94272846450984, 27.566599886264566], [93.94278772097924, 27.566540362768315], [93.9428399984372, 27.566475904360594], [93.94288477586085, 27.56640715287801], [93.9429216085841, 27.566334789974896], [93.94295013009437, 27.566259535531117], [93.94297005832065, 27.566182138096334], [93.94298119383691, 27.566103366130545], [93.94298342615039, 27.5660240024299], [93.94297673370151, 27.56594483616353], [93.94296118296563, 27.565866654113858], [93.94293692755464, 27.565790232713105], [93.94290421001368, 27.56571633246881], [93.94286335373626, 27.5656456868148], [93.94281476655749, 27.56557899812938], [93.94275892997436, 27.56551692977143], [93.94269640004407, 27.565460098116716], [93.94262779660414, 27.565409067779342], [93.94255380327247, 27.565364346833423], [93.94247515487108, 27.565326378849118], [93.9423926320358, 27.565295541299605], [93.94230705582689, 27.565272141579094], [93.9422192769489, 27.565256410631566], [93.942130167666, 27.56524850613616], [93.94204061281869, 27.56524850613616], [93.94195150353575, 27.565256410631566]], [[93.89734998618583, 27.56511961882287], [93.8974385403099, 27.565107785955103], [93.8975253256512, 27.565088196699033], [93.89760947982703, 27.56506104376573], [93.89769016560751, 27.565026598702897], [93.89776658169546, 27.564985202339123], [93.89783796901447, 27.564937266376756], [93.89790361699713, 27.564883268614302], [93.89796287346654, 27.564823744187127], [93.8980151509245, 27.564759284771235], [93.89805992834815, 27.56469053221336], [93.89809676107139, 27.564618168178463], [93.89812528258167, 27.564542912557712], [93.89814521080795, 27.56446551391242], [93.89815634632421, 27.5643867407146], [93.89815857863769, 27.5643073757727], [93.89815188618881, 27.564228208268183], [93.89813633545293, 27.56415002499576], [93.89811208004197, 27.56407360239978], [93.89807936250098, 27.56399970099966], [93.89803850622356, 27.563929054240763], [93.89798991904479, 27.563862364512374], [93.89793408246166, 27.563800295183658], [93.89787155253137, 27.563743462640108], [93.89780294909143, 27.563692431504652], [93.8977289557598, 27.563647709859318], [93.89765030735836, 27.563609741281205], [93.8975677845231, 27.563578903249404], [93.89748220831419, 27.56355550316289], [93.8973944294362, 27.563539771969335], [93.8973053201533, 27.56353186735035], [93.89721576530599, 27.56353186735035], [93.89712665602303, 27.563539771969335], [93.89703887714506, 27.56355550316289], [93.89695330093613, 27.563578903249404], [93.89687077810088, 27.563609741281205], [93.89679212969945, 27.563647709859318], [93.89671813636781, 27.563692431504652], [93.89664953292787, 27.563743462640108], [93.89658700299758, 27.563800295183658], [93.89653116641445, 27.563862364512374], [93.89648257923568, 27.563929054240763], [93.89644172295826, 27.56399970099966], [93.89640900541731, 27.56407360239978], [93.8963847500063, 27.56415002499576], [93.89636919927042, 27.564228208268183], [93.89636250682155, 27.5643073757727], [93.89636473913504, 27.5643867407146], [93.8963758746513, 27.56446551391242], [93.89639580287756, 27.564542912557712], [93.89642432438784, 27.564618168178463], [93.89646115711109, 27.56469053221336], [93.89650593453476, 27.564759284771235], [93.89655821199274, 27.564823744187127], [93.89661746846214, 27.564883268614302], [93.89668311644476, 27.564937266376756], [93.89675450376377, 27.564985202339123], [93.89683091985172, 27.565026598702897], [93.89691160563223, 27.56506104376573], [93.89699575980805, 27.565088196699033], [93.89708254514933, 27.565107785955103], [93.89717109927341, 27.56511961882287], [93.89726054272964, 27.565123575853335], [93.89734998618583, 27.56511961882287]], [[93.82300339655428, 27.563557776755797], [93.82297914114329, 27.563481353747477], [93.82294642360233, 27.563407451948603], [93.82290556732491, 27.563336804808536], [93.82285698014614, 27.56327011472027], [93.82280114356303, 27.563208045056694], [93.82273861363272, 27.5631512122065], [93.82267001019278, 27.563100180795686], [93.82259601686114, 27.563055458909076], [93.8225173684597, 27.563017490126082], [93.82243484562444, 27.562986651927925], [93.82234926941554, 27.562963251715153], [93.82226149053756, 27.562947520436722], [93.82217238125462, 27.562939615775036], [93.82208282640731, 27.562939615775036], [93.82199371712439, 27.562947520436722], [93.82190593824642, 27.562963251715153], [93.82182036203749, 27.562986651927925], [93.82173783920223, 27.563017490126082], [93.82165919080079, 27.563055458909076], [93.82158519746916, 27.563100180795686], [93.82151659402922, 27.5631512122065], [93.82145406409894, 27.563208045056694], [93.82139822751583, 27.56327011472027], [93.82134964033703, 27.563336804808536], [93.82130878405961, 27.563407451948603], [93.82127606651862, 27.563481353747477], [93.82125181110767, 27.563557776755797], [93.82123626037179, 27.563635960450046], [93.82122956792291, 27.563715128381727], [93.82123180023639, 27.563794493751857], [93.82124293575265, 27.56387326737469], [93.82126286397892, 27.563950666437613], [93.82129138548916, 27.56402592246443], [93.82132821821246, 27.56409828688977], [93.82137299563611, 27.564167039818614], [93.82142527309406, 27.564231499582284], [93.82148452956346, 27.564291024330668], [93.82155017754611, 27.564345022384472], [93.82162156486513, 27.564392958605495], [93.82169798095308, 27.564434355192635], [93.82177866673358, 27.5644688004413], [93.8218628209094, 27.56449595352115], [93.8219496062507, 27.564515542882905], [93.82203816037476, 27.56452737581452], [93.82212760383095, 27.564531332866338], [93.8222170472872, 27.56452737581452], [93.82230560141127, 27.564515542882905], [93.82239238675255, 27.56449595352115], [93.82247654092835, 27.5644688004413], [93.82255722670887, 27.564434355192635], [93.82263364279683, 27.564392958605495], [93.8227050301158, 27.564345022384472], [93.82277067809845, 27.564291024330668], [93.82282993456786, 27.564231499582284], [93.82288221202585, 27.564167039818614], [93.82292698944946, 27.56409828688977], [93.82296382217275, 27.56402592246443], [93.82299234368303, 27.563950666437613], [93.8230122719093, 27.56387326737469], [93.82302340742557, 27.563794493751857], [93.82302563973904, 27.563715128381727], [93.82301894729018, 27.563635960450046], [93.82300339655428, 27.563557776755797]], [[93.89672602537264, 27.563430856844807], [93.89681457949672, 27.563442689893353], [93.89690402295292, 27.56344664698429], [93.89699346640913, 27.563442689893353], [93.89708202053323, 27.563430856844807], [93.89716880587447, 27.563411267289457], [93.8972529600503, 27.56338411394132], [93.8973336458308, 27.563349668352245], [93.89741006191876, 27.563308271356025], [93.89748144923776, 27.5632603346613], [93.89754709722041, 27.563206336073904], [93.89760635368981, 27.563146810737294], [93.89765863114776, 27.563082350336636], [93.89770340857142, 27.5630135967284], [93.89774024129471, 27.562941231587956], [93.89776876280499, 27.562865974817488], [93.89778869103124, 27.562788574989742], [93.89779982654753, 27.56270980058845], [93.89780205886098, 27.56263043443407], [93.89779536641213, 27.562551265720078], [93.89777981567624, 27.562473081253234], [93.89775556026525, 27.56239665748972], [93.89772284272429, 27.56232275496059], [93.89768198644684, 27.56225210712242], [93.89763339926807, 27.562185416375183], [93.89757756268497, 27.56212334609823], [93.89751503275465, 27.56206651268644], [93.89744642931475, 27.562015480771393], [93.8973724359831, 27.561970758442822], [93.89729378758166, 27.561932789284675], [93.89721126474639, 27.56190195078176], [93.8971256885375, 27.561878550337774], [93.89703790965949, 27.56186281890389], [93.89694880037658, 27.561854914164105], [93.89685924552926, 27.561854914164105], [93.89677013624636, 27.56186281890389], [93.89668235736833, 27.561878550337774], [93.89659678115946, 27.56190195078176], [93.89651425832419, 27.561932789284675], [93.89643560992275, 27.561970758442822], [93.89636161659112, 27.562015480771393], [93.89629301315118, 27.56206651268644], [93.8962304832209, 27.56212334609823], [93.89617464663777, 27.562185416375183], [93.89612605945901, 27.56225210712242], [93.89608520318154, 27.56232275496059], [93.8960524856406, 27.56239665748972], [93.89602823022959, 27.562473081253234], [93.89601267949371, 27.562551265720078], [93.89600598704487, 27.56263043443407], [93.89600821935835, 27.56270980058845], [93.89601935487461, 27.562788574989742], [93.89603928310085, 27.562865974817488], [93.89606780461114, 27.562941231587956], [93.89610463733442, 27.5630135967284], [93.89614941475807, 27.563082350336636], [93.89620169221602, 27.563146810737294], [93.89626094868542, 27.563206336073904], [93.89632659666808, 27.5632603346613], [93.89639798398709, 27.563308271356025], [93.89647440007504, 27.563349668352245], [93.89655508585554, 27.56338411394132], [93.89663924003136, 27.563411267289457], [93.89672602537264, 27.563430856844807]], [[93.92926286931784, 27.561887494334616], [93.92921428213906, 27.561954185262863], [93.92917342586163, 27.562024833292785], [93.92914070832067, 27.56209873602248], [93.92911645290968, 27.562175159993405], [93.9291009021738, 27.562253344672442], [93.92909420972492, 27.5623325136013], [93.92909644203841, 27.562411879971094], [93.92910757755466, 27.56249065458617], [93.92912750578093, 27.562568054623984], [93.92915602729121, 27.562643311598695], [93.92919286001447, 27.562715676935532], [93.92923763743812, 27.56278443073039], [93.9292899148961, 27.562848891305975], [93.92934917136552, 27.562908416804145], [93.92941481934812, 27.562962415538106], [93.92948620666714, 27.563010352362923], [93.9295626227551, 27.56305174947151], [93.92964330853559, 27.563086195154067], [93.92972746271141, 27.563113348575904], [93.92981424805271, 27.563132938184417], [93.92990280217677, 27.563144771265087], [93.929992245633, 27.563148728366738], [93.9300816890892, 27.563144771265087], [93.93017024321328, 27.563132938184417], [93.93025702855456, 27.563113348575904], [93.93034118273039, 27.563086195154067], [93.93042186851089, 27.56305174947151], [93.93049828459885, 27.563010352362923], [93.93056967191785, 27.562962415538106], [93.9306353199005, 27.562908416804145], [93.9306945763699, 27.562848891305975], [93.93074685382786, 27.56278443073039], [93.93079163125151, 27.562715676935532], [93.93082846397478, 27.562643311598695], [93.93085698548504, 27.562568054623984], [93.93087691371133, 27.56249065458617], [93.93088804922758, 27.562411879971094], [93.93089028154107, 27.5623325136013], [93.93088358909219, 27.562253344672442], [93.9308680383563, 27.562175159993405], [93.93084378294533, 27.56209873602248], [93.93081106540436, 27.562024833292785], [93.93077020912693, 27.561954185262863], [93.93072162194815, 27.561887494334616], [93.93066578536504, 27.561825423889232], [93.93060325543473, 27.561768590323197], [93.9305346519948, 27.56171755826962], [93.9304606586632, 27.561672835819717], [93.93038201026174, 27.56163486655851], [93.93029948742648, 27.561604027971907], [93.93021391121755, 27.561580627464412], [93.93012613233957, 27.56156489598783], [93.93003702305666, 27.56155699122658], [93.92994746820935, 27.56155699122658], [93.92985835892641, 27.56156489598783], [93.92977058004843, 27.561580627464412], [93.9296850038395, 27.561604027971907], [93.92960248100424, 27.56163486655851], [93.92952383260284, 27.561672835819717], [93.92944983927117, 27.56171755826962], [93.92938123583124, 27.561768590323197], [93.92931870590095, 27.561825423889232], [93.92926286931784, 27.561887494334616]], [[93.94567242964716, 27.561569119133743], [93.94575658382298, 27.56159627293088], [93.94584336916422, 27.561615862810125], [93.94593192328833, 27.561627696054327], [93.94602136674455, 27.561631653210668], [93.94611081020074, 27.561627696054327], [93.94619936432481, 27.561615862810125], [93.9462861496661, 27.56159627293088], [93.94637030384192, 27.561569119133743], [93.94645098962242, 27.561534672975156], [93.94652740571037, 27.561493275294453], [93.94659879302938, 27.561445337807136], [93.94666444101203, 27.561391338326906], [93.94672369748143, 27.56133181200609], [93.94677597493938, 27.56126735053963], [93.94682075236304, 27.56119859579459], [93.94685758508633, 27.56112622945766], [93.94688610659658, 27.561050971442867], [93.94690603482285, 27.560973570335367], [93.9469171703391, 27.560894794631654], [93.94691940265258, 27.560815427165025], [93.9469127102037, 27.560736257142068], [93.94689715946787, 27.560658071382534], [93.94687290405687, 27.56058164635545], [93.94684018651591, 27.560507742604415], [93.94679933023846, 27.560437093598164], [93.94675074305968, 27.560370401748255], [93.94669490647655, 27.560308330445075], [93.94663237654628, 27.56025149609362], [93.94656377310633, 27.5602004633348], [93.94648977977471, 27.56015574026682], [93.94641113137327, 27.560117770480893], [93.94632860853801, 27.560086931468135], [93.94624303232908, 27.56006353063725], [93.94615525345111, 27.560047798943273], [93.9460661441682, 27.56003989407279], [93.94597658932088, 27.56003989407279], [93.94588748003797, 27.560047798943273], [93.94579970115996, 27.56006353063725], [93.94571412495107, 27.560086931468135], [93.9456316021158, 27.560117770480893], [93.94555295371435, 27.56015574026682], [93.94547896038272, 27.5602004633348], [93.94541035694277, 27.56025149609362], [93.94534782701248, 27.560308330445075], [93.94529199042935, 27.560370401748255], [93.94524340325061, 27.560437093598164], [93.94520254697316, 27.560507742604415], [93.9451698294322, 27.56058164635545], [93.94514557402121, 27.560658071382534], [93.94513002328533, 27.560736257142068], [93.94512333083648, 27.560815427165025], [93.94512556314993, 27.560894794631654], [93.94513669866622, 27.560973570335367], [93.94515662689247, 27.561050971442867], [93.94518514840274, 27.56112622945766], [93.94522198112604, 27.56119859579459], [93.94526675854969, 27.56126735053963], [93.94531903600765, 27.56133181200609], [93.94537829247705, 27.561391338326906], [93.9454439404597, 27.561445337807136], [93.94551532777866, 27.561493275294453], [93.94559174386663, 27.561534672975156], [93.94567242964716, 27.561569119133743]], [[93.89655646836277, 27.560127398711366], [93.89664502248684, 27.560115565305427], [93.89673180782813, 27.560095975158433], [93.89681596200393, 27.560068820990235], [93.89689664778444, 27.56003437436089], [93.89697306387241, 27.55999297611443], [93.89704445119139, 27.559945037971932], [93.89711009917404, 27.55989103775376], [93.89716935564344, 27.559831510619425], [93.8972216331014, 27.559767048272], [93.89726641052505, 27.55969829258731], [93.89730324324833, 27.559625925261418], [93.89733176475862, 27.559550666218122], [93.89735169298488, 27.559473264052848], [93.89736282850113, 27.559394487272527], [93.89736506081464, 27.559315118721244], [93.89735836836576, 27.55923594761635], [93.89734281762986, 27.55915776078829], [93.89731856221887, 27.559081334716772], [93.89728584467792, 27.5590074299558], [93.8972449884005, 27.558936779984048], [93.89719640122172, 27.55887008722273], [93.89714056463859, 27.558808015071286], [93.8970780347083, 27.558751179943137], [93.89700943126837, 27.5587001464869], [93.89693543793672, 27.55865542280774], [93.89685678953526, 27.558617452502926], [93.8967742667, 27.55858661306869], [93.89668869049112, 27.558563211918013], [93.89660091161313, 27.55854748000908], [93.8965118023302, 27.558539575030572], [93.89642224748289, 27.558539575030572], [93.89633313819998, 27.55854748000908], [93.896245359322, 27.558563211918013], [93.89615978311306, 27.55858661306869], [93.8960772602778, 27.558617452502926], [93.89599861187635, 27.55865542280774], [93.89592461854474, 27.5587001464869], [93.89585601510481, 27.558751179943137], [93.89579348517451, 27.558808015071286], [93.89573764859139, 27.55887008722273], [93.89568906141261, 27.558936779984048], [93.89564820513519, 27.5590074299558], [93.89561548759421, 27.559081334716772], [93.89559123218325, 27.55915776078829], [93.89557568144735, 27.55923594761635], [93.89556898899848, 27.559315118721244], [93.89557122131197, 27.559394487272527], [93.89558235682821, 27.559473264052848], [93.89560228505451, 27.559550666218122], [93.89563080656474, 27.559625925261418], [93.89566763928804, 27.55969829258731], [93.89571241671169, 27.559767048272], [93.89576469416964, 27.559831510619425], [93.89582395063906, 27.55989103775376], [93.8958895986217, 27.559945037971932], [93.8959609859407, 27.55999297611443], [93.89603740202867, 27.56003437436089], [93.89611808780916, 27.560068820990235], [93.89620224198498, 27.560095975158433], [93.89628902732626, 27.560115565305427], [93.89637758145034, 27.560127398711366], [93.89646702490654, 27.56013135592179], [93.89655646836277, 27.560127398711366]], [[93.95387771960573, 27.5585594027798], [93.95394336758835, 27.558613403652988], [93.95401475490736, 27.55866134237693], [93.95409117099533, 27.558702741125533], [93.95417185677582, 27.558737188172692], [93.95425601095164, 27.55876434267025], [93.95434279629293, 27.558783933054848], [93.954431350417, 27.55879576660432], [93.95452079387323, 27.55879972386276], [93.95461023732943, 27.55879576660432], [93.95469879145351, 27.558783933054848], [93.95478557679479, 27.55876434267025], [93.95486973097061, 27.558737188172692], [93.9549504167511, 27.558702741125533], [93.95502683283907, 27.55866134237693], [93.95509822015806, 27.558613403652988], [93.95516386814073, 27.5585594027798], [93.95522312461013, 27.558499874923452], [93.9552754020681, 27.55843541179416], [93.95532017949174, 27.5583666552755], [93.95535701221499, 27.558294287071853], [93.95538553372528, 27.558219027115726], [93.95540546195156, 27.558141624011615], [93.9554165974678, 27.558062846275806], [93.9554188297813, 27.557983476761855], [93.95541213733242, 27.55790430469669], [93.95539658659652, 27.55782611692029], [93.95537233118556, 27.557749689921796], [93.95533961364458, 27.55767578426441], [93.95529875736716, 27.557605133435768], [93.95525017018838, 27.557538439865535], [93.95519433360526, 27.55747636696124], [93.95513180367496, 27.5574195311437], [93.95506320023503, 27.557368497068527], [93.9549892069034, 27.557323772846903], [93.95491055850196, 27.55728580208156], [93.95482803566671, 27.55725496227329], [93.95474245945778, 27.557231560838765], [93.9546546805798, 27.557215828739], [93.95456557129688, 27.557207923664645], [93.95447601644958, 27.557207923664645], [93.95438690716664, 27.557215828739], [93.95429912828867, 27.557231560838765], [93.95421355207972, 27.55725496227329], [93.95413102924446, 27.55728580208156], [93.95405238084305, 27.557323772846903], [93.9539783875114, 27.557368497068527], [93.95390978407147, 27.5574195311437], [93.95384725414117, 27.55747636696124], [93.95379141755805, 27.557538439865535], [93.95374283037927, 27.557605133435768], [93.95370197410185, 27.55767578426441], [93.9536692565609, 27.557749689921796], [93.95364500114991, 27.55782611692029], [93.95362945041401, 27.55790430469669], [93.95362275796514, 27.557983476761855], [93.95362499027863, 27.558062846275806], [93.95363612579489, 27.558141624011615], [93.95365605402115, 27.558219027115726], [93.95368457553144, 27.558294287071853], [93.9537214082547, 27.5583666552755], [93.95376618567835, 27.55843541179416], [93.95381846313633, 27.558499874923452], [93.95387771960573, 27.5585594027798]], [[93.93909450519939, 27.55773377392855], [93.93918305932345, 27.55772194026463], [93.93926984466475, 27.55770234969055], [93.93935399884057, 27.557675194930326], [93.93943468462108, 27.55764074754992], [93.93951110070903, 27.5575993484009], [93.93958248802804, 27.55755140921327], [93.93964813601069, 27.55749740781771], [93.93970739248009, 27.557437879385592], [93.93975966993804, 27.557373415632732], [93.9398044473617, 27.557304658449045], [93.93984128008499, 27.557232289545368], [93.93986980159526, 27.5571570288613], [93.9398897298215, 27.5570796250085], [93.93990086533776, 27.557000846510707], [93.93990309765125, 27.556921476229036], [93.93989640520238, 27.556842303398057], [93.93988085446651, 27.55676411486541], [93.93985659905553, 27.556687687127678], [93.93982388151457, 27.556613780755434], [93.93978302523712, 27.55654312924339], [93.93973443805834, 27.556476435028102], [93.93967860147521, 27.556414361523355], [93.93961607154493, 27.556357525156127], [93.93954746810499, 27.556306490587318], [93.93947347477337, 27.5562617659331], [93.93939482637192, 27.55622379480049], [93.93931230353667, 27.556192954693927], [93.93922672732774, 27.556169553033072], [93.93913894844977, 27.556153820781123], [93.93904983916684, 27.55614591563032], [93.93896028431953, 27.55614591563032], [93.93887117503664, 27.556153820781123], [93.93878339615861, 27.556169553033072], [93.93869781994971, 27.556192954693927], [93.93861529711445, 27.55622379480049], [93.93853664871301, 27.5562617659331], [93.93846265538136, 27.556306490587318], [93.93839405194143, 27.556357525156127], [93.93833152201113, 27.556414361523355], [93.93827568542801, 27.556476435028102], [93.93822709824927, 27.55654312924339], [93.93818624197182, 27.556613780755434], [93.93815352443087, 27.556687687127678], [93.93812926901987, 27.55676411486541], [93.93811371828397, 27.556842303398057], [93.93810702583514, 27.556921476229036], [93.93810925814859, 27.557000846510707], [93.93812039366487, 27.5570796250085], [93.93814032189113, 27.5571570288613], [93.9381688434014, 27.557232289545368], [93.9382056761247, 27.557304658449045], [93.93825045354833, 27.557373415632732], [93.93830273100629, 27.557437879385592], [93.93836198747569, 27.55749740781771], [93.93842763545834, 27.55755140921327], [93.93849902277732, 27.5575993484009], [93.93857543886529, 27.55764074754992], [93.9386561246458, 27.557675194930326], [93.93874027882164, 27.55770234969055], [93.93882706416288, 27.55772194026463], [93.938915618287, 27.55773377392855], [93.9390050617432, 27.557737731225256], [93.93909450519939, 27.55773377392855]], [[93.89218045211862, 27.55642791556625], [93.89226900624269, 27.556416081761594], [93.89235579158398, 27.556396490954505], [93.8924399457598, 27.556369335871292], [93.89252063154031, 27.55633488808123], [93.89259704762826, 27.556293488439806], [93.89266843494727, 27.556245548682032], [93.89273408292992, 27.55619154664423], [93.89279333939932, 27.55613201750407], [93.89284561685727, 27.556067552984555], [93.89289039428093, 27.55599879498312], [93.89292722700422, 27.555926425218736], [93.89295574851447, 27.55585116363955], [93.89297567674073, 27.555773758866167], [93.89298681225699, 27.555694979431472], [93.89298904457047, 27.555615608205848], [93.89298235212159, 27.555536434433247], [93.89296680138574, 27.555458244970694], [93.89294254597476, 27.555381816323997], [93.8929098284338, 27.555307909072777], [93.89286897215635, 27.555237256720492], [93.89282038497755, 27.55517056171196], [93.89276454839444, 27.55510848746902], [93.89270201846416, 27.55505165042584], [93.89263341502422, 27.55500061525005], [93.8925594216926, 27.55495589006397], [93.89248077329115, 27.554917918479735], [93.8923982504559, 27.554887078006427], [93.89231267424697, 27.55486367606726], [93.892224895369, 27.554847943628218], [93.89213578608607, 27.55484003838336], [93.89204623123877, 27.55484003838336], [93.89195712195585, 27.554847943628218], [93.89186934307784, 27.55486367606726], [93.89178376686894, 27.554887078006427], [93.89170124403368, 27.554917918479735], [93.89162259563224, 27.55495589006397], [93.8915486023006, 27.55500061525005], [93.89147999886066, 27.55505165042584], [93.89141746893036, 27.55510848746902], [93.89136163234724, 27.55517056171196], [93.8913130451685, 27.555237256720492], [93.89127218889105, 27.555307909072777], [93.89123947135009, 27.555381816323997], [93.8912152159391, 27.555458244970694], [93.8911996652032, 27.555536434433247], [93.89119297275437, 27.555615608205848], [93.89119520506782, 27.555694979431472], [93.8912063405841, 27.555773758866167], [93.89122626881036, 27.55585116363955], [93.89125479032063, 27.555926425218736], [93.89129162304393, 27.55599879498312], [93.89133640046757, 27.556067552984555], [93.89138867792552, 27.55613201750407], [93.89144793439493, 27.55619154664423], [93.89151358237758, 27.556245548682032], [93.89158496969655, 27.556293488439806], [93.89166138578452, 27.55633488808123], [93.89174207156503, 27.556369335871292], [93.89182622574087, 27.556396490954505], [93.89191301108211, 27.556416081761594], [93.89200156520621, 27.55642791556625], [93.89209100866243, 27.556431872910025], [93.89218045211862, 27.55642791556625]], [[93.93834856574703, 27.55490502448061], [93.9383684939733, 27.55498242986639], [93.93839701548356, 27.55505769204103], [93.93843384820684, 27.555130062377977], [93.9384786256305, 27.55519882092341], [93.93853090308845, 27.555263285952947], [93.93859015955785, 27.555322815564082], [93.9386558075405, 27.55537681802911], [93.93872719485951, 27.555424758166197], [93.93880361094746, 27.555466158135168], [93.93888429672796, 27.555500606197775], [93.93896845090379, 27.555527761495807], [93.93905523624507, 27.555547352457914], [93.93914379036916, 27.555559186356206], [93.93923323382535, 27.55556314373128], [93.93932267728157, 27.555559186356206], [93.93941123140566, 27.555547352457914], [93.93949801674694, 27.555527761495807], [93.93958217092272, 27.555500606197775], [93.93966285670326, 27.555466158135168], [93.93973927279121, 27.555424758166197], [93.93981066011018, 27.55537681802911], [93.93987630809283, 27.555322815564082], [93.93993556456223, 27.555263285952947], [93.93998784202019, 27.55519882092341], [93.94003261944384, 27.555130062377977], [93.94006945216715, 27.55505769204103], [93.94009797367741, 27.55498242986639], [93.94011790190366, 27.55490502448061], [93.94012903741995, 27.55482624442264], [93.94013126973343, 27.554746872569023], [93.94012457728455, 27.554667698170068], [93.94010902654867, 27.554589508088885], [93.94008477113768, 27.554513078837527], [93.94005205359672, 27.55443917100162], [93.94001119731927, 27.55436851809036], [93.93996261014053, 27.554301822554187], [93.9399067735574, 27.554239747820144], [93.9398442436271, 27.55418291032729], [93.93977564018716, 27.554131874747753], [93.93970164685553, 27.554087149207803], [93.93962299845408, 27.554049177323183], [93.93954047561881, 27.554018336605864], [93.93945489940992, 27.55399493448155], [93.93936712053194, 27.55397920191806], [93.939278011249, 27.55397129661066], [93.93918845640168, 27.55397129661066], [93.93909934711877, 27.55397920191806], [93.9390115682408, 27.55399493448155], [93.93892599203187, 27.554018336605864], [93.93884346919661, 27.554049177323183], [93.93876482079517, 27.554087149207803], [93.93869082746355, 27.554131874747753], [93.9386222240236, 27.55418291032729], [93.93855969409333, 27.554239747820144], [93.9385038575102, 27.554301822554187], [93.93845527033143, 27.55436851809036], [93.93841441405401, 27.55443917100162], [93.938381696513, 27.554513078837527], [93.93835744110206, 27.554589508088885], [93.93834189036617, 27.554667698170068], [93.9383351979173, 27.554746872569023], [93.93833743023077, 27.55482624442264], [93.93834856574703, 27.55490502448061]], [[93.8765786038922, 27.554452292035375], [93.87666715801626, 27.55444045801779], [93.87675394335756, 27.55442086685822], [93.87683809753338, 27.554393711286444], [93.87691878331388, 27.55435926287656], [93.87699519940183, 27.5543178624903], [93.87706658672084, 27.55426992186996], [93.8771322347035, 27.55421591886056], [93.8771914911729, 27.554156388649353], [93.87724376863085, 27.554091922969967], [93.8772885460545, 27.5540231637314], [93.8773253787778, 27.553950792664974], [93.87735390028804, 27.55387552973168], [93.87737382851431, 27.553798123565628], [93.87738496403057, 27.55371934271351], [93.87738719634405, 27.553639970059844], [93.87738050389517, 27.553560794862772], [93.87736495315929, 27.55348260399346], [93.87734069774834, 27.553406173971684], [93.87730798020735, 27.553332265390736], [93.87726712392993, 27.553261611767336], [93.87721853675113, 27.55319491555886], [93.87716270016801, 27.553132840199098], [93.87710017023774, 27.553076002133302], [93.8770315667978, 27.55302496603934], [93.87695757346617, 27.552980240048566], [93.87687892506473, 27.552942267781198], [93.87679640222947, 27.552911426753], [93.87671082602054, 27.552888024392793], [93.87662304714257, 27.552872291670706], [93.87653393785965, 27.55286438628365], [93.87644438301234, 27.55286438628365], [93.8763552737294, 27.552872291670706], [93.87626749485142, 27.552888024392793], [93.87618191864252, 27.552911426753], [93.87609939580726, 27.552942267781198], [93.87602074740582, 27.552980240048566], [93.87594675407418, 27.55302496603934], [93.87587815063424, 27.553076002133302], [93.87581562070393, 27.553132840199098], [93.87575978412082, 27.55319491555886], [93.87571119694205, 27.553261611767336], [93.87567034066463, 27.553332265390736], [93.87563762312367, 27.553406173971684], [93.87561336771267, 27.55348260399346], [93.87559781697678, 27.553560794862772], [93.87559112452792, 27.553639970059844], [93.87559335684139, 27.55371934271351], [93.87560449235765, 27.553798123565628], [93.87562442058393, 27.55387552973168], [93.8756529420942, 27.553950792664974], [93.8756897748175, 27.5540231637314], [93.87573455224111, 27.554091922969967], [93.8757868296991, 27.554156388649353], [93.87584608616851, 27.55421591886056], [93.87591173415116, 27.55426992186996], [93.87598312147013, 27.5543178624903], [93.87605953755809, 27.55435926287656], [93.87614022333861, 27.554393711286444], [93.8762243775144, 27.55442086685822], [93.87631116285569, 27.55444045801779], [93.87639971697976, 27.554452292035375], [93.87648916043601, 27.55445624945037], [93.8765786038922, 27.554452292035375]], [[93.93882088465205, 27.552923035545124], [93.93887316211, 27.55298750191071], [93.93893241857941, 27.55304703275557], [93.93899806656206, 27.553101036339797], [93.93906945388107, 27.55314897747045], [93.93914586996902, 27.553190378297398], [93.93922655574953, 27.55322482707396], [93.93931070992534, 27.553251982934786], [93.93939749526663, 27.553271574302883], [93.93948604939071, 27.553283408446447], [93.9395754928469, 27.553287365903564], [93.93966493630315, 27.553283408446447], [93.93975349042721, 27.553271574302883], [93.9398402757685, 27.553251982934786], [93.93992442994431, 27.55322482707396], [93.94000511572482, 27.553190378297398], [93.94008153181277, 27.55314897747045], [93.94015291913178, 27.553101036339797], [93.9402185671144, 27.55304703275557], [93.9402778235838, 27.55298750191071], [93.94033010104178, 27.552923035545124], [93.94037487846545, 27.55285427557466], [93.9404117111887, 27.552781903737902], [93.94044023269898, 27.552706640003482], [93.94046016092524, 27.55262923301351], [93.94047129644152, 27.55255045132283], [93.94047352875499, 27.552471077824297], [93.94046683630611, 27.552391901784468], [93.94045128557023, 27.552313710082878], [93.94042703015923, 27.552237279247567], [93.94039431261828, 27.552163369879953], [93.94035345634086, 27.552092715504497], [93.94030486916209, 27.552026018586105], [93.94024903257896, 27.551963942565628], [93.94018650264867, 27.55190710389484], [93.94011789920873, 27.551856067257653], [93.94004390587709, 27.551811340790813], [93.93996525747566, 27.551773368119274], [93.9398827346404, 27.551742526762787], [93.93979715843147, 27.551719124153507], [93.9397093795535, 27.551703391263956], [93.93962027027055, 27.551695485792756], [93.93953071542325, 27.551695485792756], [93.93944160614033, 27.551703391263956], [93.93935382726237, 27.551719124153507], [93.93926825105343, 27.551742526762787], [93.93918572821818, 27.551773368119274], [93.93910707981674, 27.551811340790813], [93.93903308648511, 27.551856067257653], [93.93896448304517, 27.55190710389484], [93.93890195311488, 27.551963942565628], [93.93884611653176, 27.552026018586105], [93.93879752935298, 27.552092715504497], [93.93875667307556, 27.552163369879953], [93.93872395553457, 27.552237279247567], [93.9386997001236, 27.552313710082878], [93.93868414938773, 27.552391901784468], [93.93867745693885, 27.552471077824297], [93.93867968925233, 27.55255045132283], [93.93869082476859, 27.55262923301351], [93.93871075299487, 27.552706640003482], [93.93873927450515, 27.552781903737902], [93.93877610722839, 27.55285427557466], [93.93882088465205, 27.552923035545124]], [[93.90364849864761, 27.551792058977398], [93.90373705277167, 27.55178022467314], [93.90382383811297, 27.55176063303898], [93.9039079922888, 27.551733476809343], [93.90398867806928, 27.551699027564982], [93.90406509415725, 27.55165762617578], [93.90413648147626, 27.551609684394116], [93.90420212945891, 27.551555680076476], [93.90426138592831, 27.55149614842317], [93.90431366338626, 27.551431681182144], [93.9043584408099, 27.551362920277946], [93.90439527353321, 27.55129054745832], [93.90442379504346, 27.551215282701833], [93.90444372326972, 27.55113787466066], [93.90445485878597, 27.55105909190016], [93.90445709109947, 27.55097971732376], [93.90445039865058, 27.550900540208715], [93.9044348479147, 27.550822347445305], [93.90441059250374, 27.550745915572076], [93.90437787496276, 27.55067200520078], [93.90433701868534, 27.550601349865836], [93.90428843150656, 27.550534652041726], [93.90423259492343, 27.550472575178265], [93.90417006499314, 27.55041573573566], [93.90410146155321, 27.55036469840539], [93.90402746822159, 27.550319971331213], [93.90394881982014, 27.55028199814398], [93.90386629698489, 27.55025115636873], [93.90378072077594, 27.550227753441636], [93.90369294189797, 27.550212020338442], [93.90360383261506, 27.550204114759868], [93.90351427776775, 27.550204114759868], [93.90342516848482, 27.550212020338442], [93.90333738960683, 27.550227753441636], [93.90325181339793, 27.55025115636873], [93.90316929056267, 27.55028199814398], [93.90309064216123, 27.550319971331213], [93.90301664882958, 27.55036469840539], [93.90294804538965, 27.55041573573566], [93.90288551545935, 27.550472575178265], [93.90282967887623, 27.550534652041726], [93.90278109169745, 27.550601349865836], [93.90274023542003, 27.55067200520078], [93.90270751787907, 27.550745915572076], [93.90268326246809, 27.550822347445305], [93.90266771173219, 27.550900540208715], [93.90266101928331, 27.55097971732376], [93.9026632515968, 27.55105909190016], [93.90267438711305, 27.55113787466066], [93.90269431533933, 27.551215282701833], [93.90272283684962, 27.55129054745832], [93.9027596695729, 27.551362920277946], [93.90280444699656, 27.551431681182144], [93.90285672445451, 27.55149614842317], [93.90291598092391, 27.551555680076476], [93.90298162890656, 27.551609684394116], [93.90305301622553, 27.55165762617578], [93.9031294323135, 27.551699027564982], [93.90321011809402, 27.551733476809343], [93.90329427226982, 27.55176063303898], [93.9033810576111, 27.55178022467314], [93.90346961173518, 27.551792058977398], [93.90355905519141, 27.551796016488243], [93.90364849864761, 27.551792058977398]], [[93.93896267204155, 27.550245811383995], [93.93896490435505, 27.550325186490824], [93.93897603987129, 27.550403969777808], [93.93899596809757, 27.55048137833625], [93.93902448960785, 27.550556643595673], [93.93906132233111, 27.550629016898906], [93.93910609975477, 27.550697778262634], [93.93915837721272, 27.55076224593447], [93.93921763368212, 27.5508217779856], [93.93928328166477, 27.55087578266408], [93.93935466898377, 27.550923724766125], [93.93943108507173, 27.550965126432], [93.93951177085223, 27.550999575906594], [93.93959592502806, 27.55102673231769], [93.93968271036934, 27.551046324082765], [93.93977126449342, 27.551058158466102], [93.93986070794962, 27.551062116003397], [93.93995015140584, 27.551058158466102], [93.94003870552991, 27.551046324082765], [93.94012549087121, 27.55102673231769], [93.94020964504703, 27.550999575906594], [93.94029033082752, 27.550965126432], [93.94036674691549, 27.550923724766125], [93.9404381342345, 27.55087578266408], [93.9405037822171, 27.5508217779856], [93.9405630386865, 27.55076224593447], [93.9406153161445, 27.550697778262634], [93.94066009356816, 27.550629016898906], [93.94069692629141, 27.550556643595673], [93.94072544780168, 27.55048137833625], [93.94074537602796, 27.550403969777808], [93.94075651154421, 27.550325186490824], [93.9407587438577, 27.550245811383995], [93.94075205140882, 27.55016663373988], [93.94073650067294, 27.550088440453944], [93.94071224526195, 27.55001200806997], [93.94067952772099, 27.549938097204787], [93.94063867144357, 27.549867441397694], [93.94059008426478, 27.549800743127914], [93.94053424768167, 27.54973866584964], [93.94047171775138, 27.54968182602719], [93.94040311431145, 27.549630788355913], [93.94032912097978, 27.54958606098282], [93.94025047257838, 27.549548087541876], [93.94016794974311, 27.549517245560516], [93.9400823735342, 27.549493842477023], [93.93999459465621, 27.549478109268694], [93.93990548537327, 27.549470203637323], [93.93981593052595, 27.549470203637323], [93.93972682124306, 27.549478109268694], [93.93963904236507, 27.549493842477023], [93.93955346615614, 27.549517245560516], [93.93947094332087, 27.549548087541876], [93.93939229491943, 27.54958606098282], [93.9393183015878, 27.549630788355913], [93.93924969814788, 27.54968182602719], [93.93918716821759, 27.54973866584964], [93.93913133163447, 27.549800743127914], [93.93908274445569, 27.549867441397694], [93.93904188817827, 27.549938097204787], [93.93900917063729, 27.55001200806997], [93.93898491522633, 27.550088440453944], [93.93896936449043, 27.55016663373988], [93.93896267204155, 27.550245811383995]], [[93.90299487905699, 27.54979015107832], [93.90308343318105, 27.549778316558335], [93.90317021852235, 27.54975872456706], [93.90325437269816, 27.54973156784241], [93.90333505847866, 27.54969711797011], [93.90341147456662, 27.549655715826233], [93.90348286188562, 27.549607773170656], [93.90354850986827, 27.549553767868648], [93.90360776633769, 27.549494235130215], [93.90366004379563, 27.549429766714077], [93.90370482121929, 27.549361004556523], [93.90374165394257, 27.549288630417717], [93.90377017545286, 27.549213364289304], [93.9037901036791, 27.549135954837162], [93.90380123919536, 27.54905717064064], [93.90380347150884, 27.548977794617432], [93.90379677905997, 27.548898616059176], [93.9037812283241, 27.54882042187047], [93.90375697291311, 27.54874398860407], [93.90372425537215, 27.54867007688562], [93.9036833990947, 27.548599420262793], [93.90363481191594, 27.548532721222973], [93.90357897533282, 27.548470643228022], [93.90351644540252, 27.548413802749383], [93.90344784196257, 27.54836276448885], [93.90337384863096, 27.548318036599387], [93.90329520022952, 27.54828006272005], [93.90321267739425, 27.548249220382594], [93.90312710118536, 27.548225817028946], [93.90303932230735, 27.548210083638995], [93.90295021302444, 27.54820217791633], [93.90286065817713, 27.54820217791633], [93.90277154889422, 27.548210083638995], [93.90268377001621, 27.548225817028946], [93.90259819380732, 27.548249220382594], [93.90251567097206, 27.54828006272005], [93.90243702257061, 27.548318036599387], [93.90236302923896, 27.54836276448885], [93.90229442579906, 27.548413802749383], [93.90223189586872, 27.548470643228022], [93.90217605928564, 27.548532721222973], [93.90212747210687, 27.548599420262793], [93.9020866158294, 27.54867007688562], [93.90205389828846, 27.54874398860407], [93.90202964287745, 27.54882042187047], [93.90201409214157, 27.548898616059176], [93.90200739969274, 27.548977794617432], [93.90200963200618, 27.54905717064064], [93.90202076752247, 27.549135954837162], [93.90204069574871, 27.549213364289304], [93.902069217259, 27.549288630417717], [93.90210604998228, 27.549361004556523], [93.90215082740593, 27.549429766714077], [93.90220310486389, 27.549494235130215], [93.90226236133329, 27.549553767868648], [93.90232800931594, 27.549607773170656], [93.90239939663495, 27.549655715826233], [93.9024758127229, 27.54969711797011], [93.9025564985034, 27.54973156784241], [93.90264065267922, 27.54975872456706], [93.90272743802049, 27.549778316558335], [93.9028159921446, 27.54979015107832], [93.90290543560079, 27.5497941086613], [93.90299487905699, 27.54979015107832]], [[93.87732546860931, 27.54884186659862], [93.87741402273338, 27.54883003197648], [93.87750080807466, 27.548810439816], [93.87758496225048, 27.54878328285693], [93.87766564803098, 27.54874883268718], [93.87774206411893, 27.548707430185853], [93.87781345143794, 27.548659487116346], [93.8778790994206, 27.54860548134808], [93.87793835589, 27.54854594809563], [93.87799063334795, 27.548481479122895], [93.8780354107716, 27.548412716371644], [93.87807224349488, 27.548340341607975], [93.87810076500514, 27.54826507482975], [93.87812069323141, 27.548187664709285], [93.87813182874767, 27.548108879832533], [93.87813406106115, 27.548029503124003], [93.87812736861228, 27.547950323882194], [93.87811181787643, 27.547872129018373], [93.87808756246544, 27.547795695092095], [93.87805484492443, 27.54772178273551], [93.87801398864701, 27.54765112550268], [93.87796540146824, 27.547584425887003], [93.87790956488513, 27.54752234735609], [93.87784703495484, 27.547465506386725], [93.8777784315149, 27.54741446768555], [93.87770443818327, 27.54736973940994], [93.87762578978183, 27.547331765202753], [93.87754326694657, 27.547300922599018], [93.87745769073764, 27.54727751904332], [93.87736991185967, 27.547261785517545], [93.87728080257676, 27.54725387972661], [93.87719124772944, 27.54725387972661], [93.8771021384465, 27.547261785517545], [93.87701435956852, 27.54727751904332], [93.87692878335963, 27.547300922599018], [93.87684626052437, 27.547331765202753], [93.87676761212293, 27.54736973940994], [93.87669361879128, 27.54741446768555], [93.87662501535134, 27.547465506386725], [93.87656248542105, 27.54752234735609], [93.87650664883793, 27.547584425887003], [93.87645806165918, 27.54765112550268], [93.87641720538173, 27.54772178273551], [93.87638448784077, 27.547795695092095], [93.87636023242978, 27.547872129018373], [93.8763446816939, 27.547950323882194], [93.87633798924502, 27.548029503124003], [93.8763402215585, 27.548108879832533], [93.8763513570748, 27.548187664709285], [93.87637128530103, 27.54826507482975], [93.8763998068113, 27.548340341607975], [93.8764366395346, 27.548412716371644], [93.87648141695826, 27.548481479122895], [93.87653369441621, 27.54854594809563], [93.87659295088561, 27.54860548134808], [93.87665859886826, 27.548659487116346], [93.87672998618723, 27.548707430185853], [93.87680640227518, 27.54874883268718], [93.87688708805572, 27.54878328285693], [93.8769712422315, 27.548810439816], [93.8770580275728, 27.54883003197648], [93.87714658169688, 27.54884186659862], [93.8772360251531, 27.548845824215775], [93.87732546860931, 27.54884186659862]], [[93.85369535063757, 27.547282271596718], [93.85378390476164, 27.547270436806524], [93.85387069010292, 27.547250844367902], [93.85395484427875, 27.547223687023184], [93.85403553005924, 27.54718923636429], [93.85411194614719, 27.54714783327508], [93.8541833334662, 27.54709988952486], [93.85424898144885, 27.547045882989735], [93.85430823791826, 27.546986348891995], [93.85436051537621, 27.54692187900387], [93.85440529279987, 27.54685311527628], [93.85444212552312, 27.546780739484976], [93.8544706470334, 27.546705471638045], [93.85449057525967, 27.546628060418456], [93.85450171077593, 27.54654927442309], [93.85450394308941, 27.546469896587524], [93.85449725064053, 27.546390716221442], [93.85448169990465, 27.5463125202474], [93.85445744449369, 27.546236085235883], [93.8544247269527, 27.546162171829828], [93.85438387067528, 27.546091513593773], [93.85433528349651, 27.546024813031053], [93.85427944691338, 27.545962733618744], [93.85421691698309, 27.545905891842324], [93.85414831354315, 27.545854852416486], [93.85407432021152, 27.5458101235058], [93.85399567181008, 27.545772148759443], [93.85391314897483, 27.545741305717836], [93.85382757276591, 27.545717901829846], [93.85373979388793, 27.545702168080656], [93.85365068460501, 27.545694262177474], [93.85356112975771, 27.545694262177474], [93.85347202047475, 27.545702168080656], [93.85338424159679, 27.545717901829846], [93.8532986653879, 27.545741305717836], [93.85321614255264, 27.545772148759443], [93.85313749415118, 27.5458101235058], [93.85306350081953, 27.545854852416486], [93.85299489737959, 27.545905891842324], [93.8529323674493, 27.545962733618744], [93.85287653086618, 27.546024813031053], [93.8528279436874, 27.546091513593773], [93.85278708740998, 27.546162171829828], [93.85275436986903, 27.546236085235883], [93.85273011445803, 27.5463125202474], [93.85271456372215, 27.546390716221442], [93.85270787127327, 27.546469896587524], [93.85271010358676, 27.54654927442309], [93.85272123910302, 27.546628060418456], [93.85274116732928, 27.546705471638045], [93.85276968883957, 27.546780739484976], [93.85280652156281, 27.54685311527628], [93.85285129898648, 27.54692187900387], [93.85290357644446, 27.546986348891995], [93.85296283291386, 27.547045882989735], [93.85302848089648, 27.54709988952486], [93.8530998682155, 27.54714783327508], [93.85317628430344, 27.54718923636429], [93.85325697008395, 27.547223687023184], [93.85334112425977, 27.547250844367902], [93.85342790960105, 27.547270436806524], [93.85351646372513, 27.547282271596718], [93.85360590718136, 27.547286229270053], [93.85369535063757, 27.547282271596718]], [[93.91025384955928, 27.54595176685228], [93.91022959414832, 27.546028202061642], [93.91021404341244, 27.54610639823808], [93.91020735096356, 27.54618557880909], [93.91020958327705, 27.546264956850106], [93.9102207187933, 27.546343743049437], [93.91024064701958, 27.54642115446939], [93.91026916852982, 27.546496422511108], [93.9103060012531, 27.546568798489737], [93.91035077867676, 27.546637562395322], [93.91040305613471, 27.546702032450312], [93.91046231260411, 27.546761566702155], [93.91052796058676, 27.546815573377057], [93.91059934790577, 27.546863517251374], [93.91067576399374, 27.54690492044774], [93.91075644977423, 27.546939371195844], [93.91084060395005, 27.546966528610824], [93.91092738929134, 27.54698612110016], [93.91101594341542, 27.54699795592099], [93.91110538687161, 27.547001913604575], [93.91119483032786, 27.54699795592099], [93.91128338445192, 27.54698612110016], [93.9113701697932, 27.546966528610824], [93.91145432396901, 27.546939371195844], [93.91153500974953, 27.54690492044774], [93.91161142583749, 27.546863517251374], [93.91168281315646, 27.546815573377057], [93.91174846113911, 27.546761566702155], [93.91180771760853, 27.546702032450312], [93.91185999506648, 27.546637562395322], [93.91190477249012, 27.546568798489737], [93.91194160521341, 27.546496422511108], [93.91197012672369, 27.54642115446939], [93.91199005494997, 27.546343743049437], [93.91200119046621, 27.546264956850106], [93.91200342277972, 27.54618557880909], [93.91199673033083, 27.54610639823808], [93.91198117959495, 27.546028202061642], [93.91195692418394, 27.54595176685228], [93.911924206643, 27.545877853254908], [93.91188335036557, 27.545807194835973], [93.9118347631868, 27.54574049410065], [93.91177892660367, 27.54567841452762], [93.91171639667338, 27.54562157260409], [93.91164779323346, 27.545570533046174], [93.9115737999018, 27.545525804019714], [93.91149515150035, 27.54548782917508], [93.91141262866509, 27.545456986053615], [93.91132705245619, 27.54543358210504], [93.91123927357822, 27.545417848315125], [93.91115016429526, 27.545409942391487], [93.91106060944797, 27.545409942391487], [93.91097150016505, 27.545417848315125], [93.91088372128706, 27.54543358210504], [93.91079814507815, 27.545456986053615], [93.91071562224289, 27.54548782917508], [93.91063697384143, 27.545525804019714], [93.91056298050982, 27.545570533046174], [93.91049437706988, 27.54562157260409], [93.91043184713959, 27.54567841452762], [93.91037601055648, 27.54574049410065], [93.9103274233777, 27.545807194835973], [93.91028656710027, 27.545877853254908], [93.91025384955928, 27.54595176685228]], [[93.89485434864726, 27.54589159497521], [93.89494290277133, 27.545879760035188], [93.89502968811261, 27.54586016734852], [93.89511384228841, 27.545833009660008], [93.89519452806893, 27.545798558564933], [93.89527094415689, 27.54575715495154], [93.89534233147587, 27.545709210594342], [93.89540797945853, 27.545655203375528], [93.89546723592792, 27.545595668524072], [93.89551951338592, 27.54553119781974], [93.89556429080953, 27.54546243322157], [93.89560112353281, 27.545390056513973], [93.8956296450431, 27.545314787714172], [93.89564957326938, 27.545237375514553], [93.89566070878563, 27.545158588521726], [93.89566294109912, 27.545079209681234], [93.89565624865024, 27.545000028312728], [93.89564069791435, 27.544921831348734], [93.89561644250337, 27.54484539536955], [93.8955837249624, 27.544771481027766], [93.89554286868498, 27.544700821897187], [93.8954942815062, 27.54463412049009], [93.89543844492309, 27.544572040291854], [93.89537591499278, 27.544515197795814], [93.89530731155286, 27.544464157723844], [93.8952333182212, 27.544419428246915], [93.89515466981976, 27.54438145301981], [93.8950721469845, 27.54435060958772], [93.8949865707756, 27.54432720540343], [93.89489879189762, 27.54431147145506], [93.89480968261468, 27.54430356545182], [93.89472012776737, 27.54430356545182], [93.89463101848446, 27.54431147145506], [93.89454323960649, 27.54432720540343], [93.89445766339755, 27.54435060958772], [93.89437514056229, 27.54438145301981], [93.89429649216085, 27.544419428246915], [93.89422249882922, 27.544464157723844], [93.8941538953893, 27.544515197795814], [93.894091365459, 27.544572040291854], [93.89403552887588, 27.54463412049009], [93.8939869416971, 27.544700821897187], [93.89394608541967, 27.544771481027766], [93.8939133678787, 27.54484539536955], [93.89388911246773, 27.544921831348734], [93.89387356173184, 27.545000028312728], [93.89386686928296, 27.545079209681234], [93.89386910159647, 27.545158588521726], [93.89388023711271, 27.545237375514553], [93.89390016533899, 27.545314787714172], [93.89392868684922, 27.545390056513973], [93.89396551957253, 27.54546243322157], [93.89401029699617, 27.54553119781974], [93.89406257445413, 27.545595668524072], [93.89412183092354, 27.545655203375528], [93.89418747890619, 27.545709210594342], [93.89425886622519, 27.54575715495154], [93.89433528231315, 27.545798558564933], [93.89441596809364, 27.545833009660008], [93.89450012226948, 27.54586016734852], [93.89458690761076, 27.545879760035188], [93.89467546173482, 27.54589159497521], [93.89476490519102, 27.545895552698656], [93.89485434864726, 27.54589159497521]], [[93.91068940221638, 27.544367811468828], [93.91068270976749, 27.544446993293004], [93.91068494208099, 27.544526372590326], [93.91069607759727, 27.544605160036586], [93.91071600582352, 27.54468257268171], [93.91074452733379, 27.54475784191469], [93.91078136005707, 27.544830219038815], [93.91082613748073, 27.544898984032724], [93.91087841493868, 27.54496345510811], [93.91093767140809, 27.545022990302176], [93.91100331939074, 27.545076997831845], [93.91107470670971, 27.545124942464977], [93.91115112279768, 27.54516634631664], [93.9112318085782, 27.545200797609994], [93.911315962754, 27.545227955454806], [93.91140274809528, 27.545247548254235], [93.91149130221935, 27.54525938326236], [93.91158074567558, 27.54526334100859], [93.91167018913178, 27.54525938326236], [93.91175874325586, 27.545247548254235], [93.91184552859714, 27.545227955454806], [93.91192968277298, 27.545200797609994], [93.91201036855345, 27.54516634631664], [93.91208678464143, 27.545124942464977], [93.91215817196043, 27.545076997831845], [93.91222381994308, 27.545022990302176], [93.91228307641249, 27.54496345510811], [93.91233535387045, 27.544898984032724], [93.91238013129409, 27.544830219038815], [93.91241696401738, 27.54475784191469], [93.91244548552763, 27.54468257268171], [93.9124654137539, 27.544605160036586], [93.91247654927015, 27.544526372590326], [93.91247878158364, 27.544446993293004], [93.91247208913477, 27.544367811468828], [93.91245653839887, 27.544289614054797], [93.91243228298791, 27.54421317763572], [93.91239956544693, 27.544139262868566], [93.91235870916951, 27.544068603331347], [93.91231012199073, 27.544001901540373], [93.91225428540761, 27.543939820984843], [93.91219175547731, 27.5438829781617], [93.91212315203738, 27.543831937796014], [93.91204915870577, 27.543787208061662], [93.91197051030431, 27.54374923261602], [93.91188798746906, 27.5437183890064], [93.91180241126013, 27.54369498468743], [93.91171463238214, 27.54367925064853], [93.91162552309923, 27.543671344599783], [93.91153596825194, 27.543671344599783], [93.91144685896899, 27.54367925064853], [93.91135908009102, 27.54369498468743], [93.91127350388211, 27.5437183890064], [93.91119098104686, 27.54374923261602], [93.9111123326454, 27.543787208061662], [93.91103833931375, 27.543831937796014], [93.91096973587382, 27.5438829781617], [93.91090720594353, 27.543939820984843], [93.9108513693604, 27.544001901540373], [93.91080278218166, 27.544068603331347], [93.9107619259042, 27.544139262868566], [93.91072920836325, 27.54421317763572], [93.91070495295226, 27.544289614054797], [93.91068940221638, 27.544367811468828]], [[93.87628964550969, 27.54428367937403], [93.87631816701996, 27.54420840981614], [93.87633809524624, 27.544130996836877], [93.87634923076249, 27.544052209050566], [93.87635146307598, 27.54397282941062], [93.8763447706271, 27.543893647244676], [93.8763292198912, 27.54381544949315], [93.87630496448025, 27.543739012744158], [93.87627224693927, 27.543665097657957], [93.87623139066184, 27.543594437815784], [93.87618280348306, 27.543527735736895], [93.87612696689995, 27.54346565491345], [93.87606443696966, 27.543408811844934], [93.87599583352973, 27.543357771258947], [93.8759218401981, 27.543313041331537], [93.87584319179666, 27.543275065721993], [93.8757606689614, 27.543244221979275], [93.87567509275246, 27.54322081755928], [93.87558731387449, 27.543205083452456], [93.87549820459158, 27.5431971773696], [93.87540864974426, 27.5431971773696], [93.87531954046133, 27.543205083452456], [93.87523176158335, 27.54322081755928], [93.87514618537445, 27.543244221979275], [93.87506366253919, 27.543275065721993], [93.87498501413775, 27.543313041331537], [93.8749110208061, 27.543357771258947], [93.87484241736617, 27.543408811844934], [93.87477988743586, 27.54346565491345], [93.87472405085275, 27.543527735736895], [93.87467546367397, 27.543594437815784], [93.87463460739654, 27.543665097657957], [93.87460188985558, 27.543739012744158], [93.87457763444459, 27.54381544949315], [93.87456208370871, 27.543893647244676], [93.87455539125983, 27.54397282941062], [93.87455762357332, 27.544052209050566], [93.87456875908957, 27.544130996836877], [93.87458868731585, 27.54420840981614], [93.87461720882612, 27.54428367937403], [93.87465404154939, 27.54435605681052], [93.87469881897303, 27.544424822101266], [93.87475109643103, 27.5444892934549], [93.87481035290043, 27.544548828905967], [93.87487600088303, 27.54460283666872], [93.87494738820205, 27.544650781508818], [93.87502380429001, 27.544692185539205], [93.8751044900705, 27.544726636981213], [93.87518864424632, 27.54475379494325], [93.87527542958762, 27.544773387827256], [93.8753639837117, 27.54478522288646], [93.87545342716791, 27.544789180649804], [93.87554287062413, 27.54478522288646], [93.87563142474819, 27.544773387827256], [93.87571821008947, 27.54475379494325], [93.8758023642653, 27.544726636981213], [93.8758830500458, 27.544692185539205], [93.87595946613376, 27.544650781508818], [93.87603085345276, 27.54460283666872], [93.87609650143541, 27.544548828905967], [93.87615575790481, 27.5444892934549], [93.87620803536278, 27.544424822101266], [93.87625281278642, 27.54435605681052], [93.87628964550969, 27.54428367937403]], [[93.90624972506302, 27.54323302395576], [93.90632111238199, 27.543280969393688], [93.90639752846995, 27.54332237394033], [93.90647821425047, 27.54335682581193], [93.90656236842626, 27.54338398411262], [93.90664915376756, 27.543403577240916], [93.90673770789166, 27.543415412447725], [93.90682715134785, 27.54341937026038], [93.90691659480406, 27.543415412447725], [93.90700514892814, 27.543403577240916], [93.90709193426942, 27.54338398411262], [93.90717608844524, 27.54335682581193], [93.90725677422573, 27.54332237394033], [93.90733319031371, 27.543280969393688], [93.9074045776327, 27.54323302395576], [93.90747022561536, 27.5431790155196], [93.90752948208475, 27.54311947932619], [93.90758175954272, 27.54305500716866], [93.90762653696636, 27.542986241020518], [93.90766336968966, 27.542913862681537], [93.9076918911999, 27.542838592185127], [93.90771181942618, 27.542761178240617], [93.90772295494243, 27.542682389471945], [93.90772518725592, 27.542603008842253], [93.90771849480704, 27.542523825689], [93.90770294407119, 27.542445626962415], [93.90767868866018, 27.542369189260363], [93.90764597111921, 27.54229527325259], [93.90760511484179, 27.54222461252937], [93.907556527663, 27.5421579096188], [93.90750069107989, 27.5420958280213], [93.90743816114959, 27.542038984244066], [93.90736955770966, 27.54198794302165], [93.90729556437805, 27.541943212536538], [93.90721691597659, 27.541905236453484], [93.90713439314133, 27.54187439232619], [93.9070488169324, 27.54185098761438], [93.90696103805442, 27.541835253311405], [93.90687192877151, 27.54182734712995], [93.9067823739242, 27.54182734712995], [93.90669326464126, 27.541835253311405], [93.9066054857633, 27.54185098761438], [93.90651990955439, 27.54187439232619], [93.90643738671913, 27.541905236453484], [93.90635873831769, 27.541943212536538], [93.90628474498602, 27.54198794302165], [93.9062161415461, 27.542038984244066], [93.9061536116158, 27.5420958280213], [93.90609777503269, 27.5421579096188], [93.90604918785394, 27.54222461252937], [93.90600833157647, 27.54229527325259], [93.90597561403553, 27.542369189260363], [93.90595135862453, 27.542445626962415], [93.90593580788865, 27.542523825689], [93.90592911543978, 27.542603008842253], [93.90593134775327, 27.542682389471945], [93.90594248326954, 27.542761178240617], [93.90596241149578, 27.542838592185127], [93.90599093300607, 27.542913862681537], [93.90602776572935, 27.542986241020518], [93.906072543153, 27.54305500716866], [93.90612482061096, 27.54311947932619], [93.90618407708037, 27.5431790155196], [93.90624972506302, 27.54323302395576]], [[93.87554287062413, 27.542414387122303], [93.87563142474819, 27.542402551807687], [93.87571821008947, 27.54238295850086], [93.8758023642653, 27.542355799952748], [93.8758830500458, 27.5423213477672], [93.87595946613376, 27.54227994284332], [93.87603085345276, 27.542231996968535], [93.87609650143541, 27.542177988040265], [93.87615575790481, 27.542118451304393], [93.87620803536278, 27.54205397855943], [93.87625281278642, 27.541985211784706], [93.87628964550969, 27.54191283278628], [93.87631816701996, 27.54183756160404], [93.87633809524624, 27.541760146954186], [93.87634923076249, 27.541681357467613], [93.87635146307598, 27.54160197611465], [93.8763447706271, 27.54152279223993], [93.8763292198912, 27.541444592800893], [93.87630496448025, 27.541368154402388], [93.87627224693927, 27.5412942377211], [93.87623139066184, 27.541223576354106], [93.87618280348306, 27.5411568728358], [93.87612696689995, 27.541094790672656], [93.87606443696966, 27.54103794637749], [93.87599583352973, 27.540986904690048], [93.8759218401981, 27.54094217379739], [93.87584319179666, 27.54090419736833], [93.8757606689614, 27.540873352960016], [93.87567509275246, 27.54084994803496], [93.87558731387449, 27.540834213588592], [93.87549820459158, 27.54082630733514], [93.87540864974426, 27.54082630733514], [93.87531954046133, 27.540834213588592], [93.87523176158335, 27.54084994803496], [93.87514618537445, 27.540873352960016], [93.87506366253919, 27.54090419736833], [93.87498501413775, 27.54094217379739], [93.8749110208061, 27.540986904690048], [93.87484241736617, 27.54103794637749], [93.87477988743586, 27.541094790672656], [93.87472405085275, 27.5411568728358], [93.87467546367397, 27.541223576354106], [93.87463460739654, 27.5412942377211], [93.87460188985558, 27.541368154402388], [93.87457763444459, 27.541444592800893], [93.87456208370871, 27.54152279223993], [93.87455539125983, 27.54160197611465], [93.87455762357332, 27.541681357467613], [93.87456875908957, 27.541760146954186], [93.87458868731585, 27.54183756160404], [93.87461720882612, 27.54191283278628], [93.87465404154939, 27.541985211784706], [93.87469881897303, 27.54205397855943], [93.87475109643103, 27.542118451304393], [93.87481035290043, 27.542177988040265], [93.87487600088303, 27.542231996968535], [93.87494738820205, 27.54227994284332], [93.87502380429001, 27.5423213477672], [93.8751044900705, 27.542355799952748], [93.87518864424632, 27.54238295850086], [93.87527542958762, 27.542402551807687], [93.8753639837117, 27.542414387122303], [93.87545342716791, 27.54241834497106], [93.87554287062413, 27.542414387122303]], [[93.90594248326954, 27.540864479734868], [93.90596241149578, 27.540941895015806], [93.90599093300607, 27.541017166811663], [93.90602776572935, 27.54108954640013], [93.906072543153, 27.541158313735437], [93.90612482061096, 27.541222787006006], [93.90618407708037, 27.54128232422723], [93.90624972506302, 27.541336333595794], [93.90632111238199, 27.54138427986144], [93.90639752846995, 27.541425685122878], [93.90647821425047, 27.541460137589258], [93.90656236842626, 27.541487296358774], [93.90664915376756, 27.541506889825367], [93.90673770789166, 27.541518725236465], [93.90682715134785, 27.541522683117464], [93.90691659480406, 27.541518725236465], [93.90700514892814, 27.541506889825367], [93.90709193426942, 27.541487296358774], [93.90717608844524, 27.541460137589258], [93.90725677422573, 27.541425685122878], [93.90733319031371, 27.54138427986144], [93.9074045776327, 27.541336333595794], [93.90747022561536, 27.54128232422723], [93.90752948208475, 27.541222787006006], [93.90758175954272, 27.541158313735437], [93.90762653696636, 27.54108954640013], [93.90766336968966, 27.541017166811663], [93.9076918911999, 27.540941895015806], [93.90771181942618, 27.540864479734868], [93.90772295494243, 27.540785689605986], [93.90772518725592, 27.540706307605916], [93.90771849480704, 27.540627123085713], [93.90770294407119, 27.540548923009165], [93.90767868866018, 27.54047248398754], [93.90764597111921, 27.540398566703725], [93.90760511484179, 27.540327904760673], [93.907556527663, 27.540261200698605], [93.90750069107989, 27.54019911802938], [93.90743816114959, 27.540142273270845], [93.90736955770966, 27.540091231167303], [93.90729556437805, 27.54004649991], [93.90721691597659, 27.54000852317136], [93.90713439314133, 27.5399776785116], [93.9070488169324, 27.53995427339576], [93.90696103805442, 27.539938538821165], [93.90687192877151, 27.539930632503214], [93.9067823739242, 27.539930632503214], [93.90669326464126, 27.539938538821165], [93.9066054857633, 27.53995427339576], [93.90651990955439, 27.5399776785116], [93.90643738671913, 27.54000852317136], [93.90635873831769, 27.54004649991], [93.90628474498602, 27.540091231167303], [93.9062161415461, 27.540142273270845], [93.9061536116158, 27.54019911802938], [93.90609777503269, 27.540261200698605], [93.90604918785394, 27.540327904760673], [93.90600833157647, 27.540398566703725], [93.90597561403553, 27.54047248398754], [93.90595135862453, 27.540548923009165], [93.90593580788865, 27.540627123085713], [93.90592911543978, 27.540706307605916], [93.90593134775327, 27.540785689605986], [93.90594248326954, 27.540864479734868]], [[93.86645162170817, 27.54041230831286], [93.86654017583224, 27.540400472782565], [93.86662696117352, 27.540380879118704], [93.86671111534935, 27.540353720075696], [93.86679180112984, 27.540319267262348], [93.8668682172178, 27.540277861583963], [93.8669396045368, 27.540229914835532], [93.86700525251945, 27.540175904923043], [93.86706450898883, 27.540116367102286], [93.86711678644681, 27.5400518931825], [93.86716156387047, 27.539983125154727], [93.86719839659372, 27.539910744837375], [93.867226918104, 27.539835472283567], [93.86724684633029, 27.539758056223047], [93.86725798184654, 27.539679265300784], [93.86726021416003, 27.539599882501328], [93.86725352171115, 27.539520697183747], [93.86723797097525, 27.539442496319754], [93.86721371556426, 27.539366056528422], [93.86718099802331, 27.539292138500247], [93.86714014174589, 27.53922147584565], [93.86709155456711, 27.539154771111924], [93.867035717984, 27.539092687817522], [93.86697318805369, 27.539035842486587], [93.86690458461376, 27.538984799869105], [93.86683059128211, 27.53894006816136], [93.8667519428807, 27.538902091040313], [93.86666942004543, 27.538871246069967], [93.86658384383651, 27.53884784071845], [93.86649606495853, 27.538832105985385], [93.86640695567557, 27.53882419958782], [93.86631740082828, 27.53882419958782], [93.86622829154537, 27.538832105985385], [93.86614051266739, 27.53884784071845], [93.86605493645845, 27.538871246069967], [93.8659724136232, 27.538902091040313], [93.86589376522178, 27.53894006816136], [93.86581977189013, 27.538984799869105], [93.86575116845019, 27.539035842486587], [93.86568863851991, 27.539092687817522], [93.86563280193678, 27.539154771111924], [93.865584214758, 27.53922147584565], [93.86554335848058, 27.539292138500247], [93.86551064093963, 27.539366056528422], [93.86548638552863, 27.539442496319754], [93.86547083479275, 27.539520697183747], [93.86546414234387, 27.539599882501328], [93.86546637465737, 27.539679265300784], [93.86547751017362, 27.539758056223047], [93.86549743839988, 27.539835472283567], [93.86552595991017, 27.539910744837375], [93.86556279263343, 27.539983125154727], [93.86560757005708, 27.5400518931825], [93.86565984751503, 27.540116367102286], [93.86571910398443, 27.540175904923043], [93.86578475196708, 27.540229914835532], [93.8658561392861, 27.540277861583963], [93.86593255537406, 27.540319267262348], [93.86601324115455, 27.540353720075696], [93.86609739533037, 27.540380879118704], [93.86618418067167, 27.540400472782565], [93.86627273479573, 27.54041230831286], [93.86636217825192, 27.540416266233706], [93.86645162170817, 27.54041230831286]], [[93.90629968846078, 27.539157488878168], [93.90631961668706, 27.539234905361813], [93.90634813819733, 27.539310178327057], [93.90638497092058, 27.539382559040032], [93.90642974834424, 27.539451327443686], [93.90648202580223, 27.539515801715876], [93.90654128227163, 27.539575339862054], [93.90660693025428, 27.53962935006971], [93.90667831757327, 27.53967729708023], [93.90675473366122, 27.539718702984946], [93.90683541944175, 27.539753155986585], [93.90691957361753, 27.53978031517802], [93.90700635895881, 27.539799908949018], [93.9070949130829, 27.539811744544004], [93.90718435653913, 27.539815702486475], [93.90727379999532, 27.539811744544004], [93.9073623541194, 27.539799908949018], [93.9074491394607, 27.53978031517802], [93.9075332936365, 27.539753155986585], [93.90761397941701, 27.539718702984946], [93.90769039550496, 27.53967729708023], [93.90776178282397, 27.53962935006971], [93.90782743080662, 27.539575339862054], [93.90788668727603, 27.539515801715876], [93.90793896473397, 27.539451327443686], [93.90798374215764, 27.539382559040032], [93.90802057488092, 27.539310178327057], [93.90804909639117, 27.539234905361813], [93.90806902461743, 27.539157488878168], [93.90808016013371, 27.539078697525245], [93.90808239244718, 27.53899931429192], [93.9080756999983, 27.53892012854155], [93.90806014926243, 27.53884192725012], [93.90803589385146, 27.53876548704099], [93.90800317631047, 27.538691568608847], [93.90796232003305, 27.538620905568017], [93.90791373285428, 27.538554200469697], [93.90785789627115, 27.538492116835993], [93.90779536634086, 27.53843527119436], [93.90772676290092, 27.538384228297875], [93.9076527695693, 27.538339496345646], [93.90757412116785, 27.53830151901704], [93.9074915983326, 27.53827067387811], [93.90740602212367, 27.53824726839867], [93.9073182432457, 27.53823153357962], [93.90722913396279, 27.53822362713886], [93.90713957911548, 27.53822362713886], [93.90705046983253, 27.53823153357962], [93.90696269095456, 27.53824726839867], [93.90687711474565, 27.53827067387811], [93.90679459191038, 27.53830151901704], [93.90671594350894, 27.538339496345646], [93.9066419501773, 27.538384228297875], [93.90657334673736, 27.53843527119436], [93.90651081680707, 27.538492116835993], [93.90645498022394, 27.538554200469697], [93.90640639304517, 27.538620905568017], [93.90636553676775, 27.538691568608847], [93.9063328192268, 27.53876548704099], [93.9063085638158, 27.53884192725012], [93.90629301307992, 27.53892012854155], [93.90628632063104, 27.53899931429192], [93.90628855294452, 27.539078697525245], [93.90629968846078, 27.539157488878168]], [[93.88172254405863, 27.53909513157825], [93.88181109818271, 27.539083295906078], [93.881897883524, 27.539063702007322], [93.88198203769983, 27.539036542638755], [93.88206272348033, 27.539002089412403], [93.88213913956828, 27.538960683237637], [93.88221052688729, 27.53891273591444], [93.88227617486994, 27.538858725354544], [93.88233543133934, 27.53879918682007], [93.8823877087973, 27.53873471212736], [93.88243248622095, 27.538665943275223], [93.88246931894423, 27.538593562090192], [93.88249784045448, 27.538518288634073], [93.88251776868076, 27.538440871645545], [93.88252890419702, 27.53836207977876], [93.8825311365105, 27.538282696027732], [93.88252444406162, 27.53820350976092], [93.88250889332573, 27.53812530795952], [93.88248463791477, 27.538048867251867], [93.88245192037378, 27.537974948337613], [93.88241106409636, 27.53790428483597], [93.88236247691758, 27.537837579302643], [93.88230664033446, 27.537775495264064], [93.88224411040417, 27.53771864925168], [93.88217550696424, 27.537667606022346], [93.88210151363262, 27.537622873778396], [93.88202286523118, 27.537584896202123], [93.88194034239591, 27.53755405086203], [93.88185476618699, 27.53753064522995], [93.881766987309, 27.537514910308268], [93.8816778780261, 27.53750700381596], [93.88158832317879, 27.53750700381596], [93.88149921389585, 27.537514910308268], [93.88141143501787, 27.53753064522995], [93.88132585880896, 27.53755405086203], [93.8812433359737, 27.537584896202123], [93.88116468757227, 27.537622873778396], [93.88109069424061, 27.537667606022346], [93.88102209080068, 27.53771864925168], [93.88095956087038, 27.537775495264064], [93.88090372428726, 27.537837579302643], [93.88085513710851, 27.53790428483597], [93.88081428083107, 27.537974948337613], [93.88078156329011, 27.538048867251867], [93.88075730787912, 27.53812530795952], [93.88074175714323, 27.53820350976092], [93.88073506469436, 27.538282696027732], [93.88073729700784, 27.53836207977876], [93.88074843252413, 27.538440871645545], [93.88076836075038, 27.538518288634073], [93.88079688226064, 27.538593562090192], [93.88083371498394, 27.538665943275223], [93.88087849240759, 27.53873471212736], [93.88093076986554, 27.53879918682007], [93.88099002633494, 27.538858725354544], [93.8810556743176, 27.53891273591444], [93.88112706163656, 27.538960683237637], [93.88120347772453, 27.539002089412403], [93.88128416350506, 27.539036542638755], [93.88136831768085, 27.539063702007322], [93.88145510302213, 27.539083295906078], [93.88154365714621, 27.53909513157825], [93.88163310060244, 27.539099089546536], [93.88172254405863, 27.53909513157825]], [[93.90637835123528, 27.537517218691665], [93.90640687274556, 27.537592492833575], [93.90644370546882, 27.537664874677997], [93.90648848289246, 27.537733644156628], [93.90654076035045, 27.537798119436683], [93.90660001681985, 27.537857658513584], [93.90666566480247, 27.53791166956555], [93.90673705212147, 27.537959617325548], [93.90681346820945, 27.538001023877545], [93.90689415398992, 27.53803547741773], [93.90697830816576, 27.538062637033768], [93.90706509350704, 27.538082231111026], [93.90715364763112, 27.538094066891034], [93.90724309108735, 27.538098024895373], [93.90733253454356, 27.538094066891034], [93.90742108866762, 27.538082231111026], [93.9075078740089, 27.538062637033768], [93.90759202818474, 27.53803547741773], [93.90767271396523, 27.538001023877545], [93.90774913005319, 27.537959617325548], [93.90782051737219, 27.53791166956555], [93.90788616535485, 27.537857658513584], [93.90794542182425, 27.537798119436683], [93.9079976992822, 27.537733644156628], [93.90804247670584, 27.537664874677997], [93.90807930942911, 27.537592492833575], [93.9081078309394, 27.537517218691665], [93.90812775916567, 27.537439800997866], [93.90813889468191, 27.53736100841332], [93.9081411269954, 27.537281623939098], [93.90813443454653, 27.53720243695088], [93.90811888381063, 27.537124234437062], [93.90809462839968, 27.537047793033036], [93.9080619108587, 27.536973873445397], [93.90802105458128, 27.536903209300025], [93.90797246740249, 27.536836503158966], [93.90791663081937, 27.536774418554796], [93.90785410088908, 27.536717572024592], [93.90778549744915, 27.536666528330223], [93.90771150411753, 27.536621795678794], [93.90763285571609, 27.53658381775654], [93.90755033288083, 27.536552972135492], [93.90746475667189, 27.536529566290184], [93.90737697779392, 27.53651383122516], [93.907287868511, 27.536505924660794], [93.9071983136637, 27.536505924660794], [93.90710920438076, 27.53651383122516], [93.90702142550278, 27.536529566290184], [93.90693584929384, 27.536552972135492], [93.90685332645862, 27.53658381775654], [93.90677467805718, 27.536621795678794], [93.90670068472552, 27.536666528330223], [93.9066320812856, 27.536717572024592], [93.90656955135529, 27.536774418554796], [93.90651371477217, 27.536836503158966], [93.90646512759339, 27.536903209300025], [93.90642427131597, 27.536973873445397], [93.90639155377501, 27.537047793033036], [93.90636729836403, 27.537124234437062], [93.90635174762814, 27.53720243695088], [93.90634505517926, 27.537281623939098], [93.90634728749275, 27.53736100841332], [93.906358423009, 27.537439800997866], [93.90637835123528, 27.537517218691665]], [[93.86930377812513, 27.53698286089102], [93.8693923322492, 27.536971024991335], [93.86947911759049, 27.53695143071594], [93.86956327176631, 27.536924270825253], [93.8696439575468, 27.536889816936657], [93.86972037363476, 27.536848409965977], [93.86979176095377, 27.536800461721107], [93.86985740893641, 27.536746450122962], [93.86991666540582, 27.536686910444022], [93.86996894286378, 27.53662243451198], [93.87001372028743, 27.53655366433795], [93.87005055301071, 27.536481281761596], [93.87007907452096, 27.536406006858527], [93.87009900274724, 27.536328588381867], [93.8701101382635, 27.53624979500058], [93.87011237057698, 27.53617040972362], [93.87010567812811, 27.536091221934683], [93.87009012739222, 27.53601301863005], [93.87006587198125, 27.53593657645307], [93.87003315444026, 27.535862656118002], [93.86999229816284, 27.535791991258062], [93.86994371098407, 27.53572528444251], [93.86988787440096, 27.53566319921056], [93.86982534447066, 27.53560635210553], [93.86975674103071, 27.53555530789502], [93.8696827476991, 27.535510574791264], [93.86960409929765, 27.53547259648499], [93.86952157646239, 27.535441750552007], [93.86943600025347, 27.535418344470056], [93.86934822137549, 27.53540260924594], [93.86925911209258, 27.535394702601625], [93.86916955724527, 27.535394702601625], [93.86908044796232, 27.53540260924594], [93.86899266908435, 27.535418344470056], [93.86890709287546, 27.535441750552007], [93.8688245700402, 27.53547259648499], [93.86874592163875, 27.535510574791264], [93.8686719283071, 27.53555530789502], [93.86860332486715, 27.53560635210553], [93.86854079493688, 27.53566319921056], [93.86848495835375, 27.53572528444251], [93.86843637117501, 27.535791991258062], [93.86839551489754, 27.535862656118002], [93.8683627973566, 27.53593657645307], [93.86833854194559, 27.53601301863005], [93.86832299120971, 27.536091221934683], [93.86831629876083, 27.53617040972362], [93.86831853107432, 27.53624979500058], [93.86832966659061, 27.536328588381867], [93.86834959481685, 27.536406006858527], [93.86837811632714, 27.536481281761596], [93.86841494905042, 27.53655366433795], [93.86845972647407, 27.53662243451198], [93.86851200393203, 27.536686910444022], [93.86857126040142, 27.536746450122962], [93.86863690838408, 27.536800461721107], [93.86870829570306, 27.536848409965977], [93.86878471179101, 27.536889816936657], [93.86886539757154, 27.536924270825253], [93.86894955174733, 27.53695143071594], [93.86903633708863, 27.536971024991335], [93.86912489121269, 27.53698286089102], [93.86921433466892, 27.536986818935386], [93.86930377812513, 27.53698286089102]], [[93.90608125142137, 27.535462361505267], [93.90610977293161, 27.535537637054713], [93.90614660565491, 27.535610020252562], [93.90619138307856, 27.535678791017144], [93.90624366053652, 27.53574326750282], [93.90630291700592, 27.535802807693027], [93.90636856498857, 27.535856819754933], [93.90643995230758, 27.53590476841156], [93.90651636839553, 27.535946175737763], [93.90659705417603, 27.535980629922236], [93.90668120835186, 27.53600779004611], [93.90676799369314, 27.536027384489756], [93.90685654781721, 27.53603922049109], [93.9069459912734, 27.536043178569475], [93.90703543472964, 27.53603922049109], [93.90712398885371, 27.536027384489756], [93.90721077419501, 27.53600779004611], [93.90729492837079, 27.535980629922236], [93.90737561415132, 27.535946175737763], [93.90745203023928, 27.53590476841156], [93.90752341755825, 27.535856819754933], [93.9075890655409, 27.535802807693027], [93.9076483220103, 27.53574326750282], [93.9077005994683, 27.535678791017144], [93.90774537689191, 27.535610020252562], [93.90778220961519, 27.535537637054713], [93.90781073112548, 27.535462361505267], [93.90783065935176, 27.535384942363834], [93.90784179486802, 27.53530614830594], [93.9078440271815, 27.53522676234731], [93.90783733473262, 27.535147573878422], [93.90782178399674, 27.535069369902324], [93.90779752858575, 27.534992927068956], [93.90776481104479, 27.534919006099134], [93.90772395476736, 27.534848340632447], [93.9076753675886, 27.534781633244116], [93.90761953100547, 27.534719547479067], [93.90755700107518, 27.53466269988588], [93.90748839763523, 27.534611655237118], [93.9074144043036, 27.534566921749256], [93.90733575590214, 27.534528943116886], [93.90725323306688, 27.534498096919048], [93.907167656858, 27.534474690636088], [93.90707987798001, 27.53445895527685], [93.90699076869707, 27.534451048564673], [93.90690121384975, 27.534451048564673], [93.90681210456684, 27.53445895527685], [93.90672432568887, 27.534474690636088], [93.90663874947994, 27.534498096919048], [93.90655622664468, 27.534528943116886], [93.90647757824324, 27.534566921749256], [93.90640358491162, 27.534611655237118], [93.90633498147167, 27.53466269988588], [93.90627245154138, 27.534719547479067], [93.90621661495825, 27.534781633244116], [93.90616802777949, 27.534848340632447], [93.90612717150206, 27.534919006099134], [93.90609445396107, 27.534992927068956], [93.90607019855011, 27.535069369902324], [93.90605464781423, 27.535147573878422], [93.90604795536535, 27.53522676234731], [93.90605018767884, 27.53530614830594], [93.9060613231951, 27.535384942363834], [93.90608125142137, 27.535462361505267]], [[93.8697791378274, 27.53531238775739], [93.86986769195146, 27.535300551677803], [93.86995447729275, 27.535280957104554], [93.87003863146857, 27.535253796801033], [93.87011931724906, 27.5352193423887], [93.87019573333703, 27.5351779347886], [93.87026712065604, 27.535129985814887], [93.87033276863869, 27.53507597339574], [93.87039202510809, 27.53501643281174], [93.87044430256604, 27.534951955899643], [93.8704890799897, 27.534883184680268], [93.87052591271299, 27.534810801003655], [93.87055443422324, 27.534735524956364], [93.8705743624495, 27.534658105302913], [93.87058549796575, 27.534579310723927], [93.87058773027925, 27.53449992424028], [93.87058103783038, 27.534420735247668], [93.87056548709451, 27.534342530754362], [93.87054123168352, 27.534266087415425], [93.87050851414254, 27.534192165956714], [93.87046765786512, 27.534121500022675], [93.87041907068634, 27.534054792193164], [93.87036323410321, 27.533992706017518], [93.87030070417292, 27.533935858048405], [93.87023210073299, 27.53388481306202], [93.87015810740137, 27.533840079278313], [93.87007945899992, 27.53380210039477], [93.86999693616467, 27.533771253992956], [93.86991135995574, 27.5337478475552], [93.86982358107775, 27.53373211209191], [93.86973447179484, 27.53372420532742], [93.86964491694754, 27.53372420532742], [93.8695558076646, 27.53373211209191], [93.86946802878661, 27.5337478475552], [93.86938245257771, 27.533771253992956], [93.86929992974245, 27.53380210039477], [93.86922128134101, 27.533840079278313], [93.86914728800936, 27.53388481306202], [93.86907868456943, 27.533935858048405], [93.86901615463913, 27.533992706017518], [93.86896031805601, 27.534054792193164], [93.86891173087727, 27.534121500022675], [93.8688708745998, 27.534192165956714], [93.86883815705886, 27.534266087415425], [93.86881390164787, 27.534342530754362], [93.86879835091197, 27.534420735247668], [93.8687916584631, 27.53449992424028], [93.86879389077659, 27.534579310723927], [93.86880502629288, 27.534658105302913], [93.86882495451913, 27.534735524956364], [93.8688534760294, 27.534810801003655], [93.86889030875268, 27.534883184680268], [93.86893508617634, 27.534951955899643], [93.86898736363429, 27.53501643281174], [93.86904662010369, 27.53507597339574], [93.86911226808634, 27.535129985814887], [93.86918365540532, 27.5351779347886], [93.86926007149329, 27.5352193423887], [93.8693407572738, 27.535253796801033], [93.8694249114496, 27.535280957104554], [93.86951169679088, 27.535300551677803], [93.869600250915, 27.53531238775739], [93.86968969437119, 27.535316345861933], [93.8697791378274, 27.53531238775739]], [[93.90622861285719, 27.53374619307735], [93.90626544558049, 27.533818577455122], [93.90631022300414, 27.53388734934067], [93.9063625004621, 27.533951826877367], [93.9064217569315, 27.534011368038115], [93.90648740491415, 27.534065380980476], [93.90655879223311, 27.534113330418673], [93.90663520832108, 27.534154738419883], [93.90671589410161, 27.534189193165993], [93.90680004827743, 27.5342163537326], [93.90688683361869, 27.53423594849565], [93.90697538774279, 27.534247784689903], [93.907064831199, 27.534251742832776], [93.90715427465518, 27.534247784689903], [93.90724282877926, 27.53423594849565], [93.90732961412056, 27.5342163537326], [93.90741376829638, 27.534189193165993], [93.90749445407687, 27.534154738419883], [93.90757087016483, 27.534113330418673], [93.90764225748384, 27.534065380980476], [93.9077079054665, 27.534011368038115], [93.9077671619359, 27.533951826877367], [93.90781943939385, 27.53388734934067], [93.9078642168175, 27.533818577455122], [93.90790104954078, 27.53374619307735], [93.90792957105104, 27.53367091630091], [93.90794949927731, 27.533593495897506], [93.90796063479355, 27.533514700555227], [93.90796286710705, 27.533435313302586], [93.90795617465817, 27.5333561235429], [93.90794062392231, 27.533277918292047], [93.90791636851132, 27.53320147421264], [93.90788365097038, 27.533127552037886], [93.90784279469291, 27.533056885419327], [93.90779420751413, 27.532990176943667], [93.90773837093101, 27.532928090166607], [93.90767584100072, 27.532871241646834], [93.9076072375608, 27.53282019616604], [93.90753324422917, 27.532775461949015], [93.90745459582773, 27.532737482697595], [93.90737207299247, 27.53270663599695], [93.90728649678354, 27.532683229332488], [93.90719871790556, 27.532667493716755], [93.90710960862265, 27.532659586875706], [93.90702005377534, 27.532659586875706], [93.90693094449243, 27.532667493716755], [93.90684316561442, 27.532683229332488], [93.90675758940552, 27.53270663599695], [93.90667506657026, 27.532737482697595], [93.90659641816882, 27.532775461949015], [93.90652242483715, 27.53282019616604], [93.90645382139724, 27.532871241646834], [93.90639129146693, 27.532928090166607], [93.90633545488382, 27.532990176943667], [93.90628686770506, 27.533056885419327], [93.90624601142761, 27.533127552037886], [93.90621329388667, 27.53320147421264], [93.90618903847567, 27.533277918292047], [93.90617348773978, 27.5333561235429], [93.90616679529093, 27.533435313302586], [93.90616902760439, 27.533514700555227], [93.90618016312068, 27.533593495897506], [93.90620009134693, 27.53367091630091], [93.90622861285719, 27.53374619307735]], [[93.86995739771575, 27.533668196805795], [93.87004595183981, 27.533656360549124], [93.87013273718111, 27.533636765682733], [93.87021689135693, 27.53360960497286], [93.87029757713742, 27.533575150045092], [93.87037399322539, 27.533533741825504], [93.87044538054438, 27.533485792134453], [93.87051102852703, 27.533431778907264], [93.87057028499645, 27.53337223743252], [93.8706225624544, 27.53330775955581], [93.87066733987805, 27.53323898730759], [93.87070417260131, 27.5331666025481], [93.87073269411158, 27.533091325374663], [93.87075262233786, 27.533013904562992], [93.87076375785412, 27.53293510880522], [93.87076599016761, 27.53285572113394], [93.87075929771873, 27.532776530956646], [93.87074374698284, 27.532698325293392], [93.87071949157188, 27.53262188081087], [93.8706867740309, 27.532547958246305], [93.87064591775348, 27.532477291255088], [93.8705973305747, 27.53241058242763], [93.87054149399158, 27.532348495323177], [93.87047896406128, 27.532291646503634], [93.87041036062135, 27.53224060075362], [93.87033636728972, 27.532195866300714], [93.87025771888828, 27.53215788684902], [93.87017519605303, 27.53212703998575], [93.87008961984408, 27.532103633197842], [93.87000184096611, 27.532087897499135], [93.8699127316832, 27.532079990616356], [93.8698231768359, 27.532079990616356], [93.86973406755295, 27.532087897499135], [93.86964628867497, 27.532103633197842], [93.86956071246604, 27.53212703998575], [93.86947818963078, 27.53215788684902], [93.86939954122937, 27.532195866300714], [93.86932554789772, 27.53224060075362], [93.86925694445779, 27.532291646503634], [93.86919441452748, 27.532348495323177], [93.86913857794437, 27.53241058242763], [93.86908999076559, 27.532477291255088], [93.86904913448817, 27.532547958246305], [93.86901641694722, 27.53262188081087], [93.86899216153623, 27.532698325293392], [93.86897661080033, 27.532776530956646], [93.86896991835145, 27.53285572113394], [93.86897215066494, 27.53293510880522], [93.86898328618119, 27.533013904562992], [93.86900321440747, 27.533091325374663], [93.86903173591776, 27.5331666025481], [93.86906856864101, 27.53323898730759], [93.86911334606465, 27.53330775955581], [93.86916562352265, 27.53337223743252], [93.86922487999205, 27.533431778907264], [93.86929052797467, 27.533485792134453], [93.86936191529368, 27.533533741825504], [93.86943833138164, 27.533575150045092], [93.86951901716212, 27.53360960497286], [93.86960317133796, 27.533636765682733], [93.86968995667924, 27.533656360549124], [93.86977851080331, 27.533668196805795], [93.86986795425955, 27.533672154969544], [93.86995739771575, 27.533668196805795]], [[93.90624366053652, 27.532107667093307], [93.90630291700592, 27.532167209253107], [93.90636856498857, 27.532221223101722], [93.90643995230758, 27.53226917334446], [93.90651636839553, 27.532310582040466], [93.90659705417603, 27.5323450373647], [93.90668120835186, 27.53237219838704], [93.90676799369314, 27.532391793478872], [93.90685654781721, 27.532403629871734], [93.9069459912734, 27.53240758808103], [93.90703543472964, 27.532403629871734], [93.90712398885371, 27.532391793478872], [93.90721077419501, 27.53237219838704], [93.90729492837079, 27.5323450373647], [93.90737561415132, 27.532310582040466], [93.90745203023928, 27.53226917334446], [93.90752341755825, 27.532221223101722], [93.9075890655409, 27.532167209253107], [93.9076483220103, 27.532107667093307], [93.9077005994683, 27.532043188474752], [93.90774537689191, 27.531974415435247], [93.90778220961519, 27.531902029842936], [93.90781073112548, 27.531826751803433], [93.90783065935176, 27.531749330101004], [93.90784179486802, 27.531670533436632], [93.9078440271815, 27.531591144851987], [93.90783733473262, 27.53151195376358], [93.90782178399674, 27.53143374720056], [93.90779752858575, 27.531357301838522], [93.90776481104479, 27.531283378423453], [93.90772395476736, 27.531212710619208], [93.9076753675886, 27.531146001024286], [93.90761953100547, 27.531083913205517], [93.90755700107518, 27.531027063731884], [93.90748839763523, 27.53097601739463], [93.9074144043036, 27.53093128242703], [93.90733575590214, 27.53089330253839], [93.90725323306688, 27.530862455320197], [93.907167656858, 27.530839048262997], [93.90707987798001, 27.530823312383244], [93.90699076869707, 27.530815405409538], [93.90690121384975, 27.530815405409538], [93.90681210456684, 27.530823312383244], [93.90672432568887, 27.530839048262997], [93.90663874947994, 27.530862455320197], [93.90655622664468, 27.53089330253839], [93.90647757824324, 27.53093128242703], [93.90640358491162, 27.53097601739463], [93.90633498147167, 27.531027063731884], [93.90627245154138, 27.531083913205517], [93.90621661495825, 27.531146001024286], [93.90616802777949, 27.531212710619208], [93.90612717150206, 27.531283378423453], [93.90609445396107, 27.531357301838522], [93.90607019855011, 27.53143374720056], [93.90605464781423, 27.53151195376358], [93.90604795536535, 27.531591144851987], [93.90605018767884, 27.531670533436632], [93.9060613231951, 27.531749330101004], [93.90608125142137, 27.531826751803433], [93.90610977293161, 27.531902029842936], [93.90614660565491, 27.531974415435247], [93.90619138307856, 27.532043188474752], [93.90624366053652, 27.532107667093307]], [[93.87025449663136, 27.531982104061658], [93.87034305075542, 27.531970267623404], [93.87042983609672, 27.531950672456425], [93.87051399027251, 27.53192351132993], [93.87059467605303, 27.531889055873535], [93.870671092141, 27.531847647018743], [93.87074247945998, 27.531799696592103], [93.87080812744263, 27.531745682536318], [93.87086738391203, 27.531686140148157], [93.87091966137001, 27.53162166128232], [93.87096443879364, 27.53155288797911], [93.87100127151692, 27.53148050210921], [93.8710297930272, 27.531405223781004], [93.87104972125347, 27.531327801781664], [93.87106085676972, 27.531249004815113], [93.87106308908322, 27.531169615926], [93.87105639663434, 27.5310904245339], [93.87104084589845, 27.531012217670952], [93.87101659048746, 27.530935772015756], [93.87098387294651, 27.5308618483172], [93.87094301666909, 27.53079118024195], [93.8708944294903, 27.530724470391192], [93.87083859290719, 27.530662382334302], [93.87077606297689, 27.53060553264269], [93.87070745953696, 27.530554486109676], [93.8706334662053, 27.53050975097052], [93.87055481780385, 27.530471770936224], [93.8704722949686, 27.530440923599738], [93.87038671875969, 27.53041751645277], [93.87029893988172, 27.530401780512687], [93.87020983059878, 27.53039387350865], [93.87012027575147, 27.53039387350865], [93.87003116646856, 27.530401780512687], [93.86994338759058, 27.53041751645277], [93.86985781138165, 27.530440923599738], [93.86977528854639, 27.530471770936224], [93.86969664014495, 27.53050975097052], [93.86962264681333, 27.530554486109676], [93.8695540433734, 27.53060553264269], [93.8694915134431, 27.530662382334302], [93.86943567685998, 27.530724470391192], [93.8693870896812, 27.53079118024195], [93.86934623340377, 27.5308618483172], [93.8693135158628, 27.530935772015756], [93.86928926045184, 27.531012217670952], [93.86927370971594, 27.5310904245339], [93.86926701726706, 27.531169615926], [93.86926924958055, 27.531249004815113], [93.8692803850968, 27.531327801781664], [93.86930031332308, 27.531405223781004], [93.86932883483333, 27.53148050210921], [93.86936566755662, 27.53155288797911], [93.86941044498026, 27.53162166128232], [93.86946272243823, 27.531686140148157], [93.86952197890763, 27.531745682536318], [93.86958762689028, 27.531799696592103], [93.86965901420929, 27.531847647018743], [93.86973543029725, 27.531889055873535], [93.86981611607774, 27.53192351132993], [93.86990027025357, 27.531950672456425], [93.86998705559485, 27.531970267623404], [93.87007560971892, 27.531982104061658], [93.87016505317513, 27.531986062286133], [93.87025449663136, 27.531982104061658]], [[93.84844738196794, 27.531134656788534], [93.848535936092, 27.53112282025901], [93.8486227214333, 27.531103224940953], [93.84870687560912, 27.53107606360501], [93.84878756138961, 27.531041607883015], [93.84886397747758, 27.53100019870896], [93.84893536479659, 27.530952247912598], [93.84900101277924, 27.530898233440393], [93.84906026924865, 27.530838690593175], [93.84911254670659, 27.530774211230217], [93.84915732413025, 27.53070543739677], [93.84919415685354, 27.53063305096877], [93.84922267836382, 27.530557772060163], [93.84924260659005, 27.53048034946392], [93.84925374210631, 27.530401551889888], [93.8492559744198, 27.530322162388707], [93.84924928197093, 27.53024297038607], [93.84923373123506, 27.53016476292014], [93.84920947582407, 27.530088316675563], [93.84917675828311, 27.530014392407114], [93.84913590200567, 27.529943723787017], [93.84908731482689, 27.52987701342194], [93.84903147824377, 27.529814924886402], [93.84896894831347, 27.529758074756497], [93.84890034487354, 27.529707027829897], [93.84882635154192, 27.529662292345865], [93.84874770314048, 27.529624312018758], [93.84866518030522, 27.529593464444453], [93.84857960409627, 27.52957005711702], [93.8484918252183, 27.529554321055656], [93.84840271593539, 27.52954641399063], [93.8483131610881, 27.52954641399063], [93.84822405180518, 27.529554321055656], [93.84813627292716, 27.52957005711702], [93.84805069671827, 27.529593464444453], [93.847968173883, 27.529624312018758], [93.84788952548156, 27.529662292345865], [93.84781553214991, 27.529707027829897], [93.84774692870998, 27.529758074756497], [93.84768439877968, 27.529814924886402], [93.8476285621966, 27.52987701342194], [93.84757997501782, 27.529943723787017], [93.84753911874036, 27.530014392407114], [93.84750640119941, 27.530088316675563], [93.84748214578842, 27.53016476292014], [93.84746659505252, 27.53024297038607], [93.84745990260369, 27.530322162388707], [93.84746213491714, 27.530401551889888], [93.84747327043343, 27.53048034946392], [93.84749319865966, 27.530557772060163], [93.84752172016995, 27.53063305096877], [93.84755855289323, 27.53070543739677], [93.84760333031689, 27.530774211230217], [93.84765560777484, 27.530838690593175], [93.84771486424424, 27.530898233440393], [93.84778051222689, 27.530952247912598], [93.84785189954587, 27.53100019870896], [93.84792831563384, 27.531041607883015], [93.84800900141435, 27.53107606360501], [93.84809315559018, 27.531103224940953], [93.84817994093143, 27.53112282025901], [93.84826849505555, 27.531134656788534], [93.84835793851174, 27.531138615043517], [93.84844738196794, 27.531134656788534]], [[93.86984102725889, 27.529550611283227], [93.86988580468254, 27.529619385839208], [93.8699380821405, 27.529683865879573], [93.86999733860989, 27.529743409352342], [93.87006298659254, 27.529797424392036], [93.87013437391155, 27.529845375692148], [93.8702107899995, 27.52988678530125], [93.87029147578001, 27.52992124138523], [93.87037562995583, 27.52994840300652], [93.87046241529711, 27.529967998530463], [93.87055096942119, 27.52997983518432], [93.87064041287739, 27.529983793480902], [93.87072985633361, 27.52997983518432], [93.8708184104577, 27.529967998530463], [93.87090519579898, 27.52994840300652], [93.8709893499748, 27.52992124138523], [93.87107003575531, 27.52988678530125], [93.87114645184326, 27.529845375692148], [93.87121783916227, 27.529797424392036], [93.87128348714488, 27.529743409352342], [93.87134274361428, 27.529683865879573], [93.87139502107227, 27.529619385839208], [93.87143979849593, 27.529550611283227], [93.87147663121918, 27.52947822409476], [93.87150515272945, 27.529402944395276], [93.87152508095573, 27.52932552098565], [93.871536216472, 27.529246722583792], [93.87153844878547, 27.529167332248573], [93.8715317563366, 27.529088139413965], [93.87151620560071, 27.52900993112643], [93.87149195018972, 27.528933484078753], [93.87145923264876, 27.528859559033652], [93.87141837637134, 27.52878888967115], [93.87136978919257, 27.528722178605246], [93.87131395260944, 27.528660089417425], [93.87125142267915, 27.528603238690287], [93.87118281923922, 27.528552191227405], [93.87110882590757, 27.528507455273445], [93.87103017750613, 27.52846947454729], [93.87094765467086, 27.52843862664895], [93.87086207846197, 27.528415219075637], [93.87077429958399, 27.528399482848908], [93.87068519030105, 27.52839157570082], [93.87059563545374, 27.52839157570082], [93.87050652617083, 27.528399482848908], [93.87041874729285, 27.528415219075637], [93.87033317108393, 27.52843862664895], [93.87025064824866, 27.52846947454729], [93.87017199984722, 27.528507455273445], [93.87009800651559, 27.528552191227405], [93.87002940307566, 27.528603238690287], [93.86996687314537, 27.528660089417425], [93.86991103656224, 27.528722178605246], [93.86986244938348, 27.52878888967115], [93.86982159310605, 27.528859559033652], [93.86978887556506, 27.528933484078753], [93.8697646201541, 27.52900993112643], [93.86974906941822, 27.529088139413965], [93.86974237696934, 27.529167332248573], [93.86974460928282, 27.529246722583792], [93.86975574479908, 27.52932552098565], [93.86977567302536, 27.529402944395276], [93.86980419453562, 27.52947822409476], [93.86984102725889, 27.529550611283227]], [[93.8500811614499, 27.53192908980857], [93.85006561071403, 27.531850883542344], [93.85004135530302, 27.531774438470425], [93.85000863776207, 27.531700515335896], [93.84996778148465, 27.53162984779986], [93.84991919430587, 27.531563138458083], [93.84986335772274, 27.53150105087493], [93.84980082779245, 27.53144420161704], [93.84973222435252, 27.531393155473506], [93.84965823102087, 27.531348420675688], [93.84957958261946, 27.53131044093117], [93.8494970597842, 27.53127959383004], [93.84941148357527, 27.53125618686167], [93.84932370469728, 27.531240451041644], [93.84923459541434, 27.53123254409794], [93.84914504056708, 27.53123254409794], [93.84905593128413, 27.531240451041644], [93.84896815240614, 27.53125618686167], [93.84888257619721, 27.53127959383004], [93.84880005336196, 27.53131044093117], [93.84872140496054, 27.531348420675688], [93.84864741162889, 27.531393155473506], [93.84857880818896, 27.53144420161704], [93.84851627825866, 27.53150105087493], [93.84846044167554, 27.531563138458083], [93.84841185449676, 27.53162984779986], [93.84837099821934, 27.531700515335896], [93.84833828067839, 27.531774438470425], [93.8483140252674, 27.531850883542344], [93.8482984745315, 27.53192908980857], [93.84829178208263, 27.53200828059644], [93.84829401439612, 27.53208766887981], [93.84830514991236, 27.532166465245147], [93.84832507813866, 27.532243886653742], [93.84835359964893, 27.532319164407593], [93.84839043237218, 27.53239154972517], [93.84843520979584, 27.532460322503653], [93.84848748725379, 27.53252480087752], [93.8485467437232, 27.532584342811347], [93.84861239170584, 27.53263835645497], [93.84868377902485, 27.532686306515757], [93.84876019511282, 27.532727715054605], [93.8488408808933, 27.532762170248056], [93.84892503506913, 27.532789331167308], [93.84901182041041, 27.532808926184774], [93.84910037453449, 27.532820762532715], [93.84918981799069, 27.53282472072701], [93.84927926144692, 27.532820762532715], [93.84936781557099, 27.532808926184774], [93.84945460091228, 27.532789331167308], [93.8495387550881, 27.532762170248056], [93.8496194408686, 27.532727715054605], [93.84969585695656, 27.532686306515757], [93.84976724427557, 27.53263835645497], [93.84983289225822, 27.532584342811347], [93.84989214872759, 27.53252480087752], [93.84994442618557, 27.532460322503653], [93.84998920360923, 27.53239154972517], [93.85002603633248, 27.532319164407593], [93.85005455784277, 27.532243886653742], [93.85007448606903, 27.532166465245147], [93.85008562158528, 27.53208766887981], [93.85008785389878, 27.53200828059644], [93.8500811614499, 27.53192908980857]], [[93.82957131826133, 27.53524872510328], [93.82959983977162, 27.535173449355966], [93.82961976799788, 27.535096030011015], [93.82963090351414, 27.53501723574598], [93.82963313582763, 27.534937849578657], [93.82962644337876, 27.53485866090158], [93.82961089264288, 27.534780456719904], [93.82958663723187, 27.534704013685573], [93.82955391969092, 27.53463009252141], [93.8295130634135, 27.534559426868952], [93.82946447623472, 27.53449271930527], [93.82940863965159, 27.53443063337701], [93.82934610972131, 27.53437378563439], [93.82927750628137, 27.534322740851444], [93.82920351294972, 27.534278007245977], [93.8291248645483, 27.534240028513764], [93.82904234171305, 27.534209182234836], [93.82895676550412, 27.534185775890347], [93.82886898662615, 27.53417004048975], [93.8287798773432, 27.534162133756787], [93.82869032249589, 27.534162133756787], [93.82860121321298, 27.53417004048975], [93.828513434335, 27.534185775890347], [93.82842785812608, 27.534209182234836], [93.82834533529082, 27.534240028513764], [93.82826668688939, 27.534278007245977], [93.82819269355775, 27.534322740851444], [93.82812409011781, 27.53437378563439], [93.82806156018752, 27.53443063337701], [93.82800572360439, 27.53449271930527], [93.82795713642562, 27.534559426868952], [93.8279162801482, 27.53463009252141], [93.82788356260725, 27.534704013685573], [93.82785930719625, 27.534780456719904], [93.82784375646037, 27.53485866090158], [93.82783706401149, 27.534937849578657], [93.82783929632497, 27.53501723574598], [93.82785043184123, 27.535096030011015], [93.82787036006751, 27.535173449355966], [93.82789888157778, 27.53524872510328], [93.82793571430103, 27.535321108491456], [93.82798049172469, 27.53538987943682], [93.82803276918264, 27.535454356092007], [93.82809202565205, 27.535513896438736], [93.82815767363469, 27.535567908642637], [93.82822906095372, 27.535615857425285], [93.82830547704167, 27.53565726486038], [93.82838616282216, 27.535691719135436], [93.82847031699798, 27.53571887933072], [93.82855710233926, 27.535738473825866], [93.82864565646334, 27.53575030985832], [93.82873509991954, 27.535754267947073], [93.82882454337577, 27.53575030985832], [93.82891309749985, 27.535738473825866], [93.82899988284113, 27.53571887933072], [93.82908403701695, 27.535691719135436], [93.82916472279746, 27.53565726486038], [93.82924113888541, 27.535615857425285], [93.82931252620442, 27.535567908642637], [93.82937817418707, 27.535513896438736], [93.82943743065644, 27.535454356092007], [93.82948970811442, 27.53538987943682], [93.82953448553808, 27.535321108491456], [93.82957131826133, 27.53524872510328]], [[93.86681136284346, 27.5369526374857], [93.86672884000821, 27.536921791968144], [93.86664326379929, 27.536898386201386], [93.8665554849213, 27.5368826511892], [93.86646637563838, 27.53687474465138], [93.86637682079109, 27.53687474465138], [93.86628771150814, 27.5368826511892], [93.86619993263017, 27.536898386201386], [93.86611435642126, 27.536921791968144], [93.866031833586, 27.5369526374857], [93.86595318518457, 27.536990615280487], [93.86587919185291, 27.537035347781796], [93.86581058841297, 27.537086391304847], [93.86574805848268, 27.53714323764427], [93.86569222189956, 27.537205322040062], [93.86564363472078, 27.537272027957222], [93.86560277844336, 27.53734269186544], [93.86557006090241, 27.537416611204968], [93.86554580549142, 27.537493052352428], [93.86553025475553, 27.5375712546038], [93.86552356230665, 27.53765044132625], [93.86552579462014, 27.53772982553403], [93.86553693013639, 27.53780861785412], [93.86555685836267, 27.537886035288107], [93.86558537987294, 27.537961309177366], [93.86562221259624, 27.538033690778857], [93.86566699001988, 27.538102460026668], [93.86571926747783, 27.53816693509033], [93.86577852394724, 27.538226473967377], [93.8658441719299, 27.53828048483804], [93.86591555924886, 27.538328432437154], [93.86599197533683, 27.538369838850144], [93.86607266111736, 27.53840429227471], [93.86615681529315, 27.53843145179957], [93.86624360063443, 27.53845104581108], [93.8663321547585, 27.538462881551368], [93.86642159821474, 27.538466839542426], [93.86651104167093, 27.538462881551368], [93.86659959579501, 27.53845104581108], [93.8666863811363, 27.53843145179957], [93.86677053531213, 27.53840429227471], [93.86685122109262, 27.538369838850144], [93.86692763718058, 27.538328432437154], [93.86699902449959, 27.53828048483804], [93.86706467248224, 27.538226473967377], [93.86712392895164, 27.53816693509033], [93.8671762064096, 27.538102460026668], [93.86722098383325, 27.538033690778857], [93.86725781655653, 27.537961309177366], [93.86728633806678, 27.537886035288107], [93.86730626629306, 27.53780861785412], [93.8673174018093, 27.53772982553403], [93.8673196341228, 27.53765044132625], [93.86731294167392, 27.5375712546038], [93.86729739093803, 27.537493052352428], [93.86727313552707, 27.537416611204968], [93.86724041798608, 27.53734269186544], [93.86719956170866, 27.537272027957222], [93.86715097452988, 27.537205322040062], [93.86709513794676, 27.53714323764427], [93.86703260801647, 27.537086391304847], [93.86696400457653, 27.537035347781796], [93.86689001124492, 27.536990615280487], [93.86681136284346, 27.5369526374857]], [[93.82436292487158, 27.54317672796419], [93.82433866946059, 27.54310029077081], [93.82430595191964, 27.543026375254865], [93.82426509564222, 27.54295571500187], [93.82421650846344, 27.542889012535216], [93.8241606718803, 27.54282693135083], [93.82409814195002, 27.542770087951844], [93.82402953851009, 27.54271904706911], [93.82395554517844, 27.542674316881644], [93.82387689677698, 27.542636341051306], [93.82379437394172, 27.54260549712927], [93.82370879773283, 27.54258209257321], [93.82362101885485, 27.5425663583749], [93.82353190957191, 27.54255845224609], [93.8234423547246, 27.54255845224609], [93.8233532454417, 27.5425663583749], [93.82326546656371, 27.54258209257321], [93.82317989035478, 27.54260549712927], [93.82309736751952, 27.542636341051306], [93.82301871911807, 27.542674316881644], [93.82294472578646, 27.54271904706911], [93.82287612234653, 27.542770087951844], [93.82281359241622, 27.54282693135083], [93.82275775583311, 27.542889012535216], [93.82270916865433, 27.54295571500187], [93.8226683123769, 27.543026375254865], [93.82263559483593, 27.54310029077081], [93.82261133942497, 27.54317672796419], [93.82259578868907, 27.54325492617037], [93.8225890962402, 27.54333410879668], [93.82259132855368, 27.543413488898125], [93.82260246406993, 27.543492277142512], [93.82262239229622, 27.54356969057186], [93.82265091380646, 27.54364496056737], [93.82268774652975, 27.543717338424678], [93.8227325239534, 27.543786104115217], [93.82278480141136, 27.5438505758437], [93.82284405788077, 27.543910111640898], [93.82290970586341, 27.54396411971766], [93.82298109318242, 27.544012064836487], [93.82305750927038, 27.544053469107592], [93.82313819505087, 27.544087920749952], [93.8232223492267, 27.544115078869883], [93.82330913456798, 27.54413467186779], [93.82339768869205, 27.544146506995833], [93.82348713214826, 27.544150464782142], [93.82357657560449, 27.544146506995833], [93.82366512972855, 27.54413467186779], [93.82375191506985, 27.544115078869883], [93.82383606924564, 27.544087920749952], [93.82391675502616, 27.544053469107592], [93.82399317111413, 27.544012064836487], [93.82406455843311, 27.54396411971766], [93.82413020641576, 27.543910111640898], [93.82418946288516, 27.5438505758437], [93.82424174034311, 27.543786104115217], [93.82428651776677, 27.543717338424678], [93.82432335049005, 27.54364496056737], [93.82435187200034, 27.54356969057186], [93.8243718002266, 27.543492277142512], [93.82438293574285, 27.543413488898125], [93.82438516805635, 27.54333410879668], [93.82437847560747, 27.54325492617037], [93.82436292487158, 27.54317672796419]], [[93.84229156599073, 27.54342618591772], [93.84220378711275, 27.543441919992855], [93.84211821090383, 27.54346532436574], [93.84203568806858, 27.543496168046385], [93.84195703966712, 27.54353414357951], [93.84188304633551, 27.543578873416894], [93.84181444289557, 27.54362991390019], [93.84175191296528, 27.543686756854267], [93.84169607638215, 27.54374883755278], [93.84164748920338, 27.543815539497416], [93.84160663292596, 27.543886199197402], [93.84157391538497, 27.543960114134805], [93.841549659974, 27.544036550729974], [93.84153410923813, 27.544114748324137], [93.84152741678925, 27.544193930330696], [93.84152964910272, 27.544273309810876], [93.84154078461899, 27.544352097438633], [93.84156071284526, 27.544429510262084], [93.84158923435554, 27.544504779668493], [93.84162606707879, 27.544577156959342], [93.84167084450245, 27.544645922111656], [93.8417231219604, 27.544710393335535], [93.8417823784298, 27.54476992866677], [93.84184802641245, 27.544823936320824], [93.84191941373147, 27.544871881064424], [93.84199582981942, 27.54491328501148], [93.84207651559991, 27.544947736384167], [93.84216066977574, 27.544974894291524], [93.84224745511702, 27.544994487136126], [93.84233600924111, 27.545006322171513], [93.8424254526973, 27.54501027992687], [93.84251489615353, 27.545006322171513], [93.84260345027761, 27.544994487136126], [93.84269023561889, 27.544974894291524], [93.84277438979471, 27.544947736384167], [93.84285507557522, 27.54491328501148], [93.84293149166317, 27.544871881064424], [93.84300287898218, 27.544823936320824], [93.84306852696479, 27.54476992866677], [93.8431277834342, 27.544710393335535], [93.84318006089218, 27.544645922111656], [93.84322483831583, 27.544577156959342], [93.8432616710391, 27.544504779668493], [93.84329019254938, 27.544429510262084], [93.84331012077564, 27.544352097438633], [93.8433212562919, 27.544273309810876], [93.84332348860539, 27.544193930330696], [93.84331679615651, 27.544114748324137], [93.84330124542063, 27.544036550729974], [93.84327699000963, 27.543960114134805], [93.84324427246868, 27.543886199197402], [93.84320341619126, 27.543815539497416], [93.84315482901249, 27.54374883755278], [93.84309899242935, 27.543686756854267], [93.84303646249907, 27.54362991390019], [93.84296785905913, 27.543578873416894], [93.84289386572749, 27.54353414357951], [93.84281521732603, 27.543496168046385], [93.84273269449076, 27.54346532436574], [93.84264711828187, 27.543441919992855], [93.8425593394039, 27.54342618591772], [93.84247023012095, 27.54341827985074], [93.84238067527365, 27.54341827985074], [93.84229156599073, 27.54342618591772]], [[93.81228116730678, 27.544982650506455], [93.8121955910979, 27.544959246456838], [93.81210781221988, 27.544943512598987], [93.81201870293697, 27.544935606641204], [93.81192914808966, 27.544935606641204], [93.81184003880675, 27.544943512598987], [93.81175225992874, 27.544959246456838], [93.81166668371985, 27.544982650506455], [93.81158416088459, 27.545013493761083], [93.81150551248314, 27.545051468769703], [93.81143151915153, 27.545096197989288], [93.81136291571158, 27.54514723776762], [93.81130038578127, 27.545204079936596], [93.81124454919816, 27.545266159777658], [93.8111959620194, 27.545332860801025], [93.81115510574195, 27.545403519525067], [93.81112238820099, 27.545477433441558], [93.81109813279, 27.545553868981013], [93.81108258205411, 27.5456320654951], [93.81107588960526, 27.545711246408008], [93.81107812191871, 27.5457906247918], [93.81108925743501, 27.54586941133128], [93.81110918566125, 27.545946823085508], [93.81113770717153, 27.54602209145227], [93.81117453989482, 27.54609446774343], [93.81121931731847, 27.546163231945943], [93.81127159477643, 27.546227702279317], [93.81133085124583, 27.546287236788242], [93.81139649922848, 27.546341243696364], [93.81146788654749, 27.546389187777695], [93.81154430263544, 27.546430591152863], [93.81162498841594, 27.54646504204969], [93.81170914259177, 27.54649219958197], [93.81179592793305, 27.54651179215592], [93.81188448205711, 27.546523627027838], [93.81197392551331, 27.546527584728526], [93.81206336896952, 27.546523627027838], [93.8121519230936, 27.54651179215592], [93.81223870843488, 27.54649219958197], [93.8123228626107, 27.54646504204969], [93.8124035483912, 27.546430591152863], [93.81247996447915, 27.546389187777695], [93.81255135179816, 27.546341243696364], [93.81261699978081, 27.546287236788242], [93.81267625625021, 27.546227702279317], [93.81272853370817, 27.546163231945943], [93.81277331113182, 27.54609446774343], [93.8128101438551, 27.54602209145227], [93.81283866536539, 27.545946823085508], [93.81285859359163, 27.54586941133128], [93.81286972910789, 27.5457906247918], [93.81287196142137, 27.545711246408008], [93.81286526897253, 27.5456320654951], [93.81284971823665, 27.545553868981013], [93.81282546282564, 27.545477433441558], [93.8127927452847, 27.545403519525067], [93.81275188900723, 27.545332860801025], [93.81270330182846, 27.545266159777658], [93.81264746524535, 27.545204079936596], [93.81258493531504, 27.54514723776762], [93.81251633187512, 27.545096197989288], [93.81244233854349, 27.545051468769703], [93.81236369014205, 27.545013493761083], [93.81228116730678, 27.544982650506455]], [[93.78196035308146, 27.546517645475504], [93.78187257420348, 27.546501911840902], [93.78178346492057, 27.546494005995278], [93.78169391007326, 27.546494005995278], [93.78160480079032, 27.546501911840902], [93.78151702191234, 27.546517645475504], [93.78143144570345, 27.54654104919312], [93.78134892286819, 27.546571892010206], [93.78127027446675, 27.546609866480082], [93.78119628113508, 27.54665459506512], [93.78112767769515, 27.546705634119377], [93.78106514776486, 27.54676247548196], [93.78100931118175, 27.54682455444231], [93.780960724003, 27.546891254519398], [93.78091986772554, 27.54696191224103], [93.78088715018458, 27.54703582510893], [93.78086289477359, 27.54711225956397], [93.78084734403771, 27.547190454968728], [93.78084065158883, 27.54726963475829], [93.78084288390231, 27.547349012015975], [93.78085401941861, 27.547427797437724], [93.78087394764485, 27.547505208093703], [93.78090246915512, 27.54758047539264], [93.7809393018784, 27.547652850657002], [93.78098407930207, 27.547721613883947], [93.78103635676003, 27.54778608330267], [93.78109561322943, 27.54784561696698], [93.78116126121208, 27.547899623108858], [93.78123264853105, 27.547947566510047], [93.781309064619, 27.54798896929779], [93.78138975039954, 27.548023419705867], [93.78147390457532, 27.54805057685283], [93.78156068991662, 27.548070169148836], [93.7816492440407, 27.54808200385285], [93.78173868749691, 27.54808596149738], [93.78182813095312, 27.54808200385285], [93.78191668507719, 27.548070169148836], [93.78200347041847, 27.54805057685283], [93.7820876245943, 27.548023419705867], [93.7821683103748, 27.54798896929779], [93.78224472646275, 27.547947566510047], [93.78231611378176, 27.547899623108858], [93.78238176176441, 27.54784561696698], [93.78244101823381, 27.54778608330267], [93.78249329569176, 27.547721613883947], [93.78253807311542, 27.547652850657002], [93.7825749058387, 27.54758047539264], [93.78260342734895, 27.547505208093703], [93.78262335557523, 27.547427797437724], [93.78263449109149, 27.547349012015975], [93.78263672340496, 27.54726963475829], [93.7826300309561, 27.547190454968728], [93.7826144802202, 27.54711225956397], [93.78259022480924, 27.54703582510893], [93.78255750726825, 27.54696191224103], [93.78251665099083, 27.546891254519398], [93.78246806381206, 27.54682455444231], [93.78241222722895, 27.54676247548196], [93.78234969729864, 27.546705634119377], [93.78228109385871, 27.54665459506512], [93.7822071005271, 27.546609866480082], [93.78212845212565, 27.546571892010206], [93.78204592929038, 27.54654104919312], [93.78196035308146, 27.546517645475504]], [[93.81275272893203, 27.546865429589875], [93.81266495005406, 27.546881163172454], [93.81257937384515, 27.546904566812618], [93.8124968510099, 27.54693540952762], [93.81241820260844, 27.546973383871837], [93.81234420927679, 27.54701811230885], [93.81227560583686, 27.547069151194158], [93.81221307590657, 27.547125992368667], [93.81215723932344, 27.547188071123582], [93.81210865214466, 27.54725477097991], [93.81206779586724, 27.547325428467698], [93.81203507832629, 27.547399341091015], [93.8120108229153, 27.54747577529311], [93.81199527217942, 27.547553970439047], [93.81198857973052, 27.547633149966607], [93.81199081204403, 27.547712526961565], [93.81200194756028, 27.547791312122598], [93.81202187578656, 27.547868722522406], [93.81205039729683, 27.547943989572236], [93.8120872300201, 27.548016364597053], [93.81213200744374, 27.54808512759645], [93.81218428490172, 27.548149596801824], [93.81224354137113, 27.54820913026909], [93.81230918935378, 27.548263136232247], [93.81238057667275, 27.548311079474725], [93.81245699276072, 27.548352482125463], [93.81253767854123, 27.548386932419547], [93.81262183271704, 27.54841408947663], [93.81270861805832, 27.548433681707767], [93.81279717218239, 27.54844551637262], [93.81288661563862, 27.54844947400406], [93.81297605909482, 27.54844551637262], [93.8130646132189, 27.548433681707767], [93.81315139856018, 27.54841408947663], [93.81323555273602, 27.548386932419547], [93.81331623851649, 27.548352482125463], [93.81339265460447, 27.548311079474725], [93.81346404192347, 27.548263136232247], [93.81352968990612, 27.54820913026909], [93.81358894637553, 27.548149596801824], [93.81364122383349, 27.54808512759645], [93.81368600125712, 27.548016364597053], [93.81372283398042, 27.547943989572236], [93.81375135549067, 27.547868722522406], [93.81377128371695, 27.547791312122598], [93.81378241923319, 27.547712526961565], [93.81378465154668, 27.547633149966607], [93.8137779590978, 27.547553970439047], [93.81376240836191, 27.54747577529311], [93.81373815295095, 27.547399341091015], [93.81370543540997, 27.547325428467698], [93.81366457913255, 27.54725477097991], [93.81361599195377, 27.547188071123582], [93.81356015537065, 27.547125992368667], [93.81349762544035, 27.547069151194158], [93.81342902200042, 27.54701811230885], [93.81335502866881, 27.546973383871837], [93.81327638026735, 27.54693540952762], [93.8131938574321, 27.546904566812618], [93.81310828122317, 27.546881163172454], [93.81302050234518, 27.546865429589875], [93.81293139306227, 27.546857523770456], [93.81284183821498, 27.546857523770456], [93.81275272893203, 27.546865429589875]], [[93.78220114739169, 27.548417841621323], [93.78213254395176, 27.548366803362686], [93.78205855062015, 27.54832207547488], [93.7819799022187, 27.54828410159694], [93.78189737938344, 27.548253259260616], [93.7818118031745, 27.548229855907834], [93.78172402429652, 27.54821412251843], [93.78163491501361, 27.548206216796082], [93.7815453601663, 27.548206216796082], [93.78145625088337, 27.54821412251843], [93.78136847200538, 27.548229855907834], [93.7812828957965, 27.548253259260616], [93.78120037296124, 27.54828410159694], [93.7811217245598, 27.54832207547488], [93.78104773122813, 27.548366803362686], [93.7809791277882, 27.548417841621323], [93.78091659785791, 27.5484746820979], [93.7808607612748, 27.548536760090563], [93.780812174096, 27.548603459127953], [93.78077131781858, 27.548674115748135], [93.78073860027763, 27.5487480274639], [93.78071434486664, 27.548824460727488], [93.78069879413076, 27.54890265491332], [93.78069210168188, 27.548981833468623], [93.78069433399537, 27.54906120948892], [93.78070546951162, 27.54913999368258], [93.78072539773788, 27.54921740313187], [93.78075391924817, 27.54929266925751], [93.78079075197142, 27.549365043393628], [93.78083552939508, 27.549433805548702], [93.78088780685306, 27.549498273962463], [93.78094706332247, 27.549557806698708], [93.78101271130508, 27.54961181199872], [93.78108409862409, 27.54965975465254], [93.78116051471206, 27.54970115679489], [93.78124120049254, 27.549735606665934], [93.78132535466837, 27.549762763389538], [93.78141214000966, 27.5497823553801], [93.78150069413373, 27.549794189899664], [93.78159013758996, 27.549798147482505], [93.78167958104616, 27.549794189899664], [93.78176813517024, 27.5497823553801], [93.78185492051152, 27.549762763389538], [93.78193907468734, 27.549735606665934], [93.78201976046783, 27.54970115679489], [93.78209617655581, 27.54965975465254], [93.78216756387481, 27.54961181199872], [93.78223321185746, 27.549557806698708], [93.78229246832686, 27.549498273962463], [93.78234474578481, 27.549433805548702], [93.78238952320847, 27.549365043393628], [93.78242635593172, 27.54929266925751], [93.78245487744199, 27.54921740313187], [93.78247480566829, 27.54913999368258], [93.78248594118453, 27.54906120948892], [93.78248817349802, 27.548981833468623], [93.78248148104915, 27.54890265491332], [93.78246593031325, 27.548824460727488], [93.78244167490229, 27.5487480274639], [93.78240895736131, 27.548674115748135], [93.78236810108389, 27.548603459127953], [93.78231951390511, 27.548536760090563], [93.78226367732199, 27.5484746820979], [93.78220114739169, 27.548417841621323]], [[93.81315203097414, 27.549090764519477], [93.81306425209617, 27.54910649778329], [93.81297867588724, 27.549129900949307], [93.81289615305197, 27.549160743039458], [93.81281750465052, 27.549198716614313], [93.8127435113189, 27.549243444145137], [93.81267490787897, 27.54929448199642], [93.81261237794868, 27.549351322019323], [93.81255654136557, 27.54941339951653], [93.81250795418678, 27.54948009802156], [93.81246709790936, 27.549550754077803], [93.81243438036837, 27.549624665203652], [93.81241012495742, 27.549701097857184], [93.81239457422153, 27.549779291418915], [93.81238788177265, 27.549858469342254], [93.81239011408614, 27.54993784472901], [93.81240124960239, 27.550016628293847], [93.81242117782867, 27.550094037125284], [93.81244969933894, 27.550169302650183], [93.81248653206221, 27.55024167620865], [93.81253130948586, 27.550310437814872], [93.81258358694382, 27.55037490571407], [93.81264284341322, 27.550434437975156], [93.81270849139587, 27.5504884428441], [93.81277987871486, 27.55053638511526], [93.81285629480283, 27.550577786927146], [93.81293698058333, 27.550612236523214], [93.81302113475915, 27.550639393030085], [93.81310792010044, 27.550658984864263], [93.8131964742245, 27.550670819289365], [93.81328591768072, 27.55067477684062], [93.81337536113693, 27.550670819289365], [93.81346391526101, 27.550658984864263], [93.8135507006023, 27.550639393030085], [93.81363485477813, 27.550612236523214], [93.81371554055862, 27.550577786927146], [93.81379195664658, 27.55053638511526], [93.8138633439656, 27.5504884428441], [93.8139289919482, 27.550434437975156], [93.8139882484176, 27.55037490571407], [93.8140405258756, 27.550310437814872], [93.81408530329925, 27.55024167620865], [93.8141221360225, 27.550169302650183], [93.81415065753278, 27.550094037125284], [93.81417058575906, 27.550016628293847], [93.8141817212753, 27.54993784472901], [93.8141839535888, 27.549858469342254], [93.81417726113992, 27.549779291418915], [93.81416171040404, 27.549701097857184], [93.81413745499304, 27.549624665203652], [93.81410473745208, 27.549550754077803], [93.81406388117466, 27.54948009802156], [93.81401529399588, 27.54941339951653], [93.81395945741276, 27.549351322019323], [93.81389692748247, 27.54929448199642], [93.81382832404253, 27.549243444145137], [93.81375433071088, 27.549198716614313], [93.81367568230947, 27.549160743039458], [93.81359315947421, 27.549129900949307], [93.81350758326529, 27.54910649778329], [93.8134198043873, 27.549090764519477], [93.81333069510437, 27.549082858860217], [93.81324114025705, 27.549082858860217], [93.81315203097414, 27.549090764519477]], [[93.7932839936319, 27.55046110232003], [93.79324313735448, 27.55039044684939], [93.79319455017571, 27.550323748897217], [93.79313871359258, 27.550261671914548], [93.7930761836623, 27.550204832362784], [93.79300758022235, 27.550153794934516], [93.79293358689071, 27.550109067774414], [93.79285493848926, 27.550071094514294], [93.792772415654, 27.55004025267981], [93.7926868394451, 27.55001684970778], [93.79259906056713, 27.55000111657437], [93.79250995128417, 27.549993210980606], [93.79242039643687, 27.549993210980606], [93.79233128715396, 27.55000111657437], [93.79224350827599, 27.55001684970778], [93.79215793206706, 27.55004025267981], [93.7920754092318, 27.550071094514294], [93.79199676083036, 27.550109067774414], [93.79192276749873, 27.550153794934516], [93.79185416405879, 27.550204832362784], [93.7917916341285, 27.550261671914548], [93.79173579754537, 27.550323748897217], [93.7916872103666, 27.55039044684939], [93.79164635408918, 27.55046110232003], [93.79161363654819, 27.55053501283325], [93.79158938113723, 27.550611444853256], [93.79157383040135, 27.550689637766826], [93.79156713795247, 27.550768815033905], [93.79156937026595, 27.550848189762743], [93.79158050578222, 27.550926972674525], [93.79160043400849, 27.55100438086434], [93.79162895551873, 27.551079645765377], [93.79166578824201, 27.55115201872397], [93.79171056566568, 27.55122077976022], [93.79176284312362, 27.551285247125048], [93.79182209959303, 27.551344778892663], [93.79188774757569, 27.551398783314028], [93.7919591348947, 27.55144672518775], [93.79203555098265, 27.551488126656466], [93.79211623676315, 27.55152257596698], [93.79220039093896, 27.55154973224877], [93.79228717628025, 27.55156932392055], [93.79237573040433, 27.55158115824754], [93.79246517386052, 27.55158511576598], [93.79255461731675, 27.55158115824754], [93.79264317144083, 27.55156932392055], [93.79272995678213, 27.55154973224877], [93.7928141109579, 27.55152257596698], [93.79289479673844, 27.551488126656466], [93.79297121282639, 27.55144672518775], [93.79304260014537, 27.551398783314028], [93.79310824812802, 27.551344778892663], [93.79316750459742, 27.551285247125048], [93.79321978205537, 27.55122077976022], [93.79326455947903, 27.55115201872397], [93.79330139220232, 27.551079645765377], [93.7933299137126, 27.55100438086434], [93.79334984193888, 27.550926972674525], [93.79336097745514, 27.550848189762743], [93.79336320976861, 27.550768815033905], [93.79335651731974, 27.550689637766826], [93.79334096658386, 27.550611444853256], [93.79331671117285, 27.55053501283325], [93.7932839936319, 27.55046110232003]], [[93.77936622964503, 27.551557993739948], [93.77939475115531, 27.55148272916675], [93.77941467938156, 27.551405321314085], [93.7794258148978, 27.551326538745446], [93.7794280472113, 27.551247164362337], [93.77942135476246, 27.551167987440106], [93.77940580402657, 27.5510897948671], [93.77938154861558, 27.551013363180008], [93.77934883107463, 27.550939452988683], [93.77930797479716, 27.550868797825807], [93.77925938761838, 27.55080210016411], [93.77920355103527, 27.550740023451823], [93.77914102110498, 27.550683184147633], [93.77907241766503, 27.55063214694165], [93.77899842433342, 27.55058741997639], [93.77891977593197, 27.55054944688162], [93.77883725309671, 27.55051860518147], [93.77875167688781, 27.55049520231137], [93.77866389800981, 27.550479469246497], [93.77857478872689, 27.550471563687157], [93.7784852338796, 27.550471563687157], [93.77839612459668, 27.550479469246497], [93.77830834571867, 27.55049520231137], [93.77822276950977, 27.55051860518147], [93.77814024667451, 27.55054944688162], [93.77806159827306, 27.55058741997639], [93.7779876049414, 27.55063214694165], [93.77791900150152, 27.550683184147633], [93.77785647157118, 27.550740023451823], [93.7778006349881, 27.55080210016411], [93.77775204780932, 27.550868797825807], [93.77771119153186, 27.550939452988683], [93.7776784739909, 27.551013363180008], [93.77765421857991, 27.5510897948671], [93.77763866784402, 27.551167987440106], [93.77763197539518, 27.551247164362337], [93.77763420770864, 27.551326538745446], [93.77764534322492, 27.551405321314085], [93.77766527145117, 27.55148272916675], [93.77769379296144, 27.551557993739948], [93.77773062568474, 27.55163036638332], [93.77777540310838, 27.55169912712007], [93.77782768056633, 27.551763594204104], [93.77788693703573, 27.55182312571244], [93.77795258501838, 27.551877129898557], [93.77802397233741, 27.55192507156348], [93.77810038842537, 27.55196647285186], [93.77818107420585, 27.55200092201233], [93.77826522838167, 27.552028078175827], [93.77835201372294, 27.552047669762292], [93.77844056784704, 27.552059504037718], [93.77853001130325, 27.55206346153892], [93.77861945475944, 27.552059504037718], [93.77870800888351, 27.552047669762292], [93.77879479422481, 27.552028078175827], [93.77887894840063, 27.55200092201233], [93.77895963418112, 27.55196647285186], [93.77903605026907, 27.55192507156348], [93.7791074375881, 27.551877129898557], [93.77917308557075, 27.55182312571244], [93.77923234204015, 27.551763594204104], [93.7792846194981, 27.55169912712007], [93.77932939692175, 27.55163036638332], [93.77936622964503, 27.551557993739948]], [[93.80526226437763, 27.551585388149025], [93.80529909710093, 27.551657760774308], [93.80534387452458, 27.551726521493933], [93.80539615198254, 27.551790988561898], [93.80545540845195, 27.551850520055375], [93.8055210564346, 27.551904524227993], [93.8055924437536, 27.551952465880984], [93.80566885984156, 27.55199386715903], [93.80574954562205, 27.552028316310917], [93.80583369979787, 27.552055472467618], [93.80592048513915, 27.552075064049173], [93.80600903926323, 27.552086898321697], [93.80609848271943, 27.55209085582191], [93.80618792617562, 27.552086898321697], [93.80627648029973, 27.552075064049173], [93.806363265641, 27.552055472467618], [93.80644741981682, 27.552028316310917], [93.80652810559731, 27.55199386715903], [93.80660452168527, 27.551952465880984], [93.80667590900428, 27.551904524227993], [93.80674155698694, 27.551850520055375], [93.80680081345633, 27.551790988561898], [93.80685309091429, 27.551726521493933], [93.80689786833794, 27.551657760774308], [93.80693470106122, 27.551585388149025], [93.80696322257151, 27.551510123594593], [93.80698315079775, 27.55143271576124], [93.80699428631402, 27.55135393321222], [93.80699651862749, 27.551274558848906], [93.80698982617865, 27.55119538194646], [93.80697427544276, 27.551117189392926], [93.80695002003176, 27.551040757724895], [93.80691730249082, 27.55096684755203], [93.80687644621335, 27.550896192406785], [93.80682785903458, 27.55082949476173], [93.8067720224515, 27.550767418064925], [93.80670949252116, 27.550710578774872], [93.80664088908127, 27.55065954158166], [93.80656689574961, 27.55061481462752], [93.80648824734816, 27.550576841542266], [93.8064057245129, 27.55054599984979], [93.80632014830401, 27.550522596985516], [93.806232369426, 27.550506863924557], [93.80614326014309, 27.550498958367232], [93.80605370529578, 27.550498958367232], [93.80596459601287, 27.550506863924557], [93.80587681713486, 27.550522596985516], [93.80579124092596, 27.55054599984979], [93.8057087180907, 27.550576841542266], [93.80563006968926, 27.55061481462752], [93.80555607635763, 27.55065954158166], [93.8054874729177, 27.550710578774872], [93.8054249429874, 27.550767418064925], [93.80536910640429, 27.55082949476173], [93.8053205192255, 27.550896192406785], [93.80527966294805, 27.55096684755203], [93.8052469454071, 27.551040757724895], [93.80522268999611, 27.551117189392926], [93.80520713926022, 27.55119538194646], [93.80520044681137, 27.551274558848906], [93.80520267912486, 27.55135393321222], [93.8052138146411, 27.55143271576124], [93.80523374286736, 27.551510123594593], [93.80526226437763, 27.551585388149025]], [[93.81646053335207, 27.551316055159308], [93.81637275447409, 27.55133178810434], [93.81628717826517, 27.551355190796187], [93.8162046554299, 27.551386032261423], [93.81612600702849, 27.551424005066902], [93.81605201369685, 27.551468731691482], [93.8159834102569, 27.551519768508665], [93.81592088032662, 27.551576607379893], [93.81586504374349, 27.551638683619345], [93.81581645656472, 27.551705380772944], [93.8157756002873, 27.551776035397616], [93.81574288274633, 27.55184994502592], [93.81571862733534, 27.551926376130805], [93.81570307659946, 27.55200456810817], [93.81569638415058, 27.552083744427264], [93.81569861646406, 27.55216311820574], [93.81570975198032, 27.552241900174284], [93.8157296802066, 27.552319307437276], [93.81575820171687, 27.552394571437123], [93.81579503444013, 27.552466943529176], [93.81583981186378, 27.552535703742127], [93.81589208932178, 27.55260017033507], [93.81595134579118, 27.55265970138991], [93.81601699377379, 27.552713705164653], [93.8160883810928, 27.552761646464358], [93.81616479718075, 27.552803047437354], [93.81624548296125, 27.55283749633543], [93.81632963713707, 27.552864652292037], [93.81641642247835, 27.552884243729245], [93.81650497660245, 27.552896077914536], [93.81659442005866, 27.552900035385587], [93.81668386351487, 27.552896077914536], [93.81677241763894, 27.552884243729245], [93.81685920298023, 27.552864652292037], [93.81694335715605, 27.55283749633543], [93.81702404293655, 27.552803047437354], [93.8171004590245, 27.552761646464358], [93.81717184634351, 27.552713705164653], [93.81723749432616, 27.55265970138991], [93.81729675079556, 27.55260017033507], [93.81734902825352, 27.552535703742127], [93.81739380567717, 27.552466943529176], [93.81743063840044, 27.552394571437123], [93.81745915991071, 27.552319307437276], [93.81747908813698, 27.552241900174284], [93.81749022365324, 27.55216311820574], [93.81749245596671, 27.552083744427264], [93.81748576351784, 27.55200456810817], [93.81747021278196, 27.551926376130805], [93.817445957371, 27.55184994502592], [93.81741323983, 27.551776035397616], [93.81737238355258, 27.551705380772944], [93.81732379637381, 27.551638683619345], [93.8172679597907, 27.551576607379893], [93.81720542986041, 27.551519768508665], [93.81713682642047, 27.551468731691482], [93.81706283308884, 27.551424005066902], [93.8169841846874, 27.551386032261423], [93.81690166185214, 27.551355190796187], [93.81681608564321, 27.55133178810434], [93.81672830676524, 27.551316055159308], [93.81663919748233, 27.551308149660198], [93.81654964263501, 27.551308149660198], [93.81646053335207, 27.551316055159308]], [[93.77896276121665, 27.552895799163295], [93.77889415777672, 27.552844762985593], [93.77882016444505, 27.55280003692141], [93.77874151604361, 27.552762064591732], [93.77865899320835, 27.55273122351292], [93.77857341699945, 27.552707821114318], [93.77848563812145, 27.552692088366406], [93.77839652883853, 27.552684182966388], [93.77830697399123, 27.552684182966388], [93.77821786470832, 27.552692088366406], [93.77813008583034, 27.552707821114318], [93.77804450962141, 27.55273122351292], [93.77796198678615, 27.552762064591732], [93.7778833383847, 27.55280003692141], [93.77780934505309, 27.552844762985593], [93.77774074161316, 27.552895799163295], [93.77767821168285, 27.552952637322356], [93.77762237509974, 27.553014712783984], [93.77757378792096, 27.55308140910186], [93.7775329316435, 27.553152062841246], [93.77750021410256, 27.553225971543462], [93.77747595869155, 27.553302401690665], [93.7774604079557, 27.553380592688285], [93.77745371550682, 27.553459768015298], [93.77745594782031, 27.553539140799202], [93.77746708333656, 27.553617921780603], [93.77748701156284, 27.553695328073676], [93.77751553307309, 27.55377059113045], [93.77755236579638, 27.553842962315663], [93.77759714322002, 27.553911721667067], [93.77764942067799, 27.553976187452236], [93.77770867714739, 27.554035717761135], [93.77777432513004, 27.554089720859146], [93.77784571244904, 27.554137661558133], [93.777922128537, 27.55417906201237], [93.7780028143175, 27.55421351047878], [93.77808696849333, 27.55424066609512], [93.77817375383461, 27.55426025728684], [93.77826230795868, 27.55427209132384], [93.77835175141489, 27.55427604874531], [93.77844119487108, 27.55427209132384], [93.77852974899518, 27.55426025728684], [93.77861653433645, 27.55424066609512], [93.77870068851226, 27.55421351047878], [93.77878137429279, 27.55417906201237], [93.77885779038075, 27.554137661558133], [93.77892917769972, 27.554089720859146], [93.77899482568237, 27.554035717761135], [93.77905408215179, 27.553976187452236], [93.77910635960974, 27.553911721667067], [93.7791511370334, 27.553842962315663], [93.77918796975668, 27.55377059113045], [93.77921649126696, 27.553695328073676], [93.7792364194932, 27.553617921780603], [93.77924755500948, 27.553539140799202], [93.77924978732294, 27.553459768015298], [93.77924309487409, 27.553380592688285], [93.77922754413821, 27.553302401690665], [93.77920328872722, 27.553225971543462], [93.77917057118626, 27.553152062841246], [93.7791297149088, 27.55308140910186], [93.77908112773005, 27.553014712783984], [93.77902529114694, 27.552952637322356], [93.77896276121665, 27.552895799163295]], [[93.84937772039532, 27.554129757058583], [93.8494491077143, 27.55417769774012], [93.84952552380226, 27.554219098179253], [93.84960620958279, 27.554253546633092], [93.84969036375861, 27.55428070223952], [93.84977714909986, 27.55430029342413], [93.84986570322397, 27.554312127456804], [93.84995514668017, 27.554316084876838], [93.85004459013638, 27.554312127456804], [93.85013314426044, 27.55430029342413], [93.85021992960172, 27.55428070223952], [93.85030408377754, 27.554253546633092], [93.85038476955805, 27.554219098179253], [93.850461185646, 27.55417769774012], [93.85053257296501, 27.554129757058583], [93.85059822094766, 27.554075753980253], [93.85065747741706, 27.55401622369306], [93.85070975487501, 27.5539517579314], [93.85075453229867, 27.553882998605072], [93.85079136502196, 27.553810627446257], [93.85081988653224, 27.5537353644169], [93.85083981475847, 27.55365795815206], [93.85085095027473, 27.55357917719937], [93.85085318258822, 27.553499804444396], [93.85084649013935, 27.553420629146288], [93.8508309394035, 27.553342438177143], [93.8508066839925, 27.5532660080578], [93.85077396645154, 27.553192099382567], [93.85073311017409, 27.553121445668943], [93.85068452299532, 27.55305474937534], [93.8506286864122, 27.55299267393636], [93.8505661564819, 27.552935835798035], [93.85049755304196, 27.55288479963892], [93.85042355971034, 27.55284007359104], [93.8503449113089, 27.552802101275212], [93.85026238847364, 27.55277126020765], [93.8501768122647, 27.552747857817568], [93.85008903338674, 27.552732125075433], [93.84999992410383, 27.55272421967825], [93.8499103692565, 27.55272421967825], [93.84982125997361, 27.552732125075433], [93.84973348109558, 27.552747857817568], [93.84964790488671, 27.55277126020765], [93.84956538205144, 27.552802101275212], [93.84948673365, 27.55284007359104], [93.84941274031834, 27.55288479963892], [93.8493441368784, 27.552935835798035], [93.84928160694811, 27.55299267393636], [93.84922577036498, 27.55305474937534], [93.84917718318626, 27.553121445668943], [93.84913632690879, 27.553192099382567], [93.84910360936784, 27.5532660080578], [93.84907935395684, 27.553342438177143], [93.84906380322096, 27.553420629146288], [93.84905711077212, 27.553499804444396], [93.84905934308556, 27.55357917719937], [93.84907047860186, 27.55365795815206], [93.8490904068281, 27.5537353644169], [93.84911892833838, 27.553810627446257], [93.84915576106167, 27.553882998605072], [93.84920053848532, 27.5539517579314], [93.84925281594327, 27.55401622369306], [93.84931207241267, 27.554075753980253], [93.84937772039532, 27.554129757058583]], [[93.82883405114471, 27.554109836124333], [93.82892260526883, 27.55409800206984], [93.82900939061008, 27.55407841084918], [93.8290935447859, 27.554051255192725], [93.82917423056641, 27.5540168066754], [93.82925064665436, 27.55397540616001], [93.82932203397337, 27.55392746539017], [93.82938768195602, 27.553873462212326], [93.82944693842542, 27.55381393181548], [93.82949921588337, 27.55374946593506], [93.82954399330703, 27.553680706482094], [93.82958082603031, 27.55360833518994], [93.8296093475406, 27.553533072021946], [93.82962927576683, 27.553455665614514], [93.82964041128312, 27.553376884516716], [93.82964264359657, 27.553297511615526], [93.82963595114774, 27.553218336171533], [93.82962040041184, 27.55314014505837], [93.82959614500085, 27.553063714798245], [93.8295634274599, 27.552989805986833], [93.82952257118244, 27.552919152143048], [93.82947398400367, 27.55285245572661], [93.82941814742058, 27.552790380173256], [93.82935561749026, 27.55273354193023], [93.82928701405035, 27.552682505677126], [93.8292130207187, 27.552637779546863], [93.82913437231726, 27.552599807161076], [93.829051849482, 27.55256896603671], [93.8289662732731, 27.552545563603516], [93.82887849439508, 27.55252983083236], [93.82878938511217, 27.552521925420663], [93.82869983026487, 27.552521925420663], [93.82861072098196, 27.55252983083236], [93.82852294210394, 27.552545563603516], [93.82843736589504, 27.55256896603671], [93.82835484305978, 27.552599807161076], [93.82827619465834, 27.552637779546863], [93.82820220132672, 27.552682505677126], [93.82813359788679, 27.55273354193023], [93.8280710679565, 27.552790380173256], [93.82801523137337, 27.55285245572661], [93.82796664419459, 27.552919152143048], [93.82792578791715, 27.552989805986833], [93.82789307037619, 27.553063714798245], [93.8278688149652, 27.55314014505837], [93.82785326422933, 27.553218336171533], [93.82784657178046, 27.553297511615526], [93.82784880409396, 27.553376884516716], [93.8278599396102, 27.553455665614514], [93.82787986783646, 27.553533072021946], [93.82790838934672, 27.55360833518994], [93.82794522207003, 27.553680706482094], [93.82798999949367, 27.55374946593506], [93.82804227695163, 27.55381393181548], [93.82810153342103, 27.553873462212326], [93.82816718140369, 27.55392746539017], [93.82823856872268, 27.55397540616001], [93.82831498481065, 27.5540168066754], [93.82839567059115, 27.554051255192725], [93.82847982476697, 27.55407841084918], [93.82856661010825, 27.55409800206984], [93.82865516423232, 27.554109836124333], [93.82874460768852, 27.554113793551643], [93.82883405114471, 27.554109836124333]], [[93.85041884086016, 27.552559351479264], [93.85049525694812, 27.552600752528516], [93.85057594272861, 27.55263520149005], [93.85066009690445, 27.552662357496683], [93.85074688224573, 27.55268194896997], [93.85083543636979, 27.552693783177066], [93.850924879826, 27.552697740655407], [93.85101432328219, 27.552693783177066], [93.8511028774063, 27.55268194896997], [93.85118966274756, 27.552662357496683], [93.85127381692338, 27.55263520149005], [93.8513545027039, 27.552600752528516], [93.85143091879186, 27.552559351479264], [93.85150230611085, 27.552511410091224], [93.8515679540935, 27.55245740621702], [93.8516272105629, 27.552397875052513], [93.85167948802085, 27.55233340834081], [93.8517242654445, 27.55226464800121], [93.85176109816778, 27.552192275775827], [93.85178961967807, 27.552117011637336], [93.85180954790431, 27.55203960423175], [93.8518206834206, 27.5519608221181], [93.85182291573405, 27.55188144819341], [93.85181622328521, 27.551802271728466], [93.85180067254932, 27.55172407960707], [93.85177641713832, 27.551647648361392], [93.85174369959738, 27.551573738596947], [93.85170284331991, 27.551503083842135], [93.85165425614117, 27.55143638656568], [93.85159841955806, 27.55137431021187], [93.85153588962775, 27.55131747123595], [93.85146728618783, 27.55126643432475], [93.85139329285617, 27.551221707617778], [93.85131464445473, 27.551183734742366], [93.85123212161946, 27.5511528932203], [93.85114654541057, 27.551129490485362], [93.85105876653256, 27.551113757511338], [93.85096965724965, 27.551105851997697], [93.85088010240234, 27.551105851997697], [93.85079099311943, 27.551113757511338], [93.85070321424146, 27.551129490485362], [93.85061763803252, 27.5511528932203], [93.85053511519726, 27.551183734742366], [93.85045646679582, 27.551221707617778], [93.8503824734642, 27.55126643432475], [93.85031387002427, 27.55131747123595], [93.85025134009396, 27.55137431021187], [93.85019550351085, 27.55143638656568], [93.85014691633206, 27.551503083842135], [93.85010606005463, 27.551573738596947], [93.85007334251367, 27.551647648361392], [93.85004908710268, 27.55172407960707], [93.85003353636681, 27.551802271728466], [93.85002684391793, 27.55188144819341], [93.85002907623144, 27.5519608221181], [93.85004021174768, 27.55203960423175], [93.85006013997393, 27.552117011637336], [93.8500886614842, 27.552192275775827], [93.85012549420749, 27.55226464800121], [93.85017027163114, 27.55233340834081], [93.8502225490891, 27.552397875052513], [93.85028180555851, 27.55245740621702], [93.85034745354116, 27.552511410091224], [93.85041884086016, 27.552559351479264]], [[93.87558470157363, 27.551139111539538], [93.875510708242, 27.55118383828016], [93.87544210480208, 27.551234875229728], [93.87537957487179, 27.551291714248407], [93.87532373828866, 27.551353790648882], [93.87527515110989, 27.551420487975502], [93.87523429483247, 27.551491142783465], [93.87520157729148, 27.551565052603493], [93.87517732188051, 27.55164148390664], [93.87516177114463, 27.551719676086865], [93.87515507869576, 27.551798852611345], [93.87515731100923, 27.55187822659573], [93.87516844652549, 27.551957008768643], [93.87518837475177, 27.55203441623244], [93.87521689626202, 27.55210968042755], [93.8752537289853, 27.552182052707344], [93.87529850640895, 27.552250813098684], [93.8753507838669, 27.55231527985886], [93.8754100403363, 27.552374811068123], [93.87547568831896, 27.55242881498295], [93.87554707563797, 27.55247675640703], [93.87562349172592, 27.55251815748744], [93.87570417750642, 27.55255260647489], [93.87578833168224, 27.55257976250194], [93.87587511702354, 27.552599353989972], [93.87596367114762, 27.55261118820596], [93.8760531146038, 27.55261514568729], [93.87614255806004, 27.55261118820596], [93.87623111218412, 27.552599353989972], [93.8763178975254, 27.55257976250194], [93.87640205170118, 27.55255260647489], [93.87648273748172, 27.55251815748744], [93.87655915356967, 27.55247675640703], [93.87663054088864, 27.55242881498295], [93.87669618887129, 27.552374811068123], [93.87675544534069, 27.55231527985886], [93.87680772279866, 27.552250813098684], [93.87685250022231, 27.552182052707344], [93.87688933294561, 27.55210968042755], [93.87691785445587, 27.55203441623244], [93.87693778268215, 27.551957008768643], [93.87694891819841, 27.55187822659573], [93.87695115051189, 27.551798852611345], [93.87694445806302, 27.551719676086865], [93.87692890732713, 27.55164148390664], [93.87690465191613, 27.551565052603493], [93.87687193437517, 27.551491142783465], [93.87683107809775, 27.551420487975502], [93.87678249091898, 27.551353790648882], [93.87672665433587, 27.551291714248407], [93.87666412440556, 27.551234875229728], [93.87659552096564, 27.55118383828016], [93.87652152763398, 27.551139111539538], [93.87644287923254, 27.551101138635563], [93.87636035639729, 27.551070297090305], [93.87627478018838, 27.55104689433777], [93.8761870013104, 27.551031161351915], [93.87609789202746, 27.551023255832334], [93.87600833718015, 27.551023255832334], [93.87591922789724, 27.551031161351915], [93.87583144901926, 27.55104689433777], [93.87574587281034, 27.551070297090305], [93.87566334997507, 27.551101138635563], [93.87558470157363, 27.551139111539538]], [[93.8514136253243, 27.55102484075922], [93.85150217944837, 27.55101300637228], [93.85158896478967, 27.550993414601255], [93.8516731189655, 27.550966258181926], [93.851753804746, 27.550931808696873], [93.85183022083395, 27.550890407018443], [93.85190160815296, 27.55084246490187], [93.85196725613561, 27.550788460206952], [93.85202651260501, 27.550728928137808], [93.85207879006296, 27.55066446044639], [93.85212356748661, 27.550595699061827], [93.8521604002099, 27.550523325736634], [93.85218892172018, 27.550448060454375], [93.85220884994642, 27.55037065187247], [93.85221998546268, 27.55029186856157], [93.85222221777616, 27.55021249343067], [93.85221552532728, 27.550133315762526], [93.85219997459144, 27.55005512245286], [93.85217571918045, 27.549978690045705], [93.85214300163949, 27.549904779158105], [93.85210214536202, 27.54983412332958], [93.85205355818326, 27.54976742503957], [93.85199772160013, 27.549705347742428], [93.85193519166985, 27.549648507902777], [93.85186658822991, 27.549597470216003], [93.85179259489828, 27.54955274282935], [93.85171394649684, 27.54951476937689], [93.85163142366159, 27.549483927386156], [93.85154584745268, 27.54946052429558], [93.85145806857469, 27.549444791082475], [93.85136895929178, 27.5494368854487], [93.85127940444445, 27.5494368854487], [93.85119029516154, 27.549444791082475], [93.85110251628353, 27.54946052429558], [93.85101694007463, 27.549483927386156], [93.85093441723937, 27.54951476937689], [93.85085576883793, 27.54955274282935], [93.85078177550629, 27.549597470216003], [93.85071317206638, 27.549648507902777], [93.85065064213605, 27.549705347742428], [93.85059480555296, 27.54976742503957], [93.85054621837418, 27.54983412332958], [93.85050536209674, 27.549904779158105], [93.85047264455578, 27.549978690045705], [93.85044838914479, 27.55005512245286], [93.85043283840889, 27.550133315762526], [93.85042614596004, 27.55021249343067], [93.8504283782735, 27.55029186856157], [93.8504395137898, 27.55037065187247], [93.85045944201605, 27.550448060454375], [93.8504879635263, 27.550523325736634], [93.85052479624962, 27.550595699061827], [93.85056957367327, 27.55066446044639], [93.85062185113122, 27.550728928137808], [93.85068110760062, 27.550788460206952], [93.85074675558327, 27.55084246490187], [93.85081814290227, 27.550890407018443], [93.85089455899023, 27.550931808696873], [93.85097524477074, 27.550966258181926], [93.85105939894656, 27.550993414601255], [93.8511461842878, 27.55101300637228], [93.8512347384119, 27.55102484075922], [93.85132418186811, 27.551028798297708], [93.8514136253243, 27.55102484075922]], [[93.87681245871686, 27.549469101340897], [93.87674385527693, 27.54952013908731], [93.87668132534662, 27.549576978993414], [93.87662548876351, 27.549639056363105], [93.87657690158473, 27.549705754731065], [93.8765360453073, 27.549776410642185], [93.87650332776633, 27.54985032161617], [93.87647907235537, 27.54992675411266], [93.87646352161947, 27.55000494751371], [93.87645682917059, 27.550084125274395], [93.87645906148408, 27.550163500498062], [93.87647019700033, 27.55024228390104], [93.87649012522662, 27.55031969257343], [93.87651864673686, 27.550394957943666], [93.87655547946015, 27.55046733135345], [93.8766002568838, 27.550536092818366], [93.87665253434176, 27.5506005605851], [93.87671179081116, 27.550660092723884], [93.87677743879381, 27.550714097481904], [93.8768488261128, 27.550762039654522], [93.87692524220077, 27.55080344138136], [93.87700592798127, 27.550837890906667], [93.8770900821571, 27.550865047357735], [93.87717686749838, 27.55088463915166], [93.87726542162245, 27.550896473552427], [93.87735486507866, 27.550900431095535], [93.87744430853488, 27.550896473552427], [93.87753286265895, 27.55088463915166], [93.87761964800025, 27.550865047357735], [93.87770380217603, 27.550837890906667], [93.87778448795656, 27.55080344138136], [93.87786090404452, 27.550762039654522], [93.87793229136349, 27.550714097481904], [93.87799793934614, 27.550660092723884], [93.87805719581556, 27.5506005605851], [93.8781094732735, 27.550536092818366], [93.87815425069716, 27.55046733135345], [93.87819108342045, 27.550394957943666], [93.87821960493073, 27.55031969257343], [93.878239533157, 27.55024228390104], [93.87825066867325, 27.550163500498062], [93.87825290098674, 27.550084125274395], [93.87824620853786, 27.55000494751371], [93.87823065780198, 27.54992675411266], [93.87820640239099, 27.54985032161617], [93.87817368485003, 27.549776410642185], [93.8781328285726, 27.549705754731065], [93.87808424139382, 27.549639056363105], [93.8780284048107, 27.549576978993414], [93.87796587488042, 27.54952013908731], [93.87789727144049, 27.549469101340897], [93.87782327810882, 27.549424373901967], [93.87774462970738, 27.549386400405123], [93.87766210687212, 27.54935555837834], [93.87757653066323, 27.549332155260412], [93.87748875178525, 27.54931642202893], [93.87739964250231, 27.549308516385878], [93.877310087655, 27.549308516385878], [93.8772209783721, 27.54931642202893], [93.87713319949411, 27.549332155260412], [93.87704762328518, 27.54935555837834], [93.87696510044992, 27.549386400405123], [93.87688645204847, 27.549424373901967], [93.87681245871686, 27.549469101340897]], [[93.8517851128303, 27.549328703411593], [93.85187366695436, 27.549316868841903], [93.85196045229566, 27.549297276768304], [93.85204460647144, 27.549270119929588], [93.85212529225198, 27.549235669912516], [93.85220170833993, 27.549194267594707], [93.8522730956589, 27.549146324737723], [93.85233874364155, 27.549092319208803], [93.85239800011097, 27.54903278622025], [93.85245027756892, 27.548968317533266], [93.85249505499257, 27.548899555086802], [93.85253188771586, 27.548827180643926], [93.85256040922614, 27.548751914199325], [93.85258033745238, 27.548674504421967], [93.85259147296867, 27.54859571989441], [93.85259370528215, 27.548516343537717], [93.85258701283327, 27.548437164646813], [93.85257146209739, 27.54835897012962], [93.8525472066864, 27.548282536542125], [93.85251448914543, 27.548208624513112], [93.85247363286798, 27.54813796759345], [93.85242504568923, 27.54807126827342], [93.85236920910612, 27.54800919001764], [93.85230667917584, 27.547952349300203], [93.8522380757359, 27.547901310825278], [93.85216408240423, 27.547856582747908], [93.85208543400279, 27.547818608709022], [93.85200291116753, 27.547787766242013], [93.85191733495864, 27.547764362790037], [93.85182955608067, 27.547748629333956], [93.85174044679772, 27.54774072357811], [93.85165089195041, 27.54774072357811], [93.8515617826675, 27.547748629333956], [93.85147400378952, 27.547764362790037], [93.8513884275806, 27.547787766242013], [93.85130590474533, 27.547818608709022], [93.85122725634388, 27.547856582747908], [93.85115326301228, 27.547901310825278], [93.85108465957234, 27.547952349300203], [93.85102212964203, 27.54800919001764], [93.85096629305892, 27.54807126827342], [93.85091770588015, 27.54813796759345], [93.85087684960273, 27.548208624513112], [93.85084413206174, 27.548282536542125], [93.85081987665077, 27.54835897012962], [93.85080432591488, 27.548437164646813], [93.85079763346602, 27.548516343537717], [93.85079986577949, 27.54859571989441], [93.85081100129575, 27.548674504421967], [93.85083092952203, 27.548751914199325], [93.85085945103228, 27.548827180643926], [93.85089628375556, 27.548899555086802], [93.85094106117921, 27.548968317533266], [93.85099333863717, 27.54903278622025], [93.85105259510657, 27.549092319208803], [93.85111824308922, 27.549146324737723], [93.85118963040823, 27.549194267594707], [93.85126604649619, 27.549235669912516], [93.85134673227668, 27.549270119929588], [93.8514308864525, 27.549297276768304], [93.85151767179379, 27.549316868841903], [93.85160622591786, 27.549328703411593], [93.85169566937407, 27.54933266101119], [93.8517851128303, 27.549328703411593]], [[93.83024787453611, 27.5510160408306], [93.83022361912512, 27.550939609092175], [93.83019090158416, 27.550865698851222], [93.83015004530671, 27.550795043640893], [93.83010145812797, 27.550728345934434], [93.83004562154485, 27.55066626918046], [93.82998309161455, 27.550609429838065], [93.82991448817461, 27.550558392597832], [93.82984049484297, 27.550513665602512], [93.82976184644153, 27.550475692482284], [93.82967932360627, 27.550444850761398], [93.82959374739737, 27.550421447875586], [93.82950596851938, 27.550405714800124], [93.82941685923645, 27.55039780923551], [93.82932730438914, 27.55039780923551], [93.82923819510621, 27.550405714800124], [93.82915041622825, 27.550421447875586], [93.82906484001931, 27.550444850761398], [93.82898231718406, 27.550475692482284], [93.82890366878262, 27.550513665602512], [93.82882967545099, 27.550558392597832], [93.82876107201105, 27.550609429838065], [93.82869854208077, 27.55066626918046], [93.82864270549766, 27.550728345934434], [93.82859411831886, 27.550795043640893], [93.82855326204144, 27.550865698851222], [93.82852054450045, 27.550939609092175], [93.8284962890895, 27.5510160408306], [93.82848073835362, 27.551094233456112], [93.82847404590474, 27.55117341043151], [93.82847627821822, 27.551252784867927], [93.82848741373448, 27.551331567489513], [93.82850734196074, 27.55140897539415], [93.82853586347099, 27.55148424001788], [93.82857269619429, 27.551556612709852], [93.82861747361794, 27.551625373492783], [93.82866975107589, 27.551689840620146], [93.82872900754529, 27.551749372168455], [93.82879465552794, 27.551803376390804], [93.82886604284695, 27.551851318087916], [93.8289424589349, 27.55189271940411], [93.8290231447154, 27.551927168587746], [93.82910729889123, 27.55195432476946], [93.82919408423253, 27.551973916369068], [93.82928263835659, 27.551985750652445], [93.82937208181278, 27.551989708156306], [93.82946152526902, 27.551985750652445], [93.8295500793931, 27.551973916369068], [93.82963686473438, 27.55195432476946], [93.82972101891018, 27.551927168587746], [93.8298017046907, 27.55189271940411], [93.82987812077866, 27.551851318087916], [93.82994950809763, 27.551803376390804], [93.83001515608028, 27.551749372168455], [93.83007441254969, 27.551689840620146], [93.83012669000765, 27.551625373492783], [93.83017146743128, 27.551556612709852], [93.83020830015458, 27.55148424001788], [93.83023682166485, 27.55140897539415], [93.8302567498911, 27.551331567489513], [93.8302678854074, 27.551252784867927], [93.83027011772087, 27.55117341043151], [93.83026342527201, 27.551094233456112], [93.83024787453611, 27.5510160408306]], [[93.84370712402892, 27.54653174393805], [93.84378780980943, 27.54656619480316], [93.84387196398525, 27.546593352310428], [93.84395874932653, 27.546612944866325], [93.8440473034506, 27.546624779727356], [93.84413674690684, 27.546628737424392], [93.84422619036303, 27.546624779727356], [93.84431474448711, 27.546612944866325], [93.8444015298284, 27.546593352310428], [93.84448568400423, 27.54656619480316], [93.84456636978472, 27.54653174393805], [93.84464278587267, 27.546490340601014], [93.84471417319168, 27.546442396563826], [93.84477982117433, 27.546388389705434], [93.84483907764374, 27.546328855251346], [93.8448913551017, 27.54626438497733], [93.84493613252535, 27.54619562083815], [93.84497296524859, 27.546123244613614], [93.84500148675887, 27.546047976316164], [93.84502141498515, 27.545970564633258], [93.84503255050141, 27.545891778166293], [93.84503478281489, 27.545812399855617], [93.84502809036601, 27.545733219015606], [93.84501253963013, 27.545655022573513], [93.84498828421917, 27.54557858710448], [93.84495556667818, 27.545504673256023], [93.84491471040076, 27.545434014597042], [93.84486612322198, 27.5453673136351], [93.84481028663886, 27.5453052338512], [93.84474775670857, 27.54524839173456], [93.84467915326863, 27.54519735200324], [93.84460515993702, 27.54515262282486], [93.84452651153556, 27.545114647851175], [93.8444439887003, 27.54508380462498], [93.84435841249139, 27.545060400596892], [93.8442706336134, 27.545044666753533], [93.8441815243305, 27.545036760803036], [93.84409196948319, 27.545036760803036], [93.84400286020023, 27.545044666753533], [93.84391508132227, 27.545060400596892], [93.84382950511333, 27.54508380462498], [93.84374698227808, 27.545114647851175], [93.84366833387665, 27.54515262282486], [93.84359434054501, 27.54519735200324], [93.84352573710507, 27.54524839173456], [93.84346320717478, 27.5453052338512], [93.84340737059165, 27.5453673136351], [93.84335878341288, 27.545434014597042], [93.84331792713546, 27.545504673256023], [93.84328520959451, 27.54557858710448], [93.8432609541835, 27.545655022573513], [93.84324540344763, 27.545733219015606], [93.84323871099875, 27.545812399855617], [93.84324094331224, 27.545891778166293], [93.8432520788285, 27.545970564633258], [93.84327200705476, 27.546047976316164], [93.84330052856504, 27.546123244613614], [93.8433373612883, 27.54619562083815], [93.84338213871196, 27.54626438497733], [93.84343441616994, 27.546328855251346], [93.84349367263934, 27.546388389705434], [93.84355932062196, 27.546442396563826], [93.84363070794097, 27.546490340601014], [93.84370712402892, 27.54653174393805]], [[93.80300861680693, 27.554420444755063], [93.80292609397168, 27.554389604142003], [93.80284051776275, 27.554366202096823], [93.80275273888476, 27.5543504695865], [93.80266362960185, 27.554342564305866], [93.80257407475455, 27.554342564305866], [93.8024849654716, 27.5543504695865], [93.80239718659362, 27.554366202096823], [93.80231161038473, 27.554389604142003], [93.80222908754948, 27.554420444755063], [93.80215043914802, 27.554458416511302], [93.80207644581637, 27.55450314190004], [93.80200784237644, 27.554554177307], [93.80194531244615, 27.55461101460771], [93.80188947586302, 27.554673089131885], [93.80184088868424, 27.554739784442557], [93.80180003240682, 27.554810437114906], [93.80176731486587, 27.554884344700948], [93.80174305945488, 27.554960773693907], [93.80172750871898, 27.55503896351072], [93.8017208162701, 27.555118137641987], [93.80172304858361, 27.555197509227217], [93.80173418409986, 27.55527628901885], [93.80175411232612, 27.555353694142916], [93.80178263383641, 27.555428956063075], [93.80181946655966, 27.55550132615531], [93.80186424398332, 27.555570084468286], [93.8019165214413, 27.555634549279862], [93.8019757779107, 27.555694078689722], [93.80204142589335, 27.55574808097216], [93.80211281321233, 27.555796020947167], [93.8021892293003, 27.555837420776143], [93.80226991508081, 27.555871868722278], [93.80235406925661, 27.555899023928493], [93.8024408545979, 27.555918614824343], [93.80252940872197, 27.555930448682645], [93.8026188521782, 27.555934406044337], [93.8027082956344, 27.555930448682645], [93.80279684975848, 27.555918614824343], [93.80288363509976, 27.555899023928493], [93.80296778927558, 27.555871868722278], [93.80304847505607, 27.555837420776143], [93.80312489114404, 27.555796020947167], [93.80319627846305, 27.55574808097216], [93.80326192644569, 27.555694078689722], [93.8033211829151, 27.555634549279862], [93.80337346037305, 27.555570084468286], [93.8034182377967, 27.55550132615531], [93.80345507052, 27.555428956063075], [93.80348359203023, 27.555353694142916], [93.80350352025653, 27.55527628901885], [93.80351465577277, 27.555197509227217], [93.80351688808626, 27.555118137641987], [93.80351019563739, 27.55503896351072], [93.80349464490149, 27.554960773693907], [93.80347038949053, 27.554884344700948], [93.80343767194955, 27.554810437114906], [93.80339681567213, 27.554739784442557], [93.80334822849335, 27.554673089131885], [93.80329239191023, 27.55461101460771], [93.80322986197993, 27.554554177307], [93.80316125854, 27.55450314190004], [93.80308726520839, 27.554458416511302], [93.80300861680693, 27.554420444755063]], [[93.7803059788233, 27.55588315624804], [93.78031711433957, 27.555804376891814], [93.78031934665304, 27.55572500574526], [93.78031265420418, 27.555645832051535], [93.78029710346833, 27.55556764266688], [93.78027284805732, 27.555491214096328], [93.78024013051633, 27.55541730691874], [93.78019927423891, 27.55534665463684], [93.78015068706014, 27.555279959694804], [93.78009485047703, 27.55521788551371], [93.78003232054672, 27.555161048527115], [93.77996371710678, 27.555110013402203], [93.77988972377517, 27.55506528826065], [93.77981107537371, 27.555027316714273], [93.77972855253846, 27.554996476271665], [93.77964297632954, 27.554973074355807], [93.77955519745156, 27.554957341932436], [93.77946608816865, 27.554949436695495], [93.77937653332134, 27.554949436695495], [93.77928742403839, 27.554957341932436], [93.77919964516042, 27.554973074355807], [93.77911406895153, 27.554996476271665], [93.77903154611627, 27.555027316714273], [93.77895289771483, 27.55506528826065], [93.77887890438316, 27.555110013402203], [93.77881030094322, 27.555161048527115], [93.77874777101295, 27.55521788551371], [93.77869193442982, 27.555279959694804], [93.77864334725108, 27.55534665463684], [93.77860249097361, 27.55541730691874], [93.77856977343266, 27.555491214096328], [93.77854551802166, 27.55556764266688], [93.77852996728579, 27.555645832051535], [93.77852327483691, 27.55572500574526], [93.77852550715039, 27.555804376891814], [93.77853664266668, 27.55588315624804], [93.77855657089292, 27.555960560944296], [93.7785850924032, 27.556035822448475], [93.77862192512649, 27.55610819214075], [93.77866670255014, 27.556176950073688], [93.7787189800081, 27.556241414529005], [93.7787782364775, 27.556300943609855], [93.77884388446016, 27.55635494559383], [93.77891527177913, 27.556402885303847], [93.77899168786708, 27.556444284904014], [93.77907237364761, 27.556478732659784], [93.7791565278234, 27.556505887715904], [93.7792433131647, 27.556525478503474], [93.77933186728879, 27.55653731229635], [93.779421310745, 27.55654126963617], [93.7795107542012, 27.55653731229635], [93.77959930832527, 27.556525478503474], [93.77968609366656, 27.556505887715904], [93.77977024784238, 27.556478732659784], [93.77985093362287, 27.556444284904014], [93.77992734971083, 27.556402885303847], [93.77999873702984, 27.55635494559383], [93.7800643850125, 27.556300943609855], [93.7801236414819, 27.556241414529005], [93.78017591893985, 27.556176950073688], [93.7802206963635, 27.55610819214075], [93.78025752908678, 27.556035822448475], [93.78028605059703, 27.555960560944296], [93.7803059788233, 27.55588315624804]], [[93.80208566342952, 27.556221649277397], [93.80199788455151, 27.55623738151963], [93.80191230834262, 27.556260783166017], [93.80182978550737, 27.5562916232535], [93.80175113710591, 27.556329594362662], [93.80167714377426, 27.556374318989246], [93.80160854033436, 27.556425353526556], [93.80154601040402, 27.55648218985868], [93.80149017382094, 27.556544263325044], [93.80144158664217, 27.556610957499164], [93.8014007303647, 27.55668160896756], [93.80136801282376, 27.55675551529414], [93.80134375741275, 27.556831942984672], [93.80132820667687, 27.556910131469014], [93.80132151422804, 27.55698930425109], [93.80132374654148, 27.557068674483716], [93.80133488205777, 27.557147452932824], [93.80135481028401, 27.5572248567378], [93.8013833317943, 27.55730011737541], [93.80142016451758, 27.557372486234375], [93.80146494194123, 27.557441243375596], [93.80151721939919, 27.5575057070886], [93.80157647586859, 27.557565235483988], [93.80164212385124, 27.55761923684618], [93.80171351117025, 27.557667176004177], [93.8017899272582, 27.55770857512764], [93.8018706130387, 27.557743022486722], [93.80195476721453, 27.557770177230204], [93.80204155255579, 27.557789767792187], [93.8021301066799, 27.55780160144879], [93.80221955013609, 27.557805558743052], [93.80230899359229, 27.55780160144879], [93.80239754771635, 27.557789767792187], [93.80248433305765, 27.557770177230204], [93.80256848723346, 27.557743022486722], [93.80264917301396, 27.55770857512764], [93.80272558910193, 27.557667176004177], [93.80279697642092, 27.55761923684618], [93.80286262440357, 27.557565235483988], [93.80292188087299, 27.5575057070886], [93.80297415833093, 27.557441243375596], [93.8030189357546, 27.557372486234375], [93.80305576847789, 27.55730011737541], [93.80308428998816, 27.5572248567378], [93.80310421821441, 27.557147452932824], [93.80311535373066, 27.557068674483716], [93.80311758604415, 27.55698930425109], [93.80311089359529, 27.556910131469014], [93.80309534285941, 27.556831942984672], [93.80307108744842, 27.55675551529414], [93.80303836990745, 27.55668160896756], [93.80299751363002, 27.556610957499164], [93.80294892645124, 27.556544263325044], [93.80289308986812, 27.55648218985868], [93.80283055993782, 27.556425353526556], [93.80276195649789, 27.556374318989246], [93.80268796316626, 27.556329594362662], [93.80260931476482, 27.5562916232535], [93.80252679192955, 27.556260783166017], [93.80244121572066, 27.55623738151963], [93.80235343684265, 27.556221649277397], [93.80226432755974, 27.556213744131444], [93.80217477271243, 27.556213744131444], [93.80208566342952, 27.556221649277397]], [[93.77915396492992, 27.557752990190505], [93.77913841419402, 27.557674802306384], [93.77911415878303, 27.557598375202563], [93.77908144124207, 27.557524469443315], [93.77904058496465, 27.557453818517295], [93.77899199778588, 27.55738712485513], [93.77893616120276, 27.557325051865277], [93.77887363127248, 27.55726821596946], [93.77880502783253, 27.557217181823905], [93.77873103450088, 27.557172457540695], [93.77865238609944, 27.557134486722973], [93.77856986326418, 27.55710364687224], [93.77848428705528, 27.557080245405476], [93.77839650817731, 27.55706451328402], [93.77830739889436, 27.55705660819875], [93.77821784404705, 27.55705660819875], [93.77812873476414, 27.55706451328402], [93.77804095588615, 27.557080245405476], [93.77795537967724, 27.55710364687224], [93.77787285684198, 27.557134486722973], [93.77779420844053, 27.557172457540695], [93.77772021510891, 27.557217181823905], [93.77765161166897, 27.55726821596946], [93.77758908173868, 27.557325051865277], [93.77753324515555, 27.55738712485513], [93.77748465797679, 27.557453818517295], [93.77744380169936, 27.557524469443315], [93.77741108415837, 27.557598375202563], [93.77738682874741, 27.557674802306384], [93.77737127801153, 27.557752990190505], [93.77736458556265, 27.557832162364814], [93.77736681787613, 27.557911531988164], [93.77737795339239, 27.557990309832533], [93.77739788161867, 27.55806771304328], [93.77742640312891, 27.55814297310313], [93.7774632358522, 27.558215341406548], [93.77750801327585, 27.558284098019936], [93.7775602907338, 27.55834856123808], [93.7776195472032, 27.558408089176474], [93.77768519518585, 27.55846209012411], [93.77775658250486, 27.558510028914093], [93.77783299859281, 27.558551427719745], [93.77791368437332, 27.558585874814383], [93.77799783854914, 27.5586130293494], [93.77808462389044, 27.55863261976099], [93.77817317801451, 27.558644453326746], [93.7782626214707, 27.558648410590628], [93.77835206492693, 27.558644453326746], [93.77844061905101, 27.55863261976099], [93.77852740439229, 27.5586130293494], [93.77861155856807, 27.558585874814383], [93.77869224434862, 27.558551427719745], [93.77876866043657, 27.558510028914093], [93.77884004775554, 27.55846209012411], [93.77890569573819, 27.558408089176474], [93.7789649522076, 27.55834856123808], [93.77901722966556, 27.558284098019936], [93.77906200708921, 27.558215341406548], [93.7790988398125, 27.55814297310313], [93.77912736132278, 27.55806771304328], [93.77914728954904, 27.557990309832533], [93.7791584250653, 27.557911531988164], [93.77916065737878, 27.557832162364814], [93.77915396492992, 27.557752990190505]], [[93.86100129853764, 27.558350465412683], [93.8609685809967, 27.55842437061592], [93.86094432558569, 27.55850079714476], [93.8609287748498, 27.558578984440672], [93.86092208240096, 27.558658156019337], [93.86092431471441, 27.558737525045554], [93.8609354502307, 27.558816302297235], [93.86095537845695, 27.558893704925687], [93.86098389996722, 27.55896896441932], [93.86102073269052, 27.559041332178303], [93.86106551011416, 27.55911008827441], [93.86111778757211, 27.559174551007555], [93.86117704404153, 27.5592340784981], [93.86124269202418, 27.55928807903947], [93.86131407934315, 27.559336017468787], [93.86139049543111, 27.559377415962974], [93.86147118121164, 27.55941186279846], [93.86155533538746, 27.55943901712918], [93.8616421207287, 27.55945860739339], [93.86173067485282, 27.55947044087011], [93.86182011830903, 27.559474398104225], [93.86190956176522, 27.55947044087011], [93.86199811588928, 27.55945860739339], [93.86208490123057, 27.55943901712918], [93.8621690554064, 27.55941186279846], [93.8622497411869, 27.559377415962974], [93.86232615727485, 27.559336017468787], [93.86239754459386, 27.55928807903947], [93.86246319257651, 27.5592340784981], [93.86252244904591, 27.559174551007555], [93.86257472650387, 27.55911008827441], [93.86261950392752, 27.559041332178303], [93.86265633665082, 27.55896896441932], [93.86268485816109, 27.558893704925687], [93.86270478638733, 27.558816302297235], [93.86271592190359, 27.558737525045554], [93.86271815421708, 27.558658156019337], [93.8627114617682, 27.558578984440672], [93.86269591103233, 27.55850079714476], [93.86267165562136, 27.55842437061592], [93.8626389380804, 27.558350465412683], [93.86259808180294, 27.55827981501817], [93.86254949462416, 27.558213121857772], [93.86249365804103, 27.55815104933489], [93.86243112811076, 27.558094213866653], [93.86236252467081, 27.55804318010504], [93.86228853133919, 27.55799845615827], [93.86220988293775, 27.55796048562624], [93.86212736010249, 27.557929646007505], [93.86204178389356, 27.557906244716794], [93.86195400501559, 27.5578905127137], [93.86186489573267, 27.557882607687883], [93.86177534088536, 27.557882607687883], [93.86168623160246, 27.5578905127137], [93.86159845272444, 27.557906244716794], [93.86151287651553, 27.557929646007505], [93.86143035368028, 27.55796048562624], [93.86135170527884, 27.55799845615827], [93.8612777119472, 27.55804318010504], [93.86120910850725, 27.558094213866653], [93.86114657857695, 27.55815104933489], [93.86109074199383, 27.558213121857772], [93.8610421548151, 27.55827981501817], [93.86100129853764, 27.558350465412683]], [[93.80241089488486, 27.559463022548993], [93.80237003860742, 27.559392372870434], [93.80232145142867, 27.559325680385864], [93.80226561484555, 27.559263608492007], [93.80220308491525, 27.559206773599705], [93.80213448147532, 27.55915574035525], [93.80206048814367, 27.559111016861685], [93.80198183974223, 27.559073046714424], [93.80189931690697, 27.559042207408176], [93.80181374069807, 27.559018806354604], [93.80172596182008, 27.559003074510947], [93.80163685253714, 27.558995169565254], [93.80154729768984, 27.558995169565254], [93.80145818840693, 27.559003074510947], [93.80137040952894, 27.559018806354604], [93.80128483332001, 27.559042207408176], [93.80120231048475, 27.559073046714424], [93.80112366208331, 27.559111016861685], [93.80104966875169, 27.55915574035525], [93.80098106531175, 27.559206773599705], [93.80091853538147, 27.559263608492007], [93.80086269879835, 27.559325680385864], [93.80081411161957, 27.559392372870434], [93.80077325534215, 27.559463022548993], [93.80074053780116, 27.559536927003272], [93.8007162823902, 27.559613352757648], [93.80070073165432, 27.559691539261255], [93.80069403920544, 27.559770710037633], [93.80069627151892, 27.559850078259554], [93.80070740703518, 27.55992885471291], [93.80072733526144, 27.56000625655699], [93.8007558567717, 27.560081515287965], [93.80079268949498, 27.560153882313575], [93.80083746691864, 27.560222637712908], [93.80088974437659, 27.56028709979281], [93.80094900084599, 27.560346626680104], [93.80101464882864, 27.560400626674213], [93.80108603614765, 27.560448564617758], [93.8011624522356, 27.56048996269242], [93.8012431380161, 27.560524409178807], [93.80132729219193, 27.560551563234334], [93.80141407753322, 27.56057115330002], [93.8015026316573, 27.56058298665684], [93.80159207511349, 27.56058694385085], [93.80168151856972, 27.56058298665684], [93.8017700726938, 27.56057115330002], [93.80185685803508, 27.560551563234334], [93.80194101221088, 27.560524409178807], [93.8020216979914, 27.56048996269242], [93.80209811407936, 27.560448564617758], [93.80216950139832, 27.560400626674213], [93.80223514938098, 27.560346626680104], [93.80229440585039, 27.56028709979281], [93.80234668330834, 27.560222637712908], [93.80239146073198, 27.560153882313575], [93.80242829345529, 27.560081515287965], [93.80245681496555, 27.56000625655699], [93.8024767431918, 27.55992885471291], [93.80248787870809, 27.559850078259554], [93.80249011102157, 27.559770710037633], [93.8024834185727, 27.559691539261255], [93.80246786783681, 27.559613352757648], [93.80244361242582, 27.559536927003272], [93.80241089488486, 27.559463022548993]], [[93.77806651115935, 27.5605228976557], [93.77811128858302, 27.560454142444378], [93.7781481213063, 27.56038177561674], [93.77817664281655, 27.560306517091593], [93.77819657104281, 27.560229115459215], [93.77820770655907, 27.56015033922127], [93.77820993887256, 27.56007097121643], [93.77820324642369, 27.559991800656594], [93.7781876956878, 27.55991361436685], [93.77816344027684, 27.559837188821497], [93.77813072273585, 27.559763284569335], [93.77808986645843, 27.559692635084005], [93.77804127927965, 27.559625942781846], [93.77798544269653, 27.559563871057765], [93.77792291276624, 27.559507036320866], [93.7778543093263, 27.559456003216013], [93.77778031599468, 27.55941127984477], [93.77770166759323, 27.559373309801362], [93.77761914475798, 27.55934247057946], [93.77753356854905, 27.559319069589883], [93.77744578967108, 27.559303337789228], [93.77735668038815, 27.559295432865174], [93.77726712554086, 27.559295432865174], [93.7771780162579, 27.559303337789228], [93.77709023737992, 27.559319069589883], [93.77700466117103, 27.55934247057946], [93.77692213833576, 27.559373309801362], [93.77684348993432, 27.55941127984477], [93.77676949660268, 27.559456003216013], [93.77670089316274, 27.559507036320866], [93.77663836323244, 27.559563871057765], [93.77658252664932, 27.559625942781846], [93.77653393947055, 27.559692635084005], [93.77649308319313, 27.559763284569335], [93.77646036565218, 27.559837188821497], [93.77643611024118, 27.55991361436685], [93.77642055950528, 27.559991800656594], [93.77641386705642, 27.56007097121643], [93.7764160993699, 27.56015033922127], [93.77642723488616, 27.560229115459215], [93.77644716311244, 27.560306517091593], [93.77647568462271, 27.56038177561674], [93.776512517346, 27.560454142444378], [93.77655729476965, 27.5605228976557], [93.7766095722276, 27.560587359559296], [93.77666882869701, 27.560646886283774], [93.77673447667966, 27.56070088613019], [93.77680586399863, 27.56074882394261], [93.7768822800866, 27.56079022190403], [93.77696296586711, 27.56082466829623], [93.77704712004291, 27.560851822277474], [93.77713390538419, 27.560871412289565], [93.77722245950827, 27.56088324561402], [93.77731190296451, 27.56088720279724], [93.7774013464207, 27.56088324561402], [93.77748990054477, 27.560871412289565], [93.77757668588606, 27.560851822277474], [93.77766084006188, 27.56082466829623], [93.77774152584239, 27.56079022190403], [93.77781794193034, 27.56074882394261], [93.77788932924935, 27.56070088613019], [93.777954977232, 27.560646886283774], [93.7780142337014, 27.560587359559296], [93.77806651115935, 27.5605228976557]], [[93.80180044742848, 27.56067189566926], [93.80171266855051, 27.560687627273776], [93.80162709234158, 27.56071102797163], [93.80154456950632, 27.560741866809106], [93.80146592110488, 27.560779836379172], [93.80139192777325, 27.560824559192916], [93.80132332433331, 27.560875591661606], [93.80126079440302, 27.560932425689966], [93.8012049578199, 27.56099449664027], [93.80115637064112, 27.561061188111044], [93.8011155143637, 27.561131836715653], [93.80108279682271, 27.56120574004651], [93.80105854141175, 27.56128216463913], [93.80104299067587, 27.561360349954203], [93.80103629822699, 27.56143951952706], [93.80103853054048, 27.56151888654251], [93.80104966605674, 27.561597661798388], [93.801069594283, 27.561675062465838], [93.8010981157933, 27.561750320052795], [93.80113494851653, 27.561822685978314], [93.8011797259402, 27.561891440332477], [93.80123200339814, 27.561955901432462], [93.80129125986755, 27.562015427414863], [93.8013569078502, 27.56206942658808], [93.80142829516922, 27.56211736380289], [93.80150471125717, 27.56215876124823], [93.80158539703767, 27.562193207210985], [93.80166955121348, 27.562220360853715], [93.80175633655479, 27.562239950621628], [93.80184489067885, 27.56225178379855], [93.80193433413504, 27.5622557409324], [93.80202377759129, 27.56225178379855], [93.80211233171535, 27.562239950621628], [93.80219911705665, 27.562220360853715], [93.80228327123245, 27.562193207210985], [93.80236395701296, 27.56215876124823], [93.80244037310092, 27.56211736380289], [93.80251176041992, 27.56206942658808], [93.80257740840254, 27.562015427414863], [93.80263666487195, 27.561955901432462], [93.80268894232992, 27.561891440332477], [93.80273371975359, 27.561822685978314], [93.80277055247684, 27.561750320052795], [93.80279907398712, 27.561675062465838], [93.8028190022134, 27.561597661798388], [93.80283013772966, 27.56151888654251], [93.80283237004313, 27.56143951952706], [93.80282567759427, 27.561360349954203], [93.80281012685838, 27.56128216463913], [93.80278587144737, 27.56120574004651], [93.80275315390642, 27.561131836715653], [93.802712297629, 27.561061188111044], [93.80266371045023, 27.56099449664027], [93.80260787386712, 27.560932425689966], [93.80254534393681, 27.560875591661606], [93.80247674049687, 27.560824559192916], [93.80240274716523, 27.560779836379172], [93.80232409876378, 27.560741866809106], [93.80224157592852, 27.56071102797163], [93.80215599971962, 27.560687627273776], [93.80206822084165, 27.56067189566926], [93.8019791115587, 27.56066399084371], [93.8018895567114, 27.56066399084371], [93.80180044742848, 27.56067189566926]], [[93.77776189154818, 27.562225461568048], [93.77779041305845, 27.562150204306842], [93.77781034128473, 27.562072803974395], [93.77782147680098, 27.561994029059495], [93.77782370911447, 27.561914662387586], [93.7778170166656, 27.561835493157375], [93.77780146592971, 27.561757308180727], [93.77777721051875, 27.561680883918886], [93.77774449297776, 27.561606980907904], [93.77770363670034, 27.56153633260907], [93.77765504952156, 27.561469641426964], [93.77759921293844, 27.561407570745303], [93.77753668300815, 27.56135073696295], [93.77746807956821, 27.56129970471512], [93.77739408623655, 27.561254982094955], [93.77731543783514, 27.56121701268921], [93.77723291499989, 27.56118617398523], [93.77714733879097, 27.56116277338868], [93.77705955991298, 27.561147041852227], [93.77697045063006, 27.561139137060906], [93.77688089578277, 27.561139137060906], [93.77679178649981, 27.561147041852227], [93.77670400762184, 27.56116277338868], [93.77661843141291, 27.56118617398523], [93.77653590857766, 27.56121701268921], [93.77645726017624, 27.561254982094955], [93.77638326684459, 27.56129970471512], [93.77631466340465, 27.56135073696295], [93.77625213347436, 27.561407570745303], [93.77619629689124, 27.561469641426964], [93.77614770971248, 27.56153633260907], [93.77610685343505, 27.561606980907904], [93.77607413589409, 27.561680883918886], [93.7760498804831, 27.561757308180727], [93.7760343297472, 27.561835493157375], [93.77602763729833, 27.561914662387586], [93.77602986961182, 27.561994029059495], [93.77604100512806, 27.562072803974395], [93.77606093335434, 27.562150204306842], [93.77608945486462, 27.562225461568048], [93.77612628758789, 27.562297827180355], [93.77617106501154, 27.562366581236923], [93.7762233424695, 27.562431042057884], [93.77628259893889, 27.562490567782636], [93.77634824692154, 27.562544566722146], [93.77641963424054, 27.56259250372944], [93.7764960503285, 27.562633900995603], [93.776576736109, 27.562668346809264], [93.77666089028483, 27.562695500334492], [93.77674767562611, 27.562715090017573], [93.77683622975017, 27.562726923143266], [93.77692567320642, 27.562730880260006], [93.77701511666261, 27.562726923143266], [93.77710367078669, 27.562715090017573], [93.77719045612798, 27.562695500334492], [93.7772746103038, 27.562668346809264], [93.77735529608431, 27.562633900995603], [93.77743171217226, 27.56259250372944], [93.77750309949127, 27.562544566722146], [93.77756874747392, 27.562490567782636], [93.77762800394332, 27.562431042057884], [93.77768028140127, 27.562366581236923], [93.77772505882493, 27.562297827180355], [93.77776189154818, 27.562225461568048]], [[93.8424622800307, 27.562294934786575], [93.84242956248976, 27.562368837334443], [93.84240530707876, 27.562445261117308], [93.84238975634287, 27.562523445603986], [93.84238306389399, 27.56260261433803], [93.84238529620748, 27.562681980512536], [93.84239643172373, 27.562760754933787], [93.84241635995001, 27.56283815478115], [93.8424448814603, 27.56291341157068], [93.84248171418355, 27.562985776729466], [93.84252649160719, 27.56305453035513], [93.84257876906514, 27.563118990772125], [93.84263802553455, 27.563178516123823], [93.8427036735172, 27.56323251472491], [93.84277506083622, 27.56328045143177], [93.84285147692418, 27.5633218484385], [93.84293216270467, 27.563356294036303], [93.8430163168805, 27.56338344739132], [93.84310310222178, 27.56340303695163], [93.84319165634585, 27.563414870003182], [93.84328109980206, 27.563418827095095], [93.84337054325829, 27.563414870003182], [93.84345909738235, 27.56340303695163], [93.84354588272365, 27.56338344739132], [93.84363003689947, 27.563356294036303], [93.84371072267996, 27.5633218484385], [93.84378713876792, 27.56328045143177], [93.84385852608692, 27.56323251472491], [93.84392417406957, 27.563178516123823], [93.84398343053896, 27.563118990772125], [93.84403570799694, 27.56305453035513], [93.84408048542059, 27.562985776729466], [93.84411731814384, 27.56291341157068], [93.84414583965412, 27.56283815478115], [93.8441657678804, 27.562760754933787], [93.84417690339666, 27.562681980512536], [93.84417913571015, 27.56260261433803], [93.84417244326127, 27.562523445603986], [93.84415689252538, 27.562445261117308], [93.84413263711438, 27.562368837334443], [93.84409991957344, 27.562294934786575], [93.84405906329602, 27.5622242869305], [93.84401047611723, 27.56215759616637], [93.84395463953412, 27.56209552587368], [93.84389210960381, 27.562038692447487], [93.84382350616389, 27.561987660519502], [93.84374951283223, 27.561942938179612], [93.84367086443082, 27.56190496901182], [93.84358834159556, 27.561874130501106], [93.84350276538662, 27.561850730051177], [93.84341498650865, 27.56183499861331], [93.8433258772257, 27.561827093871514], [93.84323632237843, 27.561827093871514], [93.84314721309549, 27.56183499861331], [93.84305943421751, 27.561850730051177], [93.84297385800858, 27.561874130501106], [93.84289133517332, 27.56190496901182], [93.84281268677191, 27.561942938179612], [93.84273869344025, 27.561987660519502], [93.84267009000033, 27.562038692447487], [93.84260756007002, 27.56209552587368], [93.8425517234869, 27.56215759616637], [93.84250313630812, 27.5622242869305], [93.8424622800307, 27.562294934786575]], [[93.80213448147532, 27.562897905654875], [93.80206048814367, 27.562853183685824], [93.80198183974223, 27.562815214832884], [93.80189931690697, 27.56278437657787], [93.80181374069807, 27.562760976321997], [93.80172596182008, 27.562745245014593], [93.80163685253714, 27.562737340338355], [93.80154729768984, 27.562737340338355], [93.80145818840693, 27.562745245014593], [93.80137040952894, 27.562760976321997], [93.80128483332001, 27.56278437657787], [93.80120231048475, 27.562815214832884], [93.80112366208331, 27.562853183685824], [93.80104966875169, 27.562897905654875], [93.80098106531175, 27.562948937159728], [93.80091853538147, 27.563005770114653], [93.80086269879835, 27.563067839892604], [93.80081411161957, 27.563134530103763], [93.80077325534215, 27.563205177374016], [93.80074053780116, 27.56327907930903], [93.8007162823902, 27.563355502458187], [93.80070073165432, 27.56343368629654], [93.80069403920544, 27.563512854374082], [93.80069627151892, 27.563592219890456], [93.80070740703518, 27.563670993658484], [93.80072733526144, 27.563748392864035], [93.8007558567717, 27.56382364902954], [93.80079268949498, 27.56389601358821], [93.80083746691864, 27.563964766643778], [93.80088974437659, 27.564029226526234], [93.80094900084599, 27.56408875138431], [93.80101464882864, 27.564142749537588], [93.80108603614765, 27.56419068584698], [93.8011624522356, 27.564232082510415], [93.8012431380161, 27.564266527822554], [93.80132729219193, 27.5642936809524], [93.80141407753322, 27.564313270350286], [93.8015026316573, 27.564325103303723], [93.80159207511349, 27.564329060362827], [93.80168151856972, 27.564325103303723], [93.8017700726938, 27.564313270350286], [93.80185685803508, 27.5642936809524], [93.80194101221088, 27.564266527822554], [93.8020216979914, 27.564232082510415], [93.80209811407936, 27.56419068584698], [93.80216950139832, 27.564142749537588], [93.80223514938098, 27.56408875138431], [93.80229440585039, 27.564029226526234], [93.80234668330834, 27.563964766643778], [93.80239146073198, 27.56389601358821], [93.80242829345529, 27.56382364902954], [93.80245681496555, 27.563748392864035], [93.8024767431918, 27.563670993658484], [93.80248787870809, 27.563592219890456], [93.80249011102157, 27.563512854374082], [93.8024834185727, 27.56343368629654], [93.80246786783681, 27.563355502458187], [93.80244361242582, 27.56327907930903], [93.80241089488486, 27.563205177374016], [93.80237003860742, 27.563134530103763], [93.80232145142867, 27.563067839892604], [93.80226561484555, 27.563005770114653], [93.80220308491525, 27.562948937159728], [93.80213448147532, 27.562897905654875]], [[93.77687993638203, 27.564319523284723], [93.77695635247, 27.564278126654266], [93.77702773978899, 27.564230190383064], [93.77709338777164, 27.5641761922728], [93.77715264424103, 27.56411666746214], [93.777204921699, 27.564052207631033], [93.77724969912265, 27.56398345463023], [93.77728653184592, 27.563911090129206], [93.77731505335619, 27.56383583402365], [93.77733498158247, 27.563758434879777], [93.77734611709872, 27.56367966117449], [93.77734834941221, 27.563600295721333], [93.77734165696333, 27.56352112770687], [93.77732610622743, 27.563442943930795], [93.77730185081644, 27.563366520842525], [93.7772691332755, 27.56329261896635], [93.77722827699807, 27.563221971752395], [93.77717968981929, 27.563155281594376], [93.77712385323618, 27.563093211865862], [93.77706132330589, 27.563036378956205], [93.77699271986596, 27.562985347491995], [93.77691872653429, 27.562940625558582], [93.77684007813289, 27.562902656735883], [93.77675755529762, 27.562871818505435], [93.77667197908869, 27.5628484182682], [93.77658420021072, 27.5628326869733], [93.77649509092777, 27.562824782303387], [93.77640553608047, 27.562824782303387], [93.77631642679755, 27.5628326869733], [93.77622864791957, 27.5628484182682], [93.77614307171065, 27.562871818505435], [93.77606054887539, 27.562902656735883], [93.77598190047398, 27.562940625558582], [93.77590790714233, 27.562985347491995], [93.77583930370238, 27.563036378956205], [93.7757767737721, 27.563093211865862], [93.77572093718898, 27.563155281594376], [93.7756723500102, 27.563221971752395], [93.77563149373277, 27.56329261896635], [93.77559877619179, 27.563366520842525], [93.77557452078082, 27.563442943930795], [93.77555897004494, 27.56352112770687], [93.77555227759606, 27.563600295721333], [93.77555450990955, 27.56367966117449], [93.7755656454258, 27.563758434879777], [93.77558557365208, 27.56383583402365], [93.77561409516237, 27.563911090129206], [93.77565092788561, 27.56398345463023], [93.77569570530926, 27.564052207631033], [93.77574798276721, 27.56411666746214], [93.77580723923661, 27.5641761922728], [93.77587288721926, 27.564230190383064], [93.77594427453828, 27.564278126654266], [93.77602069062624, 27.564319523284723], [93.77610137640673, 27.56435396856942], [93.77618553058255, 27.564381121677627], [93.77627231592385, 27.56440071105993], [93.77636087004792, 27.56441254400391], [93.77645031350411, 27.564416501059874], [93.77653975696036, 27.56441254400391], [93.77662831108442, 27.56440071105993], [93.7767150964257, 27.564381121677627], [93.77679925060153, 27.56435396856942], [93.77687993638203, 27.564319523284723]], [[93.80813000925973, 27.564352003976428], [93.80804748642447, 27.564382841791033], [93.80796883802303, 27.564420810101716], [93.8078948446914, 27.564465531432074], [93.80782624125146, 27.564516562208098], [93.80776371132119, 27.564573394351395], [93.80770787473806, 27.5646354632429], [93.80765928755929, 27.5647021525016], [93.80761843128187, 27.564772798762903], [93.80758571374086, 27.56484669964251], [93.80756145832991, 27.564923121700215], [93.80754590759403, 27.56500130442195], [93.80753921514516, 27.565080471368866], [93.80754144745863, 27.565159835751768], [93.80755258297489, 27.565238608394758], [93.80757251120116, 27.565316006494914], [93.80760103271145, 27.56539126158562], [93.8076378654347, 27.565463625110784], [93.80768264285835, 27.56553237718443], [93.8077349203163, 27.56559683614628], [93.8077941767857, 27.565656360154218], [93.80785982476836, 27.565710357536314], [93.80793121208737, 27.56575829316102], [93.80800762817532, 27.56579968923324], [93.80808831395582, 27.565834134053464], [93.80817246813164, 27.5658612867955], [93.80825925347293, 27.5658808759136], [93.808347807597, 27.565892708698005], [93.8084372510532, 27.565896665700613], [93.80852669450944, 27.565892708698005], [93.80861524863352, 27.5658808759136], [93.8087020339748, 27.5658612867955], [93.80878618815062, 27.565834134053464], [93.80886687393112, 27.56579968923324], [93.80894329001907, 27.56575829316102], [93.80901467733808, 27.565710357536314], [93.80908032532069, 27.565656360154218], [93.80913958179009, 27.56559683614628], [93.80919185924809, 27.56553237718443], [93.80923663667174, 27.565463625110784], [93.80927346939501, 27.56539126158562], [93.80930199090527, 27.565316006494914], [93.80932191913155, 27.565238608394758], [93.80933305464781, 27.565159835751768], [93.80933528696129, 27.565080471368866], [93.80932859451242, 27.56500130442195], [93.80931304377653, 27.564923121700215], [93.80928878836554, 27.56484669964251], [93.80925607082457, 27.564772798762903], [93.80921521454715, 27.5647021525016], [93.80916662736838, 27.5646354632429], [93.80911079078527, 27.564573394351395], [93.80904826085496, 27.564516562208098], [93.80897965741502, 27.564465531432074], [93.80890566408338, 27.564420810101716], [93.80882701568196, 27.564382841791033], [93.8087444928467, 27.564352003976428], [93.80865891663778, 27.56432860405473], [93.8085711377598, 27.564312872971975], [93.80848202847686, 27.564304968408646], [93.80839247362954, 27.564304968408646], [93.80830336434663, 27.564312872971975], [93.80821558546866, 27.56432860405473], [93.80813000925973, 27.564352003976428]], [[93.82193667410384, 27.564919690250147], [93.82184889522586, 27.56493542124593], [93.82176331901697, 27.56495882103827], [93.82168079618171, 27.56498965868239], [93.82160214778027, 27.565027626783152], [93.82152815444861, 27.565072347866256], [93.82145955100867, 27.565123378360177], [93.82139702107838, 27.565180210189247], [93.82134118449527, 27.565242278737635], [93.82129259731649, 27.56530896762762], [93.82125174103906, 27.56537961349835], [93.8212190234981, 27.56545351396939], [93.82119476808711, 27.565529935604594], [93.82117921735123, 27.565608117894104], [93.82117252490235, 27.565687284403324], [93.82117475721584, 27.56576664834745], [93.82118589273209, 27.565845420554947], [93.82120582095837, 27.56592281822719], [93.82123434246866, 27.565998072901802], [93.82127117519194, 27.56607043602692], [93.82131595261559, 27.566139187720434], [93.82136823007355, 27.566203646325913], [93.82142748654294, 27.566263170004767], [93.8214931345256, 27.566317167088336], [93.82156452184456, 27.566365102448025], [93.82164093793253, 27.56640649829137], [93.82172162371306, 27.566440942921155], [93.82180577788884, 27.56646809551308], [93.82189256323014, 27.566487684522862], [93.82198111735421, 27.566499517241866], [93.82207056081045, 27.56650347422258], [93.82216000426665, 27.566499517241866], [93.82224855839071, 27.566487684522862], [93.822335343732, 27.56646809551308], [93.82241949790782, 27.566440942921155], [93.82250018368832, 27.56640649829137], [93.82257659977628, 27.566365102448025], [93.82264798709528, 27.566317167088336], [93.82271363507793, 27.566263170004767], [93.82277289154733, 27.566203646325913], [93.82282516900528, 27.566139187720434], [93.82286994642894, 27.56607043602692], [93.82290677915223, 27.565998072901802], [93.82293530066248, 27.56592281822719], [93.82295522888876, 27.565845420554947], [93.822966364405, 27.56576664834745], [93.8229685967185, 27.565687284403324], [93.82296190426962, 27.565608117894104], [93.82294635353372, 27.565529935604594], [93.82292209812277, 27.56545351396939], [93.82288938058178, 27.56537961349835], [93.82284852430436, 27.56530896762762], [93.82279993712558, 27.565242278737635], [93.82274410054247, 27.565180210189247], [93.82268157061218, 27.565123378360177], [93.82261296717223, 27.565072347866256], [93.82253897384062, 27.565027626783152], [93.82246032543917, 27.56498965868239], [93.82237780260391, 27.56495882103827], [93.82229222639498, 27.56493542124593], [93.82220444751701, 27.564919690250147], [93.8221153382341, 27.564911785730494], [93.82202578338678, 27.564911785730494], [93.82193667410384, 27.564919690250147]], [[93.84263382501229, 27.56532423350392], [93.84254604613432, 27.565339964441716], [93.84246046992538, 27.565363364147814], [93.84237794709013, 27.565394201678266], [93.84229929868872, 27.565432169639102], [93.84222530535706, 27.5654768905574], [93.84215670191712, 27.565527920863197], [93.84209417198684, 27.565584752482835], [93.84203833540371, 27.565646820802424], [93.84198974822495, 27.565713509446642], [93.84194889194752, 27.565784155056964], [93.84191617440656, 27.56585805525562], [93.84189191899557, 27.565934476609154], [93.84187636825969, 27.56601265861052], [93.84186967581081, 27.566091824827918], [93.84187190812429, 27.566171188479533], [93.84188304364055, 27.56624996039667], [93.84190297186682, 27.566327357783646], [93.8419314933771, 27.566402612180912], [93.84196832610036, 27.56647497503928], [93.84201310352401, 27.56654372647941], [93.84206538098199, 27.566608184847286], [93.84212463745136, 27.566667708306756], [93.84219028543401, 27.566721705191274], [93.84226167275303, 27.566769640374318], [93.84233808884098, 27.566811036065072], [93.84241877462148, 27.566845480567878], [93.8425029287973, 27.566872633059702], [93.84258971413858, 27.566892221997286], [93.84267826826266, 27.566904054672705], [93.84276771171889, 27.566908011638834], [93.8428571551751, 27.566904054672705], [93.84294570929917, 27.566892221997286], [93.84303249464045, 27.566872633059702], [93.84311664881628, 27.566845480567878], [93.84319733459678, 27.566811036065072], [93.84327375068473, 27.566769640374318], [93.84334513800374, 27.566721705191274], [93.84341078598639, 27.566667708306756], [93.84347004245579, 27.566608184847286], [93.84352231991375, 27.56654372647941], [93.8435670973374, 27.56647497503928], [93.84360393006067, 27.566402612180912], [93.84363245157093, 27.566327357783646], [93.8436523797972, 27.56624996039667], [93.84366351531347, 27.566171188479533], [93.84366574762694, 27.566091824827918], [93.84365905517808, 27.56601265861052], [93.84364350444218, 27.565934476609154], [93.84361924903122, 27.56585805525562], [93.84358653149023, 27.565784155056964], [93.84354567521281, 27.565713509446642], [93.84349708803404, 27.565646820802424], [93.84344125145093, 27.565584752482835], [93.84337872152062, 27.565527920863197], [93.84331011808068, 27.5654768905574], [93.84323612474904, 27.565432169639102], [93.84315747634761, 27.565394201678266], [93.84307495351236, 27.565363364147814], [93.84298937730344, 27.565339964441716], [93.84290159842546, 27.56532423350392], [93.84281248914255, 27.565316329013427], [93.84272293429524, 27.565316329013427], [93.84263382501229, 27.56532423350392]], [[93.86180031764353, 27.56618388286792], [93.86171253876552, 27.56619961368249], [93.86162696255663, 27.5662230132053], [93.86154443972137, 27.566253850494224], [93.86146579131992, 27.566291818157698], [93.8613917979883, 27.566336538725714], [93.86132319454836, 27.56638756863186], [93.86126066461806, 27.566444399806333], [93.86120482803494, 27.566506467639783], [93.86115624085618, 27.566573155761674], [93.86111538457871, 27.566643800818692], [93.86108266703776, 27.566717700438506], [93.86105841162677, 27.566794121193468], [93.86104286089089, 27.56687230258248], [93.86103616844204, 27.566951468179845], [93.86103840075552, 27.567030831209827], [93.86104953627178, 27.567109602509962], [93.86106946449802, 27.56718699929071], [93.8610979860083, 27.567262253098544], [93.86113481873159, 27.567334615390152], [93.86117959615524, 27.56740336629175], [93.86123187361319, 27.567467824154754], [93.8612911300826, 27.567527347147983], [93.86135677806526, 27.567581343609564], [93.86142816538425, 27.567629278417147], [93.86150458147222, 27.567670673783667], [93.8615852672527, 27.56770511801667], [93.86166942142853, 27.567732270295856], [93.86175620676981, 27.56775185908001], [93.86184476089389, 27.567763691662705], [93.86193420435009, 27.567767648597858], [93.8620236478063, 27.567763691662705], [93.86211220193039, 27.56775185908001], [93.86219898727165, 27.567732270295856], [93.86228314144748, 27.56770511801667], [93.86236382722797, 27.567670673783667], [93.86244024331593, 27.567629278417147], [93.86251163063494, 27.567581343609564], [93.8625772786176, 27.567527347147983], [93.86263653508699, 27.567467824154754], [93.86268881254495, 27.56740336629175], [93.8627335899686, 27.567334615390152], [93.86277042269188, 27.567262253098544], [93.86279894420217, 27.56718699929071], [93.8628188724284, 27.567109602509962], [93.8628300079447, 27.567030831209827], [93.86283224025814, 27.566951468179845], [93.86282554780931, 27.56687230258248], [93.86280999707343, 27.566794121193468], [93.86278574166242, 27.566717700438506], [93.86275302412147, 27.566643800818692], [93.86271216784401, 27.566573155761674], [93.86266358066524, 27.566506467639783], [93.86260774408215, 27.566444399806333], [93.86254521415182, 27.56638756863186], [93.86247661071192, 27.566336538725714], [93.86240261738027, 27.566291818157698], [93.86232396897881, 27.566253850494224], [93.86224144614356, 27.5662230132053], [93.86215586993467, 27.56619961368249], [93.86206809105666, 27.56618388286792], [93.86197898177375, 27.566175978439308], [93.86188942692644, 27.566175978439308], [93.86180031764353, 27.56618388286792]], [[93.79008143047375, 27.56725259443712], [93.79000278207229, 27.567214627106015], [93.78992025923704, 27.567183790087054], [93.78983468302813, 27.56716039076911], [93.78974690415012, 27.56714466009221], [93.78965779486721, 27.567136755732808], [93.78956824001992, 27.567136755732808], [93.78947913073699, 27.56714466009221], [93.789391351859, 27.56716039076911], [93.78930577565009, 27.567183790087054], [93.78922325281484, 27.567214627106015], [93.7891446044134, 27.56725259443712], [93.78907061108177, 27.56729731461365], [93.78900200764183, 27.56734834407308], [93.78893947771154, 27.56740517475005], [93.78888364112842, 27.567467242040145], [93.78883505394964, 27.567533929578243], [93.78879419767219, 27.56760457401682], [93.78876148013123, 27.56767847298972], [93.78873722472024, 27.56775489307566], [93.78872167398436, 27.567833073780253], [93.7887149815355, 27.56791223868459], [93.788717213849, 27.56799160101981], [93.78872834936526, 27.568070371630363], [93.78874827759148, 27.568147767733553], [93.78877679910177, 27.56822302088259], [93.78881363182505, 27.56829538254072], [93.78885840924872, 27.568364132840443], [93.78891068670666, 27.568428590139156], [93.78896994317607, 27.56848811261131], [93.78903559115872, 27.568542108600205], [93.78910697847773, 27.568590042988124], [93.78918339456568, 27.56863143799225], [93.78926408034619, 27.568665881923707], [93.789348234522, 27.568693033965193], [93.7894350198633, 27.56871262257784], [93.78952357398737, 27.568724455056966], [93.78961301744356, 27.56872841195745], [93.78970246089976, 27.568724455056966], [93.78979101502384, 27.56871262257784], [93.78987780036512, 27.568693033965193], [93.78996195454094, 27.568665881923707], [93.79004264032145, 27.56863143799225], [93.79011905640941, 27.568590042988124], [93.7901904437284, 27.568542108600205], [93.79025609171106, 27.56848811261131], [93.79031534818046, 27.568428590139156], [93.79036762563842, 27.568364132840443], [93.79041240306206, 27.56829538254072], [93.79044923578536, 27.56822302088259], [93.79047775729563, 27.568147767733553], [93.79049768552188, 27.568070371630363], [93.79050882103817, 27.56799160101981], [93.79051105335162, 27.56791223868459], [93.79050436090279, 27.567833073780253], [93.79048881016689, 27.56775489307566], [93.79046455475589, 27.56767847298972], [93.79043183721494, 27.56760457401682], [93.79039098093749, 27.567533929578243], [93.7903423937587, 27.567467242040145], [93.79028655717563, 27.56740517475005], [93.79022402724529, 27.56734834407308], [93.79015542380536, 27.56729731461365], [93.79008143047375, 27.56725259443712]], [[93.81189708182727, 27.567296360613156], [93.8118093029493, 27.567312091268278], [93.81172372674037, 27.567335490553905], [93.81164120390511, 27.567366327530245], [93.8115625555037, 27.567404294808874], [93.81148856217204, 27.5674490149236], [93.8114199587321, 27.56750004431248], [93.81135742880181, 27.567556874910895], [93.8113015922187, 27.567618942115203], [93.81125300503992, 27.567685629561115], [93.8112121487625, 27.567756273902052], [93.81117943122155, 27.56783017277279], [93.81115517581054, 27.56790659275311], [93.81113962507466, 27.56798477334964], [93.81113293262578, 27.568063938144515], [93.81113516493926, 27.568143300370032], [93.81114630045553, 27.568222070871723], [93.8111662286818, 27.56829946686794], [93.81119475019209, 27.568374719912953], [93.81123158291533, 27.568447081471035], [93.811276360339, 27.568515831675747], [93.81132863779698, 27.568580288885364], [93.81138789426637, 27.56863981127523], [93.811453542249, 27.568693807189472], [93.81152492956801, 27.568741741511147], [93.81160134565596, 27.568783136458045], [93.81168203143646, 27.5688175803419], [93.81176618561227, 27.56884473234583], [93.81185297095357, 27.56886432093143], [93.81194152507764, 27.568876153394193], [93.81203096853388, 27.56888011028922], [93.81212041199008, 27.568876153394193], [93.81220896611416, 27.56886432093143], [93.81229575145544, 27.56884473234583], [93.81237990563125, 27.5688175803419], [93.81246059141175, 27.568783136458045], [93.8125370074997, 27.568741741511147], [93.81260839481871, 27.568693807189472], [93.81267404280136, 27.56863981127523], [93.81273329927077, 27.568580288885364], [93.81278557672873, 27.568515831675747], [93.81283035415238, 27.568447081471035], [93.81286718687564, 27.568374719912953], [93.81289570838591, 27.56829946686794], [93.81291563661219, 27.568222070871723], [93.81292677212845, 27.568143300370032], [93.81292900444193, 27.568063938144515], [93.81292231199305, 27.56798477334964], [93.81290676125717, 27.56790659275311], [93.8128825058462, 27.56783017277279], [93.81284978830521, 27.567756273902052], [93.81280893202779, 27.567685629561115], [93.81276034484902, 27.567618942115203], [93.8127045082659, 27.567556874910895], [93.8126419783356, 27.56750004431248], [93.81257337489566, 27.5674490149236], [93.81249938156404, 27.567404294808874], [93.8124207331626, 27.567366327530245], [93.81233821032734, 27.567335490553905], [93.81225263411842, 27.567312091268278], [93.81216485524044, 27.567296360613156], [93.81207574595753, 27.56728845626467], [93.81198619111022, 27.56728845626467], [93.81189708182727, 27.567296360613156]], [[93.79036664557644, 27.568870724110333], [93.790287997175, 27.568832757339038], [93.79020547433974, 27.568801920774735], [93.79011989813085, 27.568778521801768], [93.79003211925284, 27.568762791356818], [93.78994300996993, 27.568754887113936], [93.78985345512262, 27.568754887113936], [93.78976434583971, 27.568762791356818], [93.78967656696169, 27.568778521801768], [93.78959099075281, 27.568801920774735], [93.78950846791754, 27.568832757339038], [93.78942981951609, 27.568870724110333], [93.78935582618448, 27.568915443627507], [93.78928722274455, 27.568966472334516], [93.78922469281424, 27.56902330217355], [93.78916885623113, 27.56908536854854], [93.78912026905236, 27.569152055103334], [93.7890794127749, 27.56922269850032], [93.78904669523395, 27.569296596383627], [93.78902243982294, 27.56937301534281], [93.78900688908706, 27.569451194894626], [93.78900019663821, 27.569530358631713], [93.7890024289517, 27.56960971979677], [93.78901356446795, 27.5696884892459], [93.7890334926942, 27.569765884207918], [93.78906201420448, 27.569841136247337], [93.78909884692777, 27.56991349683852], [93.78914362435142, 27.569982246124535], [93.78919590180938, 27.570046702472833], [93.78925515827878, 27.57010622406733], [93.78932080626143, 27.57016021926007], [93.78939219358043, 27.570208152941195], [93.78946860966839, 27.570249547334946], [93.7895492954489, 27.570283990758572], [93.78963344962472, 27.570311142399664], [93.789720234966, 27.57033073072349], [93.78980878909007, 27.57034256302813], [93.78989823254628, 27.5703465198703], [93.78998767600247, 27.57034256302813], [93.79007623012654, 27.57033073072349], [93.79016301546783, 27.570311142399664], [93.79024716964365, 27.570283990758572], [93.79032785542415, 27.570249547334946], [93.7904042715121, 27.570208152941195], [93.79047565883111, 27.57016021926007], [93.79054130681376, 27.57010622406733], [93.79060056328316, 27.570046702472833], [93.79065284074112, 27.569982246124535], [93.79069761816477, 27.56991349683852], [93.79073445088807, 27.569841136247337], [93.79076297239834, 27.569765884207918], [93.79078290062458, 27.5696884892459], [93.79079403614087, 27.56960971979677], [93.79079626845433, 27.569530358631713], [93.79078957600548, 27.569451194894626], [93.7907740252696, 27.56937301534281], [93.7907497698586, 27.569296596383627], [93.79071705231765, 27.56922269850032], [93.7906761960402, 27.569152055103334], [93.79062760886143, 27.56908536854854], [93.79057177227833, 27.56902330217355], [93.79050924234801, 27.568966472334516], [93.79044063890807, 27.568915443627507], [93.79036664557644, 27.568870724110333]], [[93.80042190536989, 27.569875242960464], [93.80033412649192, 27.569890973245954], [93.80024855028299, 27.569914371981728], [93.80016602744773, 27.56994520823341], [93.80008737904629, 27.569983174619853], [93.80001338571466, 27.570027893683662], [93.79994478227472, 27.57007892187341], [93.79988225234443, 27.57013575113636], [93.7998264157613, 27.570197816882143], [93.79977782858253, 27.570264502760956], [93.79973697230511, 27.570335145441796], [93.79970425476412, 27.57040904257599], [93.79967999935316, 27.57048546076048], [93.79966444861728, 27.57056363951978], [93.7996577561684, 27.570642802454337], [93.79965998848188, 27.570722162814878], [93.79967112399815, 27.57080093146546], [93.79969105222442, 27.570878325642898], [93.79971957373466, 27.570953576919482], [93.79975640645794, 27.5710259367771], [93.79980118388161, 27.571094685366166], [93.79985346133955, 27.571159141061038], [93.79991271780897, 27.571218662052136], [93.79997836579162, 27.57127265669749], [93.80004975311063, 27.57132058989267], [93.80012616919858, 27.571361983866794], [93.80020685497908, 27.57139642694121], [93.80029100915489, 27.571423578307083], [93.80037779449619, 27.571443166432342], [93.80046634862026, 27.571454998617025], [93.80055579207645, 27.571458955419065], [93.80064523553268, 27.571454998617025], [93.80073378965676, 27.571443166432342], [93.80082057499806, 27.571423578307083], [93.80090472917384, 27.57139642694121], [93.80098541495437, 27.571361983866794], [93.80106183104232, 27.57132058989267], [93.8011332183613, 27.57127265669749], [93.80119886634395, 27.571218662052136], [93.80125812281335, 27.571159141061038], [93.8013104002713, 27.571094685366166], [93.80135517769496, 27.5710259367771], [93.80139201041825, 27.570953576919482], [93.80142053192853, 27.570878325642898], [93.80144046015478, 27.57080093146546], [93.80145159567107, 27.570722162814878], [93.80145382798455, 27.570642802454337], [93.80144713553567, 27.57056363951978], [93.80143158479979, 27.57048546076048], [93.80140732938878, 27.57040904257599], [93.80137461184783, 27.570335145441796], [93.80133375557038, 27.570264502760956], [93.80128516839164, 27.570197816882143], [93.80122933180851, 27.57013575113636], [93.80116680187822, 27.57007892187341], [93.80109819843828, 27.570027893683662], [93.80102420510664, 27.569983174619853], [93.80094555670519, 27.56994520823341], [93.80086303386993, 27.569914371981728], [93.80077745766103, 27.569890973245954], [93.80068967878306, 27.569875242960464], [93.8006005695001, 27.56986733879772], [93.8005110146528, 27.56986733879772], [93.80042190536989, 27.569875242960464]], [[93.89548457520954, 27.567784002707217], [93.8955045034358, 27.56786139901237], [93.89553302494609, 27.567936652357766], [93.89556985766937, 27.568009014204694], [93.89561463509303, 27.568077764683835], [93.89566691255098, 27.568142222150748], [93.89572616902038, 27.568201744778214], [93.89579181700303, 27.568255740907983], [93.89586320432201, 27.568303675421], [93.89593962040998, 27.56834507053311], [93.8960203061905, 27.56837951455448], [93.89610446036629, 27.56840666666679], [93.89619124570758, 27.568426255330564], [93.89627979983165, 27.568438087840555], [93.89636924328788, 27.568442044751407], [93.89645868674408, 27.568438087840555], [93.89654724086816, 27.568426255330564], [93.89663402620944, 27.56840666666679], [93.89671818038526, 27.56837951455448], [93.89679886616575, 27.56834507053311], [93.89687528225372, 27.568303675421], [93.89694666957271, 27.568255740907983], [93.89701231755537, 27.568201744778214], [93.89707157402478, 27.568142222150748], [93.89712385148273, 27.568077764683835], [93.89716862890639, 27.568009014204694], [93.89720546162968, 27.567936652357766], [93.89723398313991, 27.56786139901237], [93.8972539113662, 27.567784002707217], [93.89726504688245, 27.567705231891097], [93.89726727919594, 27.567625869348785], [93.89726058674707, 27.567546704237888], [93.89724503601117, 27.56746852332932], [93.89722078060021, 27.56739210304396], [93.89718806305923, 27.567318203878234], [93.89714720678181, 27.567247559255332], [93.89709861960303, 27.567180871543222], [93.89704278301991, 27.567118804091173], [93.89698025308961, 27.567061973265886], [93.89691164964968, 27.567010943673345], [93.89683765631806, 27.566966223380103], [93.89675900791661, 27.566928255949954], [93.89667648508136, 27.566897418850512], [93.89659090887243, 27.566874019471477], [93.89650312999444, 27.566858288753547], [93.89641402071153, 27.566850384373534], [93.89632446586423, 27.566850384373534], [93.89623535658129, 27.566858288753547], [93.8961475777033, 27.566874019471477], [93.89606200149441, 27.566897418850512], [93.89597947865916, 27.566928255949954], [93.8959008302577, 27.566966223380103], [93.89582683692605, 27.567010943673345], [93.89575823348612, 27.567061973265886], [93.89569570355582, 27.567118804091173], [93.8956398669727, 27.567180871543222], [93.89559127979396, 27.567247559255332], [93.8955504235165, 27.567318203878234], [93.89551770597555, 27.56739210304396], [93.89549345056456, 27.56746852332932], [93.89547789982866, 27.567546704237888], [93.89547120737979, 27.567625869348785], [93.89547343969328, 27.567705231891097], [93.89548457520954, 27.567784002707217]], [[93.89717109927341, 27.566857877050513], [93.89726054272964, 27.5668618340183], [93.89734998618583, 27.566857877050513], [93.8974385403099, 27.56684604437015], [93.8975253256512, 27.56682645542432], [93.89760947982703, 27.56679930292107], [93.89769016560751, 27.56676485840375], [93.89776658169546, 27.566723462695563], [93.89783796901447, 27.566675527492382], [93.89790361699713, 27.56662153058512], [93.89796287346654, 27.56656200710061], [93.8980151509245, 27.56649754870561], [93.89805992834815, 27.566428797236576], [93.89809676107139, 27.56635643434774], [93.89812528258167, 27.56628117991883], [93.89814521080795, 27.56620378249931], [93.89815634632421, 27.56612501054901], [93.89815857863769, 27.566045646864023], [93.89815188618881, 27.565966480613266], [93.89813633545293, 27.56588829857905], [93.89811208004197, 27.565811877193372], [93.89807936250098, 27.565737976963618], [93.89803850622356, 27.56566733132354], [93.89798991904479, 27.565600642651297], [93.89793408246166, 27.56553857430555], [93.89787155253137, 27.565481742662048], [93.89780294909143, 27.565430712334773], [93.8977289557598, 27.56538599139767], [93.89765030735836, 27.56534802342086], [93.8975677845231, 27.565317185877426], [93.89748220831419, 27.565293786161483], [93.8973944294362, 27.56527805521707], [93.8973053201533, 27.565270150723244], [93.89721576530599, 27.565270150723244], [93.89712665602303, 27.56527805521707], [93.89703887714506, 27.565293786161483], [93.89695330093613, 27.565317185877426], [93.89687077810088, 27.56534802342086], [93.89679212969945, 27.56538599139767], [93.89671813636781, 27.565430712334773], [93.89664953292787, 27.565481742662048], [93.89658700299758, 27.56553857430555], [93.89653116641445, 27.565600642651297], [93.89648257923568, 27.56566733132354], [93.89644172295826, 27.565737976963618], [93.89640900541731, 27.565811877193372], [93.8963847500063, 27.56588829857905], [93.89636919927042, 27.565966480613266], [93.89636250682155, 27.566045646864023], [93.89636473913504, 27.56612501054901], [93.8963758746513, 27.56620378249931], [93.89639580287756, 27.56628117991883], [93.89642432438784, 27.56635643434774], [93.89646115711109, 27.566428797236576], [93.89650593453476, 27.56649754870561], [93.89655821199274, 27.56656200710061], [93.89661746846214, 27.56662153058512], [93.89668311644476, 27.566675527492382], [93.89675450376377, 27.566723462695563], [93.89683091985172, 27.56676485840375], [93.89691160563223, 27.56679930292107], [93.89699575980805, 27.56682645542432], [93.89708254514933, 27.56684604437015], [93.89717109927341, 27.566857877050513]], [[93.86961038480969, 27.56538703141965], [93.8696989389338, 27.565375198580703], [93.86978572427503, 27.565355609372364], [93.86986987845086, 27.56532845650522], [93.8699505642314, 27.565294011526312], [93.87002698031935, 27.565252615263386], [93.87009836763832, 27.56520467941781], [93.87016401562097, 27.565150681786957], [93.87022327209037, 27.56509115750475], [93.87027554954832, 27.565026698245937], [93.87032032697198, 27.564957945855536], [93.87035715969527, 27.564885581996947], [93.87038568120555, 27.56481032655956], [93.8704056094318, 27.564732928102828], [93.87041674494809, 27.564654155096907], [93.87041897726154, 27.56457479034837], [93.87041228481269, 27.564495623036724], [93.8703967340768, 27.56441743995478], [93.87037247866581, 27.564341017544987], [93.87033976112485, 27.564267116324913], [93.8702989048474, 27.564196469738135], [93.87025031766863, 27.56412978017221], [93.87019448108553, 27.564067710994745], [93.87013195115524, 27.564010878589624], [93.87006334771532, 27.563959847578506], [93.86998935438366, 27.56391512604211], [93.8699107059822, 27.5638771575565], [93.86982818314695, 27.563846319599836], [93.86974260693806, 27.563822919570327], [93.86965482806005, 27.563807188415083], [93.86956571877714, 27.56379928381536], [93.86947616392983, 27.56379928381536], [93.86938705464692, 27.563807188415083], [93.86929927576894, 27.563822919570327], [93.86921369956002, 27.563846319599836], [93.86913117672475, 27.5638771575565], [93.86905252832331, 27.56391512604211], [93.86897853499168, 27.563959847578506], [93.86890993155176, 27.564010878589624], [93.86884740162145, 27.564067710994745], [93.86879156503834, 27.56412978017221], [93.86874297785957, 27.564196469738135], [93.8687021215821, 27.564267116324913], [93.86866940404116, 27.564341017544987], [93.86864514863015, 27.56441743995478], [93.8686295978943, 27.564495623036724], [93.86862290544543, 27.56457479034837], [93.86862513775891, 27.564654155096907], [93.86863627327517, 27.564732928102828], [93.86865620150141, 27.56481032655956], [93.8686847230117, 27.564885581996947], [93.86872155573498, 27.564957945855536], [93.86876633315863, 27.565026698245937], [93.86881861061659, 27.56509115750475], [93.86887786708598, 27.565150681786957], [93.86894351506864, 27.56520467941781], [93.86901490238765, 27.565252615263386], [93.8690913184756, 27.565294011526312], [93.8691720042561, 27.56532845650522], [93.86925615843192, 27.565355609372364], [93.8693429437732, 27.565375198580703], [93.86943149789728, 27.56538703141965], [93.86952094135349, 27.565390988440463], [93.86961038480969, 27.56538703141965]], [[93.84331350023773, 27.565184760493047], [93.8434020543618, 27.565172927632304], [93.84348883970308, 27.565153338387873], [93.84357299387891, 27.565126185470653], [93.84365367965941, 27.56509174042829], [93.84373009574738, 27.56505034408908], [93.84380148306637, 27.56500240815516], [93.84386713104902, 27.56494841042477], [93.84392638751842, 27.564888886032872], [93.84397866497639, 27.56482442665526], [93.84402344240003, 27.564755674138194], [93.84406027512333, 27.56468331014625], [93.8440887966336, 27.564608054570154], [93.84410872485985, 27.564530655970778], [93.8441198603761, 27.56445188281974], [93.84412209268959, 27.564372517924934], [93.84411540024071, 27.5642933504674], [93.84409984950486, 27.564215167241393], [93.84407559409385, 27.564138744690727], [93.8440428765529, 27.564064843334496], [93.84400202027545, 27.563994196617532], [93.84395343309667, 27.56392750692867], [93.84389759651356, 27.563865437636835], [93.84383506658325, 27.56380860512701], [93.84376646314334, 27.563757574021825], [93.84369246981171, 27.563712852403018], [93.84361382141027, 27.563674883847444], [93.843531298575, 27.56364404583398], [93.84344572236607, 27.563620645761354], [93.84335794348809, 27.56360491457714], [93.84326883420518, 27.5635970099628], [93.84317927935788, 27.5635970099628], [93.84309017007496, 27.56360491457714], [93.84300239119696, 27.563620645761354], [93.84291681498806, 27.56364404583398], [93.8428342921528, 27.563674883847444], [93.84275564375136, 27.563712852403018], [93.84268165041969, 27.563757574021825], [93.84261304697976, 27.56380860512701], [93.84255051704947, 27.563865437636835], [93.84249468046639, 27.56392750692867], [93.8424460932876, 27.563994196617532], [93.84240523701015, 27.564064843334496], [93.8423725194692, 27.564138744690727], [93.8423482640582, 27.564215167241393], [93.84233271332232, 27.5642933504674], [93.84232602087347, 27.564372517924934], [93.84232825318693, 27.56445188281974], [93.84233938870322, 27.564530655970778], [93.84235931692945, 27.564608054570154], [93.84238783843973, 27.56468331014625], [93.84242467116302, 27.564755674138194], [93.84246944858668, 27.56482442665526], [93.84252172604462, 27.564888886032872], [93.84258098251404, 27.56494841042477], [93.84264663049669, 27.56500240815516], [93.84271801781566, 27.56505034408908], [93.84279443390362, 27.56509174042829], [93.84287511968415, 27.565126185470653], [93.84295927385996, 27.565153338387873], [93.84304605920123, 27.565172927632304], [93.84313461332533, 27.565184760493047], [93.84322405678152, 27.56518871752116], [93.84331350023773, 27.565184760493047]], [[93.86965284098667, 27.566810453946992], [93.86970511844463, 27.566745995697904], [93.86974989586827, 27.56667724438449], [93.86978672859154, 27.566604881659472], [93.86981525010181, 27.56652962740089], [93.86983517832809, 27.566452230156557], [93.86984631384433, 27.566373458384593], [93.86984854615783, 27.566294094879247], [93.86984185370895, 27.566214928807696], [93.86982630297305, 27.56613674695046], [93.86980204756209, 27.566060325737762], [93.86976933002111, 27.565986425675295], [93.86972847374369, 27.565915780195173], [93.86967988656491, 27.56584909167384], [93.8696240499818, 27.565787023468648], [93.86956152005149, 27.565730191953755], [93.86949291661156, 27.565679161741983], [93.86941892327995, 27.565634440906113], [93.8693402748785, 27.56559647301524], [93.86925775204324, 27.565565635541613], [93.86917217583431, 27.56554223587866], [93.86908439695632, 27.56552650496983], [93.86899528767341, 27.565518600493917], [93.86890573282612, 27.565518600493917], [93.86881662354317, 27.56552650496983], [93.8687288446652, 27.56554223587866], [93.86864326845625, 27.565565635541613], [93.868560745621, 27.56559647301524], [93.8684820972196, 27.565634440906113], [93.86840810388793, 27.565679161741983], [93.868339500448, 27.565730191953755], [93.86827697051771, 27.565787023468648], [93.8682211339346, 27.56584909167384], [93.86817254675582, 27.565915780195173], [93.86813169047839, 27.565986425675295], [93.86809897293743, 27.566060325737762], [93.86807471752645, 27.56613674695046], [93.86805916679056, 27.566214928807696], [93.86805247434168, 27.566294094879247], [93.86805470665517, 27.566373458384593], [93.86806584217142, 27.566452230156557], [93.8680857703977, 27.56652962740089], [93.86811429190797, 27.566604881659472], [93.86815112463124, 27.56667724438449], [93.86819590205488, 27.566745995697904], [93.86824817951286, 27.566810453946992], [93.86830743598227, 27.566869977296747], [93.8683730839649, 27.56692397408175], [93.8684444712839, 27.566971909176463], [93.86852088737186, 27.567013304790887], [93.86860157315236, 27.56704774923023], [93.86868572732818, 27.567074901672033], [93.86877251266947, 27.567094490573513], [93.86886106679353, 27.567106323227097], [93.86895051024976, 27.567110280185965], [93.86903995370596, 27.567106323227097], [93.86912850783004, 27.567094490573513], [93.86921529317132, 27.567074901672033], [93.86929944734716, 27.56704774923023], [93.86938013312765, 27.567013304790887], [93.86945654921561, 27.566971909176463], [93.86952793653462, 27.56692397408175], [93.86959358451728, 27.566869977296747], [93.86965284098667, 27.566810453946992]], [[93.86635581817974, 27.561870980869635], [93.86633156276875, 27.561947404999117], [93.86631601203287, 27.56202558984036], [93.86630931958399, 27.56210475893349], [93.86631155189747, 27.562184125467947], [93.86632268741373, 27.562262900246452], [93.86634261564001, 27.56234030044487], [93.86637113715028, 27.562415557575722], [93.86640796987353, 27.562487923062708], [93.86645274729719, 27.56255667700023], [93.86650502475518, 27.562621137709566], [93.86656428122458, 27.562680663331246], [93.86662992920719, 27.56273466217722], [93.8667013165262, 27.562782599101492], [93.86677773261417, 27.56282399629596], [93.86685841839466, 27.562858442050008], [93.86694257257048, 27.562885595528176], [93.86702935791178, 27.56290518517733], [93.86711791203585, 27.562917018282537], [93.86720735549208, 27.56292097539242], [93.86729679894829, 27.562917018282537], [93.86738535307235, 27.56290518517733], [93.86747213841363, 27.562885595528176], [93.86755629258946, 27.562858442050008], [93.86763697836996, 27.56282399629596], [93.86771339445791, 27.562782599101492], [93.86778478177692, 27.56273466217722], [93.86785042975957, 27.562680663331246], [93.86790968622897, 27.562621137709566], [93.86796196368692, 27.56255667700023], [93.86800674111058, 27.562487923062708], [93.86804357383384, 27.562415557575722], [93.86807209534412, 27.56234030044487], [93.86809202357038, 27.562262900246452], [93.86810315908664, 27.562184125467947], [93.86810539140012, 27.56210475893349], [93.86809869895126, 27.56202558984036], [93.86808314821536, 27.561947404999117], [93.86805889280441, 27.561870980869635], [93.86802617526341, 27.5617970779866], [93.867985318986, 27.561726429810104], [93.86793673180722, 27.561659738743515], [93.8678808952241, 27.561597668169355], [93.86781836529381, 27.561540834485374], [93.86774976185387, 27.561489802325948], [93.86767576852225, 27.561445079783226], [93.8675971201208, 27.56140711044324], [93.86751459728555, 27.561376271792657], [93.86742902107662, 27.561352871236615], [93.86734124219865, 27.56133713972739], [93.86725213291574, 27.561329234949792], [93.86716257806842, 27.561329234949792], [93.86707346878548, 27.56133713972739], [93.8669856899075, 27.561352871236615], [93.86690011369858, 27.561376271792657], [93.86681759086332, 27.56140711044324], [93.86673894246191, 27.561445079783226], [93.86666494913025, 27.561489802325948], [93.86659634569031, 27.561540834485374], [93.86653381576002, 27.561597668169355], [93.8664779791769, 27.561659738743515], [93.86642939199812, 27.561726429810104], [93.8663885357207, 27.5617970779866], [93.86635581817974, 27.561870980869635]], [[93.89619153137184, 27.561448670615924], [93.89624380882981, 27.561513131975914], [93.89630306529921, 27.56157265819841], [93.89636871328187, 27.56162665758942], [93.89644010060087, 27.56167459499758], [93.89651651668883, 27.561715992609912], [93.89659720246932, 27.56175043871159], [93.89668135664515, 27.561777592463873], [93.89676814198643, 27.561797182310766], [93.8968566961105, 27.561809015535424], [93.89694613956671, 27.561812972685228], [93.8970355830229, 27.561809015535424], [93.89712413714697, 27.561797182310766], [93.89721092248827, 27.561777592463873], [93.8972950766641, 27.56175043871159], [93.89737576244458, 27.561715992609912], [93.89745217853255, 27.56167459499758], [93.89752356585156, 27.56162665758942], [93.89758921383421, 27.56157265819841], [93.89764847030361, 27.561513131975914], [93.89770074776156, 27.561448670615924], [93.89774552518521, 27.561379915984453], [93.8977823579085, 27.56130754976705], [93.89781087941878, 27.561232291876554], [93.89783080764502, 27.5611548908969], [93.89784194316128, 27.561076115323306], [93.89784417547476, 27.560996747987772], [93.89783748302592, 27.560917578095573], [93.89782193229003, 27.56083939246514], [93.89779767687904, 27.560762967564276], [93.89776495933809, 27.56068906393535], [93.89772410306063, 27.560618415045788], [93.89767551588184, 27.560551723306027], [93.89761967929873, 27.560489652105375], [93.89755714936844, 27.560432817847786], [93.8974885459285, 27.560381785173263], [93.89741455259689, 27.56033706217913], [93.89733590419543, 27.560299092455928], [93.89725338136017, 27.560268253494083], [93.89716780515127, 27.56024485270184], [93.89708002627327, 27.560229121033878], [93.89699091699036, 27.560221216176448], [93.89690136214305, 27.560221216176448], [93.89681225286014, 27.560229121033878], [93.89672447398213, 27.56024485270184], [93.89663889777323, 27.560268253494083], [93.89655637493797, 27.560299092455928], [93.89647772653652, 27.56033706217913], [93.8964037332049, 27.560381785173263], [93.89633512976498, 27.560432817847786], [93.89627259983465, 27.560489652105375], [93.89621676325156, 27.560551723306027], [93.89616817607278, 27.560618415045788], [93.89612731979533, 27.56068906393535], [93.89609460225438, 27.560762967564276], [93.89607034684337, 27.56083939246514], [93.89605479610749, 27.560917578095573], [93.89604810365864, 27.560996747987772], [93.8960503359721, 27.561076115323306], [93.89606147148838, 27.5611548908969], [93.89608139971463, 27.561232291876554], [93.8961099212249, 27.56130754976705], [93.8961467539482, 27.561379915984453], [93.89619153137184, 27.561448670615924]], [[93.87531707548419, 27.561400707625268], [93.87540562960827, 27.561388874356602], [93.87549241494955, 27.56136928443685], [93.87557656912537, 27.561342130583604], [93.87565725490587, 27.56130768435376], [93.87573367099382, 27.56126628658745], [93.87580505831284, 27.561218349001017], [93.87587070629549, 27.561164349409122], [93.87592996276489, 27.56110482296522], [93.87598224022284, 27.56104036136548], [93.87602701764649, 27.56097160647828], [93.87606385036977, 27.560899239991713], [93.87609237188006, 27.56082398182134], [93.8761123001063, 27.560746580553797], [93.87612343562256, 27.560667804687174], [93.87612566793604, 27.560588437056442], [93.87611897548717, 27.560509266869776], [93.87610342475132, 27.56043108094858], [93.87607916934031, 27.560354655763472], [93.87604645179937, 27.560280751859633], [93.8760055955219, 27.56021010270729], [93.87595700834314, 27.5601434107195], [93.87590117176002, 27.56008133928798], [93.87583864182972, 27.560024504819022], [93.87577003838977, 27.559973471954684], [93.87569604505818, 27.559928748794235], [93.87561739665672, 27.559890778929812], [93.87553487382145, 27.559859939853265], [93.87544929761253, 27.559836538973986], [93.87536151873455, 27.55982080724749], [93.87527240945164, 27.55981290236066], [93.87518285460433, 27.55981290236066], [93.87509374532142, 27.55982080724749], [93.87500596644341, 27.559836538973986], [93.87492039023452, 27.559859939853265], [93.87483786739926, 27.559890778929812], [93.87475921899782, 27.559928748794235], [93.87468522566616, 27.559973471954684], [93.87461662222621, 27.560024504819022], [93.87455409229594, 27.56008133928798], [93.87449825571284, 27.5601434107195], [93.87444966853407, 27.56021010270729], [93.87440881225662, 27.560280751859633], [93.87437609471566, 27.560354655763472], [93.87435183930467, 27.56043108094858], [93.87433628856878, 27.560509266869776], [93.87432959611994, 27.560588437056442], [93.87433182843338, 27.560667804687174], [93.87434296394967, 27.560746580553797], [93.87436289217591, 27.56082398182134], [93.8743914136862, 27.560899239991713], [93.87442824640948, 27.56097160647828], [93.87447302383313, 27.56104036136548], [93.87452530129109, 27.56110482296522], [93.8745845577605, 27.561164349409122], [93.87465020574315, 27.561218349001017], [93.87472159306212, 27.56126628658745], [93.87479800915007, 27.56130768435376], [93.87487869493062, 27.561342130583604], [93.87496284910642, 27.56136928443685], [93.87504963444769, 27.561388874356602], [93.8751381885718, 27.561400707625268], [93.87522763202799, 27.5614046647898], [93.87531707548419, 27.561400707625268]], [[93.8676378632105, 27.56086476415709], [93.86772641733461, 27.56085293083065], [93.86781320267586, 27.560833340815226], [93.86789735685167, 27.560806186829417], [93.86797804263217, 27.560771740431434], [93.86805445872014, 27.56073034246302], [93.86812584603913, 27.560682404642534], [93.86819149402179, 27.560628404787025], [93.8682507504912, 27.56056887805252], [93.86830302794914, 27.560504416138073], [93.8683478053728, 27.560435660915186], [93.86838463809609, 27.56036329407536], [93.86841315960638, 27.560288035537543], [93.86843308783261, 27.560210633892137], [93.8684442233489, 27.560131857640933], [93.86844645566235, 27.560052489622723], [93.8684397632135, 27.559973319049593], [93.86842421247762, 27.559895132746664], [93.86839995706663, 27.559818707188455], [93.86836723952567, 27.55974480292385], [93.86832638324822, 27.55967415342661], [93.86827779606945, 27.55960746111323], [93.86822195948635, 27.55954538937869], [93.86815942955603, 27.559488554632278], [93.86809082611613, 27.559437521518785], [93.86801683278448, 27.55939279814], [93.86793818438302, 27.559354828090203], [93.86785566154776, 27.55932398886311], [93.86777008533888, 27.5593005878696], [93.86768230646086, 27.559284856066313], [93.86759319717795, 27.559276951140912], [93.86750364233065, 27.559276951140912], [93.86741453304774, 27.559284856066313], [93.86732675416972, 27.5593005878696], [93.86724117796084, 27.55932398886311], [93.86715865512558, 27.559354828090203], [93.86708000672412, 27.55939279814], [93.86700601339251, 27.559437521518785], [93.86693740995257, 27.559488554632278], [93.86687488002227, 27.55954538937869], [93.86681904343915, 27.55960746111323], [93.86677045626038, 27.55967415342661], [93.86672959998292, 27.55974480292385], [93.86669688244197, 27.559818707188455], [93.86667262703097, 27.559895132746664], [93.86665707629508, 27.559973319049593], [93.86665038384625, 27.560052489622723], [93.86665261615973, 27.560131857640933], [93.86666375167599, 27.560210633892137], [93.86668367990222, 27.560288035537543], [93.86671220141251, 27.56036329407536], [93.8667490341358, 27.560435660915186], [93.86679381155945, 27.560504416138073], [93.8668460890174, 27.56056887805252], [93.8669053454868, 27.560628404787025], [93.86697099346945, 27.560682404642534], [93.86704238078846, 27.56073034246302], [93.86711879687641, 27.560771740431434], [93.86719948265691, 27.560806186829417], [93.86728363683274, 27.560833340815226], [93.86737042217402, 27.56085293083065], [93.8674589762981, 27.56086476415709], [93.8675484197543, 27.560868721340935], [93.8676378632105, 27.56086476415709]], [[93.84463548077278, 27.560832683009878], [93.8446287883239, 27.560753512999366], [93.84461323758804, 27.560675327252117], [93.84458898217706, 27.560598902237032], [93.84455626463607, 27.560524998497637], [93.84451540835865, 27.560454349502482], [93.84446682117986, 27.560387657663057], [93.84441098459675, 27.560325586369633], [93.84434845466646, 27.56026875202711], [93.84427985122652, 27.560217719276316], [93.84420585789489, 27.560172996215382], [93.84412720949345, 27.5601350264354], [93.8440446866582, 27.560104187427488], [93.84395911044926, 27.56008078660028], [93.8438713315713, 27.56006505490877], [93.84378222228837, 27.56005715003955], [93.84369266744108, 27.56005715003955], [93.84360355815816, 27.56006505490877], [93.84351577928015, 27.56008078660028], [93.84343020307125, 27.560104187427488], [93.843347680236, 27.5601350264354], [93.84326903183454, 27.560172996215382], [93.8431950385029, 27.560217719276316], [93.84312643506296, 27.56026875202711], [93.84306390513265, 27.560325586369633], [93.84300806854954, 27.560387657663057], [93.8429594813708, 27.560454349502482], [93.84291862509335, 27.560524998497637], [93.8428859075524, 27.560598902237032], [93.8428616521414, 27.560675327252117], [93.8428461014055, 27.560753512999366], [93.84283940895666, 27.560832683009878], [93.84284164127011, 27.560912050464037], [93.8428527767864, 27.560990826155376], [93.84287270501265, 27.561068227250697], [93.84290122652293, 27.56114348525366], [93.84293805924622, 27.561215851579213], [93.84298283666986, 27.561284606313443], [93.84303511412783, 27.561349067769765], [93.84309437059723, 27.561408594081215], [93.84316001857988, 27.56146259355297], [93.84323140589885, 27.561510531032756], [93.84330782198681, 27.561551928706944], [93.84338850776734, 27.561586374860113], [93.84347266194312, 27.561613528652977], [93.84355944728442, 27.561633118529155], [93.84364800140852, 27.561644951771488], [93.84373744486473, 27.561648908927218], [93.84382688832092, 27.561644951771488], [93.84391544244498, 27.561633118529155], [93.84400222778629, 27.561613528652977], [93.8440863819621, 27.561586374860113], [93.8441670677426, 27.561551928706944], [93.84424348383055, 27.561510531032756], [93.84431487114956, 27.56146259355297], [93.84438051913222, 27.561408594081215], [93.84443977560163, 27.561349067769765], [93.84449205305957, 27.561284606313443], [93.84453683048324, 27.561215851579213], [93.84457366320652, 27.56114348525366], [93.84460218471676, 27.561068227250697], [93.84462211294303, 27.560990826155376], [93.84463324845929, 27.560912050464037], [93.84463548077278, 27.560832683009878]], [[93.89525322848117, 27.557940231697263], [93.89529006120446, 27.558012600134287], [93.89533483862812, 27.558081356874656], [93.89538711608606, 27.55814582021183], [93.89544637255547, 27.55820534826017], [93.89551202053812, 27.558259349307484], [93.89558340785709, 27.558307288186015], [93.89565982394505, 27.558348687068126], [93.89574050972558, 27.558383134226375], [93.89582466390138, 27.5584102888115], [93.89591144924266, 27.55842987925928], [93.89600000336677, 27.55844171284688], [93.89608944682297, 27.558445670118115], [93.89617889027916, 27.55844171284688], [93.89626744440324, 27.55842987925928], [93.89635422974453, 27.5584102888115], [93.89643838392035, 27.558383134226375], [93.89651906970084, 27.558348687068126], [93.89659548578881, 27.558307288186015], [93.89666687310782, 27.558259349307484], [93.89673252109047, 27.55820534826017], [93.89679177755987, 27.55814582021183], [93.89684405501782, 27.558081356874656], [93.89688883244148, 27.558012600134287], [93.89692566516476, 27.557940231697263], [93.896954186675, 27.557864971498436], [93.89697411490128, 27.55778756814473], [93.89698525041753, 27.557708790154866], [93.89698748273102, 27.557629420384973], [93.89698079028214, 27.557550248064473], [93.89696523954629, 27.557472060035966], [93.8969409841353, 27.557395632791017], [93.89690826659431, 27.557321726895296], [93.89686741031689, 27.55725107583885], [93.8968188231381, 27.557184382053546], [93.89676298655499, 27.557122308949065], [93.8967004566247, 27.557065472948253], [93.89663185318476, 27.557014438708503], [93.89655785985315, 27.556969714342674], [93.89647921145169, 27.556931743454864], [93.89639668861643, 27.55690090354716], [93.89631111240752, 27.55687750203718], [93.89622333352953, 27.55686176988669], [93.89613422424661, 27.556853864786827], [93.89604466939932, 27.556853864786827], [93.89595556011636, 27.55686176988669], [93.8958677812384, 27.55687750203718], [93.89578220502949, 27.55690090354716], [93.89569968219423, 27.556931743454864], [93.89562103379279, 27.556969714342674], [93.89554704046112, 27.557014438708503], [93.8954784370212, 27.557065472948253], [93.89541590709091, 27.557122308949065], [93.89536007050779, 27.557184382053546], [93.89531148332904, 27.55725107583885], [93.89527062705159, 27.557321726895296], [93.89523790951063, 27.557395632791017], [93.89521365409965, 27.557472060035966], [93.89519810336375, 27.557550248064473], [93.89519141091488, 27.557629420384973], [93.89519364322837, 27.557708790154866], [93.89520477874464, 27.55778756814473], [93.8952247069709, 27.557864971498436], [93.89525322848117, 27.557940231697263]], [[93.82897356130499, 27.557878199636278], [93.82901039402827, 27.557805831110667], [93.82903891553855, 27.557730570819718], [93.82905884376478, 27.557653167371242], [93.82906997928107, 27.557574389284973], [93.82907221159454, 27.557495019417907], [93.82906551914569, 27.5574158470005], [93.8290499684098, 27.55733765887627], [93.82902571299881, 27.557261231537776], [93.82899299545785, 27.55718732555159], [93.8289521391804, 27.557116674408643], [93.82890355200163, 27.557049980541702], [93.82884771541853, 27.556987907361243], [93.82878518548821, 27.556931071290865], [93.82871658204827, 27.556880036988648], [93.82864258871665, 27.55683531256805], [93.8285639403152, 27.556797341633782], [93.82848141747995, 27.55676650168832], [93.82839584127106, 27.5567431001497], [93.82830806239305, 27.556727367979935], [93.82821895311014, 27.556719462870415], [93.82812939826283, 27.556719462870415], [93.82804028897992, 27.556727367979935], [93.8279525101019, 27.5567431001497], [93.82786693389302, 27.55676650168832], [93.82778441105773, 27.556797341633782], [93.8277057626563, 27.55683531256805], [93.82763176932468, 27.556880036988648], [93.82756316588475, 27.556931071290865], [93.82750063595442, 27.556987907361243], [93.82744479937134, 27.557049980541702], [93.82739621219255, 27.557116674408643], [93.8273553559151, 27.55718732555159], [93.82732263837416, 27.557261231537776], [93.82729838296315, 27.55733765887627], [93.82728283222727, 27.5574158470005], [93.82727613977842, 27.557495019417907], [93.82727837209191, 27.557574389284973], [93.82728950760816, 27.557653167371242], [93.82730943583441, 27.557730570819718], [93.82733795734468, 27.557805831110667], [93.82737479006798, 27.557878199636278], [93.82741956749163, 27.557946956460817], [93.82747184494959, 27.558011419876905], [93.82753110141898, 27.558070947998104], [93.82759674940164, 27.558124949111537], [93.82766813672063, 27.558172888048755], [93.8277445528086, 27.558214286981528], [93.8278252385891, 27.558248734181948], [93.82790939276492, 27.55827588880032], [93.8279961781062, 27.558295479272076], [93.82808473223028, 27.55830731287418], [93.82817417568648, 27.558311270150238], [93.82826361914267, 27.55830731287418], [93.82835217326675, 27.558295479272076], [93.82843895860803, 27.55827588880032], [93.82852311278386, 27.558248734181948], [93.82860379856436, 27.558214286981528], [93.82868021465231, 27.558172888048755], [93.82875160197132, 27.558124949111537], [93.82881724995397, 27.558070947998104], [93.82887650642337, 27.558011419876905], [93.82892878388132, 27.557946956460817], [93.82897356130499, 27.557878199636278]], [[93.82896610169489, 27.55622587262885], [93.82905025587067, 27.556253027747523], [93.82913704121196, 27.556272618580234], [93.82922559533604, 27.55628445240036], [93.82931503879227, 27.556288409749303], [93.82940448224848, 27.55628445240036], [93.82949303637254, 27.556272618580234], [93.82957982171382, 27.556253027747523], [93.82966397588964, 27.55622587262885], [93.82974466167015, 27.55619142479378], [93.82982107775811, 27.556150025098272], [93.82989246507711, 27.556102085277832], [93.82995811305976, 27.556048083169483], [93.83001736952916, 27.555988553951565], [93.83006964698711, 27.555924089347815], [93.83011442441077, 27.555855331256538], [93.83015125713406, 27.555782961397615], [93.83017977864431, 27.555707699720084], [93.83019970687059, 27.55563029484556], [93.83021084238683, 27.55555151530794], [93.83021307470032, 27.55547214397861], [93.83020638225145, 27.555392970102563], [93.83019083151555, 27.555314780537824], [93.8301665761046, 27.55523835179127], [93.83013385856361, 27.555164444443527], [93.83009300228619, 27.55509379199893], [93.83004441510741, 27.555027096903277], [93.8299885785243, 27.554965022579232], [93.829926048594, 27.554908185461777], [93.82985744515406, 27.554857150219313], [93.82978345182245, 27.55481242497476], [93.829704803421, 27.554774453340958], [93.82962228058574, 27.55474361282732], [93.8295367043768, 27.554720210857585], [93.82944892549884, 27.55470447839801], [93.82935981621593, 27.55469657314282], [93.8292702613686, 27.55469657314282], [93.82918115208567, 27.55470447839801], [93.82909337320768, 27.554720210857585], [93.8290077969988, 27.55474361282732], [93.82892527416354, 27.554774453340958], [93.8288466257621, 27.55481242497476], [93.82877263243044, 27.554857150219313], [93.8287040289905, 27.554908185461777], [93.82864149906021, 27.554965022579232], [93.8285856624771, 27.555027096903277], [93.82853707529831, 27.55509379199893], [93.82849621902089, 27.555164444443527], [93.82846350147993, 27.55523835179127], [93.82843924606894, 27.555314780537824], [93.82842369533306, 27.555392970102563], [93.82841700288418, 27.55547214397861], [93.82841923519767, 27.55555151530794], [93.82843037071392, 27.55563029484556], [93.8284502989402, 27.555707699720084], [93.82847882045048, 27.555782961397615], [93.82851565317372, 27.555855331256538], [93.82856043059738, 27.555924089347815], [93.82861270805537, 27.555988553951565], [93.82867196452477, 27.556048083169483], [93.82873761250742, 27.556102085277832], [93.82880899982639, 27.556150025098272], [93.82888541591436, 27.55619142479378], [93.82896610169489, 27.55622587262885]], [[93.8963992667813, 27.570597672748377], [93.89648782090538, 27.57058584047123], [93.89657460624666, 27.57056625219295], [93.89665876042248, 27.570539100614972], [93.89673944620299, 27.57050465727143], [93.89681586229094, 27.570463262973934], [93.89688724960995, 27.57041532940421], [93.8969528975926, 27.570361334337036], [93.89701215406197, 27.570301812880906], [93.89706443151995, 27.57023735668245], [93.89710920894362, 27.570168607556226], [93.89714604166687, 27.57009624713331], [93.89717456317715, 27.570020995268795], [93.89719449140341, 27.569943600486706], [93.89720562691967, 27.569864831220702], [93.89720785923316, 27.569785470240127], [93.89720116678428, 27.56970630668708], [93.8971856160484, 27.569628127317], [93.8971613606374, 27.56955170853547], [93.89712864309645, 27.56947781082395], [93.89708778681903, 27.569407167591223], [93.89703919964026, 27.569340481191425], [93.89698336305713, 27.569278414960745], [93.89692083312684, 27.569221585253803], [93.8968522296869, 27.569170556665416], [93.89677823635526, 27.56912583725221], [93.89669958795383, 27.569087870569167], [93.89661706511858, 27.569057034076554], [93.89653148890964, 27.569033635157975], [93.89644371003168, 27.569017904749586], [93.89635460074872, 27.56901000052513], [93.89626504590146, 27.56901000052513], [93.8961759366185, 27.569017904749586], [93.89608815774052, 27.569033635157975], [93.8960025815316, 27.569057034076554], [93.89592005869635, 27.569087870569167], [93.89584141029492, 27.56912583725221], [93.89576741696328, 27.569170556665416], [93.89569881352334, 27.569221585253803], [93.89563628359305, 27.569278414960745], [93.89558044700992, 27.569340481191425], [93.89553185983115, 27.569407167591223], [93.89549100355373, 27.56947781082395], [93.89545828601278, 27.56955170853547], [93.89543403060178, 27.569628127317], [93.8954184798659, 27.56970630668708], [93.89541178741702, 27.569785470240127], [93.8954140197305, 27.569864831220702], [93.89542515524676, 27.569943600486706], [93.89544508347304, 27.570020995268795], [93.89547360498331, 27.57009624713331], [93.89551043770656, 27.570168607556226], [93.89555521513022, 27.57023735668245], [93.89560749258817, 27.570301812880906], [93.89566674905758, 27.570361334337036], [93.89573239704023, 27.57041532940421], [93.89580378435925, 27.570463262973934], [93.8958802004472, 27.57050465727143], [93.89596088622768, 27.570539100614972], [93.89604504040351, 27.57056625219295], [93.8961318257448, 27.57058584047123], [93.89622037986888, 27.570597672748377], [93.89630982332507, 27.570601629581347], [93.8963992667813, 27.570597672748377]], [[93.84343534233298, 27.570115376822564], [93.84343757464647, 27.570036016023156], [93.8434308821976, 27.56995685265088], [93.8434153314617, 27.56987867345928], [93.84339107605074, 27.56980225485222], [93.84335835850976, 27.569728357309423], [93.84331750223234, 27.569657714237962], [93.84326891505356, 27.56959102799042], [93.84321307847044, 27.569528961901455], [93.84315054854014, 27.569472132324282], [93.84308194510021, 27.569421103852363], [93.8430079517686, 27.56937638454125], [93.84292930336714, 27.569338417944902], [93.84284678053187, 27.569307581522693], [93.84276120432295, 27.569284182657533], [93.84267342544497, 27.569268452285087], [93.84258431616206, 27.569260548078642], [93.84249476131475, 27.569260548078642], [93.8424056520318, 27.569268452285087], [93.84231787315383, 27.569284182657533], [93.8422322969449, 27.569307581522693], [93.84214977410964, 27.569338417944902], [93.84207112570824, 27.56937638454125], [93.84199713237658, 27.569421103852363], [93.84192852893663, 27.569472132324282], [93.84186599900636, 27.569528961901455], [93.84181016242324, 27.56959102799042], [93.84176157524445, 27.569657714237962], [93.84172071896703, 27.569728357309423], [93.84168800142608, 27.56980225485222], [93.84166374601509, 27.56987867345928], [93.8416481952792, 27.56995685265088], [93.84164150283033, 27.570036016023156], [93.84164373514382, 27.570115376822564], [93.84165487066007, 27.5701941459087], [93.84167479888633, 27.570271540514092], [93.84170332039662, 27.57034679220679], [93.84174015311987, 27.570419152464524], [93.84178493054353, 27.570487901433744], [93.84183720800151, 27.57055235748504], [93.84189646447092, 27.570611878805263], [93.84196211245353, 27.570665873749167], [93.84203349977254, 27.570713807209444], [93.8421099158605, 27.570755201412464], [93.842190601641, 27.570789644677333], [93.84227475581682, 27.570816796193313], [93.84236154115811, 27.570836384426915], [93.84245009528217, 27.57084821667704], [93.84253953873841, 27.57085217350095], [93.84262898219461, 27.57084821667704], [93.84271753631869, 27.570836384426915], [93.84280432165997, 27.570816796193313], [93.84288847583579, 27.570789644677333], [93.84296916161628, 27.570755201412464], [93.84304557770426, 27.570713807209444], [93.84311696502326, 27.570665873749167], [93.84318261300591, 27.570611878805263], [93.8432418694753, 27.57055235748504], [93.84329414693326, 27.570487901433744], [93.84333892435691, 27.570419152464524], [93.84337575708017, 27.57034679220679], [93.84340427859044, 27.570271540514092], [93.84342420681674, 27.5701941459087], [93.84343534233298, 27.570115376822564]], [[93.88322239191824, 27.570124032681328], [93.88313461304027, 27.57013976293117], [93.88304903683138, 27.57016316161388], [93.88296651399612, 27.57019399779569], [93.88288786559468, 27.57023196409603], [93.88281387226301, 27.57027668305848], [93.88274526882307, 27.57032771113251], [93.8826827388928, 27.570384540266645], [93.88262690230968, 27.57044660587171], [93.88257831513089, 27.57051329159929], [93.88253745885346, 27.570583934119984], [93.88250474131252, 27.57065783108664], [93.88248048590152, 27.570734249097892], [93.88246493516564, 27.570812427679932], [93.88245824271677, 27.570891590435018], [93.88246047503024, 27.570970950615642], [93.8824716105465, 27.571049719087654], [93.88249153877277, 27.571127113089613], [93.88252006028306, 27.571202364195557], [93.88255689300634, 27.57127472388912], [93.88260167042999, 27.57134347232231], [93.88265394788795, 27.571407927871086], [93.88271320435736, 27.571467448727223], [93.88277885234001, 27.571521443250138], [93.88285023965898, 27.57156937633665], [93.88292665574693, 27.57161077021692], [93.88300734152746, 27.571645213213273], [93.88309149570325, 27.571672364517557], [93.88317828104455, 27.57169195259839], [93.88326683516861, 27.571703784756252], [93.88335627862485, 27.571707741549336], [93.88344572208105, 27.571703784756252], [93.88353427620513, 27.57169195259839], [93.8836210615464, 27.571672364517557], [93.88370521572223, 27.571645213213273], [93.88378590150272, 27.57161077021692], [93.88386231759068, 27.57156937633665], [93.8839337049097, 27.571521443250138], [93.88399935289235, 27.571467448727223], [93.88405860936174, 27.571407927871086], [93.8841108868197, 27.57134347232231], [93.88415566424335, 27.57127472388912], [93.88419249696663, 27.571202364195557], [93.88422101847688, 27.571127113089613], [93.88424094670316, 27.571049719087654], [93.88425208221942, 27.570970950615642], [93.8842543145329, 27.570891590435018], [93.88424762208403, 27.570812427679932], [93.88423207134814, 27.570734249097892], [93.88420781593717, 27.57065783108664], [93.88417509839618, 27.570583934119984], [93.88413424211876, 27.57051329159929], [93.88408565494, 27.57044660587171], [93.88402981835688, 27.570384540266645], [93.88396728842658, 27.57032771113251], [93.88389868498663, 27.57027668305848], [93.88382469165502, 27.57023196409603], [93.88374604325357, 27.57019399779569], [93.88366352041831, 27.57016316161388], [93.88357794420939, 27.57013976293117], [93.88349016533141, 27.570124032681328], [93.8834010560485, 27.570116128536537], [93.88331150120119, 27.570116128536537], [93.88322239191824, 27.570124032681328]], [[93.84233158234338, 27.57170040527744], [93.84229072606595, 27.571629763475492], [93.84224213888717, 27.571563078426372], [93.84218630230406, 27.5715010134528], [93.84212377237375, 27.5714441848969], [93.84205516893383, 27.571393157342015], [93.8419811756022, 27.571348438834566], [93.84190252720076, 27.57131047292051], [93.8418200043655, 27.57127963705244], [93.84173442815657, 27.571256238607827], [93.84164664927859, 27.57124050851803], [93.84155753999568, 27.57123260445363], [93.84146798514838, 27.57123260445363], [93.84137887586543, 27.57124050851803], [93.84129109698746, 27.571256238607827], [93.84120552077856, 27.57127963705244], [93.8411229979433, 27.57131047292051], [93.84104434954185, 27.571348438834566], [93.84097035621019, 27.571393157342015], [93.84090175277026, 27.5714441848969], [93.84083922283996, 27.5715010134528], [93.84078338625685, 27.571563078426372], [93.84073479907806, 27.571629763475492], [93.84069394280064, 27.57170040527744], [93.8406612252597, 27.57177430149219], [93.8406369698487, 27.571850718725948], [93.84062141911281, 27.571928896512546], [93.84061472666393, 27.572008058462185], [93.84061695897742, 27.57208741783533], [93.84062809449368, 27.572166185505896], [93.84064802271996, 27.57224357872039], [93.84067654423023, 27.572318829060706], [93.84071337695352, 27.57239118801801], [93.84075815437717, 27.57245993575171], [93.84081043183512, 27.572524390644627], [93.84086968830452, 27.572583910895162], [93.84093533628717, 27.572637904868706], [93.84100672360616, 27.57268583746751], [93.84108313969412, 27.5727272309266], [93.84116382547464, 27.572761673572465], [93.84124797965043, 27.572788824600526], [93.84133476499173, 27.57280841248204], [93.84142331911579, 27.572820244519527], [93.84151276257202, 27.57282420127233], [93.84160220602823, 27.572820244519527], [93.8416907601523, 27.57280841248204], [93.84177754549358, 27.572788824600526], [93.84186169966941, 27.572761673572465], [93.8419423854499, 27.5727272309266], [93.84201880153786, 27.57268583746751], [93.84209018885687, 27.572637904868706], [93.84215583683952, 27.572583910895162], [93.84221509330894, 27.572524390644627], [93.84226737076689, 27.57245993575171], [93.84231214819053, 27.57239118801801], [93.84234898091383, 27.572318829060706], [93.84237750242407, 27.57224357872039], [93.84239743065035, 27.572166185505896], [93.8424085661666, 27.57208741783533], [93.84241079848009, 27.572008058462185], [93.84240410603121, 27.571928896512546], [93.84238855529532, 27.571850718725948], [93.84236429988435, 27.57177430149219], [93.84233158234338, 27.57170040527744]], [[93.899502162757, 27.57176340658144], [93.89945357557822, 27.57183009150878], [93.8994127193008, 27.571900733181753], [93.89938000175981, 27.57197462926162], [93.89935574634885, 27.572051046355842], [93.89934019561296, 27.57212922399971], [93.89933350316409, 27.572208385804824], [93.89933573547758, 27.5722877450331], [93.89934687099384, 27.572366512559878], [93.8993667992201, 27.572443905633065], [93.89939532073039, 27.57251915583596], [93.89943215345363, 27.57259151466118], [93.8994769308773, 27.572660262269366], [93.89952920833525, 27.5727247170446], [93.89958846480465, 27.57278423718646], [93.8996541127873, 27.572838231061436], [93.89972550010631, 27.572886163572722], [93.89980191619426, 27.57292755695624], [93.89988260197477, 27.57296199953925], [93.89996675615059, 27.572989150517703], [93.90005354149189, 27.573008738363466], [93.90014209561595, 27.573020570379338], [93.90023153907214, 27.573024527124943], [93.90032098252838, 27.573020570379338], [93.90040953665246, 27.573008738363466], [93.90049632199374, 27.572989150517703], [93.90058047616957, 27.57296199953925], [93.90066116195005, 27.57292755695624], [93.90073757803802, 27.572886163572722], [93.90080896535702, 27.572838231061436], [93.90087461333965, 27.57278423718646], [93.90093386980905, 27.5727247170446], [93.90098614726703, 27.572660262269366], [93.90103092469069, 27.57259151466118], [93.90106775741394, 27.57251915583596], [93.90109627892421, 27.572443905633065], [93.9011162071505, 27.572366512559878], [93.90112734266675, 27.5722877450331], [93.90112957498023, 27.572208385804824], [93.90112288253137, 27.57212922399971], [93.90110733179547, 27.572051046355842], [93.90108307638447, 27.57197462926162], [93.90105035884352, 27.571900733181753], [93.9010095025661, 27.57183009150878], [93.90096091538733, 27.57176340658144], [93.90090507880421, 27.571701341721134], [93.90084254887391, 27.571644513268986], [93.90077394543397, 27.571593485807302], [93.90069995210233, 27.57154876738149], [93.90062130370092, 27.571510801536732], [93.90053878086565, 27.571479965724972], [93.90045320465673, 27.57145656732303], [93.90036542577874, 27.57144083726197], [93.90027631649579, 27.571432933211984], [93.9001867616485, 27.571432933211984], [93.90009765236557, 27.57144083726197], [93.9000098734876, 27.57145656732303], [93.89992429727867, 27.571479965724972], [93.89984177444342, 27.571510801536732], [93.89976312604198, 27.57154876738149], [93.89968913271035, 27.571593485807302], [93.89962052927041, 27.571644513268986], [93.89955799934012, 27.571701341721134], [93.899502162757, 27.57176340658144]], [[93.87998615271673, 27.573540680934638], [93.8799175492768, 27.57348965435473], [93.87984355594514, 27.57344493670168], [93.87976490754373, 27.57340697151302], [93.87968238470847, 27.573376136234167], [93.87959680849954, 27.573352738236576], [93.87950902962156, 27.57333700844733], [93.87941992033865, 27.57332910453394], [93.87933036549136, 27.57332910453394], [93.8792412562084, 27.57333700844733], [93.87915347733042, 27.573352738236576], [93.87906790112149, 27.573376136234167], [93.87898537828623, 27.57340697151302], [93.87890672988482, 27.57344493670168], [93.87883273655316, 27.57348965435473], [93.87876413311324, 27.573540680934638], [93.87870160318293, 27.573597508404735], [93.87864576659982, 27.573659572192454], [93.87859717942104, 27.573726255967443], [93.87855632314361, 27.57379689641964], [93.87852360560267, 27.573870791222504], [93.87849935019167, 27.573947206996134], [93.87848379945578, 27.574025383289], [93.8784771070069, 27.574104543726087], [93.87847933932039, 27.57418390158292], [93.87849047483664, 27.574262667748457], [93.87851040306293, 27.574340059484186], [93.8785389245732, 27.574415308386687], [93.87857575729646, 27.574487665961417], [93.87862053472011, 27.574556412381536], [93.8786728121781, 27.574620866042892], [93.87873206864748, 27.574680385156135], [93.87879771663013, 27.57473437809801], [93.87886910394913, 27.574782309780954], [93.87894552003709, 27.574823702449116], [93.87902620581758, 27.574858144436877], [93.8791103599934, 27.574885294946135], [93.87919714533469, 27.574904882453374], [93.87928569945876, 27.574916714264784], [93.879375142915, 27.57492067094198], [93.8794645863712, 27.574916714264784], [93.87955314049526, 27.574904882453374], [93.87963992583656, 27.574885294946135], [93.87972408001238, 27.574858144436877], [93.87980476579287, 27.574823702449116], [93.87988118188083, 27.574782309780954], [93.87995256919984, 27.57473437809801], [93.8800182171825, 27.574680385156135], [93.8800774736519, 27.574620866042892], [93.88012975110985, 27.574556412381536], [93.8801745285335, 27.574487665961417], [93.88021136125676, 27.574415308386687], [93.88023988276704, 27.574340059484186], [93.88025981099331, 27.574262667748457], [93.88027094650955, 27.57418390158292], [93.88027317882306, 27.574104543726087], [93.88026648637418, 27.574025383289], [93.88025093563829, 27.573947206996134], [93.8802266802273, 27.573870791222504], [93.88019396268635, 27.57379689641964], [93.88015310640893, 27.573726255967443], [93.88010451923014, 27.573659572192454], [93.88004868264703, 27.573597508404735], [93.87998615271673, 27.573540680934638]], [[93.84161949949575, 27.574910649854445], [93.84169088681476, 27.574862718227557], [93.84175653479741, 27.574808725348873], [93.84181579126681, 27.574749206305242], [93.84186806872476, 27.574684752719282], [93.84191284614842, 27.574616006379554], [93.84194967887171, 27.57454364888949], [93.84197820038199, 27.574468400075023], [93.84199812860822, 27.574391008429803], [93.84200926412448, 27.57431224235639], [93.84201149643798, 27.574232884592387], [93.84200480398913, 27.57415372424791], [93.84198925325323, 27.574075548046462], [93.84196499784224, 27.573999132362232], [93.84193228030128, 27.573925237645806], [93.84189142402384, 27.573854597276263], [93.84184283684506, 27.57378791357927], [93.84178700026195, 27.573725849864147], [93.84172447033164, 27.573669022460496], [93.84165586689171, 27.573617995940296], [93.84158187356009, 27.57357327833956], [93.84150322515865, 27.57353531319531], [93.84142070232339, 27.57350447795249], [93.84133512611449, 27.573481079982262], [93.84124734723648, 27.573465350211425], [93.84115823795356, 27.573457446307323], [93.84106868310627, 27.573457446307323], [93.84097957382335, 27.573465350211425], [93.84089179494534, 27.573481079982262], [93.84080621873645, 27.57350447795249], [93.84072369590118, 27.57353531319531], [93.84064504749973, 27.57357327833956], [93.84057105416808, 27.573617995940296], [93.84050245072818, 27.573669022460496], [93.84043992079785, 27.573725849864147], [93.84038408421478, 27.57378791357927], [93.840335497036, 27.573854597276263], [93.84029464075853, 27.573925237645806], [93.84026192321758, 27.573999132362232], [93.84023766780659, 27.574075548046462], [93.8402221170707, 27.57415372424791], [93.84021542462186, 27.574232884592387], [93.84021765693531, 27.57431224235639], [93.8402287924516, 27.574391008429803], [93.84024872067783, 27.574468400075023], [93.84027724218812, 27.57454364888949], [93.8403140749114, 27.574616006379554], [93.84035885233506, 27.574684752719282], [93.84041112979301, 27.574749206305242], [93.84047038626241, 27.574808725348873], [93.84053603424506, 27.574862718227557], [93.84060742156407, 27.574910649854445], [93.84068383765202, 27.574952042474198], [93.84076452343253, 27.574986484421654], [93.84084867760835, 27.575013634899147], [93.8409354629496, 27.57503322238347], [93.84102401707372, 27.575045054181068], [93.84111346052991, 27.575049010853636], [93.84120290398612, 27.575045054181068], [93.84129145811018, 27.57503322238347], [93.84137824345147, 27.575013634899147], [93.8414623976273, 27.574986484421654], [93.84154308340779, 27.574952042474198], [93.84161949949575, 27.574910649854445]], [[93.8799360976908, 27.574934417786363], [93.87985744928935, 27.57497238244649], [93.87978345595769, 27.575017099476995], [93.87971485251776, 27.57506812534653], [93.87965232258746, 27.575124952025504], [93.87959648600435, 27.575187014949197], [93.87954789882556, 27.575253697795834], [93.87950704254814, 27.57532433726458], [93.8794743250072, 27.57539823103867], [93.8794500695962, 27.575474645748454], [93.87943451886031, 27.57555282095299], [93.87942782641143, 27.575631980288023], [93.87943005872494, 27.575711337040048], [93.87944119424118, 27.575790102109007], [93.87946112246745, 27.575867492767276], [93.87948964397773, 27.575942740622157], [93.87952647670099, 27.576015097189526], [93.87957125412464, 27.576083842652555], [93.87962353158262, 27.576148295416573], [93.87968278805202, 27.576207813701192], [93.87974843603467, 27.576261805891363], [93.87981982335366, 27.576309736906975], [93.87989623944162, 27.57635112899887], [93.87997692522214, 27.576385570507107], [93.88006107939793, 27.576412720638373], [93.88014786473923, 27.57643230787294], [93.88023641886329, 27.576444139519598], [93.88032586231952, 27.57644809614172], [93.88041530577573, 27.576444139519598], [93.8805038598998, 27.57643230787294], [93.88059064524109, 27.576412720638373], [93.88067479941691, 27.576385570507107], [93.8807554851974, 27.57635112899887], [93.88083190128536, 27.576309736906975], [93.88090328860437, 27.576261805891363], [93.88096893658702, 27.576207813701192], [93.88102819305642, 27.576148295416573], [93.88108047051439, 27.576083842652555], [93.88112524793803, 27.576015097189526], [93.88116208066133, 27.575942740622157], [93.88119060217157, 27.575867492767276], [93.88121053039785, 27.575790102109007], [93.8812216659141, 27.575711337040048], [93.88122389822759, 27.575631980288023], [93.88121720577871, 27.57555282095299], [93.88120165504282, 27.575474645748454], [93.88117739963185, 27.57539823103867], [93.88114468209088, 27.57532433726458], [93.88110382581345, 27.575253697795834], [93.88105523863467, 27.575187014949197], [93.88099940205156, 27.575124952025504], [93.88093687212125, 27.57506812534653], [93.88086826868133, 27.575017099476995], [93.88079427534971, 27.57497238244649], [93.88071562694826, 27.574934417786363], [93.880633104113, 27.574903582936756], [93.88054752790407, 27.574880185264917], [93.88045974902609, 27.57486445569467], [93.88037063974318, 27.574856551891315], [93.88028108489587, 27.574856551891315], [93.88019197561293, 27.57486445569467], [93.88010419673496, 27.574880185264917], [93.88001862052606, 27.574903582936756], [93.8799360976908, 27.574934417786363]], [[93.8421188900302, 27.576429068681716], [93.84210333929431, 27.576350894101587], [93.84207908388332, 27.576274480002137], [93.84204636634237, 27.576200586818207], [93.84200551006491, 27.57612994791364], [93.84195692288617, 27.57606326559962], [93.84190108630305, 27.576001203171597], [93.84183855637275, 27.5759443769465], [93.84176995293282, 27.57589335148453], [93.84169595960117, 27.575848634811166], [93.84161731119973, 27.57581067045427], [93.84153478836446, 27.57577983585092], [93.84144921215555, 27.575756438365943], [93.84136143327756, 27.575740708921316], [93.84127232399464, 27.575732805181115], [93.84118276914734, 27.575732805181115], [93.84109365986443, 27.575740708921316], [93.84100588098646, 27.575756438365943], [93.84092030477751, 27.57577983585092], [93.84083778194226, 27.57581067045427], [93.84075913354081, 27.575848634811166], [93.84068514020919, 27.57589335148453], [93.84061653676926, 27.5759443769465], [93.84055400683896, 27.576001203171597], [93.84049817025584, 27.57606326559962], [93.84044958307706, 27.57612994791364], [93.84040872679962, 27.576200586818207], [93.84037600925866, 27.576274480002137], [93.84035175384767, 27.576350894101587], [93.8403362031118, 27.576429068681716], [93.84032951066293, 27.576508227384505], [93.84033174297642, 27.576587583502697], [93.84034287849268, 27.576666347942567], [93.84036280671891, 27.57674373798274], [93.84039132822919, 27.57681898523657], [93.84042816095248, 27.576891341226023], [93.84047293837614, 27.576960086139973], [93.84052521583409, 27.577024538389225], [93.84058447230349, 27.577084056198427], [93.84065012028614, 27.57713804795735], [93.84072150760515, 27.57718597859013], [93.84079792369312, 27.577227370351412], [93.8408786094736, 27.577261811584606], [93.84096276364943, 27.577288961498997], [93.84104954899072, 27.577308548577076], [93.84113810311479, 27.57732038012926], [93.84122754657099, 27.57732433671977], [93.84131699002718, 27.57732038012926], [93.8414055441513, 27.577308548577076], [93.84149232949255, 27.577288961498997], [93.84157648366838, 27.577261811584606], [93.8416571694489, 27.577227370351412], [93.84173358553686, 27.57718597859013], [93.84180497285584, 27.57713804795735], [93.84187062083849, 27.577084056198427], [93.84192987730789, 27.577024538389225], [93.84198215476584, 27.576960086139973], [93.8420269321895, 27.576891341226023], [93.84206376491278, 27.57681898523657], [93.84209228642307, 27.57674373798274], [93.8421122146493, 27.576666347942567], [93.8421233501656, 27.576587583502697], [93.84212558247904, 27.576508227384505], [93.8421188900302, 27.576429068681716]], [[93.88416849937211, 27.576451625171433], [93.88414424396115, 27.5765280391475], [93.88412869322526, 27.576606213601398], [93.88412200077639, 27.57668537217637], [93.88412423308986, 27.57676472816641], [93.88413536860612, 27.57684349247912], [93.8841552968324, 27.57692088239431], [93.88418381834269, 27.57699612952666], [93.88422065106593, 27.577068485399256], [93.88426542848958, 27.57713723020223], [93.88431770594754, 27.577201682347376], [93.88437696241695, 27.5772612000605], [93.8844426103996, 27.577315191732215], [93.88451399771861, 27.57736312228763], [93.88459041380656, 27.577404513982042], [93.88467109958707, 27.577438955159614], [93.88475525376288, 27.577466105030155], [93.88484203910417, 27.577485692076632], [93.88493059322825, 27.577497523609694], [93.88502003668444, 27.577501480193853], [93.88510948014068, 27.577497523609694], [93.88519803426475, 27.577485692076632], [93.88528481960604, 27.577466105030155], [93.88536897378182, 27.577438955159614], [93.88544965956235, 27.577404513982042], [93.88552607565032, 27.57736312228763], [93.88559746296929, 27.577315191732215], [93.88566311095194, 27.5772612000605], [93.88572236742134, 27.577201682347376], [93.88577464487932, 27.57713723020223], [93.88581942230299, 27.577068485399256], [93.88585625502624, 27.57699612952666], [93.88588477653651, 27.57692088239431], [93.88590470476278, 27.57684349247912], [93.88591584027905, 27.57676472816641], [93.88591807259253, 27.57668537217637], [93.88591138014367, 27.576606213601398], [93.88589582940777, 27.5765280391475], [93.88587157399677, 27.576451625171433], [93.88583885645582, 27.57637773210682], [93.8857980001784, 27.576307093316345], [93.88574941299963, 27.576240411109968], [93.88569357641651, 27.576178348782186], [93.88563104648621, 27.576121522648815], [93.88556244304627, 27.57607049726924], [93.88548844971463, 27.576025780668083], [93.88540980131317, 27.57598781637247], [93.88532727847792, 27.575956981818926], [93.88524170226901, 27.57593358437171], [93.88515392339104, 27.57591785495249], [93.88506481410809, 27.57590995122506], [93.88497525926078, 27.57590995122506], [93.88488614997787, 27.57591785495249], [93.88479837109989, 27.57593358437171], [93.88471279489097, 27.575956981818926], [93.88463027205572, 27.57598781637247], [93.88455162365427, 27.576025780668083], [93.88447763032265, 27.57607049726924], [93.88440902688271, 27.576121522648815], [93.88434649695242, 27.576178348782186], [93.8842906603693, 27.576240411109968], [93.88424207319052, 27.576307093316345], [93.8842012169131, 27.57637773210682], [93.88416849937211, 27.576451625171433]], [[93.89748317579975, 27.57749793527283], [93.89739539692178, 27.57751366446548], [93.89730982071285, 27.5775370615757], [93.89722729787758, 27.57756789568515], [93.89714864947614, 27.577605859433962], [93.89707465614451, 27.577650575391065], [93.89700605270458, 27.577701600035756], [93.8969435227743, 27.57775842535063], [93.89688768619118, 27.57782048678454], [93.8968390990124, 27.57788716803049], [93.89679824273495, 27.57795780580358], [93.89676552519398, 27.578031697803866], [93.89674126978299, 27.578108110679334], [93.89672571904714, 27.578186284007305], [93.89671902659826, 27.57826544144211], [93.89672125891175, 27.578344796289173], [93.896732394428, 27.578423559467417], [93.89675232265425, 27.578500948267926], [93.89678084416452, 27.57857619431648], [93.89681767688782, 27.578648549146898], [93.89686245431147, 27.578717292959713], [93.89691473176943, 27.578781744176517], [93.89697398823883, 27.578841261032395], [93.89703963622148, 27.57889525192644], [93.89711102354048, 27.57894318179148], [93.89718743962844, 27.578984572889745], [93.89726812540894, 27.5790190135712], [93.89735227958477, 27.579046163050684], [93.89743906492605, 27.579065749815072], [93.89752761905012, 27.57907758117771], [93.89761706250633, 27.579081537704848], [93.89770650596252, 27.57907758117771], [93.89779506008662, 27.579065749815072], [93.89788184542788, 27.579046163050684], [93.8979659996037, 27.5790190135712], [93.89804668538423, 27.578984572889745], [93.8981231014722, 27.57894318179148], [93.89819448879116, 27.57889525192644], [93.89826013677381, 27.578841261032395], [93.89831939324321, 27.578781744176517], [93.89837167070117, 27.578717292959713], [93.89841644812482, 27.578648549146898], [93.89845328084812, 27.57857619431648], [93.89848180235839, 27.578500948267926], [93.89850173058463, 27.578423559467417], [93.89851286610092, 27.578344796289173], [93.89851509841438, 27.57826544144211], [93.89850840596553, 27.578186284007305], [93.89849285522965, 27.578108110679334], [93.89846859981866, 27.578031697803866], [93.8984358822777, 27.57795780580358], [93.89839502600024, 27.57788716803049], [93.89834643882149, 27.57782048678454], [93.89829060223838, 27.57775842535063], [93.89822807230809, 27.577701600035756], [93.89815946886814, 27.577650575391065], [93.89808547553649, 27.577605859433962], [93.89800682713505, 27.57756789568515], [93.89792430429979, 27.5775370615757], [93.8978387280909, 27.57751366446548], [93.89775094921289, 27.57749793527283], [93.89766183992998, 27.577490031659202], [93.89757228508266, 27.577490031659202], [93.89748317579975, 27.57749793527283]], [[93.85267257646578, 27.579011991507755], [93.85262398928701, 27.57894531094557], [93.85256815270388, 27.578883250148017], [93.85250562277359, 27.578826425415794], [93.85243701933365, 27.57877540129433], [93.85236302600201, 27.578730685795733], [93.85228437760058, 27.578692722436198], [93.85220185476533, 27.57866188864292], [93.8521162785564, 27.578638491772605], [93.85202849967843, 27.578622762741194], [93.85193939039547, 27.57861485920866], [93.85184983554818, 27.57861485920866], [93.85176072626525, 27.578622762741194], [93.85167294738727, 27.578638491772605], [93.85158737117835, 27.57866188864292], [93.8515048483431, 27.578692722436198], [93.85142619994168, 27.578730685795733], [93.85135220661003, 27.57877540129433], [93.85128360317009, 27.578826425415794], [93.8512210732398, 27.578883250148017], [93.85116523665668, 27.57894531094557], [93.8511166494779, 27.579011991507755], [93.85107579320048, 27.57908262855653], [93.85104307565949, 27.57915651979917], [93.85101882024853, 27.579232931891116], [93.85100326951265, 27.57931110441747], [93.85099657706377, 27.579390261040622], [93.85099880937726, 27.579469615073986], [93.8510099448935, 27.57954837744459], [93.85102987311978, 27.57962576545156], [93.85105839463007, 27.579701010728495], [93.85109522735331, 27.579773364817022], [93.85114000477697, 27.579842107924883], [93.85119228223492, 27.579906558480847], [93.85125153870432, 27.57996607472639], [93.85131718668697, 27.58002006506681], [93.85138857400598, 27.580067994440356], [93.85146499009394, 27.58010938511418], [93.85154567587443, 27.580143825442505], [93.85162983005026, 27.580170974643604], [93.85171661539155, 27.580190561207093], [93.85180516951563, 27.580202392448424], [93.85189461297182, 27.580206348934993], [93.85198405642807, 27.580202392448424], [93.85207261055213, 27.580190561207093], [93.85215939589341, 27.580170974643604], [93.85224355006923, 27.580143825442505], [93.85232423584974, 27.58010938511418], [93.8524006519377, 27.580067994440356], [93.8524720392567, 27.58002006506681], [93.85253768723932, 27.57996607472639], [93.85259694370873, 27.579906558480847], [93.8526492211667, 27.579842107924883], [93.85269399859035, 27.579773364817022], [93.85273083131362, 27.579701010728495], [93.8527593528239, 27.57962576545156], [93.85277928105018, 27.57954837744459], [93.85279041656642, 27.579469615073986], [93.85279264887991, 27.579390261040622], [93.85278595643103, 27.57931110441747], [93.85277040569515, 27.579232931891116], [93.85274615028415, 27.57915651979917], [93.8527134327432, 27.57908262855653], [93.85267257646578, 27.579011991507755]], [[93.88143979393307, 27.57918332924956], [93.88135201505509, 27.57919905820059], [93.88126643884615, 27.579222454951328], [93.8811839160109, 27.579253288587044], [93.8811052676095, 27.57929125175258], [93.88103127427783, 27.579335967022683], [93.8809626708379, 27.579386990883407], [93.88090014090761, 27.579443815325245], [93.8808443043245, 27.579505875805634], [93.88079571714572, 27.579572556027063], [93.8807548608683, 27.57964319271486], [93.88072214332733, 27.579717083579904], [93.88069788791634, 27.579793495281354], [93.88068233718046, 27.579871667408216], [93.88067564473158, 27.579950823626856], [93.88067787704507, 27.5800301772547], [93.88068901256132, 27.58010893922278], [93.88070894078758, 27.58018632683427], [93.88073746229787, 27.58026157172669], [93.88077429502113, 27.580333925445444], [93.88081907244478, 27.580402668202034], [93.88087134990276, 27.580467118428594], [93.88093060637213, 27.580526634370024], [93.88099625435478, 27.5805806244345], [93.8810676416738, 27.580628553563105], [93.88114405776176, 27.5806699440254], [93.88122474354225, 27.58070438417772], [93.88130889771807, 27.580731533240073], [93.88139568305937, 27.580751119703464], [93.88148423718343, 27.580762950884324], [93.88157368063966, 27.58076690735068], [93.88166312409587, 27.580762950884324], [93.88175167821994, 27.580751119703464], [93.88183846356122, 27.580731533240073], [93.88192261773705, 27.58070438417772], [93.88200330351755, 27.5806699440254], [93.88207971960551, 27.580628553563105], [93.88215110692451, 27.5805806244345], [93.88221675490716, 27.580526634370024], [93.88227601137656, 27.580467118428594], [93.88232828883451, 27.580402668202034], [93.88237306625817, 27.580333925445444], [93.88240989898144, 27.58026157172669], [93.8824384204917, 27.58018632683427], [93.88245834871799, 27.58010893922278], [93.88246948423424, 27.5800301772547], [93.88247171654773, 27.579950823626856], [93.88246502409885, 27.579871667408216], [93.88244947336295, 27.579793495281354], [93.88242521795198, 27.579717083579904], [93.88239250041102, 27.57964319271486], [93.88235164413359, 27.579572556027063], [93.88230305695481, 27.579505875805634], [93.8822472203717, 27.579443815325245], [93.88218469044139, 27.579386990883407], [93.88211608700146, 27.579335967022683], [93.88204209366981, 27.57929125175258], [93.8819634452684, 27.579253288587044], [93.88188092243314, 27.579222454951328], [93.88179534622421, 27.57919905820059], [93.88170756734623, 27.57918332924956], [93.88161845806329, 27.579175425757406], [93.88152890321601, 27.579175425757406], [93.88143979393307, 27.57918332924956]], [[93.8751432685447, 27.580696546086017], [93.87510241226728, 27.58062591007654], [93.87505382508851, 27.58055923049542], [93.87499798850538, 27.58049717061098], [93.8749354585751, 27.58044034671486], [93.87486685513517, 27.580389323344093], [93.87479286180351, 27.580344608503392], [93.87471421340206, 27.58030664570241], [93.8746316905668, 27.580275812362817], [93.87454611435791, 27.580252415836753], [93.87445833547993, 27.580236687036773], [93.87436922619699, 27.58022878362048], [93.87427967134967, 27.58022878362048], [93.87419056206677, 27.580236687036773], [93.87410278318879, 27.580252415836753], [93.87401720697986, 27.580275812362817], [93.8739346841446, 27.58030664570241], [93.87385603574316, 27.580344608503392], [93.87378204241153, 27.580389323344093], [93.87371343897159, 27.58044034671486], [93.8736509090413, 27.58049717061098], [93.87359507245819, 27.58055923049542], [93.87354648527942, 27.58062591007654], [93.873505629002, 27.580696546086017], [93.87347291146101, 27.580770436241476], [93.87344865605004, 27.58084684720915], [93.87343310531416, 27.58092501858531], [93.87342641286529, 27.58100417404381], [93.87342864517876, 27.5810835269096], [93.87343978069502, 27.5811622881213], [93.87345970892129, 27.581239674989632], [93.87348823043155, 27.58131491915947], [93.87352506315483, 27.5813872721834], [93.87356984057848, 27.58145601427981], [93.87362211803644, 27.581520463887433], [93.87368137450584, 27.581579979257302], [93.87374702248849, 27.581633968803338], [93.8738184098075, 27.58168189747165], [93.87389482589545, 27.581723287536462], [93.87397551167595, 27.581757727358013], [93.87405966585177, 27.58178487615967], [93.87414645119306, 27.581804462434977], [93.87423500531713, 27.581816293502214], [93.87432444877334, 27.581820249930566], [93.87441389222955, 27.581816293502214], [93.87450244635365, 27.581804462434977], [93.87458923169493, 27.58178487615967], [93.87467338587071, 27.581757727358013], [93.87475407165125, 27.581723287536462], [93.8748304877392, 27.58168189747165], [93.87490187505817, 27.581633968803338], [93.87496752304082, 27.581579979257302], [93.87502677951022, 27.581520463887433], [93.87507905696818, 27.58145601427981], [93.87512383439183, 27.5813872721834], [93.87516066711513, 27.58131491915947], [93.8751891886254, 27.581239674989632], [93.87520911685168, 27.5811622881213], [93.87522025236794, 27.5810835269096], [93.87522248468142, 27.58100417404381], [93.87521579223254, 27.58092501858531], [93.87520024149666, 27.58084684720915], [93.87517598608567, 27.580770436241476], [93.8751432685447, 27.580696546086017]], [[93.89183828203026, 27.5810266993361], [93.8917505031523, 27.581042428022766], [93.89166492694336, 27.58106582438031], [93.8915824041081, 27.58109665749786], [93.89150375570667, 27.581134620025416], [93.89142976237504, 27.581179334544057], [93.8913611589351, 27.58123035754734], [93.89129862900482, 27.581287181034185], [93.89124279242169, 27.58134924047163], [93.89119420524293, 27.581415919572514], [93.8911533489655, 27.581486555073226], [93.8911206314245, 27.581560444696464], [93.89109637601355, 27.581636855113786], [93.89108082527767, 27.581715025926943], [93.89107413282879, 27.58179418081532], [93.89107636514227, 27.581873533109565], [93.89108750065853, 27.58195229375398], [93.8911074288848, 27.582029680064903], [93.89113595039505, 27.582104923692796], [93.89117278311834, 27.582177276195587], [93.89121756054199, 27.582246017796873], [93.89126983799994, 27.582310466940275], [93.89132909446934, 27.582369981881484], [93.891394742452, 27.58242397103865], [93.891466129771, 27.582471899361746], [93.89154254585895, 27.58251328912844], [93.89162323163946, 27.58254772870192], [93.89170738581528, 27.582574877308033], [93.89179417115656, 27.582594463442266], [93.89188272528064, 27.58260629442429], [93.89197216873684, 27.582610250824143], [93.89206161219307, 27.58260629442429], [93.89215016631715, 27.582594463442266], [93.89223695165843, 27.582574877308033], [93.89232110583421, 27.58254772870192], [93.89240179161476, 27.58251328912844], [93.89247820770271, 27.582471899361746], [93.89254959502168, 27.58242397103865], [93.89261524300433, 27.582369981881484], [93.89267449947373, 27.582310466940275], [93.89272677693172, 27.582246017796873], [93.89277155435533, 27.582177276195587], [93.89280838707865, 27.582104923692796], [93.8928369085889, 27.582029680064903], [93.89285683681518, 27.58195229375398], [93.89286797233144, 27.581873533109565], [93.89287020464492, 27.58179418081532], [93.89286351219604, 27.581715025926943], [93.89284796146016, 27.581636855113786], [93.89282370604917, 27.581560444696464], [93.89279098850821, 27.581486555073226], [93.89275013223079, 27.581415919572514], [93.89270154505202, 27.58134924047163], [93.89264570846889, 27.581287181034185], [93.8925831785386, 27.58123035754734], [93.89251457509866, 27.581179334544057], [93.89244058176702, 27.581134620025416], [93.89236193336558, 27.58109665749786], [93.8922794105303, 27.58106582438031], [93.89219383432142, 27.581042428022766], [93.89210605544343, 27.5810266993361], [93.8920169461605, 27.581018795976714], [93.89192739131317, 27.581018795976714], [93.89183828203026, 27.5810266993361]], [[93.88229323657211, 27.582595758886665], [93.88223070664182, 27.58253893607775], [93.88216210320188, 27.582487913683238], [93.88208810987027, 27.582443199698076], [93.88200946146883, 27.582405237623433], [93.88192693863355, 27.582374404873747], [93.88184136242462, 27.582351008795314], [93.88175358354665, 27.582335280296277], [93.88166447426374, 27.5823273770312], [93.88157491941642, 27.5823273770312], [93.88148581013351, 27.582335280296277], [93.8813980312555, 27.582351008795314], [93.88131245504661, 27.582374404873747], [93.88122993221135, 27.582405237623433], [93.88115128380991, 27.582443199698076], [93.88107729047826, 27.582487913683238], [93.88100868703832, 27.58253893607775], [93.88094615710803, 27.582595758886665], [93.88089032052491, 27.582657817583716], [93.88084173334616, 27.58272449588903], [93.88080087706871, 27.582795130547023], [93.88076815952775, 27.582869019288726], [93.88074390411676, 27.582945428794396], [93.88072835338087, 27.583023598674888], [93.88072166093202, 27.583102752618867], [93.88072389324549, 27.583182103966365], [93.88073502876178, 27.58326086367113], [93.88075495698801, 27.583338249058762], [93.88078347849829, 27.58341349178889], [93.88082031122158, 27.583485843428438], [93.88086508864524, 27.58355458420956], [93.88091736610319, 27.583619032584018], [93.88097662257259, 27.58367854681515], [93.88104227055524, 27.583732535328167], [93.88111365787421, 27.58378046307941], [93.88119007396217, 27.583821852352266], [93.8812707597427, 27.583856291514877], [93.88135491391853, 27.58388343979705], [93.88144169925978, 27.583903025697587], [93.88153025338389, 27.58391485653846], [93.88161969684008, 27.583918812891113], [93.88170914029628, 27.58391485653846], [93.88179769442036, 27.583903025697587], [93.88188447976164, 27.58388343979705], [93.88196863393746, 27.583856291514877], [93.88204931971796, 27.583821852352266], [93.88212573580593, 27.58378046307941], [93.88219712312493, 27.583732535328167], [93.88226277110758, 27.58367854681515], [93.88232202757698, 27.583619032584018], [93.88237430503493, 27.58355458420956], [93.88241908245858, 27.583485843428438], [93.88245591518188, 27.58341349178889], [93.88248443669215, 27.583338249058762], [93.8825043649184, 27.58326086367113], [93.88251550043465, 27.583182103966365], [93.88251773274814, 27.583102752618867], [93.88251104029926, 27.583023598674888], [93.88249548956341, 27.582945428794396], [93.88247123415242, 27.582869019288726], [93.88243851661146, 27.582795130547023], [93.88239766033401, 27.58272449588903], [93.88234907315523, 27.582657817583716], [93.88229323657211, 27.582595758886665]], [[93.90443111900798, 27.58306376126883], [93.90434334012997, 27.58307948966339], [93.90425776392108, 27.58310288558641], [93.90417524108582, 27.58313371813132], [93.90409659268437, 27.58317167995382], [93.90402259935276, 27.583216393641994], [93.90395399591281, 27.583267415697613], [93.9038914659825, 27.583324238129137], [93.9038356293994, 27.583386296413963], [93.90378704222063, 27.583452974276415], [93.90374618594316, 27.583523608465214], [93.90371346840222, 27.58359749671613], [93.90368921299121, 27.58367390571429], [93.90367366225533, 27.583752075075573], [93.9036669698065, 27.583831228493782], [93.90366920211996, 27.583910579314225], [93.90368033763623, 27.583989338495847], [93.90370026586247, 27.584066723369464], [93.90372878737276, 27.58414196559985], [93.90376562009604, 27.58421431675878], [93.90381039751969, 27.58428305708334], [93.90386267497765, 27.58434750502972], [93.90392193144704, 27.58440701886552], [93.9039875794297, 27.58446100701991], [93.9040589667487, 27.58450893445283], [93.90413538283667, 27.584550323450774], [93.90421606861716, 27.58458476238459], [93.90430022279298, 27.584611910486437], [93.90438700813426, 27.58463149625689], [93.90447556225836, 27.58464332701915], [93.90456500571455, 27.584647283345557], [93.90465444917075, 27.58464332701915], [93.90474300329483, 27.58463149625689], [93.9048297886361, 27.584611910486437], [93.90491394281193, 27.58458476238459], [93.90499462859242, 27.584550323450774], [93.90507104468038, 27.58450893445283], [93.90514243199938, 27.58446100701991], [93.90520807998203, 27.58440701886552], [93.90526733645144, 27.58434750502972], [93.9053196139094, 27.58428305708334], [93.90536439133305, 27.58421431675878], [93.90540122405635, 27.58414196559985], [93.90542974556662, 27.584066723369464], [93.90544967379287, 27.583989338495847], [93.90546080930912, 27.583910579314225], [93.90546304162261, 27.583831228493782], [93.90545634917375, 27.583752075075573], [93.90544079843788, 27.58367390571429], [93.90541654302687, 27.58359749671613], [93.90538382548593, 27.583523608465214], [93.90534296920848, 27.583452974276415], [93.9052943820297, 27.583386296413963], [93.90523854544658, 27.583324238129137], [93.90517601551628, 27.583267415697613], [93.90510741207635, 27.583216393641994], [93.90503341874474, 27.58317167995382], [93.90495477034328, 27.58313371813132], [93.90487224750801, 27.58310288558641], [93.90478667129912, 27.58307948966339], [93.90469889242111, 27.58306376126883], [93.9046097831382, 27.58305585805626], [93.90452022829089, 27.58305585805626], [93.90443111900798, 27.58306376126883]], [[93.86394277085004, 27.58417967945355], [93.86387416741012, 27.584128657822294], [93.86380017407849, 27.584083944506094], [93.86372152567705, 27.584045982999356], [93.8636390028418, 27.584015150710925], [93.86355342663289, 27.583991754982506], [93.86346564775488, 27.58397602671877], [93.86337653847197, 27.58396812357192], [93.86328698362465, 27.58396812357192], [93.86319787434175, 27.58397602671877], [93.86311009546374, 27.583991754982506], [93.86302451925485, 27.584015150710925], [93.86294199641958, 27.584045982999356], [93.86286334801814, 27.584083944506094], [93.86278935468648, 27.584128657822294], [93.86272075124656, 27.58417967945355], [93.86265822131625, 27.58423650141238], [93.86260238473317, 27.58429855918104], [93.8625537975544, 27.584365236488843], [93.86251294127693, 27.584435870090115], [93.86248022373599, 27.584509757726437], [93.86245596832498, 27.584586166089004], [93.8624404175891, 27.584664334800053], [93.86243372514026, 27.584743487559862], [93.86243595745371, 27.584822837720253], [93.86244709297, 27.584901596246734], [93.86246702119624, 27.584978980476656], [93.86249554270653, 27.58505422208111], [93.86253237542981, 27.585126572638238], [93.86257715285346, 27.585195312390972], [93.86262943031142, 27.585259759801254], [93.86268868678081, 27.585319273141995], [93.86275433476347, 27.585373260847316], [93.86282572208245, 27.585421187881533], [93.86290213817043, 27.585462576535186], [93.86298282395093, 27.585497015182565], [93.86306697812675, 27.585524163058565], [93.863153763468, 27.585543748666094], [93.86324231759212, 27.585555579329963], [93.86333176104831, 27.58555953562342], [93.86342120450452, 27.585555579329963], [93.86350975862858, 27.585543748666094], [93.86359654396986, 27.585524163058565], [93.86368069814569, 27.585497015182565], [93.86376138392619, 27.585462576535186], [93.86383780001415, 27.585421187881533], [93.86390918733315, 27.585373260847316], [93.8639748353158, 27.585319273141995], [93.8640340917852, 27.585259759801254], [93.86408636924317, 27.585195312390972], [93.86413114666681, 27.585126572638238], [93.86416797939012, 27.58505422208111], [93.86419650090038, 27.584978980476656], [93.86421642912663, 27.584901596246734], [93.86422756464287, 27.584822837720253], [93.86422979695638, 27.584743487559862], [93.8642231045075, 27.584664334800053], [93.86420755377164, 27.584586166089004], [93.86418329836064, 27.584509757726437], [93.86415058081968, 27.584435870090115], [93.86410972454225, 27.584365236488843], [93.86406113736346, 27.58429855918104], [93.86400530078033, 27.58423650141238], [93.86394277085004, 27.58417967945355]], [[93.88167747378421, 27.584241788211425], [93.88158969490622, 27.58425751643705], [93.8815041186973, 27.584280912108778], [93.88142159586204, 27.584311744322502], [93.88134294746062, 27.584349705737246], [93.88126895412897, 27.584394418945127], [93.88120035068904, 27.58444544045271], [93.88113782075874, 27.584502262273848], [93.88108198417562, 27.58456431989212], [93.88103339699684, 27.584630997038335], [93.88099254071942, 27.584701630468455], [93.88095982317847, 27.584775517925713], [93.88093556776748, 27.584851926103134], [93.88092001703158, 27.58493009462475], [93.8809133245827, 27.585009247192747], [93.8809155568962, 27.585088597160837], [93.88092669241244, 27.58516735549645], [93.88094662063874, 27.585244739538858], [93.880975142149, 27.58531998096098], [93.88101197487227, 27.58539233134278], [93.88105675229592, 27.58546107092892], [93.8811090297539, 27.58552551818302], [93.8811682862233, 27.58558503137954], [93.88123393420592, 27.58563901895404], [93.88130532152492, 27.58568694587211], [93.88138173761288, 27.585728334425458], [93.88146242339339, 27.585762772989376], [93.88154657756921, 27.585789920799602], [93.88163336291049, 27.585809506359656], [93.88172191703457, 27.58582133699486], [93.8818113604908, 27.585825293278724], [93.881900803947, 27.58582133699486], [93.88198935807107, 27.585809506359656], [93.88207614341236, 27.585789920799602], [93.88216029758819, 27.585762772989376], [93.88224098336867, 27.585728334425458], [93.88231739945664, 27.58568694587211], [93.88238878677565, 27.58563901895404], [93.8824544347583, 27.58558503137954], [93.8825136912277, 27.58552551818302], [93.88256596868565, 27.58546107092892], [93.88261074610931, 27.58539233134278], [93.88264757883256, 27.58531998096098], [93.88267610034285, 27.585244739538858], [93.88269602856911, 27.58516735549645], [93.88270716408536, 27.585088597160837], [93.88270939639885, 27.585009247192747], [93.88270270394997, 27.58493009462475], [93.88268715321409, 27.584851926103134], [93.88266289780313, 27.584775517925713], [93.88263018026214, 27.584701630468455], [93.88258932398472, 27.584630997038335], [93.88254073680594, 27.58456431989212], [93.88248490022282, 27.584502262273848], [93.88242237029253, 27.58444544045271], [93.8823537668526, 27.584394418945127], [93.88227977352093, 27.584349705737246], [93.88220112511954, 27.584311744322502], [93.88211860228428, 27.584280912108778], [93.88203302607535, 27.58425751643705], [93.88194524719736, 27.584241788211425], [93.88185613791445, 27.584233885083762], [93.88176658306715, 27.584233885083762], [93.88167747378421, 27.584241788211425]], [[93.90543439255157, 27.585180602636882], [93.9053460926507, 27.58519007739076], [93.90525928395323, 27.585207245801936], [93.90517481536706, 27.585231939072926], [93.90509351603724, 27.585263914358492], [93.90501618276934, 27.58530285874689], [93.90494357374159, 27.585348390852467], [93.9048764013179, 27.585400063204776], [93.90481532306511, 27.585457370210765], [93.90476093815947, 27.585519749747693], [93.90471378020034, 27.585586590329182], [93.90467431092166, 27.585657236679122], [93.90464291749744, 27.585730996101507], [93.90461990804975, 27.585807145646566], [93.90460550715744, 27.585884938480582], [93.90459985675432, 27.585963611847916], [93.9046030125359, 27.58604239503325], [93.90461494216287, 27.586120515731054], [93.90463553065086, 27.58619720721133], [93.90466457498063, 27.586271718670034], [93.90470179038621, 27.586343319209686], [93.90474681215164, 27.5864113065974], [93.90479919830574, 27.586475014430196], [93.90485843680884, 27.586533818504087], [93.90492394555261, 27.586587142387202], [93.90499508313995, 27.58663446299239], [93.90507115247823, 27.586675316150465], [93.9051514061691, 27.5867093021829], [93.90523505908497, 27.58673608749395], [93.90532129016572, 27.586755409347305], [93.90540925499496, 27.58676707825464], [93.90549809029172, 27.58677098036373], [93.90550875149754, 27.58677092224215], [93.90558231992604, 27.586767470774486], [93.90565532241592, 27.58675868724668], [93.90572726669039, 27.586744632167623], [93.90579767035416, 27.586725398689047], [93.90587995154259, 27.58669546127176], [93.90595848855297, 27.586658458482102], [93.90603251242732, 27.58661475337441], [93.9061012964286, 27.586564774289716], [93.90616416771873, 27.586509011671353], [93.90622050825672, 27.586448011695893], [93.90626976737532, 27.58638237229266], [93.90631145998428, 27.586312737570694], [93.9063451800451, 27.586239789857324], [93.90637059518112, 27.586164244125214], [93.90638745566069, 27.586086840826912], [93.90639559799041, 27.586008338729204], [93.90639494222026, 27.58592950774787], [93.90638549284178, 27.585851120985545], [93.90636734507642, 27.585773946769965], [93.90634067409562, 27.58569874148799], [93.90630574400411, 27.58562624162377], [93.9062628952634, 27.585557159777252], [93.90621254918331, 27.585492171128767], [93.90615519804061, 27.585431914234782], [93.90609140597734, 27.585376979880806], [93.90602179642428, 27.585327905507718], [93.90594705299938, 27.58528517361878], [93.90586790782957, 27.585249201428823], [93.90578513705931, 27.585220343252427], [93.90569955276558, 27.585198880949154], [93.90561199307649, 27.58518502551579], [93.90552331678154, 27.58517891310508], [93.90543439255157, 27.585180602636882]], [[93.88240560413607, 27.586721737026718], [93.88239005340019, 27.586643569782144], [93.88236579798918, 27.58656716285305], [93.88233308044823, 27.58649327660296], [93.88229222417078, 27.58642264432682], [93.88224363699204, 27.586355968269903], [93.88218780040891, 27.58629391166553], [93.88212527047862, 27.586237090772695], [93.88205666703868, 27.586186070098645], [93.88198267370704, 27.586141357621248], [93.8819040253056, 27.586103396826687], [93.88182150247033, 27.586072565116698], [93.88173592626144, 27.586049169827195], [93.88164814738346, 27.586033441858547], [93.8815590381005, 27.586025538859964], [93.8814694832532, 27.586025538859964], [93.88138037397029, 27.586033441858547], [93.88129259509232, 27.586049169827195], [93.88120701888339, 27.586072565116698], [93.88112449604813, 27.586103396826687], [93.88104584764669, 27.586141357621248], [93.88097185431506, 27.586186070098645], [93.88090325087512, 27.586237090772695], [93.88084072094485, 27.58629391166553], [93.8807848843617, 27.586355968269903], [93.88073629718293, 27.58642264432682], [93.88069544090551, 27.58649327660296], [93.88066272336452, 27.58656716285305], [93.88063846795356, 27.586643569782144], [93.88062291721768, 27.586721737026718], [93.8806162247688, 27.586800888301525], [93.88061845708229, 27.58688023697321], [93.88062959259855, 27.58695899402211], [93.88064952082482, 27.58703637680021], [93.88067804233506, 27.587111616993095], [93.88071487505836, 27.587183966192814], [93.88075965248201, 27.587252704655924], [93.88081192993997, 27.587317150857082], [93.88087118640937, 27.587376663081297], [93.88093683439202, 27.5874306497737], [93.88100822171103, 27.587478575908776], [93.88108463779898, 27.58751996378593], [93.88116532357948, 27.587554401787155], [93.8812494777553, 27.587581549153825], [93.88133626309659, 27.587601134393925], [93.88142481722066, 27.587612964835827], [93.88151426067685, 27.587616921055076], [93.88160370413308, 27.587612964835827], [93.88169225825717, 27.587601134393925], [93.88177904359846, 27.587581549153825], [93.88186319777424, 27.587554401787155], [93.88194388355477, 27.58751996378593], [93.88202029964272, 27.587478575908776], [93.8820916869617, 27.5874306497737], [93.88215733494435, 27.587376663081297], [93.88221659141375, 27.587317150857082], [93.8822688688717, 27.587252704655924], [93.88231364629536, 27.587183966192814], [93.88235047901865, 27.587111616993095], [93.88237900052893, 27.58703637680021], [93.88239892875518, 27.58695899402211], [93.88241006427147, 27.58688023697321], [93.88241229658495, 27.586800888301525], [93.88240560413607, 27.586721737026718]], [[93.8979309347649, 27.580791294276764], [93.89800232208391, 27.58083922331331], [93.89807873817186, 27.5808806136961], [93.89815942395236, 27.58091505378228], [93.89824357812819, 27.58094220279248], [93.89833036346947, 27.580961789218268], [93.89841891759353, 27.580973620376408], [93.89850836104974, 27.580977576835153], [93.89859780450597, 27.580973620376408], [93.89868635863004, 27.580961789218268], [93.89877314397134, 27.58094220279248], [93.89885729814716, 27.58091505378228], [93.89893798392765, 27.5808806136961], [93.89901440001562, 27.58083922331331], [93.89908578733463, 27.580791294276764], [93.89915143531728, 27.58073730431597], [93.89921069178664, 27.580677788488863], [93.89926296924463, 27.58061333838608], [93.89930774666828, 27.58054459576152], [93.89934457939152, 27.58047224218177], [93.89937310090181, 27.580396997433844], [93.89939302912809, 27.580319609970978], [93.89940416464435, 27.580240848154162], [93.89940639695783, 27.58016149467872], [93.89939970450895, 27.580082338612126], [93.89938415377307, 27.580004166635398], [93.89935989836208, 27.579927755080696], [93.89932718082112, 27.57985386435757], [93.8992863245437, 27.579783227805432], [93.89923773736491, 27.57971654771206], [93.8991819007818, 27.57965448735087], [93.89911937085151, 27.579597663018173], [93.89905076741157, 27.579546639255437], [93.89897677407991, 27.57950192407122], [93.8988981256785, 27.579463960978597], [93.89881560284324, 27.57943312740209], [93.89873002663433, 27.579409730696288], [93.89864224775634, 27.579394001775473], [93.8985531384734, 27.579386098298492], [93.89846358362608, 27.579386098298492], [93.89837447434317, 27.579394001775473], [93.8982866954652, 27.579409730696288], [93.89820111925627, 27.57943312740209], [93.89811859642101, 27.579463960978597], [93.8980399480196, 27.57950192407122], [93.89796595468795, 27.579546639255437], [93.897897351248, 27.579597663018173], [93.89783482131772, 27.57965448735087], [93.8977789847346, 27.57971654771206], [93.89773039755582, 27.579783227805432], [93.8976895412784, 27.57985386435757], [93.89765682373745, 27.579927755080696], [93.89763256832646, 27.580004166635398], [93.89761701759056, 27.580082338612126], [93.8976103251417, 27.58016149467872], [93.89761255745518, 27.580240848154162], [93.89762369297144, 27.580319609970978], [93.8976436211977, 27.580396997433844], [93.89767214270798, 27.58047224218177], [93.89770897543124, 27.58054459576152], [93.8977537528549, 27.58061333838608], [93.89780603031285, 27.580677788488863], [93.89786528678225, 27.58073730431597], [93.8979309347649, 27.580791294276764]], [[93.89905008648857, 27.57592044122143], [93.89897609315695, 27.57596515786551], [93.89890748971702, 27.57601618329412], [93.89884495978673, 27.576073009482016], [93.8987891232036, 27.57613507186939], [93.89874053602482, 27.5762017541398], [93.8986996797474, 27.576272392998135], [93.89866696220642, 27.576346286133695], [93.89864270679546, 27.576422700183148], [93.89862715605956, 27.576500874712096], [93.89862046361068, 27.57658003336307], [93.89862269592419, 27.576659389429313], [93.89863383144043, 27.57673815381762], [93.89865375966671, 27.576815543807122], [93.89868228117695, 27.576890791011728], [93.89871911390026, 27.57696314695383], [93.8987638913239, 27.57703189182278], [93.89881616878186, 27.57709634402982], [93.89887542525126, 27.577155861800094], [93.89894107323391, 27.577209853523676], [93.89901246055291, 27.577257784125077], [93.89908887664087, 27.577299175859277], [93.89916956242138, 27.577333617069876], [93.8992537165972, 27.57736076696653], [93.89934050193848, 27.577380354031803], [93.89942905606254, 27.577392185576226], [93.89951849951875, 27.57739614216415], [93.89960794297498, 27.577392185576226], [93.89969649709906, 27.577380354031803], [93.89978328244035, 27.57736076696653], [93.89986743661613, 27.577333617069876], [93.89994812239665, 27.577299175859277], [93.90002453848462, 27.577257784125077], [93.9000959258036, 27.577209853523676], [93.90016157378625, 27.577155861800094], [93.90022083025565, 27.57709634402982], [93.9002731077136, 27.57703189182278], [93.90031788513726, 27.57696314695383], [93.90035471786054, 27.576890791011728], [93.90038323937083, 27.576815543807122], [93.9004031675971, 27.57673815381762], [93.90041430311335, 27.576659389429313], [93.90041653542684, 27.57658003336307], [93.90040984297796, 27.576500874712096], [93.90039429224208, 27.576422700183148], [93.90037003683108, 27.576346286133695], [93.90033731929013, 27.576272392998135], [93.90029646301271, 27.5762017541398], [93.90024787583393, 27.57613507186939], [93.90019203925081, 27.576073009482016], [93.90012950932051, 27.57601618329412], [93.90006090588058, 27.57596515786551], [93.89998691254893, 27.57592044122143], [93.89990826414748, 27.57588247688936], [93.89982574131223, 27.575851642306233], [93.89974016510332, 27.575828244836575], [93.89965238622534, 27.575812515402237], [93.89956327694242, 27.575804611667177], [93.8994737220951, 27.575804611667177], [93.89938461281218, 27.575812515402237], [93.89929683393422, 27.575828244836575], [93.89921125772527, 27.575851642306233], [93.89912873489001, 27.57588247688936], [93.89905008648857, 27.57592044122143]], [[93.8989944286702, 27.574884217589318], [93.8990536851396, 27.574943736559703], [93.89911933312226, 27.574997729371976], [93.89919072044127, 27.57504566093985], [93.89926713652923, 27.57508705350866], [93.89934782230972, 27.575121495413764], [93.89943197648554, 27.57514864585785], [93.89951876182684, 27.575168233318077], [93.8996073159509, 27.57518006510107], [93.89969675940712, 27.575184021768777], [93.89978620286331, 27.57518006510107], [93.89987475698742, 27.575168233318077], [93.89996154232867, 27.57514864585785], [93.90004569650449, 27.575121495413764], [93.900126382285, 27.57508705350866], [93.90020279837294, 27.57504566093985], [93.90027418569196, 27.574997729371976], [93.90033983367461, 27.574943736559703], [93.900399090144, 27.574884217589318], [93.90045136760196, 27.574819764082676], [93.90049614502561, 27.574751017827566], [93.90053297774891, 27.57467866042652], [93.90056149925918, 27.574603411704672], [93.90058142748542, 27.574526020154703], [93.90059256300171, 27.574447254178203], [93.90059479531516, 27.57436789651186], [93.90058810286632, 27.57428873626477], [93.90057255213043, 27.57421056015954], [93.90054829671945, 27.57413414456934], [93.90051557917849, 27.574060249943837], [93.90047472290104, 27.5739896096612], [93.90042613572224, 27.573922926046293], [93.90037029913917, 27.573860862407514], [93.90030776920885, 27.573804035073827], [93.90023916576894, 27.57375300861641], [93.90016517243728, 27.573708291070695], [93.90008652403584, 27.573670325973165], [93.90000400120059, 27.57363949076828], [93.89991842499168, 27.573616092826853], [93.89983064611368, 27.573600363075368], [93.89974153683076, 27.57359245918096], [93.89965198198345, 27.57359245918096], [93.89956287270054, 27.573600363075368], [93.89947509382253, 27.573616092826853], [93.89938951761363, 27.57363949076828], [93.89930699477837, 27.573670325973165], [93.89922834637693, 27.573708291070695], [93.8991543530453, 27.57375300861641], [93.89908574960538, 27.573804035073827], [93.89902321967509, 27.573860862407514], [93.89896738309197, 27.573922926046293], [93.89891879591319, 27.5739896096612], [93.89887793963574, 27.574060249943837], [93.89884522209478, 27.57413414456934], [93.89882096668379, 27.57421056015954], [93.89880541594789, 27.57428873626477], [93.89879872349906, 27.57436789651186], [93.89880095581255, 27.574447254178203], [93.8988120913288, 27.574526020154703], [93.89883201955504, 27.574603411704672], [93.89886054106532, 27.57467866042652], [93.89889737378861, 27.574751017827566], [93.89894215121225, 27.574819764082676], [93.8989944286702, 27.574884217589318]], [[93.86290077542614, 27.522076198840157], [93.86281299654816, 27.52209193597193], [93.86272742033924, 27.522115344891535], [93.86264489750397, 27.5221461945641], [93.86256624910253, 27.52218417747466], [93.8624922557709, 27.52222891600163], [93.86242365233097, 27.522279966400443], [93.86236112240069, 27.522336820397342], [93.86230528581756, 27.52239891315624], [93.86225669863879, 27.522465628059024], [93.86221584236132, 27.52253630148607], [93.86218312482038, 27.522610230783002], [93.86215886940937, 27.52268668222757], [93.86214331867353, 27.522764895013285], [93.86213662622465, 27.522844092402725], [93.86213885853813, 27.522923487304155], [93.86214999405439, 27.523002290238228], [93.86216992228063, 27.523079718100945], [93.86219844379092, 27.523155002130206], [93.8622352765142, 27.523227393482134], [93.86228005393785, 27.523296171993795], [93.8623323313958, 27.52336065574288], [93.8623915878652, 27.52342020264037], [93.86245723584786, 27.523474220786856], [93.86252862316687, 27.523522174844977], [93.86260503925482, 27.523563586835845], [93.86268572503532, 27.523598044901668], [93.86276987921114, 27.523625208085207], [93.86285666455242, 27.52364480473621], [93.86294521867651, 27.523656642070897], [93.8630346621327, 27.523660600595143], [93.86312410558891, 27.523656642070897], [93.86321265971301, 27.52364480473621], [93.86329944505425, 27.523625208085207], [93.86338359923008, 27.523598044901668], [93.86346428501062, 27.523563586835845], [93.86354070109857, 27.523522174844977], [93.86361208841754, 27.523474220786856], [93.86367773640019, 27.52342020264037], [93.86373699286959, 27.52336065574288], [93.86378927032754, 27.523296171993795], [93.8638340477512, 27.523227393482134], [93.86387088047451, 27.523155002130206], [93.86389940198477, 27.523079718100945], [93.86391933021102, 27.523002290238228], [93.86393046572731, 27.522923487304155], [93.86393269804077, 27.522844092402725], [93.8639260055919, 27.522764895013285], [93.86391045485603, 27.52268668222757], [93.86388619944503, 27.522610230783002], [93.86385348190407, 27.52253630148607], [93.86381262562662, 27.522465628059024], [93.86376403844788, 27.52239891315624], [93.86370820186475, 27.522336820397342], [93.86364567193446, 27.522279966400443], [93.86357706849454, 27.52222891600163], [93.86350307516288, 27.52218417747466], [93.86342442676144, 27.5221461945641], [93.86334190392617, 27.522115344891535], [93.86325632771728, 27.52209193597193], [93.86316854883927, 27.522076198840157], [93.86307943955636, 27.522068291237314], [93.86298988470905, 27.522068291237314], [93.86290077542614, 27.522076198840157]], [[93.89428404151101, 27.52209676051689], [93.89424318523359, 27.522167434181018], [93.89421046769263, 27.522241363725943], [93.89418621228164, 27.522317815426977], [93.89417066154576, 27.522396028475075], [93.89416396909688, 27.522475226130194], [93.89416620141036, 27.522554621297964], [93.89417733692662, 27.52263342449634], [93.8941972651529, 27.522710852618808], [93.89422578666318, 27.522786136900656], [93.89426261938642, 27.522858528495426], [93.89430739681008, 27.52292730723782], [93.89435967426807, 27.522991791203204], [93.89441893073747, 27.52305133830047], [93.89448457872008, 27.52310535662817], [93.89455596603909, 27.523153310847164], [93.89463238212706, 27.52319472297695], [93.89471306790755, 27.523229181158353], [93.89479722208337, 27.523256344433033], [93.89488400742466, 27.523275941149798], [93.89497256154874, 27.52328777852418], [93.89506200500497, 27.523291737061708], [93.89515144846118, 27.52328777852418], [93.89524000258524, 27.523275941149798], [93.89532678792652, 27.523256344433033], [93.89541094210234, 27.523229181158353], [93.89549162788285, 27.52319472297695], [93.8955680439708, 27.523153310847164], [93.89563943128981, 27.52310535662817], [93.89570507927246, 27.52305133830047], [93.89576433574186, 27.522991791203204], [93.89581661319981, 27.52292730723782], [93.89586139062347, 27.522858528495426], [93.89589822334673, 27.522786136900656], [93.89592674485701, 27.522710852618808], [93.89594667308327, 27.52263342449634], [93.89595780859953, 27.522554621297964], [93.89596004091301, 27.522475226130194], [93.89595334846415, 27.522396028475075], [93.89593779772825, 27.522317815426977], [93.8959135423173, 27.522241363725943], [93.89588082477631, 27.522167434181018], [93.89583996849889, 27.52209676051689], [93.89579138132011, 27.522030045390274], [93.895735544737, 27.521967952423115], [93.8956730148067, 27.521911098235496], [93.89560441136676, 27.521860047665403], [93.89553041803514, 27.521815308988376], [93.8954517696337, 27.521777325950378], [93.89536924679844, 27.521746476174354], [93.8952836705895, 27.52172306717623], [93.89519589171154, 27.521707329991656], [93.89510678242863, 27.52169942236226], [93.8950172275813, 27.52169942236226], [93.89492811829837, 27.521707329991656], [93.89484033942038, 27.52172306717623], [93.8947547632115, 27.521746476174354], [93.89467224037624, 27.521777325950378], [93.8945935919748, 27.521815308988376], [93.89451959864314, 27.521860047665403], [93.8944509952032, 27.521911098235496], [93.89438846527291, 27.521967952423115], [93.89433262868978, 27.522030045390274], [93.89428404151101, 27.52209676051689]], [[93.86288642573777, 27.5218650044656], [93.86297497986187, 27.521853166938044], [93.86306176520313, 27.52183356996773], [93.86314591937895, 27.521806406341568], [93.86322660515945, 27.521771947714317], [93.86330302124743, 27.52173053504866], [93.86337440856641, 27.52168258020919], [93.86344005654907, 27.52162856118253], [93.86349931301847, 27.52156901331477], [93.86355159047642, 27.52150452851502], [93.86359636790007, 27.5214357488827], [93.86363320062335, 27.52136335635124], [93.86366172213364, 27.52128807109529], [93.86368165035988, 27.521210641971013], [93.86369278587618, 27.52113183775296], [93.86369501818962, 27.5210524415579], [93.86368832574078, 27.520973242878043], [93.8636727750049, 27.52089502881797], [93.8636485195939, 27.52081857612773], [93.86361580205295, 27.520744645626248], [93.86357494577548, 27.52067397104769], [93.86352635859672, 27.520607255057865], [93.86347052201363, 27.5205451612873], [93.86340799208334, 27.52048830636407], [93.8633393886434, 27.520437255133427], [93.86326539531174, 27.520392515877564], [93.8631867469103, 27.520354532348104], [93.86310422407504, 27.520323682172922], [93.86301864786616, 27.520300272871932], [93.86293086898813, 27.52028453548373], [93.86284175970523, 27.520276627752033], [93.86275220485791, 27.520276627752033], [93.862663095575, 27.52028453548373], [93.86257531669699, 27.520300272871932], [93.8624897404881, 27.520323682172922], [93.86240721765284, 27.520354532348104], [93.86232856925139, 27.520392515877564], [93.86225457591978, 27.520437255133427], [93.86218597247984, 27.52048830636407], [93.86212344254955, 27.5205451612873], [93.86206760596642, 27.520607255057865], [93.86201901878765, 27.52067397104769], [93.8619781625102, 27.520744645626248], [93.86194544496924, 27.52081857612773], [93.86192118955825, 27.52089502881797], [93.86190563882238, 27.520973242878043], [93.86189894637351, 27.5210524415579], [93.861901178687, 27.52113183775296], [93.86191231420327, 27.521210641971013], [93.8619322424295, 27.52128807109529], [93.86196076393978, 27.52136335635124], [93.86199759666307, 27.5214357488827], [93.86204237408673, 27.52150452851502], [93.86209465154468, 27.52156901331477], [93.86215390801408, 27.52162856118253], [93.86221955599673, 27.52168258020919], [93.86229094331573, 27.52173053504866], [93.86236735940369, 27.521771947714317], [93.8624480451842, 27.521806406341568], [93.86253219936002, 27.52183356996773], [93.8626189847013, 27.521853166938044], [93.86270753882536, 27.5218650044656], [93.86279698228157, 27.52186896305435], [93.86288642573777, 27.5218650044656]], [[93.89446330122428, 27.520288698873163], [93.89447443674055, 27.520367503695418], [93.8944943649668, 27.520444933413405], [93.89452288647708, 27.52052021924659], [93.89455971920037, 27.520592612333065], [93.89460449662401, 27.520661392492773], [93.89465677408197, 27.520725877786944], [93.89471603055136, 27.52078542611128], [93.89478167853402, 27.520839445552102], [93.89485306585304, 27.520887400759293], [93.894929481941, 27.520928813742458], [93.89501016772148, 27.520963272633924], [93.89509432189732, 27.52099043646832], [93.89518110723857, 27.5210100335889], [93.89526966136268, 27.521021871207257], [93.89535910481888, 27.521025829826346], [93.89544854827507, 27.521021871207257], [93.89553710239915, 27.5210100335889], [93.89562388774044, 27.52099043646832], [93.89570804191627, 27.520963272633924], [93.89578872769675, 27.520928813742458], [93.8958651437847, 27.520887400759293], [93.89593653110373, 27.520839445552102], [93.89600217908637, 27.52078542611128], [93.89606143555578, 27.520725877786944], [93.89611371301373, 27.520661392492773], [93.89615849043739, 27.520592612333065], [93.89619532316067, 27.52052021924659], [93.89622384467094, 27.520444933413405], [93.8962437728972, 27.520367503695418], [93.89625490841344, 27.520288698873163], [93.89625714072693, 27.520209302069357], [93.8962504482781, 27.520130102782293], [93.8962348975422, 27.52005188812252], [93.89621064213121, 27.519975434846106], [93.89617792459026, 27.519901503777785], [93.8961370683128, 27.519830828657373], [93.89608848113402, 27.51976411215604], [93.8960326445509, 27.519702017909395], [93.89597011462061, 27.519645162550212], [93.89590151118067, 27.51959411092821], [93.89582751784906, 27.51954937132928], [93.8957488694476, 27.519511387508647], [93.89566634661234, 27.519480537096896], [93.89558077040344, 27.51945712761642], [93.89549299152544, 27.519441390107573], [93.89540388224252, 27.519433482315268], [93.89531432739523, 27.519433482315268], [93.89522521811232, 27.519441390107573], [93.8951374392343, 27.51945712761642], [93.8950518630254, 27.519480537096896], [93.89496934019014, 27.519511387508647], [93.89489069178869, 27.51954937132928], [93.89481669845703, 27.51959411092821], [93.89474809501715, 27.519645162550212], [93.89468556508682, 27.519702017909395], [93.89462972850373, 27.51976411215604], [93.89458114132495, 27.519830828657373], [93.8945402850475, 27.519901503777785], [93.89450756750655, 27.519975434846106], [93.89448331209555, 27.52005188812252], [93.89446776135965, 27.520130102782293], [93.89446106891081, 27.520209302069357], [93.89446330122428, 27.520288698873163]], [[93.88926887484055, 27.51986255212285], [93.88935742896463, 27.51985071437973], [93.88944421430591, 27.51983111705254], [93.88952836848173, 27.519803952931778], [93.88960905426224, 27.519769493677003], [93.8896854703502, 27.519728080257238], [93.8897568576692, 27.51968012454453], [93.88982250565185, 27.519626104534225], [93.88988176212125, 27.51956655558211], [93.8899340395792, 27.519502069608112], [93.88997881700286, 27.519433288723313], [93.89001564972615, 27.519360894873657], [93.89004417123638, 27.5192856082468], [93.89006409946268, 27.519208177712542], [93.89007523497892, 27.519129372059513], [93.89007746729241, 27.5190499744187], [93.89007077484354, 27.51897077429669], [93.89005522410764, 27.51889255881239], [93.89003096869668, 27.51881610473001], [93.8899982511557, 27.518742172882313], [93.88995739487828, 27.518671497016825], [93.8899088076995, 27.518604779812208], [93.88985297111638, 27.518542684910955], [93.88979044118608, 27.518485828952414], [93.88972183774615, 27.518434776792233], [93.88964784441454, 27.518390036721666], [93.88956919601308, 27.518352052500617], [93.88948667317783, 27.518321201763648], [93.8894010969689, 27.518297792036385], [93.88931331809091, 27.518282054361638], [93.889224208808, 27.51827414648598], [93.8891346539607, 27.51827414648598], [93.88904554467776, 27.518282054361638], [93.88895776579977, 27.518297792036385], [93.88887218959088, 27.518321201763648], [93.88878966675563, 27.518352052500617], [93.88871101835419, 27.518390036721666], [93.88863702502252, 27.518434776792233], [93.88856842158259, 27.518485828952414], [93.8885058916523, 27.518542684910955], [93.88845005506919, 27.518604779812208], [93.88840146789043, 27.518671497016825], [93.88836061161298, 27.518742172882313], [93.88832789407202, 27.51881610473001], [93.88830363866103, 27.51889255881239], [93.88828808792515, 27.51897077429669], [93.88828139547627, 27.5190499744187], [93.88828362778976, 27.519129372059513], [93.88829476330604, 27.519208177712542], [93.88831469153227, 27.5192856082468], [93.88834321304256, 27.519360894873657], [93.88838004576584, 27.519433288723313], [93.8884248231895, 27.519502069608112], [93.88847710064745, 27.51956655558211], [93.88853635711686, 27.519626104534225], [93.88860200509951, 27.51968012454453], [93.88867339241848, 27.519728080257238], [93.88874980850645, 27.519769493677003], [93.88883049428698, 27.519803952931778], [93.88891464846276, 27.51983111705254], [93.88900143380405, 27.51985071437973], [93.88908998792812, 27.51986255212285], [93.88917943138435, 27.519866510783668], [93.88926887484055, 27.51986255212285]], [[93.86401230674127, 27.51980216599652], [93.86404913946453, 27.519729772389667], [93.8640776609748, 27.51965448601537], [93.86409758920108, 27.51957705574082], [93.86410872471733, 27.51949825035214], [93.86411095703082, 27.519418852977637], [93.86410426458194, 27.519339653121293], [93.86408871384606, 27.51926143789934], [93.86406445843507, 27.519184984073398], [93.8640317408941, 27.519111052473683], [93.86399088461668, 27.51904037684526], [93.8639422974379, 27.518973659864415], [93.86388646085479, 27.518911565171425], [93.8638239309245, 27.518854709403616], [93.86375532748457, 27.518803657414665], [93.8636813341529, 27.518758917494168], [93.86360268575146, 27.51872093340052], [93.8635201629162, 27.51869008276703], [93.86343458670731, 27.51866667311829], [93.86334680782933, 27.51865093549633], [93.86325769854639, 27.51864302764716], [93.86316814369908, 27.51864302764716], [93.86307903441617, 27.51865093549633], [93.86299125553819, 27.51866667311829], [93.86290567932926, 27.51869008276703], [93.86282315649399, 27.51872093340052], [93.86274450809255, 27.518758917494168], [93.86267051476092, 27.518803657414665], [93.86260191132101, 27.518854709403616], [93.8625393813907, 27.518911565171425], [93.86248354480759, 27.518973659864415], [93.8624349576288, 27.51904037684526], [93.86239410135138, 27.519111052473683], [93.86236138381041, 27.519184984073398], [93.86233712839945, 27.51926143789934], [93.86232157766355, 27.519339653121293], [93.86231488521467, 27.519418852977637], [93.86231711752816, 27.51949825035214], [93.86232825304441, 27.51957705574082], [93.8623481812707, 27.51965448601537], [93.86237670278096, 27.519729772389667], [93.86241353550423, 27.51980216599652], [93.86245831292788, 27.519870946650588], [93.86251059038584, 27.519935432408268], [93.86256984685524, 27.519994981160643], [93.86263549483789, 27.520049000989772], [93.86270688215689, 27.520096956541632], [93.86278329824485, 27.520138369822487], [93.86286398402535, 27.520172828961666], [93.86294813820118, 27.520199992991323], [93.86303492354246, 27.520219590252765], [93.86312347766653, 27.52023142795618], [93.86321292112274, 27.52023538660373], [93.86330236457896, 27.52023142795618], [93.86339091870303, 27.520219590252765], [93.86347770404433, 27.520199992991323], [93.86356185822015, 27.520172828961666], [93.86364254400064, 27.520138369822487], [93.8637189600886, 27.520096956541632], [93.86379034740762, 27.520049000989772], [93.86385599539022, 27.519994981160643], [93.86391525185962, 27.519935432408268], [93.86396752931762, 27.519870946650588], [93.86401230674127, 27.51980216599652]], [[93.85612690236377, 27.516595725643654], [93.8560391234858, 27.516611463559677], [93.85595354727687, 27.51663487364587], [93.8558710244416, 27.51666572485585], [93.85579237604016, 27.516703709659325], [93.85571838270855, 27.51674845041589], [93.8556497792686, 27.51679950335888], [93.8555872493383, 27.516856360189156], [93.85553141275518, 27.516918456042504], [93.85548282557642, 27.516985174270125], [93.855441969299, 27.517055851219293], [93.855409251758, 27.517129784200566], [93.85538499634704, 27.517206239455223], [93.85536944561115, 27.517284456138846], [93.85536275316228, 27.517363657475205], [93.85536498547577, 27.51744305633346], [93.85537612099202, 27.51752186319483], [93.8553960492183, 27.517599294916362], [93.85542457072857, 27.517674582697612], [93.85546140345183, 27.517746977657318], [93.8555061808755, 27.517815759596765], [93.85555845833343, 27.517880246559546], [93.85561771480285, 27.51793979642476], [93.8556833627855, 27.517993817263367], [93.8557547501045, 27.51804177371146], [93.85583116619246, 27.51808318776623], [93.85591185197296, 27.518117647549357], [93.85599600614877, 27.518144812086646], [93.85608279149007, 27.518164409714355], [93.85617134561413, 27.518176247638987], [93.85626078907033, 27.518180206360515], [93.85635023252657, 27.518176247638987], [93.85643878665064, 27.518164409714355], [93.85652557199194, 27.518144812086646], [93.85660972616776, 27.518117647549357], [93.85669041194825, 27.51808318776623], [93.8567668280362, 27.51804177371146], [93.85683821535521, 27.517993817263367], [93.85690386333783, 27.51793979642476], [93.85696311980723, 27.517880246559546], [93.85701539726523, 27.517815759596765], [93.85706017468888, 27.517746977657318], [93.85709700741212, 27.517674582697612], [93.85712552892241, 27.517599294916362], [93.85714545714869, 27.51752186319483], [93.85715659266494, 27.51744305633346], [93.85715882497843, 27.517363657475205], [93.85715213252955, 27.517284456138846], [93.85713658179367, 27.517206239455223], [93.85711232638266, 27.517129784200566], [93.85707960884172, 27.517055851219293], [93.85703875256429, 27.516985174270125], [93.85699016538551, 27.516918456042504], [93.8569343288024, 27.516856360189156], [93.8568717988721, 27.51679950335888], [93.85680319543216, 27.51674845041589], [93.85672920210051, 27.516703709659325], [93.8566505536991, 27.51666572485585], [93.85656803086384, 27.51663487364587], [93.85648245465492, 27.516611463559677], [93.85639467577694, 27.516595725643654], [93.85630556649399, 27.516587817646702], [93.85621601164668, 27.516587817646702], [93.85612690236377, 27.516595725643654]], [[93.87574602282899, 27.516599888376025], [93.87575715834527, 27.51667869584155], [93.8757770865715, 27.516756128156686], [93.87580560808179, 27.516831416515128], [93.87584244080507, 27.51690381202983], [93.87588721822873, 27.51697259449659], [93.87593949568668, 27.517037081953767], [93.8759987521561, 27.517096632275504], [93.87606440013873, 27.517150653528272], [93.87613578745771, 27.51719861034401], [93.87621220354568, 27.517240024716262], [93.8762928893262, 27.517274484763583], [93.876377043502, 27.517301649509132], [93.87646382884328, 27.517321247287054], [93.87655238296735, 27.51733308530247], [93.87664182642358, 27.517337044054354], [93.87673126987978, 27.51733308530247], [93.87681982400386, 27.517321247287054], [93.87690660934514, 27.517301649509132], [93.87699076352096, 27.517274484763583], [93.87707144930145, 27.517240024716262], [93.87714786538942, 27.51719861034401], [93.87721925270843, 27.517150653528272], [93.87728490069108, 27.517096632275504], [93.8773441571605, 27.517037081953767], [93.87739643461845, 27.51697259449659], [93.87744121204209, 27.51690381202983], [93.87747804476538, 27.516831416515128], [93.87750656627563, 27.516756128156686], [93.87752649450191, 27.51667869584155], [93.87753763001815, 27.516599888376025], [93.87753986233164, 27.516520488909077], [93.87753316988277, 27.516441286965538], [93.87751761914687, 27.51636306968229], [93.87749336373591, 27.51628661384151], [93.87746064619493, 27.51621268029342], [93.87741978991751, 27.516142002802468], [93.87737120273873, 27.516075284063362], [93.87731536615561, 27.516013187733986], [93.87725283622531, 27.515956330467805], [93.87718423278538, 27.51590527713347], [93.87711023945377, 27.515860536033927], [93.87703159105232, 27.515822550939255], [93.87694906821706, 27.515791699492752], [93.87686349200813, 27.5157682892271], [93.87677571313014, 27.515752551190396], [93.87668660384723, 27.51574464313286], [93.87659704899994, 27.51574464313286], [93.87650793971699, 27.515752551190396], [93.87642016083902, 27.5157682892271], [93.87633458463011, 27.515791699492752], [93.87625206179486, 27.515822550939255], [93.8761734133934, 27.515860536033927], [93.87609942006175, 27.51590527713347], [93.87603081662182, 27.515956330467805], [93.87596828669153, 27.516013187733986], [93.8759124501084, 27.516075284063362], [93.87586386292966, 27.516142002802468], [93.8758230066522, 27.51621268029342], [93.87579028911125, 27.51628661384151], [93.87576603370026, 27.51636306968229], [93.87575048296436, 27.516441286965538], [93.87574379051549, 27.516520488909077], [93.87574602282899, 27.516599888376025]], [[93.90372097831798, 27.515759093701433], [93.90367239113921, 27.51582581263233], [93.90363153486179, 27.515896490326472], [93.90359881732084, 27.515970424087108], [93.90357456190983, 27.516046880147677], [93.90355901117395, 27.516125097655777], [93.90355231872508, 27.516204299827017], [93.90355455103855, 27.516283699522205], [93.90356568655481, 27.516362507214286], [93.9035856147811, 27.516439939752026], [93.90361413629137, 27.51651522832691], [93.90365096901462, 27.51658762404975], [93.90369574643827, 27.516656406714233], [93.90374802389627, 27.516720894356787], [93.90380728036567, 27.516780444849726], [93.90387292834828, 27.516834466257794], [93.9039443156673, 27.516882423211403], [93.90402073175525, 27.516923837702723], [93.90410141753574, 27.51695829784911], [93.90418557171157, 27.516985462672764], [93.90427235705285, 27.51700506050702], [93.90436091117694, 27.517016898556466], [93.90445035463317, 27.517020857319725], [93.90453979808936, 27.517016898556466], [93.90462835221344, 27.51700506050702], [93.90471513755472, 27.516985462672764], [93.90479929173054, 27.51695829784911], [93.90487997751104, 27.516923837702723], [93.904956393599, 27.516882423211403], [93.905027780918, 27.516834466257794], [93.90509342890066, 27.516780444849726], [93.90515268537006, 27.516720894356787], [93.90520496282801, 27.516656406714233], [93.90524974025166, 27.51658762404975], [93.90528657297493, 27.51651522832691], [93.9053150944852, 27.516439939752026], [93.90533502271147, 27.516362507214286], [93.90534615822773, 27.516283699522205], [93.90534839054122, 27.516204299827017], [93.90534169809234, 27.516125097655777], [93.90532614735646, 27.516046880147677], [93.9053018919455, 27.515970424087108], [93.90526917440451, 27.515896490326472], [93.90522831812709, 27.51582581263233], [93.90517973094832, 27.515759093701433], [93.90512389436518, 27.515696997193555], [93.9050613644349, 27.51564013976392], [93.90499276099496, 27.515589086282805], [93.90491876766333, 27.515544345054657], [93.90484011926189, 27.51550635985079], [93.90475759642663, 27.515475508315614], [93.9046720202177, 27.515452097982646], [93.90458424133973, 27.515436359900715], [93.90449513205682, 27.51542845182043], [93.9044055772095, 27.51542845182043], [93.90431646792656, 27.515436359900715], [93.90422868904858, 27.515452097982646], [93.90414311283966, 27.515475508315614], [93.9040605900044, 27.51550635985079], [93.90398194160298, 27.515544345054657], [93.90390794827134, 27.515589086282805], [93.9038393448314, 27.51564013976392], [93.90377681490111, 27.515696997193555], [93.90372097831798, 27.515759093701433]], [[93.90355355121366, 27.513823249531228], [93.9035126949362, 27.51389392851217], [93.90347997739525, 27.513967863618856], [93.90345572198426, 27.514044321071403], [93.90344017124836, 27.514122540003537], [93.90343347879953, 27.51420174361679], [93.90343571111302, 27.51428114475755], [93.90344684662927, 27.514359953884444], [93.90346677485552, 27.514437387831972], [93.90349529636579, 27.51451267777756], [93.90353212908907, 27.51458507481851], [93.90357690651273, 27.514653858735308], [93.90362918397068, 27.514718347551966], [93.90368844044008, 27.514777899129122], [93.90375408842273, 27.514831921520745], [93.90382547574174, 27.514879879347465], [93.9039018918297, 27.51492129459282], [93.9039825776102, 27.514955755366643], [93.90406673178602, 27.51498292068487], [93.90415351712731, 27.515002518875946], [93.90424207125139, 27.515014357140906], [93.90433151470758, 27.51501831597625], [93.90442095816378, 27.515014357140906], [93.90450951228789, 27.515002518875946], [93.90459629762914, 27.51498292068487], [93.90468045180496, 27.514955755366643], [93.90476113758545, 27.51492129459282], [93.90483755367342, 27.514879879347465], [93.90490894099243, 27.514831921520745], [93.90497458897508, 27.514777899129122], [93.90503384544448, 27.514718347551966], [93.90508612290243, 27.514653858735308], [93.90513090032609, 27.51458507481851], [93.90516773304938, 27.51451267777756], [93.90519625455964, 27.514437387831972], [93.90521618278589, 27.514359953884444], [93.90522731830218, 27.51428114475755], [93.90522955061564, 27.51420174361679], [93.9052228581668, 27.514122540003537], [93.9052073074309, 27.514044321071403], [93.90518305201991, 27.513967863618856], [93.90515033447896, 27.51389392851217], [93.90510947820151, 27.513823249531228], [93.90506089102273, 27.513756529385667], [93.90500505443964, 27.51369443174725], [93.90494252450931, 27.51363757328246], [93.90487392106941, 27.513586518871875], [93.90479992773776, 27.513541776829157], [93.90472127933631, 27.513503790933736], [93.90463875650106, 27.513472938836877], [93.90455318029215, 27.5134495280777], [93.90446540141414, 27.51343378970924], [93.90437629213123, 27.51342588148499], [93.90428673728394, 27.51342588148499], [93.90419762800101, 27.51343378970924], [93.904109849123, 27.5134495280777], [93.90402427291411, 27.513472938836877], [93.90394175007884, 27.513503790933736], [93.9038631016774, 27.513541776829157], [93.90378910834578, 27.513586518871875], [93.90372050490585, 27.51363757328246], [93.90365797497556, 27.51369443174725], [93.90360213839244, 27.513756529385667], [93.90355355121366, 27.513823249531228]], [[93.89556738820066, 27.513802275202494], [93.89565594232474, 27.51379043680708], [93.89574272766602, 27.513770838400056], [93.89582688184184, 27.513743672782436], [93.89590756762233, 27.513709211628907], [93.8959839837103, 27.513667795927194], [93.89605537102929, 27.51361983757202], [93.89612101901191, 27.513565814585082], [93.89618027548131, 27.513506262351704], [93.89623255293931, 27.513441772824432], [93.89627733036296, 27.513372988149722], [93.89631416308622, 27.513300590311026], [93.89634268459649, 27.51322529953577], [93.89636261282277, 27.513147864735004], [93.89637374833903, 27.513069054739727], [93.89637598065251, 27.512989652724034], [93.89636928820364, 27.51291044823804], [93.89635373746775, 27.512832228444022], [93.89632948205674, 27.512755770148985], [93.8962967645158, 27.51268183422762], [93.89625590823837, 27.512611154467873], [93.8962073210596, 27.512544433587095], [93.89615148447649, 27.51248233526443], [93.89608895454619, 27.51242547617317], [93.89602035110624, 27.512374421199983], [93.8959463577746, 27.512329678664255], [93.89586770937318, 27.5122916923503], [93.89578518653792, 27.5122608399135], [93.895699610329, 27.512237428896384], [93.89561183145102, 27.51222169035449], [93.89552272216807, 27.512213782043084], [93.89543316732077, 27.512213782043084], [93.89534405803785, 27.51222169035449], [93.89525627915988, 27.512237428896384], [93.89517070295095, 27.5122608399135], [93.89508818011569, 27.5122916923503], [93.89500953171425, 27.512329678664255], [93.89493553838263, 27.512374421199983], [93.89486693494268, 27.51242547617317], [93.89480440501241, 27.51248233526443], [93.89474856842928, 27.512544433587095], [93.8946999812505, 27.512611154467873], [93.89465912497307, 27.51268183422762], [93.89462640743209, 27.512755770148985], [93.89460215202112, 27.512832228444022], [93.89458660128524, 27.51291044823804], [93.89457990883636, 27.512989652724034], [93.89458214114985, 27.513069054739727], [93.89459327666611, 27.513147864735004], [93.89461320489238, 27.51322529953577], [93.89464172640267, 27.513300590311026], [93.89467855912592, 27.513372988149722], [93.89472333654957, 27.513441772824432], [93.89477561400753, 27.513506262351704], [93.89483487047693, 27.513565814585082], [93.89490051845958, 27.51361983757202], [93.89497190577859, 27.513667795927194], [93.89504832186654, 27.513709211628907], [93.89512900764704, 27.513743672782436], [93.89521316182287, 27.513770838400056], [93.89529994716416, 27.51379043680708], [93.89538850128822, 27.513802275202494], [93.89547794474441, 27.51380623408145], [93.89556738820066, 27.513802275202494]], [[93.89915764087925, 27.512246589660467], [93.8991944736025, 27.512318988192842], [93.89923925102616, 27.512387773526616], [93.89929152848411, 27.512452263671808], [93.89935078495351, 27.512511816475776], [93.89941643293616, 27.512565839980315], [93.89948782025519, 27.512613798795044], [93.89956423634314, 27.512655214893588], [93.89964492212363, 27.51268967637731], [93.89972907629945, 27.512716842255198], [93.89981586164073, 27.512736440850027], [93.89990441576482, 27.512748279358863], [93.89999385922101, 27.512752238275755], [93.90008330267725, 27.512748279358863], [93.90017185680132, 27.512736440850027], [93.9002586421426, 27.512716842255198], [93.90034279631843, 27.51268967637731], [93.90042348209893, 27.512655214893588], [93.90049989818688, 27.512613798795044], [93.90057128550586, 27.512565839980315], [93.90063693348851, 27.512511816475776], [93.90069618995791, 27.512452263671808], [93.9007484674159, 27.512387773526616], [93.90079324483955, 27.512318988192842], [93.90083007756282, 27.512246589660467], [93.90085859907309, 27.512171298163825], [93.90087852729935, 27.51209386262111], [93.90088966281562, 27.512015051870723], [93.9008918951291, 27.511935649094237], [93.90088520268023, 27.51185644384936], [93.90086965194435, 27.511778223305853], [93.90084539653334, 27.511701764278257], [93.9008126789924, 27.511627827648507], [93.90077182271497, 27.51155714721156], [93.9007232355362, 27.511490425691512], [93.90066739895306, 27.51142832677388], [93.90060486902279, 27.51137146713783], [93.90053626558284, 27.511320411675484], [93.9004622722512, 27.51127566871107], [93.90038362384975, 27.511237682033144], [93.90030110101448, 27.51120682930072], [93.90021552480559, 27.511183418059296], [93.90012774592762, 27.511167679366647], [93.90003863664467, 27.511159770979454], [93.89994908179736, 27.511159770979454], [93.89985997251445, 27.511167679366647], [93.89977219363647, 27.511183418059296], [93.89968661742755, 27.51120682930072], [93.89960409459229, 27.511237682033144], [93.89952544619084, 27.51127566871107], [93.89945145285922, 27.511320411675484], [93.89938284941928, 27.51137146713783], [93.899320319489, 27.51142832677388], [93.89926448290586, 27.511490425691512], [93.8992158957271, 27.51155714721156], [93.89917503944967, 27.511627827648507], [93.89914232190868, 27.511701764278257], [93.89911806649772, 27.511778223305853], [93.89910251576184, 27.51185644384936], [93.89909582331296, 27.511935649094237], [93.89909805562644, 27.512015051870723], [93.8991091911427, 27.51209386262111], [93.89912911936898, 27.512171298163825], [93.89915764087925, 27.512246589660467]], [[93.83971265193036, 27.51137807046114], [93.83980120605443, 27.511366231804857], [93.83988799139573, 27.511346632965875], [93.83997214557155, 27.511319466749647], [93.84005283135205, 27.511285004836694], [93.84012924744, 27.511243588222275], [93.84020063475901, 27.5111956288102], [93.84026628274167, 27.511141604632773], [93.84032553921107, 27.511082051087033], [93.84037781666902, 27.511017560138587], [93.84042259409267, 27.510948773948023], [93.84045942681595, 27.510876374513924], [93.84048794832621, 27.510801082079475], [93.84050787655248, 27.510723645572273], [93.84051901206874, 27.51064483384024], [93.84052124438222, 27.510565430074784], [93.84051455193334, 27.5104862238434], [93.84049900119746, 27.510408002325637], [93.8404747457865, 27.51033154234572], [93.8404420282455, 27.510257604795086], [93.84040117196808, 27.510186923477807], [93.84035258478931, 27.510120201126735], [93.84029674820619, 27.51005810143563], [93.84023421827591, 27.5100012410914], [93.84016561483597, 27.509950184993144], [93.84009162150434, 27.50990544147146], [93.8400129731029, 27.509867454320418], [93.83993045026764, 27.50983660120372], [93.83984487405871, 27.5098131896707], [93.83975709518073, 27.50979745078203], [93.83966798589783, 27.50978954229634], [93.83957843105051, 27.50978954229634], [93.83948932176757, 27.50979745078203], [93.83940154288959, 27.5098131896707], [93.83931596668069, 27.50983660120372], [93.83923344384543, 27.509867454320418], [93.83915479544399, 27.50990544147146], [93.83908080211233, 27.509950184993144], [93.8390121986724, 27.5100012410914], [93.8389496687421, 27.51005810143563], [93.83889383215899, 27.510120201126735], [93.83884524498023, 27.510186923477807], [93.8388043887028, 27.510257604795086], [93.83877167116184, 27.51033154234572], [93.83874741575084, 27.510408002325637], [93.83873186501495, 27.5104862238434], [93.83872517256609, 27.510565430074784], [93.83872740487956, 27.51064483384024], [93.83873854039582, 27.510723645572273], [93.8387584686221, 27.510801082079475], [93.83878699013236, 27.510876374513924], [93.83882382285567, 27.510948773948023], [93.83886860027931, 27.511017560138587], [93.83892087773728, 27.511082051087033], [93.83898013420668, 27.511141604632773], [93.83904578218933, 27.5111956288102], [93.8391171695083, 27.511243588222275], [93.83919358559625, 27.511285004836694], [93.8392742713768, 27.511319466749647], [93.83935842555258, 27.511346632965875], [93.83944521089386, 27.511366231804857], [93.83953376501793, 27.51137807046114], [93.83962320847417, 27.511382029427345], [93.83971265193036, 27.51137807046114]], [[93.84382697725412, 27.508058289710835], [93.84373919837616, 27.50807402884829], [93.84365362216722, 27.508097440751396], [93.84357109933197, 27.50812829435579], [93.84349245093055, 27.508166282107332], [93.8434184575989, 27.50821102633631], [93.84334985415896, 27.508262083241622], [93.84328732422868, 27.508318944484678], [93.84323148764555, 27.50838104515743], [93.84318290046677, 27.508447768563226], [93.84314204418935, 27.50851845099782], [93.84310932664836, 27.50859238971723], [93.8430850712374, 27.508668850905824], [93.84306952050153, 27.508747073660096], [93.84306282805265, 27.508826281143563], [93.84306506036613, 27.50890568616423], [93.84307619588239, 27.508984499142112], [93.84309612410865, 27.50906193687343], [93.84312464561894, 27.509137230498094], [93.8431614783422, 27.509209631076697], [93.84320625576585, 27.50927841835463], [93.8432585332238, 27.50934291032256], [93.8433177896932, 27.509402464809728], [93.84338343767585, 27.509456489841174], [93.84345482499486, 27.509504450011406], [93.84353124108281, 27.509545867280547], [93.84361192686332, 27.509580329738295], [93.84369608103914, 27.509607496383982], [93.84378286638044, 27.509627095532775], [93.8438714205045, 27.509638934376216], [93.84396086396069, 27.509642893405], [93.84405030741694, 27.509638934376216], [93.84413886154101, 27.509627095532775], [93.8442256468823, 27.509607496383982], [93.84430980105812, 27.509580329738295], [93.8443904868386, 27.509545867280547], [93.84446690292657, 27.509504450011406], [93.84453829024558, 27.509456489841174], [93.84460393822819, 27.509402464809728], [93.84466319469759, 27.50934291032256], [93.84471547215558, 27.50927841835463], [93.84476024957924, 27.509209631076697], [93.84479708230249, 27.509137230498094], [93.84482560381277, 27.50906193687343], [93.84484553203905, 27.508984499142112], [93.8448566675553, 27.50890568616423], [93.84485889986878, 27.508826281143563], [93.84485220741992, 27.508747073660096], [93.84483665668402, 27.508668850905824], [93.84481240127303, 27.50859238971723], [93.84477968373207, 27.50851845099782], [93.84473882745465, 27.508447768563226], [93.84469024027588, 27.50838104515743], [93.84463440369277, 27.508318944484678], [93.84457187376246, 27.508262083241622], [93.84450327032252, 27.50821102633631], [93.84442927699088, 27.508166282107332], [93.84435062858945, 27.50812829435579], [93.8442681057542, 27.508097440751396], [93.84418252954528, 27.50807402884829], [93.8440947506673, 27.508058289710835], [93.84400564138436, 27.508050381100123], [93.84391608653704, 27.508050381100123], [93.84382697725412, 27.508058289710835]], [[93.84430233605809, 27.506319101945447], [93.84421455718008, 27.506334841331725], [93.84412898097119, 27.50635825360488], [93.84404645813594, 27.50638910769698], [93.8439678097345, 27.506427096048974], [93.84389381640287, 27.506471840985192], [93.84382521296293, 27.506522898697526], [93.84376268303261, 27.50657976083937], [93.84370684644952, 27.506641862493755], [93.84365825927075, 27.506708586954197], [93.84361740299329, 27.50677927050604], [93.84358468545233, 27.506853210394244], [93.84356043004134, 27.506929672791422], [93.84354487930545, 27.50700789678214], [93.84353818685662, 27.507087105517638], [93.84354041917007, 27.507166511793468], [93.84355155468636, 27.50724532601715], [93.8435714829126, 27.507322764972525], [93.84360000442288, 27.507398059787338], [93.84363683714616, 27.50747046151042], [93.84368161456982, 27.507539249875656], [93.84373389202777, 27.507603742863054], [93.84379314849717, 27.507663298291593], [93.84385879647982, 27.507717324177055], [93.84393018379883, 27.50776528510538], [93.84400659988678, 27.507806703029217], [93.84408728566729, 27.507841166031753], [93.84417143984311, 27.507868333106856], [93.84425822518439, 27.507887932565435], [93.84434677930847, 27.50789977159602], [93.84443622276467, 27.5079037306874], [93.84452566622087, 27.50789977159602], [93.84461422034494, 27.507887932565435], [93.84470100568622, 27.507868333106856], [93.84478515986204, 27.507841166031753], [93.84486584564254, 27.507806703029217], [93.84494226173051, 27.50776528510538], [93.8450136490495, 27.507717324177055], [93.84507929703216, 27.507663298291593], [93.84513855350156, 27.507603742863054], [93.84519083095951, 27.507539249875656], [93.84523560838316, 27.50747046151042], [93.84527244110647, 27.507398059787338], [93.84530096261673, 27.507322764972525], [93.84532089084298, 27.50724532601715], [93.84533202635923, 27.507166511793468], [93.84533425867272, 27.507087105517638], [93.84532756622387, 27.50700789678214], [93.84531201548799, 27.506929672791422], [93.845287760077, 27.506853210394244], [93.84525504253604, 27.50677927050604], [93.84521418625859, 27.506708586954197], [93.8451655990798, 27.506641862493755], [93.84510976249669, 27.50657976083937], [93.8450472325664, 27.506522898697526], [93.84497862912647, 27.506471840985192], [93.84490463579485, 27.506427096048974], [93.8448259873934, 27.50638910769698], [93.84474346455814, 27.50635825360488], [93.84465788834925, 27.506334841331725], [93.84457010947123, 27.506319101945447], [93.84448100018832, 27.506311193209765], [93.844391445341, 27.506311193209765], [93.84430233605809, 27.506319101945447]], [[93.8448965356859, 27.504369069862122], [93.84480875680794, 27.504384809527323], [93.844723180599, 27.50440822221539], [93.84464065776375, 27.504439076854265], [93.84456200936235, 27.504477065879463], [93.84448801603068, 27.504521811608633], [93.84441941259074, 27.504572870225783], [93.84435688266046, 27.504629733375317], [93.84430104607735, 27.504691836130238], [93.84425245889855, 27.50475856177316], [93.84421160262113, 27.504829246577632], [93.84417888508018, 27.50490318777616], [93.84415462966919, 27.50497965152842], [93.84413907893331, 27.50505787690538], [93.84413238648443, 27.50513708704462], [93.84413461879791, 27.50521649472768], [93.84414575431417, 27.50529531034811], [93.84416568254044, 27.505372750675853], [93.84419420405072, 27.505448046825038], [93.84423103677398, 27.50552044983123], [93.84427581419763, 27.505589239415535], [93.84432809165561, 27.5056537335459], [93.84438734812503, 27.50571329002987], [93.84445299610763, 27.50576731687281], [93.84452438342664, 27.505815278651102], [93.8446007995146, 27.505856697308964], [93.8446814852951, 27.505891160922257], [93.84476563947092, 27.50591832847884], [93.84485242481222, 27.505937928284766], [93.84494097893628, 27.505949767525163], [93.84503042239251, 27.50595372668669], [93.84511986584872, 27.505949767525163], [93.84520841997279, 27.505937928284766], [93.84529520531407, 27.50591832847884], [93.8453793594899, 27.505891160922257], [93.84546004527039, 27.505856697308964], [93.84553646135836, 27.505815278651102], [93.84560784867736, 27.50576731687281], [93.84567349666001, 27.50571329002987], [93.84573275312941, 27.5056537335459], [93.84578503058736, 27.505589239415535], [93.84582980801102, 27.50552044983123], [93.84586664073427, 27.505448046825038], [93.84589516224455, 27.505372750675853], [93.84591509047083, 27.50529531034811], [93.84592622598709, 27.50521649472768], [93.84592845830056, 27.50513708704462], [93.8459217658517, 27.50505787690538], [93.8459062151158, 27.50497965152842], [93.84588195970484, 27.50490318777616], [93.84584924216385, 27.504829246577632], [93.84580838588643, 27.50475856177316], [93.84575979870766, 27.504691836130238], [93.84570396212455, 27.504629733375317], [93.84564143219424, 27.504572870225783], [93.8455728287543, 27.504521811608633], [93.84549883542266, 27.504477065879463], [93.84542018702125, 27.504439076854265], [93.84533766418598, 27.50440822221539], [93.84525208797706, 27.504384809527323], [93.84516430909908, 27.504369069862122], [93.84507519981616, 27.504361160986292], [93.84498564496886, 27.504361160986292], [93.8448965356859, 27.504369069862122]], [[93.84549073531376, 27.501786542294898], [93.84540295643578, 27.501802282329436], [93.84531738022686, 27.50182569556691], [93.8452348573916, 27.501856550929872], [93.84515620899016, 27.50189454084657], [93.84508221565854, 27.501939287625806], [93.8450136122186, 27.501990347441197], [93.8449510822883, 27.502047211925163], [93.84489524570519, 27.502109316137442], [93.84484665852641, 27.50217604334625], [93.84480580224894, 27.50224672980954], [93.844773084708, 27.502320672743263], [93.844748829297, 27.50239713828994], [93.84473327856115, 27.5024753655027], [93.84472658611227, 27.5025545775008], [93.84472881842575, 27.50263398704741], [93.84473995394201, 27.502712804517444], [93.84475988216825, 27.502790246662556], [93.84478840367854, 27.50286554457882], [93.84482523640182, 27.502937949284167], [93.84487001382547, 27.503006740482846], [93.84492229128342, 27.50307123612672], [93.84498154775284, 27.50313079400842], [93.84504719573549, 27.50318482211924], [93.8451185830545, 27.503232785023144], [93.84519499914245, 27.50327420465303], [93.84527568492294, 27.503308669075103], [93.84535983909876, 27.503335837269265], [93.84544662444006, 27.503355437535195], [93.84553517856413, 27.503367277053435], [93.84562462202032, 27.5033712363079], [93.84571406547653, 27.503367277053435], [93.84580261960063, 27.503355437535195], [93.84588940494189, 27.503335837269265], [93.84597355911771, 27.503308669075103], [93.84605424489824, 27.50327420465303], [93.84613066098619, 27.503232785023144], [93.84620204830517, 27.50318482211924], [93.84626769628782, 27.50313079400842], [93.84632695275722, 27.50307123612672], [93.84637923021518, 27.503006740482846], [93.84642400763883, 27.502937949284167], [93.84646084036213, 27.50286554457882], [93.8464893618724, 27.502790246662556], [93.84650929009865, 27.502712804517444], [93.84652042561493, 27.50263398704741], [93.84652265792839, 27.5025545775008], [93.84651596547954, 27.5024753655027], [93.84650041474366, 27.50239713828994], [93.84647615933265, 27.502320672743263], [93.8464434417917, 27.50224672980954], [93.84640258551426, 27.50217604334625], [93.84635399833547, 27.502109316137442], [93.8462981617524, 27.502047211925163], [93.8462356318221, 27.501990347441197], [93.84616702838215, 27.501939287625806], [93.84609303505052, 27.50189454084657], [93.84601438664906, 27.501856550929872], [93.8459318638138, 27.50182569556691], [93.8458462876049, 27.501802282329436], [93.84575850872689, 27.501786542294898], [93.84566939944398, 27.50177863323344], [93.84557984459667, 27.50177863323344], [93.84549073531376, 27.501786542294898]], [[93.83937048184201, 27.49050703680953], [93.83928270296404, 27.490522778456977], [93.83919712675511, 27.490546194093607], [93.83911460391985, 27.490577052618306], [93.83903595551841, 27.490615046427823], [93.83896196218679, 27.49065979779226], [93.83889335874684, 27.49071086283973], [93.83883082881657, 27.490767733150637], [93.83877499223344, 27.490829843726786], [93.83872640505466, 27.490896577773203], [93.83868554877724, 27.49096727147977], [93.83865283123625, 27.491041221990557], [93.83862857582528, 27.491117695372772], [93.83861302508942, 27.491195930601585], [93.83860633264052, 27.49127515071674], [93.83860856495401, 27.49135456840061], [93.83861970047028, 27.491433393947293], [93.83863962869654, 27.49151084402813], [93.83866815020679, 27.49158614966042], [93.83870498293008, 27.49165856178529], [93.83874976035374, 27.491727360033284], [93.83880203781169, 27.491791862286288], [93.83886129428109, 27.49185142627113], [93.83892694226374, 27.49190545991843], [93.83899832958275, 27.491953427737336], [93.8390747456707, 27.491994851611636], [93.8391554314512, 27.49202931956547], [93.83923958562703, 27.4920564905437], [93.83932637096832, 27.492076092818124], [93.83941492509238, 27.49208793354963], [93.83950436854857, 27.492091893209846], [93.83959381200482, 27.49208793354963], [93.8396823661289, 27.492076092818124], [93.83976915147018, 27.4920564905437], [93.83985330564596, 27.49202931956547], [93.83993399142649, 27.491994851611636], [93.84001040751446, 27.491953427737336], [93.84008179483342, 27.49190545991843], [93.84014744281608, 27.49185142627113], [93.84020669928547, 27.491791862286288], [93.84025897674344, 27.491727360033284], [93.84030375416708, 27.49165856178529], [93.84034058689038, 27.49158614966042], [93.84036910840065, 27.49151084402813], [93.8403890366269, 27.491433393947293], [93.84040017214319, 27.49135456840061], [93.84040240445667, 27.49127515071674], [93.8403957120078, 27.491195930601585], [93.84038016127191, 27.491117695372772], [93.84035590586092, 27.491041221990557], [93.84032318831996, 27.49096727147977], [93.8402823320425, 27.490896577773203], [93.84023374486377, 27.490829843726786], [93.84017790828065, 27.490767733150637], [93.84011537835035, 27.49071086283973], [93.8400467749104, 27.49065979779226], [93.83997278157877, 27.490615046427823], [93.83989413317732, 27.490577052618306], [93.83981161034207, 27.490546194093607], [93.83972603413316, 27.490522778456977], [93.83963825525518, 27.49050703680953], [93.83954914597224, 27.490499126937664], [93.83945959112492, 27.490499126937664], [93.83937048184201, 27.49050703680953]], [[93.8337850080353, 27.48824045435732], [93.83369722915734, 27.48825619632879], [93.83361165294845, 27.488279612447414], [93.83352913011318, 27.48831047160727], [93.83345048171174, 27.488348466198875], [93.83337648838008, 27.48839321848448], [93.83330788494014, 27.48844428458312], [93.83324535500985, 27.488501156064636], [93.83318951842674, 27.48856326791929], [93.83314093124797, 27.488630003339377], [93.83310007497055, 27.488700698501173], [93.83306735742958, 27.48877465053416], [93.83304310201859, 27.488851125490573], [93.83302755128271, 27.48892936232984], [93.83302085883383, 27.489008584075716], [93.83302309114731, 27.48908800339438], [93.83303422666357, 27.489166830563644], [93.83305415488984, 27.48924428223878], [93.83308267640011, 27.489319589421218], [93.83311950912338, 27.489392003036713], [93.83316428654703, 27.489460802700894], [93.83321656400501, 27.489525306281678], [93.83327582047443, 27.489584871492646], [93.83334146845708, 27.489638906252278], [93.83341285577605, 27.489686875058553], [93.833489271864, 27.489728299785625], [93.83356995764454, 27.48976276844895], [93.83365411182032, 27.489789939986526], [93.8337408971616, 27.489809542664474], [93.83382945128568, 27.489821383639715], [93.83391889474191, 27.4898253433814], [93.8340083381981, 27.489821383639715], [93.8340968923222, 27.489809542664474], [93.83418367766348, 27.489789939986526], [93.8342678318393, 27.48976276844895], [93.8343485176198, 27.489728299785625], [93.83442493370775, 27.489686875058553], [93.83449632102676, 27.489638906252278], [93.83456196900941, 27.489584871492646], [93.83462122547881, 27.489525306281678], [93.83467350293677, 27.489460802700894], [93.83471828036042, 27.489392003036713], [93.8347551130837, 27.489319589421218], [93.83478363459395, 27.48924428223878], [93.83480356282023, 27.489166830563644], [93.83481469833649, 27.48908800339438], [93.83481693064996, 27.489008584075716], [93.83481023820109, 27.48892936232984], [93.8347946874652, 27.488851125490573], [93.83477043205424, 27.48877465053416], [93.83473771451325, 27.488700698501173], [93.83469685823583, 27.488630003339377], [93.83464827105706, 27.48856326791929], [93.83459243447393, 27.488501156064636], [93.83452990454364, 27.48844428458312], [93.8344613011037, 27.48839321848448], [93.83438730777209, 27.488348466198875], [93.83430865937063, 27.48831047160727], [93.83422613653538, 27.488279612447414], [93.83414056032646, 27.48825619632879], [93.83405278144848, 27.48824045435732], [93.83396367216557, 27.488232544322596], [93.83387411731826, 27.488232544322596], [93.8337850080353, 27.48824045435732]], [[93.83360674814699, 27.486237390061635], [93.83351896926898, 27.486253132319447], [93.83343339306009, 27.486276548863998], [93.83335087022483, 27.486307408585198], [93.83327222182338, 27.486345403867883], [93.83319822849172, 27.486390156967516], [93.83312962505178, 27.486441223994984], [93.8330670951215, 27.48649809651097], [93.8330112585384, 27.486560209495433], [93.83296267135964, 27.486626946129384], [93.83292181508217, 27.48669764257709], [93.83288909754123, 27.486771595955275], [93.83286484213022, 27.48684807230271], [93.83284929139434, 27.486926310565085], [93.8328425989455, 27.48700553375198], [93.83284483125895, 27.48708495451525], [93.83285596677524, 27.48716378311841], [93.83287589500148, 27.487241236202394], [93.83290441651177, 27.487316544754634], [93.83294124923505, 27.487388959687348], [93.8329860266587, 27.48745776060299], [93.83303830411666, 27.487522265357104], [93.83309756058607, 27.48758183165156], [93.8331632085687, 27.487635867394097], [93.83323459588769, 27.48768383707294], [93.83331101197564, 27.48772526255352], [93.83339169775617, 27.48775973184389], [93.833475851932, 27.487786903875683], [93.83356263727325, 27.48780650691021], [93.83365119139735, 27.48781834810085], [93.83374063485356, 27.48782230791457], [93.83383007830976, 27.48781834810085], [93.83391863243384, 27.48780650691021], [93.83400541777512, 27.487786903875683], [93.83408957195094, 27.48775973184389], [93.83417025773143, 27.48772526255352], [93.83424667381938, 27.48768383707294], [93.8343180611384, 27.487635867394097], [93.83438370912106, 27.48758183165156], [93.83444296559045, 27.487522265357104], [93.83449524304841, 27.48745776060299], [93.83454002047206, 27.487388959687348], [93.83457685319534, 27.487316544754634], [93.83460537470563, 27.487241236202394], [93.83462530293187, 27.48716378311841], [93.83463643844813, 27.48708495451525], [93.8346386707616, 27.48700553375198], [93.83463197831273, 27.486926310565085], [93.83461642757689, 27.48684807230271], [93.83459217216588, 27.486771595955275], [93.83455945462494, 27.48669764257709], [93.83451859834747, 27.486626946129384], [93.8344700111687, 27.486560209495433], [93.83441417458559, 27.48649809651097], [93.83435164465529, 27.486441223994984], [93.83428304121534, 27.486390156967516], [93.83420904788373, 27.486345403867883], [93.83413039948228, 27.486307408585198], [93.83404787664702, 27.486276548863998], [93.8339623004381, 27.486253132319447], [93.83387452156012, 27.486237390061635], [93.83378541227721, 27.48622947988304], [93.8336958574299, 27.48622947988304], [93.83360674814699, 27.486237390061635]]]}}]}