{"type": "FeatureCollection", "features": [{"type": "Feature", "properties": {"premiumdata.sde.IN_Village_PCA.area": 16.25165863, "objectid": 53059, "id": "274944259620395", "name": "Bijavadi", "subdistrict": "Man", "district": "Satara", "state": "Maharashtra", "country": "India", "censusname": "Bijavadi", "villagename_locallang": "\u092c\u093f\u091c\u0935\u0921\u0940", "lgd_villagename": "Bijavadi", "lgd_villagecode": 563387, "lgd_subdistrictcode": 4259, "lgd_districtcode": 494, "lgd_statecode": 27, "censuscode2001": "03813800", "censuscode2011": "563387", "censuscode2021": null, "level": "Village", "tru": "Rural", "no_hh": 335, "tot_p": 1514, "tot_m": 763, "tot_f": 751, "per_tot_m": 50.39630119, "per_tot_f": 49.60369881, "p_06": 157, "m_06": 84, "f_06": 73, "per_p_06": 10.36988111, "per_m_06": 53.50318471000001, "per_f_06": 46.49681529, "p_sc": 186, "m_sc": 91, "f_sc": 95, "per_p_sc": 12.28533686, "per_m_sc": 48.92473118, "per_f_sc": 51.07526882000001, "p_st": 12, "m_st": 5, "f_st": 7, "per_p_st": 0.79260238, "per_m_st": 41.66666667000001, "per_f_st": 58.33333333, "p_lit": 1074, "m_lit": 573, "f_lit": 501, "per_p_lit": 70.93791281, "per_m_lit": 53.35195531, "per_f_lit": 46.64804469000001, "p_ill": 440, "m_ill": 190, "f_ill": 250, "per_p_ill": 29.06208719, "per_m_ill": 43.18181818, "per_f_ill": 56.81818182, "tot_work_p": 606, "tot_work_m": 419, "tot_work_f": 187, "per_tot_work_p": 40.02642008, "per_tot_work_m": 69.14191419000001, "per_tot_work_f": 30.85808581, "mainwork_p": 594, "mainwork_m": 415, "mainwork_f": 179, "per_mainwork_p": 39.2338177, "per_mainwork_m": 69.86531987000001, "per_mainwork_f": 30.13468013, "main_cl_p": 359, "main_cl_m": 262, "main_cl_f": 97, "per_main_cl_p": 60.43771044, "per_main_cl_m": 72.98050139, "per_main_cl_f": 27.01949861, "main_al_p": 117, "main_al_m": 63, "main_al_f": 54, "per_main_al_p": 19.6969697, "per_main_al_m": 53.84615385, "per_main_al_f": 46.15384615, "main_hh_p": 20, "main_hh_m": 6, "main_hh_f": 14, "per_main_hh_p": 3.36700337, "per_main_hh_m": 30.0, "per_main_hh_f": 70.0, "main_ot_p": 98, "main_ot_m": 84, "main_ot_f": 14, "per_main_ot_p": 16.4983165, "per_main_ot_m": 85.71428571, "per_main_ot_f": 14.28571429, "margwork_p": 12, "margwork_m": 4, "margwork_f": 8, "per_margwork_p": 0.79260238, "per_margwork_m": 33.33333333, "per_margwork_f": 66.66666667, "marg_cl_p": 2, "marg_cl_m": 0, "marg_cl_f": 2, "per_marg_cl_p": 16.66666667, "per_marg_cl_m": 0.0, "per_marg_cl_f": 100.0, "marg_al_p": 4, "marg_al_m": 1, "marg_al_f": 3, "per_marg_al_p": 33.33333333, "per_marg_al_m": 25.0, "per_marg_al_f": 75.0, "marg_hh_p": 4, "marg_hh_m": 2, "marg_hh_f": 2, "per_marg_hh_p": 33.33333333, "per_marg_hh_m": 50.0, "per_marg_hh_f": 50.0, "marg_ot_p": 2, "marg_ot_m": 1, "marg_ot_f": 1, "per_marg_ot_p": 16.66666667, "per_marg_ot_m": 50.0, "per_marg_ot_f": 50.0, "margwork_3_6_p": 11, "margwork_3_6_m": 4, "margwork_3_6_f": 7, "per_margwork_3_6_p": 91.66666667, "per_margwork_3_6_m": 36.36363636, "per_margwork_3_6_f": 63.63636364, "marg_cl_3_6_p": 2, "marg_cl_3_6_m": 0, "marg_cl_3_6_f": 2, "per_marg_cl_3_6_p": 16.66666667, "per_marg_cl_3_6_m": 0.0, "per_marg_cl_3_6_f": 100.0, "marg_al_3_6_p": 4, "marg_al_3_6_m": 1, "marg_al_3_6_f": 3, "per_marg_al_3_6_p": 33.33333333, "per_marg_al_3_6_m": 25.0, "per_marg_al_3_6_f": 75.0, "marg_hh_3_6_p": 3, "marg_hh_3_6_m": 2, "marg_hh_3_6_f": 1, "per_marg_hh_3_6_p": 25.0, "per_marg_hh_3_6_m": 66.66666667, "per_marg_hh_3_6_f": 33.33333333, "marg_ot_3_6_p": 2, "marg_ot_3_6_m": 1, "marg_ot_3_6_f": 1, "per_marg_ot_3_6_p": 16.66666667, "per_marg_ot_3_6_m": 50.0, "per_marg_ot_3_6_f": 50.0, "margwork_0_3_p": 1, "margwork_0_3_m": 0, "margwork_0_3_f": 1, "per_margwork_0_3_p": 8.33333333, "per_margwork_0_3_m": 0.0, "per_margwork_0_3_f": 100.0, "marg_cl_0_3_p": 0, "marg_cl_0_3_m": 0, "marg_cl_0_3_f": 0, "per_marg_cl_0_3_p": 0.0, "per_marg_cl_0_3_m": 0.0, "per_marg_cl_0_3_f": 0.0, "marg_al_0_3_p": 0, "marg_al_0_3_m": 0, "marg_al_0_3_f": 0, "per_marg_al_0_3_p": 0.0, "per_marg_al_0_3_m": 0.0, "per_marg_al_0_3_f": 0.0, "marg_hh_0_3_p": 1, "marg_hh_0_3_m": 0, "marg_hh_0_3_f": 1, "per_marg_hh_0_3_p": 8.33333333, "per_marg_hh_0_3_m": 0.0, "per_marg_hh_0_3_f": 100.0, "marg_ot_0_3_p": 0, "marg_ot_0_3_m": 0, "marg_ot_0_3_f": 0, "per_marg_ot_0_3_p": 0.0, "per_marg_ot_0_3_m": 0.0, "per_marg_ot_0_3_f": 0.0, "non_work_p": 908, "non_work_m": 344, "non_work_f": 564, "per_non_work_p": 59.97357992, "per_non_work_m": 37.88546256, "per_non_work_f": 62.11453744, "per_hc_tot_tot": 100, "per_hc_tot_god": 83.0, "per_hc_tot_liv": 16.4, "per_hc_tot_dil": 0.6, "per_hc_res_tot": 97.6, "per_hc_res_god": 80.6, "per_hc_res_liv": 16.4, "per_hc_res_dil": 0.6, "per_hc_oth_tot": 2.4, "per_hc_oth_god": 2.4, "per_hc_oth_liv": 0.0, "per_hc_oth_dil": 0.0, "per_mt_grsbam": 1.5, "per_mt_plastic": 0.0, "per_mt_h_tiles": 1.8, "per_mt_m_tiles": 7.6, "per_mt_b_brick": 0.0, "per_mt_stone": 0.0, "per_mt_asbstos": 83.6, "per_mt_concrte": 5.5, "per_mt_oth": 0.0, "per_mw_grsbam": 0.0, "per_mw_plastic": 0.3, "per_mw_mud": 12.4, "per_mw_wood": 0.0, "per_mw_no_mrtr": 2.4, "per_mw_st_mrtr": 13.3, "per_mw_asbstos": 0.3, "per_mw_b_brick": 70.9, "per_mw_concrte": 0.3, "per_mw_oth": 0.0, "per_mf_mud": 16.7, "per_mf_wood": 0.0, "per_mf_b_brick": 0.0, "per_mf_stone": 49.7, "per_mf_cement": 7.6, "per_mf_fl_tile": 25.8, "per_mf_oth": 0.3, "per_dw_n_exrm": 5.5, "per_dw_1_room": 46.7, "per_dw_2_room": 36.7, "per_dw_3_room": 7.0, "per_dw_4_room": 2.1, "per_dw_5_room": 0.6, "per_dw_6_room": 1.5, "per_hhsize_1": 5.2, "per_hhsize_2": 15.2, "per_hhsize_3": 10.6, "per_hhsize_4": 24.2, "per_hhsize_5": 20.3, "per_hhsize_6_8": 19.1, "per_hhsize_9p": 5.5, "per_ow_owned": 93.0, "per_ow_rented": 6.4, "per_ow_oth": 0.6, "per_mc_none": 11.8, "per_mcouple_1": 62.7, "per_mcouple_2": 20.3, "per_mcouple_3": 3.9, "per_mcouple_4": 1.2, "per_mcouple_5p": 0.0, "per_dw_t_ts": 50.9, "per_dw_t_unts": 0.0, "per_dw_c_well": 0.6, "per_dw_unc_wel": 23.3, "per_dw_hpump": 20.0, "per_dw_tw_bore": 5.2, "per_dw_spring": 0.0, "per_dw_rivcan": 0.0, "per_dw_tank": 0.0, "per_dw_oth": 0.0, "per_loc_dw_wp": 57.9, "per_loc_dw_np": 34.5, "per_loc_dw_aw": 7.6, "per_light_elec": 87.0, "per_light_kero": 12.7, "per_light_solr": 0.0, "per_light_oil": 0.3, "per_light_oth": 0.0, "per_light_no": 0.0, "per_hh_latrine": 55.5, "per_fl_sewer": 0.0, "per_fl_septict": 5.8, "per_fl_othsys": 1.8, "per_pl_wslab": 47.9, "per_pl_without": 0.0, "per_ns_open": 0.0, "per_sl_ns_hum": 0.0, "per_sl_ns_anml": 0.0, "per_hh_no_lat": 44.5, "per_as_pub": 17.0, "per_as_open": 27.6, "per_hh_bathrm": 41.2, "per_hh_en_wrf": 52.7, "per_hh_no_btrm": 6.1, "per_wwoc_drain": 16.7, "per_wwoc_open": 74.2, "per_wwoc_nodrn": 9.1, "per_cook_fire": 48.8, "per_cook_resdu": 0.3, "per_cook_cwdng": 0.0, "per_cook_coal": 0.0, "per_cook_kero": 6.7, "per_cook_lpng": 43.0, "per_cook_elec": 0.0, "per_cook_biogs": 0.0, "per_cook_oth": 0.9, "per_cook_no": 0.3, "per_kf_inside": 89.4, "per_kf_in_has": 50.0, "per_kf_in_does": 39.4, "per_kf_outside": 10.3, "per_kf_out_has": 8.2, "per_kf_out_dos": 2.1, "per_kf_no_cook": 0.3, "per_hh_banking": 84.8, "per_hh_radio": 32.7, "per_hh_tv": 64.8, "per_hh_cmp_int": 0.3, "per_hh_cmp_wnt": 2.1, "per_hh_ph_ll": 6.7, "per_hh_ph_mob": 68.5, "per_hh_ph_bth": 3.0, "per_hh_bcycl": 50.3, "per_hh_2wheel": 30.6, "per_hh_4wheel": 4.8, "per_hh_tvcomp": 1.8, "per_hh_no_ast": 16.1, "per_hs_perma": 87.3, "per_hs_sperma": 11.2, "per_hs_temp": 1.5, "per_hs_servc": 1.5, "per_hs_nservc": 0.0, "per_hs_unclss": 0.0, "avghhsz_cy": 4.51940299, "st_areashape": 18026623.737559095, "st_lengthshape": 22937.83702384594}, "geometry": {"type": "Polygon", "coordinates": [[[74.54797073866457, 17.83390942373951], [74.54788254656157, 17.833924995159954], [74.54779435356022, 17.83394056572388], [74.54770616145721, 17.8339561371416], [74.5476179693542, 17.833971708557954], [74.54752977635287, 17.83398727997293], [74.54744158424985, 17.834002850531448], [74.54735339214682, 17.83401842194373], [74.54726519914551, 17.834033993354605], [74.54717700704246, 17.83404956390904], [74.54708881493946, 17.83406513531721], [74.54700062193812, 17.83408070672403], [74.5469124298351, 17.83409627727437], [74.5468242377321, 17.834111848678454], [74.54673604473076, 17.834127420081206], [74.54664785262773, 17.834142991482594], [74.54655966052471, 17.83415856202746], [74.54647146752336, 17.834174133426128], [74.54638327542037, 17.83418970482342], [74.54629508331735, 17.8342052753642], [74.54620689121434, 17.834220846758786], [74.54611869821301, 17.834236418152006], [74.54603050610996, 17.834251988688706], [74.54594231400695, 17.83426756007919], [74.54585412100562, 17.83428313146833], [74.5457659289026, 17.834298702856106], [74.5456777367996, 17.834314273387346], [74.54558954379826, 17.834329844772398], [74.54550135169524, 17.834345416156093], [74.5454131595922, 17.83436098668326], [74.5453249665909, 17.834376558064218], [74.54523677448785, 17.834392129443827], [74.54514858238484, 17.834407699966913], [74.54506038938351, 17.834423271343788], [74.54497219728049, 17.83443884271931], [74.5448840051775, 17.834454414093436], [74.54479581217615, 17.834469984611104], [74.54470762007311, 17.834485555982543], [74.54463093898218, 17.834526328529105], [74.5445542578912, 17.83456710106639], [74.54447757680023, 17.834607873594322], [74.54440089660756, 17.834648646112896], [74.5443242155166, 17.834689418622165], [74.54424753442562, 17.834730191122098], [74.54417085333465, 17.83477096361267], [74.54409417224369, 17.834811736093926], [74.54401749115272, 17.834852508565817], [74.54394081096007, 17.83489328102841], [74.5438641298691, 17.834934053481668], [74.54378744877815, 17.83497482592557], [74.54371076768717, 17.83501559836016], [74.5436340865962, 17.835056370785402], [74.54355740550523, 17.835097143201292], [74.54348072441427, 17.835137915607884], [74.54340404422162, 17.835178688005122], [74.54332736313066, 17.83521946039301], [74.54325068203968, 17.835260232771585], [74.54317400094872, 17.835301005140824], [74.54309731985775, 17.835341777500698], [74.54302063876678, 17.835382549851285], [74.54294395857414, 17.835423322192522], [74.54286727748317, 17.835464094524394], [74.54279059639221, 17.835504866846954], [74.54271391530123, 17.835545639160188], [74.54263723421026, 17.835586411464057], [74.5425605531193, 17.835627183758604], [74.54248387202833, 17.835667956043835], [74.54240719183566, 17.83570872831969], [74.54233051074469, 17.83574950058625], [74.54225382965372, 17.83579027284348], [74.54217714856274, 17.83583104509132], [74.54210046747181, 17.835871817329878], [74.54202378638084, 17.835912589559094], [74.54194710618818, 17.835953361778934], [74.5418704250972, 17.835994133989487], [74.54179374400624, 17.83603490619069], [74.54171706291527, 17.836075678382528], [74.54163239849639, 17.836103455870603], [74.54154773407748, 17.836131233354337], [74.5414630705569, 17.836159011688856], [74.541378406138, 17.83618678916394], [74.5412937417191, 17.836214566634673], [74.54120907730022, 17.836242344101052], [74.54112441288132, 17.83627012156312], [74.54103974846241, 17.836297899875987], [74.54095508494181, 17.83632567732939], [74.54087042052291, 17.83635345477846], [74.54078575610404, 17.83638123222316], [74.54070109168514, 17.836409009663576], [74.54061642726623, 17.836436787954778], [74.54053176374565, 17.836464565386503], [74.54044709932674, 17.836492342813916], [74.54036243490786, 17.83652012023699], [74.54027777048896, 17.836547897655702], [74.54019310607005, 17.83657567592525], [74.54010844165114, 17.83660345333531], [74.54002377813057, 17.836631230741045], [74.5399391137117, 17.836659008142455], [74.53985444929279, 17.836686786394647], [74.53976978487388, 17.836714563787382], [74.53968512045498, 17.83674234117576], [74.5396004560361, 17.83677011855983], [74.53951579251553, 17.836797895939572], [74.53943112809662, 17.836825674170104], [74.53934646367772, 17.83685345154118], [74.5392617992588, 17.836881228907924], [74.53917713483993, 17.8369090062703], [74.53909247131935, 17.836936783628378], [74.53900780690043, 17.836964561837238], [74.53892314248154, 17.83699233918665], [74.53883847806263, 17.837020116531725], [74.53875381364377, 17.837047893872462], [74.53866914922484, 17.83707567120885], [74.53858448570426, 17.83710344939607], [74.53849982128536, 17.83713122672378], [74.53841515686645, 17.83715900404719], [74.53832895273518, 17.837182997398372], [74.53824274860389, 17.83720698989119], [74.5381565444726, 17.837230983235933], [74.53807034034129, 17.83725497572229], [74.53798413620999, 17.83727896906053], [74.53789793207869, 17.83730296154042], [74.5378117279474, 17.837326954872204], [74.53772552471443, 17.83735094820078], [74.53763932058312, 17.837374940670962], [74.53755311645182, 17.837398933993036], [74.53746691232053, 17.83742292645677], [74.53738070818926, 17.83744691977242], [74.53729450405797, 17.83747091308479], [74.53720829992666, 17.837494905538826], [74.53712209579537, 17.837518898844746], [74.53703589166406, 17.837542891292294], [74.53694968753275, 17.837566884591787], [74.53686348340148, 17.837590877032888], [74.53677727927017, 17.837614870325854], [74.5366910751389, 17.837638863615638], [74.53660487100761, 17.837662856047007], [74.5365186668763, 17.837686849330318], [74.53643246364334, 17.837710841755246], [74.53634625951204, 17.837734835032055], [74.53626005538074, 17.83775882745052], [74.53617385124944, 17.837782820720907], [74.53608764711814, 17.837806813988024], [74.53600144298683, 17.83783080639678], [74.53591523885555, 17.837854799657435], [74.53582903472427, 17.83787879205973], [74.53574283059298, 17.837902785313947], [74.53565662646167, 17.837926777709793], [74.53557042233038, 17.837950770957494], [74.53548421819907, 17.837974764201988], [74.53539801406778, 17.837998756588114], [74.53531180993649, 17.838022749826173], [74.53522560580518, 17.838046742205837], [74.53513940257221, 17.83807073543738], [74.5350531984409, 17.83809472866573], [74.53496699430961, 17.838118721035702], [74.53488079017835, 17.838142714257565], [74.53479458604706, 17.838166706621056], [74.53470838191575, 17.838190699836442], [74.53462217778446, 17.838214692193475], [74.53453597365315, 17.838238685402438], [74.5344502833582, 17.83825772228149], [74.53436459396156, 17.838276759158504], [74.5342789036666, 17.838295795178375], [74.53419321337164, 17.83831483205133], [74.53410752307671, 17.83833386892224], [74.53402183368006, 17.838352905791115], [74.53393614338513, 17.838371942657968], [74.53385045309017, 17.83839097866767], [74.5337647627952, 17.838410015530428], [74.53367907339859, 17.83842905239117], [74.53359338310362, 17.83844808924988], [74.53350769280867, 17.83846712610654], [74.5334220025137, 17.838486162106054], [74.53333631311708, 17.838505198958657], [74.53325062282211, 17.838524235809214], [74.5331649325272, 17.83854327265773], [74.53307924313053, 17.83856230950425], [74.5329935528356, 17.838581345493576], [74.53290786254064, 17.838600382335986], [74.53282217224569, 17.838619419176375], [74.53273648284905, 17.838638456014742], [74.5326507925541, 17.838657492851063], [74.53256510225914, 17.838676529685344], [74.53247941196418, 17.838695565662427], [74.53239372256755, 17.83871460249268], [74.5323080322726, 17.83873363932084], [74.53222234197767, 17.83875267614698], [74.532136652581, 17.838771712971084], [74.53205096228608, 17.83879074893803], [74.53196527199111, 17.838809785758052], [74.53187958169616, 17.83882882257605], [74.53179389229952, 17.83884785939201], [74.53170820200457, 17.838866896205925], [74.5316225117096, 17.838885932162707], [74.53153682141468, 17.838904968972564], [74.53145113201802, 17.83892400578037], [74.53136544172307, 17.838943042586155], [74.53127975142813, 17.838962079389905], [74.53119406113316, 17.838981115336505], [74.53110837173655, 17.839000152136173], [74.53102268144158, 17.839019188933815], [74.53094203159367, 17.839049145676405], [74.5308613808475, 17.83907910241393], [74.5307807309996, 17.839109059146445], [74.53070008025337, 17.83913901672902], [74.5306194304055, 17.83916897345142], [74.53053878055759, 17.83919893016881], [74.53045812981138, 17.83922888688112], [74.53037747996349, 17.839258843588443], [74.53029683011557, 17.839288800290678], [74.53021617936938, 17.839318757843014], [74.5301355295215, 17.839348714535173], [74.53005487877529, 17.83937867122232], [74.52997422892741, 17.83940862790439], [74.5298935790795, 17.839438584581462], [74.52981292833329, 17.839468541253456], [74.52973227848541, 17.839498497920438], [74.5296516277392, 17.83952845543749], [74.5295709778913, 17.839558412094362], [74.52949032804341, 17.839588368746217], [74.5294096772972, 17.83961832539301], [74.52932902744932, 17.839648282034787], [74.5292483776014, 17.839678238671503], [74.52916772685519, 17.83970819615832], [74.52908707700732, 17.83973815278497], [74.52900642626112, 17.83976810940656], [74.5289257764132, 17.8397980660231], [74.52885165641912, 17.83984239465757], [74.52877753642504, 17.839886723280962], [74.52870341553263, 17.839931051893362], [74.52862929553852, 17.83997538134979], [74.52855517554445, 17.840019709940105], [74.52848105555034, 17.84006403851935], [74.52840693465792, 17.840108367087566], [74.52833281466386, 17.84015269564476], [74.52825869466974, 17.840197024190893], [74.52818457467566, 17.84024135272603], [74.52811045468155, 17.840285681250073], [74.52803633378915, 17.840330010618235], [74.52796221379506, 17.840374339120217], [74.52788809380095, 17.840418667611196], [74.52781397380687, 17.840462996091095], [74.52773985291448, 17.84050732455996], [74.52766573292038, 17.840551653017823], [74.52759161292629, 17.840595981464617], [74.5275174929322, 17.84064030990037], [74.5274433720398, 17.840684639180214], [74.52736925204569, 17.84072896759393], [74.5272951320516, 17.840773295996577], [74.5272210120575, 17.840817624388173], [74.52714689206343, 17.840861952768773], [74.527072771171, 17.84090628113829], [74.5269986511769, 17.84095060949678], [74.52692453118283, 17.840994937844265], [74.5268504111887, 17.841039267035804], [74.52677629029631, 17.841083595361177], [74.52670217030222, 17.841127923675508], [74.52662805030815, 17.841172251978822], [74.52662074610656, 17.84120294204749], [74.52659474167571, 17.8411233163156], [74.5265687381432, 17.841043691403186], [74.52654273461066, 17.84096406560004], [74.52651673017981, 17.84088443976127], [74.5264907266473, 17.840804814742], [74.52646472221645, 17.84072518883204], [74.5264387186839, 17.840645563741553], [74.5264127151514, 17.84056593776032], [74.52638671161884, 17.8404863125986], [74.52636070808633, 17.84040668654615], [74.5263347036555, 17.840327060458087], [74.52630870012294, 17.840247435189504], [74.52628269659041, 17.840167809030223], [74.52625669305787, 17.840088182835306], [74.52623068952536, 17.840008557459907], [74.52620468509451, 17.839928931193747], [74.52617868156197, 17.839849304892017], [74.52615267802946, 17.839769678554635], [74.52612667449692, 17.839690053036787], [74.5261006709644, 17.839610426628187], [74.52607466743184, 17.839530800183994], [74.52604866389935, 17.8394511745593], [74.52602266036679, 17.83937154804385], [74.52599665593594, 17.8392919214928], [74.52597065240343, 17.839212295761254], [74.52594464887089, 17.839132669139012], [74.52591864533838, 17.83905304248111], [74.52589264180583, 17.83897341578761], [74.52586663827331, 17.838893789058528], [74.52584063474077, 17.838814162293783], [74.52581463120826, 17.83873453549347], [74.52578862767571, 17.838654909512616], [74.5257626241432, 17.838575282641084], [74.52573662061069, 17.838495655733904], [74.52571061707813, 17.838416029646247], [74.52568461354562, 17.83833640266785], [74.52565861001307, 17.838256775653864], [74.52563260648056, 17.83817714860423], [74.52560660294802, 17.838097522374138], [74.5255805994155, 17.8380178952533], [74.52557374976143, 17.83793487151904], [74.5255669001074, 17.837851847746023], [74.52556005045336, 17.83776882307917], [74.52555320079932, 17.83768579922874], [74.5255463511453, 17.837602775339583], [74.52553950149122, 17.837519751411712], [74.52553265183718, 17.83743672659003], [74.52552580218317, 17.837353702584732], [74.52551895252913, 17.83727067854076], [74.52551210287508, 17.837187654458035], [74.52550525322103, 17.837104629481473], [74.52549840356698, 17.837021605321357], [74.52549155391294, 17.836938581122517], [74.52548470425891, 17.836855556884952], [74.52547785460487, 17.836772531753546], [74.52547100495082, 17.836689507438564], [74.52546415529677, 17.83660648308487], [74.52545730564273, 17.836523457837348], [74.52545045598872, 17.836440433406228], [74.52544360633468, 17.836357408936415], [74.5254367566806, 17.836274384427877], [74.52542990702658, 17.83619135988064], [74.52542305737254, 17.83610833443955], [74.5254162077185, 17.836025309814886], [74.52540935806446, 17.835942285151503], [74.5254025084104, 17.83585926044941], [74.52539565875637, 17.83577623485348], [74.52538880910232, 17.835693210073973], [74.5253819594483, 17.83561018525579], [74.52537510979427, 17.835527160398865], [74.52536826014018, 17.835444134648093], [74.52536141048616, 17.83536110971374], [74.52535456083213, 17.835278084740704], [74.52534771117809, 17.835195059728925], [74.52534086152404, 17.835112033823325], [74.52533401186999, 17.835029008734157], [74.52531504034951, 17.834945581688245], [74.52529606972735, 17.834862154603265], [74.52527709820684, 17.834778727479197], [74.52525812758468, 17.834695301171177], [74.5252391560642, 17.834611873968946], [74.52522018454371, 17.83452844672762], [74.52520121302324, 17.834445019447188], [74.52518224150273, 17.83436159212771], [74.52516326998226, 17.83427816476915], [74.52514429846177, 17.834194737371494], [74.52512532694129, 17.83411130993478], [74.52510635542079, 17.834027883314096], [74.52508738390034, 17.83394445579919], [74.52506841237982, 17.83386102824522], [74.52504944085936, 17.833777600652137], [74.52503046933886, 17.833694173019996], [74.5250114978184, 17.83361074534879], [74.5249925262979, 17.833527317638485], [74.52497355477742, 17.83344388988911], [74.52495458325693, 17.83336046295579], [74.52493561173641, 17.83327703512825], [74.52491664021596, 17.833193607261617], [74.52489766869546, 17.833110179355923], [74.52487869717498, 17.83302675141111], [74.5248597256545, 17.83294332342725], [74.52484075413402, 17.83285989540431], [74.52482178261351, 17.83277646734229], [74.52480281109304, 17.832693040096334], [74.52478383957255, 17.83260961195616], [74.52476486805207, 17.8325261837769], [74.52474589653157, 17.83244275555856], [74.52472651627762, 17.832359353810997], [74.52470713692202, 17.832275952879577], [74.5246877575664, 17.832192551053897], [74.52466837731245, 17.832109149189186], [74.52464899795683, 17.832025747285446], [74.52462961860122, 17.831942346197785], [74.52461023834728, 17.831858944215917], [74.52459085809332, 17.831775542194976], [74.5245714787377, 17.83169214099018], [74.52455209938208, 17.831608738891127], [74.52453271912815, 17.831525336753067], [74.52451333977253, 17.831441934575953], [74.5244939604169, 17.831358533214914], [74.52447458016296, 17.831275130959696], [74.52445519990901, 17.83119172866542], [74.5244358205534, 17.831108327187238], [74.52441644119774, 17.83102492481486], [74.52439706184214, 17.8309415224034], [74.52437768158819, 17.830858119952907], [74.52435830223257, 17.830774718318533], [74.52433892197861, 17.830691315789952], [74.524319542623, 17.830607913222327], [74.52430016326738, 17.83052451147078], [74.52428078301344, 17.830441108825042], [74.52426140365782, 17.830357706140234], [74.52424202340387, 17.83027430341639], [74.52422264404827, 17.83019090150867], [74.5242032637943, 17.830107498706738], [74.5241838844387, 17.830024095865763], [74.52416450508308, 17.829940693840882], [74.52414512482913, 17.829857290921804], [74.52412574547351, 17.829773887963672], [74.52410636521957, 17.829690484966456], [74.52408698586395, 17.82960708278542], [74.52406760650834, 17.829523679710114], [74.5240482262544, 17.82944027659579], [74.52402884689877, 17.82935687429757], [74.52400946664481, 17.829273471105157], [74.5239900872892, 17.8291900678737], [74.52397070703526, 17.829106664603145], [74.52395132767964, 17.829023262148773], [74.52393194832399, 17.828939858800133], [74.52391256807007, 17.82885645541247], [74.52389318871442, 17.828773052840926], [74.5238738093588, 17.82868964937518], [74.52385442910487, 17.828606245870382], [74.52383504885094, 17.828522842326542], [74.5238156694953, 17.82843943959881], [74.52379629013969, 17.82835603597688], [74.52377002879068, 17.82827578278707], [74.52374376833995, 17.828195530416345], [74.52371750699093, 17.828115277154232], [74.52369124654027, 17.828035024711205], [74.52366498608954, 17.827954771376795], [74.52363872563886, 17.827874518861467], [74.52361246428984, 17.827794265454756], [74.52358620383913, 17.827714012867077], [74.52355994249011, 17.827633759388107], [74.52353368203943, 17.82755350672815], [74.52350742069042, 17.827473253176866], [74.5234811602397, 17.827393000444598], [74.52345489889069, 17.82731274682101], [74.52342863843997, 17.827232494016457], [74.52340237798929, 17.82715224032057], [74.52337611753856, 17.827071987443716], [74.52334985618957, 17.826991733675527], [74.52332359484055, 17.826911479871196], [74.52329733438985, 17.826831226885883], [74.52327107393914, 17.826750973009254], [74.52324481348846, 17.82667071995164], [74.52321855213944, 17.82659046600272], [74.52319229168873, 17.826510212872822], [74.52316603033971, 17.82642995885159], [74.52313976988904, 17.82634970564939], [74.52311350853998, 17.82626945155587], [74.52308724808931, 17.82618919828137], [74.52306098674029, 17.82610894411556], [74.52303472628958, 17.82602869076876], [74.52300846494056, 17.825948436530652], [74.52298220448988, 17.825868183111563], [74.52295594314086, 17.825787928801155], [74.52292968269015, 17.82570767530978], [74.52290342134113, 17.82562742092707], [74.52286738272858, 17.8255493138899], [74.52283134501432, 17.825471207673747], [74.52279530640173, 17.825393100568107], [74.52275926778918, 17.82531499428347], [74.52272322917662, 17.825236887109348], [74.52268719056404, 17.825158779901038], [74.52265115195148, 17.825080673513646], [74.52261511333892, 17.825002566236854], [74.52257907562466, 17.824924459780988], [74.52254303701207, 17.824846352435724], [74.52250699839952, 17.82476824591139], [74.52247095978696, 17.82469013849764], [74.52243492117437, 17.82461203104966], [74.52239888346011, 17.824533924422617], [74.52236284484755, 17.824455816906163], [74.522326806235, 17.824377710210648], [74.52229076762241, 17.824299602625725], [74.52225472900986, 17.824221495006515], [74.52221869129559, 17.824143388208334], [74.52218265268304, 17.824065280520664], [74.52214661407045, 17.823987173653997], [74.5221105754579, 17.82390906589786], [74.52207453684531, 17.823830958107507], [74.52203849823276, 17.82375285113811], [74.5220024596202, 17.82367474327929], [74.52196642190594, 17.823596636241422], [74.52193038329335, 17.82351852831413], [74.5218943446808, 17.823440421207803], [74.52185830606824, 17.82336231321204], [74.52182226745565, 17.823284205182055], [74.52178622974142, 17.823206097973006], [74.52175019112883, 17.823127989874553], [74.52171415251628, 17.823049882597033], [74.52167811390369, 17.82297177443011], [74.52164207529113, 17.822893666228907], [74.52160603757687, 17.822815558848735], [74.52156999896431, 17.822737450579073], [74.52153396035173, 17.822659343130393], [74.52149792173917, 17.82258123479229], [74.52146188312662, 17.82250312641996], [74.52142584541237, 17.822425018868582], [74.52138980679977, 17.822346910427786], [74.52135376818723, 17.822268802807937], [74.52131772957466, 17.82219069429868], [74.52128169096208, 17.822112585755175], [74.52124565234952, 17.822034478032634], [74.52120961373696, 17.821956369420672], [74.5211735760227, 17.82187826162966], [74.52113753741011, 17.82180015294924], [74.52110149879756, 17.82172204508977], [74.521065460185, 17.821643936340877], [74.52102942157241, 17.821565827557723], [74.52099338385815, 17.821487719595584], [74.52095734524559, 17.821409610743974], [74.52092130663306, 17.821331502713353], [74.52088526802045, 17.821253393793295], [74.52084281543675, 17.82117890494643], [74.52080036285307, 17.82110441692367], [74.52075790937106, 17.821029928014543], [74.52071545678737, 17.82095543907432], [74.52067300420367, 17.820880950102932], [74.52063055161997, 17.820806461955648], [74.52058809903627, 17.820731972922008], [74.52054564555425, 17.820657483857225], [74.52050319297055, 17.82058299476131], [74.52046074038685, 17.8205085064895], [74.52041828780314, 17.820434017331323], [74.52037583432116, 17.820359528142053], [74.52033338173746, 17.820285038921625], [74.52029092915376, 17.82021055052529], [74.52024847657006, 17.820136061242586], [74.52020602398636, 17.820061571928765], [74.52016357050437, 17.81998708258381], [74.52012111792067, 17.819912594062966], [74.52007866533697, 17.81983810465575], [74.52003621275328, 17.819763615217443], [74.51999375927124, 17.819689125747963], [74.51995130668755, 17.819614637102593], [74.51990885410385, 17.819540147570866], [74.51986640152016, 17.819465658007992], [74.51982394893645, 17.819391168414015], [74.51978149635275, 17.819316679644132], [74.51973904287075, 17.81924218998788], [74.51969659028705, 17.819167700300532], [74.51965413770336, 17.819093210582032], [74.51961168511967, 17.819018721687623], [74.51956923253597, 17.81894423190687], [74.51952677905393, 17.818869742094986], [74.51948432647028, 17.81879525225196], [74.51944187388658, 17.818720763233053], [74.51939942130288, 17.81864627332781], [74.51935696782085, 17.818571783391402], [74.51931451523716, 17.818497293423874], [74.51927206265346, 17.818422804280456], [74.51922961006974, 17.818348314250667], [74.51918715658776, 17.818273824189756], [74.51914470400405, 17.818199334097717], [74.51910225142036, 17.818124844829796], [74.51905979883666, 17.81805035467553], [74.51901734625297, 17.817975864490098], [74.51897489277093, 17.81790137427356], [74.51893244018724, 17.81782688488113], [74.51888998760354, 17.817752394602326], [74.51884753501984, 17.817677904292392], [74.51880508243615, 17.81760341395134], [74.51876262985245, 17.817528924434395], [74.51872017637045, 17.81745443403113], [74.51867772378677, 17.817379943596688], [74.51863527120305, 17.817305453131134], [74.51859281861935, 17.817230963489692], [74.51855036513736, 17.817156472961877], [74.51850791255366, 17.817081982402943], [74.51846545996996, 17.81700749181292], [74.51842300738628, 17.816933002046937], [74.51838055390424, 17.81685851139466], [74.51833810132054, 17.81678402071123], [74.51829564873684, 17.816709529996665], [74.51825319615315, 17.816635040106224], [74.51821074356945, 17.81656054932941], [74.51816829008746, 17.816486058521477], [74.51812583750376, 17.81641156768244], [74.51808338492006, 17.81633707766747], [74.51804093233635, 17.816262586766197], [74.518130701881, 17.816263468512847], [74.51822047232397, 17.816264350259534], [74.51831024186866, 17.816265232006174], [74.5184000114133, 17.81626611375285], [74.51848978185627, 17.816266995499497], [74.51857955140093, 17.816267877246162], [74.5186693218439, 17.816268758992784], [74.51875909138855, 17.816269640739435], [74.51884886093322, 17.81627052248607], [74.5189386313762, 17.816271405087925], [74.51902840092085, 17.81627228683457], [74.5191181704655, 17.816273168581187], [74.51920794090847, 17.81627405032781], [74.51929771045315, 17.81627493207441], [74.5193874799978, 17.816275813821033], [74.51947725044077, 17.816276695567634], [74.51956701998542, 17.816277577314246], [74.51965678953009, 17.816278459060833], [74.51974655997303, 17.81627934080743], [74.51983632951772, 17.816280222554006], [74.5199260999607, 17.816281104300604], [74.52001586950533, 17.816281986047166], [74.52010563904999, 17.816282867793763], [74.52019540949296, 17.816283749540325], [74.52028517903763, 17.816284631286898], [74.52037494858229, 17.816285513888687], [74.52046471902526, 17.816286395635274], [74.5205544885699, 17.816287277381807], [74.52064425811457, 17.81628815912837], [74.52073402855756, 17.816289040874906], [74.5208237981022, 17.816289922621454], [74.52091356854518, 17.816290804367977], [74.52100333808983, 17.816291686114525], [74.52109310763447, 17.816292568716285], [74.52118287807744, 17.816293451318046], [74.52127264762213, 17.816294333064544], [74.52136241716678, 17.816295214811067], [74.52145218760975, 17.816296097412817], [74.52154195715438, 17.8162969791593], [74.52163172669907, 17.816297861761036], [74.52172149714205, 17.816298743507545], [74.5218112666867, 17.81629962610927], [74.52190103623134, 17.816300507855743], [74.52199080667431, 17.816301389602252], [74.522080576219, 17.81630227134871], [74.52217034666194, 17.816303153950447], [74.52226011620661, 17.816304035696906], [74.52234988575127, 17.816304918298606], [74.52243965619424, 17.816305800900302], [74.52252942573888, 17.816306682646776], [74.52261919528355, 17.816307564393206], [74.52270896572654, 17.816308446994892], [74.52279873527118, 17.81630932874135], [74.52288850481584, 17.816310211343023], [74.52297827525881, 17.816311093944684], [74.52306804480348, 17.816311975691104], [74.52315781434814, 17.816312857437552], [74.52324758479111, 17.81631374003921], [74.52333735433575, 17.816314621785608], [74.52342712477873, 17.816315503532042], [74.52351689432336, 17.816316385278473], [74.52360666386805, 17.81631726788011], [74.52369643431103, 17.81631815048174], [74.52378620385566, 17.81631903222811], [74.5238757236687, 17.81631693006261], [74.52396524348167, 17.8163148287523], [74.5240547632947, 17.81631272658671], [74.52414428310772, 17.816310625276365], [74.52423380202241, 17.816308523110745], [74.52432332183542, 17.81630642094511], [74.52441284164841, 17.81630431877944], [74.52450236146143, 17.816302216613746], [74.52459188127445, 17.81630011444801], [74.52468140108743, 17.816298012282264], [74.52477092090045, 17.8162959101165], [74.52486044071347, 17.816293807950704], [74.52494996052646, 17.816291705784895], [74.52503948033947, 17.816289603619058], [74.52512899925416, 17.816287501453196], [74.5252185190672, 17.816285399287295], [74.52530803888017, 17.816283297121384], [74.5253975586932, 17.816281194955444], [74.52548707850622, 17.816279092789483], [74.52557659831922, 17.816276990623507], [74.52566611813222, 17.816274888457453], [74.52575563794524, 17.816272786291414], [74.52584515775825, 17.81627068412535], [74.52593467757124, 17.81626858195927], [74.52602419648592, 17.816266479793153], [74.52611371629895, 17.816264377627025], [74.52620323611197, 17.816262275460858], [74.52629275592496, 17.816260173294665], [74.52638227573797, 17.81625807112846], [74.52647179555099, 17.816255968962228], [74.52656131536398, 17.81625386679597], [74.526650835177, 17.81625176462968], [74.52674035499003, 17.816249662463346], [74.5268298739047, 17.816247560297], [74.52691939371772, 17.816245458130645], [74.52700891353071, 17.81624335596426], [74.52709843334372, 17.816241253797838], [74.52718795315674, 17.816239151631418], [74.52727747296973, 17.816237049464956], [74.52736699278275, 17.816234947298472], [74.52745651259578, 17.816232845131974], [74.52754603240875, 17.816230742965427], [74.52763555222178, 17.816228640798876], [74.52772507113647, 17.81622653863229], [74.52781459094948, 17.816224436465653], [74.52790411076248, 17.816222334299013], [74.52799363057548, 17.816220232132352], [74.52808315038851, 17.816218129965677], [74.52817267020153, 17.816216027798973], [74.5282621900145, 17.816213925632233], [74.52835170982753, 17.816211823465483], [74.52844122964055, 17.816209721298705], [74.52853074945354, 17.8162076191319], [74.52862026836823, 17.81620551696506], [74.52870978818125, 17.81620341479822], [74.52879930799426, 17.8162013126313], [74.52888882780725, 17.816199210464397], [74.52897834762028, 17.816197108297466], [74.52906786743328, 17.81619500613051], [74.52915738724627, 17.81619290396353], [74.52924690705929, 17.816190801796523], [74.5293364268723, 17.81618869962949], [74.529425945787, 17.816186597462444], [74.52951546560003, 17.81618449529536], [74.529604985413, 17.816182393128265], [74.52969450522603, 17.81618029096113], [74.52978402503905, 17.816178188793984], [74.52987354485204, 17.816176086626776], [74.52996306466505, 17.816173984459564], [74.53005258447806, 17.81617188229234], [74.53014210429106, 17.816169780125094], [74.53023162410406, 17.816167677957818], [74.53032114301875, 17.816165575790507], [74.53041066283178, 17.81616347362318], [74.53050018264476, 17.816161371455834], [74.53058970245779, 17.81615926928847], [74.5306792222708, 17.816157167121055], [74.53076874208382, 17.81615506495363], [74.53085826189681, 17.816152962786177], [74.53094778170983, 17.816150860618674], [74.53103730152286, 17.81614875845117], [74.53112682043754, 17.816146656283642], [74.53121634025052, 17.816144554116104], [74.53130586006354, 17.816142451948522], [74.53139537987656, 17.81614034978093], [74.53148489968954, 17.8161382476133], [74.53157441950256, 17.816136145445647], [74.53166393931558, 17.816134043277977], [74.53175345912857, 17.81613194111028], [74.53184297894158, 17.816129838942565], [74.53193249875461, 17.816127736774806], [74.5320220176693, 17.816125634606998], [74.53211153748231, 17.816123532439203], [74.53220105729531, 17.816121430271384], [74.53229057710831, 17.816119328103536], [74.53238009692134, 17.816117225935677], [74.53246961673432, 17.816115123767766], [74.53255913654735, 17.816113021599858], [74.53264865636037, 17.816110919431907], [74.53273817617335, 17.816108817263935], [74.53282769598637, 17.816106715095934], [74.53291721490106, 17.816104612927923], [74.53300673471408, 17.816102510759873], [74.53309625452707, 17.816100408591772], [74.53318577434008, 17.816098306423672], [74.5332752941531, 17.816096204255558], [74.53336481396609, 17.81609410208742], [74.53345433377912, 17.816091999919244], [74.53354385359212, 17.816089897751052], [74.53363337340514, 17.816087795582824], [74.53372289231983, 17.816085693414585], [74.53381241213282, 17.81608359124632], [74.53390193194583, 17.816081489078027], [74.53399145175887, 17.81607938690971], [74.53408097157184, 17.81607728474134], [74.53417049138487, 17.816075182572973], [74.53426001119789, 17.816073080404568], [74.53434953101088, 17.816070978236148], [74.53443905082389, 17.816068876067717], [74.5345285706369, 17.816066773899248], [74.53461808955159, 17.81606467173075], [74.53470760936462, 17.816062569562245], [74.53479712917759, 17.816060467393697], [74.53488664899062, 17.81605836522514], [74.53497616880364, 17.81605626305654], [74.53506568861663, 17.816054160887933], [74.53515520842964, 17.816052058719258], [74.53524472824266, 17.816049956550597], [74.53533424805565, 17.8160478543819], [74.53542376786866, 17.81604575221319], [74.53551328678336, 17.81604365004445], [74.53560280659637, 17.816041547875688], [74.53569232640936, 17.81603944570689], [74.53578184622238, 17.816037343538074], [74.5358713660354, 17.81603524136925], [74.5359597638526, 17.81602514103771], [74.53604816077151, 17.81601504156086], [74.53613655858874, 17.816004941228226], [74.53622495640595, 17.815994841750232], [74.53631335422315, 17.8159847414164], [74.53640175114207, 17.81597464108205], [74.53649014895927, 17.815964540747085], [74.53657854677652, 17.815954440411577], [74.53666694369541, 17.81594434093072], [74.53675534151262, 17.81593424059404], [74.53684373932987, 17.815924140256826], [74.53693213624874, 17.815914040774253], [74.53702053406599, 17.815903940435856], [74.53710893188321, 17.815893840096898], [74.5371973297004, 17.815883739757382], [74.53728572661933, 17.815873640272518], [74.53737412443654, 17.815863539931843], [74.53746252225375, 17.815853439590608], [74.53755091917266, 17.815843339248786], [74.53763931698988, 17.815833238906407], [74.53772771480708, 17.81582313856343], [74.537816111726, 17.815813039075145], [74.53790450954321, 17.81580293873106], [74.53799290736042, 17.815792838386365], [74.53808130517766, 17.815782738041136], [74.53816970209655, 17.815772637695297], [74.53825809991376, 17.81576253734892], [74.538346497731, 17.815752437001947], [74.53843489464988, 17.81574233665443], [74.53852329246712, 17.8157322363063], [74.53861169028433, 17.81572213595761], [74.53870008720322, 17.815712035608374], [74.53878848502046, 17.815701935258538], [74.53887688283767, 17.815691834908144], [74.53896528065488, 17.815681734557163], [74.53905367757379, 17.815671634205636], [74.53914207539101, 17.81566153385351], [74.53922151251328, 17.81562829248742], [74.53930094963553, 17.815595050259887], [74.5393803867578, 17.815561808881405], [74.53945982388002, 17.815528567496678], [74.5395392610023, 17.815495326105793], [74.53961869812456, 17.815462084708685], [74.53960082165041, 17.81537998609427], [74.53958294427795, 17.81529788658677], [74.53956506780378, 17.815215787896722], [74.53954719132963, 17.815133689168864], [74.53952931485546, 17.81505158954798], [74.53951143838133, 17.814969490744513], [74.53949356190718, 17.814887391903238], [74.539475685433, 17.814805292168938], [74.53945780895887, 17.814723193252064], [74.53943993248471, 17.814641094297382], [74.53942205601055, 17.814558994449676], [74.53940417953639, 17.814476895419396], [74.53938630306226, 17.814394795496046], [74.53936842658811, 17.814312696390147], [74.53935055011394, 17.814230597246485], [74.5393326736398, 17.81414849720974], [74.53931479716563, 17.814066397990434], [74.53929692069148, 17.81398429873333], [74.53927904421731, 17.813902198583207], [74.53926116774318, 17.81382009925051], [74.53922109928824, 17.8137443783084], [74.53918102993497, 17.81366865733418], [74.53914096148004, 17.813592937182996], [74.53910089212681, 17.813517216144465], [74.53906082367187, 17.813441495073747], [74.53902075521694, 17.813365773970865], [74.5389806858637, 17.81329005283584], [74.53894061740877, 17.813214331668647], [74.53890054805551, 17.813138610469345], [74.53886047960057, 17.813062890093068], [74.53882041114564, 17.812987168829455], [74.5387803417924, 17.812911447533644], [74.53874027333747, 17.812835726205694], [74.53870020488253, 17.812760004845572], [74.53866013642761, 17.81268428345331], [74.53862006797267, 17.812608562028917], [74.53857999861944, 17.81253284057233], [74.53853993016449, 17.8124571190836], [74.53849986170957, 17.812381397562707], [74.53845979325463, 17.812305676009675], [74.5384197247997, 17.81222995442452], [74.53837965634476, 17.812154232807167], [74.5383395869915, 17.812078511157665], [74.53829951853656, 17.812002789476026], [74.53825945008163, 17.811927067762237], [74.53821938162673, 17.811851346016287], [74.53817931317178, 17.811775624238162], [74.53813924381852, 17.8116999024279], [74.5380991753636, 17.81162418058549], [74.53805910690865, 17.811548459566197], [74.53801903845371, 17.81147273765946], [74.53797896910048, 17.811397016575857], [74.53793890064556, 17.811321294604838], [74.53789883219062, 17.811245572601695], [74.53785876373567, 17.811169850566365], [74.53781869438242, 17.811094128498873], [74.53777862592752, 17.811018406399246], [74.53773855747258, 17.810942684267456], [74.53769848901764, 17.810866962103557], [74.53765842056272, 17.810791239907466], [74.53761835210777, 17.81071551767923], [74.53757828365285, 17.810639795418833], [74.53753821429959, 17.810564073126297], [74.53749814584464, 17.810488350801638], [74.5374580773897, 17.810412628444794], [74.53741800893481, 17.8103369060558], [74.53737794047987, 17.810261183634644], [74.53733787202493, 17.810185461181387], [74.53729780357001, 17.810109739551198], [74.53725773421674, 17.81003401703362], [74.5372176657618, 17.80995829448388], [74.53717759730688, 17.80988257190199], [74.53713752885193, 17.809806849287938], [74.53709746039699, 17.809731126641754], [74.53705739194207, 17.809655403963443], [74.53701732258884, 17.809579681252945], [74.5369772541339, 17.809503958510298], [74.53693718567895, 17.809428235735503], [74.53689711722403, 17.80935251292857], [74.5368570487691, 17.8092767900895], [74.53681698031416, 17.809201067218268], [74.53677691185922, 17.80912534431488], [74.53673684340428, 17.809049621379348], [74.53669677494936, 17.808973898411658], [74.53665670649445, 17.80889817541186], [74.53661663803952, 17.808822452379868], [74.53657656958458, 17.808746729315743], [74.53653650112965, 17.80867100621946], [74.53649643267471, 17.808595283946325], [74.53645636421979, 17.808519560785754], [74.53641629576484, 17.808443837593057], [74.5363762273099, 17.8083681143682], [74.53633615885498, 17.80829239111118], [74.53629609040004, 17.808216667822013], [74.5362560219451, 17.80814094450071], [74.53621595259186, 17.808065220292004], [74.53617588413694, 17.80798949690639], [74.536135815682, 17.80791377348864], [74.53609574722707, 17.807838050038765], [74.53605567877213, 17.807762326556727], [74.5360156103172, 17.807686603042526], [74.53597554096393, 17.807610879496192], [74.535935472509, 17.807535155917748], [74.5358954040541, 17.807459432307112], [74.53585533559915, 17.807383708664332], [74.53581526714423, 17.807307984989414], [74.5357751986893, 17.807232261282348], [74.53573513023436, 17.807156537543168], [74.53569506177942, 17.8070808137718], [74.53565499332448, 17.8070050899683], [74.53561492486955, 17.80692936613266], [74.53557485641461, 17.806853642264862], [74.53553478795968, 17.80677791836495], [74.53549471950475, 17.806702194432866], [74.53545465104982, 17.806626470468633], [74.53541458259487, 17.80655074647226], [74.53537451413995, 17.806475022443767], [74.53533444568501, 17.80639929838311], [74.53529613343646, 17.806322317880916], [74.5352578202896, 17.806245336490267], [74.53521950714273, 17.80616835592164], [74.53518119399588, 17.80609137446454], [74.5351428817473, 17.806014393829475], [74.53510456860043, 17.805937413161203], [74.53506625545359, 17.80586043160444], [74.53502794320501, 17.805783450869736], [74.53498963005813, 17.805706470101814], [74.5349513169113, 17.805629488445383], [74.53491300466273, 17.805552507611036], [74.53487469151585, 17.80547552588816], [74.53483637836902, 17.805398544987327], [74.53479806612043, 17.80532156405333], [74.53475975297357, 17.8052445822308], [74.53472143982673, 17.805167601230337], [74.53468312757815, 17.805090620196673], [74.53464481443127, 17.805013638274488], [74.53460650218273, 17.804936657174387], [74.53456818903587, 17.80485967518577], [74.53452987588902, 17.804782694019234], [74.53449156364044, 17.80470571281944], [74.53445325049357, 17.804628730731206], [74.53441493734674, 17.80455174946498], [74.53437662419985, 17.80447476731027], [74.53433831195127, 17.80439778597765], [74.53429999880444, 17.80432080461181], [74.53426168565758, 17.804243822357446], [74.53422337340899, 17.80416684092518], [74.53418506026215, 17.804089859459687], [74.53414674711529, 17.804012877105684], [74.53410843486671, 17.80393589557373], [74.53407012171988, 17.803858913153306], [74.53403180857299, 17.803781931554926], [74.53399349632441, 17.803704949923354], [74.53395518317758, 17.803627967403266], [74.53391687003071, 17.80355098570527], [74.53387855778216, 17.80347400397405], [74.53384024463529, 17.803397021354318], [74.53380193148841, 17.80332003955667], [74.53376361834155, 17.803243056870492], [74.533725306093, 17.80316607500641], [74.53368699294613, 17.803089093109097], [74.53364867979926, 17.803012110323277], [74.53361036755071, 17.802935128359554], [74.53357205440385, 17.80285814550731], [74.53353374125696, 17.802781163477167], [74.53349542900843, 17.80270418141379], [74.53345711586155, 17.80262719846191], [74.53341880271468, 17.80255021633211], [74.53338049046614, 17.80247323416908], [74.53334217731926, 17.802396251117585], [74.53330386507072, 17.80231926888811], [74.53326555192385, 17.802242285770152], [74.53322723877697, 17.8021653034743], [74.53318892652842, 17.802088321145234], [74.53315061338155, 17.802011337927624], [74.53311230023469, 17.801934355532136], [74.53307398798614, 17.801857373103427], [74.53303567483927, 17.801780389786177], [74.5329973616924, 17.801703407291008], [74.53295904854552, 17.801626423907372], [74.53292073629699, 17.80154944134578], [74.53288242315011, 17.80147245875101], [74.53284411000323, 17.80139547526771], [74.53280579775469, 17.801318492606516], [74.53276748460782, 17.801241509912106], [74.53272917146096, 17.801164526329163], [74.53269085921241, 17.801087543568343], [74.53265254606552, 17.80101055991898], [74.53261423291866, 17.800933577091712], [74.53257592067011, 17.800856594231224], [74.53253760752325, 17.80077961048222], [74.53249929527469, 17.800702627555335], [74.53246098212783, 17.800625643739906], [74.53242266898096, 17.8005486607466], [74.53238435673241, 17.80047167772009], [74.53234604358553, 17.800394693805032], [74.53230773043866, 17.800317710712086], [74.53226941819013, 17.80024072758591], [74.53223110504325, 17.80016374357125], [74.53219279189638, 17.80008676037865], [74.5321544787495, 17.800009776297582], [74.53211616650096, 17.79993279303856], [74.53207785335408, 17.799855809746372], [74.53203954020722, 17.799778825565625], [74.53200122795867, 17.79970184220701], [74.5319629148118, 17.799624858815182], [74.53192460166493, 17.79954787453481], [74.53188628941639, 17.799470891076567], [74.53184797626952, 17.799393906729783], [74.53180966312263, 17.799316923205097], [74.5317713508741, 17.79923993964723], [74.53173303772722, 17.799162955200817], [74.53169472547869, 17.799085971576527], [74.5316564123318, 17.799008987063704], [74.53161809918493, 17.79893200337299], [74.53157978693639, 17.798855019649086], [74.53154147378952, 17.798778035036623], [74.53150316064264, 17.798701051246308], [74.53146484749577, 17.798624067422736], [74.53142653434894, 17.798547082710698], [74.53138822210036, 17.79847009882072], [74.53134990895352, 17.798393114042216], [74.53131159580664, 17.79831613008585], [74.53127328355806, 17.798239146096282], [74.53123497041123, 17.79816216121818], [74.53119665726435, 17.798085177162186], [74.53115834501578, 17.798008193073], [74.53112003186894, 17.79793120809527], [74.53108171962036, 17.797854223939623], [74.53104340647349, 17.79777723889551], [74.53100509332664, 17.797700254673465], [74.53096678107806, 17.797623270418242], [74.5309284679312, 17.797546285274485], [74.53089015478436, 17.79746930095284], [74.53085184163749, 17.797392315742663], [74.53081352938891, 17.79731533135462], [74.53077521624208, 17.797238346933383], [74.5307369030952, 17.79716136162358], [74.53069859084667, 17.79708437713592], [74.53066027769978, 17.79700739261502], [74.5306219645529, 17.79693040720561], [74.53058365230437, 17.79685342261834], [74.5305453391575, 17.796776437142523], [74.53050702601061, 17.796699452488838], [74.53046871376208, 17.79662246780195], [74.5304304006152, 17.796545482226517], [74.53039208746834, 17.79646849747322], [74.5303537752198, 17.79639151268668], [74.53031546207292, 17.796314527011667], [74.53027714982433, 17.79623754215873], [74.5302388366775, 17.7961605564173], [74.53020052353064, 17.796083571497963], [74.53016318505584, 17.796008496500722], [74.53012584568275, 17.79593342061659], [74.53008850630964, 17.79585834555618], [74.53005116783484, 17.79578327046421], [74.53001382846176, 17.795708194485307], [74.52997648998696, 17.79563312018554], [74.52993915061388, 17.795558044143522], [74.5299018121391, 17.795482968925246], [74.52986447276596, 17.795407892820037], [74.52982713429118, 17.79533281753862], [74.52978979581643, 17.795257742225612], [74.52975245644332, 17.795182666025728], [74.52971511796852, 17.795107590649565], [74.52967777859544, 17.795032514386488], [74.52964044012064, 17.79495743894719], [74.52960310164586, 17.79488236347631], [74.52956576227277, 17.794807287118555], [74.52952842379798, 17.794732211584527], [74.52949108532319, 17.79465713601892], [74.52945374595011, 17.79458205956641], [74.52941640747532, 17.794506983937662], [74.52937906900053, 17.794431908277375], [74.5293417296274, 17.794356831730124], [74.52930439115266, 17.794281756006658], [74.52926705267787, 17.79420668025162], [74.52922971330476, 17.794131603609674], [74.52919237482996, 17.794056527791493], [74.5291550363552, 17.793981451941736], [74.52911769698208, 17.793906375205037], [74.5290803585073, 17.793831299292137], [74.5290430200325, 17.793756223347664], [74.52900568065942, 17.793681146516285], [74.52896834218463, 17.79360607050866], [74.52890250106421, 17.793548852327774], [74.52883665994376, 17.793491634128536], [74.52877081792502, 17.793434415055646], [74.52870497680459, 17.793377196819755], [74.52863913478583, 17.793319977710148], [74.52857329366542, 17.793262759437578], [74.52850745254497, 17.79320554029132], [74.52844161142451, 17.79314832198206], [74.5283757703041, 17.793091102799135], [74.52830992918366, 17.79303388445321], [74.52824408806323, 17.79297666523357], [74.52817824694282, 17.792919446850963], [74.52811240402572, 17.792862228450012], [74.52804656380363, 17.792805010030715], [74.52798072178486, 17.79274779073776], [74.52791488066444, 17.792690572281796], [74.52784903954398, 17.792633352952162], [74.52778319842355, 17.792576134459523], [74.52771735730312, 17.792518915093183], [74.5276515161827, 17.792461696563866], [74.52758567416393, 17.792404477160886], [74.52751983304351, 17.792347257739525], [74.52745399192308, 17.792290039155194], [74.52738815080262, 17.792232819697194], [74.52732230968219, 17.792175601076185], [74.52725646856177, 17.792118381581517], [74.52719062744134, 17.792061162923833], [74.52712478632091, 17.792003943392448], [74.52705894520045, 17.791946723842745], [74.52699310408002, 17.791889504274693], [74.52692726295959, 17.791832285543666], [74.52686142183917, 17.791775065938964], [74.52679558071874, 17.791717847171256], [74.52672973959828, 17.79166062752986], [74.52666389847785, 17.79160340872549], [74.52659805735743, 17.791546189047406], [74.526532216237, 17.791488969351015], [74.52646637511657, 17.791431749636253], [74.52640053399611, 17.791374530758524], [74.52633469287568, 17.79131731100712], [74.52626699583588, 17.791261248531683], [74.52619929879606, 17.791205186038628], [74.52613160175625, 17.791149123527987], [74.52606390381813, 17.791093060144373], [74.52599620677833, 17.791036997598546], [74.5259285097385, 17.79098093417973], [74.5258608126987, 17.790924870743332], [74.52579311565887, 17.790868807289314], [74.52572541861907, 17.79081274467303], [74.52565772157925, 17.790756681183836], [74.52559002453945, 17.790700618532348], [74.52552232749966, 17.79064455500794], [74.52545463045982, 17.79058849232125], [74.52538693342002, 17.790532428761637], [74.5253192363802, 17.790476366039734], [74.52525153934039, 17.790420302444893], [74.5251838423006, 17.790364239687825], [74.52511614526077, 17.79030817605777], [74.52504844822097, 17.790252113265485], [74.52498075028284, 17.79019604960024], [74.52491305324301, 17.790139986772754], [74.52484535620322, 17.790083923072295], [74.52477765916342, 17.790027860209605], [74.52470996212358, 17.789971796473942], [74.52464226508378, 17.789915733576052], [74.52457456804395, 17.789859669805175], [74.52453259965219, 17.78978686060888], [74.52449063036214, 17.789714051382905], [74.52444866197037, 17.789641242127235], [74.5244066926803, 17.789568432841886], [74.52436472428856, 17.789495623526843], [74.52432275499845, 17.789422814182117], [74.5242807866067, 17.7893500048077], [74.52423881731664, 17.78927719540359], [74.52419684892487, 17.78920438596981], [74.5241548796348, 17.78913157650632], [74.52411291124305, 17.789058767013167], [74.52407094285128, 17.788985957490308], [74.52402897356119, 17.788913147937777], [74.52398700516946, 17.788840338355556], [74.5239450367777, 17.788767528743637], [74.52390306748761, 17.788694718246663], [74.52386109819754, 17.788621908575383], [74.52381912980579, 17.788549098874412], [74.52377716051573, 17.78847628914376], [74.52373519212397, 17.788403479383426], [74.52369322373221, 17.7883306695934], [74.52365125444211, 17.788257859773676], [74.52360928605034, 17.788185049924287], [74.52356731676028, 17.788112240045205], [74.52352534836852, 17.78803943013643], [74.52348337907847, 17.78796662019797], [74.5234414106867, 17.787893810229843], [74.52339944139662, 17.787821000232025], [74.52335747300485, 17.78774819020451], [74.52331550371478, 17.78767538014733], [74.52327353532303, 17.787602570060443], [74.52335891659752, 17.78760354261815], [74.52344429877034, 17.78760451517587], [74.52352968004483, 17.787605487733565], [74.52361506221766, 17.78760646029126], [74.52370044349213, 17.78760743284898], [74.52378582566493, 17.78760840540666], [74.52387120693943, 17.78760937796433], [74.52395658911223, 17.787610350522037], [74.52404197038673, 17.78761132307971], [74.52412735166122, 17.787612295637363], [74.52421273383405, 17.787613268195045], [74.52429811510854, 17.78761424075269], [74.52438349728136, 17.78761521331037], [74.52446887855585, 17.787616185868004], [74.52455426072864, 17.787617158425633], [74.52463964200317, 17.78761813098329], [74.52472734362603, 17.787631710864055], [74.52481504614721, 17.7876452898884], [74.52490274777007, 17.787658869767093], [74.52499045029127, 17.787672449644752], [74.52507815191417, 17.787686029521396], [74.52516585443531, 17.787699608541608], [74.5252535560582, 17.787713188416177], [74.52534125768106, 17.787726768289716], [74.52542896020226, 17.787740347306833], [74.52551666182516, 17.787753927178287], [74.52560436434632, 17.787767507048734], [74.5256920659692, 17.787781086918137], [74.5257797684904, 17.78779466593115], [74.52586747011325, 17.78780824579849], [74.52595517173616, 17.787821825664793], [74.52604287425731, 17.787835404674684], [74.5261305758802, 17.787848984538922], [74.5262182784014, 17.787862564402133], [74.52630598002425, 17.78787614426431], [74.52639368254545, 17.787889723270066], [74.5264813841683, 17.787903303130186], [74.52656908579121, 17.787916882989258], [74.5266567883124, 17.787930461991948], [74.52674448993525, 17.787944041848924], [74.52683219245644, 17.78795762170491], [74.5269198940793, 17.78797120155986], [74.5270075966005, 17.78798478055843], [74.5270952982234, 17.787998360411308], [74.52718299984625, 17.788011940263143], [74.52727070236743, 17.788025519258582], [74.5273584039903, 17.788039099108367], [74.52744610651149, 17.78805267895711], [74.5275338081344, 17.788066258804836], [74.52762151065558, 17.788079837796143], [74.52770921227844, 17.788093417641793], [74.5277969139013, 17.788106997486416], [74.52788461642248, 17.788120576474654], [74.52797231804539, 17.788134156317202], [74.52806002056658, 17.788147736158695], [74.52814772218943, 17.788161315999194], [74.52823542471063, 17.7881748949833], [74.52832312633349, 17.788188474821723], [74.52840384804661, 17.78821874290581], [74.52848457065804, 17.78824901098483], [74.52856529237116, 17.78827927905869], [74.52864601408427, 17.788309547982784], [74.52872673669572, 17.78833981604636], [74.52880745840882, 17.78837008410485], [74.52888818102028, 17.7884003521582], [74.52896890273338, 17.788430620206384], [74.52904962444649, 17.788460888249478], [74.5291303470579, 17.788491156287392], [74.52921106877102, 17.788521425175574], [74.52929179048414, 17.788551693203274], [74.52937251309558, 17.788581961225837], [74.5294532348087, 17.788612229243245], [74.52953395742014, 17.78864249725555], [74.52961467913325, 17.788672765262707], [74.52969540084636, 17.788703034120125], [74.52977612345781, 17.788733302117024], [74.52985684517091, 17.7887635701088], [74.52993756688404, 17.78879383809542], [74.53001828949544, 17.78882410607695], [74.53009901120856, 17.788854374053344], [74.53017973382, 17.78888464202458], [74.53026045553311, 17.78891491084606], [74.53034117724623, 17.788945178807058], [74.53042189985767, 17.78897544676294], [74.53050262157079, 17.789005714713646], [74.53057762730374, 17.789046757690826], [74.53065263303671, 17.789087799803198], [74.53072763876968, 17.789128842761485], [74.53080264450261, 17.789169884854978], [74.5308776502356, 17.78921092779442], [74.53095265596855, 17.78925196986906], [74.53102766170153, 17.78929301278961], [74.53110266743448, 17.78933405570075], [74.53117767316746, 17.789375097747094], [74.53125267890042, 17.78941614063934], [74.53132768463337, 17.7894571826668], [74.53140268946801, 17.789498225540218], [74.53147769520099, 17.789539267548815], [74.53155270093393, 17.789580310403338], [74.53162770666692, 17.78962135239307], [74.53170271239986, 17.789662395228753], [74.53177771813282, 17.789703438054968], [74.5318527238658, 17.789744480016406], [74.53192772959875, 17.789785522823777], [74.53200273533173, 17.789826564766347], [74.53207774106468, 17.789867607554832], [74.53215274679762, 17.789908649478534], [74.53222775253062, 17.789949692248175], [74.5323108808304, 17.78997894899775], [74.53239401002845, 17.79000820574257], [74.53247713832822, 17.79003746248259], [74.53256026662797, 17.79006672007316], [74.53264339582606, 17.790095976803602], [74.5327265241258, 17.790125233529235], [74.53280965242557, 17.79015449025005], [74.53289278162363, 17.790183746966115], [74.53297590992341, 17.790213003677373], [74.53305903822319, 17.79024226038381], [74.53314216742125, 17.79027151794085], [74.53322529572101, 17.790300774637707], [74.53330842402079, 17.79033003132978], [74.53339155321885, 17.790359288017083], [74.53347468151863, 17.79038854469955], [74.53355780981836, 17.790417801377245], [74.53364093811814, 17.790447058050173], [74.53372406731621, 17.79047631557363], [74.53380719561598, 17.79050557223695], [74.53389032391574, 17.790534828895435], [74.5339734531138, 17.79056408554918], [74.53405658141358, 17.79059334219812], [74.53413970971336, 17.79062259884227], [74.53422283891142, 17.790651855481595], [74.53430596721118, 17.79068111297153], [74.53438909551093, 17.790710369601264], [74.53447222470903, 17.790739626226237], [74.53455535300877, 17.790768882846418], [74.53464275818763, 17.790775922431234], [74.53473016426474, 17.790782962015786], [74.53481756944359, 17.790790000744714], [74.53490497552073, 17.790797040328705], [74.53499238069956, 17.79080407991244], [74.53507978587837, 17.79081111949587], [74.53516719195552, 17.79081815822368], [74.53525459713438, 17.790825197806562], [74.5353420032115, 17.790832237389168], [74.53542940839034, 17.79083927697149], [74.53551681446748, 17.79084631655356], [74.53560421964632, 17.790853355279957], [74.53569162482512, 17.79086039486149], [74.53577903090228, 17.790867434442696], [74.53586643608112, 17.79087447402363], [74.53595384215825, 17.79088151274896], [74.5360412473371, 17.79088855232934], [74.53612865251591, 17.79089559190946], [74.53621605859306, 17.79090263148929], [74.53630346377187, 17.790909670213498], [74.53639086984903, 17.790916709792768], [74.53647827502787, 17.79092374937176], [74.53656533615194, 17.79092480060415], [74.53665239727601, 17.79092585098115], [74.5367394584001, 17.790926902213492], [74.53682651952417, 17.790927952590494], [74.53691358064823, 17.790929003822846], [74.53700064177232, 17.790930054199833], [74.53708770289639, 17.790931105432147], [74.53717476491879, 17.79093215580911], [74.53726182604285, 17.79093320704145], [74.53734888716694, 17.790934257418414], [74.537435948291, 17.790935308650702], [74.53752300941511, 17.79093635902764], [74.53761007053916, 17.790937410259954], [74.53769713166324, 17.79093846063688], [74.53778419278733, 17.79093951186918], [74.53787125391139, 17.790940562246107], [74.53795831503545, 17.790941613478356], [74.53804537615956, 17.79094266385527], [74.53813243728362, 17.790943715087533], [74.53821949840767, 17.79094476546443], [74.53830655953178, 17.790945816696656], [74.53839362155418, 17.790946867073544], [74.53848068267824, 17.790947918305793], [74.53856774380229, 17.790948968682656], [74.5386548049264, 17.790950019914856], [74.53874186605046, 17.79095107029173], [74.53882892717455, 17.790952121523954], [74.53891598829861, 17.79095317190079], [74.53900304942269, 17.790954223132964], [74.53909274710212, 17.790955323975826], [74.53918244567987, 17.79095642396326], [74.53927214335931, 17.790957524806057], [74.53936184103875, 17.790958624793515], [74.5394515396165, 17.790959725636313], [74.53954123729594, 17.790960826479097], [74.53963093497535, 17.79096192646653], [74.53972063355313, 17.79096302730929], [74.53981033123253, 17.79096412729672], [74.53990002891199, 17.79096522813947], [74.53998972659143, 17.790966328126874], [74.54007942516917, 17.790967428969623], [74.54016912284862, 17.790968529812357], [74.54025882052802, 17.79096962979975], [74.5403485191058, 17.790970730642474], [74.54043821678522, 17.790971830629854], [74.54052791446465, 17.79097293147255], [74.5406176130424, 17.790974032315248], [74.54070731072184, 17.790975132302602], [74.54079700840128, 17.790976233145297], [74.54088670697902, 17.790977333132602], [74.54097640465847, 17.7909784339753], [74.54106610233788, 17.790979533962606], [74.54115580001732, 17.790980634805262], [74.54124549859506, 17.790981735647946], [74.54133519627452, 17.790982835635226], [74.54142489395396, 17.790983936477872], [74.5415145925317, 17.790985036465152], [74.54160429021115, 17.790986137307783], [74.54169398789055, 17.790987238150404], [74.54178368646832, 17.79098833813767], [74.54187338414775, 17.790989438980276], [74.54196308182718, 17.79099053896754], [74.54205278040493, 17.790991639810137], [74.54214247808437, 17.790992739797378], [74.54223217576381, 17.79099384063996], [74.54232187434155, 17.79099494148253], [74.542411572021, 17.790996041469757], [74.54250126970041, 17.790997142312314], [74.54259096827819, 17.79099824229953], [74.54268066595759, 17.790999343142072], [74.54277036363705, 17.791000443984604], [74.54286006131649, 17.791001543971795], [74.54294975989423, 17.791002644814327], [74.54303945757367, 17.79100374480148], [74.54312915525308, 17.791004845644007], [74.54321885383085, 17.79100594563115], [74.54330855151028, 17.791007046473656], [74.54339588931548, 17.791014127106163], [74.54348322712063, 17.791021206883027], [74.54357056402752, 17.791028287514962], [74.54365790183272, 17.791035368146645], [74.54374523963789, 17.791042448777993], [74.54383257744306, 17.79104952855374], [74.54391991524825, 17.79105660918458], [74.54400725305342, 17.79106368981509], [74.5440945899603, 17.791070770445373], [74.54418192776546, 17.791077850219995], [74.54426926557068, 17.79108493084968], [74.54435660337585, 17.79109201147906], [74.54444394118104, 17.791099091252843], [74.54453127808792, 17.791106171881715], [74.54461861589309, 17.79111325251028], [74.54470595369826, 17.791120333138576], [74.54479329150347, 17.791127412911226], [74.54488062930862, 17.79113449353895], [74.54496796711383, 17.79114157416641], [74.5450553040207, 17.791148654793563], [74.54514264182588, 17.791155734565095], [74.54522997963105, 17.791162815191715], [74.54531244677078, 17.791180332855756], [74.54539491391049, 17.791197850518042], [74.54547738105019, 17.791215369034017], [74.54555984908824, 17.791232886692896], [74.54564231622794, 17.791250404350066], [74.54572478336765, 17.79126792200547], [74.54580725050737, 17.79128543965921], [74.54588971764706, 17.791302958166582], [74.54597218478678, 17.791320475816875], [74.54605465192651, 17.791337993465433], [74.54613711906622, 17.791355511112265], [74.54621958710422, 17.791373028757388], [74.54630205424397, 17.79139054640081], [74.54638452138367, 17.791408064897876], [74.54646698852338, 17.79142558253785], [74.54654945566308, 17.791443100176068], [74.54662096066137, 17.791487959178898], [74.5466924656597, 17.791532818170456], [74.54676397155629, 17.79157767715074], [74.54683547655462, 17.791622536119743], [74.54690698155291, 17.791667394222145], [74.54697848655121, 17.791712253168615], [74.54704999244782, 17.791757112103816], [74.54712149744613, 17.791801971027756], [74.54719300244442, 17.79184682994041], [74.54726450744272, 17.791891688841794], [74.54733601244104, 17.791936547731904], [74.54740751833762, 17.791981406610745], [74.54747902333595, 17.792026265478324], [74.54755052833426, 17.792071123479253], [74.54762203333254, 17.79211598232429], [74.54769353922917, 17.792160841158058], [74.54776504422746, 17.79220569998055], [74.54783654922575, 17.79225055879177], [74.54791901367054, 17.79226808319186], [74.54800147811528, 17.79228560844561], [74.54808394166173, 17.7923031328423], [74.54816640610652, 17.792320658092578], [74.54824887055128, 17.79233818248582], [74.54833133499605, 17.792355706877323], [74.54841379944081, 17.792373232122472], [74.54849626388558, 17.792390756510525], [74.54857872743203, 17.79240828089686], [74.54866119187679, 17.792425806136848], [74.54874365632156, 17.79244333051976], [74.54882612076634, 17.792460855756286], [74.5489085852111, 17.79247838013575], [74.54899104875754, 17.792495904513522], [74.54907351320233, 17.79251342974487], [74.54915597764708, 17.792530954119197], [74.5492432058578, 17.792521073992113], [74.54933043406854, 17.79251119386452], [74.54941766227924, 17.792501313736356], [74.54950488959165, 17.79249143360767], [74.54959211780238, 17.792481553478385], [74.5496793460131, 17.79247167334859], [74.54976657422381, 17.792461792362896], [74.5498538024345, 17.79245191223202], [74.54994103064523, 17.79244203210059], [74.55002825795765, 17.792432151968594], [74.55011548616834, 17.792422271836077], [74.55020271437907, 17.792412391702975], [74.5502917347288, 17.79241353102751], [74.5503807559768, 17.792414669496676], [74.55046977632654, 17.792415808821193], [74.55055879667623, 17.792416947290338], [74.55064781702593, 17.79241808661483], [74.55073683827396, 17.79241922508397], [74.5508258586237, 17.792420364408468], [74.55091487897339, 17.792421502877584], [74.55100389932309, 17.79242264220205], [74.55109292057112, 17.792423780671168], [74.55118194092083, 17.792424919995625], [74.55127096127056, 17.792426058464713], [74.55135998162025, 17.79242719778916], [74.55144900286828, 17.792428336258236], [74.55153802321799, 17.792429475582665], [74.55161997113146, 17.792455253223437], [74.55170191904496, 17.792481030860515], [74.5517838660601, 17.79250680849387], [74.55186581397359, 17.792532586978847], [74.55194776188708, 17.79255836460477], [74.55202970890223, 17.79258414222695], [74.55211165681571, 17.792609919845393], [74.55219360472921, 17.792635697460145], [74.5522755526427, 17.79266147507117], [74.55235750055614, 17.79268725267848], [74.55243944757133, 17.792713030282037], [74.55252139548477, 17.792738808737244], [74.55260334339826, 17.792764586333373], [74.55268529131175, 17.79279036392577], [74.55276723832691, 17.79281614151447], [74.55284918624038, 17.792841919099452], [74.55293071374233, 17.79285762497463], [74.55301224124423, 17.792873330848394], [74.55309376874618, 17.79288903586547], [74.55317529624809, 17.79290474173649], [74.5532568228517, 17.79292044760617], [74.55333835035361, 17.79293615347443], [74.55341987785556, 17.79295185848597], [74.55350140535747, 17.792967564351454], [74.55358293285941, 17.792983270215576], [74.5536676969913, 17.79298437532262], [74.55375246112318, 17.79298548042965], [74.5538372252551, 17.79298658553668], [74.55392198938699, 17.79298769149904], [74.55400675351886, 17.79298879660606], [74.55409151765076, 17.792989901713064], [74.55417628178267, 17.79299100682006], [74.55426104501623, 17.792992111927063], [74.55434580914815, 17.792993217034056], [74.55443057328003, 17.792994322141023], [74.55451533741191, 17.792995428103346], [74.55460010154384, 17.792996533210314], [74.55468486567571, 17.79299763831728], [74.55476962980761, 17.79299874342422], [74.55485781023252, 17.792984394995585], [74.55494599155577, 17.792970046565777], [74.55503417198067, 17.792955698134836], [74.55512235240559, 17.792941349702712], [74.55521053372884, 17.79292700126947], [74.55529871415375, 17.79291265283507], [74.55538689457866, 17.792898304399486], [74.5554750759019, 17.79288395596277], [74.55556325632682, 17.792869607524896], [74.55565143765006, 17.792855259085876], [74.55573961807498, 17.792840910645687], [74.55582779849992, 17.792826562204365], [74.55591597982314, 17.79281221376186], [74.55600416024804, 17.792797865318235], [74.55609234067299, 17.792783516873456], [74.5561805219962, 17.7927691684275], [74.55626870242115, 17.792754819980416], [74.55634374408672, 17.792799757345577], [74.55641878665061, 17.792844695554777], [74.55649382831618, 17.792889632897314], [74.55656887088007, 17.79293457022853], [74.55664391254564, 17.792979507548434], [74.55671895510955, 17.79302444571241], [74.55679399677511, 17.793069383009694], [74.55686903844067, 17.793114320295672], [74.55694408100456, 17.7931592584257], [74.55701912267014, 17.793204195689057], [74.55709416523403, 17.79324913294109], [74.55716920689959, 17.79329407018186], [74.5572442494635, 17.793339008266614], [74.55731929112906, 17.793383945484766], [74.55739433279462, 17.79342888269156], [74.55746937535852, 17.79347382074237], [74.55754441702409, 17.79351875792658], [74.55761945958798, 17.79356369509944], [74.55769450125355, 17.793608632260995], [74.55776954381744, 17.793653570266603], [74.55784458548305, 17.793698507405534], [74.55790021814859, 17.79376075837252], [74.55795584991581, 17.793823010173146], [74.55801148258135, 17.793885261096726], [74.55806711434857, 17.793947512853943], [74.55812274701411, 17.794009763734103], [74.55817837967966, 17.794072014592544], [74.55823401144691, 17.794134266284647], [74.55828964411245, 17.79419651709968], [74.55834527587967, 17.794258768748353], [74.55840090854521, 17.79432101951998], [74.55845654121076, 17.794383270269925], [74.558512172978, 17.794445521853447], [74.55856780564355, 17.794507772559975], [74.55862343741076, 17.79457002410007], [74.55867907007631, 17.79463227476319], [74.55875125060773, 17.794666191481976], [74.55882343113909, 17.794700108194363], [74.55889561167051, 17.7947340249003], [74.55896779310022, 17.79476794159976], [74.5590399736316, 17.794801857437456], [74.559112154163, 17.794835774124056], [74.55918433469438, 17.794869690804216], [74.55925651522578, 17.794903607477902], [74.55931870020304, 17.794851981906678], [74.55938088607857, 17.794800356320515], [74.55944307105578, 17.794748730719405], [74.55950525693135, 17.794697105103374], [74.55956744190856, 17.794645479472404], [74.55962962778409, 17.794593853826537], [74.55969181276134, 17.79454222816571], [74.55967601498874, 17.794624121680137], [74.55966021721616, 17.794706015157004], [74.55964441944357, 17.794787908596305], [74.55962862167098, 17.794869801998022], [74.55961282389839, 17.794951695362172], [74.5595970261258, 17.795033588688742], [74.55958122835322, 17.795115481977753], [74.55956542968232, 17.795197375229197], [74.55954963190973, 17.795279268443085], [74.55953383413714, 17.79536116161938], [74.55951803546625, 17.795443054758117], [74.55950223769368, 17.795524947859285], [74.55948643992109, 17.795606840922872], [74.55947064125016, 17.79568873480422], [74.55945484257927, 17.79577062779267], [74.55943904480668, 17.795852520743566], [74.5594232470341, 17.795934413656862], [74.55940744836322, 17.796016306532607], [74.55939165059063, 17.796098199370782], [74.55937585281804, 17.796180092171376], [74.55936005414712, 17.79626198493439], [74.55934425637453, 17.796343877659847], [74.55932845770364, 17.79642577034772], [74.55931265993105, 17.79650766299804], [74.55929686126014, 17.796589555610776], [74.55928106348757, 17.796671448185933], [74.55926526481666, 17.796753340723495], [74.55924946704405, 17.796835233223515], [74.55925491263135, 17.79691919643301], [74.55926035821858, 17.797003159603], [74.55926580380581, 17.797087123588817], [74.55927124939309, 17.797171086679807], [74.55927669498033, 17.7972550497313], [74.55928214056759, 17.79733901274331], [74.55928758615484, 17.79742297657112], [74.55929303174211, 17.797506939504135], [74.55929847732934, 17.797590902397634], [74.55930392291658, 17.797674865251643], [74.55930936850386, 17.797758828066165], [74.5593148140911, 17.797842791696475], [74.55932025967836, 17.79792675443199], [74.5593257052656, 17.798010717128005], [74.55933115085287, 17.798094679784487], [74.5593365964401, 17.798178643256836], [74.55934204202735, 17.798262605834342], [74.55934748761462, 17.79834656837232], [74.55935293320185, 17.798430530870846], [74.55935837878913, 17.798514493329847], [74.55936382437638, 17.79859845660467], [74.55936926996364, 17.798682418984676], [74.55937471555087, 17.79876638132519], [74.55938016113812, 17.798850343626192], [74.55938560672539, 17.798934305887705], [74.55939105231262, 17.799018268965014], [74.5593964978999, 17.799102231147522], [74.55940194348713, 17.799186193290527], [74.55940738907441, 17.799270155394026], [74.55941283466164, 17.799354118313328], [74.55941828024888, 17.799438080337836], [74.55942372583615, 17.79952204232283], [74.55944553693124, 17.799602797695062], [74.55946734802635, 17.799683553030757], [74.55948915912143, 17.799764308329923], [74.55951097021655, 17.799845063592528], [74.55953278131166, 17.799925818818608], [74.55955459240674, 17.80000657486344], [74.55957640350184, 17.80008733001644], [74.55959821459693, 17.800168085132878], [74.55962002569201, 17.800248840212767], [74.55964183678715, 17.80032959525614], [74.55966364788225, 17.80041035026294], [74.559685458079, 17.800491105233228], [74.5597072691741, 17.800571860166936], [74.5597290793709, 17.800652615064095], [74.55975089046598, 17.80073336992474], [74.55977270156107, 17.80081412560415], [74.5597945126562, 17.80089488039168], [74.55981632285297, 17.80097563514266], [74.55983813394806, 17.801056389857127], [74.55985994414485, 17.801137144535033], [74.55988175523996, 17.801217899176372], [74.55987679923452, 17.801299675872077], [74.55987184412743, 17.801381452530265], [74.55986688812202, 17.801463229150997], [74.55986193301489, 17.801545005734223], [74.55985697700947, 17.801626782279985], [74.55985202190234, 17.80170855878829], [74.55984706589693, 17.801790335259092], [74.55984211078984, 17.801872111692415], [74.55983715478442, 17.80195388894357], [74.5598321996773, 17.802035665301972], [74.55982724367188, 17.802117441622865], [74.55982228856479, 17.80219921790627], [74.55981733255933, 17.80228099415223], [74.55981237745225, 17.802362770360688], [74.55980742144683, 17.802444546531664], [74.5598024663397, 17.802526322665187], [74.55979751033429, 17.80260809876119], [74.55977487997566, 17.802688857868667], [74.55975224961702, 17.802769616084248], [74.55972961925838, 17.8028503751186], [74.55970698889973, 17.802931133261094], [74.55968435854112, 17.80301189222231], [74.55966172818248, 17.80309265029168], [74.55963909782383, 17.803173409179823], [74.55961646746518, 17.803254167176103], [74.55959383710653, 17.80333492599113], [74.55957120674792, 17.803415683914295], [74.55954857638928, 17.803496442656222], [74.55952594603063, 17.803577200506286], [74.55950331567199, 17.803657959175073], [74.55948068531337, 17.80373871695202], [74.55945805495473, 17.80381947554773], [74.55943542459609, 17.803900233251564], [74.55941279423743, 17.80398099177417], [74.55939016387883, 17.8040617494049], [74.55936753352019, 17.80414250785436], [74.55934490226325, 17.80422326626729], [74.55932227190459, 17.804304024643656], [74.55929964154595, 17.804384782128185], [74.5592770111873, 17.804465540431412], [74.55925438082869, 17.804546297842837], [74.55923175047005, 17.804627056072963], [74.5592091201114, 17.80470781341126], [74.55918648885445, 17.804788571568295], [74.55916385849581, 17.80486932883348], [74.55914122813716, 17.8049500869174], [74.55911859777855, 17.805030844109456], [74.55909596652158, 17.80511160212024], [74.55907333616292, 17.80519235838393], [74.55905070580432, 17.805273116321622], [74.55902807544567, 17.805353873367462], [74.55900544418873, 17.805434631232014], [74.55898281383007, 17.80551538820474], [74.55896018257314, 17.8055961459962], [74.55893755221449, 17.80567690289581], [74.55890354199782, 17.805754204408313], [74.55886953178117, 17.8058315058873], [74.55883552156453, 17.8059088064775], [74.55880151134787, 17.805986107889495], [74.55876750113121, 17.806063409268003], [74.55873349091453, 17.806140710613015], [74.55869947979956, 17.806218012779794], [74.55866546958292, 17.806295313202543], [74.55863145936628, 17.806372613591762], [74.5585974491496, 17.80644991480278], [74.55856343893295, 17.806527215980307], [74.55852942781799, 17.806604517979594], [74.5584954176013, 17.806681818234832], [74.55846140738467, 17.806759119311863], [74.55842739716802, 17.806836419500133], [74.55839338605305, 17.806913720510153], [74.55835937583637, 17.806991021486667], [74.55832536561974, 17.807068322429707], [74.55829135450476, 17.80714562333925], [74.55825734428808, 17.807222924215292], [74.55822333407144, 17.80730022420254], [74.55818932295647, 17.80737752501159], [74.55815531273981, 17.80745482578714], [74.55815009712127, 17.807539459667833], [74.55814488150273, 17.80762409350839], [74.55813966588418, 17.807708727308782], [74.55813445026565, 17.807793361069024], [74.55812923464711, 17.80787799478906], [74.55812401902857, 17.807962628468985], [74.55811880341003, 17.808047262108747], [74.5581135877915, 17.808131895708357], [74.55810837217295, 17.808216528412526], [74.55810315655442, 17.80830116193181], [74.55809794093587, 17.80838579541094], [74.55809272531735, 17.80847042884993], [74.55808750880047, 17.808555062248747], [74.55808229318191, 17.808639695607372], [74.55807707756341, 17.80872432892587], [74.55807186194485, 17.808808962204207], [74.55806664632631, 17.80889359544239], [74.55806143070777, 17.808978228640424], [74.55805621508925, 17.809062861798292], [74.5580509994707, 17.809147494915997], [74.55804578295385, 17.809232127993514], [74.55804056733531, 17.80931676103089], [74.55803535081846, 17.80940139402813], [74.55803013519993, 17.80948602698519], [74.55802491868307, 17.8095706599021], [74.55801970306452, 17.809655291923555], [74.55801448654765, 17.80973992476015], [74.55800927092913, 17.809824557556567], [74.55800405531059, 17.809909190312837], [74.55799883969203, 17.80999382302891], [74.5579936231752, 17.81007845570485], [74.55798840755665, 17.810163088340627], [74.5579831910398, 17.81024772093625], [74.55797797542124, 17.81033235349171], [74.55799524912584, 17.810415938310484], [74.55801252193213, 17.81049952223484], [74.55802979563674, 17.81058310697531], [74.55804706934134, 17.810666691676563], [74.55806434214762, 17.8107502754834], [74.55808161585222, 17.810833860106346], [74.5580988886585, 17.81091744383483], [74.55811616236309, 17.81100102837939], [74.5581334360677, 17.811084612884805], [74.55815070887397, 17.811168196495775], [74.55816798257858, 17.81125178092281], [74.55818525628317, 17.811335365310697], [74.55820252908947, 17.811418948804135], [74.55821980279404, 17.811502533113657], [74.55823707649867, 17.81158611738398], [74.55825434930492, 17.811669700759904], [74.55827162300955, 17.81175328495191], [74.55828889581579, 17.811836869104717], [74.5583061686221, 17.8119204523631], [74.55832344232671, 17.81200403643759], [74.55834071513297, 17.81208761961763], [74.55835798883759, 17.812171203613712], [74.55837526254217, 17.812254787570673], [74.55839253534846, 17.812338370633174], [74.55840980905305, 17.81242195451174], [74.55842708185934, 17.81250553835116], [74.55844435466564, 17.812589121296146], [74.55846162837021, 17.812672705057174], [74.5584789020748, 17.812756288779067], [74.5584961748811, 17.8128398716065], [74.55851344858571, 17.812923455249997], [74.55853072139197, 17.813007037999085], [74.55854799509659, 17.813090621564214], [74.55856526790288, 17.813174205090224], [74.55858254070914, 17.81325778772177], [74.55859981441375, 17.813341371169372], [74.55861708811834, 17.81342495457783], [74.55863436092464, 17.81350853709185], [74.55865163462921, 17.81359212042191], [74.55866890833384, 17.813675703712825], [74.55868618114009, 17.813759286109306], [74.55870345394639, 17.81384286932184], [74.55872072765096, 17.813926452495213], [74.55873800045727, 17.814010034774153], [74.55875527416188, 17.814093617869133], [74.55877254696814, 17.814177200069715], [74.55878982067276, 17.814260783086365], [74.55880709347906, 17.814344366063818], [74.55882436628531, 17.814427948146847], [74.55884163998994, 17.814511531045916], [74.55885107319871, 17.814596173551195], [74.55886050640751, 17.814680816016256], [74.55886993961632, 17.814765458441155], [74.55887937282512, 17.814850099970613], [74.5588888060339, 17.81493474231513], [74.55889823924272, 17.815019384619486], [74.55890767245151, 17.815104026883642], [74.55891710566029, 17.81518866910763], [74.55892653886912, 17.815273311291403], [74.5589359720779, 17.815357953435026], [74.55894540528669, 17.815442595538435], [74.55895483849551, 17.815527236746455], [74.5589642717043, 17.815611878769534], [74.55897370491311, 17.815696520752397], [74.5589831381219, 17.815781162695114], [74.55899257133069, 17.81586580459761], [74.55900200453951, 17.815950446459947], [74.5590114377483, 17.816035088282078], [74.55902087095708, 17.81611973006406], [74.5590303041659, 17.816204370950587], [74.55903973737469, 17.816289012652163], [74.55904917058348, 17.81637365431359], [74.5590586037923, 17.816458295934787], [74.55906803700108, 17.816542937515845], [74.55907747020987, 17.81662757905668], [74.5590869034187, 17.81671222055733], [74.55909633662748, 17.816796861162572], [74.55910576983626, 17.816881502582884], [74.55911520304508, 17.816966143962972], [74.55912463625387, 17.817050785302918], [74.55913406946266, 17.817135426602626], [74.55914350267147, 17.817220067862195], [74.55915293588028, 17.81730470908155], [74.55916236908905, 17.81738935026074], [74.55917180229788, 17.81747399054449], [74.55918123550666, 17.817558631643273], [74.55919066871544, 17.817643272701908], [74.55920010192426, 17.817727913720315], [74.55920953513305, 17.81781255469857], [74.55921896834187, 17.817897195636597], [74.55922840155067, 17.81798183653447], [74.55923783475946, 17.818066476536934], [74.55924726796827, 17.818151117354393], [74.55925670117706, 17.818235758131713], [74.55926613438584, 17.818320398868792], [74.55927556759467, 17.818405039565732], [74.55928500080344, 17.818489680222445], [74.55929443401224, 17.81857432083901], [74.55930386722106, 17.818658961415345], [74.55931330042985, 17.818743601096287], [74.55932273363864, 17.818828241592243], [74.55933216684745, 17.81891288204805], [74.55934160005624, 17.818997522463626], [74.55935103326503, 17.819082162839038], [74.55936046647385, 17.819166803174234], [74.55936989968264, 17.81925144346928], [74.55937933289142, 17.81933608372409], [74.55938876610024, 17.819420723083518], [74.55939819930903, 17.81950536325798], [74.55940763341614, 17.819590003392232], [74.55941706662495, 17.819674643486305], [74.55943540842641, 17.81975821366293], [74.55945375022787, 17.819841783800367], [74.55947209202934, 17.819925353898608], [74.55949043383085, 17.82000892395769], [74.55950877563231, 17.820092494832778], [74.55952711743377, 17.820176064813477], [74.55954545923525, 17.820259634754994], [74.55956380103672, 17.820343204657338], [74.5595821428382, 17.8204267745205], [74.55960048463966, 17.820510344344473], [74.5596188255428, 17.820593913274028], [74.55963716734426, 17.820677483019633], [74.55965550914577, 17.820761053581283], [74.55967385094723, 17.820844623248494], [74.55969219274871, 17.82092819287655], [74.55971053455018, 17.821011762465407], [74.55972887635166, 17.8210953320151], [74.5597472181531, 17.821178901525602], [74.55976555995458, 17.82126247099692], [74.55978390175605, 17.821346040429052], [74.55980224355753, 17.821429609821998], [74.55982058535899, 17.821513180030973], [74.55983892716047, 17.821596749345513], [74.55985726896192, 17.821680318620906], [74.5598756107634, 17.821763887857117], [74.55989395256486, 17.82184745705413], [74.55991229346803, 17.821931026211956], [74.55993063526951, 17.82201459533061], [74.55994897707097, 17.82209816441007], [74.55996731887245, 17.82218173430556], [74.55998565977562, 17.822265303306647], [74.5600040015771, 17.82234887226854], [74.56002234337856, 17.822432441191236], [74.56004068518003, 17.82251601007476], [74.56005902608317, 17.82259957891909], [74.56007736788463, 17.82268314772424], [74.56009570968611, 17.8227667164902], [74.56011405148757, 17.8228502860722], [74.56013239149242, 17.822933854759775], [74.56015073329388, 17.82301742340818], [74.56016907509539, 17.8231009920174], [74.56018741689687, 17.823184560587386], [74.56020575779999, 17.823268129118212], [74.56022409960146, 17.823351697609866], [74.56024244140293, 17.82343526606231], [74.5602607832044, 17.823518834475582], [74.56027912410757, 17.82360240370487], [74.56029746590904, 17.82368597203975], [74.56031580771051, 17.823769540335455], [74.56033414951199, 17.823853108591965], [74.56035249041516, 17.823936676809254], [74.56037083221663, 17.82402024498739], [74.56038917401808, 17.824103813126325], [74.56040751492122, 17.824187381226068], [74.5604258567227, 17.82427095014183], [74.56044419852417, 17.824354518163197], [74.56046253942733, 17.824438086145378], [74.56048088122881, 17.82452165408836], [74.56049922213195, 17.824605221992158], [74.56051756393342, 17.824688789856722], [74.56053590573488, 17.82477235768214], [74.56055424663805, 17.82485592546836], [74.56057258843953, 17.824939493215393], [74.56059093024099, 17.82502306177843], [74.56060927114416, 17.825106629447074], [74.56062761294564, 17.82519019707653], [74.56064595384878, 17.82527376466679], [74.56066429475194, 17.825357332217852], [74.56068263655342, 17.82544090058489], [74.56070097835489, 17.825524468057573], [74.56071931925803, 17.825608035491058], [74.56073766105949, 17.82569160374053], [74.56075600196267, 17.825775171095632], [74.56077434376414, 17.825858738411537], [74.56079268466732, 17.825942305688244], [74.56081102646877, 17.82602587292577], [74.56082359839115, 17.826109000557913], [74.56083617031356, 17.82619212815123], [74.56084874223598, 17.82627525570581], [74.56086131326006, 17.82635838322156], [74.56087388518245, 17.82644151069857], [74.56088645620656, 17.826524638136753], [74.56089902812894, 17.82660776553621], [74.56091159915302, 17.826690892896824], [74.56092417107543, 17.8267740202187], [74.56093674209951, 17.826857147501748], [74.56094931402191, 17.826940274746054], [74.56096188504601, 17.82702340195155], [74.5609744560701, 17.82710652826309], [74.5609870279925, 17.827189655391027], [74.56099959991488, 17.827272782480165], [74.56101217183729, 17.82735590953055], [74.56102474286138, 17.827439036542103], [74.56103731478377, 17.82752216351492], [74.56104988580786, 17.827605290448908], [74.56106245773029, 17.827688417344145], [74.56107502875436, 17.827771544200566], [74.56108760067673, 17.827854671018233], [74.56110017170084, 17.827937797797077], [74.56111274362324, 17.828020924537178], [74.56112531464731, 17.82810405123845], [74.56113788656972, 17.828187177900972], [74.5611504575938, 17.828270304524665], [74.56116302951622, 17.82835343110962], [74.56117560054031, 17.828436557655746], [74.5611881724627, 17.82851968416312], [74.5612007434868, 17.828602810631665], [74.56121331540918, 17.828685937061458], [74.56122588643329, 17.82876906345245], [74.56123845835566, 17.828852189804664], [74.56125102937975, 17.828935316118077], [74.56126360130217, 17.82901844239271], [74.56127617232625, 17.82910156862854], [74.56128874335033, 17.829184693970408], [74.56130131527273, 17.829267820128695], [74.56131388719515, 17.829350946248155], [74.56132645821924, 17.82943407232885], [74.56133903014161, 17.829517198370734], [74.56135160116573, 17.829600324373864], [74.56136417308811, 17.829683450338162], [74.5613767441122, 17.82976657626371], [74.56138931603459, 17.829849702150433], [74.56140188705868, 17.8299328279984], [74.5614144589811, 17.830015953807543], [74.56142703000518, 17.830099079577916], [74.56143960192759, 17.830182205309477], [74.56145543473447, 17.83026473666108], [74.56147126754134, 17.830347267119222], [74.56148710034822, 17.830429798394352], [74.56150293315508, 17.830512329631198], [74.56151876596199, 17.830594859974664], [74.56153459876887, 17.830677391135037], [74.56155043157575, 17.83075992225718], [74.56156626438263, 17.830842452485918], [74.5615820971895, 17.830924983531588], [74.56159792999641, 17.83100751453904], [74.56161376280329, 17.831090044653035], [74.56162959561017, 17.831172575584002], [74.56164542841705, 17.83125510647671], [74.56166126122392, 17.83133763647603], [74.56167709403083, 17.83142016729224], [74.56169292683771, 17.831502698070224], [74.56170875964457, 17.831585227954836], [74.56172459245145, 17.831667758656373], [74.56174042525834, 17.831750289319622], [74.56175625806523, 17.831832819089495], [74.56177209087211, 17.831915349676276], [74.56178792367899, 17.83199788022481], [74.56180375648587, 17.832080409879968], [74.56181958929275, 17.83216294035203], [74.56183542209965, 17.832245470785875], [74.56185125490653, 17.832328000326278], [74.56186708771341, 17.83241053068364], [74.56188292052028, 17.83249306100273], [74.56189875332716, 17.83257559042844], [74.56191458613407, 17.832658120671045], [74.56193041894093, 17.832740650875394], [74.56194625084949, 17.832823180186388], [74.5619620836564, 17.832905710314265], [74.56197791646326, 17.832988240403925], [74.56199374837186, 17.833070769600177], [74.56200958117871, 17.833153299613326], [74.5620254139856, 17.83323582958824], [74.56204124589419, 17.833318358669764], [74.56205707870106, 17.833400888568182], [74.56196837815159, 17.833409045864418], [74.56187967850042, 17.833417203160256], [74.56179097795096, 17.833425359600565], [74.56170227829982, 17.833433516895678], [74.56161357775032, 17.833441674190386], [74.56152487809919, 17.83344983148476], [74.56143617754971, 17.83345798877872], [74.56134747789855, 17.833466145217155], [74.56125877734908, 17.833474302510375], [74.56117007769795, 17.83348245980326], [74.56108137714848, 17.833490617095716], [74.56099267749731, 17.83349877353268], [74.56090397694784, 17.83350693082442], [74.56081527729668, 17.83351508811577], [74.5607265767472, 17.833523245406774], [74.56063787709607, 17.83353140269737], [74.56054917654662, 17.833539559132465], [74.56046047689544, 17.83354771642235], [74.56037177634597, 17.833555873711827], [74.5602830757965, 17.83356403100096], [74.56019437614533, 17.83357218828969], [74.56010567559586, 17.83358034472291], [74.56001697594473, 17.833588502010887], [74.55992827539528, 17.833596659298532], [74.5598395757441, 17.833604816585773], [74.55975087519462, 17.83361297387267], [74.55966217554347, 17.83362113030402], [74.559573474994, 17.83362928759014], [74.55948477534287, 17.8336374448759], [74.5593960747934, 17.833645602161283], [74.55930737514223, 17.833653758591147], [74.55921867459277, 17.83366191587579], [74.55912997494163, 17.83367007316003], [74.55904127439213, 17.833678230443933], [74.55895257474099, 17.833686387727433], [74.55886387419152, 17.83369454415544], [74.55877517454034, 17.833702701438224], [74.55868647399089, 17.833710858720604], [74.55859684907502, 17.83371276057565], [74.5585072241591, 17.833714661575566], [74.55841759924321, 17.833716563430603], [74.5583279743273, 17.8337184652856], [74.55823834851309, 17.83372036628545], [74.55814872359721, 17.83372226814041], [74.5580590986813, 17.833724169140208], [74.55796947376541, 17.833726070995155], [74.55787984884951, 17.833727972850053], [74.55779022393362, 17.8337298738498], [74.5577005990177, 17.83373177570466], [74.55761097410183, 17.83373367755953], [74.55752134918592, 17.833735578559203], [74.55743172337172, 17.833737480413998], [74.5573420984558, 17.833739382268803], [74.55725247353992, 17.8337412832684], [74.557162848624, 17.833743185123158], [74.55707322370813, 17.833745086977874], [74.55698359879221, 17.83374698797743], [74.55689397387634, 17.833748889832137], [74.55680434896043, 17.83375079083163], [74.55671472404455, 17.833752692686286], [74.55662509823033, 17.833754594540903], [74.55653547331441, 17.83375649554037], [74.55644584839854, 17.833758397394934], [74.55635622348262, 17.833760299249516], [74.55626659856675, 17.83376220024892], [74.55617697365084, 17.83376410210342], [74.55608734873496, 17.833766003957948], [74.55599772381905, 17.833767904957263], [74.55590809890316, 17.833769806811727], [74.55581847308895, 17.83377170781103], [74.55572884817305, 17.833773609665432], [74.55563922325716, 17.833775511519857], [74.55554959834126, 17.83377741251906], [74.55545997342536, 17.833779314373444], [74.55537094499078, 17.83377844468554], [74.55528191655625, 17.833777575852803], [74.55519288812171, 17.833776706164898], [74.55510386058548, 17.833775837332112], [74.55501483215093, 17.83377496764423], [74.55492580371639, 17.83377409795631], [74.55483677528183, 17.833773229123512], [74.55474774684727, 17.833772359435592], [74.55465871841274, 17.833771489747697], [74.55456969087649, 17.833770620914887], [74.55448066244196, 17.833769751226942], [74.55439163400742, 17.833768882394157], [74.55430260557287, 17.833768012706212], [74.5542135771383, 17.833767143018253], [74.55412454870375, 17.83376627418547], [74.55403552116752, 17.8337654044975], [74.55394649273298, 17.833764535664702], [74.55385746429845, 17.83376366597672], [74.55376843586389, 17.83376279628876], [74.55367940742936, 17.83376192745594], [74.55359037899478, 17.83376105776795], [74.55350135145858, 17.83376018893513], [74.553412323024, 17.833759319247132], [74.55332329458946, 17.833758449559124], [74.55323426615492, 17.833757580726264], [74.55314523772039, 17.833756711038294], [74.5530562092858, 17.833755841350282], [74.5529671817496, 17.83375497251741], [74.55287815331506, 17.83375410282939], [74.55278912488049, 17.83375323399653], [74.55270009644593, 17.833752364308506], [74.5526108631955, 17.83375532740486], [74.55252162994509, 17.8337582913563], [74.55243239669464, 17.83376125445254], [74.55234316344423, 17.83376421754875], [74.55225393019379, 17.83376718150004], [74.55216469784168, 17.833770144596112], [74.55207546459123, 17.833773107692174], [74.5519862313408, 17.833776071643335], [74.55189699809037, 17.83377903473927], [74.55180776483992, 17.833781997835178], [74.5517185315895, 17.833784961786186], [74.55162929833907, 17.833787924882003], [74.55154006508862, 17.833790887977734], [74.55145083183821, 17.83379385192859], [74.55136159858776, 17.833796815024257], [74.55127236623565, 17.833799778119847], [74.5511831329852, 17.83380274207055], [74.55109389973478, 17.833805705166075], [74.55100466648435, 17.833808668261515], [74.55091543323394, 17.83381163221206], [74.55082619998349, 17.833814595307437], [74.55073696673304, 17.833817558402735], [74.55064773348263, 17.833820522353133], [74.5505585002322, 17.833823485448367], [74.55046926698174, 17.833826448543512], [74.55038003373133, 17.833829412493767], [74.55029080137922, 17.833832375588848], [74.55020156812877, 17.833835339539018], [74.55011233487832, 17.833838302633946], [74.55002310162791, 17.83384126572889], [74.54993386837748, 17.833844229678903], [74.54984463512706, 17.833847192773703], [74.54975540187661, 17.833850155868483], [74.54966616862617, 17.833853119818343], [74.54957693537575, 17.833856082913005], [74.5494877021253, 17.83385904600763], [74.54939846887487, 17.83386200995735], [74.54930923652275, 17.833864973051885], [74.54922000327234, 17.83386793614633], [74.54913077002189, 17.8338709000959], [74.54904153677145, 17.83387386319031], [74.54895230352105, 17.8338768262846], [74.54886307027058, 17.833879790234032], [74.54877383702018, 17.83388275332826], [74.54868460376974, 17.83388571642241], [74.54859537051928, 17.833888680371704], [74.54850613726889, 17.833891643465794], [74.54841690491676, 17.833894606559806], [74.54832767166633, 17.833897570508917], [74.54823843841588, 17.833900533602865], [74.54814920516546, 17.83390349669674], [74.54805997191502, 17.83390646064571], [74.54797073866457, 17.83390942373951]], [[74.53695269419403, 17.797905955557844], [74.53704213765025, 17.79790170546069], [74.53713069177432, 17.797888996224057], [74.53721747711562, 17.797867956144582], [74.5373016312914, 17.79783879220737], [74.53738231707193, 17.797801796073568], [74.5374587331599, 17.79775733381663], [74.53753012047886, 17.79770584763315], [74.53759576846151, 17.797647850711265], [74.53765502493091, 17.79758391782229], [74.53770730238891, 17.797514684465828], [74.53775207981256, 17.797440840027356], [74.53778891253582, 17.797363116659405], [74.53781743404609, 17.7972822875711], [74.53783736227237, 17.79719915676443], [74.53784849778862, 17.79711454962599], [74.53785073010211, 17.79702930693978], [74.53784403765323, 17.79694427633396], [74.53782848691735, 17.796860302872354], [74.53780423150636, 17.796778220501057], [74.5377715139654, 17.79669884606114], [74.53773065768797, 17.796622967313812], [74.53768207050919, 17.796551338663694], [74.53762623392608, 17.796484672605082], [74.53756370399579, 17.796423631168587], [74.53749510055584, 17.796368820788878], [74.53742110722419, 17.796320787172185], [74.53734245882275, 17.79628000674291], [74.53725993598749, 17.796246884932653], [74.5371743597786, 17.796221751903207], [74.53708658090062, 17.796204855703852], [74.53699747161768, 17.7961963656924], [74.53690791677036, 17.7961963656924], [74.53681880748745, 17.796204855703852], [74.53673102860948, 17.796221751903207], [74.53664545240055, 17.796246884932653], [74.53656292956528, 17.79628000674291], [74.53648428116384, 17.796320787172185], [74.53641028783221, 17.796368820788878], [74.53634168439228, 17.796423631168587], [74.536279154462, 17.796484672605082], [74.53622331787888, 17.796551338663694], [74.5361747307001, 17.796622967313812], [74.53613387442267, 17.79669884606114], [74.53610115688168, 17.796778220501057], [74.53607690147074, 17.796860302872354], [74.53606135073484, 17.79694427633396], [74.53605465828596, 17.79702930693978], [74.53605689059945, 17.79711454962599], [74.5360680261157, 17.79719915676443], [74.53608795434198, 17.7972822875711], [74.53611647585225, 17.797363116659405], [74.53615330857552, 17.797440840027356], [74.53619808599917, 17.797514684465828], [74.53625036345713, 17.79758391782229], [74.53630961992653, 17.797647850711265], [74.53637526790918, 17.79770584763315], [74.53644665522818, 17.79775733381663], [74.53652307131614, 17.797801796073568], [74.53660375709664, 17.79783879220737], [74.53668791127247, 17.797867956144582], [74.53677469661375, 17.797888996224057], [74.53686325073781, 17.79790170546069], [74.53695269419403, 17.797905955557844]]]}}]}