{"type": "FeatureCollection", "features": [{"type": "Feature", "properties": {"premiumdata.sde.IN_Village_PCA.area": 40.20984666, "objectid": 98898, "id": "285204848669828", "name": "Beeram", "subdistrict": "G.Madugula", "district": "Visakhapatanam", "state": "Andhra Pradesh", "country": "India", "censusname": "Beeram", "villagename_locallang": null, "lgd_villagename": "Beeram", "lgd_villagecode": 584884, "lgd_subdistrictcode": 4848, "lgd_districtcode": 520, "lgd_statecode": 28, "censuscode2001": "01588400", "censuscode2011": "584884", "censuscode2021": null, "level": "Village", "tru": "Rural", "no_hh": 100, "tot_p": 314, "tot_m": 153, "tot_f": 161, "per_tot_m": 48.72611465, "per_tot_f": 51.27388535, "p_06": 47, "m_06": 29, "f_06": 18, "per_p_06": 14.96815287, "per_m_06": 61.70212766, "per_f_06": 38.29787234, "p_sc": 0, "m_sc": 0, "f_sc": 0, "per_p_sc": 0.0, "per_m_sc": 0.0, "per_f_sc": 0.0, "p_st": 312, "m_st": 151, "f_st": 161, "per_p_st": 99.36305732, "per_m_st": 48.3974359, "per_f_st": 51.6025641, "p_lit": 134, "m_lit": 88, "f_lit": 46, "per_p_lit": 42.67515924, "per_m_lit": 65.67164179, "per_f_lit": 34.32835821, "p_ill": 180, "m_ill": 65, "f_ill": 115, "per_p_ill": 57.32484076, "per_m_ill": 36.11111111, "per_f_ill": 63.88888889, "tot_work_p": 226, "tot_work_m": 100, "tot_work_f": 126, "per_tot_work_p": 71.97452229000001, "per_tot_work_m": 44.24778761, "per_tot_work_f": 55.75221239, "mainwork_p": 222, "mainwork_m": 98, "mainwork_f": 124, "per_mainwork_p": 70.70063694, "per_mainwork_m": 44.14414414, "per_mainwork_f": 55.85585586000001, "main_cl_p": 221, "main_cl_m": 98, "main_cl_f": 123, "per_main_cl_p": 99.54954955, "per_main_cl_m": 44.3438914, "per_main_cl_f": 55.6561086, "main_al_p": 1, "main_al_m": 0, "main_al_f": 1, "per_main_al_p": 0.45045045, "per_main_al_m": 0.0, "per_main_al_f": 100.0, "main_hh_p": 0, "main_hh_m": 0, "main_hh_f": 0, "per_main_hh_p": 0.0, "per_main_hh_m": 0.0, "per_main_hh_f": 0.0, "main_ot_p": 0, "main_ot_m": 0, "main_ot_f": 0, "per_main_ot_p": 0.0, "per_main_ot_m": 0.0, "per_main_ot_f": 0.0, "margwork_p": 4, "margwork_m": 2, "margwork_f": 2, "per_margwork_p": 1.27388535, "per_margwork_m": 50.0, "per_margwork_f": 50.0, "marg_cl_p": 1, "marg_cl_m": 0, "marg_cl_f": 1, "per_marg_cl_p": 25.0, "per_marg_cl_m": 0.0, "per_marg_cl_f": 100.0, "marg_al_p": 0, "marg_al_m": 0, "marg_al_f": 0, "per_marg_al_p": 0.0, "per_marg_al_m": 0.0, "per_marg_al_f": 0.0, "marg_hh_p": 0, "marg_hh_m": 0, "marg_hh_f": 0, "per_marg_hh_p": 0.0, "per_marg_hh_m": 0.0, "per_marg_hh_f": 0.0, "marg_ot_p": 3, "marg_ot_m": 2, "marg_ot_f": 1, "per_marg_ot_p": 75.0, "per_marg_ot_m": 66.66666667, "per_marg_ot_f": 33.33333333, "margwork_3_6_p": 4, "margwork_3_6_m": 2, "margwork_3_6_f": 2, "per_margwork_3_6_p": 100.0, "per_margwork_3_6_m": 50.0, "per_margwork_3_6_f": 50.0, "marg_cl_3_6_p": 1, "marg_cl_3_6_m": 0, "marg_cl_3_6_f": 1, "per_marg_cl_3_6_p": 25.0, "per_marg_cl_3_6_m": 0.0, "per_marg_cl_3_6_f": 100.0, "marg_al_3_6_p": 0, "marg_al_3_6_m": 0, "marg_al_3_6_f": 0, "per_marg_al_3_6_p": 0.0, "per_marg_al_3_6_m": 0.0, "per_marg_al_3_6_f": 0.0, "marg_hh_3_6_p": 0, "marg_hh_3_6_m": 0, "marg_hh_3_6_f": 0, "per_marg_hh_3_6_p": 0.0, "per_marg_hh_3_6_m": 0.0, "per_marg_hh_3_6_f": 0.0, "marg_ot_3_6_p": 3, "marg_ot_3_6_m": 2, "marg_ot_3_6_f": 1, "per_marg_ot_3_6_p": 75.0, "per_marg_ot_3_6_m": 66.66666667, "per_marg_ot_3_6_f": 33.33333333, "margwork_0_3_p": 0, "margwork_0_3_m": 0, "margwork_0_3_f": 0, "per_margwork_0_3_p": 0.0, "per_margwork_0_3_m": 0.0, "per_margwork_0_3_f": 0.0, "marg_cl_0_3_p": 0, "marg_cl_0_3_m": 0, "marg_cl_0_3_f": 0, "per_marg_cl_0_3_p": 0.0, "per_marg_cl_0_3_m": 0.0, "per_marg_cl_0_3_f": 0.0, "marg_al_0_3_p": 0, "marg_al_0_3_m": 0, "marg_al_0_3_f": 0, "per_marg_al_0_3_p": 0.0, "per_marg_al_0_3_m": 0.0, "per_marg_al_0_3_f": 0.0, "marg_hh_0_3_p": 0, "marg_hh_0_3_m": 0, "marg_hh_0_3_f": 0, "per_marg_hh_0_3_p": 0.0, "per_marg_hh_0_3_m": 0.0, "per_marg_hh_0_3_f": 0.0, "marg_ot_0_3_p": 0, "marg_ot_0_3_m": 0, "marg_ot_0_3_f": 0, "per_marg_ot_0_3_p": 0.0, "per_marg_ot_0_3_m": 0.0, "per_marg_ot_0_3_f": 0.0, "non_work_p": 88, "non_work_m": 53, "non_work_f": 35, "per_non_work_p": 28.02547771, "per_non_work_m": 60.22727273, "per_non_work_f": 39.77272727, "per_hc_tot_tot": 100, "per_hc_tot_god": 94.0, "per_hc_tot_liv": 6.0, "per_hc_tot_dil": 0.0, "per_hc_res_tot": 100.0, "per_hc_res_god": 94.0, "per_hc_res_liv": 6.0, "per_hc_res_dil": 0.0, "per_hc_oth_tot": 0.0, "per_hc_oth_god": 0.0, "per_hc_oth_liv": 0.0, "per_hc_oth_dil": 0.0, "per_mt_grsbam": 19.0, "per_mt_plastic": 0.0, "per_mt_h_tiles": 0.0, "per_mt_m_tiles": 70.2, "per_mt_b_brick": 0.0, "per_mt_stone": 0.0, "per_mt_asbstos": 10.7, "per_mt_concrte": 0.0, "per_mt_oth": 0.0, "per_mw_grsbam": 2.4, "per_mw_plastic": 0.0, "per_mw_mud": 85.7, "per_mw_wood": 1.2, "per_mw_no_mrtr": 0.0, "per_mw_st_mrtr": 10.7, "per_mw_asbstos": 0.0, "per_mw_b_brick": 0.0, "per_mw_concrte": 0.0, "per_mw_oth": 0.0, "per_mf_mud": 86.9, "per_mf_wood": 0.0, "per_mf_b_brick": 0.0, "per_mf_stone": 0.0, "per_mf_cement": 13.1, "per_mf_fl_tile": 0.0, "per_mf_oth": 0.0, "per_dw_n_exrm": 6.0, "per_dw_1_room": 65.5, "per_dw_2_room": 25.0, "per_dw_3_room": 2.4, "per_dw_4_room": 1.2, "per_dw_5_room": 0.0, "per_dw_6_room": 0.0, "per_hhsize_1": 6.0, "per_hhsize_2": 20.2, "per_hhsize_3": 23.8, "per_hhsize_4": 28.6, "per_hhsize_5": 14.3, "per_hhsize_6_8": 7.1, "per_hhsize_9p": 0.0, "per_ow_owned": 100.0, "per_ow_rented": 0.0, "per_ow_oth": 0.0, "per_mc_none": 19.0, "per_mcouple_1": 75.0, "per_mcouple_2": 6.0, "per_mcouple_3": 0.0, "per_mcouple_4": 0.0, "per_mcouple_5p": 0.0, "per_dw_t_ts": 0.0, "per_dw_t_unts": 0.0, "per_dw_c_well": 0.0, "per_dw_unc_wel": 13.1, "per_dw_hpump": 0.0, "per_dw_tw_bore": 0.0, "per_dw_spring": 86.9, "per_dw_rivcan": 0.0, "per_dw_tank": 0.0, "per_dw_oth": 0.0, "per_loc_dw_wp": 0.0, "per_loc_dw_np": 1.2, "per_loc_dw_aw": 98.8, "per_light_elec": 66.7, "per_light_kero": 33.3, "per_light_solr": 0.0, "per_light_oil": 0.0, "per_light_oth": 0.0, "per_light_no": 0.0, "per_hh_latrine": 0.0, "per_fl_sewer": 0.0, "per_fl_septict": 0.0, "per_fl_othsys": 0.0, "per_pl_wslab": 0.0, "per_pl_without": 0.0, "per_ns_open": 0.0, "per_sl_ns_hum": 0.0, "per_sl_ns_anml": 0.0, "per_hh_no_lat": 100.0, "per_as_pub": 0.0, "per_as_open": 100.0, "per_hh_bathrm": 0.0, "per_hh_en_wrf": 0.0, "per_hh_no_btrm": 100.0, "per_wwoc_drain": 0.0, "per_wwoc_open": 4.8, "per_wwoc_nodrn": 95.2, "per_cook_fire": 96.4, "per_cook_resdu": 0.0, "per_cook_cwdng": 0.0, "per_cook_coal": 0.0, "per_cook_kero": 0.0, "per_cook_lpng": 3.6, "per_cook_elec": 0.0, "per_cook_biogs": 0.0, "per_cook_oth": 0.0, "per_cook_no": 0.0, "per_kf_inside": 88.1, "per_kf_in_has": 9.5, "per_kf_in_does": 78.6, "per_kf_outside": 11.9, "per_kf_out_has": 0.0, "per_kf_out_dos": 11.9, "per_kf_no_cook": 0.0, "per_hh_banking": 79.8, "per_hh_radio": 9.5, "per_hh_tv": 26.2, "per_hh_cmp_int": 0.0, "per_hh_cmp_wnt": 0.0, "per_hh_ph_ll": 0.0, "per_hh_ph_mob": 0.0, "per_hh_ph_bth": 0.0, "per_hh_bcycl": 0.0, "per_hh_2wheel": 2.4, "per_hh_4wheel": 0.0, "per_hh_tvcomp": 0.0, "per_hh_no_ast": 67.9, "per_hs_perma": 10.7, "per_hs_sperma": 70.2, "per_hs_temp": 19.0, "per_hs_servc": 16.7, "per_hs_nservc": 2.4, "per_hs_unclss": 0.0, "avghhsz_cy": 3.14, "st_areashape": 44700123.98516486, "st_lengthshape": 43392.98796706745}, "geometry": {"type": "Polygon", "coordinates": [[[82.50045999990267, 18.096590000412846], [82.50037918925634, 18.096622433311794], [82.50029837861003, 18.096654865350846], [82.50021756706536, 18.09668729823776], [82.50013675641904, 18.096719730264816], [82.50005594577271, 18.096752163139758], [82.49997513512639, 18.09678459515483], [82.49989432448005, 18.09681702801775], [82.4998135129354, 18.09684946087469], [82.49973270228907, 18.09688189287176], [82.49965189164276, 18.096914325716693], [82.49957108099643, 18.09694675770174], [82.4994902703501, 18.096979190534697], [82.49940945970377, 18.09701162250776], [82.49932864815912, 18.097044055328684], [82.49924783751278, 18.097076488143642], [82.49916702686646, 18.0971089200987], [82.49908621622015, 18.097141352901623], [82.49900540557381, 18.09717378484469], [82.49892459402916, 18.09720621763565], [82.49884378338282, 18.09723864956672], [82.4987629727365, 18.097271082345646], [82.49868216209018, 18.097303514264716], [82.49860135144385, 18.097335947031674], [82.49852053989919, 18.09736837979261], [82.49843972925288, 18.097400811693678], [82.49835891860654, 18.097433244442634], [82.49827810796022, 18.097465676331705], [82.4981972973139, 18.097498109068635], [82.49811648666756, 18.09753054094571], [82.4980356751229, 18.097562973670684], [82.49795486447658, 18.097595406389612], [82.49787405383026, 18.097627838248684], [82.49779324318393, 18.097660270955654], [82.49771243253761, 18.097692702802718], [82.49763162099295, 18.09772513549765], [82.49755081034662, 18.09775756733273], [82.49746999970029, 18.097790000015696], [82.49739897889394, 18.097840000283426], [82.49732795898588, 18.097890000536875], [82.49725693817952, 18.097940000776084], [82.49718591827148, 18.097990001001044], [82.4971148974651, 18.098040001211693], [82.49704387755708, 18.098090001408146], [82.49697285675072, 18.098140002444172], [82.49690183684265, 18.098190002612085], [82.4968308160363, 18.09824000276574], [82.49675979522995, 18.098290002905106], [82.49668877532189, 18.098340003030238], [82.49661775451553, 18.098390003141116], [82.49654673460749, 18.098440003237723], [82.4964757138011, 18.098490003320045], [82.49640469389308, 18.09854000338814], [82.49633367308671, 18.098590003441974], [82.49626265317866, 18.09864000348152], [82.49619163237229, 18.09869000350682], [82.49612061156594, 18.09874000351787], [82.49604959075958, 18.098790003514633], [82.49597856995322, 18.098840003497173], [82.49590755004516, 18.09889000346544], [82.4958365292388, 18.098940003419454], [82.49576550933075, 18.09899000335917], [82.49569448852438, 18.099040003284664], [82.49562346861636, 18.09909000319588], [82.49555244780997, 18.099140003092824], [82.49548142790194, 18.09919000297552], [82.49541040709558, 18.099240002843967], [82.49533938628922, 18.099290002698112], [82.49526836638115, 18.09934000253805], [82.49519734557481, 18.09939000321755], [82.49512632566675, 18.099440003028963], [82.49505530486039, 18.0994900028261], [82.49498428495232, 18.09954000260895], [82.49491326414596, 18.099590002377568], [82.49484224423794, 18.099640002131935], [82.49477122343158, 18.099690001872027], [82.49470020352352, 18.09974000159783], [82.49462918271716, 18.099790001309398], [82.4945581619108, 18.099840001006704], [82.49448714200275, 18.09989000068974], [82.49441612119638, 18.0999400012124], [82.49434510128833, 18.099990000866896], [82.49427408048196, 18.100040000507157], [82.49420306057394, 18.100090000133168], [82.49413204066589, 18.100139999744883], [82.49406102075785, 18.10018999934237], [82.49398999995147, 18.100239999779436], [82.49391888931359, 18.10028612623305], [82.49384777867569, 18.10033225267453], [82.4937766680378, 18.100378379103862], [82.49370555739992, 18.100424505521065], [82.49363444676202, 18.100470631926136], [82.49356333522582, 18.10051675917292], [82.49349222458792, 18.1005628855537], [82.49342111395002, 18.10060901192236], [82.49335000331214, 18.100655138278864], [82.49327889267425, 18.10070126462321], [82.49320778203635, 18.100747390955444], [82.49317459737144, 18.10066809645196], [82.49314141270654, 18.100588801912554], [82.49310822804162, 18.10050950819116], [82.49307504337672, 18.100430213580037], [82.49304185781351, 18.100350918933025], [82.4930086731486, 18.100271624250187], [82.49297548848368, 18.10019232953143], [82.49294230381877, 18.100113034776815], [82.49290911915386, 18.100033740840225], [82.49287593448895, 18.099954446013907], [82.49284274982405, 18.099875151151682], [82.49280956515913, 18.099795856253596], [82.49277638049422, 18.099716561319635], [82.4927431958293, 18.0996372672037], [82.49271001026607, 18.099557972198035], [82.49267682560117, 18.09947867715647], [82.49264364093625, 18.09939938207905], [82.49261045627134, 18.099320086965783], [82.49257727160642, 18.099240791816623], [82.49254408694152, 18.099161497485465], [82.4925109022766, 18.099082202264565], [82.4924777176117, 18.0990029070078], [82.49244453294679, 18.0989236117152], [82.49241134828188, 18.09884431638671], [82.49237816271864, 18.098765021876233], [82.49234497805372, 18.098685726476], [82.49231179338882, 18.098606431039894], [82.4922786087239, 18.09852713556797], [82.49224542405899, 18.098447840060135], [82.49221223939408, 18.098368544516436], [82.49217905472918, 18.09828924979076], [82.49214587006426, 18.09820995417537], [82.49211268539936, 18.09813065852408], [82.49207950073443, 18.098051362836923], [82.49204631517124, 18.097972067113894], [82.49201313050632, 18.097892772208887], [82.49197994584141, 18.097813476414164], [82.49194676117651, 18.09773418058355], [82.49191357651159, 18.097654884717063], [82.49188039184669, 18.09757558881474], [82.49184720718178, 18.097496292876535], [82.49181402251686, 18.097416997756344], [82.49178083785195, 18.0973377017464], [82.49174765318703, 18.097258405700593], [82.49171446762381, 18.09717910961896], [82.4916812829589, 18.097099813501423], [82.49164809829398, 18.097020517348025], [82.49161491362906, 18.09694122201265], [82.49158172896416, 18.096861925787536], [82.49154854429925, 18.09678262952657], [82.49151535963435, 18.096703333229726], [82.49148217496942, 18.09662403689701], [82.49144899030452, 18.096544741382328], [82.4914158056396, 18.096465444977905], [82.49138262007637, 18.096386148537608], [82.49134943541146, 18.096306852061446], [82.49131625074654, 18.09622755554943], [82.49128306608164, 18.096148259001552], [82.49124988141672, 18.096068963271716], [82.49121669675182, 18.0959896666521], [82.4911835120869, 18.095910369996616], [82.49115032742199, 18.095831073305305], [82.49111714275708, 18.09575177657811], [82.49108395719388, 18.095672480668952], [82.49105077252896, 18.095593183870026], [82.49101758786405, 18.09551388703525], [82.49098440319915, 18.095434590164636], [82.49095121853424, 18.09535529325813], [82.49091803386933, 18.095275996315763], [82.49088484920442, 18.095196700191433], [82.49085166453949, 18.09511740317735], [82.49081847987459, 18.095038106127443], [82.49078529520968, 18.094958809041632], [82.49075210964645, 18.09487951191997], [82.49071892498154, 18.094800215616345], [82.49068574031662, 18.094720918423008], [82.4906525556517, 18.09464162119375], [82.4906193709868, 18.094562323928645], [82.49058618632189, 18.094483026627678], [82.49055300165699, 18.09440372929088], [82.49051981699206, 18.094324432772115], [82.49048663232716, 18.094245135363565], [82.49045344766225, 18.094165837919167], [82.49042026209901, 18.09408654043894], [82.49038707743411, 18.094007242922814], [82.49035389276918, 18.09392794622475], [82.49032070810428, 18.09384864863692], [82.49028752343936, 18.093769351013226], [82.49025433877446, 18.093690053353694], [82.49022115410955, 18.093610755658286], [82.49018796944463, 18.093531457927025], [82.49015478477972, 18.09345216101382], [82.49012160011482, 18.093372863210828], [82.49008841455161, 18.09329356537203], [82.49005522988669, 18.093214267497327], [82.49002204522179, 18.09313496958677], [82.48998886055688, 18.09305567249428], [82.48995567589198, 18.092976374512048], [82.48992249122706, 18.092897076493916], [82.48988930656213, 18.092817778439944], [82.48985612189723, 18.092738480350107], [82.48982293723232, 18.09265918222445], [82.48978975256742, 18.092579884916812], [82.48975656700418, 18.092500586719396], [82.48972338233926, 18.092421288486143], [82.48969019767435, 18.092341990217065], [82.48965701300945, 18.092262691912083], [82.48962382834453, 18.092183394425167], [82.48959064367963, 18.092104096048494], [82.4895574590147, 18.09202479763596], [82.4895242743498, 18.0919454991876], [82.48949108968489, 18.09186620070335], [82.48945790501999, 18.091786902183248], [82.48942471945676, 18.09170760448121], [82.48939153479186, 18.091628305889408], [82.48935835012695, 18.091549007261765], [82.48932516546205, 18.091469708598247], [82.48929198079713, 18.091390409898864], [82.48925879613222, 18.091311112017557], [82.48922561146728, 18.091231813246512], [82.48919242680236, 18.091152514439575], [82.48915924213746, 18.091073215596786], [82.48912605657425, 18.090993916718173], [82.48909287190934, 18.090914617803683], [82.48905968724443, 18.090835319707256], [82.48902650257952, 18.090756020721052], [82.48899331791462, 18.090676721698998], [82.4889601332497, 18.090597422641128], [82.48892694858478, 18.090518123547355], [82.48889376391988, 18.090438825271672], [82.48886057925496, 18.090359526106226], [82.48882739459006, 18.0902802269049], [82.4887942090268, 18.090200927667762], [82.4887610243619, 18.090121628394748], [82.48872783969699, 18.09004232908587], [82.48869465503209, 18.08996303059508], [82.48866147036718, 18.089883731214485], [82.48862828570228, 18.089804431798104], [82.48859510103735, 18.08972513234582], [82.48856191637245, 18.0896458328577], [82.48852873170753, 18.089566533333738], [82.48849554704263, 18.08948723462784], [82.4884623614794, 18.089407935032153], [82.4884291768145, 18.089328635400626], [82.48839599214959, 18.08924933573327], [82.48836280748469, 18.089170036030044], [82.48832962281978, 18.08909073714489], [82.48829643815486, 18.089011437369958], [82.48826325348995, 18.088932137559176], [82.48823006882505, 18.088852837712565], [82.48819688416013, 18.088773537830093], [82.48816369949523, 18.088694237911756], [82.48813051393198, 18.08861493881151], [82.48809732926708, 18.088535638821483], [82.48806414460216, 18.08845633879563], [82.48803095993726, 18.088377038733903], [82.48799777527235, 18.088297738636324], [82.48796459060742, 18.088218439356833], [82.48793140594252, 18.0881391391876], [82.4878982212776, 18.088059838982467], [82.4878650366127, 18.08798053874151], [82.48783185194779, 18.0879012384647], [82.48779866638455, 18.08782193815206], [82.48776548171963, 18.087742638657478], [82.48773229705473, 18.087663338273114], [82.48769911238982, 18.087584037852896], [82.48766592772492, 18.087504737396866], [82.48763274305999, 18.087425436904976], [82.48759955839509, 18.087346137231158], [82.48756637373017, 18.087266836667563], [82.48753318906527, 18.087187536068118], [82.48750000440036, 18.08710823543286], [82.48746681883715, 18.08702893476171], [82.48743363417223, 18.086949634054736], [82.48740044950733, 18.08687033416584], [82.48736726484242, 18.086791033387176], [82.4873340801775, 18.086711732572674], [82.4872974100493, 18.086634269375125], [82.48726073902274, 18.086556805289465], [82.48722406889452, 18.08647934202356], [82.48718739786801, 18.086401877869438], [82.4871507277398, 18.086324414535113], [82.48711405671325, 18.086246950312653], [82.48707738658504, 18.08616948690988], [82.48704071555854, 18.086092022619], [82.48700404543031, 18.08601455914786], [82.4869673744038, 18.08593709478853], [82.48693070427558, 18.085859631248994], [82.48689403324904, 18.085782167675212], [82.48685736312083, 18.085704703213317], [82.48682069209431, 18.085627239571163], [82.48678402196609, 18.08554977504085], [82.48674735093957, 18.085472311330264], [82.48671068081134, 18.085394846731553], [82.48667400978482, 18.08531738295255], [82.48663733965661, 18.085239918285446], [82.48660066863008, 18.085162454438084], [82.4865639985019, 18.08508498970256], [82.48652732747534, 18.085007525786764], [82.48649065734713, 18.084930060982835], [82.48645398632061, 18.084852596998633], [82.4864173161924, 18.08477513298026], [82.48638064516585, 18.084697668073733], [82.48634397503764, 18.08462020398693], [82.48630730401113, 18.08454273901201], [82.48627063388291, 18.084465274856797], [82.48623396285636, 18.084387809813457], [82.48619729272815, 18.084310345589873], [82.48616062170164, 18.084232880478154], [82.48612395157342, 18.084155416186153], [82.48608728054691, 18.08407795100601], [82.4860506104187, 18.0840004866456], [82.48601393939215, 18.08392302225103], [82.48597726926393, 18.08384555696831], [82.48594059823742, 18.083768092505295], [82.48590392810921, 18.08369062715417], [82.48586725708266, 18.083613162622786], [82.48583058695444, 18.08353569720324], [82.48579391592793, 18.08345823260346], [82.48575724579972, 18.08338076711553], [82.48572057477317, 18.08330330244733], [82.48568390464496, 18.083225836891007], [82.48564723361844, 18.083148372154437], [82.48561056349023, 18.083070907383647], [82.48557389246372, 18.082993441724717], [82.4855372223355, 18.082915976885534], [82.48550055130895, 18.08283851115821], [82.48546388118075, 18.082761046250656], [82.48542721015423, 18.082683580454937], [82.485390540026, 18.08260611547895], [82.48535386899947, 18.08252864961485], [82.48531719887126, 18.082451184570466], [82.48528052784474, 18.08237371863796], [82.48524385771653, 18.08229625352522], [82.48520718668999, 18.08221878752432], [82.48517051656181, 18.082141322343148], [82.48513384553526, 18.082063857127793], [82.48509717540703, 18.081986391024298], [82.48506050438051, 18.081908925740574], [82.48502383425232, 18.081831459568697], [82.48498716322577, 18.08175399421655], [82.48495049309756, 18.081676527976267], [82.48491382207104, 18.081599062555767], [82.48487715194283, 18.081521596247065], [82.48484048091628, 18.081444130758154], [82.48480381078807, 18.081366664381093], [82.48476713976156, 18.08128919882378], [82.48470720326748, 18.08122632816427], [82.4846472667734, 18.081163456628303], [82.48458733027934, 18.081100585923775], [82.48452739288693, 18.0810377151967], [82.48446745639289, 18.080974843593154], [82.48440751989881, 18.080911972821017], [82.48434758340476, 18.080849102026374], [82.48428764691067, 18.08078623035526], [82.4842277104166, 18.08072335951554], [82.48416777392252, 18.080660488653333], [82.48410783653013, 18.080597616914638], [82.48404790003606, 18.080534746007363], [82.48398796354198, 18.080471875077613], [82.48392802704791, 18.08040900327135], [82.48386809055384, 18.08034613229651], [82.48380815405976, 18.080283261299165], [82.48374821756569, 18.08022038942533], [82.48368828017331, 18.08015751838291], [82.48362834367926, 18.080094647318], [82.48356840718517, 18.0800317753766], [82.4835084706911, 18.079968904266625], [82.48344853419704, 18.079906033134158], [82.48338859770296, 18.079843161125194], [82.48332866120889, 18.07978028994765], [82.48326872381648, 18.079717418747602], [82.48320878732241, 18.079654546671055], [82.48314885082834, 18.079591675425945], [82.48308891433426, 18.07952880415833], [82.48302897784019, 18.079465932014212], [82.48296904134612, 18.079403060701548], [82.48290910485204, 18.079340189366388], [82.48284916745968, 18.079277317154684], [82.48278923096561, 18.079214445774475], [82.48272929447154, 18.07915157437171], [82.48266935797746, 18.079088702092488], [82.48260942148339, 18.079025830644685], [82.48254948498932, 18.07896295917435], [82.48248954759694, 18.078900086827563], [82.48242961110287, 18.07883721531219], [82.4823696746088, 18.07877434377433], [82.48230973811472, 18.078711471359934], [82.48224980162067, 18.078648599777036], [82.48218986512659, 18.07858572817158], [82.4821299286325, 18.078522855689666], [82.48206999124011, 18.078459984039164], [82.48201005474604, 18.07839711236615], [82.48195011825196, 18.07833423981667], [82.48189018175789, 18.078271368098598], [82.48183024526382, 18.07820849635806], [82.48177030876974, 18.078145623740983], [82.48171037227567, 18.07808275195538], [82.4816504348833, 18.07801988014725], [82.48159049838922, 18.077957007462633], [82.48153056189517, 18.07789413560945], [82.48147062540109, 18.07783126373375], [82.481410688907, 18.07776839098158], [82.48135075241295, 18.077705519060828], [82.48129081591887, 18.0776426471176], [82.48123087852646, 18.077579774297835], [82.48117094203239, 18.077516902309565], [82.48111100553832, 18.077454030298743], [82.48105106904424, 18.077391157411448], [82.48099113255017, 18.077328285355588], [82.4809311960561, 18.07726541327721], [82.48087125956204, 18.07720254032235], [82.48081132216966, 18.07713966819892], [82.48075138567559, 18.077076796053028], [82.4806914491815, 18.07701392303057], [82.48063151268745, 18.076951050839625], [82.48056813115427, 18.076890797768403], [82.4805047505194, 18.076830545530512], [82.48044136898622, 18.076770292417905], [82.48037798745301, 18.076710039284674], [82.48031460591983, 18.076649786130744], [82.48025122528496, 18.076589533810093], [82.48018784375178, 18.07652928061478], [82.48012446221858, 18.0764690273988], [82.4800610815837, 18.076408775016105], [82.47999770005053, 18.07634852175878], [82.47993431851735, 18.07628826848072], [82.47987093788248, 18.076228016036016], [82.4798075563493, 18.076167762716608], [82.47974417481609, 18.076107509376552], [82.47968079328291, 18.076047256015812], [82.47961741264804, 18.07598700348836], [82.47955403111486, 18.07592675008622], [82.47949064958165, 18.075866496663444], [82.47942726894681, 18.075806244073934], [82.47936388741361, 18.0757459906098], [82.47930050588043, 18.075685737124978], [82.47923712524556, 18.075625484473434], [82.47917374371238, 18.075565230947216], [82.47911036217916, 18.075504977400335], [82.479046980646, 18.075444723832792], [82.47898360001112, 18.07538447109853], [82.47892021847794, 18.075324217489616], [82.47885683694477, 18.075263963860003], [82.47879345630989, 18.075203711063708], [82.47873007477668, 18.075143457392745], [82.47866669324351, 18.075083203701123], [82.47860331171033, 18.07502294998879], [82.47853993107546, 18.074962697109786], [82.47847654954224, 18.074902443356095], [82.47841316800908, 18.07484218958175], [82.47834978737419, 18.074781936640676], [82.47828640584102, 18.074721682824975], [82.47822302430785, 18.07466142898855], [82.47815964367297, 18.074601175985453], [82.47809626213976, 18.074540922107705], [82.47803288060659, 18.074480668209286], [82.47796949907341, 18.074420414290138], [82.47790611843854, 18.07436016120436], [82.47784273690536, 18.074299907243855], [82.47777935537216, 18.074239653262715], [82.47771597473727, 18.074179400114865], [82.4776525932041, 18.07411914609235], [82.47758921167093, 18.074058892049138], [82.47752583103605, 18.07399863883928], [82.47746244950287, 18.073938384754708], [82.47739906796967, 18.073878130649486], [82.47733568643649, 18.07381787652359], [82.47727230580162, 18.073757623230993], [82.47720892426844, 18.073697369063698], [82.47714554273523, 18.07363711487577], [82.47708216210039, 18.073576861521133], [82.47701878056718, 18.073516607291847], [82.47695539903401, 18.073456353041845], [82.47689201750079, 18.073396098771184], [82.47682863686595, 18.07333584533383], [82.47676525533275, 18.073275591021833], [82.47670187379957, 18.07321533668914], [82.4766384931647, 18.07315508318975], [82.47657511163152, 18.073094828815684], [82.47651173009831, 18.07303457442097], [82.47644834946347, 18.072974320859547], [82.47638496793026, 18.072914066423472], [82.47632158639709, 18.072853811966734], [82.47625820486391, 18.072793557489263], [82.47619482422903, 18.072733303845133], [82.47613144269582, 18.07267304932635], [82.47606806116265, 18.07261279478688], [82.47600468052778, 18.072552541080718], [82.4759412989946, 18.0724922864999], [82.47587791746142, 18.072432031898373], [82.47581453682655, 18.07237177813019], [82.47575115529334, 18.07231152348734], [82.47568777376017, 18.072251268823806], [82.47562439222699, 18.07219101413956], [82.4755610115921, 18.07213076028869], [82.4754976300589, 18.07207050556311], [82.4755606226216, 18.07200978880339], [82.47562361518426, 18.07194907202266], [82.47568660774692, 18.071888356074933], [82.47574959941126, 18.071827639252223], [82.47581259197393, 18.071766922408496], [82.47587558453662, 18.0717062055438], [82.4759385770993, 18.071645489512107], [82.47600156966196, 18.07158477260538], [82.47606456222462, 18.071524055677713], [82.47612755388896, 18.071463338729], [82.47619054645165, 18.071402622613316], [82.47625353901431, 18.07134190562266], [82.47631653157698, 18.071281188610985], [82.47637952413965, 18.071220471578282], [82.47644251670232, 18.07115975452465], [82.47650550836669, 18.071099038303995], [82.47656850092935, 18.07103832120833], [82.47663149349201, 18.07097760409171], [82.47669448605467, 18.07091688695405], [82.47675747861733, 18.070856170649424], [82.47682047118, 18.070795453469806], [82.47688346284437, 18.07073473626917], [82.47694645540705, 18.070674019047566], [82.4770094479697, 18.070613302658966], [82.47707244053237, 18.070552585395355], [82.47713543309503, 18.070491868110775], [82.47719842565769, 18.070431150805156], [82.47726141822037, 18.070370434332585], [82.47732440988472, 18.07030971698502], [82.47738740244739, 18.07024899961644], [82.47745039501005, 18.070188282226876], [82.47751338757271, 18.0701275648163], [82.47757638013539, 18.07006684823877], [82.47763937269805, 18.070006130786233], [82.47770236436241, 18.069945413312666], [82.47776535692508, 18.06988469581816], [82.47782834948775, 18.06982397915664], [82.47789134205041, 18.069763261620114], [82.47795433461307, 18.06970254406262], [82.47801732717578, 18.06964182648408], [82.47808031884011, 18.069581109738593], [82.47814331140277, 18.069520392118125], [82.47820630396544, 18.069459674476626], [82.47826929652811, 18.069398956814158], [82.4783322890908, 18.069338239130676], [82.47839528165348, 18.06927752228023], [82.47845827421614, 18.06921680455479], [82.47852126588046, 18.069156086808334], [82.47858425844312, 18.069095369040898], [82.47864725100582, 18.069034652106485], [82.47871024356849, 18.06897393429704], [82.47877323613115, 18.06891321646664], [82.47883622869382, 18.06885249861521], [82.47889922035816, 18.068791781596833], [82.47896221292085, 18.06873106370342], [82.47902520548352, 18.068670345789045], [82.47908819804618, 18.068609627853647], [82.47915119060885, 18.068548910751304], [82.4792141831715, 18.068488192773962], [82.47927717483587, 18.06842747477558], [82.47934016739855, 18.068366756756255], [82.47940315996121, 18.068306038715903], [82.47946615252388, 18.068245321508584], [82.47952914508654, 18.068184603426285], [82.4795921376492, 18.068123885322958], [82.47965512931357, 18.068063167198677], [82.47971812187623, 18.068002449907393], [82.4797811144389, 18.067941731741104], [82.47984410700155, 18.067881013553833], [82.47990709956423, 18.067820295345545], [82.47997009212689, 18.06775957797031], [82.48003308468955, 18.06769885972008], [82.48009607635393, 18.06763814144883], [82.48015906891659, 18.0675774231566], [82.48022206147925, 18.067516704843367], [82.48028505404191, 18.06745598736316], [82.48034804660459, 18.067395269007967], [82.48041103916725, 18.067334550631774], [82.48047403083162, 18.0672738322346], [82.48053702339429, 18.06721311467044], [82.48060001595695, 18.067152396231258], [82.48066300851961, 18.067091677771106], [82.48072600108227, 18.067030959289955], [82.48078899364496, 18.06697024164184], [82.4808519853093, 18.066909523118717], [82.48091497787198, 18.066848804574587], [82.48097797043464, 18.066788086009492], [82.4810409629973, 18.066727368277412], [82.48110395556, 18.066666649670307], [82.48116694812266, 18.06660593104225], [82.481229939787, 18.06654521239315], [82.48129293234966, 18.066484493723113], [82.48135592491234, 18.066423775886097], [82.48141891747503, 18.066363057174037], [82.4814819100377, 18.066302338440995], [82.48154490260036, 18.066241619686988], [82.48160789516302, 18.066180901766007], [82.48167088682736, 18.066120182969993], [82.48173387939005, 18.066059464153025], [82.48179687195271, 18.06599874531504], [82.48185986451537, 18.06593802731009], [82.48192285707805, 18.06587730843016], [82.48198584964071, 18.0658165895292], [82.48204884130509, 18.065755870607283], [82.48211183386775, 18.06569515166434], [82.48217482643041, 18.065634433554457], [82.48223781899307, 18.065573714569567], [82.48230081155573, 18.065512995563676], [82.4823638041184, 18.065452276536803], [82.48242679578277, 18.065391558342967], [82.48248978834545, 18.065330839274097], [82.48255278090811, 18.065270120184262], [82.48261577347077, 18.065209401073425], [82.48267876603343, 18.065148682795623], [82.48274175859609, 18.06508796364284], [82.48280475026046, 18.06502724446901], [82.48286774282312, 18.064966525274244], [82.48293073538579, 18.064905806912513], [82.48299372794845, 18.064845087675724], [82.48305672051112, 18.064784368417993], [82.48311971307378, 18.064723649139246], [82.48318270563644, 18.06466292983952], [82.48324569730082, 18.064602211372843], [82.48330868986348, 18.064541492031122], [82.48337168242615, 18.064480772668446], [82.48343467498881, 18.064420053284767], [82.48349766755148, 18.064359334734124], [82.48356066011418, 18.064298615308473], [82.48362365177852, 18.06423789586183], [82.48368664434118, 18.06417717639421], [82.48374963690384, 18.064116457759628], [82.48381262946651, 18.06405573825001], [82.48387562202919, 18.063995018719424], [82.48393861459186, 18.063934299167837], [82.4840016062562, 18.063873579595256], [82.48406459881886, 18.06381286085573], [82.48412759138152, 18.063752141241217], [82.48419058394423, 18.063691421605675], [82.48425357650689, 18.063630701949165], [82.48431656906955, 18.06356998312571], [82.48437956163222, 18.063509263427207], [82.48444255329656, 18.063448543707747], [82.48450554585922, 18.063387823967272], [82.48456853842193, 18.063327105059862], [82.48463153098459, 18.06326638527743], [82.48469452354725, 18.063205665474005], [82.48475751610991, 18.0631449456496], [82.48482050777424, 18.06308422665825], [82.48488350033693, 18.06302350679185], [82.4849464928996, 18.062962786904496], [82.48500948546227, 18.06290206699614], [82.48507247802493, 18.06284134706682], [82.48513547058761, 18.06278062797052], [82.48519846225197, 18.0627199079992], [82.48526145481463, 18.062659188006915], [82.4853244473773, 18.06259846799361], [82.48538743993996, 18.062537748813384], [82.48545043250263, 18.06247702875814], [82.48551342506529, 18.062416308681886], [82.48557641672967, 18.06235558858468], [82.48563940929233, 18.06229486932051], [82.485702401855, 18.062234149181283], [82.48576539441765, 18.062173429021115], [82.48582001019028, 18.0621061198659], [82.48587462596295, 18.062038810684893], [82.48592924173558, 18.061971500624068], [82.48598385750824, 18.0619041913915], [82.48603847328087, 18.06183688213313], [82.48609308905351, 18.061769572848974], [82.48614770482617, 18.061702263539026], [82.4862023205988, 18.061634953349277], [82.48625693637146, 18.061567643987754], [82.4863115521441, 18.061500334600456], [82.48636616791673, 18.061433025187373], [82.4864207836894, 18.06136571489447], [82.48647539946202, 18.06129840542981], [82.48653001523465, 18.061231095939362], [82.48658463100732, 18.061163786423176], [82.48663924677994, 18.06109647688115], [82.48669386255261, 18.061029166459285], [82.48674847832524, 18.060961856865724], [82.48680309409788, 18.06089454724636], [82.48685770987053, 18.060827237601195], [82.48691232564317, 18.060759927930246], [82.48696694141583, 18.060692617379477], [82.48702155718847, 18.060625307656963], [82.4870761729611, 18.06055799790866], [82.48713078873377, 18.060490688134582], [82.48718540450639, 18.06042337748066], [82.48724002027906, 18.060356067655007], [82.48729463605169, 18.060288757803566], [82.48734925182431, 18.06022144792635], [82.48740386759698, 18.06015413802337], [82.48745848336961, 18.060086827240497], [82.48751309914225, 18.060019517285916], [82.4875677149149, 18.059952207305585], [82.48762233068754, 18.05988489729943], [82.4876769464602, 18.0598175872675], [82.48773156223284, 18.05975027635571], [82.48778617800546, 18.05968296627224], [82.48784079377813, 18.05961565616296], [82.48789540955076, 18.05954834602789], [82.48795002532343, 18.05948103501299], [82.48800464109605, 18.059413724826353], [82.48805925686868, 18.059346414613934], [82.48811387264135, 18.059279104375722], [82.48816848841398, 18.05921179411174], [82.48822310418664, 18.05914448296791], [82.48827771995927, 18.059077172652362], [82.48833233573191, 18.059009862311015], [82.48838695150457, 18.058942551943904], [82.4884415672772, 18.058875241551018], [82.48849618304983, 18.05880793027825], [82.4885507988225, 18.058740619833774], [82.48860541459513, 18.058673309363563], [82.4886600303678, 18.058605998867524], [82.48871464614042, 18.05853868834571], [82.48876926191305, 18.058471376944055], [82.48882387768572, 18.058404066370667], [82.48887849345834, 18.058336755771503], [82.48893310923101, 18.05826944514655], [82.48898772500364, 18.058202133641768], [82.48904234077628, 18.058134822965265], [82.48909695654893, 18.05806751226296], [82.48915157232157, 18.05800020153487], [82.48920618809423, 18.057932890781014], [82.48926080386687, 18.057865579147318], [82.48931541963951, 18.057798268341887], [82.48937003541216, 18.057730957510685], [82.4894246511848, 18.05766364665373], [82.48947926695742, 18.05759633577096], [82.4895338827301, 18.057529024008325], [82.48958849850271, 18.05746171307402], [82.48964311337706, 18.05739440211391], [82.48969772914968, 18.057327091128016], [82.48975234492235, 18.05725977926228], [82.48980696069498, 18.057192468224823], [82.48986157646765, 18.05712515716158], [82.48991619224027, 18.057057846072556], [82.48997080801291, 18.056990534957762], [82.49002542378557, 18.05692322296312], [82.49008003955821, 18.056855911796763], [82.49013465533086, 18.056788600604616], [82.4901892711035, 18.056721289386694], [82.49024388687613, 18.05665397814302], [82.4902985026488, 18.05658666601944], [82.49035311842142, 18.056519354724184], [82.4904077341941, 18.056452043403134], [82.49046234996672, 18.056384732056337], [82.49051696573935, 18.056317419829643], [82.49057158151201, 18.056250108431257], [82.49062619728464, 18.05618279700712], [82.49068081305728, 18.05611548555717], [82.49073542882994, 18.056048174081443], [82.49079004460258, 18.05598086172589], [82.49084466037523, 18.0559135501986], [82.49089927614787, 18.05584623864555], [82.4909538919205, 18.055778927066697], [82.49100850769317, 18.055711615462073], [82.49106312346579, 18.055644302977615], [82.49111773923846, 18.055576991321423], [82.49117235501109, 18.05550967963947], [82.49122697078371, 18.055442367931732], [82.49128158655638, 18.05537505619824], [82.49133620232901, 18.05530774358486], [82.49139081810168, 18.055240431799792], [82.4914454338743, 18.055173119988964], [82.49150004964694, 18.055105808152334], [82.4915546654196, 18.055038495435824], [82.49160928119224, 18.054971183547668], [82.49166389696487, 18.0549038716337], [82.49171851273753, 18.05483655969396], [82.49177312851016, 18.05476924772843], [82.49182774428283, 18.054701934883067], [82.49188236005546, 18.054634622865986], [82.49193697582808, 18.05456731082313], [82.49199159160075, 18.054499998754487], [82.49204620737338, 18.05443268666008], [82.49210082314605, 18.054365373685815], [82.49215543891867, 18.054298061539846], [82.49221005469131, 18.054230749368102], [82.49226467046397, 18.05416343717062], [82.49231928623661, 18.054096124093206], [82.49237390200926, 18.054028811844134], [82.4924285177819, 18.053961499569315], [82.49248313355453, 18.05389418726868], [82.4925377493272, 18.05382687494227], [82.49259236509982, 18.05375956173598], [82.49264698087245, 18.053692249358047], [82.49270159664512, 18.05362493695431], [82.49275621241775, 18.053557624524803], [82.49281082819041, 18.053490312069503], [82.49286544396304, 18.053422998734362], [82.49292005973568, 18.053355686227526], [82.49297467550834, 18.053288373694905], [82.49302929128098, 18.053221061136504], [82.49308390705363, 18.05315374769825], [82.49313852282627, 18.0530864350883], [82.4931931385989, 18.053019122452575], [82.49324775437157, 18.052951809791065], [82.49330237014419, 18.05288449710383], [82.49335698591686, 18.05281718353667], [82.49341160168949, 18.052749870797847], [82.49346621746211, 18.052682558033258], [82.49349815526543, 18.052602759252107], [82.49353009396702, 18.05252296043471], [82.49356203177034, 18.052443160727], [82.49359397047193, 18.05236336183718], [82.49362590827523, 18.05228356291111], [82.49365784697684, 18.05220376394883], [82.49368978478016, 18.05212396495031], [82.49372172348176, 18.052044165915582], [82.49375366128507, 18.05196436599055], [82.49378559998667, 18.05188456688338], [82.49381753778997, 18.051804767739977], [82.49384947559328, 18.051724968560354], [82.49388141429488, 18.05164516934451], [82.49391335209819, 18.051565369238354], [82.49394529079979, 18.05148556995006], [82.49397722860309, 18.051405770625543], [82.49400916730468, 18.05132597126482], [82.494041105108, 18.05124617186785], [82.4940730438096, 18.051166371580567], [82.4941049816129, 18.051086572111156], [82.49413692031452, 18.051006772605525], [82.49416885811782, 18.050926973063678], [82.49420079592109, 18.050847173485646], [82.49423273462273, 18.050767373871356], [82.494264672426, 18.050687573366726], [82.4942966111276, 18.050607773679996], [82.49432854893091, 18.050527973957042], [82.4943604876325, 18.05044817419787], [82.4943924254358, 18.05036837440248], [82.49442436413743, 18.050288573716763], [82.49445630194073, 18.050208773848933], [82.49448824064233, 18.05012897394488], [82.49452017844564, 18.050049174004595], [82.49455211624894, 18.049969374028105], [82.49458405495054, 18.04988957316126], [82.49461599275385, 18.04980977311234], [82.49464793145545, 18.0497299730272], [82.49467986925876, 18.049650172905842], [82.49471180796036, 18.049570372748235], [82.49474374576366, 18.049490572554436], [82.49477568446527, 18.04941077147027], [82.49480762226857, 18.049330971204018], [82.49483956007188, 18.04925117090156], [82.49487149877348, 18.049171370562863], [82.49490343657676, 18.04909157018795], [82.49493537527839, 18.049011768922735], [82.49496731308166, 18.048931968475383], [82.4949992517833, 18.04885216799182], [82.49503118958657, 18.048772367472054], [82.49506312828821, 18.04869256691605], [82.49509506609148, 18.048612765469734], [82.49512700479312, 18.048532964841307], [82.49515894259639, 18.048453164176657], [82.49519088039969, 18.048373363475786], [82.4952228191013, 18.048293562738696], [82.4952547569046, 18.0482137619654], [82.49528669560621, 18.04813396030175], [82.49531863340951, 18.048054159456015], [82.49535057211112, 18.04797435857407], [82.49538250991442, 18.04789455765589], [82.49541444861602, 18.047814756701506], [82.49544638641933, 18.047734954856807], [82.49547832512093, 18.047655153829982], [82.49551026292424, 18.047575352766962], [82.49554829130517, 18.047498518020188], [82.49558632058438, 18.047421682385707], [82.49562434896531, 18.047344847571797], [82.49566237824457, 18.04726801187021], [82.49570040662549, 18.04719117698915], [82.49573843590473, 18.047114341220386], [82.49577646428565, 18.04703750627217], [82.49581449266658, 18.046960670436256], [82.49585252194579, 18.046883835420903], [82.49589055032672, 18.046806999517845], [82.49592857960596, 18.046730164435356], [82.49596660798687, 18.046653328465176], [82.49600463726614, 18.046576493315538], [82.49604266564707, 18.046499657278183], [82.49608069492628, 18.046422822061402], [82.4961187233072, 18.04634598595691], [82.49615675168813, 18.04626915067299], [82.49619478096736, 18.04619231450138], [82.49623280934829, 18.0461154791503], [82.49627083862754, 18.046038642911526], [82.49630886700847, 18.04596180749331], [82.49634689628769, 18.04588497118739], [82.49638492466862, 18.04580813570204], [82.49642295304955, 18.04573129932897], [82.49646098232877, 18.045654463776486], [82.4964990107097, 18.045577627336296], [82.49653703998891, 18.045500791716663], [82.49657506836984, 18.045423955209312], [82.49661309764909, 18.045347119522543], [82.49665112603002, 18.045270282948056], [82.49673193757465, 18.045240904324316], [82.49681274822098, 18.045211525695645], [82.49689355976564, 18.045182147062096], [82.49697437041195, 18.045152768423613], [82.49705518195661, 18.04512339063439], [82.49713599260294, 18.045094011986084], [82.49721680414757, 18.045064633332895], [82.49729761479392, 18.045035254674783], [82.49737842633854, 18.045005876011782], [82.49745923698487, 18.04497649734385], [82.49754004852953, 18.04494711867104], [82.49762085917585, 18.044917739993284], [82.49770167072052, 18.044888361310655], [82.49778248136684, 18.0448589826231], [82.49786329291146, 18.044829604784795], [82.49794410355778, 18.04480022608742], [82.49802491510245, 18.044770847385163], [82.49810572574877, 18.044741468677966], [82.49818653729342, 18.0447120899659], [82.49826734793976, 18.044682711248882], [82.49835202134179, 18.04470530986819], [82.49843669474384, 18.04472790933871], [82.49852136814589, 18.044750507952177], [82.49860604154793, 18.044773107416887], [82.49869071495002, 18.04479570602459], [82.49877538835206, 18.044818304629345], [82.4988600617541, 18.04484090408534], [82.49894473515614, 18.04486350268433], [82.49902940855819, 18.044886101280365], [82.49911408196024, 18.04490870072766], [82.49919875536231, 18.044931299317934], [82.49928342876436, 18.044953898759427], [82.4993681021664, 18.04497649734385], [82.49945277556846, 18.04499909592541], [82.49953744897049, 18.045021695358184], [82.49962212237254, 18.045044293933906], [82.49970679577461, 18.04506689250675], [82.49979146917666, 18.0450894919308], [82.4998761425787, 18.045112090497806], [82.49996081598076, 18.045134689916054], [82.5000454893828, 18.045157288477295], [82.50013016278484, 18.045179887035587], [82.50021483618693, 18.04520248644512], [82.50029950958896, 18.045225084997636], [82.50038418299101, 18.045247683547238], [82.50046885639306, 18.045270282948056], [82.5005535297951, 18.045292881491857], [82.50063820319716, 18.045315480886888], [82.50072287659923, 18.045338079424848], [82.50080755000127, 18.04536067795993], [82.50089222340331, 18.045383277346247], [82.50097689680535, 18.045405875875506], [82.50106044461837, 18.045433268623608], [82.50114399243137, 18.04546066136745], [82.50122754114267, 18.04548805325291], [82.50131108895569, 18.045515445988215], [82.50139463676867, 18.045542838719218], [82.50147818458169, 18.045570231445986], [82.501561733293, 18.04559762416849], [82.50164528110597, 18.045625016032616], [82.501728828919, 18.045652408746584], [82.50181237673198, 18.04567980145629], [82.50189592544332, 18.045707194161725], [82.5019794732563, 18.045734586008752], [82.50206302106932, 18.04576197870566], [82.5021465688823, 18.045789371398293], [82.50223011759361, 18.045816764086677], [82.50231366540662, 18.045844156770762], [82.50239721321961, 18.04587154859648], [82.50248076103261, 18.04589894127204], [82.50256430974393, 18.04592633394334], [82.50264785755692, 18.045953726610374], [82.50273140536993, 18.04598111927315], [82.50281495318292, 18.046008511077506], [82.50289850189422, 18.046035903731745], [82.50298204970724, 18.046063296381707], [82.50306559752026, 18.04609068902741], [82.50314914533324, 18.04611808081472], [82.50323269404456, 18.04614547345187], [82.50331624185758, 18.04617286608477], [82.50339978967054, 18.046200258713412], [82.50348333748357, 18.04622765133778], [82.50356688619487, 18.046255043103777], [82.50365043400785, 18.046282435719608], [82.50373398182087, 18.04630982833115], [82.50382025063087, 18.046329916471347], [82.50390651944086, 18.046350003755144], [82.50399278825084, 18.046370091890772], [82.50407905795916, 18.046390179169943], [82.50416532676915, 18.046410267300963], [82.50425159557913, 18.04643035457559], [82.50433786438913, 18.04645044270202], [82.50442413319915, 18.046470529972044], [82.50451040200915, 18.046490618093866], [82.50459667081913, 18.04651070621343], [82.50468294052746, 18.046530793476542], [82.50476920933745, 18.046550881591507], [82.50485547814743, 18.046570968850066], [82.50494174695743, 18.04659105696044], [82.50502801576742, 18.04661114421438], [82.5051142845774, 18.046631232320166], [82.50520055428574, 18.046651319569552], [82.50528682309573, 18.046671407670715], [82.50537309190571, 18.046691495769615], [82.50545936071573, 18.046711583012115], [82.50554562952573, 18.046731671106425], [82.50563189833572, 18.046751758344307], [82.5057181671457, 18.046771846434023], [82.50580443685402, 18.04679193366734], [82.50589070566402, 18.046812021752473], [82.505976974474, 18.046832108981175], [82.506063243284, 18.046852197061714], [82.50611485329371, 18.046783755452687], [82.50616646420171, 18.046715313816993], [82.50621807421142, 18.046646872154685], [82.50626968511943, 18.04657843046571], [82.50632129512914, 18.04650998789599], [82.50637290603719, 18.046441546153776], [82.50642451604685, 18.046373104384895], [82.5064761269549, 18.0463046625894], [82.5065277369646, 18.046236220767234], [82.50657934787262, 18.04616777891847], [82.50663095788232, 18.04609933704304], [82.50668256879032, 18.04603089514101], [82.50673417880004, 18.045962453212283], [82.50678578970805, 18.04589401040284], [82.50683739971775, 18.045825568420884], [82.50688901062576, 18.045757126412266], [82.50694062063548, 18.045688684377044], [82.5069922315435, 18.045620242315145], [82.50704384155318, 18.045551800226654], [82.50709545246123, 18.045483358111476], [82.50714706247093, 18.045414915969715], [82.50719867337894, 18.045346472947163], [82.50725028338866, 18.045278030752097], [82.50730189429666, 18.04520958853042], [82.50735350430637, 18.045141146282102], [82.50740511521437, 18.045072704007115], [82.50745672522409, 18.04500426170553], [82.50750833613209, 18.04493581937729], [82.5075599461418, 18.044867377022424], [82.50761155704984, 18.0447989346409], [82.50766316705952, 18.044730491378623], [82.50771477796755, 18.04466204894386], [82.50776638797727, 18.044593606482433], [82.50781799888527, 18.044525163994415], [82.50786960889498, 18.044456721479705], [82.50785149975715, 18.044374934813508], [82.50783339061934, 18.044293148109247], [82.50781528237985, 18.044211361366983], [82.50779717324203, 18.044129573732537], [82.50777906410424, 18.04404778691421], [82.50776095496641, 18.043966000057814], [82.50774284672693, 18.04388421316342], [82.5077247375891, 18.043802426230997], [82.50770662845129, 18.04372063926051], [82.50768851931346, 18.043638851397866], [82.50767041107397, 18.04355706435135], [82.50765230193615, 18.043475277266797], [82.50763419279836, 18.04339349014418], [82.50761608366054, 18.04331170298356], [82.50759797542105, 18.043229915784888], [82.50757986628324, 18.043148127694042], [82.50756175714541, 18.04306634041933], [82.5075436480076, 18.042984553106603], [82.5075255397681, 18.042902765755812], [82.50750743063028, 18.042820978366994], [82.50748932149249, 18.04273919094016], [82.50747121235467, 18.042657402621145], [82.50745310321685, 18.042575615118235], [82.50743499497736, 18.042493827577307], [82.50741688583955, 18.042412039998318], [82.50739877670175, 18.042330252381337], [82.50738066756392, 18.04224846472632], [82.50736255932443, 18.042166676179118], [82.50734445018662, 18.042084888448034], [82.5073263410488, 18.042003100678937], [82.50730823191098, 18.041921312871796], [82.50729012367148, 18.04183952502662], [82.50727201453367, 18.041757737143428], [82.50725390539587, 18.041675948368056], [82.50723579625806, 18.041594160408824], [82.50721768801856, 18.041512372411514], [82.50719957888074, 18.041430584376215], [82.50718146974293, 18.041348796302863], [82.5071633606051, 18.041267008191515], [82.50714525236562, 18.041185219187977], [82.50712714322779, 18.04110343100056], [82.50710903409, 18.04102164277509], [82.50707189683784, 18.040943956994184], [82.50703475958566, 18.040866272033135], [82.5069976214352, 18.040788586183616], [82.50696048418305, 18.040710900299786], [82.50692334693088, 18.040633214381682], [82.50688620967871, 18.040555529283374], [82.50684907152824, 18.04047784329663], [82.50681193427606, 18.040400157275606], [82.50677479702392, 18.040322472074372], [82.50673765977174, 18.040244785984697], [82.50670052251958, 18.040167099860735], [82.5066633843691, 18.040089413702475], [82.50662624711697, 18.04001172836402], [82.50658910986479, 18.039934042137123], [82.50655197261263, 18.039856355875965], [82.50651483536049, 18.03977867043459], [82.50647769720999, 18.039700984104783], [82.50644055995785, 18.03962329774066], [82.50640342270567, 18.03954561134227], [82.50636628545354, 18.039467925763685], [82.50632914730303, 18.039390239296655], [82.5062920100509, 18.039312552795337], [82.50625487279872, 18.039234866259697], [82.50621773554654, 18.039157180543892], [82.5061805982944, 18.039079493939678], [82.50614346014393, 18.0390018073011], [82.50610632289177, 18.0389241214824], [82.5060691856396, 18.038846434775223], [82.50603204838747, 18.03876874803379], [82.50599491023696, 18.038691061258017], [82.50595777298481, 18.038613375302077], [82.50592063573265, 18.03853568845773], [82.50600561905348, 18.038508537217417], [82.50609060147596, 18.0384813859729], [82.50617558479681, 18.038454234724213], [82.50626056721933, 18.03842708347133], [82.50634555054013, 18.038399932214244], [82.50643053386094, 18.038372780952972], [82.50651551628346, 18.03834562968753], [82.5066004996043, 18.038318477563696], [82.50668548202678, 18.038291326289855], [82.50677046534763, 18.038264175011832], [82.50685544866843, 18.038237023729607], [82.50694043109095, 18.03820987244321], [82.5070254144118, 18.038182721152616], [82.50711039683428, 18.038155569857825], [82.50719538015511, 18.038128418558834], [82.50728036347593, 18.03810126725567], [82.50736534589844, 18.038074115948305], [82.50745032921925, 18.03804696463677], [82.50753531164176, 18.03801981332104], [82.5076202949626, 18.037992662001106], [82.50770527828341, 18.037965510676987], [82.50779026070593, 18.037938359348672], [82.50787524402674, 18.037911208016183], [82.50796022644926, 18.03788405582534], [82.5080452097701, 18.037856904484467], [82.5081301930909, 18.037829753139395], [82.50821517551343, 18.037802601790137], [82.50830015883423, 18.037775450436698], [82.50838514125675, 18.037748299079055], [82.50847012457756, 18.037721147717217], [82.5085551078984, 18.03769399635122], [82.50864009032091, 18.037666844981008], [82.50872507364171, 18.0376396936066], [82.50881005606423, 18.03761254222802], [82.50889503938504, 18.037585390845237], [82.50898002270588, 18.037558239458274], [82.5090650051284, 18.03753108806711], [82.50914998844921, 18.037503936671772], [82.50923497087173, 18.037476785272236], [82.50931995419253, 18.037449633014322], [82.50940493751338, 18.037422481606416], [82.50948991993586, 18.0373953301943], [82.5095749032567, 18.037368178777996], [82.50965988567921, 18.03734102735752], [82.50974486900003, 18.037313875932835], [82.50982985232086, 18.037286724504], [82.50991483474336, 18.037259573070955], [82.50999981806419, 18.037232421633696], [82.51008480048671, 18.03720527019227], [82.51016978380751, 18.037178118746642], [82.51025476712832, 18.037150967296828], [82.51033974955084, 18.03712381584282], [82.51042473287168, 18.03709666438462], [82.5105097152942, 18.037069512922237], [82.51059469861501, 18.03704236145567], [82.51067968193581, 18.03701520913072], [82.51076466435833, 18.036988057655755], [82.51084964767918, 18.036960906176617], [82.51093463010166, 18.036933754693294], [82.5110196134225, 18.03690660320576], [82.51110459674331, 18.036879451714054], [82.51118957916582, 18.036852300218147], [82.51127456248663, 18.036825148718055], [82.51135954490914, 18.036797997213764], [82.51144452822999, 18.03677084570529], [82.51152951155079, 18.03674369419263], [82.51161449397331, 18.03671654267577], [82.51169947729412, 18.036689391154738], [82.51178445971664, 18.036662239629507], [82.51186944303748, 18.03663508810009], [82.51195442635829, 18.036607936566465], [82.51203940878081, 18.03658078417452], [82.51212439210161, 18.036553632632536], [82.51220937542246, 18.03652648108635], [82.51229435784494, 18.036499329535967], [82.51237934116578, 18.036472177981413], [82.51246432358829, 18.036445026422662], [82.51254930690911, 18.036417874859733], [82.51263429022994, 18.036390723292598], [82.51271927265242, 18.036363571721285], [82.51280425597326, 18.036336420145766], [82.51288923839579, 18.03630926856607], [82.51297422171659, 18.03628211698218], [82.5130592050374, 18.036254965394114], [82.51314418745991, 18.036227813801847], [82.51322917078076, 18.03620066220539], [82.51331415320328, 18.036173510604726], [82.51339913652409, 18.03614635814571], [82.51348411984489, 18.03611920653668], [82.51356910226741, 18.03609205492346], [82.51365408558826, 18.036064903306073], [82.51373906801074, 18.03603775168447], [82.51382405133157, 18.036010600058685], [82.51390903465239, 18.035983448428713], [82.5139940170749, 18.035956296794577], [82.51407900039571, 18.03592914515622], [82.51416398281822, 18.03590199351368], [82.51424896613906, 18.035874841866953], [82.51433394945987, 18.035847690216027], [82.51441893188239, 18.035820538560916], [82.51450391520319, 18.035793386901616], [82.51458889762571, 18.03576623523812], [82.51467388094656, 18.03573908357044], [82.51475886426736, 18.03571193104438], [82.51484384668989, 18.035684779368328], [82.51492883001069, 18.035657627688078], [82.51501381243321, 18.03563047600364], [82.51509879575401, 18.035603324315005], [82.51518377907486, 18.0355761726222], [82.51526876149737, 18.035549020925192], [82.51535374481819, 18.035521869223988], [82.51543872724069, 18.0354947175186], [82.5155237105615, 18.035467565809025], [82.51560869388234, 18.035440414095262], [82.51569367630486, 18.035413262377315], [82.51577865962567, 18.03538611065517], [82.51586364204819, 18.03535895892883], [82.51594862536899, 18.03533180719831], [82.51603360868984, 18.035304655463598], [82.51611859111236, 18.03527750287054], [82.51620357443316, 18.03525035112744], [82.51628855685567, 18.03522319938016], [82.51637354017649, 18.035196047628688], [82.51645852349733, 18.03516889587303], [82.51654350591981, 18.03514174411318], [82.51662848924065, 18.03511459234914], [82.51671347166317, 18.035087440580917], [82.51679845498397, 18.03506028880849], [82.51688343830479, 18.035033137031885], [82.5169684207273, 18.035005985251104], [82.51705340404814, 18.03497883346611], [82.51713838647066, 18.034951681676944], [82.51722336979147, 18.03492452988357], [82.51730835311227, 18.03489737808602], [82.51739333553479, 18.03487022628427], [82.51747831885564, 18.034843073624153], [82.51756330127812, 18.034815921814022], [82.51764828459896, 18.034788769999704], [82.51773326791977, 18.034761618181214], [82.51781825034229, 18.034734466358515], [82.51790323366312, 18.03470731453164], [82.5179882160856, 18.034680162700568], [82.51807319940644, 18.03465301086531], [82.51815907655097, 18.034628760677656], [82.5182449536955, 18.034604511340827], [82.51833082994172, 18.034580261146456], [82.51841670708623, 18.034556010948776], [82.5185025842308, 18.03453176160191], [82.51858846137532, 18.03450751139753], [82.51867433851984, 18.034483261189784], [82.51876021566437, 18.034459011832904], [82.51884609191059, 18.034434761618524], [82.51893196905512, 18.034410511400758], [82.51901784619966, 18.034386262033852], [82.5191037233442, 18.034362011809446], [82.51918960048872, 18.034337761581654], [82.51927547763323, 18.034313512204722], [82.51936135387946, 18.03428926197025], [82.51944723102399, 18.034265011732472], [82.51953310816855, 18.03424076234552], [82.51961898531306, 18.034216512101008], [82.51970486245759, 18.03419226270739], [82.51979073870382, 18.034168012456238], [82.51987661584833, 18.034143762201715], [82.51996249299286, 18.034119512798046], [82.52004837013742, 18.03409526253686], [82.52013424728193, 18.034071012272335], [82.52022012442646, 18.03404676285865], [82.52030600067268, 18.034022512587413], [82.5203918778172, 18.03399826231288], [82.52047775496176, 18.03397401288917], [82.52056363210627, 18.03394976260792], [82.5206495092508, 18.033925512323325], [82.52073538639532, 18.03390126288959], [82.52082126264155, 18.03387701259834], [82.52090713978608, 18.033852762303717], [82.52099301693063, 18.03382851285996], [82.52107889407515, 18.033804262558682], [82.52116477121967, 18.03378001225405], [82.52125064836419, 18.03375576280025], [82.52133652461042, 18.033731512488927], [82.52142240175493, 18.033707262174293], [82.52150827889949, 18.033683012710483], [82.52159415604402, 18.03365876238913], [82.52168003318853, 18.03363451206446], [82.52176590943476, 18.03361026259064], [82.52185178657929, 18.03358601225926], [82.5219376637238, 18.03356176192454], [82.52202354086836, 18.03353751244068], [82.52210941801289, 18.033513262099305], [82.52219529515742, 18.03348901175457], [82.52228117140363, 18.03346476226067], [82.52236704854815, 18.033440511909294], [82.5224529256927, 18.033416261554525], [82.52253880283723, 18.033392012050612], [82.52262467998176, 18.033367761689163], [82.52271055712629, 18.033343512178572], [82.5227964333725, 18.03331926181048], [82.52288231051703, 18.033295011439005], [82.52296818766158, 18.033270761918388], [82.52305406480612, 18.03324651154026], [82.52313994195063, 18.033222261158755], [82.52322581819685, 18.033198011628116], [82.52331169534138, 18.033173761239937], [82.5233975724859, 18.03314951084845], [82.52348344963046, 18.033125261307784], [82.52356932677498, 18.033101010909576], [82.5236552039195, 18.033076760508052], [82.52374108016573, 18.033052510957337], [82.52382695731025, 18.03302826054913], [82.52391283445478, 18.033004010137567], [82.52399871159933, 18.03297976057685], [82.52408458874385, 18.032955510158633], [82.52417046588837, 18.03293125973703], [82.52425634213459, 18.03290701016629], [82.52434221927912, 18.032882759738023], [82.52442809642368, 18.032858509306422], [82.52451397356819, 18.032834259725668], [82.52459985071272, 18.032810009287363], [82.52468572785723, 18.032785758845748], [82.52477160410346, 18.032761509254957], [82.52485748124799, 18.032737258806637], [82.52494335839255, 18.03271300835496], [82.52502923553706, 18.03268875875416], [82.52511511268159, 18.032664508295827], [82.5252009889278, 18.03264025783414], [82.52528686607234, 18.03261600822331], [82.52537274321685, 18.032591757754954], [82.5254586203614, 18.032567508137447], [82.52554449750593, 18.032543257662386], [82.52563037465045, 18.032519007183993], [82.52571625089668, 18.032494757556446], [82.5258021280412, 18.032470507071398], [82.52588800518572, 18.03244625658298], [82.52597388233028, 18.03242200694541], [82.5260597594748, 18.032397756450337], [82.52614563661933, 18.03237350595189], [82.52623151286555, 18.032349256304297], [82.52631739001006, 18.032325005799173], [82.52640326715462, 18.03230075529073], [82.52648914429915, 18.03227650563311], [82.52657502144368, 18.03225225511796], [82.5266608976899, 18.032228004599492], [82.52674677483442, 18.03220375493186], [82.52683265197895, 18.032179504406688], [82.52691852912349, 18.032155253878155], [82.52700440626802, 18.032131004200508], [82.52709028341255, 18.032106753665335], [82.52717615965877, 18.03208250312679], [82.5272620368033, 18.032058253439107], [82.52734791394782, 18.03203400289391], [82.52743379109236, 18.032009752345342], [82.52751966823689, 18.031985502647633], [82.52760554538142, 18.031961252092383], [82.52769142162764, 18.031937001533827], [82.52777729877216, 18.03191275182608], [82.52786317591668, 18.03188850126082], [82.52794905306125, 18.031864250692237], [82.52803493020576, 18.03184000097448], [82.52812080735029, 18.03181575039918], [82.52820668359651, 18.031791499820535], [82.52829256074104, 18.031767250092766], [82.52837843788559, 18.031742999507465], [82.5284643150301, 18.031718749773017], [82.52855019217463, 18.031694499181015], [82.52863606842087, 18.0316702485857], [82.52872194556538, 18.031645998841213], [82.52880782270991, 18.03162174823917], [82.52889369985446, 18.03159749763381], [82.52897957699898, 18.03157324787931], [82.5290654541435, 18.031548997267283], [82.52915133038972, 18.031524746651897], [82.52923720753425, 18.03150049688737], [82.52932308467877, 18.031476246265317], [82.52940896182332, 18.031451995639905], [82.52949483896785, 18.031427745865354], [82.52958071611236, 18.031403495233253], [82.5296665923586, 18.03137924459784], [82.52975246950312, 18.031354994813267], [82.52983834664764, 18.031330744171136], [82.5299206979047, 18.031299230290156], [82.53000304826344, 18.031267717257734], [82.53008539952044, 18.031236203365456], [82.53016775077751, 18.03120468946754], [82.53025010203454, 18.031173176418196], [82.53033245239327, 18.031141662508986], [82.53041480365032, 18.031110148594152], [82.53049715490737, 18.031078635527862], [82.53057950526609, 18.03104712160174], [82.53066185652312, 18.03101560767], [82.53074420778017, 18.030984094586767], [82.5308265590372, 18.030952580643714], [82.53090890939595, 18.030921066695036], [82.53099126065297, 18.030889553594882], [82.53107361191, 18.030858039634932], [82.53115596226873, 18.030826525669312], [82.53123831352578, 18.030795012552222], [82.53132066478281, 18.030763498575354], [82.53140301603987, 18.030731984592798], [82.53148536639858, 18.030700470604607], [82.53156771765563, 18.03066895746499], [82.53165006891268, 18.030637443465512], [82.5317324201697, 18.03060592946039], [82.53181477052846, 18.030574416303836], [82.53189712178546, 18.03054290228744], [82.53197947304251, 18.03051138826538], [82.53206182340124, 18.03047987509191], [82.53214417465827, 18.03044836105858], [82.53222652591533, 18.030416847019612], [82.53230887717237, 18.03038533382922], [82.5323912275311, 18.030353819778956], [82.53247357878814, 18.030322305723057], [82.53255593004519, 18.03029079251573], [82.53263828040392, 18.030259278448547], [82.53272063166095, 18.030227764375727], [82.53280298291797, 18.030196251151466], [82.53288533417502, 18.030164737067363], [82.53296768453373, 18.03013322297761], [82.53305003579078, 18.030101709736442], [82.53313238704783, 18.030070195635393], [82.53321473740655, 18.030038681528744], [82.5332970886636, 18.030007168270618], [82.53337943992064, 18.029975654152658], [82.5334617911777, 18.029944140029077], [82.53354414153641, 18.02991262675402], [82.53362649279346, 18.029881112619165], [82.53370884405047, 18.029849598478638], [82.53379119440922, 18.02981808518666], [82.53387354566624, 18.02978657103487], [82.53395589692329, 18.02975505687741], [82.53403824818034, 18.029723543568533], [82.53412059853906, 18.0296920293998], [82.5342029497961, 18.02966051522542], [82.53428530105316, 18.029629001045393], [82.5343676523102, 18.029597487713946], [82.5344500026689, 18.029565973522633], [82.53453235392597, 18.029534459325696], [82.534614705183, 18.029502945977317], [82.53469705554174, 18.029471431769096], [82.53477940679878, 18.029439917555212], [82.5348617580558, 18.029408404189926], [82.53494410931285, 18.029376889964755], [82.53502645967156, 18.029345375733964], [82.5351088109286, 18.029313862351735], [82.53519116218565, 18.029282348109657], [82.53527351254438, 18.02925083386192], [82.53535586380143, 18.02921932046278], [82.53543821505846, 18.029187806203772], [82.53552056631553, 18.029156291939113], [82.53560291667424, 18.02912477852305], [82.53568526793129, 18.029093264247123], [82.53576293806735, 18.029053308684936], [82.53584060820346, 18.029013353967887], [82.53591827923786, 18.028973398387585], [82.53599594937398, 18.028933442798163], [82.53607361951005, 18.028893488053914], [82.53615128964616, 18.028853532446398], [82.53622896068056, 18.028813577683994], [82.53630663081667, 18.028773622058335], [82.53638430095276, 18.028733666423584], [82.53646197108884, 18.02869371163399], [82.53653964122495, 18.02865375598112], [82.53661731225935, 18.028613800319167], [82.53669498239546, 18.02857384550235], [82.53677265253157, 18.02853388982228], [82.53685032266765, 18.028493934133152], [82.53692799280375, 18.028453979289136], [82.53700566383816, 18.028414023581828], [82.53708333397425, 18.028374067865485], [82.53716100411033, 18.02833411299427], [82.53723867424644, 18.02829415725976], [82.53731634528084, 18.02825420237044], [82.53739401541694, 18.028214246617775], [82.53747168555306, 18.028174290856093], [82.53754935568914, 18.028134335939548], [82.53762702582523, 18.028094380159683], [82.53770469685965, 18.0280544243708], [82.53778236699574, 18.028014469427028], [82.53786003713185, 18.027974513620016], [82.53793770726793, 18.02793455780388], [82.53801537740402, 18.027894602832912], [82.53809304843843, 18.027854646998673], [82.53817071857455, 18.027814691155353], [82.53824838871061, 18.027774736157166], [82.53832605884672, 18.027734780295727], [82.53840372988113, 18.02769482527943], [82.53848140001723, 18.027654869399846], [82.53855907015334, 18.027614913511183], [82.5386367402894, 18.02757495846767], [82.53871441042551, 18.02753500256089], [82.53879208145992, 18.027495046645015], [82.53886975159604, 18.027455091574325], [82.53894742173213, 18.027415135640307], [82.53902509186821, 18.027375179697255], [82.53910276200432, 18.02733522459934], [82.53918043303872, 18.02729526863811], [82.53925810317483, 18.027255312667858], [82.5393357733109, 18.027215357542733], [82.539413443447, 18.027175401554338], [82.53949111448141, 18.027135446411084], [82.53956878461752, 18.027095490404523], [82.53964645475362, 18.027055534388918], [82.5397241248897, 18.02701557921846], [82.53980179502581, 18.0269756231847], [82.53987946606021, 18.026935667141895], [82.5399571361963, 18.026895711944224], [82.54003480633239, 18.02685575588329], [82.54011680544984, 18.02682354928414], [82.54019880546562, 18.02679134267911], [82.54028080458308, 18.026759135213975], [82.54036280459881, 18.02672692859714], [82.54044480371627, 18.02669472197443], [82.54052680373205, 18.026662515345866], [82.5406088028495, 18.02663030871136], [82.54069080286527, 18.02659810121677], [82.54077280198271, 18.026565894570496], [82.54085480199846, 18.02653368791832], [82.54093680111592, 18.026501481260254], [82.54101880023337, 18.026469274596298], [82.54110080024915, 18.026437067072255], [82.54118279936661, 18.026404860396518], [82.54126479938236, 18.02637265371493], [82.54134679849982, 18.026340447027398], [82.54142879851555, 18.02630824033399], [82.54151079763301, 18.02627603278048], [82.54159279764879, 18.02624382607528], [82.54167479676624, 18.0262116193642], [82.5417567958837, 18.026179412647256], [82.54183879589945, 18.02614720592438], [82.5419207950169, 18.02611499834141], [82.54200279503264, 18.02608279160677], [82.5420847941501, 18.026050584866223], [82.54216679416588, 18.026018378119787], [82.54224879328333, 18.02598617136745], [82.5423307932991, 18.02595396375504], [82.54241279241654, 18.025921756990922], [82.54249479243234, 18.025889550220963], [82.54257679154975, 18.02585734344505], [82.5426587906672, 18.025825136663272], [82.54274079068298, 18.025792929021396], [82.54282278980044, 18.02576072222784], [82.54290478981618, 18.025728515428366], [82.54298678893363, 18.02569630862305], [82.54306878894941, 18.02566410181181], [82.54315078806684, 18.02563189414047], [82.54323278808262, 18.02559968731746], [82.54331478720007, 18.025567480488533], [82.54335148787099, 18.025645255916988], [82.54338818854194, 18.02572303131109], [82.54342488921286, 18.02580080667081], [82.54346158898547, 18.025878581996185], [82.54349828965643, 18.025956357287228], [82.54353499032733, 18.026034132543906], [82.54357169099829, 18.02611190776622], [82.54360839166921, 18.026189682954165], [82.54364509234016, 18.026267458107768], [82.54368179301107, 18.02634523322702], [82.5437184927837, 18.02642300831191], [82.54375519345463, 18.026500783362412], [82.54379189412555, 18.026578558378603], [82.54382859479651, 18.02665633336043], [82.54386529546743, 18.026734108307895], [82.54390199613837, 18.026811883220997], [82.54393869680929, 18.026889658099712], [82.54397539658191, 18.026967432089894], [82.54401209725283, 18.02704520689991], [82.54404879792378, 18.027122981675586], [82.5440854985947, 18.0272007564169], [82.54412219926563, 18.027278531123866], [82.54415889993656, 18.027356305796467], [82.54419559970917, 18.02743408043468], [82.54423230038013, 18.02751185503857], [82.54426900105105, 18.027589629608084], [82.544305701722, 18.027667404143244], [82.54434240239291, 18.02774517864406], [82.54437910306386, 18.027822953110473], [82.54441580373478, 18.02790072754256], [82.54445250350739, 18.027978501940296], [82.54448920417835, 18.028056276303662], [82.54452590484927, 18.028134050632673], [82.54456260552021, 18.028211824927297], [82.54459930619113, 18.028289599187598], [82.54463600686208, 18.028367373413523], [82.544672707533, 18.028445147605098], [82.5447094073056, 18.02852292176227], [82.54474610797656, 18.02860069588512], [82.54478280864748, 18.028678469973606], [82.54481950931843, 18.028756244027743], [82.54485620998935, 18.028834018047505], [82.5448929106603, 18.028911792032876], [82.54492961133121, 18.028989565983924], [82.54496631110383, 18.02906733990061], [82.54500301177475, 18.02914511378293], [82.54503971244569, 18.029222887630894], [82.5450764131166, 18.029300661444466], [82.54511311378756, 18.0293784352237], [82.54514981445847, 18.029456208968583], [82.54518651512943, 18.029533982679094], [82.54522321490205, 18.02961175550102], [82.54525991557297, 18.029689529142814], [82.54529661624392, 18.029767302750237], [82.54533331691484, 18.029845076323284], [82.54537001758578, 18.02992284986198], [82.5454067182567, 18.030000623366323], [82.54544341802932, 18.030078396836306], [82.54548011870027, 18.030156170271876], [82.54551681937119, 18.030233943673135], [82.54555352004213, 18.030311717040018], [82.54559022071305, 18.03038949037255], [82.545626921384, 18.030467263670705], [82.54566362205492, 18.030545036934473], [82.54570032182754, 18.030622810163905], [82.54573702249849, 18.030700583358975], [82.5457737231694, 18.03077835651968], [82.54581042384035, 18.03085612964601], [82.54587323943488, 18.03091666757183], [82.54593605413112, 18.030977204622634], [82.5459988697257, 18.03103774250684], [82.54606168532027, 18.03109828037021], [82.5461245009148, 18.031158817358556], [82.54618731561105, 18.031219355180273], [82.54625013120561, 18.03127989298116], [82.54631294680016, 18.031340429907058], [82.54637576239472, 18.03140096766632], [82.54643857709097, 18.031461505404742], [82.54650139268553, 18.031522042268172], [82.54656420828006, 18.031582579964955], [82.54662702387463, 18.031643117640925], [82.54668983857088, 18.03170365529607], [82.54675265416545, 18.031764192076217], [82.54681546975998, 18.03182472968971], [82.54687828535454, 18.031885267282426], [82.54694110005079, 18.03194580400007], [82.54700391564536, 18.032006341551096], [82.5470667312399, 18.032066879081345], [82.54712954683447, 18.03212741573652], [82.5471923615307, 18.032187953225133], [82.54725517712527, 18.03224849069288], [82.54731799271981, 18.03230902728559], [82.54738080741606, 18.032369564711722], [82.54744362301062, 18.032430102117], [82.54750643860518, 18.032490638647285], [82.54756925419973, 18.032551176010898], [82.54763206889596, 18.032611713353713], [82.54769488449054, 18.03267224982153], [82.54775770008511, 18.032732787122693], [82.54782051567963, 18.032793324403027], [82.54788333037588, 18.032853860808377], [82.54794614597044, 18.032914398047073], [82.54800896156503, 18.032974935264942], [82.54807177715956, 18.03303547160783], [82.5481345918558, 18.033096008784057], [82.54819740745036, 18.033156545939445], [82.54826022304493, 18.033217082219853], [82.54832303863948, 18.033277619333617], [82.54838585333572, 18.033338156426538], [82.54844866893028, 18.03339869349869], [82.54851148452481, 18.033459229695765], [82.54857429922109, 18.03351976672626], [82.54863711481563, 18.033580303735903], [82.54869993041021, 18.033640839870515], [82.54876274600473, 18.033701376838543], [82.548825560701, 18.03376191378571], [82.54888837629554, 18.03382244985788], [82.54895119189013, 18.03388298676339], [82.54901400748464, 18.03394352364809], [82.5490768221809, 18.034004059657793], [82.54913963777545, 18.03406459650084], [82.54920245337003, 18.034125133323073], [82.54926526896458, 18.0341856692703], [82.54932808366081, 18.034246206050867], [82.54939089925537, 18.03430674281062], [82.54945371484995, 18.03436727869538], [82.54951653044449, 18.03442781541348], [82.54957934514073, 18.034488352110746], [82.54964216073529, 18.03454888793304], [82.54970497632986, 18.03460942458866], [82.5497677919244, 18.034669961223468], [82.54983060662063, 18.03473049698327], [82.5498934222152, 18.034791033576425], [82.54995623780978, 18.034851570148756], [82.55001905250602, 18.034912105846093], [82.55008186810055, 18.03497264237677], [82.55014468369512, 18.03503317888666], [82.55020749928968, 18.035093715375687], [82.55027031398592, 18.03515425098969], [82.55033312958047, 18.035214787437102], [82.55039594517504, 18.035275323863647], [82.5504587607696, 18.035335859415213], [82.55052157546585, 18.035396395800106], [82.55058439106038, 18.035456932164188], [82.55064720665496, 18.03551746765327], [82.55071002224949, 18.035578003975697], [82.55077283694577, 18.0356385402773], [82.55083565254029, 18.035699075703906], [82.55089846813487, 18.035759611963854], [82.55096128372941, 18.035820148202966], [82.55102409842564, 18.035880683567107], [82.55108691402022, 18.035941219764577], [82.55112072840416, 18.03601950482206], [82.55115454278807, 18.036097788990567], [82.55118835627368, 18.036176073978396], [82.55122217065758, 18.03625435893144], [82.55125598504154, 18.036332642995436], [82.55128979942543, 18.036410927878777], [82.55132361380937, 18.036489212727325], [82.5513574281933, 18.03656749668683], [82.5513912416789, 18.036645781465722], [82.55142505606284, 18.036724066209743], [82.55145887044675, 18.036802350064786], [82.55149268483069, 18.036880634739152], [82.5515264992146, 18.036958919378698], [82.55156031359854, 18.037037203129252], [82.55159412708416, 18.037115487699133], [82.55162794146807, 18.037193772234165], [82.55166175585201, 18.037272055880234], [82.5516955702359, 18.03735034034561], [82.55172938461986, 18.037428624776183], [82.55176319810545, 18.03750690831775], [82.55179701248939, 18.03758519267864], [82.55183082687329, 18.037663477004724], [82.55186464125724, 18.03774176044178], [82.55189845564114, 18.037820044698208], [82.55193227002508, 18.037898328919777], [82.55196608351069, 18.03797661225232], [82.5519998978946, 18.03805489640426], [82.55203371227854, 18.03813318052133], [82.55206752666246, 18.038211463749423], [82.55210134104641, 18.038289747796828], [82.5521351554303, 18.038368031809394], [82.55216896891592, 18.038446314933], [82.55220278329986, 18.038524598875902], [82.55223659768377, 18.038602882783984], [82.55227041206767, 18.038681165803077], [82.55230422645161, 18.03875944964148], [82.55233804083554, 18.03883773344506], [82.55237185432114, 18.038916016359664], [82.55240566870508, 18.038994300093567], [82.552439483089, 18.03907258379266], [82.55247329747294, 18.03915086660274], [82.55250711185684, 18.039229150232178], [82.55254092534246, 18.039307433826746], [82.5525747397264, 18.039385716532312], [82.55260855411031, 18.03946400005725], [82.55264236849425, 18.03954228354732], [82.55267618287816, 18.03962056614841], [82.5527099972621, 18.03969884956881], [82.55274381074769, 18.039777132954367], [82.55277762513163, 18.0398554163051], [82.55281143951554, 18.03993369876686], [82.55284525389948, 18.040011982047925], [82.55287906828337, 18.040090265294186], [82.55291288266733, 18.0401685476514], [82.55294669615294, 18.040246830827957], [82.55298051053684, 18.040325113969704], [82.55301432492078, 18.04040339622241], [82.5530481393047, 18.040481679294487], [82.55308195368865, 18.040559962331695], [82.55311576717425, 18.04063824447994], [82.55314958155816, 18.04071652744748], [82.55318339594211, 18.040794810380174], [82.55321721032601, 18.040873092423904], [82.55325102470995, 18.040951375286934], [82.55328483909386, 18.04102965811513], [82.55331865257948, 18.041107940054346], [82.55335246696337, 18.041186222812847], [82.55338628134731, 18.041264505536528], [82.55342009573124, 18.04134278737123], [82.55345391011518, 18.041421070025248], [82.55348772449909, 18.04149935264444], [82.5535215379847, 18.041577634374608], [82.55355535236865, 18.04165591692412], [82.55358916675254, 18.04173419943878], [82.55362298113648, 18.04181248106443], [82.55365679552041, 18.04189076350943], [82.55369060990434, 18.04196904591956], [82.55372442338995, 18.042047327440738], [82.55375823777386, 18.042125609781202], [82.55379205215782, 18.042203892086818], [82.55382586654171, 18.04228217350347], [82.55385968092563, 18.042360455739406], [82.55389349441124, 18.04243873794051], [82.55392730879518, 18.04251701925265], [82.55396112317908, 18.042595301384072], [82.55399493756303, 18.04267358348065], [82.55402875194694, 18.042751864688277], [82.55406256633088, 18.042830146715175], [82.55409637981649, 18.042908428707264], [82.55413019420041, 18.04298670981034], [82.55416400858435, 18.043064991732752], [82.55419782296825, 18.04314327362029], [82.55423163735219, 18.043221554618878], [82.5542654517361, 18.043299836436738], [82.55429926522172, 18.04337811821975], [82.55433307960563, 18.04345639911381], [82.55436689398957, 18.043534680827143], [82.55443249346318, 18.04359163043142], [82.55449809293681, 18.043648580017244], [82.55456369241043, 18.043705529584635], [82.55462929278237, 18.0437624799877], [82.55469489225601, 18.043819429518205], [82.55476049172961, 18.04387637903027], [82.55482609120325, 18.043933328523895], [82.55489169067687, 18.04399027799908], [82.55495729015047, 18.0440472274558], [82.55502288962411, 18.04410417689411], [82.55508848999605, 18.044161126313973], [82.55515408946967, 18.044218076569546], [82.5552196889433, 18.04427502595249], [82.55528528841691, 18.044331975317053], [82.55535088789055, 18.044388924663153], [82.55541648736416, 18.04444587399082], [82.55548208683781, 18.04450282330004], [82.55554768720971, 18.044559772590823], [82.55561328668335, 18.04461672271728], [82.55567888615695, 18.044673671971182], [82.5557444856306, 18.04473062120664], [82.5558100851042, 18.04478757042366], [82.55587568457784, 18.044844519622234], [82.55594128494978, 18.044901468802372], [82.5560068844234, 18.044958417964065], [82.55607248389704, 18.045015367107297], [82.55613808337064, 18.04507231708625], [82.55620368284426, 18.045129266192628], [82.5562692823179, 18.04518621528056], [82.5563348817915, 18.04524316435004], [82.55640048216344, 18.045300113401062], [82.55646608163708, 18.045357062433673], [82.55653168111068, 18.04541401144784], [82.55659728058433, 18.045470961297703], [82.55666288005794, 18.04552791027495], [82.55672847953159, 18.045584859233784], [82.55679407900519, 18.045641808174185], [82.55685967937713, 18.04569875709614], [82.55692527885074, 18.04575570599966], [82.55699087832438, 18.045812654884745], [82.55705647779799, 18.04586960375136], [82.55712207727163, 18.045926553453672], [82.55718767674523, 18.045983502283416], [82.55725327621887, 18.046040451094726], [82.55731887659081, 18.046097399887586], [82.55738447606443, 18.046154348662], [82.55745007553803, 18.046211297417994], [82.55751567501167, 18.046268246155492], [82.55758127448529, 18.046325195728734], [82.55764687395892, 18.046382144429387], [82.55771247343253, 18.04643909311159], [82.55777807380447, 18.04649604177536], [82.55784367327811, 18.046552990420658], [82.55790927275171, 18.046609939047535], [82.55797487222536, 18.046666887655988], [82.55804047169897, 18.04672383624598], [82.55810607117257, 18.046780785671633], [82.55817167154451, 18.046837734224745], [82.55823727101816, 18.046894682759426], [82.55830287049177, 18.046951631275643], [82.5583684699654, 18.047008579773426], [82.558434069439, 18.047065528252773], [82.55849966891266, 18.047122476713675], [82.55856526838626, 18.047179426010224], [82.5586308687582, 18.047236374434245], [82.5586964682318, 18.047293322839817], [82.55876206770546, 18.04735027122693], [82.55882766717906, 18.04740721959562], [82.5588932666527, 18.04746416794585], [82.55895886612632, 18.047521116277622], [82.55902446559995, 18.047578064590972], [82.55909006597189, 18.047635013740017], [82.55915566544549, 18.047691962016472], [82.55922126491915, 18.047748910274493], [82.55928686439275, 18.047805858514053], [82.55937573113054, 18.04781789045547], [82.55946459786834, 18.04782992325019], [82.55955346460613, 18.047841955189966], [82.55964233134392, 18.047853987983007], [82.55973119718344, 18.047866019921116], [82.55982006392122, 18.04787805271252], [82.55990893065902, 18.047890084648998], [82.55999779739682, 18.047902116584652], [82.56008666413462, 18.04791414937357], [82.56017553087241, 18.047926181307574], [82.5602643976102, 18.047938214094888], [82.560353264348, 18.04795024602725], [82.5604421310858, 18.047962277958753], [82.5605309978236, 18.04797431074359], [82.56061986366305, 18.047986342673468], [82.56070873040086, 18.04799837545665], [82.56079759713866, 18.048010407384886], [82.56088646387646, 18.04802244016639], [82.56097533061424, 18.048034472092997], [82.56106419735204, 18.048046504018764], [82.56115306408984, 18.04805853679785], [82.56124193082763, 18.04807056872193], [82.56133079756543, 18.048082601499374], [82.56141966430323, 18.048094633421844], [82.56150853014273, 18.048106665343504], [82.56159739688053, 18.04811869811843], [82.56168626361831, 18.048130730038434], [82.56177513035611, 18.048142762811718], [82.56186399709391, 18.048154794730085], [82.5619528638317, 18.048166827501753], [82.5620417305695, 18.048178859418435], [82.56213059730729, 18.04819089133432], [82.56221946404509, 18.04820292410352], [82.56230833078288, 18.048214956017762], [82.56239719662238, 18.048226988785284], [82.56248606336018, 18.048239020697885], [82.56257493009798, 18.048251052609658], [82.56266379683578, 18.04826308537471], [82.56275266357358, 18.04827511728483], [82.56284153031136, 18.048287150048232], [82.56293039704916, 18.048299181956722], [82.56301926378696, 18.048311214718506], [82.56310813052475, 18.04832324662533], [82.56319699726255, 18.048335278531315], [82.56328586310201, 18.04834731129063], [82.56337472983981, 18.048359343195003], [82.5634635965776, 18.048371375952637], [82.5635524633154, 18.048383407855365], [82.56364133005319, 18.048395439757254], [82.56373019679098, 18.048407472512423], [82.56381906352883, 18.04841950441267], [82.56390793026662, 18.048431537166184], [82.5639967970044, 18.04844356906479], [82.5640856637422, 18.048455601816688], [82.56417452958168, 18.048467633713653], [82.56426339631946, 18.04847966560978], [82.56435226305726, 18.048491698359186], [82.56444112979506, 18.048503730253667], [82.56452999653287, 18.04851576300142], [82.56461886327067, 18.048527794894262], [82.56470773000845, 18.04853982678628], [82.56479659674625, 18.04855185953156], [82.56488546348405, 18.04856389142194], [82.56497433022184, 18.048575924165604], [82.56506319606133, 18.048587956054288], [82.56515206279913, 18.048599988796312], [82.56524092953694, 18.048612020683393], [82.56532979627474, 18.048624052569647], [82.56541866301252, 18.048636085309166], [82.56550752975032, 18.048648117193764], [82.56559639648812, 18.048660149931642], [82.56568526322592, 18.048672181814602], [82.56577412996371, 18.04868421369673], [82.5658629967015, 18.048696246432144], [82.56595186254097, 18.048708278312635], [82.5660407292788, 18.048720311046427], [82.5661295960166, 18.048732342925263], [82.56621846275439, 18.048744375657378], [82.56630732949219, 18.048756407534572], [82.56639619622999, 18.048768439410942], [82.56648506296777, 18.048780472140578], [82.56657392970557, 18.048792504015303], [82.56666279644337, 18.048804536743297], [82.56675166228284, 18.04881656861638], [82.56684052902062, 18.04882860134276], [82.56692939575842, 18.04884063321419], [82.56701826249622, 18.04885266508476], [82.56710712923402, 18.048864697808668], [82.56719599597182, 18.04887672967763], [82.56728486270961, 18.048888762399862], [82.5673737294474, 18.048900794267173], [82.5674625961852, 18.048912826133666], [82.567551462923, 18.04892485885343], [82.5676403287625, 18.04893689071827], [82.56772919550029, 18.04894892343643], [82.56781806223809, 18.048960955299577], [82.56790692897589, 18.048972988016082], [82.56799579571367, 18.04898501987763], [82.56808466245147, 18.04899705173836], [82.56817352918927, 18.04900908445236], [82.56826239592708, 18.04902111631144], [82.56835126266488, 18.049033149023785], [82.56844012940266, 18.049045180881222], [82.56852899524216, 18.049057212737832], [82.56861786197996, 18.04906924544771], [82.56870672871774, 18.049081277302665], [82.56879559545554, 18.04909331001094], [82.56888446219334, 18.049105341864255], [82.56897332893114, 18.049117374570837], [82.56906219566893, 18.049129406422512], [82.56915106240673, 18.04914143827336], [82.56923992914453, 18.049153470977473], [82.56932879588233, 18.049165502826664], [82.56941766172179, 18.04917753552914], [82.56950652845958, 18.04918956737669], [82.56959539519738, 18.049201599223416], [82.56968426193518, 18.049213631923458], [82.56977312867298, 18.049225663768503], [82.56986199541078, 18.04923769646688], [82.56995086214856, 18.049249728310322], [82.57003972888636, 18.04926176100703], [82.5701285956242, 18.049273792848822], [82.57021746236198, 18.049285824689782], [82.57030632820145, 18.049297857384023], [82.57039519493925, 18.04930988922333], [82.57048406167705, 18.049321921915958], [82.57057292841483, 18.0493339537536], [82.57066179515263, 18.04934598559044], [82.57075066189043, 18.049358018280596], [82.57083952862823, 18.049370050115794], [82.57092839536602, 18.049382082804275], [82.57101726210381, 18.049394114637817], [82.5711061288416, 18.049406147324657], [82.57119499468112, 18.04941817915656], [82.5712838614189, 18.049430210987648], [82.5713727281567, 18.049442243671994], [82.5714615948945, 18.04945427550143], [82.5715504616323, 18.04946630818417], [82.5716393283701, 18.049478340011962], [82.57172819510788, 18.049490371838907], [82.57181706184568, 18.049502404519163], [82.57190592858348, 18.04951443634449], [82.57199479532127, 18.04952646902307], [82.57208366116073, 18.049538500846758], [82.57217252789853, 18.049550533523696], [82.57226139463634, 18.049562565345727], [82.57235026137415, 18.04957459716693], [82.57243912811195, 18.04958662984144], [82.57252799484975, 18.04959866166095], [82.57261686158755, 18.049610694333822], [82.57270572832535, 18.04962272615173], [82.57279459506314, 18.049634757968814], [82.57288346180094, 18.049646790639173], [82.57297232764041, 18.049658822454614], [82.57306119437821, 18.049670855123324], [82.573150061116, 18.04968288693711], [82.5732389278538, 18.049694919604203], [82.57332779459159, 18.049706951416322], [82.57341667480411, 18.049703236902985], [82.57350555411833, 18.04969952238953], [82.57359443433084, 18.049695807876017], [82.57368331364506, 18.049692093362395], [82.5737721938576, 18.049688378848714], [82.57386107407011, 18.049684664334983], [82.57394995338433, 18.049680949821134], [82.57403883359684, 18.04967723530722], [82.5741277138094, 18.049673520793224], [82.5742165931236, 18.049669806279148], [82.57430547333611, 18.04966609176498], [82.57439435265033, 18.04966237639667], [82.57448323286286, 18.049658661882354], [82.57457211307538, 18.04965494736796], [82.5746609923896, 18.049651232853513], [82.57474987260211, 18.04964751833898], [82.57483875191633, 18.049643803824342], [82.57492763212885, 18.049640089309644], [82.57501651234136, 18.049636374794865], [82.5751053916556, 18.049632660280025], [82.57519427186811, 18.049628945765086], [82.57528315208067, 18.04962523125008], [82.57537203139486, 18.049621516734973], [82.57546091160738, 18.04961780221979], [82.5755497909216, 18.04961408770457], [82.57563867113412, 18.049610373189246], [82.57572755134663, 18.049606658673834], [82.57581643066085, 18.049602944158345], [82.57590531087338, 18.049599229642766], [82.57599419018759, 18.049595515127127], [82.57608307040012, 18.049591800611434], [82.57617195061263, 18.049588086095625], [82.57626082992687, 18.049584371579744], [82.57634971013937, 18.049580657063785], [82.57643859035193, 18.049576941693655], [82.57652746966612, 18.049573227177543], [82.57661634987863, 18.049569512661343], [82.57670522919285, 18.049565798145064], [82.57679410940538, 18.04956208362875], [82.5768829896179, 18.049558369112308], [82.57697186893212, 18.0495546545958], [82.57706074914464, 18.049550940079218], [82.57714962845886, 18.049547225562545], [82.57723850867137, 18.049543511045798], [82.57732738888389, 18.04953979652901], [82.57741626819812, 18.04953608201211], [82.57750514841065, 18.049532367495132], [82.57759402862315, 18.04952865297807], [82.57768290793739, 18.049524938460937], [82.5777717881499, 18.049521223943742], [82.57786066746412, 18.049517509426448], [82.57794954767664, 18.04951379490909], [82.57803842788915, 18.04951008039163], [82.57812730720337, 18.04950636587409], [82.5782161874159, 18.049502651356516], [82.57830506673011, 18.04949893683884], [82.57839394694264, 18.049495221466945], [82.57848282715516, 18.04949150694914], [82.57857170646939, 18.049487792431208], [82.5786605866819, 18.049484077913213], [82.57874946689441, 18.04948036339513], [82.57883834620864, 18.049476648876983], [82.57892722642116, 18.049472934358732], [82.57901610573538, 18.049469219840457], [82.57910498594791, 18.04946550532207], [82.57919386616042, 18.04946179080359], [82.57928274547464, 18.049458076285035], [82.57937162568716, 18.04945436176642], [82.57946050500139, 18.049450647247735], [82.5795493852139, 18.04944693272895], [82.57963826542642, 18.04944321821008], [82.57972714474064, 18.049439503691143], [82.57981602495317, 18.049435789172115], [82.57990490516569, 18.049432074653055], [82.57999378447991, 18.049428360133874], [82.58008266469243, 18.04942464561462], [82.58017154400665, 18.049420931095277], [82.58026042421916, 18.049417216575872], [82.58034930443168, 18.049413502056375], [82.5804381837459, 18.04940978668271], [82.58052706395843, 18.04940607216306], [82.58061594327265, 18.04940235764335], [82.58070482348516, 18.04939864312356], [82.58079370369768, 18.049394928603682], [82.58088258301191, 18.049391214083727], [82.58097146322443, 18.04938749956367], [82.58106034343695, 18.049383785043553], [82.58114922275116, 18.049380070523394], [82.5812381029637, 18.04937635600311], [82.5813269822779, 18.04937264148276], [82.58141586249043, 18.049368926962323], [82.58133717546144, 18.049404737190816], [82.58125848843245, 18.049440548266137], [82.58117980140342, 18.049476358480074], [82.58110111437445, 18.049512169540805], [82.58102242734546, 18.049547979740126], [82.58094374031647, 18.049583790786272], [82.58086505328744, 18.049619600971003], [82.58078636625847, 18.04965541114848], [82.58070767922948, 18.049691222172733], [82.58062899220045, 18.049727032335593], [82.58055030517146, 18.049762843345253], [82.58047161814248, 18.049798653493518], [82.5803929311135, 18.049834464488615], [82.58031424408446, 18.049870274622315], [82.58023555705547, 18.0499060847487], [82.58015687002649, 18.049941895721897], [82.58007818299747, 18.0499777058337], [82.57999949596848, 18.05001351679231], [82.57992080893949, 18.050049326889546], [82.5798421219105, 18.050085136979458], [82.57976343488149, 18.050120947916195], [82.5796847478525, 18.050156757991523], [82.57960606082351, 18.05019256891367], [82.57952737379449, 18.050228378974406], [82.5794486867655, 18.05026418988196], [82.57936999973651, 18.050299999928143], [82.57929016376228, 18.050337869212715], [82.57921032778803, 18.0503757384891], [82.57913049181376, 18.05041360775735], [82.57905065583951, 18.050451477017454], [82.57897081986528, 18.050489346269387], [82.57889098299273, 18.050527215513185], [82.57881114701847, 18.050565084748772], [82.57873131104421, 18.05060295397624], [82.57865147506998, 18.05064082319556], [82.57857163909573, 18.05067869240672], [82.5784918031215, 18.050716561609715], [82.57841196714725, 18.050754430804556], [82.578332131173, 18.050792299991215], [82.57825229519877, 18.050830169169743], [82.57817245922453, 18.050868038340116], [82.57809262235195, 18.050905908356416], [82.57801278637771, 18.05094377751047], [82.57793295040346, 18.050981646656364], [82.57785311442923, 18.05101951579412], [82.57777327845498, 18.051057384923705], [82.57769344248071, 18.0510952540451], [82.57761360650646, 18.05113312315838], [82.57753377053223, 18.051170992263486], [82.57745393455798, 18.051208861360443], [82.57737409858373, 18.05124673044924], [82.57729426171117, 18.051284600383966], [82.57721442573693, 18.051322469456444], [82.5771345897627, 18.051360338520777], [82.57705475378845, 18.05139820757692], [82.5769749178142, 18.05143607662493], [82.57689508183996, 18.0514739456648], [82.57681524586572, 18.05151181469649], [82.57673540989147, 18.051549683720026], [82.5766555739172, 18.051587552735416], [82.57657573794296, 18.051625421742603], [82.57649590107042, 18.05166329159579], [82.57641606509617, 18.05170116058668], [82.57633622912189, 18.05173902956943], [82.57625639314766, 18.05177689854402], [82.57617655717343, 18.05181476751047], [82.57609672119918, 18.05185263646874], [82.57601688522493, 18.05189050541888], [82.5759370492507, 18.051928374360802], [82.57585721327645, 18.05196624329462], [82.57577737730222, 18.05200411222028], [82.57569754042963, 18.052041981137762], [82.5756177044554, 18.052079850047104], [82.57553786848115, 18.05211771894825], [82.5754580325069, 18.052155587841266], [82.57537819653267, 18.05219345672614], [82.57529836055842, 18.052231325602836], [82.57521852458414, 18.05226919447139], [82.57513868860991, 18.05230706333176], [82.57505885263568, 18.052344932183992], [82.57497901666142, 18.052382801028067], [82.57489917978886, 18.052420670718067], [82.57481934381461, 18.052458539545817], [82.57473950784036, 18.05249640836543], [82.57465967186613, 18.05253427717687], [82.57457983589188, 18.052572145980147], [82.57449999991765, 18.05261001477529], [82.5744201639434, 18.05264788356222], [82.57434032796915, 18.052685752341027], [82.57426049199492, 18.052723621111696], [82.57418065602064, 18.052761489874197], [82.5741008200464, 18.052799358628526], [82.57402098317385, 18.0528372282288], [82.57394114719962, 18.052875096966822], [82.57386131122534, 18.052912965696688], [82.57378147525111, 18.05295083441836], [82.57370163927685, 18.05298870313192], [82.57362180330261, 18.05302657183731], [82.57354196732838, 18.053064440534545], [82.57346213135413, 18.053102309223625], [82.57338229537989, 18.053140177904513], [82.57330245940565, 18.05317804657727], [82.57322262253308, 18.05321591609598], [82.57314278655885, 18.05325378475239], [82.57306295058459, 18.05329165340068], [82.57298311461035, 18.053329522040805], [82.5729032786361, 18.053367390672776], [82.57282344266187, 18.05340525929659], [82.5727436066876, 18.05344312791225], [82.57266377071335, 18.053480996519717], [82.5725839347391, 18.053518865119056], [82.57250409876487, 18.053556733710238], [82.5724242618923, 18.053594602293252], [82.57234442591805, 18.053632470868124], [82.57226458994381, 18.05367033943479], [82.57218475396957, 18.053708207993342], [82.57210491799533, 18.05374607654374], [82.57202508202109, 18.053783945085964], [82.57194524604684, 18.053821813620036], [82.5718654100726, 18.053859682145916], [82.57178557409836, 18.05389755066368], [82.57170573812408, 18.053935419173275], [82.57162590125155, 18.053973288528784], [82.5715460652773, 18.054011157022067], [82.57146622930307, 18.054049025507187], [82.5713863933288, 18.05408689398416], [82.57130655735453, 18.054124762452968], [82.5712267213803, 18.05416263091361], [82.57114688540607, 18.05420049936607], [82.57106704943182, 18.0542383678104], [82.57098721345757, 18.054276236246572], [82.57090737748334, 18.054314104674578], [82.57082754061076, 18.054351973948513], [82.57074770463653, 18.054389842360212], [82.57066786866227, 18.054427710763754], [82.57058803268804, 18.054465579159128], [82.5705081967138, 18.054503447546324], [82.57042836073956, 18.054541315925388], [82.57034852476528, 18.054579184296298], [82.57026868879103, 18.05461705265904], [82.57018885281678, 18.05465492101363], [82.57010901684255, 18.054692789360022], [82.57002917997, 18.054730658552394], [82.56994934399573, 18.054768526882516], [82.5698695080215, 18.05480639520442], [82.56978967204725, 18.05484426351822], [82.56970983607302, 18.054882131823852], [82.56963000009877, 18.054920000121342], [82.56955319144704, 18.05496382990252], [82.56947638279529, 18.055007660526858], [82.56939957414357, 18.05505149028619], [82.56932276639014, 18.055095320034578], [82.56924595773837, 18.055139149772025], [82.56916914908666, 18.05518298035265], [82.5690923404349, 18.055226810068255], [82.56901553178318, 18.05527063977292], [82.56893872313145, 18.055314470320724], [82.5688619144797, 18.05535830000353], [82.56878510672627, 18.055402129675446], [82.56870829807454, 18.055445960190465], [82.5686314894228, 18.055489789840486], [82.56855468077106, 18.055533619479565], [82.56847787211933, 18.055577449107755], [82.56840106346759, 18.055621279579047], [82.56832425571416, 18.05566510918534], [82.56824744706243, 18.05570893878072], [82.56817063841068, 18.055752769219254], [82.56809382975895, 18.055796598792764], [82.56801702110721, 18.05584042835533], [82.56794021245548, 18.05588425876108], [82.56786340380376, 18.055928088301805], [82.56778659605033, 18.055971917831588], [82.56770978739857, 18.056015747350443], [82.56763297874684, 18.056059577712464], [82.56755617009509, 18.05610340720945], [82.56747936144338, 18.056147236695534], [82.5674025527916, 18.056191067024756], [82.56732574413988, 18.056234896488956], [82.56724893638645, 18.056278725942242], [82.56717212773474, 18.056322556238666], [82.56709531908298, 18.056366385670096], [82.56701851043125, 18.05641021509057], [82.5669417017795, 18.05645404450013], [82.56686489312777, 18.0564978747528], [82.56678808537434, 18.05654170414053], [82.56671127672261, 18.05658553351729], [82.56663446807087, 18.05662936373719], [82.56655765941915, 18.05667319309208], [82.56648085076739, 18.056717022436082], [82.56640404211566, 18.056760852623185], [82.56632723346391, 18.05680468194529], [82.5662504257105, 18.056848511256458], [82.56617361705877, 18.05689234055672], [82.56609680840704, 18.05693617070012], [82.56601999975528, 18.056979999978502], [82.56593490863662, 18.057007091144005], [82.56584981751799, 18.057034182305284], [82.56576472729762, 18.05706127346244], [82.56567963617897, 18.05708836461536], [82.56559454506029, 18.057115455764123], [82.56550945394167, 18.057142546908736], [82.5654243637213, 18.05716963804915], [82.56533927260264, 18.057196729185407], [82.56525418148402, 18.057223820317464], [82.56516909126364, 18.057250911445372], [82.56508400104332, 18.05727800256907], [82.56499890992465, 18.057305093688594], [82.56491381880599, 18.057332184803972], [82.56482872768733, 18.057359275915154], [82.564743637467, 18.057386367022186], [82.56465854634834, 18.05741345727095], [82.56457345522966, 18.0574405483696], [82.56448836411101, 18.05746763946406], [82.56440327299235, 18.05749473055439], [82.56431818277201, 18.057521821640517], [82.56423309165335, 18.057548912722474], [82.5641480005347, 18.057576003800246], [82.56406290941607, 18.05760309487387], [82.5639778191957, 18.057630185089227], [82.56389272807704, 18.05765727615445], [82.56380763695839, 18.05768436721552], [82.56372254583975, 18.05771145827244], [82.56363745561939, 18.05773854847109], [82.56355236450072, 18.057765639519612], [82.56346727338209, 18.057792730564003], [82.56338218226344, 18.057819821604177], [82.56329709204306, 18.057846912640183], [82.56321200092441, 18.057874003672037], [82.56312690980577, 18.05790109384564], [82.56304181868711, 18.057928184869102], [82.56295672846674, 18.05795527588844], [82.56287163734811, 18.057982366903552], [82.56278654622946, 18.05800945706045], [82.5627014551108, 18.058036548067207], [82.56261636399213, 18.05806363906984], [82.5625312737718, 18.058090729214193], [82.56244618265315, 18.058117820208444], [82.56236109153448, 18.058144911198532], [82.56227600041582, 18.058172002184413], [82.56219091019548, 18.05819909316613], [82.56210581907683, 18.058226184143688], [82.56202072795816, 18.058253275117046], [82.5619356368395, 18.058280366086258], [82.56185054661917, 18.058307456197205], [82.5617654555005, 18.058334547158047], [82.56168036438184, 18.05836163811469], [82.56159527326318, 18.058388728213117], [82.56151018214452, 18.05841581916144], [82.56142509102587, 18.05844290925152], [82.56133999990722, 18.05847000019147], [82.56125186439807, 18.058482881197456], [82.56116372888891, 18.058495762202526], [82.56107559337975, 18.0585086432066], [82.5609874578706, 18.058521525063828], [82.56089932146311, 18.058534406066023], [82.56081118595398, 18.05854728792138], [82.56072305044482, 18.058560168921677], [82.56063491493566, 18.058573050775152], [82.5605467794265, 18.058585931773557], [82.56045864391734, 18.058598812771056], [82.56037050840818, 18.058611694621668], [82.56028237289902, 18.058624575617284], [82.56019423649157, 18.058637457465988], [82.56010610098241, 18.05865033845972], [82.56001796547326, 18.058663220306542], [82.55992982996409, 18.058676101298378], [82.55984169445495, 18.05868898228925], [82.55975355894577, 18.05870186413326], [82.55966542343663, 18.05871474512226], [82.55957728792745, 18.058727626964362], [82.55948915241831, 18.05874050795148], [82.55940101601085, 18.058753389791686], [82.55931288050168, 18.058766270776918], [82.55922474499253, 18.05877915261524], [82.55913660948336, 18.058792033598582], [82.55904847397422, 18.058804914580968], [82.55896033846506, 18.058817796416463], [82.55887220295592, 18.058830677396966], [82.55878406744677, 18.05884355923058], [82.55869593103928, 18.058856440209187], [82.55860779553012, 18.05886932204091], [82.55851966002096, 18.05888220301763], [82.5584315245118, 18.058895084847457], [82.55834338900267, 18.058907965822296], [82.55825525349351, 18.058920846796198], [82.55816711798437, 18.058933728623185], [82.5580789824752, 18.05894660959519], [82.55799084606771, 18.058959491420293], [82.55790271055855, 18.058972372390414], [82.55781457504942, 18.058985254213635], [82.55772643954028, 18.058998135181874], [82.55763830403112, 18.059011017003186], [82.55755016852196, 18.059023897969542], [82.5574620330128, 18.05903677893489], [82.55737389750364, 18.059049660753416], [82.55728576199448, 18.059062541716898], [82.55719762558702, 18.059075423533542], [82.55710949007786, 18.059088304495127], [82.55702135456872, 18.059101186309874], [82.55693321905954, 18.059114067269576], [82.5568450835504, 18.05912694908244], [82.55675694804123, 18.059139830040284], [82.55666881253208, 18.05915271185123], [82.55658067702291, 18.059165592807176], [82.55649254061545, 18.05917847461623], [82.5564044051063, 18.059191356424336], [82.55631626959713, 18.059204237377458], [82.55622813408799, 18.059217119183682], [82.55613999857881, 18.05923000013491], [82.55605846029711, 18.05925981284607], [82.55597692291373, 18.059289624698124], [82.55589538463202, 18.059319437399168], [82.55581384724861, 18.059349249241105], [82.55573230896691, 18.059379061932024], [82.55565077068519, 18.05940887461788], [82.55556923330181, 18.05943868644465], [82.5554876950201, 18.059468499120406], [82.55540615763671, 18.059498310937038], [82.55532461935499, 18.05952812360268], [82.55524308197162, 18.05955793626328], [82.5551615436899, 18.05958774891879], [82.5550800054082, 18.05961756156925], [82.55499846802479, 18.05964737336062], [82.55491692974309, 18.059677186000954], [82.5548353923597, 18.059706997782193], [82.55475385407799, 18.059736810412414], [82.55467231579628, 18.059766623037582], [82.55459077841287, 18.059796434803648], [82.55450924013117, 18.0598262474187], [82.55442770274779, 18.059856059174663], [82.55434616446608, 18.059885871779592], [82.554263448493, 18.059916114824635], [82.5541807334183, 18.059946357864472], [82.55409801744524, 18.05997660089911], [82.55401530237053, 18.060006843928527], [82.55393258639747, 18.060037086952743], [82.55384987132273, 18.060067329117697], [82.55376715534969, 18.060097572131493], [82.55368444027494, 18.060127815140124], [82.55360172430191, 18.060158058143514], [82.55351900922717, 18.06018830028767], [82.55343629325412, 18.06021854328065], [82.55335357817938, 18.060248786268417], [82.55327086220636, 18.06027902925098], [82.55318814713162, 18.06030927222838], [82.55310543115858, 18.060339515200535], [82.55302271608385, 18.06036975731343], [82.55294000011081, 18.060400000275205], [82.55286245933212, 18.06044213168181], [82.55278491855343, 18.060484263078298], [82.5527073768764, 18.060526394464695], [82.55262983609771, 18.06056852584098], [82.55255229531902, 18.060610657207178], [82.55247475454033, 18.06065278856326], [82.55239721286331, 18.060694919909253], [82.55231967208461, 18.06073705124513], [82.55224213130592, 18.060779182570908], [82.55216459052724, 18.060821313886585], [82.55208704885021, 18.06086344604619], [82.55200950807152, 18.06090557734168], [82.55193196729283, 18.060947708627037], [82.55185442651413, 18.060989839902305], [82.55177688573545, 18.061031971167477], [82.55169934405843, 18.06107410242253], [82.55162180327973, 18.061116233667498], [82.55154426250104, 18.061158364902347], [82.55146672172235, 18.0612004961271], [82.55138918004532, 18.06124262734175], [82.55131163926664, 18.061284758546297], [82.55123409848795, 18.061326889740755], [82.55115655770925, 18.06136902092509], [82.55107901603223, 18.061411152099332], [82.55100147525354, 18.06145328326347], [82.55092393447485, 18.0614954144175], [82.55084639369616, 18.06153754556144], [82.55076885291747, 18.061579676695253], [82.55069131124044, 18.061621807818987], [82.55061377046175, 18.06166393893261], [82.55053622968306, 18.06170607003613], [82.55045868890437, 18.06174820112955], [82.55038114722736, 18.061790333066924], [82.55030360644865, 18.06183246414014], [82.55022606566996, 18.061874595203243], [82.55014852489128, 18.061916726256253], [82.55007098411258, 18.061958857299143], [82.54999344243556, 18.06200098833194], [82.54991590165687, 18.062043119354648], [82.54983836087817, 18.06208525036723], [82.5497608200995, 18.062127381369724], [82.54968327842248, 18.062169512362104], [82.54960573764377, 18.062211643344394], [82.54952819686508, 18.062253774316545], [82.54945065608639, 18.06229590527862], [82.54937311440938, 18.062338036230592], [82.54929557363069, 18.062380167172453], [82.549218032852, 18.062422298104224], [82.54914049207329, 18.06246442902589], [82.5490629512946, 18.062506559937447], [82.54898540961759, 18.062548691692967], [82.5489078688389, 18.062590822584323], [82.5488303280602, 18.062632953465585], [82.54875278728151, 18.06267508433672], [82.54867524560449, 18.062717215197758], [82.54859770482581, 18.0627593460487], [82.5485201640471, 18.062801476889547], [82.54844262326841, 18.062843607720264], [82.5483650815914, 18.062885738540896], [82.5482875408127, 18.062927869351434], [82.54821000003402, 18.06297000015185], [82.54812999966806, 18.0630073978369], [82.54805000020045, 18.06304479551401], [82.54796999983452, 18.063082193183185], [82.54789000036686, 18.063119589990297], [82.54781000000092, 18.063156987643545], [82.54772999963497, 18.0631943852888], [82.54765000016737, 18.06323178292609], [82.54756999980142, 18.063269180555455], [82.54749000033381, 18.063306578176828], [82.54740999996785, 18.06334397579024], [82.54733000050022, 18.06338137254166], [82.54725000013427, 18.063418770139155], [82.54716999976833, 18.063456167728685], [82.54709000030071, 18.063493565310278], [82.54700999993477, 18.06353096288388], [82.54693000046714, 18.063568359595504], [82.5468500001012, 18.06360575715319], [82.54676999973528, 18.063643154702916], [82.54669000026762, 18.0636805522447], [82.54660999990168, 18.063717949778496], [82.54653000043406, 18.06375534730434], [82.54645000006812, 18.063792744822223], [82.54636999970218, 18.06383014233216], [82.54629000023456, 18.06386753898006], [82.54620999986861, 18.063904936474085], [82.54613000040098, 18.06394233396012], [82.54605000003502, 18.063979731438195], [82.54597000056741, 18.064017128054275], [82.54589000020147, 18.06405452551643], [82.54580999983553, 18.064091922970647], [82.5457300003679, 18.06412932041688], [82.54565000000197, 18.06416671785513], [82.54557000053431, 18.064204115285442], [82.54549000016837, 18.064241512707817], [82.54540999980243, 18.0642789101222], [82.54533000033481, 18.06431630667459], [82.54524999996887, 18.06435370407306], [82.54517000050126, 18.064391101463542], [82.54509000013532, 18.06442849884611], [82.54500999976936, 18.064465896220685], [82.54493000030173, 18.06450329273328], [82.54484999993578, 18.06454069009193], [82.54477000046816, 18.064578087442616], [82.54469000010222, 18.064615484785335], [82.54460999973628, 18.064652882120143], [82.54453000026867, 18.06469027859289], [82.54444999990272, 18.064727675911772], [82.54437000043507, 18.06476507322265], [82.54429000006913, 18.06480247052556], [82.54421000060151, 18.064839867820524], [82.54413000023557, 18.064877265107544], [82.54404999986963, 18.064914662386578], [82.54397000040201, 18.064952058803645], [82.54389000003607, 18.064989456066748], [82.54381000056843, 18.065026853321903], [82.54373000020249, 18.06506425056912], [82.54364999983653, 18.065101647808344], [82.54357000036892, 18.0651390441856], [82.54349000000298, 18.065176441408898], [82.54341000053536, 18.06521383862423], [82.54333000016942, 18.06525123583161], [82.54324999980348, 18.065288633031066], [82.54317000033582, 18.065326030222508], [82.54308999996988, 18.06536342740601], [82.54301000050228, 18.065400823727533], [82.54293000013632, 18.065438220895093], [82.54285000066868, 18.06547561805474], [82.54277000030277, 18.065513015206385], [82.54268999993683, 18.065550412350067], [82.54261000046918, 18.06558780863178], [82.54253000010324, 18.065625205759545], [82.54245000063561, 18.06566260287935], [82.54237000026967, 18.0656999999912], [82.54229578146088, 18.065747188543572], [82.54222156265213, 18.065794377083286], [82.54214734384334, 18.065841565610302], [82.54207312503458, 18.065888754124675], [82.54199890622581, 18.065935942626364], [82.54192468831536, 18.065983130261323], [82.54185046950657, 18.06603031873763], [82.5417762506978, 18.066077507201292], [82.54170203278736, 18.066124694798226], [82.54162781397855, 18.066171883236493], [82.54155359516979, 18.06621907166213], [82.541479376361, 18.06626626007508], [82.54140515755225, 18.0663134476213], [82.54133093874346, 18.06636063600887], [82.5412567199347, 18.06640782438378], [82.5411825011259, 18.06645501189198], [82.54110828231715, 18.06650220024151], [82.54103406350836, 18.06654938857839], [82.54095984469959, 18.066596576902604], [82.54088562589084, 18.06664376436009], [82.54081140708205, 18.06669095265891], [82.54073718827328, 18.066738140945084], [82.54066296946449, 18.066785328364542], [82.54058875155403, 18.066832516625333], [82.54051453274528, 18.066879704873468], [82.54044031393649, 18.0669268922549], [82.54036609512772, 18.066974080477692], [82.54029187631893, 18.06702126868776], [82.54021765751017, 18.067068456885195], [82.54014343870138, 18.067115644215907], [82.54006921989263, 18.067162832387947], [82.53999500108384, 18.067210020547343], [82.53992078227508, 18.067257207840026], [82.53984656346628, 18.067304395974066], [82.53977234465754, 18.067351584095398], [82.53969812584877, 18.067398772204083], [82.53962390703998, 18.067445959446044], [82.53954968823122, 18.067493147529348], [82.53947546942243, 18.067540335600007], [82.53940125151198, 18.06758752280394], [82.5393270327032, 18.06763471084924], [82.53925281389441, 18.067681898881812], [82.53917859508566, 18.06772908690176], [82.53910437627687, 18.06777627405498], [82.5390301574681, 18.06782346204952], [82.53895593865931, 18.06787065003143], [82.53888171985056, 18.067917837146627], [82.53880750104177, 18.067965025103167], [82.53873328223301, 18.06801221304701], [82.5386590634242, 18.068059400978207], [82.53858484461546, 18.068106588042678], [82.53851062580671, 18.06815377594847], [82.53843640699792, 18.06820096384163], [82.53836218818915, 18.068248150868072], [82.53828796938036, 18.068295338735876], [82.5382137514699, 18.068342526590957], [82.53813953266115, 18.06838971443339], [82.53806531385236, 18.06843690140914], [82.53799109504358, 18.06848408922618], [82.53791687623479, 18.068531277030587], [82.53784265742604, 18.068578463968283], [82.53776843861725, 18.068625651747322], [82.53769421980849, 18.068672839513667], [82.5376200009997, 18.06872002726735], [82.53754578219095, 18.068767214154335], [82.53747156338216, 18.068814401882637], [82.53739734457338, 18.068861589598285], [82.53732312576463, 18.068908776447227], [82.53724890695584, 18.06895596413753], [82.53717468814709, 18.06900315181511], [82.5371004693383, 18.069050338626017], [82.53702625142783, 18.069097526278277], [82.53695203261907, 18.069144713917833], [82.53687781381028, 18.069191901544716], [82.53680359500153, 18.069239088304922], [82.53672937619274, 18.06928627590646], [82.53665515738398, 18.06933346349529], [82.53658093857518, 18.069380650217447], [82.53650671976642, 18.069427837780946], [82.53643250095763, 18.069475025331737], [82.53635828214887, 18.06952221286988], [82.53628406334008, 18.069569399541326], [82.53620984453133, 18.069616587054078], [82.53613562572254, 18.069663774554197], [82.53606140691377, 18.0697109611876], [82.53598718810501, 18.069758148662338], [82.53591296929622, 18.06980533612439], [82.53583875138577, 18.069852523573772], [82.535764532577, 18.069899710156452], [82.53569031376821, 18.069946897580454], [82.53561609495945, 18.069994084991798], [82.53554187615066, 18.07004127153645], [82.53546765734191, 18.070088458922452], [82.53539343853312, 18.07013564629573], [82.53531921972436, 18.07018283365636], [82.53524500091557, 18.07023002015029], [82.5351707821068, 18.07027720748553], [82.53509656329801, 18.07032439480812], [82.53502234448925, 18.070371581264013], [82.53494812568046, 18.07041876856125], [82.53487390687171, 18.070465955845766], [82.53479968806295, 18.070513143117648], [82.53472546925416, 18.070560329522813], [82.5346512513437, 18.070607516769304], [82.53457703253494, 18.070654704003132], [82.53450281372615, 18.07070189037026], [82.53442859491739, 18.070749077578746], [82.5343543761086, 18.070796264774497], [82.53428015729983, 18.07084345110359], [82.53420593849104, 18.070890638274033], [82.53413171968229, 18.07093782543176], [82.5340575008735, 18.070985012576827], [82.53398328206474, 18.071032198855203], [82.53390906325595, 18.0710793859749], [82.53383484444718, 18.071126573081916], [82.5337606256384, 18.071173759322242], [82.53368640682963, 18.071220946403926], [82.53361218802088, 18.071268133472877], [82.53353796921209, 18.071315320529195], [82.53346375130162, 18.07136250671881], [82.53338953249288, 18.071409693749757], [82.53331531368407, 18.071456880767997], [82.53324109487532, 18.07150406691957], [82.53316687606653, 18.071551253912478], [82.53309265635943, 18.071598440892668], [82.53301843755068, 18.071645627006202], [82.53294421874189, 18.071692813107056], [82.53286999993314, 18.07174000004924], [82.53281980387169, 18.0718092167647], [82.53276960781025, 18.07187843259886], [82.5327194117488, 18.07194764925974], [82.53266921568735, 18.072016865039327], [82.53261901962591, 18.072086081645626], [82.53256882356446, 18.072155298224665], [82.53251862750302, 18.072224513922432], [82.53246843144157, 18.07229373044685], [82.53241823538009, 18.072362946090056], [82.53236803931864, 18.072432162559938], [82.5323178432572, 18.072501378148523], [82.53226764719575, 18.07257059456384], [82.53221745113431, 18.072639810951877], [82.53216725507288, 18.072709026458607], [82.53211705901143, 18.072778242792058], [82.53206686294999, 18.072847458244222], [82.53201666688854, 18.072916674523103], [82.5319664708271, 18.07298589077471], [82.53191627476565, 18.07305510614501], [82.5318660787042, 18.07312432234205], [82.53181588264276, 18.073193537657794], [82.53176568658131, 18.073262753800257], [82.53171549051987, 18.073331969915376], [82.53166529445842, 18.073401185149294], [82.53161509839698, 18.07347040120989], [82.53156490233553, 18.073539617243156], [82.53151470627408, 18.07360883324917], [82.53146451021264, 18.07367804837393], [82.53141431415119, 18.07374726432538], [82.53136411808975, 18.073816480249505], [82.5313139220283, 18.073885695292397], [82.53126372596687, 18.07395491116198], [82.53121352990541, 18.074024126150267], [82.53116333384396, 18.07409334196527], [82.53111313778254, 18.074162557752988], [82.53106294172105, 18.07423177265941], [82.53101274565961, 18.074300988392558], [82.53096254959816, 18.0743702032444], [82.53091235353672, 18.07443941892297], [82.53086215747527, 18.074508634574254], [82.53081196141383, 18.07457784934423], [82.53076176535238, 18.074647064940933], [82.53071156929093, 18.074716279656382], [82.53066137322949, 18.07478549519851], [82.53061117716804, 18.074854709859338], [82.5305609811066, 18.074923925346884], [82.53051078504515, 18.07499314080713], [82.53046058898371, 18.07506235538611], [82.53041039292228, 18.075131569937795], [82.53036019686083, 18.075200784462208], [82.53030999990105, 18.075269999813283], [82.53027228593048, 18.075346286968944], [82.53023457195992, 18.075422573237486], [82.53019685709101, 18.07549886032684], [82.53015914312046, 18.075575147383066], [82.53012142914987, 18.07565143355212], [82.53008371428099, 18.075727720542023], [82.53004600031043, 18.07580400749879], [82.53000828633985, 18.07588029356843], [82.52997057147094, 18.07595658045887], [82.52993285750041, 18.07603286646218], [82.5298951426315, 18.07610915328634], [82.52985742866092, 18.07618544007733], [82.52981971469035, 18.07626172598122], [82.52978199982147, 18.0763380127059], [82.5297442858509, 18.076414299397445], [82.52970657188033, 18.076490585201842], [82.52966885701142, 18.076566871827076], [82.52963114304083, 18.07664315841917], [82.5295934290703, 18.076719444124144], [82.5295557142014, 18.076795730649916], [82.52951800023081, 18.076872017142534], [82.52948028626024, 18.076948302748004], [82.52944257139137, 18.07702458917433], [82.52940485742079, 18.077100874713505], [82.52936714255189, 18.07717716107352], [82.5293294285813, 18.07725344740038], [82.52929171461076, 18.07732973284012], [82.52925399974185, 18.077406019100675], [82.52921628577128, 18.077482305328058], [82.5291785718007, 18.077558590668325], [82.52914085693183, 18.077634876829414], [82.52910314296126, 18.077711162957335], [82.52906542899068, 18.077787448198166], [82.52902771412178, 18.07786373425978], [82.5289900001512, 18.077940020288242], [82.52895228618065, 18.078016305429582], [82.52891457131174, 18.078092591391734], [82.52887685734117, 18.07816887646678], [82.52883914337059, 18.078245162362638], [82.52880142850172, 18.078321448225328], [82.52876371453115, 18.07839773320087], [82.52872600056057, 18.07847401899725], [82.52868828569167, 18.07855030476048], [82.52865057172113, 18.078626589636578], [82.52861285775055, 18.078702875333484], [82.52857514288164, 18.078779160997236], [82.52853742891108, 18.078855445773893], [82.5284997149405, 18.07893173137134], [82.52846200007161, 18.07900801693563], [82.52842428610106, 18.079084301612774], [82.52838657213047, 18.079160587110746], [82.5283488581599, 18.07923687172162], [82.52831114329102, 18.07931315715328], [82.52827342842211, 18.07938944255179], [82.52823571445154, 18.079465727063152], [82.52819800048097, 18.07954201239535], [82.52816028561209, 18.07961829769437], [82.52812257164152, 18.079694582106306], [82.52808485767095, 18.079770867339032], [82.52804714280204, 18.079847152538587], [82.5280094288315, 18.07992343685101], [82.52797171486093, 18.07999972198425], [82.52793399999202, 18.080076007084333], [82.52789628602143, 18.08015229129732], [82.52785857205086, 18.08022857633108], [82.52782085808028, 18.08030486047772], [82.52778314321141, 18.080381145445163], [82.52774542924084, 18.08045743037946], [82.52770771527025, 18.080533714426615], [82.52767000040139, 18.080609999294595], [82.52764440021241, 18.080688799886264], [82.52761880002346, 18.080767600442503], [82.52759319983447, 18.080846400963363], [82.52756760054382, 18.080925200594912], [82.52754200035487, 18.081004001045038], [82.52751640016588, 18.081082801459754], [82.52749079997693, 18.081161601839078], [82.52746519978795, 18.08124040218306], [82.527439599599, 18.081319202491624], [82.52741400030834, 18.081398001910866], [82.52738840011938, 18.081476802148668], [82.52736279993042, 18.081555602351088], [82.52733719974144, 18.081634402518144], [82.52731159955248, 18.08171320264979], [82.5272859993635, 18.08179200274606], [82.52726040007285, 18.08187080195299], [82.5272347998839, 18.081949601978486], [82.52720919969492, 18.082028401968625], [82.52718359950597, 18.08210720192336], [82.52715799931698, 18.082186001842686], [82.52713239912804, 18.082264801726684], [82.52710679983738, 18.08234360072131], [82.52708119964839, 18.082422400534508], [82.52705560035774, 18.082501200312286], [82.52703000016879, 18.082580000054698], [82.52701083371389, 18.0826620840428], [82.52699166725898, 18.0827441679925], [82.52697250080408, 18.082826251049845], [82.52695333434917, 18.08290833492274], [82.52693416789427, 18.08299041875721], [82.52691500143936, 18.083072502553318], [82.52689583498446, 18.083154585457063], [82.52687666852955, 18.08323666917638], [82.52685750117635, 18.083318752857302], [82.52683833472145, 18.08340083649979], [82.52681916826654, 18.08348291924998], [82.52680000091331, 18.083565002815664], [82.52678083445844, 18.08364708634299], [82.52676166800354, 18.08372916983191], [82.5267425006503, 18.083811252428475], [82.5267233341954, 18.083893335840614], [82.52670416774049, 18.08397541921431], [82.52668500038729, 18.08405750254963], [82.52666583393238, 18.084139584992602], [82.52664666747748, 18.08422166825112], [82.52662750012425, 18.084303751471257], [82.52660833366937, 18.084385834652945], [82.52658916721447, 18.084467916942362], [82.52656999986122, 18.08455000004726], [82.5265263408401, 18.08462341564657], [82.5264826827173, 18.084696830361203], [82.5264390236962, 18.084770245899076], [82.52639536557336, 18.0848436605523], [82.52635170655226, 18.084917076028713], [82.52630804842946, 18.08499049147443], [82.52626439030662, 18.085063906035494], [82.52622073128552, 18.085137321419772], [82.52617707316273, 18.085210735919386], [82.52613341414158, 18.085284151242217], [82.52608975601879, 18.085357565680383], [82.52604609789597, 18.08543098094178], [82.52600243887484, 18.08550439617245], [82.52595878075205, 18.08557781051846], [82.5259151217309, 18.085651225687695], [82.52587146360811, 18.085724639972263], [82.52582780458697, 18.08579805508005], [82.52578414646418, 18.085871470157127], [82.52574048834137, 18.08594488434954], [82.52569682932024, 18.08601829936517], [82.52565317119743, 18.086091713496156], [82.52560951217629, 18.08616512845032], [82.5255658540535, 18.086238542519876], [82.52552219503237, 18.08631195741262], [82.52547853690956, 18.086385372274652], [82.52543487878675, 18.086458786252006], [82.52539121976562, 18.086532201052602], [82.52534756164282, 18.08660561496851], [82.52530390262169, 18.086679029707646], [82.52526024449888, 18.08675244441607], [82.52521658637608, 18.086825858239816], [82.52517292735494, 18.086899272886793], [82.52512926923214, 18.086972686649105], [82.52508561021104, 18.08704610123463], [82.5250419520882, 18.087119514935495], [82.52499829306711, 18.087192929459587], [82.52495463494431, 18.08726634395294], [82.52491097682147, 18.08733975756167], [82.52486731780037, 18.08741317199355], [82.52482365967757, 18.087486585540844], [82.52478000065643, 18.087559999911317], [82.52476321473704, 18.08764321472533], [82.52474642881764, 18.087726429499913], [82.52472964289824, 18.087809644235023], [82.52471285697882, 18.087892858930626], [82.52469607105942, 18.08797607358678], [82.52467928514002, 18.088059288203446], [82.52466249922063, 18.08814250278066], [82.52464571330123, 18.08822571731837], [82.52462892738183, 18.08830893181663], [82.52461214146243, 18.08839214627541], [82.52459535554304, 18.088475360694716], [82.52457857052194, 18.088558575074533], [82.52456178460255, 18.088641789414883], [82.52454499868315, 18.08872500371577], [82.52452821276376, 18.08880821797714], [82.52451142684436, 18.08889143219906], [82.52449464092496, 18.088974646381516], [82.52447785500556, 18.089057860524495], [82.52446106998447, 18.089141074627957], [82.52444428406507, 18.08922428954592], [82.52442749904401, 18.08930750271653], [82.52441071312461, 18.0893907175555], [82.5243939281035, 18.089473931501082], [82.52437714218411, 18.089557145407174], [82.52436035716302, 18.08964035927381], [82.52434357124362, 18.08972357310096], [82.52432678622255, 18.089806786888644], [82.52431000030316, 18.089890000636814], [82.52432419368462, 18.089971614115143], [82.52433838706614, 18.090053227555455], [82.5243525804476, 18.090134840957806], [82.52436677382912, 18.09021645432218], [82.52438096721058, 18.090298067648607], [82.52439516059209, 18.09037968093703], [82.52440935397355, 18.090461294187477], [82.52442354735507, 18.090542907399936], [82.52443774073654, 18.09062452057447], [82.52445193411806, 18.090706133710988], [82.52446612749952, 18.09078774680952], [82.52448032088103, 18.090869359870087], [82.5244945142625, 18.09095097289272], [82.524508707644, 18.091032585877322], [82.52452290102548, 18.091114198823963], [82.52453709530529, 18.091195810878737], [82.52455128868675, 18.091277423749414], [82.52456548206827, 18.091359036582155], [82.52457967544973, 18.091440649376878], [82.52459386883125, 18.09152226213364], [82.5246080622127, 18.091603874852414], [82.52462225649252, 18.091685487533237], [82.52463645077232, 18.091767100176057], [82.52465064415382, 18.0918487127809], [82.5246648375353, 18.09193032534777], [82.5246790309168, 18.09201193787668], [82.52469322429829, 18.092093550367597], [82.52470741857809, 18.092175162820528], [82.52472161195959, 18.09225677523548], [82.52473580623939, 18.092338387612482], [82.52474999962088, 18.092419999951474], [82.52476468078757, 18.09250255410345], [82.52477936195427, 18.092585108216564], [82.52479404312096, 18.092667662290825], [82.52480872428762, 18.09275021632622], [82.52482340455603, 18.092832770322744], [82.52483808572269, 18.09291532428042], [82.52485276688938, 18.092997878199224], [82.52486744805609, 18.093080432079166], [82.52488212922277, 18.09316298592029], [82.52489681038945, 18.09324553972251], [82.5249114906578, 18.09332809263196], [82.5249261718245, 18.09341064635646], [82.52494085299121, 18.093493200042108], [82.52495553325956, 18.093575752834997], [82.52497021442626, 18.09365830729679], [82.52498489469463, 18.093740860865836], [82.52499957586133, 18.093823414396017], [82.52501425702802, 18.09390596788737], [82.5250289372964, 18.09398852133983], [82.52504361846306, 18.094071074753426], [82.52505829873145, 18.094153628128154], [82.52507297989811, 18.09423618146403], [82.52508766016652, 18.09431873476104], [82.52510234133318, 18.094401288019167], [82.52511702249987, 18.094483841238443], [82.52513170276825, 18.094566394418862], [82.52514638393494, 18.094648947560394], [82.5251610642033, 18.094731500663084], [82.52517574537, 18.094814053726893], [82.5251904265367, 18.094896606751863], [82.52520510680507, 18.094979159737953], [82.52521978797176, 18.095061712685162], [82.52523446913844, 18.095144265593518], [82.52524914940683, 18.095226818463036], [82.5252638305735, 18.09530937129365], [82.5252785117402, 18.095391923231517], [82.52529319200856, 18.095474475984407], [82.52530787317525, 18.095557028698433], [82.52532255434195, 18.095639581373593], [82.52533723461032, 18.095722134009883], [82.52535191577701, 18.095804686607323], [82.52536659604539, 18.095887239165908], [82.52538127721208, 18.0959697916856], [82.52539595748044, 18.096052344166427], [82.52541063864714, 18.096134896608376], [82.52542531891551, 18.09621744901147], [82.52544000008217, 18.0963000013757], [82.52548000026516, 18.096367501496204], [82.52552000044811, 18.096435001590727], [82.52555999973278, 18.09650250080541], [82.52559999991577, 18.09657000084798], [82.52564000009872, 18.096637500864542], [82.52568000028171, 18.096705000855156], [82.52571999956636, 18.096772499965844], [82.52575999974933, 18.0968399999045], [82.52575111091957, 18.096916667049705], [82.52574222208986, 18.096993333307537], [82.52573333326012, 18.097070000385685], [82.52572444443037, 18.09714666657647], [82.52571555560066, 18.09722333358757], [82.52570666677092, 18.097299999711325], [82.52569777794118, 18.09737666665538], [82.52568888911145, 18.09745333271206], [82.52567999938337, 18.09752999958907], [82.52562000000724, 18.097590001363827], [82.52556249974424, 18.09765500084395], [82.52550499948119, 18.097720000300015], [82.52544749921817, 18.09778500058582], [82.52538999985346, 18.097849999993706], [82.5253116667607, 18.097855000275562], [82.52523333366793, 18.09786000055729], [82.52515500057514, 18.097864999985013], [82.52507666658407, 18.097870000266447], [82.52499833349128, 18.097874999693854], [82.52492000039852, 18.097879999974996], [82.52483375045313, 18.09787812486958], [82.52474750050779, 18.097876250618043], [82.52466124966406, 18.097874375512554], [82.52457499971871, 18.09787250126098], [82.52448874977333, 18.097870626155487], [82.52440249982794, 18.097868751049973], [82.52431624988259, 18.097866875944405], [82.5242299999372, 18.097865000838866], [82.52414374909353, 18.097863125733298], [82.52405749914814, 18.09786125062769], [82.52397124920275, 18.097859375522088], [82.5238849992574, 18.097857500416456], [82.52379874931202, 18.0978556253108], [82.52371249846834, 18.097853750205093], [82.52362624852296, 18.097851875099412], [82.52353999857758, 18.097849999993706], [82.52345249907566, 18.097838250696963], [82.52336499867538, 18.097826500545555], [82.52327749917346, 18.09781475124722], [82.52318999877322, 18.09780300109422], [82.52310249927127, 18.097791250940457], [82.52301499887103, 18.097779500785908], [82.52292749936909, 18.097767750630567], [82.52283999896883, 18.097756000474437], [82.5227524994669, 18.097744251171395], [82.52266499906666, 18.09773250101369], [82.52257749956475, 18.097720751709048], [82.52248999916446, 18.097709001549763], [82.52240249966255, 18.09769725138969], [82.5223149992623, 18.097685501228842], [82.52222749976035, 18.09767375192108], [82.5221399993601, 18.097662001758653], [82.52205249985816, 18.09765025159544], [82.52196499945792, 18.097638501431422], [82.52187749995596, 18.097626752120494], [82.52179000045405, 18.09761500195491], [82.5217025000538, 18.09760325178854], [82.52161500055188, 18.097591501621384], [82.52152750015162, 18.097579751453434], [82.52144000064968, 18.0975680012847], [82.52135250024944, 18.097556251115172], [82.52126500074749, 18.09754450179876], [82.52117750034725, 18.09753275162767], [82.52109000084533, 18.097521001455778], [82.52100250044509, 18.09750925128311], [82.52091500094313, 18.097497501109668], [82.5208275005429, 18.09748575093541], [82.52074000104095, 18.097474000760375], [82.52065250064071, 18.097462250584563], [82.52056500113875, 18.097450500407952], [82.52047750073851, 18.097438750230562], [82.52039000123659, 18.097427000052374], [82.52030250083631, 18.09741524987341], [82.5202150013344, 18.09740349969364], [82.52012750093417, 18.0973917495131], [82.52004000143222, 18.097379999331768], [82.51995091909875, 18.097373394604116], [82.51986183586695, 18.09736678902232], [82.51977275353349, 18.097360183440284], [82.51968367120004, 18.09735357785798], [82.51959458886658, 18.097346973129337], [82.5195055056348, 18.097340367546536], [82.51941642330132, 18.097333761963533], [82.51932734096786, 18.0973271572341], [82.51923825863439, 18.097320552504467], [82.51914917540263, 18.09731394692067], [82.51906009306917, 18.097307341336663], [82.5189710107357, 18.097300736606254], [82.5188819275039, 18.097294131021748], [82.51879284517044, 18.097287526290827], [82.51870376193867, 18.097280920705824], [82.51861467960521, 18.09727431597445], [82.51852559637341, 18.097267710388913], [82.51843651403995, 18.097261104803135], [82.51834743170647, 18.097254500071006], [82.51825834847472, 18.09724789448473], [82.51816926614126, 18.097241289752095], [82.51808018380778, 18.097234684165326], [82.51799110147431, 18.09722807943219], [82.51790201824252, 18.097221473844925], [82.51781293590906, 18.097214868257403], [82.51772385357559, 18.097208262669668], [82.51763477124211, 18.09720165708165], [82.51754568801036, 18.097195051493394], [82.5174566056769, 18.09718844590488], [82.51736752334342, 18.097181840316114], [82.51727844011162, 18.09717523472713], [82.51718935777816, 18.09716862913788], [82.5171002754447, 18.09716202354836], [82.51701119311126, 18.097155417958604], [82.51692210987947, 18.097148812368626], [82.51683302754601, 18.097142206778372], [82.51674394521254, 18.097135601187862], [82.51665486287907, 18.09712899559712], [82.51656577964731, 18.09712239000614], [82.51647669731385, 18.097115784414893], [82.51638761498037, 18.09710917882339], [82.51629853174857, 18.09710257323165], [82.51620944941511, 18.097095967639675], [82.51612036708165, 18.097089362047434], [82.51603128474818, 18.09708275730883], [82.51594220151642, 18.09707615171608], [82.51585311918295, 18.09706954612309], [82.51576403684949, 18.097062940529845], [82.51567495451603, 18.097056334936383], [82.51558587218256, 18.097049729342643], [82.51549678984908, 18.09704312374866], [82.51540770751562, 18.09703651815442], [82.51531862428384, 18.097029912559968], [82.51522954195036, 18.09702330696522], [82.51514045961689, 18.097016701370244], [82.51505137728343, 18.097010095775], [82.51496229405167, 18.09700349017953], [82.5148732117182, 18.09699688458383], [82.51478412938474, 18.09699027898785], [82.51469504615294, 18.096983673391616], [82.51460596381949, 18.096977067795137], [82.51451688148603, 18.096970462198446], [82.51442779915257, 18.096963856601473], [82.51433871592079, 18.096957251004245], [82.51424963358731, 18.096950645406775], [82.51416055125384, 18.09694403980909], [82.51407146892038, 18.096937434211114], [82.51398238568862, 18.096930828612894], [82.51389330335515, 18.096924223014433], [82.51380422102167, 18.09691761741574], [82.51371513778989, 18.096911011816772], [82.51362605545643, 18.096904406217558], [82.51353697312295, 18.09689780061809], [82.5134478907895, 18.09689119501841], [82.51335880755772, 18.096884589418448], [82.51326972522426, 18.096877983818242], [82.51318064289079, 18.096871378217784], [82.51309156055733, 18.09686477261707], [82.51300247732553, 18.096858167016155], [82.51291339499207, 18.096851562268835], [82.51282431265861, 18.096844956667372], [82.51273522942684, 18.096838351065667], [82.51264614709338, 18.096831745463717], [82.5125570647599, 18.09682513986152], [82.51246798242644, 18.0968185342591], [82.51237889919464, 18.0968119286564], [82.51228981686117, 18.09680532305345], [82.51220073452775, 18.096798717450255], [82.51211165219426, 18.09679211184683], [82.51202256896248, 18.09678550624314], [82.51193348662902, 18.096778900639197], [82.51184440429556, 18.09677229503501], [82.51175532106379, 18.096765689430594], [82.51166623873031, 18.096759083825912], [82.51157715639685, 18.096752478220974], [82.5114880740634, 18.096745872615784], [82.5113989908316, 18.096739267010364], [82.51130990849812, 18.09673266140469], [82.51122082616466, 18.09672605579876], [82.51113174293289, 18.096719450192577], [82.51104266059943, 18.096712844586165], [82.51095357826597, 18.096706238979497], [82.5108644959325, 18.096699633372562], [82.5107754127007, 18.096693027765387], [82.51068633036724, 18.096686422157955], [82.51059724803376, 18.09667981655031], [82.5105081657003, 18.09667321094238], [82.51041908246853, 18.0966666053342], [82.51033000013507, 18.096659999725777], [82.51024142894299, 18.09665452379917], [82.51015285685261, 18.096649047018534], [82.51006428566056, 18.09664357023773], [82.50997571446848, 18.096638094310602], [82.50988714327643, 18.09663261838331], [82.50979857118604, 18.09662714160195], [82.50970999999396, 18.09662166567431], [82.5096214288019, 18.09661618974651], [82.50953285760981, 18.09661071296466], [82.50944428551945, 18.096605237036517], [82.50935571432736, 18.096599760254303], [82.5092671431353, 18.09659428432581], [82.50917857194322, 18.096588808397183], [82.50908999985283, 18.096583331614458], [82.50900142866078, 18.096577854831597], [82.5089128574687, 18.096572378902433], [82.50882428627665, 18.096566902973077], [82.50873571418627, 18.096561426189655], [82.50864714299419, 18.09655595025998], [82.50855857180214, 18.096550473476253], [82.50847000061006, 18.096544997546225], [82.50838142851967, 18.09653952076214], [82.50829285732762, 18.09653404483179], [82.50820428613554, 18.096528568901242], [82.50811571404516, 18.096523092116634], [82.50802714285307, 18.096517616185753], [82.50793857166103, 18.096512140254692], [82.50785000046893, 18.096506664323467], [82.50776142837854, 18.09650118839208], [82.5076728571865, 18.09649571246051], [82.50758428599441, 18.096490236528776], [82.50749571480236, 18.09648476059689], [82.507407142712, 18.0964792846648], [82.5073185715199, 18.096473808732554], [82.50723000032785, 18.096468332800136], [82.50714142913577, 18.096462856867536], [82.50705285704538, 18.096457380080867], [82.50696428585333, 18.096451904147937], [82.50687571466125, 18.09644642821483], [82.5067871434692, 18.096440952281583], [82.50669857137879, 18.09643547634813], [82.50661000018674, 18.096430000414514], [82.50652200032317, 18.09642825081398], [82.50643400045965, 18.096426500359527], [82.50634600059607, 18.096424750758953], [82.50625799983422, 18.096423000304515], [82.5061699999707, 18.096421249850014], [82.50608200010711, 18.09641950024939], [82.5059940002436, 18.096417749794888], [82.50590600038002, 18.09641600019424], [82.5058180005165, 18.0964142497397], [82.50573000065293, 18.096412500138996], [82.50564199989107, 18.09641074968439], [82.50555400002754, 18.096409000083668], [82.50546600016398, 18.096407249629063], [82.50537800030045, 18.096405500028297], [82.50529000043689, 18.096403749573632], [82.50520200057332, 18.09640199997283], [82.50511399981147, 18.096400249518148], [82.50502599994793, 18.09639849991732], [82.50493800008437, 18.096396749462578], [82.50485000022084, 18.096394999861737], [82.50476200035727, 18.096393249406965], [82.50467400049374, 18.096391499806064], [82.50458600063018, 18.096389750205145], [82.50449799986832, 18.096387999750338], [82.50441000000478, 18.09638624929549], [82.50432200014123, 18.096384499694523], [82.50423400027769, 18.096382749239666], [82.50414600041414, 18.09638099963866], [82.5040580005506, 18.096379249183737], [82.50397000068705, 18.096377499582708], [82.50388199992518, 18.096375749127784], [82.5037940000616, 18.0963739995267], [82.5037060001981, 18.096372249071756], [82.50361800033451, 18.096370499470634], [82.50353000047099, 18.09636874901561], [82.50344200060742, 18.096366999414464], [82.50335399984556, 18.09636524895944], [82.50326599998203, 18.096363499358258], [82.50317800011847, 18.096361749757058], [82.50309000025494, 18.096360000155837], [82.50300233366636, 18.096367667149032], [82.5029146670778, 18.096375334141886], [82.50282700048919, 18.096383001134395], [82.50273933390062, 18.09639066812657], [82.50265166731204, 18.096398334264528], [82.50256399982517, 18.09640600125603], [82.50247633323656, 18.096413668247205], [82.50238866664799, 18.096421334384146], [82.5023010000594, 18.096429001374656], [82.50221333347085, 18.09643666751096], [82.50212566688226, 18.0964443345008], [82.5020380002937, 18.09645200149029], [82.50195033370511, 18.096459667625563], [82.50186266711655, 18.096467334614395], [82.50177500052797, 18.096475001602872], [82.50168733304108, 18.09648266773714], [82.50159966645249, 18.096490334724965], [82.50151199986392, 18.096498000858585], [82.50142433327535, 18.096505667845737], [82.50133666668678, 18.09651333483256], [82.50124900009816, 18.096521000965136], [82.5011613335096, 18.096528667951283], [82.50107366692102, 18.09653633408321], [82.50098600033245, 18.096544001068683], [82.50089833374386, 18.09655166719995], [82.50081066625697, 18.09655933418476], [82.5007229996684, 18.09656700031534], [82.50063533307983, 18.096574667299464], [82.50054766649124, 18.096582333429367], [82.50045999990267, 18.096590000412846]], [[82.49170352165207, 18.088879265590606], [82.49179296510827, 18.08887502247717], [82.49188151923234, 18.088862334124265], [82.49196830457363, 18.088841328617637], [82.49205245874944, 18.088812212602274], [82.49213314452994, 18.08877527725998], [82.49220956061791, 18.088730888062592], [82.4922809479369, 18.088679486480075], [82.49234659591956, 18.088621584857137], [82.49240585238896, 18.088557757020588], [82.49245812984691, 18.088488637425684], [82.49250290727058, 18.088414914325117], [82.49253973999386, 18.08833731866819], [82.49256826150415, 18.0882566223935], [82.49258818973038, 18.0881736281819], [82.49259932524663, 18.088089160063713], [82.49260155756012, 18.088004057441392], [82.49259486511126, 18.087919166550353], [82.49257931437539, 18.087835331065893], [82.4925550589644, 18.087753383563893], [82.49252234142344, 18.087674139543296], [82.49248148514599, 18.08759838547104], [82.49243289796722, 18.08752687451227], [82.4923770613841, 18.08746031799066], [82.4923145314538, 18.087399376849206], [82.49224592801386, 18.087344656526206], [82.49217193468225, 18.087296701831363], [82.4920932862808, 18.08725598840643], [82.49201076344553, 18.087222921016885], [82.49192518723665, 18.087197829282157], [82.49183740835863, 18.08718096084398], [82.49174829907572, 18.08717248478197], [82.49165874422842, 18.08717248478197], [82.4915696349455, 18.08718096084398], [82.49148185606748, 18.087197829282157], [82.4913962798586, 18.087222921016885], [82.49131375702333, 18.08725598840643], [82.4912351086219, 18.087296701831363], [82.49116111529024, 18.087344656526206], [82.49109251185034, 18.087399376849206], [82.49102998192001, 18.08746031799066], [82.49097414533692, 18.08752687451227], [82.49092555815815, 18.08759838547104], [82.49088470188069, 18.087674139543296], [82.49085198433974, 18.087753383563893], [82.49082772892874, 18.087835331065893], [82.49081217819285, 18.087919166550353], [82.49080548574402, 18.088004057441392], [82.49080771805747, 18.088089160063713], [82.49081885357376, 18.0881736281819], [82.4908387818, 18.0882566223935], [82.49086730331028, 18.08833731866819], [82.49090413603356, 18.088414914325117], [82.49094891345722, 18.088488637425684], [82.49100119091517, 18.088557757020588], [82.49106044738457, 18.088621584857137], [82.49112609536722, 18.088679486480075], [82.49119748268623, 18.088730888062592], [82.49127389877418, 18.08877527725998], [82.49135458455468, 18.088812212602274], [82.49143873873051, 18.088841328617637], [82.49152552407176, 18.088862334124265], [82.49161407819588, 18.08887502247717], [82.49170352165207, 18.088879265590606]], [[82.49610059620308, 18.08774959897959], [82.49619003965931, 18.087745355838827], [82.49627859378339, 18.087732667404218], [82.49636537912467, 18.087711661762278], [82.49644953330046, 18.087682545559414], [82.49653021908098, 18.08764560997929], [82.49660663516896, 18.087601220496047], [82.49667802248793, 18.087549818582485], [82.49674367047058, 18.08749191658667], [82.49680292693998, 18.087428088339095], [82.49685520439796, 18.087358968299103], [82.49689998182158, 18.08728524472377], [82.49693681454487, 18.08720764856715], [82.49696533605514, 18.087126951772774], [82.49698526428143, 18.087043957026722], [82.49699639979768, 18.086959488364585], [82.49699863211117, 18.086874385194243], [82.4969919396623, 18.086789493756566], [82.4969763889264, 18.086705657732224], [82.4969521335154, 18.086623709702508], [82.49691941597446, 18.086544465171663], [82.49687855969704, 18.086468710611598], [82.49682997251826, 18.086397199192298], [82.49677413593514, 18.086330642242118], [82.49671160600484, 18.086269700708257], [82.49664300256491, 18.08621498003286], [82.49656900923326, 18.086167025029237], [82.49649036083181, 18.086126311342124], [82.49640783799656, 18.086093243739647], [82.49632226178765, 18.08606815184334], [82.49623448290967, 18.086051283296577], [82.49614537362673, 18.086042807179965], [82.49605581877942, 18.086042807179965], [82.49596670949651, 18.086051283296577], [82.49587893061853, 18.08606815184334], [82.4957933544096, 18.086093243739647], [82.49571083157434, 18.086126311342124], [82.4956321831729, 18.086167025029237], [82.49555818984128, 18.08621498003286], [82.49548958640135, 18.086269700708257], [82.49542705647106, 18.086330642242118], [82.49537121988794, 18.086397199192298], [82.49532263270915, 18.086468710611598], [82.49528177643172, 18.086544465171663], [82.49524905889075, 18.086623709702508], [82.49522480347977, 18.086705657732224], [82.4952092527439, 18.086789493756566], [82.49520256029503, 18.086874385194243], [82.49520479260852, 18.086959488364585], [82.49521592812476, 18.087043957026722], [82.49523585635103, 18.087126951772774], [82.49526437786128, 18.08720764856715], [82.49530121058457, 18.08728524472377], [82.49534598800822, 18.087358968299103], [82.49539826546618, 18.087428088339095], [82.49545752193558, 18.08749191658667], [82.49552316991823, 18.087549818582485], [82.49559455723724, 18.087601220496047], [82.4956709733252, 18.08764560997929], [82.4957516591057, 18.087682545559414], [82.49583581328152, 18.087711661762278], [82.49592259862281, 18.087732667404218], [82.49601115274687, 18.087745355838827], [82.49610059620308, 18.08774959897959]], [[82.48576152806868, 18.072046476598608], [82.48585097152488, 18.072042233078175], [82.48593952564896, 18.0720295435082], [82.48602631099024, 18.072008535986765], [82.48611046516606, 18.07197941717866], [82.48619115094657, 18.07194247829362], [82.48626756703452, 18.07189808483854], [82.48633895435353, 18.071846678325667], [82.48640460233618, 18.071788771148984], [82.48646385880558, 18.071724937190275], [82.48651613626353, 18.071655810965694], [82.48656091368719, 18.071582080793853], [82.48659774641047, 18.071504477694315], [82.48662626792071, 18.071423773679594], [82.48664619614699, 18.071340771507607], [82.48665733166325, 18.071256295287697], [82.48665956397673, 18.071171184502838], [82.48665287152787, 18.071086285469633], [82.48663732079197, 18.07100244194422], [82.48661306538101, 18.070920486582406], [82.48658034784002, 18.07084123496133], [82.4865394915626, 18.070765473623386], [82.48649090438383, 18.070693955805854], [82.48643506780071, 18.070627392900732], [82.48637253787041, 18.070566445914345], [82.48630393443047, 18.0705117203431], [82.48622994109886, 18.07046376104892], [82.4861512926974, 18.070423043719156], [82.48606876986214, 18.070389973158115], [82.48598319365323, 18.07036487901683], [82.48589541477524, 18.070348008960817], [82.48580630549233, 18.07033953208587], [82.48571675064503, 18.07033953208587], [82.48562764136207, 18.070348008960817], [82.4855398624841, 18.07036487901683], [82.48545428627521, 18.070389973158115], [82.48537176343996, 18.070423043719156], [82.4852931150385, 18.07046376104892], [82.48521912170685, 18.0705117203431], [82.4851505182669, 18.070566445914345], [82.48508798833663, 18.070627392900732], [82.4850321517535, 18.070693955805854], [82.48498356457476, 18.070765473623386], [82.48494270829731, 18.07084123496133], [82.48490999075635, 18.070920486582406], [82.48488573534536, 18.07100244194422], [82.48487018460948, 18.071086285469633], [82.4848634921606, 18.071171184502838], [82.48486572447408, 18.071256295287697], [82.48487685999037, 18.071340771507607], [82.4848967882166, 18.071423773679594], [82.48492530972689, 18.071504477694315], [82.48496214245017, 18.071582080793853], [82.48500691987384, 18.071655810965694], [82.48505919733178, 18.071724937190275], [82.48511845380119, 18.071788771148984], [82.48518410178384, 18.071846678325667], [82.48525548910281, 18.07189808483854], [82.48533190519076, 18.07194247829362], [82.48541259097131, 18.07197941717866], [82.48549674514709, 18.072008535986765], [82.48558353048837, 18.0720295435082], [82.48567208461246, 18.072042233078175], [82.48576152806868, 18.072046476598608]], [[82.49871507366723, 18.069447983059515], [82.49880451712343, 18.0694437394763], [82.49889307124755, 18.069431049718567], [82.49897985658879, 18.069410041886254], [82.49906401076463, 18.06938092264722], [82.49914469654512, 18.069343983215575], [82.49922111263311, 18.069299589103558], [82.49929249995208, 18.069248181829995], [82.49935814793473, 18.06919027379641], [82.49941740440414, 18.06912643889311], [82.4994696818621, 18.069057311645615], [82.49951445928573, 18.068983580382778], [82.49955129200903, 18.068905976134893], [82.4995798135193, 18.068825270925952], [82.49959974174556, 18.06874226752575], [82.49961087726184, 18.068657790055855], [82.4996131095753, 18.068572678011613], [82.49960641712646, 18.068487777722098], [82.49959086639056, 18.068403932956038], [82.49956661097956, 18.068321976381533], [82.49953389343861, 18.068242723587808], [82.49949303716116, 18.0681669611288], [82.49944444998238, 18.068095442253018], [82.4993886133993, 18.068028878362995], [82.499326083469, 18.06796793047482], [82.49925748002906, 18.067913204093777], [82.49918348669742, 18.06786524408995], [82.49910483829598, 18.067824526157715], [82.4990223154607, 18.067791455107326], [82.49893673925182, 18.067766360594767], [82.49884896037379, 18.067749490289145], [82.49875985109088, 18.067741013288746], [82.49867029624359, 18.067741013288746], [82.49858118696066, 18.067749490289145], [82.49849340808267, 18.067766360594767], [82.49840783187376, 18.067791455107326], [82.4983253090385, 18.067824526157715], [82.49824666063707, 18.06786524408995], [82.49817266730544, 18.067913204093777], [82.4981040638655, 18.06796793047482], [82.49804153393521, 18.068028878362995], [82.49798569735209, 18.068095442253018], [82.49793711017331, 18.0681669611288], [82.49789625389586, 18.068242723587808], [82.4978635363549, 18.068321976381533], [82.49783928094392, 18.068403932956038], [82.49782373020805, 18.068487777722098], [82.49781703775918, 18.068572678011613], [82.49781927007267, 18.068657790055855], [82.49783040558893, 18.06874226752575], [82.49785033381517, 18.068825270925952], [82.49787885532544, 18.068905976134893], [82.49791568804872, 18.068983580382778], [82.49796046547239, 18.069057311645615], [82.49801274293034, 18.06912643889311], [82.49807199939974, 18.06919027379641], [82.49813764738239, 18.069248181829995], [82.4982090347014, 18.069299589103558], [82.49828545078935, 18.069343983215575], [82.49836613656986, 18.06938092264722], [82.49845029074568, 18.069410041886254], [82.49853707608698, 18.069431049718567], [82.49862563021104, 18.0694437394763], [82.49871507366723, 18.069447983059515]], [[82.50156723008419, 18.066397528242536], [82.50165667354044, 18.066393284585608], [82.50174522766451, 18.066380594607477], [82.5018320130058, 18.066359586410293], [82.50191616718162, 18.066330466665487], [82.50199685296211, 18.066293526592244], [82.50207326905006, 18.06624913170917], [82.50214465636908, 18.066197723542754], [82.50221030435169, 18.06613981450336], [82.50226956082109, 18.066075978491334], [82.50232183827909, 18.066006850043216], [82.50236661570274, 18.065933117499775], [82.502403448426, 18.065855511904022], [82.50243196993627, 18.06577480529337], [82.50245189816255, 18.06569180045155], [82.50246303367881, 18.065607321514438], [82.50246526599229, 18.06552220799195], [82.50245857354341, 18.065437306227906], [82.50244302280753, 18.065353460005678], [82.50241876739652, 18.065271502007743], [82.50238604985557, 18.06519224783755], [82.50234519357815, 18.065116484062735], [82.50229660639938, 18.065044963944832], [82.50224076981625, 18.064978398898752], [82.50217823988596, 18.064917449952077], [82.50210963644602, 18.06486272262057], [82.50203564311438, 18.06481476178381], [82.50195699471294, 18.064774043144407], [82.50187447187767, 18.0647409715197], [82.50178889566878, 18.064715876571302], [82.5017011167908, 18.064699005972678], [82.50161200750784, 18.064690528825043], [82.50152245266054, 18.064690528825043], [82.50143334337763, 18.064699005972678], [82.50134556449966, 18.064715876571302], [82.50125998829073, 18.0647409715197], [82.50117746545547, 18.064774043144407], [82.50109881705403, 18.06481476178381], [82.5010248237224, 18.06486272262057], [82.50095622028246, 18.064917449952077], [82.50089369035219, 18.064978398898752], [82.50083785376906, 18.065044963944832], [82.50078926659027, 18.065116484062735], [82.50074841031285, 18.06519224783755], [82.50071569277186, 18.065271502007743], [82.5006914373609, 18.065353460005678], [82.50067588662502, 18.065437306227906], [82.50066919417614, 18.06552220799195], [82.50067142648963, 18.065607321514438], [82.50068256200589, 18.06569180045155], [82.50070249023216, 18.06577480529337], [82.50073101174245, 18.065855511904022], [82.5007678444657, 18.065933117499775], [82.50081262188935, 18.066006850043216], [82.5008648993473, 18.066075978491334], [82.5009241558167, 18.06613981450336], [82.50098980379936, 18.066197723542754], [82.50106119111837, 18.06624913170917], [82.50113760720632, 18.066293526592244], [82.50121829298682, 18.066330466665487], [82.50130244716264, 18.066359586410293], [82.50138923250393, 18.066380594607477], [82.501477786628, 18.066393284585608], [82.50156723008419, 18.066397528242536]], [[82.54292350172355, 18.063685968563426], [82.54301294517975, 18.06368172484099], [82.54310149930383, 18.063669034666976], [82.54318828464511, 18.06364802614545], [82.54327243882094, 18.06361890595118], [82.54335312460142, 18.06358196530772], [82.54342954068939, 18.06353756973934], [82.5435009280084, 18.06348616077933], [82.54356657599105, 18.063428250846062], [82.54362583246045, 18.06336441384865], [82.54367810991842, 18.06329528433343], [82.54372288734206, 18.063221550651846], [82.54375972006535, 18.063143943858158], [82.54378824157563, 18.06306323600172], [82.54380816980188, 18.062980229878633], [82.54381930531815, 18.062895749637484], [82.54382153763162, 18.062810634801185], [82.54381484518278, 18.062725731726637], [82.54379929444688, 18.062641884210148], [82.54377503903588, 18.06255992494716], [82.54374232149493, 18.062480669553647], [82.54370146521748, 18.062404904609366], [82.5436528780387, 18.062333383387532], [82.54359704145561, 18.06226681731398], [82.54353451152528, 18.062205867426535], [82.54346590808535, 18.062151139250297], [82.54339191475374, 18.062103177673254], [82.54331326635229, 18.06206245840534], [82.54323074351703, 18.06202938627015], [82.54314516730813, 18.0620042909344], [82.54305738843011, 18.0619874200754], [82.5429682791472, 18.06197894279692], [82.5428787242999, 18.06197894279692], [82.54278961501699, 18.0619874200754], [82.54270183613899, 18.0620042909344], [82.54261625993009, 18.06202938627015], [82.54253373709483, 18.06206245840534], [82.54245508869337, 18.062103177673254], [82.54238109536176, 18.062151139250297], [82.54231249192182, 18.062205867426535], [82.54224996199153, 18.06226681731398], [82.54219412540841, 18.062333383387532], [82.54214553822963, 18.062404904609366], [82.54210468195217, 18.062480669553647], [82.54207196441122, 18.06255992494716], [82.54204770900023, 18.062641884210148], [82.54203215826433, 18.062725731726637], [82.5420254658155, 18.062810634801185], [82.54202769812898, 18.062895749637484], [82.54203883364524, 18.062980229878633], [82.54205876187147, 18.06306323600172], [82.54208728338176, 18.063143943858158], [82.54212411610504, 18.063221550651846], [82.5421688935287, 18.06329528433343], [82.54222117098665, 18.06336441384865], [82.54228042745605, 18.063428250846062], [82.5423460754387, 18.06348616077933], [82.54241746275773, 18.06353756973934], [82.54249387884568, 18.06358196530772], [82.54257456462616, 18.06361890595118], [82.54265871880199, 18.06364802614545], [82.54274550414328, 18.063669034666976], [82.54283405826736, 18.06368172484099], [82.54292350172355, 18.063685968563426]], [[82.52260188523141, 18.062330173028204], [82.52269132868764, 18.062325929273033], [82.52277988281172, 18.06231323900107], [82.522866668153, 18.062292230317464], [82.52295082232882, 18.062263109898417], [82.52303150810933, 18.06222616896986], [82.52310792419729, 18.06218177305887], [82.52317931151629, 18.06213036370216], [82.52324495949894, 18.06207245332195], [82.52330421596831, 18.062008615831896], [82.52335649342629, 18.061939485783167], [82.52340127084994, 18.06186575153257], [82.52343810357321, 18.06178814413997], [82.52346662508347, 18.061707435660704], [82.52348655330977, 18.06162442889704], [82.52349768882601, 18.06153994800398], [82.5234999211395, 18.061454832510844], [82.52349322869063, 18.061369928781076], [82.52347767795473, 18.061286080617563], [82.52345342254374, 18.061204120722085], [82.52342070500279, 18.06112486471693], [82.52337984872537, 18.061049099187986], [82.52333126154659, 18.060977577414235], [82.52327542496347, 18.060911010827], [82.52321289503317, 18.060850060469214], [82.52314429159324, 18.06079533187066], [82.52307029826159, 18.060747369923533], [82.52299164986017, 18.060706650341363], [82.52290912702492, 18.060673577950993], [82.52282355081599, 18.060648482421588], [82.522735771938, 18.060631611432374], [82.52264666265506, 18.060623134088488], [82.52255710780778, 18.060623134088488], [82.52246799852485, 18.060631611432374], [82.52238021964686, 18.060648482421588], [82.52229464343793, 18.060673577950993], [82.52221212060267, 18.060706650341363], [82.52213347220128, 18.060747369923533], [82.52205947886961, 18.06079533187066], [82.52199087542968, 18.060850060469214], [82.52192834549939, 18.060911010827], [82.52187250891627, 18.060977577414235], [82.5218239217375, 18.061049099187986], [82.52178306546007, 18.06112486471693], [82.52175034791911, 18.061204120722085], [82.52172609250812, 18.061286080617563], [82.52171054177224, 18.061369928781076], [82.52170384932336, 18.061454832510844], [82.52170608163685, 18.06153994800398], [82.5217172171531, 18.06162442889704], [82.52173714537936, 18.061707435660704], [82.52176566688965, 18.06178814413997], [82.5218024996129, 18.06186575153257], [82.52184727703656, 18.061939485783167], [82.52189955449451, 18.062008615831896], [82.52195881096391, 18.06207245332195], [82.52202445894656, 18.06213036370216], [82.52209584626557, 18.06218177305887], [82.52217226235354, 18.06222616896986], [82.52225294813402, 18.062263109898417], [82.52233710230985, 18.062292230317464], [82.52242388765114, 18.06231323900107], [82.5225124417752, 18.062325929273033], [82.52260188523141, 18.062330173028204]], [[82.51309469657599, 18.05487310929807], [82.5131841400322, 18.054868865362806], [82.51327269415627, 18.054856174552313], [82.51335947949755, 18.05483516497717], [82.51344363367338, 18.05480604332239], [82.51352431945388, 18.054769100826178], [82.51360073554183, 18.05472470303118], [82.51367212286084, 18.05467329149285], [82.51373777084349, 18.05461537865516], [82.51379702731289, 18.054551538456103], [82.51384930477084, 18.054482405473813], [82.5138940821945, 18.054408668094247], [82.51393091491776, 18.054331057408348], [82.51395943642802, 18.054250345504222], [82.5139793646543, 18.054167335218185], [82.51399050017056, 18.05408285074015], [82.51399273248404, 18.05399773163518], [82.51398604003518, 18.053912824302543], [82.51397048929928, 18.05382897258101], [82.51394623388832, 18.053747009207644], [82.51391351634733, 18.05366774983937], [82.51387266006991, 18.053591981095394], [82.51382407289114, 18.053520456286748], [82.51376823630802, 18.05345388687486], [82.51370570637772, 18.05339293393075], [82.51363710293778, 18.053338203009908], [82.51356310960614, 18.05329023902758], [82.51348446120473, 18.053249517717607], [82.51340193836946, 18.053216443923848], [82.51331636216054, 18.053191347329566], [82.51322858328255, 18.053174475624473], [82.51313947399964, 18.053165997920907], [82.51304991915234, 18.053165997920907], [82.51296080986938, 18.053174475624473], [82.51287303099141, 18.053191347329566], [82.51278745478248, 18.053216443923848], [82.51270493194723, 18.053249517717607], [82.51262628354583, 18.05329023902758], [82.51255229021416, 18.053338203009908], [82.51248368677422, 18.05339293393075], [82.51242115684394, 18.05345388687486], [82.51236532026083, 18.053520456286748], [82.51231673308205, 18.053591981095394], [82.51227587680462, 18.05366774983937], [82.51224315926366, 18.053747009207644], [82.51221890385267, 18.05382897258101], [82.51220335311679, 18.053912824302543], [82.51219666066791, 18.05399773163518], [82.51219889298139, 18.05408285074015], [82.51221002849765, 18.054167335218185], [82.51222995672391, 18.054250345504222], [82.5122584782342, 18.054331057408348], [82.51229531095746, 18.054408668094247], [82.51234008838111, 18.054482405473813], [82.51239236583909, 18.054551538456103], [82.5124516223085, 18.05461537865516], [82.51251727029111, 18.05467329149285], [82.51258865761012, 18.05472470303118], [82.51266507369807, 18.054769100826178], [82.51274575947858, 18.05480604332239], [82.5128299136544, 18.05483516497717], [82.5129166989957, 18.054856174552313], [82.51300525311977, 18.054868865362806], [82.51309469657599, 18.05487310929807]], [[82.51000485940958, 18.053517245766432], [82.51009430286577, 18.053513001798432], [82.51018285698984, 18.053500310890055], [82.51026964233114, 18.053479301152805], [82.51035379650695, 18.05345017927339], [82.51043448228745, 18.053413236492236], [82.5105108983754, 18.053368838354768], [82.51058228569441, 18.053317426419838], [82.51064793367706, 18.05325951313546], [82.51070719014646, 18.053195672443948], [82.51075946760442, 18.053126538928392], [82.51080424502808, 18.05305280098003], [82.51084107775137, 18.052975189695513], [82.51086959926161, 18.05289447716876], [82.51088952748788, 18.052811466242428], [82.51090066300414, 18.052726981112723], [82.51090289531763, 18.052641861351198], [82.51089620286875, 18.052556953363684], [82.51088065213287, 18.05247310099534], [82.5108563967219, 18.05239113698976], [82.51082367918092, 18.052311877010116], [82.5107828229035, 18.052236107681757], [82.51073423572471, 18.0521645823214], [82.5106783991416, 18.05209801239607], [82.5106158692113, 18.05203705898182], [82.51054726577136, 18.051982327638807], [82.51047327243974, 18.051934363286527], [82.5103946240383, 18.051893641662456], [82.51031210120304, 18.05186056761359], [82.51022652499411, 18.051835470825754], [82.51013874611614, 18.051818598990515], [82.51004963683323, 18.051810121221553], [82.50996008198592, 18.051810121221553], [82.50987097270297, 18.051818598990515], [82.50978319382499, 18.051835470825754], [82.5096976176161, 18.05186056761359], [82.50961509478083, 18.051893641662456], [82.50953644637939, 18.051934363286527], [82.50946245304775, 18.051982327638807], [82.5093938496078, 18.05203705898182], [82.50933131967751, 18.05209801239607], [82.50927548309438, 18.0521645823214], [82.50922689591562, 18.052236107681757], [82.5091860396382, 18.052311877010116], [82.50915332209725, 18.05239113698976], [82.50912906668624, 18.05247310099534], [82.50911351595036, 18.052556953363684], [82.50910682350148, 18.052641861351198], [82.50910905581496, 18.052726981112723], [82.50912019133122, 18.052811466242428], [82.5091401195575, 18.05289447716876], [82.50916864106777, 18.052975189695513], [82.50920547379107, 18.05305280098003], [82.50925025121472, 18.053126538928392], [82.50930252867268, 18.053195672443948], [82.50936178514208, 18.05325951313546], [82.50942743312473, 18.053317426419838], [82.50949882044371, 18.053368838354768], [82.50957523653166, 18.053413236492236], [82.50965592231219, 18.05345017927339], [82.50974007648797, 18.053479301152805], [82.50982686182925, 18.053500310890055], [82.50991541595333, 18.053513001798432], [82.51000485940958, 18.053517245766432]], [[82.54494377955986, 18.049223608780355], [82.5450332230161, 18.049219364708698], [82.54512177714018, 18.049206673490353], [82.54520856248146, 18.049185663239978], [82.54529271665724, 18.049156540649314], [82.54537340243778, 18.04911959696589], [82.54544981852574, 18.04907519774408], [82.54552120584471, 18.049023784553505], [82.54558685382736, 18.048965869854683], [82.54564611029676, 18.048902027604], [82.54569838775473, 18.04883289239999], [82.54574316517837, 18.04875915265072], [82.54577999790166, 18.04868153947072], [82.54580851941193, 18.048600824972766], [82.54582844763819, 18.04851781201908], [82.54583958315447, 18.04843332482605], [82.54584181546795, 18.0483482029857], [82.54583512301909, 18.04826329292453], [82.5458195722832, 18.048179438508324], [82.54579531687219, 18.04809747250102], [82.54576259933124, 18.04801821058574], [82.54572174305379, 18.047942439406924], [82.54567315587505, 18.04787091229978], [82.54561731929194, 18.0478043407487], [82.54555478936163, 18.047743385845877], [82.54548618592169, 18.04768865316623], [82.54541219259005, 18.04764068764259], [82.54533354418861, 18.047599965024062], [82.54525102135334, 18.047566890167477], [82.54516544514445, 18.047541792766747], [82.54507766626647, 18.047524920519496], [82.54498855698351, 18.04751644254347], [82.5448990021362, 18.04751644254347], [82.5448098928533, 18.047524920519496], [82.54472211397533, 18.047541792766747], [82.5446365377664, 18.047566890167477], [82.54455401493114, 18.047599965024062], [82.5444753665297, 18.04764068764259], [82.54440137319807, 18.04768865316623], [82.54433276975813, 18.047743385845877], [82.54427023982784, 18.0478043407487], [82.54421440324472, 18.04787091229978], [82.54416581606594, 18.047942439406924], [82.54412495978852, 18.04801821058574], [82.54409224224753, 18.04809747250102], [82.54406798683657, 18.048179438508324], [82.54405243610069, 18.04826329292453], [82.54404574365181, 18.0483482029857], [82.5440479759653, 18.04843332482605], [82.54405911148156, 18.04851781201908], [82.54407903970782, 18.048600824972766], [82.54410756121807, 18.04868153947072], [82.54414439394135, 18.04875915265072], [82.54418917136502, 18.04883289239999], [82.54424144882297, 18.048902027604], [82.54430070529237, 18.048965869854683], [82.54436635327502, 18.049023784553505], [82.54443774059403, 18.04907519774408], [82.54451415668198, 18.04911959696589], [82.54459484246249, 18.049156540649314], [82.54467899663831, 18.049185663239978], [82.5447657819796, 18.049206673490353], [82.54485433610367, 18.049219364708698], [82.54494377955986, 18.049223608780355]], [[82.55587704732211, 18.048093687062085], [82.55596649077835, 18.04808944296315], [82.55605504490241, 18.04807675166326], [82.5561418302437, 18.0480557412779], [82.55622598441953, 18.048026618500057], [82.55630667020002, 18.04798967457923], [82.55638308628798, 18.047945275072106], [82.55645447360699, 18.047893861551156], [82.55652012158961, 18.04783594648015], [82.55657937805901, 18.0477721038192], [82.556631655517, 18.047702968170913], [82.55667643294065, 18.047629227947834], [82.5567132656639, 18.047551614269043], [82.55674178717419, 18.047470899252417], [82.55676171540046, 18.04738788576529], [82.5567728509167, 18.047303398029364], [82.5567750832302, 18.04721827564202], [82.55676839078133, 18.047133365035208], [82.55675284004543, 18.047049510080193], [82.55672858463444, 18.0469675435462], [82.5566958670935, 18.04688828112155], [82.55665501081607, 18.04681250945584], [82.55660642363729, 18.04674098188908], [82.55655058705418, 18.04667440991023], [82.55648805712387, 18.046613454615713], [82.55641945368394, 18.0465587215844], [82.55634546035229, 18.04651075575258], [82.55626681195083, 18.046470032872325], [82.55618428911558, 18.046436957803255], [82.55609871290669, 18.046411860241243], [82.5560109340287, 18.046394987885577], [82.55592182474577, 18.046386509855058], [82.55583226989846, 18.046386509855058], [82.55574316061555, 18.046394987885577], [82.55565538173757, 18.046411860241243], [82.55556980552863, 18.046436957803255], [82.55548728269338, 18.046470032872325], [82.55540863429194, 18.04651075575258], [82.55533464096031, 18.0465587215844], [82.55526603752038, 18.046613454615713], [82.55520350759008, 18.04667440991023], [82.55514767100696, 18.04674098188908], [82.55509908382818, 18.04681250945584], [82.55505822755076, 18.04688828112155], [82.55502551000978, 18.0469675435462], [82.55500125459882, 18.047049510080193], [82.55498570386293, 18.047133365035208], [82.55497901141405, 18.04721827564202], [82.55498124372754, 18.047303398029364], [82.55499237924379, 18.04738788576529], [82.55501230747008, 18.047470899252417], [82.55504082898035, 18.047551614269043], [82.5550776617036, 18.047629227947834], [82.55512243912726, 18.047702968170913], [82.55517471658521, 18.0477721038192], [82.55523397305463, 18.04783594648015], [82.55529962103728, 18.047893861551156], [82.55537100835627, 18.047945275072106], [82.55544742444424, 18.04798967457923], [82.55552811022473, 18.048026618500057], [82.55561226440055, 18.0480557412779], [82.55569904974183, 18.04807675166326], [82.55578760386591, 18.04808944296315], [82.55587704732211, 18.048093687062085]], [[82.50905414090333, 18.048432663742098], [82.50914358435953, 18.048428419651344], [82.50923213848364, 18.048415728375915], [82.50931892382489, 18.048394718031066], [82.50940307800073, 18.04836559530935], [82.5094837637812, 18.04832865145976], [82.50956017986921, 18.048284252038226], [82.50963156718818, 18.048232838616396], [82.50969721517083, 18.048174923657026], [82.50975647164024, 18.048111081119163], [82.5098087490982, 18.048041945604158], [82.50985352652184, 18.047968205523222], [82.50989035924513, 18.047890591994058], [82.50991888075541, 18.047809877133037], [82.50993880898166, 18.04772686380593], [82.50994994449793, 18.047642376232886], [82.5099521768114, 18.047557254009636], [82.50994548436256, 18.047472343566493], [82.50992993362667, 18.047388488773127], [82.50990567821566, 18.04730652239713], [82.50987296067471, 18.047227260125275], [82.50983210439726, 18.047151488605643], [82.50978351721848, 18.047079961176767], [82.5097276806354, 18.047013389326246], [82.5096651507051, 18.04695243414923], [82.50959654726516, 18.046897701223408], [82.50952255393352, 18.046849735484066], [82.50944390553207, 18.04680901268231], [82.50936138269681, 18.046775937677], [82.5092758064879, 18.046750840163373], [82.5091880276099, 18.04673396784021], [82.50909891832698, 18.046725489826056], [82.50900936347969, 18.046725489826056], [82.50892025419677, 18.04673396784021], [82.50883247531877, 18.046750840163373], [82.50874689910987, 18.046775937677], [82.50866437627461, 18.04680901268231], [82.50858572787315, 18.046849735484066], [82.50851173454154, 18.046897701223408], [82.5084431311016, 18.04695243414923], [82.50838060117131, 18.047013389326246], [82.5083247645882, 18.047079961176767], [82.50827617740941, 18.047151488605643], [82.50823532113195, 18.047227260125275], [82.508202603591, 18.04730652239713], [82.50817834818001, 18.047388488773127], [82.50816279744416, 18.047472343566493], [82.50815610499528, 18.047557254009636], [82.50815833730877, 18.047642376232886], [82.50816947282502, 18.04772686380593], [82.50818940105127, 18.047809877133037], [82.50821792256154, 18.047890591994058], [82.50825475528482, 18.047968205523222], [82.50829953270848, 18.048041945604158], [82.50835181016643, 18.048111081119163], [82.50841106663584, 18.048174923657026], [82.50847671461848, 18.048232838616396], [82.5085481019375, 18.048284252038226], [82.50862451802546, 18.04832865145976], [82.50870520380595, 18.04836559530935], [82.50878935798177, 18.048394718031066], [82.50887614332306, 18.048415728375915], [82.50896469744714, 18.048428419651344], [82.50905414090333, 18.048432663742098]], [[82.49764551343883, 18.048093686207995], [82.49773495689503, 18.048089442109056], [82.49782351101909, 18.048076750809127], [82.49791029636039, 18.04805574042377], [82.49799445053621, 18.048026617645963], [82.4980751363167, 18.047989673725127], [82.49815155240466, 18.047945274217998], [82.49822293972368, 18.047893860697027], [82.49828858770633, 18.04783594562604], [82.49834784417573, 18.04777210296509], [82.49840012163368, 18.047702967316823], [82.49844489905733, 18.0476292270937], [82.49848173178063, 18.04755161341495], [82.49851025329089, 18.047470898398323], [82.49853018151714, 18.047387884911195], [82.49854131703339, 18.047303397175234], [82.49854354934689, 18.0472182747879], [82.49853685689804, 18.047133364181114], [82.49852130616215, 18.04704950922605], [82.49849705075117, 18.046967542692055], [82.49846433321021, 18.046888280267407], [82.49842347693276, 18.046812508601736], [82.49837488975398, 18.046740981034972], [82.49831905317085, 18.046674409056124], [82.49825652324056, 18.046613453761584], [82.49818791980063, 18.046558720730282], [82.498113926469, 18.04651075489843], [82.49803527806756, 18.04647003201822], [82.4979527552323, 18.046436956949112], [82.4978671790234, 18.046411859387113], [82.49777940014539, 18.046394987031434], [82.49769029086248, 18.046386509000953], [82.49760073601517, 18.046386509000953], [82.49751162673226, 18.046394987031434], [82.49742384785425, 18.046411859387113], [82.49733827164535, 18.046436956949112], [82.49725574881009, 18.04647003201822], [82.49717710040865, 18.04651075489843], [82.497103107077, 18.046558720730282], [82.4970345036371, 18.046613453761584], [82.49697197370676, 18.046674409056124], [82.49691613712369, 18.046740981034972], [82.49686754994491, 18.046812508601736], [82.49682669366744, 18.046888280267407], [82.4967939761265, 18.046967542692055], [82.4967697207155, 18.04704950922605], [82.49675416997961, 18.047133364181114], [82.49674747753077, 18.0472182747879], [82.49674970984422, 18.047303397175234], [82.49676084536051, 18.047387884911195], [82.49678077358676, 18.047470898398323], [82.49680929509704, 18.04755161341495], [82.49684612782032, 18.0476292270937], [82.49689090524397, 18.047702967316823], [82.49694318270193, 18.04777210296509], [82.49700243917133, 18.04783594562604], [82.49706808715398, 18.047893860697027], [82.49713947447299, 18.047945274217998], [82.49721589056095, 18.047989673725127], [82.49729657634144, 18.048026617645963], [82.49738073051726, 18.04805574042377], [82.49746751585852, 18.048076750809127], [82.49755606998264, 18.048089442109056], [82.49764551343883, 18.048093686207995]], [[82.54910317515808, 18.046172802879568], [82.54919261861427, 18.046168558734273], [82.54928117273838, 18.046155867295745], [82.54936795807967, 18.04613485668088], [82.54945211225545, 18.046105733584902], [82.54953279803598, 18.046068789260506], [82.54960921412395, 18.046024389268368], [82.54968060144292, 18.045972975185812], [82.54974624942557, 18.04591505948215], [82.54980550589498, 18.045851216123808], [82.54985778335292, 18.045782079720333], [82.54990256077659, 18.045708338691743], [82.54993939349987, 18.04563072416516], [82.54996791501016, 18.045550008266844], [82.54998784323638, 18.045466993872928], [82.54999897875267, 18.04538250521412], [82.55000121106616, 18.04529738189696], [82.54999451861728, 18.04521247036266], [82.5499789678814, 18.045128614491645], [82.54995471247041, 18.04504664706231], [82.54992199492945, 18.044967383771905], [82.549881138652, 18.044891611278562], [82.54983255147324, 18.044820082930507], [82.54977671489013, 18.044753510224492], [82.54971418495984, 18.04469255426417], [82.54964558151991, 18.044637820635], [82.54957158818824, 18.044589854279227], [82.5494929397868, 18.04454913095422], [82.54941041695155, 18.044516055523836], [82.54932484074264, 18.044490957687714], [82.54923706186467, 18.04447408514775], [82.54914795258173, 18.04446560702464], [82.54905839773443, 18.04446560702464], [82.54896928845152, 18.04447408514775], [82.54888150957353, 18.044490957687714], [82.5487959333646, 18.044516055523836], [82.54871341052934, 18.04454913095422], [82.54863476212789, 18.044589854279227], [82.54856076879628, 18.044637820635], [82.54849216535635, 18.04469255426417], [82.54842963542605, 18.044753510224492], [82.54837379884293, 18.044820082930507], [82.54832521166415, 18.044891611278562], [82.54828435538673, 18.044967383771905], [82.54825163784575, 18.04504664706231], [82.54822738243475, 18.045128614491645], [82.5482118316989, 18.04521247036266], [82.54820513925002, 18.04529738189696], [82.5482073715635, 18.04538250521412], [82.54821850707975, 18.045466993872928], [82.54823843530603, 18.045550008266844], [82.54826695681628, 18.04563072416516], [82.54830378953957, 18.045708338691743], [82.54834856696321, 18.045782079720333], [82.54840084442118, 18.045851216123808], [82.54846010089058, 18.04591505948215], [82.54852574887323, 18.045972975185812], [82.54859713619223, 18.046024389268368], [82.54867355228019, 18.046068789260506], [82.5487542380607, 18.046105733584902], [82.54883839223652, 18.04613485668088], [82.5489251775778, 18.046155867295745], [82.54901373170188, 18.046168558734273], [82.54910317515808, 18.046172802879568]], [[82.54256698284517, 18.037422237314615], [82.54265642630136, 18.037417992958165], [82.54274498042545, 18.037405300888263], [82.54283176576673, 18.037384289228164], [82.54291591994254, 18.037355164683394], [82.54299660572305, 18.03731821852107], [82.543073021811, 18.037273816320138], [82.54314440913001, 18.03722239967984], [82.54321005711266, 18.037164481095058], [82.54326931358207, 18.037100634560677], [82.54332159104003, 18.03703149471785], [82.54336636846368, 18.03695775002082], [82.54340320118696, 18.03688013163316], [82.54343172269725, 18.03679941171953], [82.54345165092349, 18.03671639319596], [82.54346278643976, 18.036631900334125], [82.54346501875322, 18.03654677278243], [82.54345832630437, 18.036461857024122], [82.5434427755685, 18.036377996981706], [82.5434185201575, 18.036296025474876], [82.54338580261654, 18.036216758241473], [82.54334494633909, 18.03614098197883], [82.54329635916032, 18.03606945007265], [82.54324052257722, 18.036002874055015], [82.5431779926469, 18.035941915062455], [82.54310938920696, 18.035887178710627], [82.54303539587534, 18.035839209968827], [82.5429567474739, 18.035798484618063], [82.54287422463864, 18.035765407542392], [82.54278864842975, 18.035740308457786], [82.54270086955174, 18.035723435078513], [82.54261176026883, 18.0357149565337], [82.54252220542152, 18.0357149565337], [82.54243309613861, 18.035723435078513], [82.5423453172606, 18.035740308457786], [82.54225974105171, 18.035765407542392], [82.54217721821644, 18.035798484618063], [82.54209856981498, 18.035839209968827], [82.54202457648337, 18.035887178710627], [82.54195597304344, 18.035941915062455], [82.54189344311314, 18.036002874055015], [82.54183760653002, 18.03606945007265], [82.54178901935126, 18.03614098197883], [82.54174816307379, 18.036216758241473], [82.54171544553284, 18.036296025474876], [82.54169119012184, 18.036377996981706], [82.54167563938596, 18.036461857024122], [82.54166894693711, 18.03654677278243], [82.5416711792506, 18.036631900334125], [82.54168231476685, 18.03671639319596], [82.5417022429931, 18.03679941171953], [82.54173076450337, 18.03688013163316], [82.54176759722667, 18.03695775002082], [82.54181237465032, 18.03703149471785], [82.54186465210827, 18.037100634560677], [82.54192390857767, 18.037164481095058], [82.54198955656032, 18.03722239967984], [82.54206094387932, 18.037273816320138], [82.54213735996728, 18.03731821852107], [82.54221804574779, 18.037355164683394], [82.54230219992361, 18.037384289228164], [82.54238898526489, 18.037405300888263], [82.54247753938897, 18.037417992958165], [82.54256698284517, 18.037422237314615]], [[82.52462216306775, 18.037246066967505], [82.52471160652397, 18.037241822606823], [82.52480016064803, 18.037229130524196], [82.52488694598931, 18.037208118843054], [82.52497110016513, 18.037178994269137], [82.52505178594564, 18.037142048069818], [82.5251282020336, 18.03709764582442], [82.5251995893526, 18.037046229132653], [82.52526523733525, 18.036988310489864], [82.52532449380465, 18.036924463891555], [82.5253767712626, 18.03685532397951], [82.52542154868625, 18.036781579208654], [82.52545838140955, 18.036703960743296], [82.5254869029198, 18.03662324074883], [82.52550683114607, 18.03654022214212], [82.52551796666232, 18.03645572919571], [82.52552019897581, 18.036370601558772], [82.52551350652693, 18.036285685715455], [82.52549795579104, 18.03620182558906], [82.52547370038009, 18.036119854000173], [82.5254409828391, 18.036040586687406], [82.52540012656168, 18.03596481034889], [82.5253515393829, 18.035893278371095], [82.52529570279978, 18.035826702286812], [82.52523317286949, 18.03576574323322], [82.52516456942956, 18.0357110068266], [82.52509057609794, 18.03566303803676], [82.5250119276965, 18.03562231264523], [82.52492940486123, 18.035589235536435], [82.5248438286523, 18.0355641364267], [82.52475604977433, 18.035547263030548], [82.52466694049141, 18.035538784477236], [82.5245773856441, 18.035538784477236], [82.52448827636115, 18.035547263030548], [82.52440049748317, 18.0355641364267], [82.52431492127428, 18.035589235536435], [82.52423239843903, 18.03562231264523], [82.52415375003758, 18.03566303803676], [82.52407975670593, 18.0357110068266], [82.52401115326599, 18.03576574323322], [82.5239486233357, 18.035826702286812], [82.52389278675258, 18.035893278371095], [82.5238441995738, 18.03596481034889], [82.52380334329638, 18.036040586687406], [82.52377062575542, 18.036119854000173], [82.52374637034443, 18.03620182558906], [82.52373081960855, 18.036285685715455], [82.52372412715967, 18.036370601558772], [82.52372635947316, 18.03645572919571], [82.5237374949894, 18.03654022214212], [82.52375742321568, 18.03662324074883], [82.52378594472596, 18.036703960743296], [82.52382277744925, 18.036781579208654], [82.52386755487291, 18.03685532397951], [82.52391983233086, 18.036924463891555], [82.52397908880026, 18.036988310489864], [82.52404473678291, 18.037046229132653], [82.52411612410188, 18.03709764582442], [82.52419254018984, 18.037142048069818], [82.52427322597038, 18.037178994269137], [82.52435738014616, 18.037208118843054], [82.52444416548745, 18.037229130524196], [82.52453271961153, 18.037241822606823], [82.52462216306775, 18.037246066967505]]]}}]}