{"type": "FeatureCollection", "features": [{"type": "Feature", "properties": {"premiumdata.sde.IN_Village_PCA.area": 24.04641598, "objectid": 113644, "id": "274723976645059", "name": "Rohin Khindki", "subdistrict": "Sangrampur", "district": "Buldhana", "state": "Maharashtra", "country": "India", "censusname": "Rohin Khindki", "villagename_locallang": null, "lgd_villagename": "Rohin Khindki", "lgd_villagecode": 528293, "lgd_subdistrictcode": 3976, "lgd_districtcode": 472, "lgd_statecode": 27, "censuscode2001": "00328000", "censuscode2011": "528293", "censuscode2021": null, "level": "Village", "tru": "Rural", "no_hh": 210, "tot_p": 1143, "tot_m": 586, "tot_f": 557, "per_tot_m": 51.26859143, "per_tot_f": 48.73140857, "p_06": 225, "m_06": 112, "f_06": 113, "per_p_06": 19.68503937, "per_m_06": 49.77777778, "per_f_06": 50.22222222, "p_sc": 0, "m_sc": 0, "f_sc": 0, "per_p_sc": 0.0, "per_m_sc": 0.0, "per_f_sc": 0.0, "p_st": 1129, "m_st": 580, "f_st": 549, "per_p_st": 98.77515311, "per_m_st": 51.37289637, "per_f_st": 48.62710363, "p_lit": 258, "m_lit": 169, "f_lit": 89, "per_p_lit": 22.57217848, "per_m_lit": 65.50387597, "per_f_lit": 34.49612403, "p_ill": 885, "m_ill": 417, "f_ill": 468, "per_p_ill": 77.42782152000001, "per_m_ill": 47.11864407, "per_f_ill": 52.88135593000001, "tot_work_p": 623, "tot_work_m": 324, "tot_work_f": 299, "per_tot_work_p": 54.50568679, "per_tot_work_m": 52.00642055, "per_tot_work_f": 47.99357945, "mainwork_p": 578, "mainwork_m": 301, "mainwork_f": 277, "per_mainwork_p": 50.56867892, "per_mainwork_m": 52.07612457, "per_mainwork_f": 47.92387543, "main_cl_p": 34, "main_cl_m": 19, "main_cl_f": 15, "per_main_cl_p": 5.88235294, "per_main_cl_m": 55.88235294, "per_main_cl_f": 44.11764706, "main_al_p": 538, "main_al_m": 279, "main_al_f": 259, "per_main_al_p": 93.07958478, "per_main_al_m": 51.85873606, "per_main_al_f": 48.14126394, "main_hh_p": 0, "main_hh_m": 0, "main_hh_f": 0, "per_main_hh_p": 0.0, "per_main_hh_m": 0.0, "per_main_hh_f": 0.0, "main_ot_p": 6, "main_ot_m": 3, "main_ot_f": 3, "per_main_ot_p": 1.03806228, "per_main_ot_m": 50.0, "per_main_ot_f": 50.0, "margwork_p": 45, "margwork_m": 23, "margwork_f": 22, "per_margwork_p": 3.93700787, "per_margwork_m": 51.11111111, "per_margwork_f": 48.88888889, "marg_cl_p": 5, "marg_cl_m": 2, "marg_cl_f": 3, "per_marg_cl_p": 11.11111111, "per_marg_cl_m": 40.0, "per_marg_cl_f": 60.0, "marg_al_p": 38, "marg_al_m": 19, "marg_al_f": 19, "per_marg_al_p": 84.44444444, "per_marg_al_m": 50.0, "per_marg_al_f": 50.0, "marg_hh_p": 0, "marg_hh_m": 0, "marg_hh_f": 0, "per_marg_hh_p": 0.0, "per_marg_hh_m": 0.0, "per_marg_hh_f": 0.0, "marg_ot_p": 2, "marg_ot_m": 2, "marg_ot_f": 0, "per_marg_ot_p": 4.44444444, "per_marg_ot_m": 100.0, "per_marg_ot_f": 0.0, "margwork_3_6_p": 31, "margwork_3_6_m": 14, "margwork_3_6_f": 17, "per_margwork_3_6_p": 68.88888889, "per_margwork_3_6_m": 45.16129032, "per_margwork_3_6_f": 54.83870968, "marg_cl_3_6_p": 1, "marg_cl_3_6_m": 0, "marg_cl_3_6_f": 1, "per_marg_cl_3_6_p": 2.22222222, "per_marg_cl_3_6_m": 0.0, "per_marg_cl_3_6_f": 100.0, "marg_al_3_6_p": 29, "marg_al_3_6_m": 13, "marg_al_3_6_f": 16, "per_marg_al_3_6_p": 64.44444444, "per_marg_al_3_6_m": 44.82758621, "per_marg_al_3_6_f": 55.17241379, "marg_hh_3_6_p": 0, "marg_hh_3_6_m": 0, "marg_hh_3_6_f": 0, "per_marg_hh_3_6_p": 0.0, "per_marg_hh_3_6_m": 0.0, "per_marg_hh_3_6_f": 0.0, "marg_ot_3_6_p": 1, "marg_ot_3_6_m": 1, "marg_ot_3_6_f": 0, "per_marg_ot_3_6_p": 2.22222222, "per_marg_ot_3_6_m": 100.0, "per_marg_ot_3_6_f": 0.0, "margwork_0_3_p": 14, "margwork_0_3_m": 9, "margwork_0_3_f": 5, "per_margwork_0_3_p": 31.11111111, "per_margwork_0_3_m": 64.28571429, "per_margwork_0_3_f": 35.71428571, "marg_cl_0_3_p": 4, "marg_cl_0_3_m": 2, "marg_cl_0_3_f": 2, "per_marg_cl_0_3_p": 8.88888889, "per_marg_cl_0_3_m": 50.0, "per_marg_cl_0_3_f": 50.0, "marg_al_0_3_p": 9, "marg_al_0_3_m": 6, "marg_al_0_3_f": 3, "per_marg_al_0_3_p": 20.0, "per_marg_al_0_3_m": 66.66666667, "per_marg_al_0_3_f": 33.33333333, "marg_hh_0_3_p": 0, "marg_hh_0_3_m": 0, "marg_hh_0_3_f": 0, "per_marg_hh_0_3_p": 0.0, "per_marg_hh_0_3_m": 0.0, "per_marg_hh_0_3_f": 0.0, "marg_ot_0_3_p": 1, "marg_ot_0_3_m": 1, "marg_ot_0_3_f": 0, "per_marg_ot_0_3_p": 2.22222222, "per_marg_ot_0_3_m": 100.0, "per_marg_ot_0_3_f": 0.0, "non_work_p": 520, "non_work_m": 262, "non_work_f": 258, "per_non_work_p": 45.49431321, "per_non_work_m": 50.38461538, "per_non_work_f": 49.61538462, "per_hc_tot_tot": 100, "per_hc_tot_god": 0.4, "per_hc_tot_liv": 98.2, "per_hc_tot_dil": 1.3, "per_hc_res_tot": 100.0, "per_hc_res_god": 0.4, "per_hc_res_liv": 98.2, "per_hc_res_dil": 1.3, "per_hc_oth_tot": 0.0, "per_hc_oth_god": 0.0, "per_hc_oth_liv": 0.0, "per_hc_oth_dil": 0.0, "per_mt_grsbam": 65.2, "per_mt_plastic": 0.0, "per_mt_h_tiles": 32.2, "per_mt_m_tiles": 1.3, "per_mt_b_brick": 0.0, "per_mt_stone": 0.0, "per_mt_asbstos": 1.3, "per_mt_concrte": 0.0, "per_mt_oth": 0.0, "per_mw_grsbam": 85.0, "per_mw_plastic": 0.0, "per_mw_mud": 15.0, "per_mw_wood": 0.0, "per_mw_no_mrtr": 0.0, "per_mw_st_mrtr": 0.0, "per_mw_asbstos": 0.0, "per_mw_b_brick": 0.0, "per_mw_concrte": 0.0, "per_mw_oth": 0.0, "per_mf_mud": 99.6, "per_mf_wood": 0.0, "per_mf_b_brick": 0.0, "per_mf_stone": 0.0, "per_mf_cement": 0.4, "per_mf_fl_tile": 0.0, "per_mf_oth": 0.0, "per_dw_n_exrm": 1.8, "per_dw_1_room": 94.3, "per_dw_2_room": 3.1, "per_dw_3_room": 0.4, "per_dw_4_room": 0.4, "per_dw_5_room": 0.0, "per_dw_6_room": 0.0, "per_hhsize_1": 2.6, "per_hhsize_2": 12.8, "per_hhsize_3": 9.7, "per_hhsize_4": 12.8, "per_hhsize_5": 12.8, "per_hhsize_6_8": 38.8, "per_hhsize_9p": 10.6, "per_ow_owned": 99.6, "per_ow_rented": 0.4, "per_ow_oth": 0.0, "per_mc_none": 11.5, "per_mcouple_1": 68.3, "per_mcouple_2": 17.6, "per_mcouple_3": 2.2, "per_mcouple_4": 0.0, "per_mcouple_5p": 0.4, "per_dw_t_ts": 0.0, "per_dw_t_unts": 0.0, "per_dw_c_well": 0.0, "per_dw_unc_wel": 4.0, "per_dw_hpump": 96.0, "per_dw_tw_bore": 0.0, "per_dw_spring": 0.0, "per_dw_rivcan": 0.0, "per_dw_tank": 0.0, "per_dw_oth": 0.0, "per_loc_dw_wp": 0.0, "per_loc_dw_np": 2.6, "per_loc_dw_aw": 97.4, "per_light_elec": 0.0, "per_light_kero": 98.7, "per_light_solr": 0.4, "per_light_oil": 0.0, "per_light_oth": 0.4, "per_light_no": 0.4, "per_hh_latrine": 0.4, "per_fl_sewer": 0.4, "per_fl_septict": 0.0, "per_fl_othsys": 0.0, "per_pl_wslab": 0.0, "per_pl_without": 0.0, "per_ns_open": 0.0, "per_sl_ns_hum": 0.0, "per_sl_ns_anml": 0.0, "per_hh_no_lat": 99.6, "per_as_pub": 0.0, "per_as_open": 99.6, "per_hh_bathrm": 0.0, "per_hh_en_wrf": 20.7, "per_hh_no_btrm": 79.3, "per_wwoc_drain": 0.0, "per_wwoc_open": 0.9, "per_wwoc_nodrn": 99.1, "per_cook_fire": 57.3, "per_cook_resdu": 41.9, "per_cook_cwdng": 0.9, "per_cook_coal": 0.0, "per_cook_kero": 0.0, "per_cook_lpng": 0.0, "per_cook_elec": 0.0, "per_cook_biogs": 0.0, "per_cook_oth": 0.0, "per_cook_no": 0.0, "per_kf_inside": 99.1, "per_kf_in_has": 70.5, "per_kf_in_does": 28.6, "per_kf_outside": 0.9, "per_kf_out_has": 0.4, "per_kf_out_dos": 0.4, "per_kf_no_cook": 0.0, "per_hh_banking": 15.9, "per_hh_radio": 2.6, "per_hh_tv": 1.3, "per_hh_cmp_int": 0.4, "per_hh_cmp_wnt": 1.8, "per_hh_ph_ll": 0.0, "per_hh_ph_mob": 15.9, "per_hh_ph_bth": 0.0, "per_hh_bcycl": 26.0, "per_hh_2wheel": 6.2, "per_hh_4wheel": 0.0, "per_hh_tvcomp": 0.0, "per_hh_no_ast": 62.6, "per_hs_perma": 0.0, "per_hs_sperma": 34.8, "per_hs_temp": 65.2, "per_hs_servc": 12.8, "per_hs_nservc": 52.4, "per_hs_unclss": 0.0, "avghhsz_cy": 5.44285714, "st_areashape": 27800804.197675444, "st_lengthshape": 30597.636367738716}, "geometry": {"type": "Polygon", "coordinates": [[[76.76518340143498, 21.19893205650224], [76.76517095617506, 21.19897736166869], [76.7651585109151, 21.19902266598369], [76.76513838775443, 21.19909590931215], [76.76511826459374, 21.199169152604288], [76.76509814143307, 21.19924239669767], [76.76507801827239, 21.199315639917188], [76.7650578951117, 21.199388883100372], [76.76503777284935, 21.19946212624726], [76.76501764968867, 21.199535370195367], [76.76499752742629, 21.199608613269596], [76.76497740426562, 21.199681856307546], [76.76495439212297, 21.199758913384827], [76.76493137908201, 21.199835970421876], [76.76490836693941, 21.199913027418752], [76.76488535389844, 21.19999008437541], [76.76486234175583, 21.200067141291907], [76.76483932871488, 21.20014419816816], [76.76481631657224, 21.200221255004255], [76.76479330442959, 21.200298310962587], [76.76477029138864, 21.200375367718287], [76.7647472783477, 21.20045242443376], [76.76472426620506, 21.200529481109083], [76.76470125316412, 21.20060653774416], [76.76467824102151, 21.200683594339065], [76.76465522798054, 21.20076065089374], [76.76463221583792, 21.200837707408265], [76.76466003935721, 21.200914666730753], [76.76468786287649, 21.20099162685068], [76.76471568639579, 21.201068586092976], [76.76474350991508, 21.201145545295187], [76.76477133343438, 21.201222504457284], [76.76479915695369, 21.20129946441682], [76.76482698047298, 21.20137642349873], [76.76485452731117, 21.201452589416242], [76.76488207414934, 21.20152875529445], [76.76490962098752, 21.201604921133402], [76.76493716782572, 21.201681086933053], [76.76496471466392, 21.201757252693472], [76.7649922615021, 21.201833418414562], [76.76501980744196, 21.201909583258903], [76.76504735428017, 21.201985748901485], [76.76507490111835, 21.20206191450476], [76.76510244795655, 21.20213808006878], [76.76512999479472, 21.202214245593506], [76.7651575407346, 21.202290411078984], [76.76518508757277, 21.202366576525147], [76.76518497977496, 21.202443114622607], [76.76518487287544, 21.202519651842916], [76.7651847650776, 21.202596189861037], [76.76518469950058, 21.202665415578252], [76.76518463392357, 21.202734640425486], [76.76518456744826, 21.202803866077808], [76.76518450187122, 21.20287309086017], [76.76518443539587, 21.202942316447594], [76.76518618621239, 21.203023889318253], [76.76518793702886, 21.203105462143913], [76.76518968784534, 21.203187034924472], [76.76519143866184, 21.20326860765997], [76.76519318947832, 21.20335018035046], [76.76519494029483, 21.203431752995872], [76.76519669111131, 21.203513325596248], [76.76519844192778, 21.203594898151536], [76.76520019274429, 21.203676469824295], [76.76520194356077, 21.203758042289472], [76.76520369347895, 21.20383961470964], [76.76520544429543, 21.203921187084717], [76.76520719421362, 21.20400275941477], [76.76520894503011, 21.204084331699736], [76.76521069494825, 21.20416590393968], [76.76521244576477, 21.204247476134537], [76.76522081267329, 21.204329893317976], [76.76522917958188, 21.20441231045544], [76.76523754649044, 21.20449472670939], [76.765245913399, 21.20457714375486], [76.76525428030753, 21.204659560754337], [76.76526264721609, 21.204741977707826], [76.76527101412466, 21.204824394615308], [76.7652793810332, 21.204906811476786], [76.76528774794177, 21.20498922745481], [76.76529611485033, 21.205071644224308], [76.7653044817589, 21.205154060947788], [76.76531284866742, 21.20523647762529], [76.765321215576, 21.205318894256816], [76.76532958158623, 21.20540131000486], [76.76533794759646, 21.20548372654438], [76.76534631450502, 21.205566143037917], [76.76535997069396, 21.205648124828777], [76.76537362688295, 21.20573010741167], [76.76538728307189, 21.205812089111557], [76.76540094015913, 21.205894071603396], [76.76541459634811, 21.20597605321224], [76.76542825253703, 21.206058034775563], [76.76544190962433, 21.20614001713088], [76.76545556581326, 21.206221998603205], [76.76546922290053, 21.206303980867457], [76.76548287908946, 21.20638596224875], [76.7654389460822, 21.206456104909588], [76.7653950139732, 21.206526247537134], [76.76535108096593, 21.206596390131345], [76.76530714885695, 21.20666653269224], [76.76526321584966, 21.206736675219837], [76.76521928374072, 21.206806817714103], [76.76517535073343, 21.206876960175048], [76.76513146084528, 21.206947064078527], [76.76508757095712, 21.207017168786226], [76.76504368106896, 21.207087272623138], [76.76499979118081, 21.207157377264238], [76.76495590129265, 21.20722748103463], [76.7649120114045, 21.20729758560915], [76.76486812151636, 21.20736768931294], [76.76482820308006, 21.207439418529297], [76.76478828554211, 21.207511146873344], [76.76474836710582, 21.207582876019995], [76.76470844956786, 21.207654604294348], [76.76466853113158, 21.207726333371323], [76.76462861359363, 21.207798061575957], [76.76458869515734, 21.20786979058325], [76.76454877761938, 21.207941518718233], [76.7645088591831, 21.20801324765582], [76.76446894164513, 21.208084975721086], [76.76442902320885, 21.20815670458902], [76.7643891056709, 21.208228432584605], [76.76434918723461, 21.208300161382805], [76.76430926879833, 21.208371889308737], [76.76426935036204, 21.208443618037247], [76.76422943282408, 21.20851534589345], [76.7641895143878, 21.20858707455229], [76.76414959684983, 21.208658802338825], [76.76411662867889, 21.208732002364886], [76.76408366050799, 21.208805202354636], [76.76405069323538, 21.208878401470674], [76.76401772596276, 21.20895160138783], [76.76398475779182, 21.209024801268743], [76.76395479448553, 21.209091329834127], [76.76392483117921, 21.209157858369565], [76.76389486877123, 21.209224386875], [76.76386490546494, 21.20929091535048], [76.7638551057435, 21.209364423251216], [76.76384530692037, 21.20943793027791], [76.76383530687464, 21.20951303682955], [76.76382530682889, 21.20958814418046], [76.76381530768147, 21.20966325065569], [76.7638053076357, 21.209738357930195], [76.76379530848828, 21.209813464329002], [76.76378530844256, 21.209888571527056], [76.76377530929514, 21.209963677849455], [76.76376744634145, 21.2100207150138], [76.76375958338774, 21.21007775131867], [76.76375020677281, 21.21014576423184], [76.76374083015791, 21.210213777951125], [76.76373145444127, 21.21028179080165], [76.76372207782633, 21.21034980362081], [76.76371143279023, 21.210426992475572], [76.7637007868558, 21.210504181289963], [76.76369014181965, 21.21058136922652], [76.76367949588526, 21.2106585579602], [76.76366885084911, 21.21073574665354], [76.76366878257717, 21.210819072208842], [76.76366871430518, 21.21090239687967], [76.76366864603324, 21.210985722340933], [76.76366857776127, 21.211069047755156], [76.76366850948932, 21.211152373122335], [76.76366844121735, 21.211235697605066], [76.76366837294539, 21.21131902287819], [76.7636683046734, 21.211402348104304], [76.76366823640146, 21.21148567244591], [76.76366816812953, 21.211568997577967], [76.7636268968304, 21.21162632806874], [76.76358562553133, 21.21168365853727], [76.76354435333391, 21.21174098982097], [76.76350308203479, 21.211798320244977], [76.76346181073572, 21.21185565064672], [76.76342272413937, 21.21190992515955], [76.76338363754304, 21.211964200489923], [76.76334455184502, 21.21201847496286], [76.76331951130649, 21.212053246826517], [76.76329446986965, 21.212088018681982], [76.76327577323363, 21.212150106535027], [76.7632570765976, 21.212212193524536], [76.76323752296881, 21.21227720737952], [76.76321796934002, 21.212342222043315], [76.76319841571124, 21.212407235840995], [76.76317886208246, 21.21247225044752], [76.76315930845365, 21.212537264187976], [76.76314428862213, 21.212612432809042], [76.76312926879056, 21.212687601391817], [76.76311424895901, 21.21276276993632], [76.76309922822915, 21.212837938442505], [76.76308420839759, 21.212913106910474], [76.76306918766772, 21.212988275340123], [76.76305416783619, 21.213063443731528], [76.76303914710631, 21.213138612084638], [76.76302412727475, 21.21321378039948], [76.76300910654487, 21.21328894867603], [76.76299408671335, 21.213364116914338], [76.76297906239023, 21.213439198857554], [76.7629640389654, 21.213514280762567], [76.76294901464229, 21.21358936262944], [76.7629362900063, 21.213670299860976], [76.76292356537027, 21.213751237048154], [76.76291083983595, 21.213832175028383], [76.76289811519997, 21.21391311212681], [76.76288539056395, 21.213994049180837], [76.76287266592796, 21.214074986190486], [76.76285994039365, 21.214155923993214], [76.76284721575766, 21.214236860914117], [76.76283449022336, 21.214317797790628], [76.76282176558733, 21.214398734622755], [76.76280904005301, 21.214479672247972], [76.7627963145187, 21.214560608991345], [76.76278358988272, 21.214641545690345], [76.76277113653792, 21.214720757224274], [76.76275868319316, 21.21479996871571], [76.76274622895002, 21.214879180164626], [76.76273377560527, 21.21495839157104], [76.76272132136218, 21.215037602934924], [76.76270886711906, 21.21511681509377], [76.7626964137743, 21.21519602637264], [76.76268395953116, 21.215275237609006], [76.76267150618641, 21.215354448802895], [76.7626590519433, 21.215433659954243], [76.76264659859852, 21.215512871063083], [76.7626446465594, 21.21552046741523], [76.76262558520737, 21.215599691876395], [76.76260652385537, 21.2156789154576], [76.76258746250336, 21.215758139833746], [76.76256840115136, 21.21583736416733], [76.76254933979932, 21.215916588458416], [76.76253027844731, 21.215995811869565], [76.76251121709531, 21.216075036075587], [76.76248428919635, 21.21612100760077], [76.76245736039905, 21.216166979111645], [76.76242752734848, 21.216217909861246], [76.7623868264796, 21.216287392144483], [76.7623461256107, 21.21635687439501], [76.76230542474183, 21.216426356612843], [76.76226472387293, 21.216495838797954], [76.76222402300404, 21.216565320950355], [76.76218332213514, 21.216634803070047], [76.76214981138178, 21.216705038840402], [76.76211630062842, 21.21677527373992], [76.76208278897674, 21.216845509443434], [76.76204927732505, 21.21691574511351], [76.76201576657171, 21.216985979912728], [76.76198225492004, 21.217056215515967], [76.76194874416669, 21.21712645108577], [76.76191523341332, 21.217196685784746], [76.76188172176165, 21.217266921287706], [76.76186486307871, 21.21730199087487], [76.76183131369778, 21.217371849487723], [76.76179776521519, 21.217441707230083], [76.76176421583429, 21.217511565776796], [76.76173066735169, 21.21758142345305], [76.76169711797074, 21.217651281933655], [76.76166356948815, 21.217721139543755], [76.76163002100554, 21.217790997958208], [76.76159647252294, 21.217860855502177], [76.76156292314204, 21.217930713850524], [76.76152937465945, 21.218000571328364], [76.76149582527852, 21.218070429610528], [76.76146330896017, 21.218143296701875], [76.76143079174355, 21.218216164594644], [76.76139827542517, 21.21828903161403], [76.76136575910684, 21.218361898597443], [76.76133324278851, 21.218434765544874], [76.76130072557187, 21.21850763329373], [76.76126820925353, 21.218580500169207], [76.76123569293519, 21.218653367008702], [76.76120317571853, 21.218726233812223], [76.76117065850185, 21.218799101417165], [76.76113814218353, 21.218871968148726], [76.76110453351382, 21.218947318612013], [76.76107092394578, 21.219022669036832], [76.76103731527604, 21.219098019423164], [76.761003705708, 21.219173369771024], [76.76097009703825, 21.21924872008046], [76.76092698329452, 21.21931727559747], [76.76088386955078, 21.219385831920032], [76.76084075670533, 21.21945438737335], [76.76079764296162, 21.21952294279481], [76.76075452921785, 21.219591498184467], [76.76071141547412, 21.21966005437963], [76.76066830262869, 21.219728609705534], [76.76062518888492, 21.219797164999623], [76.76056553536017, 21.21984624466186], [76.76050588273375, 21.219895323470382], [76.760446229209, 21.219944403099973], [76.76038657568421, 21.219993482713242], [76.76032692215945, 21.2200425614728], [76.7602672686347, 21.220091641053422], [76.76020761600827, 21.220140719780282], [76.7601479624835, 21.220189799328264], [76.76007549089795, 21.22023058686629], [76.76000301841408, 21.220271375230435], [76.75993054682856, 21.22031216274588], [76.75985807434468, 21.220352951087495], [76.75978560275914, 21.2203937385804], [76.75971313117361, 21.220434526062053], [76.75964065868975, 21.220475314369814], [76.7595681871042, 21.220516102666316], [76.75949571462034, 21.22055689095153], [76.7594232430348, 21.220597678388064], [76.75935077055092, 21.220638466650733], [76.75927829896536, 21.220679254064734], [76.75919789525585, 21.220707431012308], [76.75911749154638, 21.220735607117096], [76.75903708783687, 21.22076378405392], [76.75895668412737, 21.220791960985338], [76.75887627951953, 21.220820137911385], [76.75879587581002, 21.22084831399466], [76.7587154721005, 21.22087649007254], [76.758635068391, 21.220904666982445], [76.75855076958645, 21.22091505411824], [76.7584664716802, 21.220925441253282], [76.7583821728756, 21.220935828387613], [76.75829787496934, 21.220946215521206], [76.75821357616476, 21.22095660265405], [76.7581292773602, 21.22096698978619], [76.75804497945394, 21.2209773769176], [76.75796068064936, 21.22098776404824], [76.75787949360891, 21.220990338220947], [76.75779830567018, 21.22099291239363], [76.75771353345344, 21.220995592916235], [76.75762876213501, 21.220998272601417], [76.75754398991829, 21.221000953123934], [76.75746888177737, 21.22098420174149], [76.75739377453479, 21.22096745119459], [76.7573186663939, 21.220950699808316], [76.75724355915132, 21.22093394925759], [76.7571684510104, 21.22091719870494], [76.75710103334663, 21.220899660992384], [76.75703361568286, 21.220882122440315], [76.7569661971208, 21.220864583886137], [76.75689877945703, 21.22084704616732], [76.75683886092926, 21.220809694662933], [76.7567789424015, 21.220772342311715], [76.75671902387374, 21.220734990788422], [76.75665910534597, 21.22069763841826], [76.7565991868182, 21.22066028687606], [76.7565400246719, 21.22062339338426], [76.75647021659118, 21.220575482996487], [76.75640040851046, 21.220527572593184], [76.75633060042975, 21.220479663011712], [76.756260792349, 21.22043175257729], [76.75619098426829, 21.220383842127298], [76.75612647984097, 21.220335282672604], [76.7560619754137, 21.220286722364513], [76.75599747098642, 21.220238162877862], [76.7559329665591, 21.22018960337523], [76.75586846213183, 21.22014104301919], [76.7558039577045, 21.2200924834846], [76.7557396095841, 21.220044025260258], [76.75567526236198, 21.21999556785744], [76.75561091424156, 21.219947109601275], [76.7555465661211, 21.219898652166624], [76.75548221800068, 21.219850193878617], [76.75541787077856, 21.219801736412162], [76.75535352265814, 21.219753278092366], [76.75529138259665, 21.219702229650725], [76.75522924253521, 21.219651181191438], [76.75516710247375, 21.219600132714493], [76.75510496151396, 21.21954908338249], [76.75504282145249, 21.219498034032842], [76.75498068139103, 21.21944698550291], [76.75491963278266, 21.219396833822174], [76.75485858417424, 21.219346682124428], [76.75479753646415, 21.219296530409597], [76.75473648785578, 21.219246377840367], [76.75467543924736, 21.21919622609145], [76.75461439063899, 21.21914607432553], [76.75454763233866, 21.219091231358174], [76.75448087403832, 21.219036389207844], [76.75441411573796, 21.218981546199753], [76.75434735743762, 21.21892670400865], [76.7542805991373, 21.21887186095977], [76.75421384173528, 21.218817018727925], [76.75414708343494, 21.21876217563829], [76.75408032513458, 21.21870733252827], [76.75401356683425, 21.218652490235296], [76.75394680853391, 21.218597647084515], [76.75388005023359, 21.218542804750765], [76.75381329193321, 21.218487961559223], [76.75375156240185, 21.218440243083858], [76.75368983197217, 21.218392523755647], [76.75362810244079, 21.21834480524942], [76.7535663729094, 21.21829708672777], [76.7535046424797, 21.21824936819073], [76.75344291205002, 21.218201649638218], [76.75338118251864, 21.218153931070276], [76.75331945208893, 21.218106212486912], [76.75325264258463, 21.218054575607873], [76.753185832182, 21.21800293787337], [76.75311902267771, 21.217951300958184], [76.75305221317338, 21.21789966402495], [76.75298540277075, 21.217848026236236], [76.75291859326644, 21.217796389266855], [76.75285178376215, 21.21774475144201], [76.75278497425782, 21.2176931144365], [76.75271816385518, 21.217641476575473], [76.75265135435089, 21.21758983953387], [76.7525845448466, 21.21753820247415], [76.75251773444397, 21.217486564558964], [76.75245092493962, 21.217434927463113], [76.7523974320611, 21.217494053619564], [76.75234393918258, 21.217553178914898], [76.75229044540572, 21.217612305023973], [76.75223695252717, 21.21767143027197], [76.75218345964863, 21.217730556333677], [76.75212516707153, 21.217793584747984], [76.75206687449443, 21.217856612297968], [76.75200858191732, 21.217919640658437], [76.75195028934023, 21.217982668154566], [76.75189199586481, 21.218045696461218], [76.7518337032877, 21.218108723903523], [76.75177541071062, 21.218171752156348], [76.7517171181335, 21.218234779544808], [76.75165882555642, 21.218297807743756], [76.7516005329793, 21.218360835078403], [76.75154224040222, 21.218423863223546], [76.7514839478251, 21.21848689050434], [76.75142565434967, 21.218549918595617], [76.75136736177257, 21.218612945822574], [76.75130906919549, 21.218675973860048], [76.75125077661836, 21.218739001033175], [76.75119248404128, 21.21880202901681], [76.75113401000449, 21.21886524706641], [76.75107553596769, 21.218928464251533], [76.75101706193092, 21.218991682246976], [76.75095858789413, 21.219054900215358], [76.75090011385733, 21.21911811815664], [76.75084163982052, 21.219181336070864], [76.75078316578377, 21.219244553957974], [76.75072469174697, 21.21930777181804], [76.75066621771016, 21.21937098881359], [76.75060774367337, 21.219434205782033], [76.75054926873827, 21.219497423560853], [76.75049003023518, 21.21955731847055], [76.75043079173209, 21.219617213355974], [76.75037155233066, 21.21967710821706], [76.75031231382756, 21.219737003053872], [76.75025307532447, 21.219796897866324], [76.75019383682137, 21.21985679265452], [76.75013459831828, 21.219916687418362], [76.75007535891689, 21.219976582157926], [76.7500161204138, 21.22003647687315], [76.7499568819107, 21.22009637156409], [76.74989764340756, 21.220156265393303], [76.74983840490448, 21.220216160035594], [76.74977916640138, 21.22027605465361], [76.74971992699999, 21.220335949247275], [76.7496606884969, 21.220395843816664], [76.7496014499938, 21.220455738361707], [76.7495422114907, 21.220515632882474], [76.74948297298761, 21.2205755273789], [76.74942373358618, 21.220635421851046], [76.7493644950831, 21.22069531629885], [76.74930525658, 21.22075521072237], [76.74922768166532, 21.220795665655203], [76.74915010675065, 21.220836120576955], [76.74907253183596, 21.22087657548756], [76.74899495692131, 21.220917029549735], [76.74891738200662, 21.220957484438205], [76.74886629661306, 21.22099923561325], [76.74881521211779, 21.221040986776522], [76.74876412672421, 21.221082738765343], [76.74869380929871, 21.221132661262647], [76.74862349097488, 21.22118258458045], [76.7485531735494, 21.221232507044004], [76.74848285522559, 21.22128243032804], [76.74841253780009, 21.221332352757766], [76.7483422203746, 21.221382275170633], [76.7482719020508, 21.22143219840401], [76.7482015846253, 21.22148212078306], [76.74813126630148, 21.221532043982673], [76.74806094887597, 21.22158196632795], [76.7479906305522, 21.221631889493747], [76.7479203131267, 21.22168181180527], [76.74784999570119, 21.221731734099883], [76.74777967737737, 21.221781657215008], [76.7477093599519, 21.22183157947587], [76.74763904162808, 21.22188150171979], [76.74756872420258, 21.221931423946877], [76.74749840677708, 21.22198134615703], [76.74742808845329, 21.222031269187703], [76.7473577710278, 21.222081191364104], [76.74728745270396, 21.222131114360984], [76.74721713527846, 21.22218103650358], [76.74714681695468, 21.222230959466675], [76.74707649952917, 21.22228088157552], [76.74700618210368, 21.222330803667447], [76.74693586377988, 21.222380726579868], [76.74686554635439, 21.222430648638028], [76.74679522803056, 21.222480571516684], [76.74672491060507, 21.222530493541026], [76.74665459317957, 21.222580415548517], [76.74658427485576, 21.222630337539083], [76.74651395743027, 21.222680259512792], [76.74644363910643, 21.222730182306986], [76.74637332168095, 21.22278010424688], [76.74630300335714, 21.222830027007284], [76.74623268593164, 21.222879948913437], [76.74616236850615, 21.22292987080265], [76.74609205018236, 21.222979793512376], [76.74602173275686, 21.22302971536786], [76.74595141443304, 21.2230796380438], [76.74588109700754, 21.223129559865455], [76.74591903196367, 21.223203667981377], [76.74595696691983, 21.223277776060083], [76.74599490187596, 21.223351884101543], [76.74603283683209, 21.2234259921058], [76.74607077178821, 21.22350010007282], [76.74610870674434, 21.223574208002653], [76.7461466425988, 21.2236483167326], [76.74618457755493, 21.22372242375058], [76.74622251251107, 21.2237965315687], [76.7462604474672, 21.223870639349606], [76.74629838242332, 21.223944747093288], [76.74633631827777, 21.22401885563711], [76.7463742532339, 21.224092962468976], [76.74641218819004, 21.224167069263565], [76.74645012314619, 21.224241176858346], [76.74648805900061, 21.224315285253304], [76.74652599395674, 21.22438939193626], [76.7465639289129, 21.224463499419365], [76.74660186386903, 21.224537606865244], [76.74663979882516, 21.224611714273884], [76.7466777346796, 21.22468582248268], [76.74671566963575, 21.224759928979505], [76.74675360549018, 21.224834036276487], [76.74679154044631, 21.224908143536226], [76.74682947540248, 21.224982250758757], [76.74686741125689, 21.225056357944045], [76.74690534621301, 21.22513046509211], [76.74694500234126, 21.22520386545616], [76.74698465846944, 21.225277266621042], [76.7470243145977, 21.225350666912014], [76.74706397072589, 21.22542406800386], [76.74710362595579, 21.225497468221818], [76.74714328208402, 21.22557086840326], [76.74718293821223, 21.225644269385544], [76.74722259434046, 21.22571766949391], [76.74726225046867, 21.225791069565805], [76.74730190659689, 21.225864470438513], [76.7473415618268, 21.225937870437352], [76.747381217955, 21.22601127123702], [76.74742087408323, 21.226084671162788], [76.74746053021146, 21.226158071052065], [76.74750018633966, 21.22623147174218], [76.74753984156956, 21.226304871558373], [76.7475794976978, 21.22637827133809], [76.747619153826, 21.22645167191863], [76.74765880995423, 21.226525071625293], [76.74769846608244, 21.226598472132792], [76.74773812221068, 21.22667187176638], [76.74777777744058, 21.22674527136348], [76.74781743356877, 21.226818671761407], [76.747857089697, 21.226892071285455], [76.74780393189006, 21.22695941157987], [76.74775077408313, 21.22702675184357], [76.74769761627618, 21.2270940920765], [76.74764445846924, 21.227161432278702], [76.7475913006623, 21.22722877245018], [76.74753814285536, 21.22729611259088], [76.74748498504842, 21.227363452700875], [76.74743182724147, 21.227430792780115], [76.74737866943455, 21.227498132828597], [76.74732551162762, 21.227565472846365], [76.74727235382068, 21.227632812833345], [76.74721919601373, 21.227700152789616], [76.7471660382068, 21.22776749271516], [76.74711288039985, 21.22783483260993], [76.74705972259291, 21.227902172473975], [76.74700656478596, 21.227969512307258], [76.74695340697906, 21.22803685210983], [76.74690024917213, 21.228104192719005], [76.74684709136518, 21.228171532460077], [76.74679393355824, 21.22823887217039], [76.7467407757513, 21.228306211849976], [76.74668761794436, 21.228373551498823], [76.74663446103574, 21.22844089111691], [76.74658130322881, 21.228508230704275], [76.74652814542186, 21.228575570260862], [76.74647498761492, 21.228642909786753], [76.74642182980799, 21.228710250119217], [76.74636867289937, 21.228777589583608], [76.74631551509242, 21.228844929017235], [76.74626235728549, 21.22891226842014], [76.74620919947854, 21.228979608629633], [76.74615604256994, 21.22904694797106], [76.74611220388574, 21.229118103110874], [76.74606836520155, 21.229189258216362], [76.74602452561908, 21.229260413287488], [76.7459806869349, 21.229331568324323], [76.7459368482507, 21.22940272332684], [76.74589300956656, 21.22947387745769], [76.74584917088237, 21.229545032391503], [76.74580533129985, 21.229616187291033], [76.74576149261566, 21.229687342156236], [76.74571765393151, 21.2297584969871], [76.74567381434899, 21.229829651783643], [76.74562997566481, 21.229900806545857], [76.74558613698065, 21.22997196127375], [76.74554229829647, 21.230043115967305], [76.74549845871395, 21.230114270626547], [76.74545462002979, 21.230185424414078], [76.74541078134561, 21.23025657900466], [76.74536694266143, 21.2303277335609], [76.74532310307895, 21.23039888808282], [76.74527926439475, 21.230470042570417], [76.7452471774711, 21.230537269864126], [76.74521171288202, 21.23061147892697], [76.74517624739458, 21.230685688789855], [76.74514078190717, 21.23075989777802], [76.74510531731806, 21.23083410672886], [76.74506985272899, 21.230908315642385], [76.74503438724155, 21.230982525355873], [76.74499892175413, 21.23105673419472], [76.74496345716501, 21.231130942996188], [76.74492799257595, 21.231205151760328], [76.74489252708851, 21.231279361324468], [76.7448570616011, 21.23135357001393], [76.74482159701198, 21.23142777866604], [76.74479213496562, 21.231506658811703], [76.74476267291925, 21.23158553807779], [76.74473321087287, 21.231664418139044], [76.74470374972483, 21.231743297320794], [76.74467428767846, 21.231822177297673], [76.74464482563208, 21.231901057232353], [76.74461536358572, 21.23197993628753], [76.74458590153934, 21.232058816137823], [76.74455644039128, 21.232137695108616], [76.7445269783449, 21.232216574874546], [76.74449751629852, 21.232295454598276], [76.74446805425215, 21.232374333442497], [76.74443859220578, 21.23245321308184], [76.74440913105771, 21.232532091841634], [76.74437966901134, 21.232610971396632], [76.74435107653416, 21.232687470365303], [76.74432248405698, 21.232763969294293], [76.74429389157983, 21.23284046818359], [76.74426529910265, 21.232916967033205], [76.74423670662547, 21.23299346584314], [76.74420811414828, 21.23306996461338], [76.74417952077278, 21.233146464181267], [76.74415092829562, 21.233222962872137], [76.74412233581845, 21.233299461523337], [76.74409374334127, 21.233375960134843], [76.74406515086407, 21.23345245870667], [76.7440365583869, 21.233528957238814], [76.74400796501138, 21.23360545573127], [76.74397937253424, 21.23368195418404], [76.74394833933441, 21.233751193790358], [76.7439173061346, 21.233820433364155], [76.74388627293482, 21.233889672068084], [76.74385523973498, 21.233958911576874], [76.7438242065352, 21.23402815105313], [76.7437931733354, 21.23409739049687], [76.7437621410339, 21.234166629070792], [76.74373110783411, 21.234235868449506], [76.74370407483225, 21.234296163478376], [76.7436770409321, 21.234356459319933], [76.74365000793024, 21.23441675429949], [76.7436229749284, 21.234477049254394], [76.74359234866542, 21.234553969266624], [76.74356172330073, 21.23463088840139], [76.74353109703776, 21.23470780833337], [76.74350047077478, 21.234784727387908], [76.74346984451181, 21.234861647239633], [76.74343921914712, 21.234938566213895], [76.74340859288414, 21.235015485985368], [76.74337796662117, 21.235092404879417], [76.74334734035818, 21.235169324570638], [76.74331671499351, 21.2352462433844], [76.74328608873054, 21.235323162995368], [76.7432554633659, 21.235400081728912], [76.74322483710291, 21.235477001259607], [76.7431942108399, 21.235553919912874], [76.74316358457693, 21.235630839363328], [76.74313295921228, 21.235707757936332], [76.7431023329493, 21.235784677306533], [76.7430717066863, 21.23586159663661], [76.74304108132165, 21.235938515089263], [76.74301045505868, 21.236015434339087], [76.74297982879568, 21.23609235271145], [76.74294920253269, 21.23616927188102], [76.74291857716804, 21.236246190173155], [76.74288795090506, 21.236323109262464], [76.74285732554037, 21.23640002747432], [76.7428266992774, 21.236476946483393], [76.74279607301442, 21.23655386461501], [76.74276544675145, 21.236630783543802], [76.74273482138678, 21.236707701595144], [76.74270419512379, 21.236784620443686], [76.74267356886082, 21.2368615384148], [76.74264294259784, 21.23693845718309], [76.74261231723317, 21.237015375073913], [76.74258169097018, 21.237092293761936], [76.7425510656055, 21.237169211572535], [76.74252043934253, 21.237246130180296], [76.74249174805067, 21.237321989552118], [76.74246305675881, 21.237397848884918], [76.74243436636527, 21.2374737081787], [76.74240567507341, 21.237549567433426], [76.74237698467986, 21.237625426649146], [76.74234829338802, 21.237701285825782], [76.74231960209616, 21.237777144963438], [76.74229091170258, 21.237853004062035], [76.74226222041075, 21.237928863121617], [76.7422335300172, 21.23800472130484], [76.74220483962365, 21.238080580286354], [76.7421761483318, 21.23815643922884], [76.74214745703995, 21.238232298132278], [76.74211876664641, 21.23830815699666], [76.74209007535454, 21.238384015822025], [76.74206138496098, 21.23845987460838], [76.74203269366912, 21.238535733355683], [76.74200400327558, 21.23861159206396], [76.74197531198372, 21.23868745073316], [76.74194680664313, 21.238762813681323], [76.74191830130253, 21.23883817659095], [76.74188979686026, 21.23891353862475], [76.74186129151967, 21.238988901457333], [76.74183278617907, 21.23906426425139], [76.74180428083848, 21.23913962700691], [76.74177577549789, 21.239214989723923], [76.74174727015728, 21.23929035240236], [76.74171876571499, 21.239365714205025], [76.7416902603744, 21.239441076806443], [76.74166175503379, 21.239516439369314], [76.7416332496932, 21.239591801893685], [76.7416047443526, 21.239667164379522], [76.74157623991033, 21.239742525989524], [76.74154773546806, 21.239817888398314], [76.74151923012747, 21.239893250768567], [76.7414938787718, 21.239970392349825], [76.74146852741619, 21.24004753305343], [76.74144317606053, 21.240124674553954], [76.74141782470491, 21.24020181517682], [76.7413924733493, 21.240278956596608], [76.74136712199365, 21.240356097138744], [76.74134177063803, 21.24043323847778], [76.74131641928241, 21.24051037893918], [76.74129106792675, 21.240587520197487], [76.74126571746942, 21.24066466057811], [76.7412403661138, 21.240741801755703], [76.74121501475818, 21.240818942055608], [76.74118966340252, 21.240896083152467], [76.74116431294522, 21.240973223371608], [76.74114353850597, 21.241036392566198], [76.74112276406669, 21.241099561733712], [76.74110198962745, 21.241162730036855], [76.74108121428988, 21.241225899150237], [76.74099570186135, 21.241200279847643], [76.74091018943281, 21.241174660540562], [76.74082467700428, 21.241149042066375], [76.74073916367745, 21.241123422750388], [76.7406536512489, 21.241097803429984], [76.74056813882041, 21.24107218410514], [76.74048262639188, 21.241046565613093], [76.74039711396334, 21.24102094627933], [76.7403116015348, 21.24099532694109], [76.7402260891063, 21.240969707598424], [76.74014057577945, 21.24094408908859], [76.74005506335094, 21.240918469737004], [76.7399695509224, 21.24089285038099], [76.73988403849387, 21.240867231020527], [76.73979852606533, 21.240841612492854], [76.7397130136368, 21.240815993123473], [76.7396275012083, 21.24079037374961], [76.73954198788144, 21.24076475437132], [76.73945647545294, 21.24073913582585], [76.7393709630244, 21.240713516438657], [76.73928545059587, 21.24068789704702], [76.73919993816733, 21.24066227765092], [76.73911442573883, 21.24063665908764], [76.7390289133103, 21.240611039682637], [76.73894339998347, 21.240585420273153], [76.73885788755493, 21.240559800859252], [76.7387723751264, 21.24053418227816], [76.73868686269786, 21.240508562855346], [76.73860135026938, 21.240482943428088], [76.73851583784084, 21.240457323996363], [76.73843032541231, 21.240431705397462], [76.73834481208547, 21.24040608595685], [76.73825929965693, 21.240380466511727], [76.7381737872284, 21.240354847062207], [76.73808827479989, 21.240329228445496], [76.73800276237135, 21.24030360898707], [76.73791724994283, 21.240277989524177], [76.73783173751428, 21.240252370056805], [76.73774622418746, 21.24022675142232], [76.73766071175893, 21.240201131946083], [76.7375751993304, 21.240175512465353], [76.7374896869019, 21.24014989298021], [76.73740417447335, 21.240124274327886], [76.73731866204483, 21.240098654833826], [76.73723314961629, 21.240073035335325], [76.73714763628946, 21.24004741583232], [76.73706212386094, 21.240021797162225], [76.73697661143242, 21.239996177650326], [76.7368910990039, 21.23997055813401], [76.73680558657536, 21.239944938613235], [76.73672007414683, 21.23991931992529], [76.73663456082, 21.23989370039563], [76.73654904839145, 21.239868080861495], [76.73646353596295, 21.239842461322894], [76.73637802353443, 21.239816842617163], [76.73629251110589, 21.23979122306964], [76.73620699867736, 21.239765603517707], [76.73612148624886, 21.239739983961318], [76.73603597292198, 21.239714365237766], [76.73595046049346, 21.23968874567246], [76.73586494806496, 21.239663126102727], [76.73577943563643, 21.23963750652849], [76.73569392320789, 21.23961188778715], [76.73560841077936, 21.239586268204018], [76.73552289835085, 21.23956064861646], [76.73543738502399, 21.239535029024452], [76.73535187259549, 21.239509410265264], [76.73526636016696, 21.239483790664348], [76.73518084773842, 21.23945817105898], [76.7350953353099, 21.239432551449134], [76.73500982288138, 21.239406932672185], [76.73492431045285, 21.239381313053418], [76.73483879712603, 21.23935569343025], [76.73475328469749, 21.23933007380262], [76.73466777226896, 21.239304455007822], [76.73458225984042, 21.239278835371284], [76.73449674741191, 21.23925321573027], [76.73441123498338, 21.239227596084824], [76.73432572255484, 21.239201977272216], [76.73424020922802, 21.23917635761788], [76.73415469679948, 21.23915073795908], [76.73406918437095, 21.239125118295835], [76.73398367194241, 21.239099499465414], [76.73389815951391, 21.239073879793267], [76.73381264708539, 21.23904826011663], [76.73372713465685, 21.239022640435575], [76.73364162133001, 21.238997021587345], [76.73355610890148, 21.238971401897388], [76.73347059647294, 21.238945782202975], [76.73338508404446, 21.23892016250411], [76.73329957161592, 21.238894543638068], [76.73321405918739, 21.2388689239303], [76.73312854675885, 21.23884330421805], [76.73304303343201, 21.238817684501377], [76.73295752100348, 21.238792065617524], [76.73287200857499, 21.238766445891944], [76.73278649614645, 21.238740826161923], [76.73269783332623, 21.23873054661866], [76.73260917140429, 21.23872026791203], [76.73252050858407, 21.23870998836734], [76.73243184666215, 21.23869970882195], [76.73234318384193, 21.238689429275862], [76.73225452192001, 21.238679150566334], [76.73216585909978, 21.238668871018806], [76.73207719627956, 21.23865859147053], [76.73198853435764, 21.238648311921576], [76.73189987153742, 21.238638033209174], [76.73181120961553, 21.238627753658786], [76.73172254679527, 21.23861747410763], [76.73163388397505, 21.238607194555804], [76.73154522205316, 21.23859691584054], [76.7314565592329, 21.238586636287287], [76.73136789731102, 21.238576356733297], [76.7312792344908, 21.238566078015882], [76.73119057256886, 21.23855579846048], [76.73110190974865, 21.238545518904314], [76.73101324692843, 21.238535239347463], [76.73092458500649, 21.2385249606272], [76.73083592218627, 21.238514681068906], [76.73074726026435, 21.23850440150988], [76.73065859744413, 21.238494121950175], [76.7305699355222, 21.238483843227023], [76.73048127270198, 21.23847356366587], [76.73039260988176, 21.238463284104018], [76.73030394795984, 21.23845300454139], [76.73021528513962, 21.23844272581543], [76.73012662321773, 21.238432446251373], [76.73003796039747, 21.238422166686657], [76.72994929847557, 21.23841188795848], [76.72986063565536, 21.238401608392316], [76.72977197283511, 21.23839132882541], [76.72968331091322, 21.23838104925781], [76.729594648093, 21.23837077052678], [76.72950598617106, 21.238360490957753], [76.72941732335084, 21.238350211388003], [76.72932866053063, 21.23833993181751], [76.7292399986087, 21.238329653083646], [76.72915133578849, 21.238319373511718], [76.72906267386655, 21.23830909393909], [76.72897401104633, 21.238298814365763], [76.72888534912441, 21.23828853562901], [76.7287966863042, 21.238278256054205], [76.72870802348397, 21.238267976478728], [76.72861936156204, 21.238257696902526], [76.72853069874182, 21.238247418162896], [76.72844203681993, 21.23823713858527], [76.72835337399971, 21.238226859006875], [76.72826471207779, 21.238216580265124], [76.72817604925757, 21.23820630068532], [76.72808738643735, 21.23819602110482], [76.72799872451542, 21.2381857415236], [76.7279100616952, 21.238175462778962], [76.72782139977328, 21.238165183196283], [76.72773273695306, 21.23815490361292], [76.72764407413284, 21.23814462402884], [76.7275554122109, 21.238134345281324], [76.72746674939069, 21.238124065695796], [76.72737808746876, 21.23811378610953], [76.72728942464855, 21.238103506522588], [76.72720076272665, 21.23809322777221], [76.72711209990639, 21.23808294818383], [76.72702865539968, 21.238110997048434], [76.72694521089292, 21.238139045907715], [76.72686176638618, 21.238167094761657], [76.72677832187942, 21.238195143610252], [76.72669487737268, 21.238223192453518], [76.72661143286597, 21.23825124129144], [76.72652798835922, 21.238279289286755], [76.72644454385247, 21.238307338114005], [76.72636109934572, 21.238335386935933], [76.72627765483901, 21.238363435752508], [76.72619421033225, 21.238391484563753], [76.72611076582551, 21.238419533369665], [76.72602732131875, 21.23844758217025], [76.7259438759137, 21.238475630965475], [76.72586043140697, 21.23850367975537], [76.72577698690021, 21.23853172853995], [76.72569354239346, 21.23855977731917], [76.72561009788674, 21.238587826093063], [76.72552665337999, 21.238615874861612], [76.72544320887324, 21.238643922787553], [76.7253597643665, 21.238671971545426], [76.72527631985977, 21.23870002029797], [76.72519287535303, 21.238728069045184], [76.72510943084627, 21.23875611778705], [76.72502598633953, 21.23878416652358], [76.72494254183279, 21.238812215254786], [76.72485843796262, 21.2388092780047], [76.72477433319415, 21.238806340754554], [76.724690229324, 21.238803403504352], [76.7246061245555, 21.238800466254077], [76.72452202068537, 21.23879752900375], [76.72443791591688, 21.238794591753386], [76.72435381204674, 21.238791654502933], [76.72426970727825, 21.238788717252476], [76.7241856034081, 21.238785780001923], [76.72412808338214, 21.238725346142473], [76.72407056335616, 21.238664911420944], [76.72401304333022, 21.23860447751197], [76.72395552330427, 21.238544043578226], [76.7238980032783, 21.238483608782396], [76.72384048415067, 21.238423174799088], [76.7237829641247, 21.23836273995372], [76.72372544409875, 21.238302305920843], [76.7236679240728, 21.23824187186321], [76.72361040404682, 21.238181436943517], [76.72355288402088, 21.238121002836344], [76.72353161281328, 21.238039868855118], [76.72351034160566, 21.237958734829252], [76.72348907039803, 21.23787760075872], [76.72346779829209, 21.237796466643516], [76.72344652708449, 21.2377153324837], [76.72342525587689, 21.237634198279224], [76.72340398466929, 21.23755306486742], [76.72338271346165, 21.237471930573648], [76.72336144225405, 21.237390796235225], [76.72334017104643, 21.237309661852116], [76.7233188989405, 21.237228527424406], [76.7232976277329, 21.23714739295203], [76.72327635652529, 21.237066258435007], [76.72325508531766, 21.236985123873332], [76.72324764008059, 21.236904407922676], [76.72324019484351, 21.23682369192782], [76.72323274960642, 21.236742976726084], [76.7232253043694, 21.236662260642838], [76.7232178591323, 21.23658154451542], [76.72321041389523, 21.236500828343818], [76.72320296865816, 21.23642011296533], [76.72319552252274, 21.236339396705347], [76.72318807728567, 21.23625868040118], [76.7231806320486, 21.23617796405279], [76.72317318681152, 21.236097247660254], [76.72316574157448, 21.23601653206082], [76.7231582963374, 21.2359358155799], [76.72315085110033, 21.2358550990548], [76.7231711925516, 21.235775541333194], [76.72319153310457, 21.2356959835687], [76.72321187455589, 21.235616424923972], [76.72323221510885, 21.235536867073577], [76.72325255656013, 21.235457309180312], [76.72327289711312, 21.235377751244094], [76.72329323856441, 21.235298193264963], [76.72331358001573, 21.235218634405573], [76.7233339205687, 21.23513907634058], [76.72335426201998, 21.235059518232664], [76.72337460257296, 21.234979960081823], [76.72339494402426, 21.23490040105071], [76.72341528457724, 21.234820842814017], [76.72343562602852, 21.234741284534376], [76.72346966319465, 21.23466658771515], [76.72350370125906, 21.2345918916954], [76.72353773842518, 21.234517194800503], [76.72357177648963, 21.234442497867718], [76.72360581365572, 21.234367801734447], [76.72363985172018, 21.234293104726028], [76.72367388888627, 21.234218407679748], [76.72370792605238, 21.23414371143298], [76.72374196411684, 21.234069014311018], [76.72377600128293, 21.233994317151243], [76.72381003934738, 21.233919619953593], [76.72384407651346, 21.23384492355546], [76.72387811367959, 21.23377022628215], [76.72391215174405, 21.23369552897102], [76.72394618891013, 21.233620832459366], [76.72398022697458, 21.233546135072526], [76.72401426414068, 21.233471437647886], [76.72404830220513, 21.233396741022712], [76.72408233937126, 21.23332204352235], [76.72409179773287, 21.23324189411497], [76.7241012569928, 21.233161744663974], [76.72411071535443, 21.233081596006784], [76.72412017371607, 21.23300144646867], [76.724129632976, 21.232921296886992], [76.72413909133762, 21.23284114726177], [76.72414854969927, 21.23276099759296], [76.7241580089592, 21.23268084871795], [76.72416746732083, 21.232600698962035], [76.72417692568243, 21.232520549162555], [76.7241863849424, 21.23244039931951], [76.724195843304, 21.23236025027026], [76.72420530166565, 21.232280100340084], [76.72421476092559, 21.23219995036635], [76.72422421928724, 21.232119800349103], [76.72423367764883, 21.232039650288243], [76.72424313690877, 21.23195950102119], [76.7242525952704, 21.23187935087322], [76.72426205363205, 21.231799200681696], [76.72427151289197, 21.231719050446607], [76.72428097125359, 21.231638900167955], [76.72429042961524, 21.231558750683096], [76.72429988887517, 21.231478600317324], [76.7243093472368, 21.231398449907992], [76.72432597684933, 21.231316990687965], [76.72434260556356, 21.23123553058559], [76.72435923517611, 21.23115407127554], [76.72437586389032, 21.231072611083167], [76.72439249350288, 21.230991151683135], [76.72440912221708, 21.230909692238143], [76.72442575182961, 21.230828231910763], [76.72444238054385, 21.230746772375785], [76.7244590101564, 21.230665311958443], [76.72447563887063, 21.230583852333456], [76.72449226848316, 21.23050239266346], [76.7245088980957, 21.230420932111148], [76.72452552680994, 21.230339472351194], [76.72454215642247, 21.230258012546237], [76.72455878513667, 21.230176551858932], [76.72457541474921, 21.230095091963992], [76.72459204346345, 21.2300136311867], [76.72460867307598, 21.229932171201803], [76.72462530179021, 21.229850711171867], [76.72464193140276, 21.229769250259608], [76.72465856101529, 21.229687790139714], [76.72467518972952, 21.229606329137457], [76.72469181934207, 21.22952486892758], [76.72470844805626, 21.229443408672715], [76.72472507766884, 21.229361947535516], [76.72474170638304, 21.229280487190643], [76.72475833599557, 21.229199025963442], [76.72477496470981, 21.229117565528597], [76.72479159432235, 21.22903610504879], [76.72480822303659, 21.228954643686624], [76.72482485264912, 21.22887318311682], [76.72484148226165, 21.22879172166467], [76.72485811097589, 21.22871026100487], [76.72487474058842, 21.228628800300122], [76.72489136930263, 21.22854733871296], [76.72490799891517, 21.228465877918243], [76.7249246276294, 21.228384416241138], [76.72494125724194, 21.228302955356394], [76.72495788595617, 21.228221494426656], [76.72497451556872, 21.228140032614604], [76.72499114518124, 21.228058571594918], [76.72500777389548, 21.227977110530222], [76.72502440350802, 21.22789564858319], [76.72504103222222, 21.22781418742852], [76.72505766183478, 21.227732725391515], [76.725074290549, 21.2276512641469], [76.72509092016152, 21.22756980285725], [76.72510754887577, 21.227488340685287], [76.7251241784883, 21.22740687930566], [76.72514080720254, 21.22732541704373], [76.72515743681507, 21.227243955574174], [76.72516757520135, 21.227162293928952], [76.72517771358766, 21.227080631401204], [76.72518785107563, 21.22699896966562], [76.72519798946193, 21.226917307047415], [76.72520812784825, 21.2268356452214], [76.72521826623452, 21.226753982512832], [76.72522840372251, 21.2266723205964], [76.72523854210881, 21.226590657797374], [76.72524868049511, 21.226508995790525], [76.7252588188814, 21.226427332901125], [76.7252689572677, 21.22634567080387], [76.72527909475568, 21.226264008661403], [76.725289233142, 21.226182345636342], [76.72529937152827, 21.22610068340346], [76.72530950991458, 21.226019020288017], [76.72531964830084, 21.225937357964717], [76.72532978578886, 21.225855694758838], [76.72533992417513, 21.225774032345132], [76.72535006256145, 21.225692369048858], [76.72536020094772, 21.22561070654475], [76.72537033843574, 21.225529043995426], [76.725380476822, 21.22544738056351], [76.72539061520831, 21.22536571792377], [76.72540075359463, 21.22528405440145], [76.7254108919809, 21.225202391671303], [76.72542102946888, 21.225120728058602], [76.72543116785518, 21.22503906523804], [76.72544130624149, 21.2249574015349], [76.72545144462777, 21.224875738623933], [76.72546158301408, 21.2247940748304], [76.72547172050206, 21.224712411829042], [76.72548185888836, 21.224630748782456], [76.72549199727464, 21.224549084853294], [76.72550213566095, 21.224467421716305], [76.72551227314892, 21.224385757696762], [76.72552241153524, 21.224304094469367], [76.72553254992151, 21.224222430359383], [76.72554268830783, 21.224140767041586], [76.72555282669413, 21.224059102841235], [76.7255629641821, 21.223977439433032], [76.72557310256839, 21.223895775979617], [76.72558324095469, 21.223814111643623], [76.72559337934099, 21.223732448099813], [76.72560351772727, 21.22365078367339], [76.72561365521524, 21.22356912003919], [76.72562379360157, 21.2234874555224], [76.72563393198787, 21.223405791797795], [76.72564407037414, 21.223324127190576], [76.72565420786212, 21.223242463375545], [76.72566434624842, 21.22316079867796], [76.72567448463474, 21.223079134772533], [76.72568942092293, 21.22299675066629], [76.72570435721119, 21.222914367351418], [76.72571929439772, 21.222831983153167], [76.72573423068596, 21.222749598908887], [76.72574916697421, 21.222667215456042], [76.7257641032624, 21.222584831119793], [76.72577903955064, 21.222502446737515], [76.72579397583888, 21.222420062309258], [76.72580891302542, 21.22233767867239], [76.72582384931367, 21.222255294152138], [76.72583878560187, 21.222172909585883], [76.7258537218901, 21.222090525811], [76.72586865817834, 21.222008141152767], [76.72588359536488, 21.221925756448503], [76.72589853165312, 21.221843372535634], [76.72591346794133, 21.221760987739387], [76.72592840422956, 21.22167860289714], [76.7259433405178, 21.221596218008884], [76.72595827680601, 21.221513833912017], [76.72597321399257, 21.22143144893178], [76.72598815028078, 21.221349063905503], [76.72600308656904, 21.221266679670663], [76.72601802285726, 21.22118429455243], [76.72603295914547, 21.221101909388157], [76.72604789633203, 21.22101952501533], [76.72606283262024, 21.220937139759062], [76.7260777689085, 21.220854754456827], [76.72609270519672, 21.220772369108587], [76.72610764148493, 21.22068998455175], [76.72612257777317, 21.220607599111528], [76.7261375149597, 21.220525213625304], [76.72615245124796, 21.22044282893047], [76.72616738753618, 21.220360443352252], [76.72618232382439, 21.22027805772804], [76.72619726011263, 21.22019567289522], [76.72621219729916, 21.220113287179018], [76.7262271335874, 21.2200309014168], [76.72624206987565, 21.219948515608575], [76.72625700616386, 21.2198661305918], [76.72627194245209, 21.21978374469161], [76.72628687874032, 21.21970135874539], [76.72630181592686, 21.21961897359063], [76.72631675221511, 21.219536587552415], [76.72633168850332, 21.219454201468235], [76.72634662479155, 21.219371816175503], [76.72636156107978, 21.219289429999304], [76.72637649826632, 21.21920704377715], [76.72639143455457, 21.219124657508996], [76.72640637084278, 21.219042272032237], [76.72642130713102, 21.2189598856721], [76.72643624341924, 21.218877499265957], [76.72645117970745, 21.218795113651215], [76.72646611689403, 21.218712727153093], [76.72648105318224, 21.21863034060898], [76.72649598947048, 21.218547954856263], [76.7265109257587, 21.218465568220154], [76.72652586204691, 21.21838318153804], [76.72654079923349, 21.218300795647355], [76.72655573552169, 21.218218408873273], [76.72657067180994, 21.218136022053162], [76.72658560809816, 21.21805363518709], [76.72660054438637, 21.217971249112463], [76.72661548067461, 21.217888862154368], [76.72663041786114, 21.21780647515032], [76.7266453541494, 21.217724088937672], [76.72666029043764, 21.217641701841643], [76.72667522672585, 21.21755931469962], [76.72669016301407, 21.217476928349], [76.72670509930232, 21.217394541114984], [76.72672003648886, 21.217312153834992], [76.7267349727771, 21.217229766508996], [76.7267499090653, 21.21714737997441], [76.72676484535353, 21.21706499255645], [76.72677978164178, 21.21698260509248], [76.72679471882832, 21.21690021841992], [76.72680965511655, 21.216817830863985], [76.72682459140476, 21.216735443262003], [76.72683952769299, 21.216653056451513], [76.72685446398124, 21.2165706687576], [76.72686940026948, 21.216488281017664], [76.72688433745601, 21.21640589323176], [76.72689927374422, 21.216323506237277], [76.72691421003246, 21.21624111835939], [76.7269291463207, 21.216158730435527], [76.72694408260894, 21.216076343303076], [76.72695901979547, 21.21599395528723], [76.72697395608368, 21.215911567225394], [76.72698889237192, 21.21582917995498], [76.72700382866016, 21.215746791801177], [76.7270187649484, 21.215664403601366], [76.7270337012366, 21.21558201535558], [76.72704863842314, 21.215499627901217], [76.72706357471138, 21.215417239563447], [76.72707851099962, 21.215334851179662], [76.72709344728786, 21.21525246358735], [76.72710838357607, 21.215170075111637], [76.7271233207626, 21.21508768658988], [76.72713825705084, 21.215005298859623], [76.72715319333909, 21.214922910245896], [76.72716812962732, 21.21484052158622], [76.72718306591553, 21.214758132880547], [76.72719800220376, 21.214675744966314], [76.7272129393903, 21.214593356168663], [76.72722787567855, 21.214510967325044], [76.72724281196678, 21.21442857927284], [76.72725774825498, 21.214346190337242], [76.72727268454322, 21.214263801355653], [76.72728762172976, 21.214181413165498], [76.72730255801801, 21.21409902409194], [76.72731749430625, 21.214016634972392], [76.72733243059446, 21.21393424580684], [76.72734736688268, 21.213851857432775], [76.72736230317093, 21.213769468175265], [76.72737724035747, 21.213687078871754], [76.72739217664571, 21.21360469035974], [76.72740711293392, 21.213522300964247], [76.72741868772634, 21.21343996595671], [76.7274302634171, 21.213357630065765], [76.72744183820954, 21.213275294966373], [76.7274534139003, 21.21319295982104], [76.72746498869274, 21.21311062462978], [76.72747656438347, 21.21302828855518], [76.7274881391759, 21.21294595327205], [76.72749971396834, 21.212863617943036], [76.72751128965909, 21.212781281730642], [76.72752286445154, 21.21269894630977], [76.72753444014229, 21.212616610843], [76.72754601493475, 21.212534275330274], [76.72755759062547, 21.21245193893417], [76.7275691654179, 21.212369603329627], [76.72758074021033, 21.212287267679148], [76.7275923159011, 21.21220493198274], [76.72760389069353, 21.212122595402963], [76.7276154663843, 21.212040259614714], [76.72762704117673, 21.211957923780535], [76.72763861686745, 21.211875587063005], [76.7276501916599, 21.211793251136974], [76.72766176645233, 21.211710915165064], [76.7276733421431, 21.211628579147206], [76.72768491693553, 21.211546242245976], [76.7276964926263, 21.211463906136274], [76.72770806741873, 21.211381569980645], [76.72771964310945, 21.211299232941663], [76.72773121790189, 21.21121689669419], [76.72774279269433, 21.21113456040082], [76.72775436838509, 21.211052224061493], [76.72776594317753, 21.21096988683884], [76.72777751886828, 21.210887550407683], [76.72778909366073, 21.21080521393065], [76.72780066935147, 21.21072287740767], [76.72781224414389, 21.210640540001332], [76.72782381893632, 21.210558203386494], [76.72783539462709, 21.210475866725755], [76.72784696941952, 21.210393529181633], [76.72785854511028, 21.210311192429067], [76.72787011990272, 21.210228855630557], [76.72788169469516, 21.210146518786146], [76.72789327038589, 21.21006418105837], [76.72790484517832, 21.209981844122105], [76.7279164208691, 21.209899507139966], [76.72792799566152, 21.20981716927439], [76.72793957135228, 21.20973483220041], [76.72795114614472, 21.209652495080487], [76.72796272093714, 21.20957015791465], [76.72797429662788, 21.209487819865434], [76.72798587142032, 21.209405482607767], [76.72799744711108, 21.20932314530417], [76.72800902190352, 21.2092408071172], [76.72802059759427, 21.20915846972178], [76.72803217238672, 21.209076132280416], [76.72804374717914, 21.20899379479319], [76.72805532286988, 21.208911456422534], [76.7280668976623, 21.208829118843465], [76.72807847335308, 21.20874678121846], [76.7280900481455, 21.208664443547523], [76.72810162383628, 21.208582104993233], [76.7281131986287, 21.20849976723047], [76.72812477342114, 21.208417429421793], [76.72813634911188, 21.208335090729747], [76.72814792390434, 21.208252752829253], [76.72815949959508, 21.208170414882858], [76.7281710743875, 21.20808807689052], [76.72818265007828, 21.20800573801479], [76.7281942248707, 21.207923399930653], [76.7281897880915, 21.207840177425652], [76.7281853513123, 21.20775695571121], [76.72818091453314, 21.207673733112422], [76.72817647685561, 21.2075905104667], [76.72817204007644, 21.20750728777409], [76.72816760329725, 21.207424065872004], [76.72816316651806, 21.20734084308558], [76.7281587297389, 21.207257620252268], [76.7281542929597, 21.207174398209492], [76.7281498552822, 21.207091175282343], [76.728145418503, 21.207007952308288], [76.72814098172381, 21.206924729287337], [76.7281365449446, 21.20684150705697], [76.72813210816544, 21.206758283942207], [76.72812767138625, 21.206675060780537], [76.72812323370876, 21.206591838409466], [76.72811879692955, 21.206508615153993], [76.72811436015036, 21.206425391851617], [76.72810992337119, 21.20634216850233], [76.72810548659199, 21.206258945943645], [76.72810104981279, 21.20617572250057], [76.7280966121353, 21.206092499010566], [76.7280921753561, 21.20600927631117], [76.7280877385769, 21.205926052727378], [76.72808330179774, 21.20584282909669], [76.72807886501855, 21.205759605419082], [76.72807442823935, 21.205676382532086], [76.72806999056185, 21.205593158760678], [76.72806555378266, 21.205509934942373], [76.72806111700349, 21.205426711914644], [76.7280566802243, 21.20534348800254], [76.72805224344509, 21.205260264043556], [76.7280478066659, 21.205177040037654], [76.72804336988673, 21.20509381682232], [76.7280389322092, 21.205010592722616], [76.72803449543004, 21.20492736857599], [76.72803005865084, 21.20484414522], [76.72802562187164, 21.204760920979577], [76.72802118509247, 21.204677696692272], [76.72801674831328, 21.204594472358057], [76.72801231063579, 21.204511248814452], [76.72800787385658, 21.204428024386438], [76.72800343707739, 21.20434479991153], [76.7279990002982, 21.204261576227232], [76.72799456351903, 21.204178351658523], [76.72799012673984, 21.20409512704292], [76.72798568906234, 21.20401190321791], [76.72798125228314, 21.203928678508507], [76.72797681550394, 21.203845453752198], [76.72797237872479, 21.203762228948992], [76.72796794194558, 21.203679004936397], [76.72796350516637, 21.203595780039404], [76.72795906748888, 21.203512555095514], [76.72795463070969, 21.203429330942186], [76.72795019393048, 21.203346105904497], [76.72794575715132, 21.20326288081994], [76.72794132037212, 21.20317965568845], [76.72793688359293, 21.203096431347547], [76.72793244681377, 21.203013206122254], [76.72792800913624, 21.202929980850083], [76.72792357235707, 21.202846756368523], [76.72791913557788, 21.20276353100255], [76.72791469879868, 21.20268030558968], [76.72791026201948, 21.20259708012991], [76.72790582524031, 21.20251385546077], [76.7279013875628, 21.20243062990721], [76.72789695078363, 21.202347404306753], [76.72789251400442, 21.202264179496918], [76.72788807722523, 21.202180953802674], [76.72788364044607, 21.202097728061524], [76.72787920366686, 21.202014502273492], [76.72787476598937, 21.20193127727608], [76.72787032921018, 21.201848051394247], [76.72786589243097, 21.201764825465535], [76.72786145565179, 21.20168160032744], [76.72785701887261, 21.201598374304925], [76.72785258209342, 21.201515148235515], [76.72784814441592, 21.201431922119212], [76.72784370763674, 21.20134869679352], [76.72783927085753, 21.20126547058345], [76.72783483407837, 21.201182244326468], [76.72783039729917, 21.20109901886009], [76.72782596051997, 21.201015792509317], [76.72782152284248, 21.20093256611166], [76.72781708606328, 21.200849339667137], [76.72781264928408, 21.20076611401317], [76.72780821250491, 21.200682887474834], [76.72779266626061, 21.20060140543818], [76.72777712001628, 21.200519923356545], [76.72776157287369, 21.200438441230013], [76.72774602662938, 21.200356959058503], [76.72773048038503, 21.200275477679565], [76.72771493414075, 21.20019399541815], [76.72769938789644, 21.2001125131118], [76.72768384165214, 21.200031030760492], [76.7276682945095, 21.19994954836426], [76.72765274826521, 21.199868065923095], [76.7276372020209, 21.19978658343694], [76.7276216557766, 21.199705100905867], [76.72760610953229, 21.199623618329817], [76.72759056328796, 21.199542136546377], [76.72757501614537, 21.19946065388046], [76.72755946990107, 21.199379171169607], [76.72754392365673, 21.199297688413793], [76.72752837741243, 21.199216205613034], [76.72751283116813, 21.199134722767326], [76.72749728492381, 21.199053239876697], [76.72748173778118, 21.19897175694112], [76.72746619153689, 21.19889027396057], [76.72745064529259, 21.19880879177261], [76.72743509904828, 21.198727308702203], [76.72741955280398, 21.198645825586823], [76.72740400566134, 21.19856434242652], [76.72738845941706, 21.198482859221283], [76.72737291317274, 21.19840137597106], [76.72735736692844, 21.198319892675926], [76.7273418206841, 21.19823840933582], [76.7273262744398, 21.198156925950816], [76.72731072729721, 21.198075443358356], [76.72729518105287, 21.19799395988346], [76.72727963480857, 21.197912476363573], [76.72726408856427, 21.197830992798796], [76.72724854231996, 21.197749509189027], [76.72723299607566, 21.19766802553435], [76.72721744893303, 21.197586541834703], [76.72720190268873, 21.197505058090144], [76.72718635644442, 21.197423575138167], [76.72717081020012, 21.197342091303714], [76.7271552639558, 21.1972606074243], [76.7271397168132, 21.19717912349998], [76.72712417056889, 21.19709763953067], [76.72710862432454, 21.197016155516465], [76.72709307808026, 21.19693467145731], [76.72707753183595, 21.196853187353184], [76.72706198559165, 21.19677170320415], [76.72704643844901, 21.196690219847707], [76.72703089220472, 21.196608735608752], [76.72701534596041, 21.1965272513249], [76.72699979971611, 21.1964457669961], [76.7269842534718, 21.196364282622337], [76.72696870722747, 21.196282798203654], [76.72695316008488, 21.19620131374001], [76.72693761384058, 21.196119829231446], [76.72692206759623, 21.19603834467792], [76.72690652135194, 21.19595686091704], [76.72689097510764, 21.19587537627363], [76.72687542886332, 21.195793891585325], [76.7268598817207, 21.195712406852035], [76.7268443354764, 21.195630922073832], [76.7268287892321, 21.195549437250673], [76.72681324298779, 21.195467952382604], [76.72679769674349, 21.195386467469586], [76.72678214960085, 21.19530498251162], [76.72676660335657, 21.195223498346262], [76.72675105711225, 21.195142013298426], [76.72673551086795, 21.19506052820563], [76.72671996462363, 21.19497904306794], [76.72670441837931, 21.1948975578853], [76.72668887123672, 21.194816072657673], [76.72667332499238, 21.194734587385167], [76.72665777874809, 21.194653102067683], [76.72664223250378, 21.19457161670529], [76.72662668625948, 21.194490132135492], [76.72661114001517, 21.194408646683232], [76.72659559287254, 21.194327161185996], [76.72658004662824, 21.194245675643867], [76.72656450038394, 21.19416419005676], [76.72656137963664, 21.194080618914597], [76.72655825978764, 21.193997047725173], [76.72655513904036, 21.193913476488483], [76.72655201829308, 21.193829905204517], [76.7265488984441, 21.193746333873303], [76.72654577769677, 21.19366276333239], [76.72654265784782, 21.19357919190664], [76.72653953710049, 21.19349562043361], [76.72653641635323, 21.193412048913327], [76.72653329650423, 21.193328477345784], [76.7265301757569, 21.193244905730968], [76.72652705500963, 21.193161334068897], [76.72652393516064, 21.19307776235955], [76.72652081441336, 21.192994190602942], [76.72651769366604, 21.192910618799086], [76.72651457381706, 21.19282704694795], [76.72651145306978, 21.19274347588712], [76.72650833232248, 21.19265990394146], [76.7265052124735, 21.192576331948537], [76.72650209172619, 21.19249275990835], [76.7264989718772, 21.192409187820903], [76.72649585112993, 21.19232561568619], [76.72649273038263, 21.192242043504216], [76.72648961053365, 21.192158471274976], [76.72648648978634, 21.192074898998474], [76.72648336903906, 21.19199132667471], [76.72648024919008, 21.191907755141276], [76.72647712844278, 21.191824182722986], [76.72647400769546, 21.19174061025743], [76.72647088784647, 21.191657037744626], [76.72646776709921, 21.19157346518456], [76.72646464635191, 21.191489892577216], [76.72646152650293, 21.191406319922624], [76.72645840575561, 21.191322747220767], [76.72645528590662, 21.19123917447166], [76.72645216515933, 21.191155601675277], [76.72644904441206, 21.191072028831634], [76.72644592456307, 21.19098845677833], [76.72644280381576, 21.190904883840172], [76.72643968306846, 21.19082131085475], [76.72643656321948, 21.190737737822065], [76.7264334424722, 21.19065416474213], [76.72643032172489, 21.190570591614932], [76.72642720187591, 21.190487018440482], [76.72642408112861, 21.19040344521876], [76.7264209603813, 21.19031987194977], [76.72641784053235, 21.190236298633547], [76.72641471978504, 21.190152725270046], [76.72641159993604, 21.19006915269689], [76.72640847918876, 21.189985579238876], [76.72640535844144, 21.189902005733597], [76.7264022385925, 21.18981843218107], [76.72639911784516, 21.18973485858128], [76.7263959970979, 21.18965128493424], [76.72639287724891, 21.189567711239935], [76.72638975650159, 21.189484137498383], [76.7263866357543, 21.189400563709565], [76.72638351590531, 21.189316989873483], [76.72638039515803, 21.189233416827722], [76.72637727441072, 21.18914984289714], [76.72637415456174, 21.18906626891931], [76.72637103381444, 21.188982694894204], [76.72636791396546, 21.188899120821844], [76.72636479321818, 21.188815546702223], [76.72636167247087, 21.188731972535354], [76.7263585526219, 21.18864839832122], [76.7263554318746, 21.188564824059835], [76.72635231112731, 21.188481249751202], [76.72634919127833, 21.188397675395294], [76.72634607053101, 21.18831410182971], [76.72634294978373, 21.188230527379314], [76.72633982993474, 21.18814695288164], [76.72633670918746, 21.18806337833673], [76.72633358844014, 21.187979803744543], [76.72633046859114, 21.187896229105142], [76.72632734784388, 21.18781265441847], [76.72632422799488, 21.18772907968453], [76.7263211072476, 21.18764550490333], [76.72631798650028, 21.18756193007489], [76.7263148666513, 21.18747835519919], [76.72631174590401, 21.187394781113802], [76.72630862515673, 21.1873112061436], [76.72630550530774, 21.187227631126134], [76.72630238456043, 21.18714405606142], [76.72629926381315, 21.18706048094944], [76.72629614396416, 21.186976905790225], [76.72629302321687, 21.186893330583757], [76.72628990246956, 21.186809755330028], [76.72628678262058, 21.186726180029073], [76.7262836618733, 21.186642604680845], [76.72628054202431, 21.186559029285352], [76.72627742127702, 21.18647545468019], [76.72627430052971, 21.186391879190207], [76.72627118068071, 21.18630830365296], [76.72626805993345, 21.186224728068467], [76.72626493918615, 21.186141152436722], [76.72626181933717, 21.186057576757715], [76.72625869858985, 21.185974001031468], [76.72625557784257, 21.185890425257973], [76.72625245799358, 21.185806849437224], [76.7262493372463, 21.185723273569216], [76.72624621649898, 21.185639698491574], [76.72624309665, 21.18555612252908], [76.7262399759027, 21.185472546519318], [76.72623685605372, 21.185388970462306], [76.72623373530645, 21.185305394358057], [76.72623061455913, 21.18522181820656], [76.72622749471014, 21.1851382420078], [76.72622437396285, 21.185054665761786], [76.72622125321554, 21.184971089468537], [76.72621813336659, 21.184887513128036], [76.72621501261928, 21.184803936740288], [76.72621189187198, 21.184720361142904], [76.726208772023, 21.184636784660654], [76.72620565127569, 21.184553208131153], [76.72620253052841, 21.184469631554403], [76.72619941067943, 21.1843860549304], [76.72619628993213, 21.18430247825916], [76.72619317008315, 21.184218901540657], [76.72619004933587, 21.184135324774918], [76.72618692858855, 21.184051747961927], [76.72618380873955, 21.18396817110169], [76.72618068799228, 21.18388459419421], [76.72617756724496, 21.183801018077098], [76.726174447396, 21.18371744107512], [76.72617132664868, 21.18363386402589], [76.72616820590142, 21.183550286929425], [76.72616508605242, 21.18346670978571], [76.72616196530511, 21.18338313259474], [76.72615884455782, 21.183299555356523], [76.72615572470883, 21.183215978071054], [76.72615260396155, 21.183132400738348], [76.72614948411257, 21.183048823358394], [76.72614636336526, 21.1829652459312], [76.72614324261797, 21.182881669294385], [76.72614012276898, 21.182798091772693], [76.7261370020217, 21.18271451420376], [76.72613388127438, 21.18263093658758], [76.7261307614254, 21.182547358924147], [76.72612764067811, 21.182463781213475], [76.72612451993083, 21.182380203455555], [76.72612140008185, 21.182296625650398], [76.72611827933451, 21.18221304779799], [76.72611515858725, 21.182129469898342], [76.72611203873825, 21.182045892789077], [76.72610891799097, 21.181962314794944], [76.72610579814199, 21.18187873675356], [76.72610267739466, 21.18179515866494], [76.72609955664738, 21.181711580529065], [76.7260964367984, 21.181628002345946], [76.72609331605112, 21.181544424115597], [76.7260901953038, 21.181460845838], [76.72608707545481, 21.181377267513152], [76.72608395470753, 21.181293689141064], [76.72608083396025, 21.18121011072173], [76.72607771411126, 21.181126533092776], [76.72607459336395, 21.181042954578988], [76.72607147261667, 21.180959376017928], [76.72606835276768, 21.18087579740964], [76.72606523202039, 21.18079221875408], [76.7260621121714, 21.180708640051307], [76.7260589914241, 21.18062506130128], [76.7260558706768, 21.18054148250402], [76.72605275082783, 21.18045790365951], [76.72604963008054, 21.18037432476777], [76.72604650933323, 21.18029074582877], [76.72604338948423, 21.18020716768015], [76.72604026873695, 21.180123588646687], [76.72603714798963, 21.180040009565975], [76.72603402814069, 21.17995643043801], [76.72603090739337, 21.17987285126286], [76.72602778664609, 21.179789272040423], [76.72602466679709, 21.179705692770746], [76.72602154604978, 21.17962211345383], [76.72601842620082, 21.179538534089694], [76.72601530545352, 21.17945495467828], [76.72601218470622, 21.179371376057272], [76.72600906485724, 21.179287796551407], [76.72600594410996, 21.179204216998293], [76.72600282336265, 21.179120637397954], [76.72599970351366, 21.179037057750364], [76.72599658276637, 21.178953478055536], [76.72599346201906, 21.178869898313472], [76.7259903421701, 21.178786318524157], [76.72598722142278, 21.178702738687615], [76.7259841006755, 21.178619158803865], [76.72598098082652, 21.17853557887285], [76.7259778600792, 21.178451999732225], [76.72597474023026, 21.178368419706725], [76.72597161948293, 21.17828483963398], [76.72596849873565, 21.17820125951403], [76.72596537888667, 21.178117679346826], [76.72596225813935, 21.178034099132372], [76.72595478325786, 21.177951682360547], [76.72594730837642, 21.177869266380437], [76.72593983349493, 21.177786849516693], [76.72593235861345, 21.17770443260706], [76.72592488373198, 21.1776220156515], [76.72591740885049, 21.17753959948767], [76.72590993307068, 21.177457182440232], [76.7259024581892, 21.177374765346876], [76.72589498330773, 21.177292348207594], [76.72588750842627, 21.17720993186004], [76.7258800335448, 21.177127514628907], [76.72587255866331, 21.177045097351805], [76.72586508378183, 21.1769626800288], [76.72585760890036, 21.17688026349755], [76.72585013401887, 21.176797846082696], [76.72584265913738, 21.176715428621872], [76.7258351842559, 21.17663301111516], [76.72582770937443, 21.17655059440019], [76.72582023449294, 21.176468176801624], [76.72581275961146, 21.176385759157093], [76.72580528383168, 21.17630334146667], [76.72579780895019, 21.17622092456798], [76.72579033406872, 21.17613850678569], [76.72578285918723, 21.176056088957463], [76.72577538430576, 21.175973671083334], [76.72576790942428, 21.175891254000934], [76.72576043454279, 21.17580883603495], [76.72582489225769, 21.17586359455308], [76.72588935087091, 21.17591835305093], [76.72595380858581, 21.175973111528553], [76.72601826719901, 21.17602787082354], [76.72608272491391, 21.176082629260566], [76.72614718352713, 21.17613738767736], [76.72621164124203, 21.176192146073856], [76.72627609985523, 21.176246904450107], [76.72634055757011, 21.176301662806054], [76.72640501618335, 21.17635642114171], [76.72646947479655, 21.176411179457137], [76.72653393340978, 21.17646593775226], [76.72659839112467, 21.17652069602714], [76.72666284973786, 21.176575454281704], [76.72672730745276, 21.176630212516], [76.72679176606599, 21.17668497073007], [76.72685622378089, 21.17673972892381], [76.72692068239408, 21.176794487097318], [76.72698514010898, 21.176849245250512], [76.7270495987222, 21.176904004221107], [76.7271140564371, 21.17695876233377], [76.7271785150503, 21.177013520426176], [76.72724297276518, 21.177068278498275], [76.7273074304801, 21.17712303655015], [76.727371888195, 21.17717779458169], [76.72743634770652, 21.17723255343064], [76.72750080542141, 21.177287311421686], [76.72756526313631, 21.177342070230036], [76.7276297208512, 21.177396828180527], [76.72770855879718, 21.17743687700235], [76.72778739674314, 21.177476924975668], [76.7278662346891, 21.177516973775763], [76.72794507263508, 21.177557022565058], [76.72802391058104, 21.177597070505833], [76.72810274852701, 21.17763711927342], [76.72818158647299, 21.177677167192527], [76.72826042441893, 21.17771721593843], [76.7283392623649, 21.177757264673463], [76.72841810031088, 21.177797312560052], [76.72849693825684, 21.177837361273383], [76.7285757762028, 21.1778774099759], [76.72865461325044, 21.177917457829917], [76.72873345119642, 21.177957506510754], [76.72881228914237, 21.177997554343087], [76.72889112708833, 21.17803760300223], [76.72896996503431, 21.1780776516505], [76.72904880298027, 21.178117699450286], [76.72912764092624, 21.178157748076888], [76.72920647887221, 21.17819779669265], [76.72928531681818, 21.178237844459918], [76.72936415476411, 21.17827789305398], [76.72944299271008, 21.178317940799555], [76.72952183065604, 21.178357989371897], [76.7296063154119, 21.17837753159033], [76.72969080016776, 21.178397073806185], [76.72977528402528, 21.178416616019437], [76.7298597687811, 21.17843615823013], [76.72994425353696, 21.17845570043823], [76.73002873829277, 21.178475242643707], [76.73011322304862, 21.178494784846656], [76.73019770780448, 21.178514327047004], [76.73028219166201, 21.17853386924476], [76.73036667641783, 21.17855341143996], [76.73045116117368, 21.178572953632564], [76.73053564592949, 21.17859249582258], [76.73062013068535, 21.178612038009994], [76.73070461544118, 21.178631579357234], [76.73078909929873, 21.178651120701847], [76.73087358405456, 21.17867066288154], [76.73095806881041, 21.178690205058658], [76.73104537607287, 21.178702640683593], [76.73113268423364, 21.178715077145117], [76.73121999149612, 21.178727512767967], [76.73130729875858, 21.178739948389786], [76.73139460602104, 21.178752384010537], [76.73148191418181, 21.178764820467926], [76.73156922144427, 21.178777256086587], [76.73165652870675, 21.17878969254184], [76.73174383686751, 21.17880212899607], [76.73183114412998, 21.178814564611596], [76.73191845139245, 21.178827000226097], [76.73200575865492, 21.17883943667715], [76.73209306681568, 21.17885187312721], [76.73218037407815, 21.17886430873856], [76.7322654526204, 21.178854607185997], [76.73235053116262, 21.178844904795152], [76.7324356097049, 21.17883520240366], [76.73252068734881, 21.1788255008492], [76.73260576589107, 21.178815799294092], [76.73269084443331, 21.178806096900704], [76.73277592297555, 21.178796395344335], [76.73286100151778, 21.178786692949664], [76.73294608006005, 21.17877699139201], [76.73303115860229, 21.178767288996102], [76.73311623624619, 21.178757587437154], [76.73320131478846, 21.178747885039975], [76.7332863933307, 21.178738183479776], [76.73337147187293, 21.178728481081286], [76.73345659353433, 21.17871882810301], [76.73354171519568, 21.178709175961735], [76.73362683685704, 21.17869952298222], [76.73371195941675, 21.17868987000203], [76.73379708107814, 21.17868021702126], [76.73388220273951, 21.17867056403981], [76.7339673244009, 21.178660911057776], [76.73405244606226, 21.178651258075067], [76.73413756772364, 21.178641605091777], [76.73422268938502, 21.178631952107807], [76.73430781194473, 21.178622299123255], [76.73439293360609, 21.17861264613803], [76.73447805526749, 21.178602993152204], [76.73456317692884, 21.178593340165758], [76.73464709844102, 21.178572640354403], [76.73473101905486, 21.178551941377776], [76.734814940567, 21.178531242398275], [76.73489886118085, 21.17851054341589], [76.73498278269298, 21.178489844430562], [76.73506670330684, 21.17846914544237], [76.735150624819, 21.17844844645128], [76.73522687921022, 21.17841105825782], [76.73530313270311, 21.17837367005488], [76.73537938709433, 21.17833628184249], [76.73545564148554, 21.17829889278304], [76.73553189587672, 21.178261504551745], [76.73560814936963, 21.178224116311007], [76.73568440376081, 21.178186728060805], [76.73576065815203, 21.178149338963532], [76.73583691164495, 21.17811195069444], [76.73591316603613, 21.17807456241588], [76.73598942042734, 21.17803717412788], [76.73606567392022, 21.177999785830426], [76.73614192831144, 21.17796239752351], [76.73621818270266, 21.17792500836952], [76.73629443709387, 21.177887620043713], [76.73637069058675, 21.177850231708437], [76.73644694497796, 21.177812843363746], [76.73652319936917, 21.17777545500958], [76.73659945286207, 21.177738066645947], [76.73667570725328, 21.177700678272874], [76.73675633374498, 21.177702152531733], [76.73683696023664, 21.17770362679058], [76.73691758583006, 21.177705101049444], [76.73699821232172, 21.177706575308253], [76.73707883881342, 21.177708049567062], [76.73716847900069, 21.177709705595273], [76.73725811828962, 21.17771136162347], [76.73734775847687, 21.177713017651616], [76.73743739776582, 21.177714672842118], [76.73752703795307, 21.17771632887025], [76.737616677242, 21.177717984060703], [76.73770631742927, 21.17771964008881], [76.7377959567182, 21.177721295279238], [76.73788559690547, 21.17772295130727], [76.73797342159753, 21.177724607335314], [76.73806124718793, 21.177726263363347], [76.73814907187999, 21.177727919391312], [76.73823689657205, 21.177729575419306], [76.73832472126412, 21.17773123144729], [76.7384125468545, 21.177732887475205], [76.73850037154658, 21.177734543503135], [76.73858819623864, 21.17773619953105], [76.7386760209307, 21.177737855558917], [76.7387638465211, 21.177739511586797], [76.73885167121315, 21.177741167614663], [76.73893949590521, 21.177742824480134], [76.7390273205973, 21.177744480507926], [76.73911514618767, 21.177746137373397], [76.73920297087973, 21.17774779340115], [76.7392907955718, 21.177749449428926], [76.73937862026389, 21.177751106294295], [76.73946644585426, 21.177752762322037], [76.73955427054632, 21.17775441834971], [76.73964209523842, 21.1777560743774], [76.73972991993047, 21.177757731242703], [76.73981774552084, 21.177759388108022], [76.7399055702129, 21.177761044135636], [76.73998265105418, 21.177790581232266], [76.74005973189546, 21.177820118323005], [76.74013681273674, 21.17784965540783], [76.740213893578, 21.177879193324397], [76.74029097441925, 21.17790873039744], [76.74036805436221, 21.17793826746457], [76.74044513520349, 21.177967804525807], [76.74052221604477, 21.177997342418795], [76.74059929688603, 21.178026879468238], [76.74067637772728, 21.17805641734941], [76.74075345856855, 21.178085954387036], [76.74082537769021, 21.178121553453643], [76.74089729681187, 21.178157152511652], [76.74096921593349, 21.17819275156112], [76.74104113505514, 21.17822835060198], [76.74111305507509, 21.178263950471944], [76.74118497419674, 21.178299549495677], [76.74125689331841, 21.17833514851086], [76.74132881244006, 21.178370747517445], [76.74140073156168, 21.17840634651549], [76.74147283932956, 21.17844186592886], [76.74154494709741, 21.178477384496112], [76.74161705486526, 21.17851290389242], [76.74168916263314, 21.17854842328023], [76.74176127129931, 21.178583942659465], [76.74183337906715, 21.178619461192568], [76.741905486835, 21.178654980554768], [76.74197759460284, 21.1786904990708], [76.74204970237072, 21.17872601841595], [76.7421310573961, 21.178727500203365], [76.7422124124215, 21.178728981990762], [76.74229376654857, 21.178730463778148], [76.74237512157397, 21.17873194640317], [76.74245647659936, 21.178733429028185], [76.74253783162476, 21.17873491081552], [76.74261918665013, 21.1787363934405], [76.74270054077721, 21.17873787522781], [76.74278189580261, 21.178739357852724], [76.742863250828, 21.178740839640035], [76.74294606741235, 21.17870947332444], [76.74302888399673, 21.178678106164554], [76.74311170058107, 21.17864673983569], [76.7431945171654, 21.178615372662463], [76.74327733374979, 21.17858400632029], [76.74336015033413, 21.17855263913379], [76.74344296691851, 21.178521271940653], [76.74352578260456, 21.17848990557848], [76.7436085991889, 21.17845853920968], [76.74369141577326, 21.17842717199658], [76.74377423235764, 21.178395805614446], [76.74385704894198, 21.17836443838804], [76.74393986552636, 21.178333071992597], [76.7440226821107, 21.178301704752883], [76.74410154431119, 21.17826711006468], [76.74418040740997, 21.178232515368403], [76.74425926961047, 21.178197920663983], [76.7443381318109, 21.178163325951505], [76.74441699490973, 21.17812873123094], [76.74449585711018, 21.178094136502285], [76.74457471931068, 21.178059541765496], [76.74465358240946, 21.178024947020642], [76.74473244460995, 21.1779903522677], [76.74481130770874, 21.177955757506663], [76.74489016990923, 21.177921162737512], [76.74496903210968, 21.177886567960293], [76.74504789520849, 21.177851973174985], [76.74512675740895, 21.177817378381558], [76.74520561960944, 21.177782783580053], [76.74528448270823, 21.177748188770455], [76.74536334490872, 21.17771359395278], [76.74544642559778, 21.17770245743529], [76.7455295053885, 21.177691320916946], [76.74561258607756, 21.177680184397776], [76.74569566676662, 21.177669047877806], [76.74577874655735, 21.17765791135693], [76.7458618272464, 21.177646774835242], [76.74594490793542, 21.177635638312726], [76.7460279877262, 21.177624501789396], [76.74611106841525, 21.177613365265188], [76.74619414910427, 21.177602228740138], [76.74627722889502, 21.17759109221425], [76.74636030958405, 21.177579955687563], [76.74644848192416, 21.177564694581992], [76.74653665426423, 21.1775494326372], [76.7466248266043, 21.17753417152851], [76.74671299894442, 21.177518910418243], [76.74680117128449, 21.177503649306402], [76.74688934362456, 21.177488388192955], [76.74697751596463, 21.17747312707797], [76.74706568830473, 21.177457865961394], [76.74715386064481, 21.177442604843225], [76.74723920508839, 21.17742976285275], [76.74732455043026, 21.17741692002352], [76.74740989487384, 21.177404077193152], [76.74749523931737, 21.177391235199316], [76.74758058376096, 21.17737839236673], [76.74766592910284, 21.177365550370656], [76.74775127354641, 21.177352707535842], [76.74783661798998, 21.177339864699913], [76.74792196333186, 21.177327022700492], [76.74800730777544, 21.17731417986232], [76.74809265221901, 21.177301337023046], [76.74817799666256, 21.17728849418266], [76.74826334200446, 21.177275652178775], [76.74834868644801, 21.17726280933615], [76.74843403089159, 21.177249966492422], [76.74851937623346, 21.17723712448519], [76.74860472067704, 21.17722428163922], [76.74869006512061, 21.177211438792142], [76.74877540956419, 21.177198595943935], [76.74886075490606, 21.17718575309462], [76.74894609934964, 21.177172910244185], [76.74900638439001, 21.177123266903983], [76.74906666943043, 21.17707362354713], [76.74912695447085, 21.177023980173598], [76.74918723951123, 21.176974336783413], [76.74924752365331, 21.176924694214204], [76.74930780869373, 21.176875050790688], [76.74936809373413, 21.176825407350503], [76.74942837877452, 21.176775763893666], [76.74948866381493, 21.176726120420163], [76.74950732541663, 21.176644203835966], [76.74952598612003, 21.176562288043996], [76.74954464682344, 21.17648037136904], [76.74956330842514, 21.176398454648726], [76.74958196912856, 21.176316538720652], [76.74960063073026, 21.17623462190957], [76.74961929143366, 21.17615270505314], [76.74963795303536, 21.17607078815132], [76.74965661373876, 21.175988872041767], [76.74967527534046, 21.1759069550492], [76.74969393694221, 21.175825038011304], [76.74971259764558, 21.17574312176563], [76.74973125924731, 21.175661204636963], [76.74973080919132, 21.175579929109823], [76.74973036003368, 21.175498654375616], [76.74972991087607, 21.17541737875913], [76.74972946171842, 21.17533610393564], [76.74972901256076, 21.17525482822983], [76.74972856340311, 21.175173552479347], [76.74972811424547, 21.17509227752187], [76.74972766508786, 21.175011001682066], [76.7497272159302, 21.174929726635252], [76.74972676677255, 21.174848450706126], [76.7497263176149, 21.17476717557003], [76.74972586845726, 21.17468589955158], [76.74972541929965, 21.174604623488477], [76.749724970142, 21.174523348218376], [76.74972452098434, 21.17444207206596], [76.74972407182669, 21.174360796706527], [76.74972362266905, 21.174279520464776], [76.74971152056555, 21.1741979049233], [76.74969941936035, 21.174116290174393], [76.74968731725686, 21.174034674542828], [76.74967521605166, 21.173953059703898], [76.74966311394817, 21.173871443982247], [76.74965101274296, 21.173789829053256], [76.74963891063946, 21.173708213241547], [76.74962680943426, 21.173626598222455], [76.74961470733076, 21.173544982320724], [76.74960260522724, 21.17346336721156], [76.74959050312374, 21.17338175121973], [76.74957840191854, 21.173300136020544], [76.74956629981504, 21.17321851993864], [76.74955419771155, 21.173136904649407], [76.74954209650636, 21.173055288477443], [76.74952999440285, 21.172973673098095], [76.74951789229932, 21.17289205683611], [76.74950579019581, 21.172810441366714], [76.74949368809231, 21.172728825014616], [76.7494351529701, 21.172668715939775], [76.74937661784786, 21.172608606840484], [76.74931808272562, 21.17254849771676], [76.74925954850173, 21.172488389406297], [76.74920101337949, 21.172428280233763], [76.74914247825726, 21.172368171036762], [76.74908394313502, 21.172308061815336], [76.74902540801278, 21.17224795256952], [76.74896687289059, 21.172187843299255], [76.74890833776834, 21.172127734004587], [76.74884980264612, 21.172067624685454], [76.74879126752388, 21.172007516179615], [76.74873273240165, 21.17194740681164], [76.74867419727941, 21.17188729741928], [76.74861566215719, 21.171827188002464], [76.74855712703499, 21.171767078561224], [76.74849470490251, 21.1717082884432], [76.74843228277003, 21.1716494983018], [76.74836985973926, 21.171590707299366], [76.74830743760678, 21.171531917111242], [76.74824501547434, 21.171473126899734], [76.74818259334187, 21.171414335827222], [76.74812017120942, 21.171355545568986], [76.74805774907696, 21.171296756125088], [76.74799532604618, 21.17123796498249], [76.74793290301537, 21.171179174654167], [76.74787048088294, 21.171120384302498], [76.74785976308327, 21.17104164614066], [76.7478490443853, 21.170962907936932], [76.74783832658566, 21.170884169691284], [76.747827608786, 21.170805432241437], [76.74781689098633, 21.17072669391196], [76.74780617318669, 21.170647955540616], [76.74779545538702, 21.170569217127326], [76.74778473758738, 21.17049047867214], [76.74778653601457, 21.170411818080066], [76.74778833534009, 21.170333156608503], [76.74779013376728, 21.170254495932802], [76.7477919330928, 21.170175834377552], [76.74779373151999, 21.170097173618192], [76.74779553084551, 21.170018511979332], [76.7477973292727, 21.169939851136323], [76.74779912859822, 21.169861189413815], [76.74780092792373, 21.169782528487158], [76.74780272635093, 21.169703866680987], [76.74780452567644, 21.169625205670695], [76.74780632500196, 21.16954654378089], [76.74780812342915, 21.16946788268696], [76.74780992275467, 21.16938922071348], [76.74781172208019, 21.1693105595359], [76.74781352140572, 21.169231897478813], [76.74787252634682, 21.16918129147467], [76.74793153218629, 21.169130684615517], [76.7479905371274, 21.169080078576755], [76.7480495420685, 21.169029472520656], [76.74810854790796, 21.168978865609596], [76.74816755284907, 21.168928258681195], [76.748250091854, 21.168931185593664], [76.74833263085895, 21.168934112506093], [76.7484151698639, 21.16893703941845], [76.7484977088688, 21.168939966330736], [76.74858024787375, 21.168942893243003], [76.74866278777702, 21.168945820155166], [76.74874532678193, 21.168948746229606], [76.74882786578686, 21.168951673141656], [76.7489104047918, 21.168954599215986], [76.74899294379675, 21.16895752612792], [76.74907548280169, 21.16896045220212], [76.74915802180664, 21.168963379113954], [76.74924291619423, 21.168966457648807], [76.74932781148016, 21.168969536183596], [76.74941270586775, 21.16897261471831], [76.74949760115368, 21.16897569325297], [76.74958249554132, 21.168978771787597], [76.74966739082721, 21.16898185032213], [76.74975228521484, 21.168984928018883], [76.74983938496648, 21.16900315880551], [76.74992648381979, 21.169021389589872], [76.75001358357143, 21.16903962037201], [76.75010068332305, 21.169057851151894], [76.75018778217637, 21.16907608192954], [76.75027488192802, 21.16909431270492], [76.75036198167965, 21.169112543478025], [76.75044908053296, 21.169130774248927], [76.7505361802846, 21.16914900501758], [76.75062328003624, 21.169167235783977], [76.75071037888955, 21.16918546654815], [76.75079747864119, 21.16920369814774], [76.75088457839279, 21.16922192890741], [76.75097167724613, 21.169240160502536], [76.75105877699777, 21.169258391257713], [76.75114587674936, 21.169276622010628], [76.75123297560272, 21.169294852761276], [76.75132007535434, 21.169313084347433], [76.75140717510595, 21.169331315093615], [76.75149427395931, 21.169349545837548], [76.7515813737109, 21.169367777416923], [76.75166290211118, 21.169348515473462], [76.75174443140972, 21.169329252689774], [76.75182595980995, 21.16930998990357], [76.7519074882102, 21.16929072795258], [76.75198901750876, 21.169271465161376], [76.752070545909, 21.169252203205346], [76.75215207520755, 21.169232940409128], [76.75223360360779, 21.169213678448113], [76.75231513200802, 21.16919441648455], [76.75239666130659, 21.169175153680815], [76.75247818970684, 21.16915589171228], [76.75255971810708, 21.1691366297412], [76.7526412474056, 21.16911736692993], [76.75272277580585, 21.169098104953854], [76.75278922059415, 21.16904401073738], [76.7528556662808, 21.168989915663452], [76.75292211106911, 21.168935821407423], [76.75298855675572, 21.168881726293918], [76.75305500244232, 21.168827631160617], [76.75312144723064, 21.168773536845254], [76.75318789291728, 21.168719441672412], [76.75325433770556, 21.168665346479813], [76.7533207833922, 21.168611251267418], [76.7533872281805, 21.168557156872946], [76.75345367296882, 21.16850306162097], [76.75352011865542, 21.168448966349278], [76.75358656344373, 21.168394871057764], [76.75365300823204, 21.168340775746465], [76.75371945302031, 21.168286680415424], [76.75379036602887, 21.168336060332567], [76.7538612790374, 21.168385440233276], [76.7539321911476, 21.168434820117472], [76.75400310415615, 21.168484199985205], [76.75407401716465, 21.168533580674154], [76.7541449301732, 21.1685829605089], [76.75421584318174, 21.168632340327203], [76.75428675529194, 21.168681720128983], [76.75435766830044, 21.16873109991433], [76.75442858130899, 21.168780479683157], [76.75449949431753, 21.168829859435537], [76.75457040732603, 21.168879239171403], [76.75464131943625, 21.168928618890792], [76.75471223244479, 21.16897799943144], [76.75478314545332, 21.16902737911787], [76.75485405846183, 21.16907675878782], [76.75492497147036, 21.16912613844131], [76.75499588447892, 21.1691755180783], [76.75506679658912, 21.16922489769883], [76.75513770959765, 21.169274277302854], [76.75520862260616, 21.16932365689043], [76.7552795356147, 21.169373036461494], [76.75535044862325, 21.169422416853788], [76.75542136073345, 21.16947179639191], [76.75549227374196, 21.169521175913534], [76.75556318675049, 21.16957055541871], [76.75563409975904, 21.16961993490737], [76.75570501276755, 21.169669314379583], [76.75577592487775, 21.16971869383528], [76.75584683788628, 21.169768073274525], [76.75591775089484, 21.169817453534954], [76.75598866390334, 21.169866832941214], [76.75605957691188, 21.169916212331024], [76.75613048902208, 21.16996559170432], [76.75620140203063, 21.170014971061164], [76.75627231503917, 21.170064350401486], [76.75634322804767, 21.17011372972537], [76.75641414105621, 21.170163109032735], [76.75648505316641, 21.170212488323656], [76.75655596617496, 21.17026186843577], [76.75662687918347, 21.1703112476937], [76.756697792192, 21.170360626935167], [76.75676870520054, 21.170410006160136], [76.75683961731076, 21.17045938536864], [76.75691053031926, 21.170508764560644], [76.7569814433278, 21.170558143736187], [76.75705235633633, 21.170607522895228], [76.75712326934485, 21.170656902037805], [76.75719418235339, 21.17070628200159], [76.7572650944636, 21.17075566111118], [76.75733600747213, 21.170805040204318], [76.75740692048068, 21.170854419280946], [76.75747783348918, 21.170903798341133], [76.75754874649772, 21.170953177384796], [76.75761965860794, 21.17100255641201], [76.75769057161646, 21.17105193542271], [76.75776148462498, 21.171101314416934], [76.75783239763352, 21.171150694232402], [76.75790331064205, 21.171200073193663], [76.75797422275227, 21.171249452138436], [76.75804513576077, 21.17129883106676], [76.75811604876931, 21.171348209978586], [76.75818429557808, 21.171394551436133], [76.75825254238686, 21.17144089287915], [76.75832079009393, 21.171487234307655], [76.75838903780102, 21.171533575721643], [76.75845728371145, 21.17157991628343], [76.75852553141853, 21.171626257668386], [76.75859377912562, 21.171672599038825], [76.75866202503607, 21.171718939557042], [76.75873027274316, 21.171765280898473], [76.75879852045024, 21.171811622225363], [76.75886676636067, 21.17185796270003], [76.75893501406776, 21.171904303997877], [76.75900326177484, 21.17195064444355], [76.75907150948193, 21.17199698571235], [76.75913975629068, 21.172043326128993], [76.75910412910653, 21.17211907240707], [76.75906850192234, 21.17219481948405], [76.7590328747382, 21.172270565684563], [76.75899724845233, 21.172346311846308], [76.75896162126814, 21.172422058806934], [76.758925994084, 21.172497804891083], [76.75889036689982, 21.172573551774143], [76.75885473971566, 21.172649297780715], [76.75881911342981, 21.17272504374851], [76.75878348624562, 21.172800790515197], [76.75874785906147, 21.17287653640545], [76.75871223277562, 21.172952282256873], [76.75867660559143, 21.173028028907215], [76.75864097840729, 21.173103774681074], [76.7586053512231, 21.173179521253836], [76.75856972403895, 21.173255266950125], [76.75853409775308, 21.173331012607665], [76.7584984705689, 21.173406759064058], [76.75846284338475, 21.17348250464399], [76.75839426419934, 21.17353299106522], [76.75832568411559, 21.173583478306902], [76.75825710493018, 21.17363396469368], [76.75818852484643, 21.173684451063256], [76.75811994566102, 21.173734937415567], [76.75805136647561, 21.17378542375064], [76.75798278639186, 21.17383591090617], [76.75791420720645, 21.173886397206818], [76.7578456271227, 21.17393688432786], [76.7577770479373, 21.17398737059404], [76.75770846875187, 21.174037856842972], [76.75763988866814, 21.17408834391232], [76.75757130948273, 21.17413883012679], [76.75750272939898, 21.174189317161698], [76.75743415021357, 21.17423980334169], [76.75747579790675, 21.17430970744809], [76.75751744559996, 21.174379611521463], [76.75755909239486, 21.174449515561783], [76.75760074008807, 21.174519420406735], [76.75764238778125, 21.17458932438099], [76.75768403547445, 21.174659228322216], [76.75772568226932, 21.174729132230393], [76.75776732996256, 21.174799036105544], [76.75780897765576, 21.17486893994765], [76.75785062534895, 21.174938844594365], [76.75789227304215, 21.175008748370406], [76.75793391983703, 21.175078652113395], [76.75797556753025, 21.17514855582336], [76.75794967359218, 21.17522538276948], [76.75792377965412, 21.175302208838062], [76.75789788571605, 21.175379035704374], [76.75787199177799, 21.17545586253078], [76.75784609783992, 21.175532688479645], [76.75782020390184, 21.175609515226242], [76.75779430996378, 21.175686341932945], [76.75776841602571, 21.175763167762092], [76.75774252208764, 21.175839994388962], [76.75771662814958, 21.17591682097597], [76.75769073421152, 21.175993646685367], [76.75766484027348, 21.176070473192556], [76.75763894633542, 21.17614729882213], [76.75761305239735, 21.17622412524949], [76.75758715845927, 21.176300951636954], [76.7575612645212, 21.1763777771468], [76.75753537058314, 21.176454603454456], [76.75750947664507, 21.176531428884495], [76.75748358270701, 21.17660825511233], [76.75745768966726, 21.176685081300246], [76.7574317957292, 21.176761907448228], [76.75740590268943, 21.176838732718664], [76.75738000875137, 21.17691555878684], [76.75735539850585, 21.176993581818536], [76.75733078826033, 21.177071604809065], [76.75730617801483, 21.177149627758446], [76.7572815686676, 21.177227650666637], [76.75725695842209, 21.177305673533684], [76.75723234907487, 21.177383696359563], [76.75720773882935, 21.177461719144258], [76.75718312948214, 21.17753974188781], [76.75715851923663, 21.177617764590202], [76.7571339098894, 21.17769578725144], [76.75710929964389, 21.1777738098715], [76.75708468939837, 21.17785183245041], [76.75706008005115, 21.177929854988143], [76.75703546980563, 21.17800787748472], [76.75701086045841, 21.17808589994014], [76.7569862502129, 21.17816392235439], [76.75696164086568, 21.178241944727482], [76.75693703062018, 21.178319967059366], [76.75691242127296, 21.178397989350124], [76.75688781102744, 21.17847601159972], [76.75686320168022, 21.17855403380814], [76.7568385914347, 21.1786320559754], [76.75683182352735, 21.1787140937542], [76.75682505562001, 21.178796132325097], [76.75681828771265, 21.178878170012833], [76.75681151980531, 21.1789602076551], [76.75680475189795, 21.179042245251818], [76.75679798399058, 21.17912428364067], [76.75679121608324, 21.179206321146392], [76.75678444817588, 21.179288358606563], [76.75677768116684, 21.179370396021266], [76.7567709132595, 21.179452434228065], [76.75676414535215, 21.179534471551705], [76.75675737744481, 21.17961650882987], [76.75675061043577, 21.179698546062518], [76.75674384252842, 21.179780584087265], [76.75673707551938, 21.17986262122886], [76.75673030761205, 21.179944658324974], [76.75673030761205, 21.180025794081445], [76.75673030761205, 21.180106929793425], [76.75673030761205, 21.180188065460865], [76.75673030761205, 21.180269201083778], [76.75673030761205, 21.180350336662197], [76.75673030761205, 21.18043147219608], [76.75673030761205, 21.180512607685472], [76.75673030761205, 21.1805937431303], [76.75673030761205, 21.18067487853065], [76.75673030761205, 21.180756013886448], [76.75673030761205, 21.180837149197767], [76.75673030761205, 21.18091828446452], [76.75673030761205, 21.180999419686746], [76.75673030761205, 21.181080554864508], [76.75673030761205, 21.181161689160085], [76.75673030761205, 21.181242824248766], [76.75673030761205, 21.181323959292946], [76.75673030761205, 21.181405094292582], [76.75673030761205, 21.181486229247717], [76.75673030761205, 21.18156736415831], [76.75673030761205, 21.18164849902442], [76.75673030761205, 21.181729633845972], [76.75673030761205, 21.181810768622995], [76.75673030761205, 21.18189190335553], [76.75673030761205, 21.181973038043513], [76.75673030761205, 21.182054172687007], [76.75673030761205, 21.182135307285943], [76.75673030761205, 21.182216441840392], [76.75674602633286, 21.182296238669473], [76.7567617450537, 21.182376035455487], [76.75677746377455, 21.182455832198436], [76.75679318249539, 21.182535628898318], [76.75680890121623, 21.182615425555138], [76.75682461993708, 21.18269522216892], [76.75684033865792, 21.182775018739584], [76.75685605737877, 21.18285481526721], [76.75687177609962, 21.182934611751758], [76.75688749482046, 21.18301440819323], [76.75690321354129, 21.183094204591637], [76.75691893226211, 21.183174000946977], [76.75693465098297, 21.183253797259255], [76.7569503697038, 21.18333359352849], [76.75696608842465, 21.183413389754627], [76.7569818062472, 21.183493185100065], [76.75699752496801, 21.18357298124007], [76.75701324368885, 21.183652777337024], [76.7570289624097, 21.1837325733909], [76.75704468113054, 21.183812369401696], [76.75706039985138, 21.183892165369418], [76.75707611767389, 21.18397196129406], [76.75709183549644, 21.184051757175663], [76.7571075542173, 21.18413155301418], [76.75712327293813, 21.184211348809615], [76.75713899165898, 21.184291144562025], [76.7571547103798, 21.184370940271332], [76.75717042820234, 21.18445073593756], [76.75718614692317, 21.18453053156074], [76.75720186474571, 21.184610327140827], [76.75721758346654, 21.18469012267786], [76.75730738624888, 21.184688129172024], [76.75739718992952, 21.184686134828546], [76.75748699271182, 21.18468414048504], [76.75757679549416, 21.18468214697909], [76.75766659917478, 21.184680153473124], [76.75775640195711, 21.184678159967145], [76.75784620473944, 21.18467616562354], [76.75793600752175, 21.184674172117486], [76.75802581120242, 21.184672177773816], [76.75811561398471, 21.18467018426775], [76.75820541676705, 21.18466819076162], [76.75829522044769, 21.184666196417858], [76.75838502322999, 21.184664202074085], [76.75847482601233, 21.184662208567904], [76.75856462969296, 21.184660214224042], [76.75865443247528, 21.18465822071781], [76.75874423525761, 21.184656227211516], [76.75883403803992, 21.184654232867604], [76.75892384172059, 21.184652239361284], [76.75901364450289, 21.18465024585491], [76.75910344728523, 21.18464825234854], [76.75919325096586, 21.184646258004513], [76.75928305374816, 21.184644263660473], [76.7593728565305, 21.184642270154], [76.75946266021114, 21.184640275809898], [76.75955246299344, 21.18463828230336], [76.75964226577578, 21.18463628795922], [76.75973206855812, 21.184634294452657], [76.75982187223875, 21.18463230010845], [76.75991167502106, 21.18463030660181], [76.7600014778034, 21.18462831309516], [76.76009128148404, 21.18462631875088], [76.76018108426634, 21.18462432440657], [76.76027088704868, 21.18462233089982], [76.76036069072931, 21.184620337393067], [76.76045049351161, 21.184618343048644], [76.76054029629395, 21.18461634954184], [76.7606300990763, 21.184614355197393], [76.76071990275692, 21.18461236169051], [76.76080970553924, 21.18461036818362], [76.76089950832157, 21.184608374676678], [76.76098931200221, 21.184606380332127], [76.76107911478451, 21.18460438682517], [76.76116891756685, 21.18460239331815], [76.76125872124749, 21.18460039897351], [76.76134852402983, 21.18459840462885], [76.76143832681213, 21.184596411121753], [76.76152812959447, 21.184594417614658], [76.7616179332751, 21.184592423269915], [76.76170773605742, 21.184590429762732], [76.76179753883974, 21.184588436255545], [76.76188734252038, 21.18458644358594], [76.76197714530268, 21.184584448403466], [76.76206694808502, 21.18458245489622], [76.76215675176566, 21.184580461388894], [76.762246554548, 21.18457846788158], [76.7623363573303, 21.184576474374218], [76.76242616011264, 21.184574480029223], [76.76251596379328, 21.184572486521834], [76.76260576657558, 21.184570493014395], [76.76269556935792, 21.184568499506902], [76.76278537303855, 21.18456650683703], [76.76287517582087, 21.184564511654315], [76.76296497860321, 21.184562518146762], [76.76305478228383, 21.184560524639206], [76.76314458506617, 21.184558531131604], [76.76323438784847, 21.184556536786367], [76.76332419152911, 21.184554542441116], [76.76341399431145, 21.18455254893345], [76.76350379709375, 21.18455055542574], [76.76359359987609, 21.18454856191802], [76.76368340355673, 21.184546569247868], [76.76377320633904, 21.184544574064862], [76.76386300912138, 21.18454258055703], [76.763952812802, 21.184540587049206], [76.76404261558434, 21.184538593541333], [76.76413241836664, 21.18453660003346], [76.76422222204728, 21.184534605687933], [76.76431202482962, 21.18453261217997], [76.76440182761192, 21.18453061867201], [76.76449163039426, 21.184528625164], [76.7645814340749, 21.18452663249359], [76.76467123685724, 21.18452463731033], [76.76476103963954, 21.18452264380223], [76.76485084332018, 21.18452065029415], [76.76494064610252, 21.184518656786], [76.76503044888483, 21.184516663277822], [76.76512025256545, 21.184514668932025], [76.7652100553478, 21.184512675423836], [76.76529985813009, 21.184510681915583], [76.76538966091243, 21.184508688407327], [76.76547946459307, 21.184506694061415], [76.76556926737541, 21.184504700553088], [76.76565907015771, 21.184502707044757], [76.76574887383835, 21.184500713536362], [76.76583867662069, 21.18449872002798], [76.765928479403, 21.184496725681942], [76.76601828308362, 21.184494732173473], [76.76610808586597, 21.18449273866498], [76.76619788864826, 21.18449074515648], [76.7662876914306, 21.184488751647933], [76.76637749511124, 21.184486757301755], [76.76646729789358, 21.184484763793186], [76.76655710067588, 21.18448277028455], [76.76664690435653, 21.184480776775914], [76.76673670713886, 21.184478783267238], [76.76682650992117, 21.184476788920936], [76.7669163136018, 21.18447479541222], [76.76700611638414, 21.18447280190346], [76.76709591916645, 21.184470808394682], [76.76718572194879, 21.18446881488587], [76.76727552562942, 21.184466821377057], [76.76736532841176, 21.18446482786818], [76.76745513119405, 21.184462834359287], [76.7675449348747, 21.184460840850384], [76.76763473765703, 21.184458847341432], [76.76772454043935, 21.18445685383248], [76.76781434411997, 21.184454860323473], [76.76790414690231, 21.184452866814457], [76.76799394968465, 21.1844508733054], [76.76808375336529, 21.184448879796346], [76.76817355614759, 21.18444688544963], [76.76826335892993, 21.1844448919405], [76.76835316171223, 21.184442898431357], [76.76844296539286, 21.18444090492216], [76.7685327681752, 21.184438911412965], [76.76862257095752, 21.184436917903717], [76.76871237463817, 21.18443492439446], [76.7688021774205, 21.184432930885176], [76.76889198020282, 21.184430937375826], [76.76898178388346, 21.184428943866504], [76.76907158666576, 21.184426950357118], [76.7691613894481, 21.184424956847742], [76.76925119223041, 21.184422963338292], [76.76934099591104, 21.18442096982887], [76.76943079869338, 21.184418976319368], [76.76952060147568, 21.184416982809882], [76.76961040515634, 21.184414989300343], [76.76970020793867, 21.1844129957908], [76.769790010721, 21.184411002281188], [76.76987981440163, 21.18440900877161], [76.76996961718393, 21.184407015261943], [76.77005941996627, 21.18440502175229], [76.77014922274859, 21.1844030282426], [76.77023902642921, 21.184401034732883], [76.77032882921155, 21.184399041223127], [76.77041863199389, 21.18439704771337], [76.77050843567453, 21.184395054203552], [76.77059823845684, 21.184393060693708], [76.77068804123917, 21.184391067183864], [76.7707778449198, 21.18438907367398], [76.77086764770212, 21.184387080164086], [76.77095745048445, 21.18438508665414], [76.77104725326676, 21.18438309314419], [76.77113705694738, 21.184381099634184], [76.77122685972972, 21.184379106124187], [76.77131666251206, 21.184377111776545], [76.7714064661927, 21.18437511826646], [76.771496268975, 21.184373124756373], [76.77158607175734, 21.184371131246237], [76.77167587543798, 21.1843691377361], [76.77176567822029, 21.184367144225913], [76.77185548100263, 21.184365150715724], [76.77194528378493, 21.184363157205485], [76.7720350874656, 21.184361163695208], [76.7721248902479, 21.184359170184944], [76.77221469303024, 21.184357176674617], [76.77230449671087, 21.1843551831643], [76.77239429949317, 21.18435318965391], [76.77248410227551, 21.184351196143545], [76.77257390595615, 21.184349202633115], [76.77266370873846, 21.18434720912267], [76.7727535115208, 21.18434521561219], [76.7728433143031, 21.1843432221017], [76.77293311798377, 21.184341228591165], [76.77302292076607, 21.184339235080635], [76.77311272354841, 21.184337241570027], [76.77320252722905, 21.184335248059444], [76.77329233001134, 21.184333254548786], [76.77334911162214, 21.184391781664495], [76.77340589413124, 21.18445030875707], [76.77346267574204, 21.1845088349888], [76.77351945735285, 21.184567362035033], [76.77359213644922, 21.184614846873234], [76.77366481554562, 21.184662331696224], [76.77373266709564, 21.18470666374973], [76.77380051864569, 21.18475099578995], [76.77386837019573, 21.18479532697925], [76.77393622174577, 21.184839658992868], [76.7740040732958, 21.184883990993196], [76.77407192484584, 21.18492832298024], [76.7741397763959, 21.184972654116358], [76.77420762794593, 21.1850169860768], [76.77428271542558, 21.1850571852789], [76.7743305057987, 21.185082770771665], [76.77437829617182, 21.185108355422404], [76.77445077763882, 21.185147147423418], [76.77452325820754, 21.185185939414254], [76.77459573967454, 21.18522473139492], [76.77466822114154, 21.18526352336539], [76.77474070260858, 21.185302315325714], [76.77481318317726, 21.18534110643821], [76.77488566464429, 21.185379898378166], [76.7749581461113, 21.185418690307923], [76.77503062668, 21.185457481389907], [76.77510310814701, 21.185496273299307], [76.7751836412139, 21.185526531701925], [76.77526417428084, 21.185556789260726], [76.77534470824605, 21.185587047650955], [76.77542524131293, 21.185617306034985], [76.77550577437985, 21.185647563575213], [76.77558630744674, 21.185677821946864], [76.77566684141198, 21.185708080312306], [76.77574737447888, 21.185738338671566], [76.77582790754578, 21.185768596187025], [76.77590844061271, 21.185798854533893], [76.77598897457793, 21.185829112874554], [76.7760695076448, 21.185859370371436], [76.77615004071174, 21.18588962869973], [76.77623408349645, 21.185906644556898], [76.77631812628117, 21.185923660412133], [76.77640216906589, 21.185940676265396], [76.77648621185064, 21.185957692116713], [76.77657025463535, 21.185974707966068], [76.77665429742007, 21.185991723813466], [76.77673834020479, 21.186008739658902], [76.7768223829895, 21.186025755502357], [76.77690642577421, 21.186042772181494], [76.77699046855896, 21.186059788021055], [76.7770566231914, 21.186073172026582], [76.77712277782388, 21.186086555193274], [76.77720849147505, 21.186097431423455], [76.7772942051262, 21.186108307652837], [76.77737991877734, 21.18611918388138], [76.77746563242849, 21.186130060109157], [76.77755134607965, 21.186140936336134], [76.7776370597308, 21.186151812562272], [76.77772277338194, 21.186162687950027], [76.77780848703308, 21.186173564174613], [76.77789420068422, 21.18618443956078], [76.77797991433536, 21.18619531578376], [76.77806310282227, 21.186204309083564], [76.77814629220747, 21.186213302382832], [76.77822948069435, 21.186222295681542], [76.77831266918123, 21.18623128814211], [76.77839585856643, 21.186240281439748], [76.77847904705331, 21.186249273899225], [76.77856223554022, 21.186258267195758], [76.77864542492539, 21.186267260491732], [76.7787286134123, 21.186276252949604], [76.77880773342926, 21.186284798966906], [76.77888685434455, 21.186293344983714], [76.7789659743615, 21.18630189100004], [76.77904509527679, 21.18631043785347], [76.77912421529375, 21.186318983868816], [76.77920333620902, 21.186327530721243], [76.77928245622599, 21.18633607673561], [76.77936537881156, 21.186348407017736], [76.77944830139712, 21.18636073729882], [76.77953122308436, 21.186373067578874], [76.77961414566994, 21.186385397857872], [76.7796970682555, 21.18639772813589], [76.77977999084104, 21.186410058412854], [76.7798629125283, 21.186422388688797], [76.77994583511384, 21.1864347189637], [76.78002875769941, 21.186447049237582], [76.78010368438065, 21.186469937426153], [76.78017861106186, 21.186492825611186], [76.78025353774305, 21.186515713792666], [76.78032846532258, 21.186538601970614], [76.78040339200383, 21.18656149014505], [76.78047831868503, 21.186584378315896], [76.78055324536628, 21.186607265645588], [76.78062817204747, 21.186630153809347], [76.78069800078944, 21.186682374591598], [76.78076782953143, 21.186734596193006], [76.78083765827341, 21.18678681693835], [76.78090748611707, 21.186839037665248], [76.78097731485906, 21.18689125837371], [76.78104714360104, 21.18694347990129], [76.78111697234301, 21.186995700572847], [76.78116883477931, 21.187049990083455], [76.78122069721563, 21.187104279574108], [76.78127255965192, 21.187158569044833], [76.7813244211899, 21.187212857658032], [76.78137628362619, 21.187267147088885], [76.78142814606251, 21.18732143649978], [76.7814800084988, 21.187375725890764], [76.78151728229486, 21.187448193519174], [76.78155455609097, 21.18752066111204], [76.78159182988703, 21.187593129507], [76.78162910368313, 21.18766559702881], [76.78166637747923, 21.187738064515113], [76.7817036512753, 21.187810531965884], [76.78174092507139, 21.187882999381134], [76.78177819886746, 21.18795546676085], [76.78181547266355, 21.188027934942614], [76.78185274645962, 21.188100402251276], [76.78189001935739, 21.188172869524365], [76.78192729315349, 21.188245336761963], [76.78193482373051, 21.188266571274916], [76.78196068712585, 21.18833949243863], [76.78198655052121, 21.188412413566354], [76.78201241481484, 21.18848533549569], [76.78203827821021, 21.188558256551495], [76.78206414160555, 21.18863117757128], [76.78209000500091, 21.188704098555117], [76.78211586929457, 21.188777020340552], [76.7821417335882, 21.188849941252418], [76.78216759698357, 21.188922862128333], [76.78218069082713, 21.18900219717943], [76.78219378467071, 21.189081533025593], [76.78220687851432, 21.189160867991532], [76.78221997235786, 21.189240202914913], [76.78223306620147, 21.18931953779571], [76.78224616004506, 21.1893988734715], [76.78225925478695, 21.189478208267126], [76.78227234863054, 21.18955754302013], [76.7822853472527, 21.189636266297605], [76.78229834587484, 21.18971499037068], [76.782311344497, 21.189793713564264], [76.78232434311917, 21.18987243671589], [76.78233734174134, 21.189951159825622], [76.78235034036351, 21.19002988373098], [76.78236333988397, 21.19010860675682], [76.78237633850614, 21.190187329740716], [76.78238338309458, 21.190270042894237], [76.78239042768304, 21.190352755163865], [76.78239747227153, 21.190435468224806], [76.7824045177583, 21.190518181239423], [76.78241156234672, 21.19060089420777], [76.7824186069352, 21.19068360629224], [76.78242565242196, 21.190766319168006], [76.78243269790873, 21.190849031997452], [76.7824397424972, 21.190931744780627], [76.78244678708565, 21.191014456679937], [76.78245383257244, 21.191097169370533], [76.78246087805921, 21.191179882014808], [76.78246792264765, 21.191262594612823], [76.78247496723613, 21.191345306326962], [76.7824820127229, 21.191428018832383], [76.78248905820966, 21.191510731291498], [76.78249610279813, 21.19159344370433], [76.78250314738658, 21.191676155233296], [76.78251019287337, 21.19175886755355], [76.7825205863812, 21.191834903581046], [76.7825309789907, 21.19191093873186], [76.78254137249857, 21.191986974681093], [76.78255176600638, 21.19206301059124], [76.7825621586159, 21.192139045624664], [76.78257255212375, 21.19221508145656], [76.78258294473328, 21.192291117249297], [76.78259333734279, 21.19236715216537], [76.78260373085065, 21.192443187879903], [76.78261364196315, 21.19251576358197], [76.78262355217737, 21.192588338410836], [76.78263346328991, 21.192660914041635], [76.78264337350413, 21.192733488799206], [76.78265328461667, 21.19280606435871], [76.78266319483087, 21.192878639044995], [76.78267310594339, 21.192951214533217], [76.78266545139884, 21.193014333092485], [76.78265779595603, 21.193077451624816], [76.78265014141148, 21.193140570130154], [76.78264146548246, 21.193212109429002], [76.78263278955346, 21.193283649530798], [76.78262411362441, 21.193355188760336], [76.78261543769543, 21.19342672795528], [76.78260676086809, 21.19349826795315], [76.7825980849391, 21.193569807078823], [76.78252387780839, 21.19352442738665], [76.78244967067772, 21.19347904768058], [76.78237546444537, 21.19343366879815], [76.7823012573147, 21.19338828990175], [76.782227050184, 21.193342910153852], [76.78215284305334, 21.193297530392034], [76.78207863592264, 21.193252150616274], [76.78200442879198, 21.19320677082657], [76.78193022255961, 21.193161391860503], [76.78185601542896, 21.19311601204294], [76.78178180829829, 21.193070632211455], [76.78171890017725, 21.193032138786272], [76.78165599295451, 21.192993645351105], [76.7815930848335, 21.19295515190591], [76.78153017671247, 21.19291665761312], [76.78146726948972, 21.192878164147853], [76.78140436136873, 21.192839670672583], [76.78133502759846, 21.192797244835837], [76.78126569292988, 21.192754818149325], [76.78119635915964, 21.192712392288243], [76.78112702449107, 21.192669966414947], [76.78105769072079, 21.19262754052948], [76.78098136805762, 21.192583942043964], [76.78090504629277, 21.192540344383154], [76.78082872362961, 21.192496746709498], [76.78075240096643, 21.192453148185386], [76.78067607830326, 21.19240954964845], [76.78059975653842, 21.192365951936193], [76.78052343387523, 21.192322354211086], [76.78044711121207, 21.192278755635524], [76.78037078854891, 21.1922351570471], [76.78029446678404, 21.192191559283394], [76.78021814412088, 21.19214796150684], [76.78014182145773, 21.192104363717398], [76.78006549879453, 21.192060765077525], [76.7799891770297, 21.19201716726237], [76.7799128543665, 21.191973568596786], [76.77983653170334, 21.191929970755897], [76.77976020904019, 21.1918863720646], [76.77968388727533, 21.191842774197998], [76.77960756461216, 21.191799175480952], [76.77953124194896, 21.191755577588626], [76.77945491928581, 21.191711978845856], [76.77937859752093, 21.191668380927805], [76.77930227485778, 21.1916247821593], [76.77922595219462, 21.191581184215522], [76.77915186274323, 21.19153657698862], [76.7790777741902, 21.19149196974822], [76.77900368473883, 21.19144736249436], [76.77892959618575, 21.191402755227074], [76.7788555067344, 21.19135814794628], [76.77878141818132, 21.191313541489606], [76.77870732872994, 21.191268934181917], [76.77863323927856, 21.19122432686073], [76.77855915072553, 21.191179719526108], [76.77848506127414, 21.191135112178014], [76.7784109727211, 21.191090504816458], [76.77833688326972, 21.191045897441416], [76.77826279471664, 21.191001290052917], [76.77818870526531, 21.19095668265097], [76.77811461671223, 21.190912075235534], [76.77804052726084, 21.190867467806665], [76.77796643780948, 21.190822860364314], [76.77789234925642, 21.19077825374608], [76.77781825980504, 21.19073364627682], [76.77774417125201, 21.190689038794073], [76.77767008180062, 21.19064443129785], [76.77759599324754, 21.190599823788197], [76.7775219037962, 21.190555216265057], [76.77744704538695, 21.190513180919755], [76.77737218607935, 21.19047114556251], [76.7772973276701, 21.190429111030895], [76.77722246836254, 21.19038707564973], [76.77714760995329, 21.19034504025662], [76.7770727506457, 21.19030300485155], [76.77699789223644, 21.190260970272075], [76.77692303292888, 21.190218934843084], [76.77684817451963, 21.19017689940215], [76.77677331521204, 21.190134863949257], [76.77668440535511, 21.190133228162086], [76.77659549639652, 21.190131593212456], [76.77650658653957, 21.19012995742522], [76.77641767758097, 21.19012832247555], [76.77632876772401, 21.19012668752587], [76.7762398578671, 21.190125051738583], [76.77615094890851, 21.19012341678886], [76.77606203905154, 21.19012178100156], [76.77597313009295, 21.190120145214212], [76.775884220236, 21.190118509426874], [76.77579531037907, 21.190116873639496], [76.77570640142048, 21.190115238689675], [76.77561749156352, 21.1901136029023], [76.77552858260493, 21.19011196711486], [76.77543967274799, 21.190110331327407], [76.77535076378938, 21.190108696377525], [76.77526185393245, 21.190107060590044], [76.77517294407549, 21.190105424802542], [76.7750840351169, 21.19010378901505], [76.77499512525998, 21.19010215322751], [76.77490621630136, 21.19010051743998], [76.77481730644443, 21.19009888165239], [76.77472839658748, 21.190097245864823], [76.77463948762889, 21.19009561007719], [76.77455057777196, 21.19009397428956], [76.77446166881333, 21.190092338501945], [76.7743727589564, 21.190090702714276], [76.77428333346649, 21.190093367046355], [76.77419390707826, 21.19009603137835], [76.77410448158837, 21.190098695710343], [76.77401505609849, 21.190101360042274], [76.77392562971026, 21.190104024374126], [76.77383620422033, 21.190106688705967], [76.77374677783212, 21.19010935303773], [76.77365735234223, 21.19011201736947], [76.77356792685234, 21.190114681701132], [76.77347850046411, 21.19011734687035], [76.77338907497419, 21.190120011201948], [76.77330897399695, 21.19012241002168], [76.77322887391801, 21.19012480884135], [76.77314877294076, 21.190127207660996], [76.77306867286181, 21.19012960648059], [76.77298857188455, 21.190132005300157], [76.7729084718056, 21.1901344041197], [76.77282837082835, 21.19013680293918], [76.77274827074943, 21.190139201758633], [76.77266816977217, 21.190141600578023], [76.7725824965452, 21.190144166075157], [76.77249682241992, 21.190146731572217], [76.77241114919298, 21.190149297069237], [76.77232547596601, 21.190151862566218], [76.77223980273904, 21.190154428900726], [76.77215412861375, 21.190156995235164], [76.77206845538682, 21.19015956073204], [76.77198811725432, 21.190161653835688], [76.77190777912185, 21.190163746939337], [76.77182744188765, 21.19016584004292], [76.77174710375517, 21.19016793314648], [76.77166676562268, 21.190170026250048], [76.77158642749019, 21.190172119353544], [76.77149957567359, 21.190174386672926], [76.77141272475528, 21.19017665399227], [76.77132587293868, 21.190178921311578], [76.77123902202037, 21.19018118779329], [76.77115217020375, 21.190183455112532], [76.77106531928544, 21.190185721594144], [76.77097846746884, 21.190187988913323], [76.7708916156522, 21.19019025539487], [76.77080476473392, 21.190192521876405], [76.7707179129173, 21.19019478919547], [76.77063106199901, 21.190197055676915], [76.7705442101824, 21.190199322995916], [76.77045804647527, 21.19020185498896], [76.77037188186985, 21.190204386982003], [76.77028571816275, 21.19020691897496], [76.77019955355733, 21.190209450967863], [76.77011338985022, 21.19021198296078], [76.77002722524479, 21.190214514953606], [76.76994106153771, 21.190217046946408], [76.76985489693227, 21.190219578939175], [76.76976873322518, 21.190222110931874], [76.76968256861976, 21.190224642924523], [76.76959640491262, 21.190227174917187], [76.76951024030723, 21.19022970774734], [76.7694240766001, 21.190232239739874], [76.76933791199467, 21.19023477256995], [76.76926392315464, 21.19026548480626], [76.76918993431457, 21.190296196198602], [76.7691159454745, 21.190326908422175], [76.76904252257307, 21.19035739030611], [76.76896909877331, 21.19038787302133], [76.76889567587187, 21.19041835489268], [76.76882225297045, 21.190448836757763], [76.76874882917069, 21.190479319454138], [76.76867540626927, 21.19050980130665], [76.76860198246953, 21.19054028399042], [76.7685285595681, 21.190570765830337], [76.76846234834177, 21.190614936135205], [76.76839613801374, 21.190659106426857], [76.7683299267874, 21.19070327754287], [76.7682637164594, 21.190747447808135], [76.76819750523308, 21.19079161889775], [76.76813129490505, 21.190835789136592], [76.76806508367872, 21.190879960199798], [76.76799955517201, 21.190923668909978], [76.76793402576698, 21.190967377607258], [76.76786849726027, 21.191011086291574], [76.76780296875357, 21.191054794962962], [76.76773744024682, 21.191098503621415], [76.76767191084178, 21.191142212266953], [76.76760638143675, 21.191185920899567], [76.76754085293005, 21.19122962868171], [76.76749658664782, 21.19129704219804], [76.76745232036554, 21.1913644565212], [76.76740805408328, 21.191431869976043], [76.76736378780103, 21.19149928340011], [76.76731952151876, 21.19156669679344], [76.76727525433819, 21.191634110993586], [76.76723098805596, 21.19170152432543], [76.76718672177368, 21.1917689376265], [76.76714245549145, 21.1918363517344], [76.76709818920918, 21.19190376497397], [76.76705392292693, 21.191971178182765], [76.76700965664467, 21.192038591360834], [76.7669653894641, 21.19210600534572], [76.76692112318186, 21.192173418462282], [76.76687731324374, 21.192240137206934], [76.76683350420397, 21.1923068559215], [76.76678969426588, 21.192373574605917], [76.76674588522611, 21.19244029326023], [76.76670207528802, 21.19250701188439], [76.76665946639747, 21.192566558427846], [76.7666168575069, 21.192626105784875], [76.76657424951468, 21.192685652280364], [76.76653279945084, 21.192743572206748], [76.76648481683824, 21.192810629068827], [76.76643683512398, 21.19287768506291], [76.76638885251138, 21.192944741864157], [76.76634087079712, 21.193011797797386], [76.76629288818451, 21.193078854537756], [76.76624490557195, 21.193145910410124], [76.76619692295935, 21.193212967089643], [76.76614894124509, 21.19328002290115], [76.76610095863249, 21.193347079519803], [76.76605297691823, 21.19341413527046], [76.76600499430563, 21.19348119182825], [76.76595701259137, 21.193548247518056], [76.76590902997876, 21.193615304014983], [76.76588944401065, 21.19369116152529], [76.7658698580425, 21.19376701815911], [76.76585027207435, 21.193842875591532], [76.76583068610624, 21.19391873214743], [76.76581109923977, 21.193994589501976], [76.76579151327165, 21.19407044597999], [76.76577514147559, 21.19413393342253], [76.76575876967954, 21.194197420000194], [76.76574239698515, 21.194260907388145], [76.76573792696831, 21.1943328900476], [76.76573345605314, 21.194404873509537], [76.76572898603628, 21.194476856098856], [76.76572451512112, 21.19454883949065], [76.76572004510426, 21.194620822009817], [76.7657152211512, 21.194698611233584], [76.7657103971981, 21.194776401253915], [76.76570557414335, 21.194854190395763], [76.76570075019028, 21.19493198033419], [76.76569592713552, 21.19500976939413], [76.76569110318245, 21.19508755841312], [76.76568627922937, 21.195165348228684], [76.76568145617458, 21.195243137165733], [76.765688403745, 21.19532011699122], [76.76569535131543, 21.195397095939036], [76.7657022988858, 21.19547407568431], [76.76570924645623, 21.195551054551903], [76.76571619492493, 21.195628034216973], [76.76572314249536, 21.195705013004364], [76.76573009096407, 21.195781992589172], [76.76573703853448, 21.19585897129635], [76.7657439870032, 21.195935950800983], [76.76575093457362, 21.196012929427948], [76.76575788304234, 21.196089908852365], [76.76575782644849, 21.196170846462223], [76.7657577698546, 21.196251784027748], [76.76575771415905, 21.196332720711403], [76.7657576575652, 21.196413658188256], [76.76575760186965, 21.196494595620752], [76.76575754527579, 21.19657553300893], [76.76575748958025, 21.196656469515236], [76.7657574329864, 21.196737406814727], [76.76575737729084, 21.19681834406988], [76.76575732069695, 21.19689928128068], [76.76575726500144, 21.196980217609642], [76.76575720930589, 21.19706115473177], [76.765757152712, 21.19714209180956], [76.76573132255432, 21.197217652696352], [76.76570549239665, 21.1972932135445], [76.76567966223898, 21.19736877519153], [76.7656538320813, 21.197444335962384], [76.76562800282193, 21.197519896694597], [76.76560217266426, 21.19759545738816], [76.76557634250659, 21.19767101888063], [76.7655505132472, 21.197746579496908], [76.76552468308952, 21.197822140074535], [76.76549885383017, 21.19789770061351], [76.76547302367248, 21.197973261113848], [76.76544719351482, 21.198048822413043], [76.76542136425543, 21.19812438283608], [76.76539553409776, 21.19819994322048], [76.76537689585226, 21.198254423759632], [76.76535825760674, 21.19830890344117], [76.76533961936123, 21.198363383940144], [76.76532009178355, 21.198434468444187], [76.76530056510425, 21.198505552076504], [76.76528103752662, 21.19857663651214], [76.76526150994894, 21.19864772091358], [76.76524198326963, 21.198718804443292], [76.76522245569195, 21.198789888776325], [76.76520292901264, 21.19886097223763], [76.76518340143498, 21.19893205650224]], [[76.73457677382898, 21.233169386160725], [76.73466621728521, 21.233165225455384], [76.73475477140929, 21.233152783530635], [76.73484155675057, 21.233132185984278], [76.73492571092636, 21.233103635447428], [76.7350063967069, 21.233067417446115], [76.73508281279484, 21.23302389035333], [76.73515420011381, 21.23297348706408], [76.73521984809646, 21.232916709971665], [76.73527910456588, 21.232854121757438], [76.73533138202383, 21.232786344553638], [76.73537615944748, 21.23271405324523], [76.73541299217078, 21.23263796458474], [76.73544151368105, 21.23255883551808], [76.73546144190732, 21.232477453136603], [76.73547257742358, 21.23239462546673], [76.73547480973707, 21.232311175608633], [76.73546811728818, 21.232227933363088], [76.73545256655231, 21.232145726020775], [76.7354283111413, 21.232065369988646], [76.73539559360036, 21.231987664928806], [76.73535473732294, 21.231913382035184], [76.73530615014417, 21.2318432598469], [76.73525031356102, 21.231777995874463], [76.73518778363075, 21.23171823822608], [76.73511918019081, 21.231664580583228], [76.73504518685917, 21.231617557176346], [76.73496653845771, 21.23157763441106], [76.73488401562244, 21.231545209193076], [76.73479843941355, 21.231520604741373], [76.73471066053558, 21.23150406388894], [76.73462155125263, 21.231495752432277], [76.73453199640532, 21.231495752432277], [76.73444288712241, 21.23150406388894], [76.73435510824443, 21.231520604741373], [76.73426953203551, 21.231545209193076], [76.73418700920026, 21.23157763441106], [76.7341083607988, 21.231617557176346], [76.73403436746719, 21.231664580583228], [76.73396576402725, 21.23171823822608], [76.73390323409696, 21.231777995874463], [76.73384739751383, 21.2318432598469], [76.73379881033506, 21.231913382035184], [76.73375795405764, 21.231987664928806], [76.73372523651665, 21.232065369988646], [76.73370098110568, 21.232145726020775], [76.7336854303698, 21.232227933363088], [76.73367873792093, 21.232311175608633], [76.7336809702344, 21.23239462546673], [76.73369210575066, 21.232477453136603], [76.73371203397694, 21.23255883551808], [76.73374055548719, 21.23263796458474], [76.73377738821047, 21.23271405324523], [76.73382216563412, 21.232786344553638], [76.73387444309208, 21.232854121757438], [76.73393369956148, 21.232916709971665], [76.73399934754413, 21.23297348706408], [76.73407073486314, 21.23302389035333], [76.7341471509511, 21.233067417446115], [76.73422783673159, 21.233103635447428], [76.73431199090741, 21.233132185984278], [76.7343987762487, 21.233152783530635], [76.73448733037279, 21.233165225455384], [76.73457677382898, 21.233169386160725]]]}}]}