{"type": "FeatureCollection", "features": [{"type": "Feature", "properties": {"premiumdata.sde.IN_Village_PCA.area": 70.44244537, "objectid": 134065, "id": "223813354272111", "name": "Western Prantappur R F", "subdistrict": "Pakhanjur", "district": "Kanker", "state": "Chhattisgarh", "country": "India", "censusname": null, "villagename_locallang": null, "lgd_villagename": null, "lgd_villagecode": null, "lgd_subdistrictcode": 3354, "lgd_districtcode": 381, "lgd_statecode": 22, "censuscode2001": null, "censuscode2011": null, "censuscode2021": null, "level": "Reserve Forest", "tru": "Rural", "no_hh": null, "tot_p": null, "tot_m": null, "tot_f": null, "per_tot_m": 0.0, "per_tot_f": 0.0, "p_06": null, "m_06": null, "f_06": null, "per_p_06": 0.0, "per_m_06": 0.0, "per_f_06": 0.0, "p_sc": null, "m_sc": null, "f_sc": null, "per_p_sc": 0.0, "per_m_sc": 0.0, "per_f_sc": 0.0, "p_st": null, "m_st": null, "f_st": null, "per_p_st": 0.0, "per_m_st": 0.0, "per_f_st": 0.0, "p_lit": null, "m_lit": null, "f_lit": null, "per_p_lit": 0.0, "per_m_lit": 0.0, "per_f_lit": 0.0, "p_ill": null, "m_ill": null, "f_ill": null, "per_p_ill": 0.0, "per_m_ill": 0.0, "per_f_ill": 0.0, "tot_work_p": null, "tot_work_m": null, "tot_work_f": null, "per_tot_work_p": 0.0, "per_tot_work_m": 0.0, "per_tot_work_f": 0.0, "mainwork_p": null, "mainwork_m": null, "mainwork_f": null, "per_mainwork_p": 0.0, "per_mainwork_m": 0.0, "per_mainwork_f": 0.0, "main_cl_p": null, "main_cl_m": null, "main_cl_f": null, "per_main_cl_p": 0.0, "per_main_cl_m": 0.0, "per_main_cl_f": 0.0, "main_al_p": null, "main_al_m": null, "main_al_f": null, "per_main_al_p": 0.0, "per_main_al_m": 0.0, "per_main_al_f": 0.0, "main_hh_p": null, "main_hh_m": null, "main_hh_f": null, "per_main_hh_p": 0.0, "per_main_hh_m": 0.0, "per_main_hh_f": 0.0, "main_ot_p": null, "main_ot_m": null, "main_ot_f": null, "per_main_ot_p": 0.0, "per_main_ot_m": 0.0, "per_main_ot_f": 0.0, "margwork_p": null, "margwork_m": null, "margwork_f": null, "per_margwork_p": 0.0, "per_margwork_m": 0.0, "per_margwork_f": 0.0, "marg_cl_p": null, "marg_cl_m": null, "marg_cl_f": null, "per_marg_cl_p": 0.0, "per_marg_cl_m": 0.0, "per_marg_cl_f": 0.0, "marg_al_p": null, "marg_al_m": null, "marg_al_f": null, "per_marg_al_p": 0.0, "per_marg_al_m": 0.0, "per_marg_al_f": 0.0, "marg_hh_p": null, "marg_hh_m": null, "marg_hh_f": null, "per_marg_hh_p": 0.0, "per_marg_hh_m": 0.0, "per_marg_hh_f": 0.0, "marg_ot_p": null, "marg_ot_m": null, "marg_ot_f": null, "per_marg_ot_p": 0.0, "per_marg_ot_m": 0.0, "per_marg_ot_f": 0.0, "margwork_3_6_p": null, "margwork_3_6_m": null, "margwork_3_6_f": null, "per_margwork_3_6_p": 0.0, "per_margwork_3_6_m": 0.0, "per_margwork_3_6_f": 0.0, "marg_cl_3_6_p": null, "marg_cl_3_6_m": null, "marg_cl_3_6_f": null, "per_marg_cl_3_6_p": 0.0, "per_marg_cl_3_6_m": 0.0, "per_marg_cl_3_6_f": 0.0, "marg_al_3_6_p": null, "marg_al_3_6_m": null, "marg_al_3_6_f": null, "per_marg_al_3_6_p": 0.0, "per_marg_al_3_6_m": 0.0, "per_marg_al_3_6_f": 0.0, "marg_hh_3_6_p": null, "marg_hh_3_6_m": null, "marg_hh_3_6_f": null, "per_marg_hh_3_6_p": 0.0, "per_marg_hh_3_6_m": 0.0, "per_marg_hh_3_6_f": 0.0, "marg_ot_3_6_p": null, "marg_ot_3_6_m": null, "marg_ot_3_6_f": null, "per_marg_ot_3_6_p": 0.0, "per_marg_ot_3_6_m": 0.0, "per_marg_ot_3_6_f": 0.0, "margwork_0_3_p": null, "margwork_0_3_m": null, "margwork_0_3_f": null, "per_margwork_0_3_p": 0.0, "per_margwork_0_3_m": 0.0, "per_margwork_0_3_f": 0.0, "marg_cl_0_3_p": null, "marg_cl_0_3_m": null, "marg_cl_0_3_f": null, "per_marg_cl_0_3_p": 0.0, "per_marg_cl_0_3_m": 0.0, "per_marg_cl_0_3_f": 0.0, "marg_al_0_3_p": null, "marg_al_0_3_m": null, "marg_al_0_3_f": null, "per_marg_al_0_3_p": 0.0, "per_marg_al_0_3_m": 0.0, "per_marg_al_0_3_f": 0.0, "marg_hh_0_3_p": null, "marg_hh_0_3_m": null, "marg_hh_0_3_f": null, "per_marg_hh_0_3_p": 0.0, "per_marg_hh_0_3_m": 0.0, "per_marg_hh_0_3_f": 0.0, "marg_ot_0_3_p": null, "marg_ot_0_3_m": null, "marg_ot_0_3_f": null, "per_marg_ot_0_3_p": 0.0, "per_marg_ot_0_3_m": 0.0, "per_marg_ot_0_3_f": 0.0, "non_work_p": null, "non_work_m": null, "non_work_f": null, "per_non_work_p": 0.0, "per_non_work_m": 0.0, "per_non_work_f": 0.0, "per_hc_tot_tot": null, "per_hc_tot_god": null, "per_hc_tot_liv": null, "per_hc_tot_dil": null, "per_hc_res_tot": null, "per_hc_res_god": null, "per_hc_res_liv": null, "per_hc_res_dil": null, "per_hc_oth_tot": null, "per_hc_oth_god": null, "per_hc_oth_liv": null, "per_hc_oth_dil": null, "per_mt_grsbam": null, "per_mt_plastic": null, "per_mt_h_tiles": null, "per_mt_m_tiles": null, "per_mt_b_brick": null, "per_mt_stone": null, "per_mt_asbstos": null, "per_mt_concrte": null, "per_mt_oth": null, "per_mw_grsbam": null, "per_mw_plastic": null, "per_mw_mud": null, "per_mw_wood": null, "per_mw_no_mrtr": null, "per_mw_st_mrtr": null, "per_mw_asbstos": null, "per_mw_b_brick": null, "per_mw_concrte": null, "per_mw_oth": null, "per_mf_mud": null, "per_mf_wood": null, "per_mf_b_brick": null, "per_mf_stone": null, "per_mf_cement": null, "per_mf_fl_tile": null, "per_mf_oth": null, "per_dw_n_exrm": null, "per_dw_1_room": null, "per_dw_2_room": null, "per_dw_3_room": null, "per_dw_4_room": null, "per_dw_5_room": null, "per_dw_6_room": null, "per_hhsize_1": null, "per_hhsize_2": null, "per_hhsize_3": null, "per_hhsize_4": null, "per_hhsize_5": null, "per_hhsize_6_8": null, "per_hhsize_9p": null, "per_ow_owned": null, "per_ow_rented": null, "per_ow_oth": null, "per_mc_none": null, "per_mcouple_1": null, "per_mcouple_2": null, "per_mcouple_3": null, "per_mcouple_4": null, "per_mcouple_5p": null, "per_dw_t_ts": null, "per_dw_t_unts": null, "per_dw_c_well": null, "per_dw_unc_wel": null, "per_dw_hpump": null, "per_dw_tw_bore": null, "per_dw_spring": null, "per_dw_rivcan": null, "per_dw_tank": null, "per_dw_oth": null, "per_loc_dw_wp": null, "per_loc_dw_np": null, "per_loc_dw_aw": null, "per_light_elec": null, "per_light_kero": null, "per_light_solr": null, "per_light_oil": null, "per_light_oth": null, "per_light_no": null, "per_hh_latrine": null, "per_fl_sewer": null, "per_fl_septict": null, "per_fl_othsys": null, "per_pl_wslab": null, "per_pl_without": null, "per_ns_open": null, "per_sl_ns_hum": null, "per_sl_ns_anml": null, "per_hh_no_lat": null, "per_as_pub": null, "per_as_open": null, "per_hh_bathrm": null, "per_hh_en_wrf": null, "per_hh_no_btrm": null, "per_wwoc_drain": null, "per_wwoc_open": null, "per_wwoc_nodrn": null, "per_cook_fire": null, "per_cook_resdu": null, "per_cook_cwdng": null, "per_cook_coal": null, "per_cook_kero": null, "per_cook_lpng": null, "per_cook_elec": null, "per_cook_biogs": null, "per_cook_oth": null, "per_cook_no": null, "per_kf_inside": null, "per_kf_in_has": null, "per_kf_in_does": null, "per_kf_outside": null, "per_kf_out_has": null, "per_kf_out_dos": null, "per_kf_no_cook": null, "per_hh_banking": null, "per_hh_radio": null, "per_hh_tv": null, "per_hh_cmp_int": null, "per_hh_cmp_wnt": null, "per_hh_ph_ll": null, "per_hh_ph_mob": null, "per_hh_ph_bth": null, "per_hh_bcycl": null, "per_hh_2wheel": null, "per_hh_4wheel": null, "per_hh_tvcomp": null, "per_hh_no_ast": null, "per_hs_perma": null, "per_hs_sperma": null, "per_hs_temp": null, "per_hs_servc": null, "per_hs_nservc": null, "per_hs_unclss": null, "avghhsz_cy": null, "st_areashape": 80337525.28354992, "st_lengthshape": 52888.60477626001}, "geometry": {"type": "Polygon", "coordinates": [[[80.68796712859866, 20.194031955297387], [80.68793786328335, 20.1941059174689], [80.687908597968, 20.19417988044835], [80.6878793326527, 20.19425384254961], [80.68785006733737, 20.194327805458833], [80.68782080202203, 20.194401767489868], [80.68779153670671, 20.194475729485777], [80.68776227049308, 20.194549692289648], [80.68773300517773, 20.194623654215317], [80.6876732169057, 20.19468239324811], [80.68761342863363, 20.194741133101832], [80.68755364036159, 20.194799872090293], [80.68749385208953, 20.194858611056638], [80.68743406381749, 20.1949173508439], [80.68737427554547, 20.194976089765913], [80.68731142581491, 20.195031600476064], [80.68724857608439, 20.195087110323307], [80.68718572635382, 20.19514262099389], [80.687122875725, 20.19519813164467], [80.68706002599444, 20.195253642275688], [80.68699717626392, 20.195309152043798], [80.68693432653335, 20.195364662635267], [80.68685908813674, 20.195408464408413], [80.68678384974012, 20.195452266169244], [80.68670861134349, 20.195496067917773], [80.68663337294689, 20.195539869653988], [80.68655813455025, 20.19558367137786], [80.68648289615363, 20.19562747308943], [80.686407657757, 20.19567127478871], [80.6863324193604, 20.195715076475654], [80.68625718096378, 20.19575887815027], [80.68618194256715, 20.195802679812566], [80.68610670417051, 20.19584648146255], [80.68603146577391, 20.195890283100205], [80.68595622737729, 20.195934084725558], [80.68588098898066, 20.195977886338593], [80.68580575058405, 20.19602168793929], [80.68573051218743, 20.196065489527722], [80.6856552737908, 20.19610929110379], [80.68558003539417, 20.196153092667554], [80.68550479699756, 20.196196894218993], [80.68542955949923, 20.196240695758114], [80.68535432110264, 20.196284497284918], [80.68527908270602, 20.196328298799397], [80.68520384430938, 20.196372101144675], [80.68512860681108, 20.196415902634524], [80.68505336841444, 20.196459704955146], [80.68497813001785, 20.196503506420363], [80.68490576623013, 20.19655183943525], [80.68483340334073, 20.19660017243518], [80.68476103955302, 20.196648505420104], [80.6846886766636, 20.196696837546945], [80.68461631287592, 20.196745170501874], [80.6845439490882, 20.196793503441764], [80.68447158619881, 20.19684183636669], [80.6843992224111, 20.196890169276635], [80.6843268595217, 20.196938502171538], [80.68425449573398, 20.19698683505147], [80.68418213194627, 20.197035167916415], [80.68410976905687, 20.197083499923256], [80.68403740526915, 20.19713183275819], [80.68396504148144, 20.197180165578096], [80.68389267859206, 20.19722849838304], [80.68382031480434, 20.19727683117299], [80.68374795191494, 20.197325163947898], [80.68367558812723, 20.197373496707844], [80.6836032243395, 20.19742182945278], [80.68353086145012, 20.19747016133964], [80.6834584976624, 20.197518494054588], [80.68338613477302, 20.197566826754514], [80.6833137709853, 20.19761515943946], [80.68325219147256, 20.197673331640633], [80.68319061195984, 20.19773150466313], [80.6831290324471, 20.197789676820854], [80.68306745293438, 20.197847849799913], [80.68300587342168, 20.197906021914154], [80.68294429390895, 20.19796419400669], [80.68288271439621, 20.19802236692056], [80.68282113488348, 20.198080538969613], [80.68276648677148, 20.198145882173183], [80.6827118386595, 20.19821122534939], [80.68265719144581, 20.198276567655036], [80.68260254333381, 20.198341910776396], [80.68254789522182, 20.19840725387031], [80.68249324710983, 20.1984725969368], [80.68243859899783, 20.198537939975882], [80.68238395178417, 20.1986032821445], [80.68232930367218, 20.19866862512875], [80.68227465556018, 20.198733968085612], [80.6822200074482, 20.198799311015016], [80.68216536023449, 20.19886465307397], [80.6821107121225, 20.198929995948554], [80.6820560640105, 20.198995338795722], [80.68200141589851, 20.199060681615464], [80.68194676778651, 20.19912602440784], [80.68189212057287, 20.19919136632967], [80.68183747246087, 20.1992567090672], [80.68178282434887, 20.199322051777287], [80.68172817623685, 20.199387394459944], [80.68167352812485, 20.199452737115223], [80.68161888091119, 20.199518078899988], [80.68156423279919, 20.199583421500435], [80.6815095846872, 20.199648764073427], [80.68145493657521, 20.199714106619002], [80.68140028936152, 20.199779448294127], [80.68134564124952, 20.19984479078487], [80.68129099313752, 20.19991013324821], [80.68123729903638, 20.1999768684238], [80.6811836049352, 20.200043603570805], [80.68112991173237, 20.200110337846144], [80.68107621763119, 20.200177072935922], [80.68102252353005, 20.20024380799713], [80.68096882942886, 20.20031054302971], [80.68091513622603, 20.200377277190665], [80.6808614421249, 20.200444012166045], [80.68080774802371, 20.20051074711285], [80.68075405392254, 20.200577482031033], [80.68070036071968, 20.200644216077578], [80.68064666661854, 20.200710950938586], [80.68059297251737, 20.200777685771005], [80.68053927841623, 20.20084442057478], [80.68048558521335, 20.200911154506922], [80.6804318911122, 20.200977889253533], [80.68037819701102, 20.20104462397152], [80.6803245029099, 20.201111358660942], [80.68027080970704, 20.201178092478678], [80.68021711560587, 20.201244827110887], [80.68016342150469, 20.201311561714462], [80.68010972740355, 20.201378296289477], [80.6800560342007, 20.201445029992826], [80.68000234009952, 20.201511764510638], [80.67994864599838, 20.201578498999815], [80.67989495189721, 20.20164523346043], [80.67984125869435, 20.20171196704937], [80.67978756459318, 20.201778701452746], [80.67973387049204, 20.201845435827547], [80.67968017639086, 20.201912170173753], [80.67962648318803, 20.201978903648307], [80.67957278908686, 20.20204563793727], [80.67951909498571, 20.202112372197664], [80.67946540088452, 20.20217910642947], [80.6794117076817, 20.20224583978961], [80.67935801358055, 20.20231257396418], [80.67930431947937, 20.202379308110185], [80.6792506253782, 20.202446042227542], [80.67919693217534, 20.202512775473274], [80.6791432380742, 20.202579509533457], [80.67908954397303, 20.202646243565052], [80.67903584987185, 20.202712977568012], [80.67898215666901, 20.202779710699332], [80.67892846256787, 20.202846444645104], [80.6788747684667, 20.2029131785623], [80.67882107436556, 20.202979912450836], [80.6787673811627, 20.203046645467758], [80.67871368706153, 20.203113379299133], [80.67865999296035, 20.20318011310188], [80.67860629885921, 20.203246846876056], [80.67855260565636, 20.203313579778566], [80.67849891155518, 20.203380313495515], [80.67844521835235, 20.203447047183854], [80.67839152425117, 20.203513780843604], [80.67833783104832, 20.203580513631717], [80.67828413694718, 20.20364724723427], [80.67823044284602, 20.20371398080817], [80.67819211442777, 20.2037816459151], [80.67815378511122, 20.203849311835658], [80.678115456693, 20.203916976883736], [80.67807712827478, 20.203984642745464], [80.67803879985657, 20.204052307734777], [80.67800047054, 20.20411997353768], [80.67796214212177, 20.204187638468127], [80.67792046837742, 20.204261208861396], [80.67787879463309, 20.204334778376857], [80.67783712088874, 20.20440834870056], [80.67779544714443, 20.204481918989508], [80.67775377429837, 20.204555488400672], [80.67771210055402, 20.204629058620103], [80.67767042680968, 20.20470262880475], [80.67762875306533, 20.20477619811162], [80.67758707932097, 20.20484976822673], [80.67754540557662, 20.204923338307108], [80.67750373183232, 20.204996907509678], [80.67746205808797, 20.20507047752049], [80.67742038434362, 20.20514404749657], [80.67737871149757, 20.205217616594805], [80.67733703775322, 20.20529118650135], [80.67729536400887, 20.205364756373108], [80.67725369026456, 20.205438325367073], [80.6772120165202, 20.205511895169316], [80.67720127087276, 20.20558641503426], [80.67719052522536, 20.20566093402052], [80.6771797795779, 20.205735453814132], [80.6771690339305, 20.20580997357207], [80.67715828918138, 20.20588449245131], [80.67714754353393, 20.205959012137903], [80.67713679878482, 20.206033530945824], [80.6771260531374, 20.206108050561056], [80.67713684459889, 20.206185954902658], [80.67714763695872, 20.206263859205254], [80.67715842842023, 20.20634176346887], [80.67716922078006, 20.20641966853654], [80.67718001313989, 20.20649757272217], [80.67719080460138, 20.206575476868828], [80.67720159696121, 20.206653380976494], [80.6772123884227, 20.206731285045194], [80.67722916356234, 20.206805806855506], [80.67724593870197, 20.20688032863017], [80.67726271384157, 20.206954850369137], [80.6772794889812, 20.20702937207243], [80.6772962641208, 20.207103892897024], [80.67731304015874, 20.20717841452897], [80.67732981619666, 20.207252936125244], [80.67734659133629, 20.207327457685842], [80.67736416867146, 20.207407229555088], [80.6773817460066, 20.207487001383466], [80.67739932334176, 20.207566773170957], [80.6773646537617, 20.207623258983617], [80.67732998418161, 20.207679744775806], [80.67729531460154, 20.20773623054746], [80.67726064502149, 20.20779271629866], [80.67720548576808, 20.20785837155894], [80.677150327413, 20.207924025948554], [80.67709516815962, 20.20798968115348], [80.67704000980454, 20.208055336330716], [80.67698485144948, 20.208120990637227], [80.67692969219605, 20.208186645759064], [80.67687453294269, 20.20825230085322], [80.67681937458761, 20.208317955919654], [80.67676421623254, 20.208383610115405], [80.67670905697916, 20.208449265126486], [80.67665389772574, 20.20851492010987], [80.67659873937068, 20.20858057422253], [80.6765435801173, 20.20864622915052], [80.67648842176223, 20.208711884050818], [80.67643326340713, 20.2087775380804], [80.67637810415374, 20.20884319292532], [80.67632294490036, 20.208908847742535], [80.67626778654528, 20.208974501689045], [80.67621262729187, 20.20904015645087], [80.6761574689368, 20.209105811185015], [80.67610231058175, 20.209171465048435], [80.67604715132835, 20.209237119727174], [80.67599199207497, 20.209302774378237], [80.67593683371989, 20.209368429001596], [80.6758816753648, 20.209434082754246], [80.6758265161114, 20.209499737322222], [80.67577135685804, 20.209565391862505], [80.67571619850294, 20.209631045532063], [80.67566103924955, 20.209696700016966], [80.67560588089445, 20.209762354474158], [80.67555072253943, 20.20982800806063], [80.675495563286, 20.20989366246244], [80.67544040403263, 20.209959316836557], [80.67538524567756, 20.21002497033995], [80.67533008642414, 20.210090624658676], [80.67527492806907, 20.210156278949704], [80.67521976971399, 20.21022193237001], [80.67516461046063, 20.21028758660566], [80.6751094512072, 20.210353240813596], [80.67505429285214, 20.21041889499384], [80.67499913449706, 20.210484548303373], [80.67494397524368, 20.210550202428237], [80.6748888159903, 20.21061585652539], [80.67483365763523, 20.210681509751836], [80.67477849838181, 20.21074716379361], [80.67471954374635, 20.21081068922238], [80.6746605891109, 20.21087421462524], [80.67460163447542, 20.210937740002155], [80.67454267894165, 20.211001265353133], [80.67448372430616, 20.211064790678183], [80.67442476967072, 20.211128315134303], [80.67436581413693, 20.211191840407498], [80.67430685860313, 20.211255365654775], [80.6742479039677, 20.2113188900331], [80.67418894843391, 20.211382415228496], [80.67412999379845, 20.211445940398004], [80.67407103826467, 20.211509465541532], [80.67401208362918, 20.21157298981617], [80.6739531280954, 20.211636514907855], [80.67389417345993, 20.2117000399736], [80.67383521882448, 20.211763564170443], [80.67377626329068, 20.211827089184332], [80.67371730865523, 20.21189061417229], [80.67365835312145, 20.211954139134313], [80.67359939848598, 20.212017663227442], [80.6735404429522, 20.212081188137606], [80.67348148831672, 20.212144713021882], [80.67342253368128, 20.212208237037178], [80.67336357814747, 20.212271761869598], [80.6733046226137, 20.212335286676037], [80.67324566797825, 20.21239881145655], [80.67318671334277, 20.212462335368162], [80.673127757809, 20.212525860096818], [80.67306880227522, 20.212589384799532], [80.67300984763973, 20.21265290863336], [80.67295089210596, 20.212716433284207], [80.6728919374705, 20.212779957909138], [80.672832982835, 20.21284348250817], [80.67277402819957, 20.212907006238247], [80.6727150726658, 20.21297053078542], [80.67265611713198, 20.213034055306615], [80.67259716249653, 20.213097578958884], [80.67253820696276, 20.213161103428263], [80.67247925232728, 20.213224627028673], [80.6724202967935, 20.213288152289156], [80.67236134215803, 20.213351675837725], [80.67230238662425, 20.213415200203354], [80.67224343198878, 20.213478723700067], [80.672184476455, 20.213542248013802], [80.67212552181957, 20.21360577145866], [80.67206656628575, 20.213669296563523], [80.67200761075198, 20.213732819956515], [80.67194865611653, 20.213796343323562], [80.67188970058272, 20.213859867507658], [80.67184426738892, 20.213928629145357], [80.67179883419512, 20.21399739075266], [80.67175340100131, 20.214066151486623], [80.67170796780749, 20.214134913033156], [80.67166253461367, 20.21420367454932], [80.67161710141987, 20.21427243603509], [80.67157166822605, 20.214341196647478], [80.67152623503223, 20.214409958072476], [80.67148080183844, 20.214478719467092], [80.67143536864464, 20.21454748083134], [80.6713899354508, 20.214616242165167], [80.67134450315534, 20.214685002625654], [80.6712990699615, 20.21475376389873], [80.6712536367677, 20.214822525141432], [80.67120820357391, 20.214891286353726], [80.67116277038009, 20.214960046692678], [80.67111733718627, 20.215028807844195], [80.67107190399247, 20.215097568965348], [80.67102722538348, 20.215168655839246], [80.67098254677452, 20.215239741837706], [80.67093786816555, 20.215310828646647], [80.67089318865828, 20.215381915423148], [80.67084851004931, 20.215453001324153], [80.67080383144034, 20.215524088035693], [80.67075915283137, 20.21559517471474], [80.6707144742224, 20.215666260518333], [80.67066979561342, 20.215737347132418], [80.67062511700445, 20.215808433714066], [80.67058043839548, 20.215879520263194], [80.6705357597865, 20.215950606779842], [80.67049108117753, 20.216021693264047], [80.67044640256856, 20.216092779715733], [80.67040172395959, 20.216163865291993], [80.67035704535061, 20.216234951678736], [80.67031236674164, 20.21630603803302], [80.67026768813267, 20.21637712351183], [80.6702230095237, 20.216448209801158], [80.67017833091472, 20.216519296057992], [80.67013365230575, 20.21659038143937], [80.67008897369678, 20.216661467631248], [80.6700442950878, 20.216732553790667], [80.66999961647883, 20.216803639074595], [80.66995493786989, 20.216874725169056], [80.66991025926093, 20.216945811231], [80.66986558065196, 20.217016897260514], [80.66982090204299, 20.21708798325751], [80.669776223434, 20.217159069222028], [80.66973154482503, 20.217230154311114], [80.66968686621607, 20.21730123936771], [80.66964218670877, 20.217372325234788], [80.66959750720149, 20.21744341106942], [80.66955282859253, 20.217514496028553], [80.66950814908522, 20.217585581798215], [80.66946347047624, 20.217656666692434], [80.66941879186727, 20.217727751554126], [80.66937411236, 20.21779883722636], [80.66932287065957, 20.2178617612706], [80.66927162895914, 20.217924685289358], [80.669220388157, 20.21798760843975], [80.66916914645657, 20.21805053240764], [80.66911790475613, 20.218113456350054], [80.6690666630557, 20.218176380267042], [80.66901542135527, 20.21823930415858], [80.66896418055313, 20.218302227181695], [80.6689129388527, 20.21836515102233], [80.66886169715227, 20.21842807483752], [80.66881045545183, 20.21849099862725], [80.66875921464971, 20.218553921548562], [80.66870797294926, 20.218616845287404], [80.66865673124883, 20.218679769000776], [80.66861319709353, 20.218752275470337], [80.66856966293822, 20.21882478274907], [80.66852612878293, 20.218897289151023], [80.66848259462762, 20.21896979551924], [80.66843905957401, 20.21904230269656], [80.66839552541872, 20.21911480899717], [80.66835199126342, 20.219187315263966], [80.66830845620981, 20.21925982233993], [80.6682649220545, 20.21933232853913], [80.66822138789921, 20.21940483470454], [80.6681778528456, 20.21947734167912], [80.6681343186903, 20.21954984777694], [80.668090784535, 20.21962235384098], [80.6680472503797, 20.219694860714164], [80.66800371622439, 20.2197673667106], [80.6679601820691, 20.21983987267328], [80.66791664701549, 20.219912379445056], [80.66787311286018, 20.219984885340143], [80.66782957870487, 20.22005739120139], [80.66778604365128, 20.22012989787181], [80.66774250949598, 20.22020240366548], [80.66769897534067, 20.220274909425342], [80.66765544118537, 20.220347415994375], [80.66761190703006, 20.22041992168665], [80.66756837287477, 20.220492427345143], [80.66752483782116, 20.22056493381278], [80.66748130366585, 20.220637439403667], [80.66743776951054, 20.220709944960802], [80.66739423445695, 20.220782451327022], [80.66735070030165, 20.220854956816552], [80.66730716614634, 20.220927462272265], [80.66726363199105, 20.220999968537125], [80.66722009783574, 20.221072473925233], [80.66717656368047, 20.22114497927955], [80.66713302862684, 20.221217485443013], [80.66708949447154, 20.22128999072975], [80.66704596031623, 20.22136249598266], [80.66700242526262, 20.221435002044753], [80.66695889110733, 20.221507507230072], [80.66690661724263, 20.221570428931248], [80.66685434337793, 20.221633349764016], [80.66680206951322, 20.221696271414267], [80.66674979564853, 20.22175919303903], [80.66669752178383, 20.22182211463838], [80.66664524791913, 20.22188503536932], [80.66659297405444, 20.221947956917777], [80.66654070018974, 20.222010878440752], [80.66648842632505, 20.222073799095348], [80.66643615246035, 20.22213672056741], [80.66638387859565, 20.222199642014026], [80.66633160473096, 20.222262563435212], [80.66627933086625, 20.222325483987955], [80.66622705700155, 20.222388405358224], [80.66614632271201, 20.22242257819704], [80.66606558842251, 20.222456751028364], [80.66598485503127, 20.22249092300922], [80.66590412074176, 20.222525095825542], [80.66582338645222, 20.222559267791386], [80.66574265216269, 20.22259344059266], [80.66566191787317, 20.22262761254349], [80.66558118448194, 20.222661784486817], [80.66550045019243, 20.222695957265596], [80.66541971590289, 20.222730130036858], [80.66533898161335, 20.222764301957664], [80.66525824732385, 20.222798474713876], [80.66517751303431, 20.22283264746262], [80.6650967796431, 20.222866819360895], [80.66501604535355, 20.222900991251663], [80.66493531106401, 20.222935163977876], [80.6648523552408, 20.22296457662444], [80.66476939941757, 20.222993989265444], [80.66468644359432, 20.22302340190089], [80.6646034868728, 20.2230528153737], [80.66452053194787, 20.223082227998], [80.66443757522634, 20.223111641459713], [80.66435461940313, 20.223141054072883], [80.66427166268157, 20.223170467523452], [80.66418870775668, 20.223199880125527], [80.66410575193343, 20.223229293564952], [80.6640227961102, 20.223258706155907], [80.66393984028699, 20.223288118741262], [80.66385688356546, 20.22331753216405], [80.66377392864052, 20.223346944738285], [80.66369097191901, 20.223376358149903], [80.66360801699408, 20.223405770713047], [80.66352506117084, 20.22343518411354], [80.66344210444932, 20.223464597508478], [80.66335914862609, 20.223494010054942], [80.66327619280285, 20.22352342259582], [80.66319323697962, 20.22355283597408], [80.6631102811564, 20.223582248503817], [80.66302732533318, 20.223611661870965], [80.66294436950996, 20.223641074389583], [80.66286141368671, 20.223670486902666], [80.6627784578635, 20.223699900253084], [80.66269550204026, 20.22372931275505], [80.66261254621703, 20.223758726094363], [80.6625295903938, 20.223788138585157], [80.66244663367225, 20.223817551913378], [80.66236367784903, 20.22384696439305], [80.6622807220258, 20.223876377710102], [80.66219776620257, 20.22390579017868], [80.66211481037934, 20.223935203484626], [80.6620318545561, 20.223964615942073], [80.66194889873289, 20.223994028393935], [80.66186594290964, 20.224023441683215], [80.66178298708645, 20.224052854123947], [80.66170003126324, 20.22408226740208], [80.66161707543999, 20.224111679831715], [80.66153411961677, 20.224141093098705], [80.66145116289522, 20.224170506360146], [80.66136820707199, 20.224199918773106], [80.66128525124876, 20.224229331180492], [80.66120229542553, 20.224258744425242], [80.66111933960231, 20.22428815682147], [80.66103638377908, 20.22431757005509], [80.66095342795585, 20.224346982440235], [80.66087047213261, 20.22437639481981], [80.6607875163094, 20.22440580803674], [80.66070456048617, 20.224435220405155], [80.66062160466294, 20.224464633611003], [80.6605386488397, 20.2244940459683], [80.66045569211819, 20.224523459162974], [80.66037273629495, 20.224552871509182], [80.66028978047173, 20.224582284692737], [80.6602068246485, 20.22461169702782], [80.66012386882528, 20.224641110200245], [80.66004091300204, 20.2246705225242], [80.65995703460904, 20.224697637861475], [80.65987315531768, 20.224724753194067], [80.65978927692464, 20.224751867679004], [80.65970539853163, 20.22477898300213], [80.65962151924028, 20.224806098320496], [80.65953764084726, 20.22483321279126], [80.65945376155592, 20.224860328100213], [80.65936988316291, 20.224887442561485], [80.65928600476985, 20.224914557860977], [80.65920212547854, 20.22494167315573], [80.6591182470855, 20.22496878760282], [80.65903436869249, 20.224995902888136], [80.65895048940115, 20.225023018168717], [80.65886661100814, 20.22505013260162], [80.65878273171678, 20.22507724787274], [80.65869885332377, 20.225104363139135], [80.65861497493073, 20.225131477557866], [80.65853109563942, 20.22515859281481], [80.65844721724636, 20.225185707224075], [80.65836333885335, 20.225212822471555], [80.65827945956201, 20.225239937714317], [80.658195581169, 20.22526705210941], [80.65811170187764, 20.225294167342703], [80.65802782348464, 20.225321282571276], [80.65794394509159, 20.225348396952196], [80.65786006580025, 20.225375512171304], [80.65777618740724, 20.225402627385694], [80.65769230901422, 20.225429741752418], [80.65760842972287, 20.225456856957354], [80.65752455132986, 20.22548397215756], [80.65744067203852, 20.22551108735304], [80.65735679364548, 20.225538201700857], [80.65727291525245, 20.22556531688688], [80.65718903596111, 20.225592432068165], [80.6571051575681, 20.225619546401806], [80.65702127917508, 20.22564666157364], [80.65693739988374, 20.225673776740756], [80.65685352149072, 20.2257008910602], [80.65676964219938, 20.22572800621785], [80.65668576380632, 20.225755120527854], [80.65660188541332, 20.22578223567605], [80.65651800612197, 20.225809350819514], [80.65643412772897, 20.225836465115332], [80.65635024933594, 20.225863580249346], [80.6562663700446, 20.225890695378634], [80.65618249165155, 20.225917809660295], [80.65609861236024, 20.225944924780094], [80.6560147339672, 20.225972039895215], [80.6559308555742, 20.225999154162675], [80.65584697628285, 20.226026269268303], [80.65576309788982, 20.226053383526313], [80.65567921949678, 20.226080498622512], [80.65559534020547, 20.226107613713943], [80.65551146181242, 20.22613472795778], [80.65542758252107, 20.226161843039794], [80.65534370412807, 20.22618895811704], [80.65525982573504, 20.22621607234669], [80.6551759464437, 20.22624318741452], [80.65509206805069, 20.22627030247763], [80.65500818965765, 20.226297416693058], [80.65492431036634, 20.2263245317467], [80.6548404319733, 20.226351646795614], [80.65475655268195, 20.22637876183977], [80.65467267428892, 20.22640587603633], [80.65459970952828, 20.226421686678126], [80.65452674566598, 20.22643749647537], [80.65445378090533, 20.226453307113935], [80.65438081614468, 20.22646911690796], [80.65430425003808, 20.226440908613082], [80.65422768393147, 20.2264127003131], [80.65415111692654, 20.226384492007984], [80.65407455081993, 20.226356283697775], [80.6540272176893, 20.226292060778206], [80.65397988366034, 20.226227836989203], [80.6539325496314, 20.226163614016585], [80.65388521650075, 20.226099391017453], [80.65383788247183, 20.226035167148883], [80.65379054844287, 20.225970944096698], [80.65374321441391, 20.22590672101799], [80.65369588038496, 20.225842497912755], [80.65364854635602, 20.22577827478103], [80.65362035093419, 20.225699995032617], [80.65359215461406, 20.22562171440193], [80.65356395919223, 20.225543434574718], [80.6535357628721, 20.225465153865194], [80.65350756745028, 20.225386873959202], [80.6534793711301, 20.225308593170862], [80.65345117570831, 20.22523031318607], [80.65342297938815, 20.225152032318917], [80.65339478396635, 20.225073752255327], [80.65335171064679, 20.225005660613377], [80.65330863732724, 20.224937568941584], [80.65326556310934, 20.22486947639706], [80.65322248978978, 20.224801384665636], [80.65317941647024, 20.224733292904446], [80.65313634315068, 20.224665201113392], [80.65309326893282, 20.224597108449622], [80.65305019561325, 20.22452901659898], [80.65300712229369, 20.224460924718493], [80.65296404897414, 20.224392832808196], [80.65292097475624, 20.224324740025168], [80.65287790143668, 20.224256648055277], [80.65283482811714, 20.224188556055545], [80.65277979283125, 20.224125128811448], [80.65272475844371, 20.224061702384425], [80.6526697231578, 20.2239982750886], [80.65261468787192, 20.223934847766913], [80.65255965348439, 20.22387142126228], [80.65250461819846, 20.22380799388885], [80.6524495829126, 20.22374456648957], [80.65239454762671, 20.22368113906441], [80.65233951323914, 20.223617712456313], [80.65228447795327, 20.223554284979414], [80.65222944266739, 20.223490857476637], [80.65217440738151, 20.223427430790956], [80.65211937209564, 20.223364003236465], [80.65206433680973, 20.223300575656083], [80.65200930242219, 20.22323714889281], [80.65195426713632, 20.223173721260686], [80.6518992318504, 20.223110293602723], [80.65184419656453, 20.22304686591891], [80.65178916127864, 20.22298343820922], [80.65173412599277, 20.222920011316585], [80.65167909070689, 20.22285658439809], [80.65162405542102, 20.222793156610795], [80.65155682999674, 20.222737252875493], [80.65148960367412, 20.222681348277142], [80.6514223773515, 20.22262544365873], [80.65135515192725, 20.222569539863123], [80.65128792560462, 20.222513635204507], [80.65122070018033, 20.222457730525786], [80.65115347475606, 20.222401825826967], [80.65108624843347, 20.222345921108047], [80.65101902300918, 20.22229001636908], [80.65095179758488, 20.222234111609982], [80.65088457216059, 20.222178206830783], [80.65081734673632, 20.222122302031497], [80.65075012131203, 20.22206639721215], [80.6506828949894, 20.22201049237267], [80.65061566956511, 20.22195458751311], [80.65054844414084, 20.221898682633483], [80.65048121781825, 20.221842777733727], [80.65041399239396, 20.22178687365682], [80.65034676696968, 20.22173096871689], [80.65027954064705, 20.221675063756848], [80.65021231522277, 20.22161915877673], [80.65014358422206, 20.221569693039555], [80.65007485232306, 20.221520226443733], [80.65000612132232, 20.221470760675096], [80.64993738942331, 20.22142129404781], [80.64986865752432, 20.221371827404752], [80.6497999265236, 20.221322360745994], [80.6497311955229, 20.221272894914446], [80.64966246362388, 20.2212234282242], [80.64959373172488, 20.22117396151824], [80.64952500072415, 20.221124495639504], [80.64945626882513, 20.2210750289021], [80.64938753692614, 20.221025562148913], [80.64931880592542, 20.220976095380045], [80.64925007492472, 20.22092662859541], [80.649181343924, 20.220877161795066], [80.64911261202498, 20.220827694978986], [80.6490438810243, 20.220778228990152], [80.64897514912526, 20.220728762142596], [80.64890641812458, 20.22067929527934], [80.64883768622556, 20.22062982840031], [80.64876895522484, 20.220580362348525], [80.64870022332582, 20.220530895438085], [80.64862073769454, 20.22049602759153], [80.64854125206327, 20.220461160580104], [80.64846176643196, 20.220426292717928], [80.64838228080069, 20.220391424847943], [80.64830279516941, 20.22035655781307], [80.64822330953811, 20.220321689927445], [80.64814382390684, 20.220286822034012], [80.64806433827556, 20.22025195413273], [80.64798485354258, 20.220217087066622], [80.6479053679113, 20.22018221914974], [80.6478258813817, 20.220147351225012], [80.64774639664873, 20.22011248413546], [80.64766691101745, 20.220077616195105], [80.64758742538615, 20.220042748246954], [80.64750793975487, 20.22000788029099], [80.6474284541236, 20.219973012327216], [80.6473489684923, 20.21993814435563], [80.64726948286102, 20.219903276376183], [80.6471908694939, 20.21987005720895], [80.64711225612673, 20.21983683803461], [80.6470336436579, 20.219803619696155], [80.64695503029075, 20.21977040050764], [80.64687641692362, 20.21973718131204], [80.64679780355647, 20.219703962109328], [80.64671919108764, 20.219670743742505], [80.6466405777205, 20.219637524525606], [80.64656196435335, 20.219604305301637], [80.64648335098623, 20.21957108607055], [80.64640473761906, 20.219537866832372], [80.64632612515022, 20.219504647587115], [80.6462475117831, 20.21947142833475], [80.64616889841595, 20.219438209075296], [80.64608386119622, 20.219425080857047], [80.64599882397647, 20.21941195179478], [80.64591378675674, 20.219398823574316], [80.64582874953697, 20.219385694509825], [80.64574371231724, 20.219372566287177], [80.64565867509751, 20.219359437220444], [80.64557363787777, 20.21934630899557], [80.64548860065804, 20.219333179926636], [80.6454035634383, 20.219320051699544], [80.64531852621856, 20.219306922628373], [80.64523348989712, 20.219293794399093], [80.64514845267738, 20.21928066616867], [80.64506341545764, 20.219267537937167], [80.64497837823791, 20.219254409704504], [80.64489334101818, 20.219241281470772], [80.6448083037984, 20.219228153235935], [80.64472326657867, 20.219215025], [80.64463822935893, 20.219201896762925], [80.6445531921392, 20.219188768524738], [80.64446815491945, 20.219175640285474], [80.64438311769972, 20.219162512045088], [80.64429808047998, 20.21914938380361], [80.64431701876279, 20.2190697123649], [80.64433595794394, 20.218990040885384], [80.64435489622674, 20.218910369365073], [80.64437383540789, 20.21883069780397], [80.64439277369068, 20.218751026202057], [80.64441171197353, 20.21867135455933], [80.64443065115468, 20.218591682875793], [80.64444958943749, 20.218512011151464], [80.64446852772028, 20.21843233938634], [80.64448746600313, 20.218352667580437], [80.64450640428595, 20.21827299573371], [80.64452534256874, 20.218193323846158], [80.64454428085159, 20.21811365191783], [80.6445632191344, 20.21803397994869], [80.6445821574172, 20.21795430793875], [80.64460109570005, 20.217874635888034], [80.64462003398286, 20.217794963796493], [80.64463897226565, 20.217715291664152], [80.6446579105485, 20.217635619491013], [80.64467684883132, 20.21755594727706], [80.64469578711413, 20.217476275022317], [80.64471472539697, 20.217396602726776], [80.64473366367977, 20.21731693039046], [80.64475260196258, 20.217237258013316], [80.64477154024543, 20.217157585595363], [80.64478151873158, 20.21707549044044], [80.64479149811606, 20.216993395242195], [80.64480147660227, 20.216911300843616], [80.64481145598674, 20.216829205558735], [80.6448214344729, 20.216747110230546], [80.64483141385743, 20.216665014859025], [80.64484139234358, 20.216582919444186], [80.64485137082978, 20.216500824829026], [80.64486134931593, 20.216418729327547], [80.64487132780214, 20.216336633782763], [80.64488130628828, 20.216254538194658], [80.64489128477449, 20.216172442563234], [80.64490126326064, 20.21609034773149], [80.64491124174684, 20.21600825201343], [80.64492122023299, 20.215926156252063], [80.64493119871919, 20.215844060447377], [80.64494117720534, 20.215761965442358], [80.64495115569154, 20.215679869551046], [80.64496113417769, 20.2155977736164], [80.64497111266388, 20.21551567763845], [80.64498109115004, 20.21543358161718], [80.64499106963623, 20.21535148639559], [80.6450010481224, 20.215269390287695], [80.64501102660859, 20.215187294136467], [80.64502100509478, 20.215105197941945], [80.64503098358094, 20.21502310170409], [80.64504096206713, 20.21494100626593], [80.64505094055329, 20.21485890994145], [80.64506091903948, 20.214776813573668], [80.64507089752564, 20.21469471716255], [80.64508087601182, 20.214612620708166], [80.64509085449798, 20.21453052505341], [80.64510083298417, 20.214448428512362], [80.64511081147033, 20.214366331927994], [80.64513051421947, 20.21428539609105], [80.64515021607029, 20.214204460211985], [80.64516991881942, 20.214123524290848], [80.64518962067022, 20.214042588327573], [80.64520932341934, 20.213961652322215], [80.64522902616847, 20.213880716274783], [80.64524872801928, 20.21379978102823], [80.64526843076843, 20.213718844896576], [80.64528813351752, 20.213637908722863], [80.64530783626667, 20.213556972507014], [80.64532753901581, 20.213476036249055], [80.64534724176491, 20.21339509994906], [80.64536694451405, 20.213314163606935], [80.6453866472632, 20.21323322722272], [80.6454063500123, 20.21315229079641], [80.64542605276144, 20.213071354327983], [80.64544575551056, 20.21299041781749], [80.64546545825968, 20.212909481264884], [80.6454851610088, 20.21282854551318], [80.64550486375795, 20.212747608876366], [80.64552456650705, 20.212666672197507], [80.64554426925619, 20.212585735476523], [80.64556397200529, 20.212504798713468], [80.64558367475443, 20.212423861908274], [80.64560337750358, 20.21234292506101], [80.64560962438806, 20.212262668469624], [80.6456158703742, 20.212182411836825], [80.6456221172587, 20.212102154319627], [80.64562836324488, 20.21202189760407], [80.64563461012936, 20.211941640847094], [80.64564085611555, 20.211861384048742], [80.64564710300002, 20.211781126366002], [80.64565334988451, 20.211700869484893], [80.645659596769, 20.21162061256237], [80.64566584365348, 20.21154035559845], [80.64567209053796, 20.211460097750173], [80.64567833742244, 20.211379840703472], [80.64568458430692, 20.21129958361541], [80.64565673653313, 20.211223630853418], [80.64562888965764, 20.21114767889742], [80.64560104188381, 20.21107172606131], [80.64557319411004, 20.210995773188166], [80.6455453463362, 20.210919821120935], [80.6455174985624, 20.210843868173622], [80.6454896516869, 20.21076791603226], [80.64546180391311, 20.210691963010838], [80.64543395613929, 20.210616009952318], [80.6454061083655, 20.210540057699767], [80.64537826059168, 20.21046410456715], [80.64533232254468, 20.21039501009714], [80.64528638449768, 20.210325914753458], [80.64524044645067, 20.21025682022214], [80.64519450840368, 20.210187725660145], [80.64514857125499, 20.210118631067438], [80.645102633208, 20.210049535601062], [80.64505669516099, 20.209980440947035], [80.645010757114, 20.209911346262313], [80.64496481906698, 20.209842250703915], [80.64491888102002, 20.20977315595787], [80.64488486541346, 20.209695248353515], [80.64485085070523, 20.209617341553205], [80.64481683599699, 20.209539433870873], [80.64478282039045, 20.20946152614955], [80.64474880478389, 20.209383618389197], [80.64471479007565, 20.209305711432897], [80.64468077536743, 20.20922780359458], [80.6446467606592, 20.209149895717246], [80.64461274505264, 20.20907198780094], [80.64457873034442, 20.20899408068867], [80.64454471473785, 20.208916172694337], [80.64451070002961, 20.20883826466104], [80.64447668442307, 20.208760356588762], [80.64444266971483, 20.208682449320477], [80.6444086550066, 20.2086045411702], [80.64437463940006, 20.208526632980927], [80.64434062379352, 20.20844872475266], [80.64430660908529, 20.2083708173284], [80.64427259437704, 20.20829290902215], [80.64423857877051, 20.208215000676905], [80.64420456406228, 20.20813709229265], [80.64417054935402, 20.20805918471242], [80.6441365337475, 20.207981276250177], [80.64410251903927, 20.207903367748955], [80.6440685034327, 20.207825459208742], [80.64403448872449, 20.207747551472522], [80.64400047311791, 20.20766964285433], [80.64396645840968, 20.207591734197123], [80.64391918995776, 20.20752221441203], [80.64387192060751, 20.207452694595883], [80.64382465125725, 20.207383174748706], [80.64377738280531, 20.2073136557135], [80.64373011435337, 20.20724413580422], [80.64368284500314, 20.20717461586389], [80.6436355765512, 20.20710509589251], [80.64358830809925, 20.20703557589008], [80.64354103874899, 20.206966055856597], [80.64349377029708, 20.206896536635124], [80.64344650094682, 20.20682701653956], [80.64339923249489, 20.206757496412937], [80.64335196314465, 20.206687976255274], [80.64330469469272, 20.20661845606657], [80.64325742624078, 20.206548935846808], [80.6432101568905, 20.206479415596004], [80.64316288843857, 20.20640989615721], [80.64311561908833, 20.20634037584431], [80.6430683506364, 20.206270855500367], [80.64302108218446, 20.20620133512537], [80.64297381283423, 20.206131814719345], [80.64292654438229, 20.206062294282262], [80.64287927503202, 20.205992773814163], [80.64283200658008, 20.205923254158012], [80.64278473722985, 20.20585373362779], [80.64273746877791, 20.205784213066515], [80.64269020032597, 20.20571469247421], [80.64264293097571, 20.205645171850886], [80.64259566162548, 20.205575651196483], [80.64254839317354, 20.205506131354053], [80.64250112472159, 20.205436610637566], [80.64245385537137, 20.20536708989005], [80.64240658691942, 20.205297569111476], [80.64234851353123, 20.205235577441144], [80.64229043924475, 20.205173585746167], [80.64223236585659, 20.20511159402651], [80.64217429157009, 20.20504960228214], [80.64211621818193, 20.204987610513108], [80.64205814479375, 20.204925618719393], [80.64200007050725, 20.204863626900988], [80.64194199711909, 20.204801635057873], [80.6418839228326, 20.204739643190102], [80.64182584944444, 20.204677651297636], [80.64176777605626, 20.204615659380504], [80.64170970176977, 20.204553666595615], [80.6416516283816, 20.20449167462912], [80.64159355409511, 20.20442968263792], [80.64153548070692, 20.204367690622036], [80.64147740642044, 20.20430569858147], [80.64141933303227, 20.204243706516227], [80.64136125964411, 20.204181714426277], [80.64130318535763, 20.204119722311656], [80.64124511196944, 20.204057730172355], [80.64118703768295, 20.203995738008373], [80.64112896429478, 20.20393374581971], [80.64106612803897, 20.203874887192196], [80.64100329088484, 20.20381602769938], [80.64094045373072, 20.20375716902736], [80.64087761657662, 20.203698309490026], [80.6408147812191, 20.203639450773505], [80.64075194406497, 20.20358059119168], [80.64068910780917, 20.20352173243066], [80.64062627065503, 20.20346287280432], [80.64056343350093, 20.20340401315577], [80.64050059724511, 20.203345154327966], [80.6404377609893, 20.203286295477938], [80.6403749238352, 20.203227435762635], [80.64031208757936, 20.20316857686809], [80.64024925042526, 20.20310971710827], [80.64018641416946, 20.203050858169252], [80.64012357701533, 20.202991998364904], [80.6400607398612, 20.202933138538317], [80.63999790360539, 20.202874279532544], [80.63993506645126, 20.202815419661444], [80.63987223019545, 20.20275655976813], [80.63980939393966, 20.202697700695566], [80.63974655678552, 20.20263884075776], [80.63968372052972, 20.20257998079767], [80.63962088427391, 20.202521120815312], [80.6395580480181, 20.202462260810755], [80.63949521176227, 20.202403401626974], [80.63943237460818, 20.202344541577876], [80.63936953835237, 20.202285681506527], [80.63930670209653, 20.20222682141294], [80.63924386584073, 20.202167961297114], [80.63917772737793, 20.20211323548211], [80.63911158891516, 20.202058509647845], [80.63904545045236, 20.20200378379433], [80.63897931198957, 20.201949057921613], [80.63891317352676, 20.201894332029653], [80.63884703506396, 20.20183960611847], [80.63878089660119, 20.201784880188033], [80.6387147581384, 20.201730155081453], [80.63864861967559, 20.201675429112573], [80.6385824812128, 20.201620703124405], [80.63851634275, 20.201565977117053], [80.63845020428722, 20.201511251090466], [80.63838406582444, 20.20145652504464], [80.63831792736163, 20.201401798979578], [80.63825178889883, 20.201347072895285], [80.63818565043603, 20.20129234679175], [80.63811951197326, 20.201237620668994], [80.63804664423067, 20.201193157893115], [80.63797377558976, 20.201148695104525], [80.63790090784715, 20.20110423230325], [80.63782804010458, 20.20105976948927], [80.6377551714637, 20.2010153066626], [80.63768230372109, 20.20097084382324], [80.6376094359785, 20.20092638097118], [80.63753656823592, 20.200881918106433], [80.63746369959503, 20.200837455228967], [80.63739083185243, 20.200792992338855], [80.63731796410984, 20.200748529436005], [80.63724509546896, 20.200704066520473], [80.63717222772637, 20.200659603592232], [80.63709487918712, 20.200620087723156], [80.63701753154623, 20.200580572687134], [80.636940183007, 20.20054105679803], [80.63686283536612, 20.200501541741932], [80.63678548682687, 20.20046202667583], [80.63670813828764, 20.200422510756642], [80.63663079064673, 20.20038299567048], [80.63655344210753, 20.20034347973124], [80.63647609356829, 20.200303963781977], [80.6363987459274, 20.200264448665724], [80.63632139738814, 20.200224932696372], [80.63624404974723, 20.200185417560096], [80.63616670120803, 20.200145901570696], [80.6360893526688, 20.200106385571292], [80.6360120050279, 20.200066870404903], [80.63593465648869, 20.20002735438545], [80.63585730794944, 20.199987838355934], [80.63577996030853, 20.19994832315947], [80.6357026117693, 20.19990880710993], [80.6356252641284, 20.199869291893403], [80.63554791558919, 20.19982977582381], [80.63547056704998, 20.199790259744184], [80.63539321940907, 20.199750744497592], [80.63531587086985, 20.199711228397877], [80.63523860138234, 20.19966948912733], [80.63516133189488, 20.199627749002527], [80.6350840624074, 20.19958600970959], [80.63500679291991, 20.199544270405447], [80.63492952343245, 20.19950253024708], [80.63485225484327, 20.199460790920586], [80.63477498535579, 20.199419051582904], [80.6346977158683, 20.199377312234006], [80.63462044548253, 20.199335572030908], [80.63454317599503, 20.199293832659656], [80.63446590650757, 20.199252093277217], [80.6343886370201, 20.199210353883572], [80.63431136753259, 20.199168614478772], [80.63423409804513, 20.199126875062785], [80.63415682855765, 20.199085135635606], [80.63407955907016, 20.19904339619724], [80.63400228868436, 20.199001655904606], [80.6339250191969, 20.19895991644385], [80.63384774970943, 20.19891817697194], [80.63377048022191, 20.19887643748882], [80.63369321073445, 20.198834697994517], [80.63361594124699, 20.19879295848903], [80.63353867175948, 20.198751218972347], [80.63346140227202, 20.198709479444496], [80.63338413188622, 20.198667739062362], [80.63330686239875, 20.19862599951213], [80.63322959291128, 20.198584259950707], [80.63315232342377, 20.198542520378098], [80.63307505393631, 20.198500780794266], [80.63299778444885, 20.198459041199282], [80.63292051496134, 20.198417301593125], [80.63284324547388, 20.19837556197576], [80.63276597598642, 20.19833382234721], [80.63269110949231, 20.198289516396684], [80.63261624209989, 20.198245210433534], [80.63254137560578, 20.198200905300894], [80.6324665082134, 20.19815659931253], [80.632391640821, 20.198112293311585], [80.6323167743269, 20.198067987298018], [80.63224190783279, 20.19802368127186], [80.6321670404404, 20.197979375233103], [80.6320921739463, 20.197935069181725], [80.6320173074522, 20.197890763117755], [80.63194244005977, 20.197846457041177], [80.63186757356571, 20.197802150952025], [80.63179270707161, 20.197757844850234], [80.63171783967917, 20.197713538735844], [80.63164297318512, 20.19766923260886], [80.631568106691, 20.197624926469253], [80.63149324019692, 20.197580620317055], [80.63141837370281, 20.197536314152234], [80.63134350720871, 20.197492007974816], [80.63126864071462, 20.197447701784807], [80.63119377332222, 20.19740339558219], [80.63111890682812, 20.197359089366962], [80.63104404033403, 20.19731478313913], [80.63096917294163, 20.19727047689874], [80.63089430644753, 20.197226170645703], [80.63081943995344, 20.19718186438006], [80.63074457256104, 20.19713755810182], [80.63066970606694, 20.197093251810962], [80.63059483957284, 20.197048945507518], [80.63051997218044, 20.19700463919146], [80.63044510568635, 20.1969603328628], [80.63037023919225, 20.19691602652155], [80.63029537179985, 20.196871720167675], [80.63022050530576, 20.19682741380121], [80.63014563881165, 20.19678310742213], [80.63007077141921, 20.196738801030474], [80.62999590492517, 20.196694494626197], [80.62992240117532, 20.1966524881336], [80.62984889742552, 20.196610481629698], [80.62977539457405, 20.196568475957534], [80.62970189082422, 20.196526470274048], [80.6296283870744, 20.196484463736123], [80.62955488332462, 20.196442457186915], [80.62948138047311, 20.196400451469437], [80.6294078767233, 20.196358445740632], [80.6293343729735, 20.196316439157393], [80.6292608692237, 20.196274432562856], [80.6291873663722, 20.196232426800073], [80.62911386262239, 20.19619042102594], [80.62904035887259, 20.196148414397395], [80.6289668551228, 20.196106407757554], [80.62889335227129, 20.196064401949453], [80.62881984852147, 20.196022396130004], [80.62874634477168, 20.195980389456146], [80.62867284102187, 20.195938382770986], [80.62859933817037, 20.19589637691757], [80.62852583442057, 20.195854371052818], [80.62845233067077, 20.19581236433364], [80.62838369309483, 20.195773138099195], [80.62839962920799, 20.195697876680853], [80.62841556532113, 20.195622616069212], [80.62843150143426, 20.19554735457815], [80.62844489262021, 20.19547598221163], [80.62845828470445, 20.19540460981239], [80.6284716758904, 20.195333237380478], [80.62848506707631, 20.195261864915846], [80.6284984582623, 20.19519049241852], [80.62850228867865, 20.195119143494978], [80.62850611819671, 20.195047794538713], [80.62850994861306, 20.19497644470673], [80.62851377813112, 20.19490509568515], [80.62851760854751, 20.194833746630877], [80.62850421107338, 20.194759675203127], [80.62849081359923, 20.194685603740158], [80.62847741612508, 20.194611531398888], [80.6284640186509, 20.19453745986545], [80.62845062117675, 20.19446338829683], [80.62842096060272, 20.194401060977988], [80.62839129913036, 20.19433873363419], [80.62836163765797, 20.194276405422382], [80.62833197708395, 20.19421407802874], [80.62830231650987, 20.194151750610132], [80.62823725872039, 20.194102973382734], [80.62817220182919, 20.194054196983167], [80.62810714403966, 20.194005419725233], [80.62804208714847, 20.19395664329512], [80.62797702935897, 20.19390786684974], [80.6278972975893, 20.193889800996118], [80.62781756671795, 20.193871735983475], [80.62773783494828, 20.193853670968767], [80.62765810317859, 20.19383560595194], [80.62757837230724, 20.193817540933036], [80.62749864053757, 20.19379947591202], [80.62741970198029, 20.193801739625265], [80.62734076432135, 20.19380400333848], [80.62726182576407, 20.193806267051674], [80.6271828872068, 20.193808529921714], [80.62710394954782, 20.19381079279177], [80.62702501099055, 20.19381305650486], [80.62693602208188, 20.193813962833165], [80.62684703407152, 20.193814869161507], [80.62675804516283, 20.1938157754898], [80.62666905715247, 20.193816680975004], [80.6265800682438, 20.19381758730332], [80.62651787518172, 20.19378144882824], [80.62645568122134, 20.1937453095017], [80.62641550317196, 20.193686591192993], [80.62637532512255, 20.193627872862134], [80.62633514797146, 20.193569155352264], [80.62629497082038, 20.193510436977146], [80.626254792771, 20.193451718579894], [80.62622609698755, 20.193385102014602], [80.62619740120414, 20.193318486263944], [80.6261687054207, 20.193251869641685], [80.62614000963724, 20.193185252990926], [80.62611704780026, 20.193118410360906], [80.626094085065, 20.193051566859136], [80.62607112232969, 20.19298472417175], [80.62604815959439, 20.19291788061263], [80.62602519685912, 20.19285103786788], [80.62599101775918, 20.19278523210954], [80.62595683776092, 20.19271942632341], [80.625922658661, 20.192653620509486], [80.62588847956107, 20.19258781551085], [80.62585430046113, 20.19252200964132], [80.6258201213612, 20.192456203743998], [80.62578594226126, 20.192390397818894], [80.6257256751872, 20.192349745033795], [80.6256654081131, 20.192309091395007], [80.62560514103899, 20.192268438588695], [80.62554487396488, 20.192227784928686], [80.62548460689078, 20.192187132101157], [80.62549418113507, 20.192104330745362], [80.62550375627771, 20.192021528502508], [80.62551333142034, 20.191938727058687], [80.62556114964119, 20.191868710440495], [80.62560896876043, 20.191798692947728], [80.6256695637196, 20.191736970756963], [80.62573015778044, 20.191675249384822], [80.62579075273963, 20.19161352714514], [80.62584816766268, 20.191551789705002], [80.62590558168743, 20.19149005224046], [80.62596299661053, 20.191428314751445], [80.62600844956725, 20.19136285575322], [80.6260539016257, 20.19129739672746], [80.62607302585977, 20.19123716917225], [80.62609215099218, 20.19117694075058], [80.62611127612459, 20.19111671314878], [80.62612323000606, 20.191039952958523], [80.62613518388753, 20.19096319188735], [80.6261064638496, 20.19089092287879], [80.62607774291334, 20.190818653836697], [80.6260466495264, 20.19075990491596], [80.62601555613946, 20.190701155973066], [80.62594220779823, 20.190652989765486], [80.62586886035525, 20.190604824386135], [80.62579551201401, 20.1905566589919], [80.62571657794828, 20.190552164352503], [80.62563764298427, 20.190547669712952], [80.62557068435962, 20.190543125329565], [80.62550372483668, 20.190538580102952], [80.6254486895508, 20.19053407618875], [80.62539365426493, 20.190529571431323], [80.62532430791822, 20.190493461702555], [80.62525496157156, 20.190457351965374], [80.62520075453237, 20.19040012557337], [80.62514654659485, 20.19034289831722], [80.62509233865738, 20.190285671883142], [80.62503573311638, 20.190232976330755], [80.62497912757537, 20.19018028076058], [80.62492252203437, 20.190127586015684], [80.62486591559507, 20.190074890409836], [80.62480931005406, 20.190022194786202], [80.62475270451306, 20.189969499144695], [80.62468982334147, 20.189910787000933], [80.62462694216991, 20.189852073991933], [80.62456406099835, 20.189793361803922], [80.62450117982677, 20.189734649593785], [80.6244382986552, 20.189675937361514], [80.62437541748362, 20.18961722426399], [80.62431253631206, 20.189558511987524], [80.62424461469342, 20.189525098329273], [80.62417669307477, 20.18949168382076], [80.62410877145614, 20.189458270148194], [80.62404084983751, 20.189424855625344], [80.62397292821889, 20.18939144193844], [80.62391073964841, 20.189362837402097], [80.62384855107791, 20.189334232017334], [80.62378636250742, 20.18930562747048], [80.62370981706208, 20.189295069915108], [80.6236332716167, 20.189284512359023], [80.62355672617132, 20.18927395480223], [80.62348974239386, 20.1892536431806], [80.62342275771809, 20.189233331556323], [80.62336216186058, 20.18920472108907], [80.6233015669014, 20.189176111459677], [80.62324097104393, 20.189147501825083], [80.62317399445297, 20.189129488536082], [80.62309171416283, 20.189106907212338], [80.62300943387272, 20.189084325042213], [80.62292715448086, 20.189061743711907], [80.62284487419076, 20.189039162378343], [80.62276259390062, 20.189016581041496], [80.62269972710207, 20.18896367174998], [80.62263686120187, 20.18891076244046], [80.62257399440333, 20.18885785311303], [80.62251112760482, 20.18880494292445], [80.6224482608063, 20.188752033561077], [80.62238539490608, 20.188699124179692], [80.62232252810755, 20.188646214780384], [80.6222459943403, 20.188655221031507], [80.62216945967472, 20.188664228125223], [80.62214155440873, 20.18874176010084], [80.62211364914272, 20.188819291194708], [80.62208574297843, 20.188896823093167], [80.62205783771246, 20.18897435495301], [80.62202993244645, 20.189051885931182], [80.62200202628215, 20.189129417713882], [80.62198480018827, 20.18920981269703], [80.62196757409437, 20.1892902067956], [80.6219503480005, 20.189370601695803], [80.62193312280492, 20.18945099571141], [80.62191589671104, 20.18953139052865], [80.62188600526996, 20.18959914863851], [80.62185611472721, 20.189666906718948], [80.62182622418442, 20.18973466392679], [80.62179633274333, 20.189802421948283], [80.62175167838888, 20.18984455591256], [80.62170702403444, 20.189886690708526], [80.62166237057828, 20.189928824650003], [80.62158264330017, 20.18989722967522], [80.6215029160221, 20.18986563469404], [80.621423188744, 20.189834039706447], [80.62139327664168, 20.18976177354661], [80.62136336453933, 20.189689507353247], [80.62133345243701, 20.189617240283276], [80.62130354033467, 20.18954497402288], [80.6212729311397, 20.18947450441681], [80.62124232194469, 20.18940403562206], [80.6212117127497, 20.18933356595224], [80.6211811035547, 20.189263097093736], [80.62115049435974, 20.18919262736019], [80.62109069351125, 20.189151993132516], [80.62103089356111, 20.18911135973735], [80.62097109271262, 20.18907072548847], [80.62091129186419, 20.189030091229018], [80.62084312231052, 20.189042509572435], [80.62077495275688, 20.189054927914885], [80.62070678230492, 20.189067346256344], [80.62063861275128, 20.189079764596833], [80.62057882717416, 20.189136201469015], [80.62051904159705, 20.189192638320762], [80.62045925512163, 20.18924907515209], [80.62039946954454, 20.189305511962964], [80.62031143644332, 20.18931455527327], [80.6202234033421, 20.189323598583073], [80.6201353711392, 20.189332641892328], [80.620047338038, 20.18934168435797], [80.61995930493678, 20.189350727666195], [80.6198942543338, 20.189319100535624], [80.61982920462913, 20.18928747424174], [80.61976415402614, 20.18925584709832], [80.61969910432148, 20.1892242207916], [80.61963405371851, 20.189192593635344], [80.61956827727677, 20.189136138234904], [80.61950250083504, 20.189079683657138], [80.6194367243933, 20.189023228215785], [80.61937094795157, 20.1889667735971], [80.61930517150984, 20.18891031811486], [80.61923939506809, 20.188853862612113], [80.61917361862635, 20.188797407932057], [80.6191078421846, 20.188740952388457], [80.61903267655154, 20.188713858610356], [80.61895751091845, 20.18868676398445], [80.61888234528539, 20.188659670196923], [80.61880717965228, 20.1886325755616], [80.61873201401919, 20.188605481764668], [80.61865684838612, 20.18857838796301], [80.61858168275303, 20.188551294156664], [80.6184971566747, 20.18854073739329], [80.61841262969801, 20.1885301797861], [80.6183281036197, 20.188519622178184], [80.61828505455466, 20.188579458731066], [80.61824200459128, 20.18863929526092], [80.61819895552625, 20.18869913176781], [80.61815590556289, 20.18875896825171], [80.61812720438955, 20.188831247523524], [80.61809850321623, 20.18890352591864], [80.61806980114457, 20.188975805123356], [80.61804109997126, 20.189048083451436], [80.61798366708187, 20.189085703546187], [80.61792623329418, 20.18912332363183], [80.61786880040482, 20.189160943708412], [80.61779227472238, 20.189160941179033], [80.61771574814165, 20.189160937806538], [80.61768704876494, 20.18909618776415], [80.61765835028658, 20.189031438537974], [80.61762965180819, 20.188966688441745], [80.61757511957887, 20.188906171637594], [80.61752058645123, 20.18884565396683], [80.6174660542219, 20.188785137115694], [80.61741152109427, 20.18872461939793], [80.61735698886493, 20.18866410249975], [80.61727246907483, 20.188658829602296], [80.61718795018298, 20.18865355754777], [80.61710343039285, 20.1886482854931], [80.6170189106027, 20.18864301259512], [80.61693439171088, 20.188637740540056], [80.61684987192075, 20.188632467641714], [80.61676514102652, 20.18862989021115], [80.616680409234, 20.18862731193741], [80.61659567833973, 20.18862473366367], [80.6165109474455, 20.188622155389854], [80.61642621655129, 20.188619577116025], [80.61634148475876, 20.188616998842143], [80.61625675386453, 20.188614420568186], [80.61618500093121, 20.188569251866287], [80.61611324799789, 20.18852408230813], [80.61604149596289, 20.18847891358001], [80.61596974302957, 20.188433743995684], [80.61589799009623, 20.188388575241394], [80.61584656244455, 20.188336620998076], [80.61579513479285, 20.188284666737477], [80.61574370624281, 20.188232712459552], [80.61569227859111, 20.188180758164286], [80.6156775183727, 20.18809769246685], [80.61566275725593, 20.188014626725145], [80.61564799703751, 20.187931561782303], [80.61563323592075, 20.18784849595204], [80.61561847570235, 20.187765430077462], [80.61560371458556, 20.18768236415865], [80.61558895436713, 20.18759929819554], [80.6155741932504, 20.187516232188166], [80.61555943303195, 20.18743316697965], [80.61554467191522, 20.187350100883716], [80.61552991169677, 20.187267034743513], [80.61551515147836, 20.187183968559008], [80.61550039036159, 20.187100902330247], [80.61548562924484, 20.18701783605716], [80.61547086902641, 20.186934770582987], [80.61545610880796, 20.186851704221375], [80.61544134769123, 20.186768637815494], [80.61542658747278, 20.186685571365338], [80.61541182635605, 20.186602504870898], [80.6153970652393, 20.18651943833218], [80.61538230502087, 20.18643637259232], [80.61536754480242, 20.186353305965056], [80.61535278458402, 20.186270239293496], [80.6153371323385, 20.18619305430394], [80.6153214809913, 20.186115870119302], [80.6153058287458, 20.186038685053283], [80.6152901773986, 20.185961500792164], [80.61527452515308, 20.185884315649698], [80.61525887290756, 20.185807131312153], [80.61524322066207, 20.185729946093225], [80.61522756841653, 20.185652761679222], [80.61521191617105, 20.185575576383847], [80.61519626392551, 20.185498391893358], [80.61518061168002, 20.18542120652152], [80.61510725525392, 20.18538356109102], [80.6150338988278, 20.185345914808266], [80.61496054240172, 20.18530826935955], [80.61488718507728, 20.185270623058617], [80.61481382865121, 20.185232977591728], [80.6147404722251, 20.185195332115732], [80.61467009012091, 20.185245654239367], [80.61459970891502, 20.185295976346715], [80.61452932681082, 20.185346299280994], [80.61445894560494, 20.18539662135584], [80.61438856350075, 20.185446944257603], [80.61431818229485, 20.18549726629998], [80.61424780019067, 20.185547589169246], [80.61416647930125, 20.185579201045613], [80.61408515841184, 20.185610812072436], [80.61400383752243, 20.185642423935978], [80.61392251663302, 20.185674034949994], [80.61384915122377, 20.185669497169577], [80.6137757849162, 20.185664959389076], [80.61370241950695, 20.18566042160838], [80.61365459409954, 20.18560533503167], [80.61360676869214, 20.185550248435444], [80.61355894418303, 20.18549516181974], [80.61351111877562, 20.185440075184573], [80.61346329336821, 20.18538498852998], [80.61346329067327, 20.18531045478395], [80.61346328708001, 20.185235921002306], [80.61346328348675, 20.185161387185033], [80.6134632798935, 20.18508685248897], [80.61346327630021, 20.1850123186004], [80.61346327270695, 20.18493778467617], [80.61344654607636, 20.18487343758837], [80.61342981944577, 20.184809091317106], [80.6134130928152, 20.184744744176168], [80.6133963661846, 20.184680397008652], [80.61333297656658, 20.184652161748485], [80.61326958694853, 20.184623926483187], [80.61320619733053, 20.18459569121279], [80.6131428077125, 20.18456745593728], [80.61305551212813, 20.184559542167367], [80.61296821654376, 20.18455162755389], [80.6128809200611, 20.184543712940037], [80.61279362447672, 20.184535799168927], [80.61270632889237, 20.184527885397408], [80.61261903330801, 20.184519971625498], [80.6125317368253, 20.184512057010014], [80.61244444124097, 20.184504143237287], [80.61237119440933, 20.18446405498928], [80.61229794757766, 20.184423966730968], [80.61222470074604, 20.184383877619176], [80.61215145391441, 20.18434378934023], [80.61207820708277, 20.184303701050975], [80.61200496025114, 20.18426361275142], [80.61193171341951, 20.18422352444153], [80.61185846658789, 20.18418343612135], [80.61178521975621, 20.18414334779084], [80.61171197292458, 20.18410325945004], [80.61163872609295, 20.18406317109888], [80.61156547926132, 20.184023082737458], [80.61149223242968, 20.183982994365714], [80.61141898559805, 20.183942905983667], [80.61134573876642, 20.18390281759129], [80.61127249193478, 20.18386272918862], [80.61118775654897, 20.183846596356503], [80.61110302116316, 20.183830462679573], [80.61101828577736, 20.18381432984415], [80.61093354949324, 20.183798197007015], [80.61084881410744, 20.18378206416826], [80.61076407872162, 20.183765931327788], [80.61067934333582, 20.183749798485675], [80.61067229335745, 20.183729175021412], [80.61066381415952, 20.18364602263614], [80.61065533406321, 20.18356287020647], [80.61064685486525, 20.183479717732475], [80.61063837566729, 20.183396565214068], [80.61062989646932, 20.183313412651323], [80.61062141637305, 20.18323025920106], [80.61061293717508, 20.18314710654962], [80.6106044579771, 20.183063953853786], [80.61059597788085, 20.182980801113576], [80.61058749868288, 20.182897648329057], [80.6105790194849, 20.182814495500125], [80.6105705393886, 20.18273134262686], [80.61056206019063, 20.18264818970925], [80.61055358099266, 20.182565036747246], [80.6105451017947, 20.182481883740913], [80.61053662169843, 20.18239872984703], [80.61052814250046, 20.182315576751986], [80.6105196633025, 20.182232423612543], [80.61051118320621, 20.182149270428777], [80.61050270400824, 20.18206611720062], [80.61048630526274, 20.18199852866324], [80.61046990741552, 20.18193094093974], [80.61045350867003, 20.181863352343747], [80.61043710992452, 20.181795763718444], [80.61038214111396, 20.181733254268668], [80.61032717320174, 20.181670744793813], [80.6102722043912, 20.18160823445072], [80.61021723558062, 20.181545724925744], [80.61016314622073, 20.181484212837294], [80.61010905596252, 20.181422700724607], [80.61002910230897, 20.181393743969654], [80.60994914955374, 20.18136478636618], [80.60986919590022, 20.181335829600478], [80.60978924314499, 20.18130687198623], [80.60970928949142, 20.1812779152098], [80.60962933673618, 20.181248957584803], [80.60954938308265, 20.181220000797587], [80.60946943032742, 20.181191044005004], [80.60938947667387, 20.181162086363873], [80.60930952302031, 20.18113312956051], [80.60922957026507, 20.18110417190862], [80.60914961661155, 20.181075215094495], [80.60906966385632, 20.181046257431863], [80.60898971020275, 20.181017300607014], [80.60890975744752, 20.180988342933592], [80.608829803794, 20.180959386097957], [80.60876318293589, 20.18090905415884], [80.60869656207778, 20.180858722203464], [80.60862994032136, 20.180808389388663], [80.60856331946326, 20.18075805740078], [80.60849669860515, 20.180707725396665], [80.60843007774706, 20.18065739337629], [80.60836345688897, 20.180607060496516], [80.60829683603086, 20.180556728443637], [80.60823021427443, 20.180506396374497], [80.60816359341635, 20.180456064289125], [80.60809697255824, 20.1804057313443], [80.60803035170014, 20.180355399226425], [80.60796373084202, 20.180305067092302], [80.60789710908563, 20.18025473494192], [80.60783048822752, 20.180204401932098], [80.6077638673694, 20.18015406974921], [80.6077047797833, 20.180099466049324], [80.60764569219718, 20.180044862330316], [80.60758660461101, 20.179990257749036], [80.60752751702492, 20.17993565399175], [80.60746842943875, 20.17988105021538], [80.60740934095432, 20.17982644641986], [80.60735025336821, 20.17977184260523], [80.60729116578209, 20.17971723877146], [80.60723207819593, 20.179662634075424], [80.60717299060983, 20.17960803020342], [80.6071139030237, 20.179553426312278], [80.60707837195925, 20.179481161287583], [80.60704283999652, 20.17940889707259], [80.6070073089321, 20.179336631980895], [80.60697177786767, 20.17926436685573], [80.6069362468032, 20.17919210169707], [80.60690071484046, 20.179119837348072], [80.60686518377604, 20.1790475721224], [80.60685564007444, 20.178993376975477], [80.60684609637289, 20.178939180966534], [80.60686043797638, 20.17890309216122], [80.60691786367924, 20.178857907154015], [80.60697046812396, 20.178833056195497], [80.6070230725687, 20.178808205233036], [80.6070995928612, 20.17879691255909], [80.60717611225544, 20.17878561988434], [80.60723350202566, 20.178754036141395], [80.60727177205342, 20.17871338991723], [80.60731004118284, 20.17867274283928], [80.60731961991871, 20.17861706188182], [80.6073291995529, 20.178561380061325], [80.60733877828878, 20.178505699064097], [80.60733559825266, 20.178434931883395], [80.60733241911487, 20.178364163827432], [80.60732923907877, 20.17829339658252], [80.60735315492656, 20.17824370797243], [80.60737707077439, 20.178194019346524], [80.6074321033653, 20.17817821392506], [80.60748713505792, 20.17816240765878], [80.60754693231314, 20.178166945657736], [80.60760672956835, 20.17817148365653], [80.60765693281633, 20.17820763418338], [80.60770713606428, 20.178243783858683], [80.60774541777012, 20.178297985168456], [80.60778370037426, 20.178352185616166], [80.60782198208011, 20.17840638688828], [80.60786182954949, 20.1784485399538], [80.60790167791716, 20.17849069216475], [80.60794152538654, 20.178532845207485], [80.6079845466038, 20.178562179394664], [80.60802756692277, 20.178591512733153], [80.60810410787656, 20.178596069269517], [80.60815435154868, 20.17858704220085], [80.60820459432254, 20.17857801428848], [80.6082452529706, 20.178559969423453], [80.6082859116187, 20.178541923713176], [80.6083313457108, 20.178535120103827], [80.60837677980292, 20.178528315650965], [80.60845093123807, 20.178553202914753], [80.60852508177487, 20.178578089331367], [80.6085776808297, 20.178605176439625], [80.60863027988454, 20.178632262700013], [80.60868049750555, 20.178639044382532], [80.60873071422826, 20.17864582522154], [80.60878097856165, 20.178641299041054], [80.60883124199674, 20.178636772860415], [80.60889099792944, 20.178600680612355], [80.60895075296382, 20.178564588355975], [80.60897628488082, 20.17851337452174], [80.60900181679783, 20.17846216151385], [80.60902734871483, 20.17841094764595], [80.60905126456265, 20.178332686239774], [80.60907518130878, 20.17825442563751], [80.60909909715657, 20.17817616415276], [80.60915171866932, 20.178112937390843], [80.6092043392837, 20.178049710603343], [80.60926176049496, 20.178045201269146], [80.60931918170625, 20.178040691934825], [80.60938612685615, 20.178054252821457], [80.60945307110778, 20.178067813706907], [80.609507275452, 20.178105433922457], [80.60956147889794, 20.178143054972086], [80.6096156832422, 20.178180675169518], [80.60966672731328, 20.17824392551297], [80.60971777228264, 20.178307174987594], [80.60976881635372, 20.178370425279763], [80.60980898811492, 20.17842642504709], [80.60984916077442, 20.17848242563746], [80.60988933253562, 20.178538425364582], [80.60992950519511, 20.178594425914735], [80.60996967695633, 20.178650425601596], [80.61003280785954, 20.178702821526205], [80.61009593966108, 20.17875521743318], [80.6101590705643, 20.178807612479396], [80.61022220236585, 20.17886000835116], [80.61028533326906, 20.17891240420531], [80.61033634140752, 20.178953071457013], [80.61038734864768, 20.178993737854924], [80.61043835678612, 20.179034405085407], [80.61051010522786, 20.179055499662987], [80.61058185366961, 20.179076594237703], [80.61065360211136, 20.179097688809566], [80.61071578349534, 20.179105217525464], [80.61077796398096, 20.179112747084197], [80.61084014536495, 20.17912027579939], [80.61091509360571, 20.179096191329464], [80.61099004274482, 20.179072106855784], [80.61106499098561, 20.179048022378414], [80.61113515749413, 20.1789998449807], [80.61120532310434, 20.17895166756814], [80.61127548961286, 20.178903490140645], [80.6113137641322, 20.178856821142016], [80.61135203775316, 20.178810151286218], [80.6113903122725, 20.17876348225963], [80.61142379427974, 20.178691216868785], [80.6114572753887, 20.178618950601255], [80.61149075739598, 20.178546685143427], [80.6115012847528, 20.17846900475581], [80.61151181121129, 20.178391324329496], [80.61152233856811, 20.1783136430213], [80.61153286502663, 20.178235962517572], [80.61154339238342, 20.178158281975115], [80.61156415155135, 20.17809958140235], [80.61158490982089, 20.178040879964307], [80.61160566898882, 20.177982179347307], [80.61165824378912, 20.177961832526837], [80.61171081769115, 20.17794148486054], [80.61176584399385, 20.177946040572746], [80.61182086939829, 20.17795059628481], [80.61187111307045, 20.177973186813535], [80.61192135674261, 20.177995777339017], [80.61196675580042, 20.17804546096902], [80.61201215485826, 20.178095144583196], [80.61205520033005, 20.178163709529922], [80.61209824670013, 20.178232275289677], [80.61214129217191, 20.178300840176075], [80.61218433764368, 20.17836940503236], [80.61222738311547, 20.178437969858454], [80.61227042948558, 20.178506535497586], [80.61231347495736, 20.178575100263405], [80.61235652042915, 20.178643664999043], [80.61239956590093, 20.17871222970456], [80.61244261227105, 20.178780795223073], [80.61248565774284, 20.17884935986827], [80.61253708719116, 20.178902441228722], [80.61258851663948, 20.17895552341431], [80.6126399451895, 20.17900860473862], [80.61269137463783, 20.179061686044875], [80.61276552068306, 20.17909557496799], [80.61283966583, 20.179129463040553], [80.61292572892577, 20.179129478217728], [80.612987930971, 20.179095581713387], [80.61305013301622, 20.17906168520171], [80.6130835979555, 20.17901429870749], [80.61311706199646, 20.178966911355705], [80.61314895398569, 20.17889465280457], [80.6131808459749, 20.178822393376745], [80.61321273796413, 20.178750134758612], [80.61323347916571, 20.17868087866388], [80.613254219469, 20.178611621695143], [80.61327496067058, 20.178542365538835], [80.6132957018722, 20.178473109351767], [80.61331644217545, 20.17840385229078], [80.61333718337707, 20.178334596042173], [80.61336906368818, 20.17826684062361], [80.61340094399928, 20.17819908433244], [80.61343282431041, 20.178131328854985], [80.61346634045364, 20.17809520276269], [80.61349985659692, 20.178059076662006], [80.61356680354346, 20.17804101655968], [80.61363374959168, 20.17802295561206], [80.6137150893457, 20.178022988496174], [80.61379642909976, 20.178023021380234], [80.61386499660708, 20.178057639881008], [80.6139335641144, 20.178092257530903], [80.61400213162172, 20.178126876016293], [80.61405950162901, 20.17815397332111], [80.61411687073802, 20.178181069778073], [80.6141742407453, 20.1782081670735], [80.61425558409262, 20.178219458946874], [80.6143369274399, 20.178230750819463], [80.61438954535934, 20.178219459790064], [80.6144421632788, 20.17820816791665], [80.61448760904902, 20.178183346365913], [80.61453305481925, 20.178158523968012], [80.6145521835449, 20.17811560858843], [80.61457131227057, 20.17807269319701], [80.61458087483678, 20.17799369468022], [80.61459043740298, 20.177914696123448], [80.61457768671585, 20.177858982854314], [80.61456493513037, 20.177803268722133], [80.61455218444324, 20.177747555413216], [80.61450435993413, 20.177684325104767], [80.61445653632336, 20.177621093927502], [80.61440871181424, 20.17755786356777], [80.61436088730518, 20.177494632339226], [80.61430467702289, 20.177439295823586], [80.61424846763894, 20.177383960131483], [80.61419225735666, 20.17732862357656], [80.61413604707438, 20.177273287001967], [80.61407868694856, 20.17721680536133], [80.61402132682272, 20.177160323700186], [80.61400217474083, 20.17709261077383], [80.613983022659, 20.17702489697491], [80.61400376925049, 20.17697070112485], [80.61402451674029, 20.176916505255992], [80.61404526333179, 20.176862309368268], [80.61408988983845, 20.17682165084632], [80.61413451544684, 20.176780991470526], [80.6141791419535, 20.176740332927338], [80.61425489238985, 20.176696679367286], [80.61433064282616, 20.176653025794973], [80.61440639326251, 20.17660937221046], [80.61448214369885, 20.176565718613706], [80.61455789413519, 20.17652206500474], [80.6146336445715, 20.176478411383574], [80.61471077122687, 20.176436074813143], [80.6147878978822, 20.176393738231198], [80.61486502453755, 20.176351401637802], [80.6149421520912, 20.17630906503288], [80.61501927874659, 20.176266727573292], [80.6150964054019, 20.176224390945407], [80.61517353205727, 20.176182054305997], [80.6152506587126, 20.176139717655083], [80.61531571201053, 20.176085528242915], [80.61538076530847, 20.176031338811917], [80.61544581860642, 20.17597714936208], [80.61551087190432, 20.175922959893413], [80.61557592520225, 20.175868770405916], [80.61562138534555, 20.175810051264104], [80.61566684459049, 20.175751332100198], [80.61571230473373, 20.175692612914165], [80.61575776397872, 20.17563389370603], [80.61579603580306, 20.175587223728698], [80.6158343067291, 20.17554055289423], [80.61587257855348, 20.175493882888986], [80.6158749536991, 20.175428424787153], [80.6158773279464, 20.17536296581461], [80.61586457995419, 20.17530121687818], [80.6158518328603, 20.1752394687605], [80.61583908486813, 20.17517771977519], [80.61582950164066, 20.175105477175133], [80.61581991931152, 20.17503323538478], [80.6158103360841, 20.174960992717754], [80.61583109255703, 20.17490226142934], [80.61585184992828, 20.17484352927559], [80.61587260640125, 20.17478479794294], [80.61590322727434, 20.17471615309283], [80.61593384724911, 20.17464750821248], [80.61596446812221, 20.174578863301928], [80.61599508809698, 20.174510218361174], [80.61602570897007, 20.174441573390165], [80.61602249300137, 20.17437080689453], [80.61601927613431, 20.17430003952358], [80.6160160601656, 20.17422927296372], [80.615988982248, 20.174170554890935], [80.61596190522872, 20.17411183679606], [80.61593482731111, 20.17405311867905], [80.61588060949212, 20.173991416443343], [80.61582639167315, 20.173929714183203], [80.61577217385417, 20.173868011898666], [80.61570202082036, 20.173827334888653], [80.6156318686849, 20.17378665786803], [80.61556171565111, 20.173745980836795], [80.6154923612196, 20.173736959389736], [80.61542300678809, 20.17372793878538], [80.61535365235657, 20.173718917337297], [80.61528429792507, 20.17370989588871], [80.61521254499175, 20.173715889388784], [80.61514079116009, 20.17372188373181], [80.61506903822679, 20.173727877231418], [80.61499889148118, 20.173744435242586], [80.61492874563393, 20.17376099409523], [80.61485859888832, 20.173777552102884], [80.61478684954828, 20.173810975882514], [80.61471510020822, 20.17384440049817], [80.61464335176647, 20.17387782426347], [80.6145716024264, 20.173911248864776], [80.61449985308636, 20.173944672615743], [80.61442808937323, 20.173972888735165], [80.61435632655848, 20.174001104849463], [80.61428456284534, 20.17402932095865], [80.61421279913226, 20.17405753706277], [80.61412673693476, 20.174077883549497], [80.61404067473731, 20.17409823003358], [80.61396408976606, 20.174084666273302], [80.61391153203375, 20.17404397582855], [80.61388760091457, 20.173973981526835], [80.61386366889711, 20.17390398635048], [80.61386366889711, 20.17384074520817], [80.61386366799877, 20.17377750404024], [80.61388043954511, 20.17370977952641], [80.6138972110915, 20.17364205413999], [80.6139522068515, 20.173582194145812], [80.6140072026115, 20.173522334971807], [80.6140621974732, 20.173462474931675], [80.6141171932332, 20.173402614868543], [80.61415068961351, 20.173330364700444], [80.61418418599384, 20.173258113655695], [80.61418659797036, 20.17319035771763], [80.61418900994688, 20.17312260090695], [80.61413875459664, 20.17305487948158], [80.6140884983481, 20.172987157183567], [80.61402473053933, 20.17297209747413], [80.61396096183223, 20.17295703692006], [80.61389719402348, 20.172941977207696], [80.61382185232063, 20.172938586664195], [80.61374651151606, 20.172935196120616], [80.61367116981316, 20.172931805576987], [80.61359582811029, 20.17292841503327], [80.6135145440518, 20.172939689581618], [80.61343325999333, 20.172950963285974], [80.61334954419536, 20.172973552009417], [80.61326582839742, 20.172996139886372], [80.61318928834193, 20.17300515631703], [80.61311274738817, 20.173014172747134], [80.61303620733268, 20.17302318917673], [80.61297244671046, 20.173017169510576], [80.61290868698654, 20.17301114900099], [80.61284492636429, 20.17300512933436], [80.61277316444783, 20.172985935374047], [80.61270140163303, 20.172966742254598], [80.61262963971657, 20.172947548289592], [80.61255787690177, 20.17292835432218], [80.61248971902623, 20.172920428156537], [80.612421562049, 20.17291250199046], [80.61235340417342, 20.172904575823967], [80.61228524629787, 20.172896649657115], [80.61221030704024, 20.172901155767374], [80.61213536868095, 20.17290566272068], [80.61206042942331, 20.172910168830633], [80.61199986051525, 20.17292071063161], [80.61193929070892, 20.172931253275028], [80.6118787218009, 20.172941795074543], [80.61183328501382, 20.172968914360677], [80.61178784732842, 20.172996033642068], [80.61175912459552, 20.173047950837947], [80.61173040186263, 20.173099867173267], [80.611701699791, 20.173156331754605], [80.61167299771935, 20.173212796315482], [80.61162755105083, 20.173269238932548], [80.61158210438226, 20.173325680685938], [80.61153668017164, 20.173355052110654], [80.61149125596097, 20.17338442268665], [80.61140513088142, 20.17340548682993], [80.61131900670019, 20.17342655181362], [80.61123288162065, 20.17344761595123], [80.61116352449417, 20.173448728140325], [80.61109416826604, 20.173449840329383], [80.61102481113957, 20.173450952518465], [80.61095545401314, 20.173452064707536], [80.61089168081446, 20.173471628777964], [80.61082790851414, 20.17349119284594], [80.61076413531546, 20.17351075691146], [80.61069716860602, 20.173548411954716], [80.61063020189653, 20.173586066145663], [80.61056323518703, 20.173623721170742], [80.61051253337409, 20.17367430083441], [80.61046183156115, 20.17372488132487], [80.61041113064651, 20.173775460955724], [80.61036042883356, 20.173826041413346], [80.61030972702058, 20.173876621011406], [80.61027241908853, 20.173935327389994], [80.61023511115647, 20.173994033746506], [80.61019780322442, 20.174052739237684], [80.61016049529233, 20.17411144555], [80.61012318736027, 20.174170151840194], [80.61007215676393, 20.174201768553356], [80.61002112616758, 20.17423338526009], [80.60997009557123, 20.174265001960404], [80.6098983237733, 20.174295076438426], [80.60982655287367, 20.174325151753862], [80.60975478107574, 20.17435522622027], [80.60968146148056, 20.17435221514811], [80.60960814188537, 20.174349203232698], [80.60953482229021, 20.17434619216045], [80.60944551088635, 20.174344687045895], [80.60935619858417, 20.174343181931317], [80.60926688718031, 20.174341676816738], [80.6092047327458, 20.174325108750576], [80.60914257920962, 20.174308539839444], [80.60908042477512, 20.17429197176972], [80.60903973199102, 20.17426033483804], [80.60899903920698, 20.17422869705669], [80.60897990688807, 20.174174495175567], [80.60896077367082, 20.17412029327564], [80.6089679548032, 20.174072877453945], [80.60897513503728, 20.174025460774658], [80.60900148352287, 20.173975808748654], [80.60902783200848, 20.173926156706838], [80.6090708855651, 20.17385705783499], [80.60911393912173, 20.173787959775673], [80.60915699267835, 20.173718860842566], [80.60920004623497, 20.173649761878867], [80.60924309979158, 20.17358066372769], [80.60928615334822, 20.173511564702732], [80.60932920690485, 20.173442465647177], [80.60937226046146, 20.17337336656097], [80.60941531401808, 20.17330426828736], [80.60945836757472, 20.17323516913992], [80.609506198372, 20.173188876201763], [80.60955402916927, 20.173142582406633], [80.60960185906828, 20.17309628944098], [80.60964968986559, 20.173049995618406], [80.60968975382895, 20.172976605268605], [80.60972981689399, 20.1729032148843], [80.60976988085734, 20.172829824465428], [80.6098099448207, 20.172756434012054], [80.60985000788574, 20.172683043524138], [80.6098900718491, 20.172609653001658], [80.60993013491414, 20.172536262444673], [80.60997019887749, 20.172462871853146], [80.60999414526802, 20.17238460914802], [80.61001809165855, 20.172306346403627], [80.61004203804907, 20.17222808361995], [80.6100396467338, 20.172152418737177], [80.61003725541849, 20.172076753817674], [80.61003486320489, 20.17200108801828], [80.61003247188962, 20.17192542302537], [80.61001173338296, 20.171868210066805], [80.60999099577464, 20.171810997087313], [80.60997025726797, 20.17175378408678], [80.6099352157854, 20.171677019420436], [80.6099001743028, 20.171600255559497], [80.60986513282018, 20.171523490817584], [80.60981729663297, 20.171472668453116], [80.60976946044579, 20.171421846072047], [80.60972162336027, 20.171371022831224], [80.6096737871731, 20.171320200417064], [80.60960778345759, 20.171277744395724], [80.60954177974209, 20.171235288362816], [80.60947577512826, 20.171192832318347], [80.60940977141276, 20.17115037626234], [80.60934376769725, 20.171107920194764], [80.60926726267608, 20.171067236562305], [80.60919075765491, 20.17102655291923], [80.6091205920447, 20.17099644155245], [80.6090504273328, 20.17096633102312], [80.6089802617226, 20.17093621964471], [80.60890564046859, 20.17093350953606], [80.60883101921456, 20.170930799427335], [80.60875639885883, 20.170928089318597], [80.60868177760484, 20.170925379209784], [80.60860715635083, 20.17092266910092], [80.60853301928874, 20.17093733353815], [80.60845888222664, 20.170951997973965], [80.60838474426626, 20.170966662408443], [80.60831060720416, 20.170981326841538], [80.60822609549886, 20.171006918554852], [80.60814158289523, 20.171032511107214], [80.60805707118993, 20.171058102812157], [80.60799370672474, 20.171113420511773], [80.60793034225955, 20.171168739034975], [80.60786697689605, 20.171224056695344], [80.60780361243086, 20.171279374336105], [80.60774939191694, 20.171323013391568], [80.60769517230133, 20.171366653278017], [80.60764095178739, 20.171410292309027], [80.607576370105, 20.171444150852807], [80.6075117884226, 20.171478009389222], [80.60743683838517, 20.171465964878088], [80.60736188924608, 20.171453921209228], [80.60728693920868, 20.17144187669624], [80.60722716800461, 20.171398961997767], [80.60716739590224, 20.171356047287478], [80.60712676240699, 20.17128377930695], [80.60708612801342, 20.171211511292903], [80.6070303255663, 20.17115732016821], [80.60697452311915, 20.1711031298679], [80.60691872067203, 20.171048938705564], [80.60685654467797, 20.171012789892014], [80.60679436778555, 20.17097664022681], [80.60673220885947, 20.170965357104336], [80.60667004993337, 20.170954073137846], [80.60660146445976, 20.170957078373064], [80.60653287988444, 20.170960083608204], [80.60646429441083, 20.17096308884332], [80.60638719380661, 20.170958419092443], [80.6063100923041, 20.17095374849822], [80.60623955029976, 20.170949475060386], [80.60618933267875, 20.170931385465146], [80.60613911505774, 20.170913295867855], [80.60609844832484, 20.170854585822], [80.60605778069362, 20.17079587575406], [80.60606735673454, 20.170719081946697], [80.60608172977909, 20.170646821259997], [80.60609610192532, 20.170574559696604], [80.60613675698013, 20.170523769065348], [80.60617741203494, 20.170472977574335], [80.60621806619145, 20.170422186909985], [80.60625872124625, 20.170371395385892], [80.60628902142079, 20.17032019403881], [80.60631932249365, 20.170268992674863], [80.60634962266818, 20.170217791294153], [80.606344821173, 20.17016812878045], [80.60634001877948, 20.170118465407718], [80.60629462151826, 20.17010040101285], [80.60624922425707, 20.17008233577267], [80.60617987431715, 20.17008459477101], [80.6061105243772, 20.170086853769348], [80.60604992133321, 20.170118445170345], [80.60598931918749, 20.170150037408156], [80.60592871614347, 20.170181628796342], [80.60586788762235, 20.170239694029444], [80.6058070591012, 20.170297759240892], [80.60574623058004, 20.170355824430747], [80.60568540116057, 20.17041388875575], [80.60562457263941, 20.170471953902364], [80.60556374411826, 20.170530019027364], [80.60550291559714, 20.170588084130763], [80.60543357194538, 20.17061290857694], [80.60536422739536, 20.17063773217597], [80.60527814902821, 20.17063320660625], [80.6052063916033, 20.170587995592452], [80.60516333625006, 20.17056091468055], [80.60512028089681, 20.170533833763898], [80.60511312851051, 20.17049093483682], [80.6051059752259, 20.170448035897948], [80.60511237123072, 20.170384800100013], [80.60511876723555, 20.170321563433266], [80.60512516324036, 20.170258327584047], [80.60513950753881, 20.17018877596234], [80.6051538518373, 20.17011922515282], [80.60516819703405, 20.170049673469038], [80.6051825413325, 20.169980122597497], [80.60519688563099, 20.169910570851698], [80.60518733564118, 20.169844333795407], [80.60517778654973, 20.169778095867763], [80.60516823655992, 20.169711858755228], [80.60513478240044, 20.169655372689448], [80.60510132734261, 20.169598885759967], [80.605036739372, 20.169567295940205], [80.60497215140138, 20.169535705270786], [80.60490358928395, 20.16952213352466], [80.60483502806485, 20.16950856262056], [80.60476646594742, 20.169494990872067], [80.60471624742807, 20.169465639801093], [80.60466602801043, 20.169436288724622], [80.60460385830459, 20.169401641326655], [80.6045416877004, 20.169366993077748], [80.60447951799453, 20.169332345664383], [80.60441257194628, 20.1693172957208], [80.60434562679639, 20.169302245775754], [80.60427868074814, 20.16928719582928], [80.60424038017769, 20.169309780867223], [80.60420207870891, 20.169332365901873], [80.60418055597302, 20.16937298843121], [80.60415903233883, 20.169413610949924], [80.60413989193508, 20.169485894975075], [80.60412075063299, 20.169558178123516], [80.60409442550358, 20.169634945519196], [80.60406810037418, 20.169711712033838], [80.60403224771288, 20.16975910557109], [80.6039963950516, 20.169806499093927], [80.60395091963696, 20.169824562679622], [80.603905443324, 20.169842625420014], [80.60386000923187, 20.16983812259429], [80.60381457513976, 20.169833618925235], [80.6037524781974, 20.169792963630066], [80.60371181595609, 20.169756816211876], [80.60367115281645, 20.169720668785274], [80.60362013479649, 20.1696619549176], [80.60356911677657, 20.16960324018461], [80.60351809875665, 20.16954452627274], [80.60346071257966, 20.169501600933508], [80.60340332640268, 20.169458674739218], [80.6033339845476, 20.16945187747937], [80.6032646417942, 20.169445079375993], [80.60319524693848, 20.16946994700871], [80.60312585208277, 20.16949481463748], [80.6030796265749, 20.169555026139808], [80.60303340106698, 20.169615236775652], [80.60298717555911, 20.16967544823148], [80.60293217710415, 20.169698007073215], [80.60287717864918, 20.169720565068417], [80.60283172748908, 20.169722816483002], [80.60278627543063, 20.169725067897513], [80.60272889644021, 20.169704756258415], [80.60267151655144, 20.169684443773445], [80.60264281717474, 20.169646043227978], [80.6026141168997, 20.169607642673085], [80.60260693756398, 20.169537627829325], [80.6025997582282, 20.169467612954165], [80.6026164974352, 20.169402143047424], [80.6026332357439, 20.169336672269964], [80.60269301593111, 20.169284726012176], [80.60275279611832, 20.169232778893843], [80.60282865525082, 20.169195363128967], [80.6029045143833, 20.16915794819839], [80.60298037351579, 20.169120532415565], [80.60305623264824, 20.169083116623796], [80.60313209178074, 20.169045700823045], [80.60320795091324, 20.16900828585654], [80.60328381004572, 20.16897087003781], [80.60336032943992, 20.16892873717759], [80.60343684793585, 20.168886605149204], [80.60351336733002, 20.168844472266226], [80.60357316458526, 20.168785766501056], [80.60363296094215, 20.16872706071378], [80.6036489347845, 20.16865780944315], [80.6036649077286, 20.16858855898501], [80.60368088157098, 20.16851930765288], [80.60366653906915, 20.168454561685497], [80.603652195669, 20.16838981569122], [80.60363785316719, 20.16832506967011], [80.6036007904752, 20.168271997357675], [80.60356372868152, 20.1682189250272], [80.60352666598949, 20.168165852678698], [80.60348960329752, 20.168112780312104], [80.60347284253095, 20.168045054181775], [80.60345608176436, 20.16797732717882], [80.60346807517175, 20.16792764202766], [80.60348006857909, 20.167877956017456], [80.60351596166458, 20.16780795135942], [80.60355185475008, 20.167737945826737], [80.60356778008342, 20.1676792362722], [80.60358370631509, 20.16762052585232], [80.60359963164846, 20.16756181625359], [80.60357097000102, 20.167495565551384], [80.60354230925185, 20.16742931397777], [80.60351364760443, 20.167363063219298], [80.60347377318557, 20.167320908843823], [80.60343389876674, 20.167278753613697], [80.6033940243479, 20.16723659921544], [80.60335099684244, 20.16720497012824], [80.60330796933695, 20.1671733401914], [80.60324102059377, 20.1671575243773], [80.6031740718506, 20.167141707718375], [80.60311904375124, 20.1671462055625], [80.60306401565187, 20.167150703406456], [80.60299224026069, 20.1671868413097], [80.60293006157166, 20.16724255080228], [80.60286788198432, 20.167298260274936], [80.6028057032953, 20.16735396972772], [80.60274192830003, 20.167397613254355], [80.60267815330474, 20.167441256768736], [80.60261437830947, 20.16748490027093], [80.60255060241586, 20.167528542917683], [80.60248682742059, 20.16757218639546], [80.60242305242532, 20.167615829861017], [80.60234077303348, 20.167645631568945], [80.60225849454, 20.16767543242793], [80.60217621514818, 20.167705234124448], [80.60209393665465, 20.167735034972047], [80.60201165726285, 20.167764836657202], [80.60193273397692, 20.16779190624926], [80.601853810691, 20.167818974993377], [80.60177392710604, 20.167851036536423], [80.6016940426228, 20.16788309891612], [80.60161415903782, 20.167915160446], [80.60153427545288, 20.1679472219693], [80.60145439186792, 20.167979284329224], [80.60137450738463, 20.168011345839332], [80.60129462379969, 20.168043407342875], [80.60121474021473, 20.168075468839803], [80.60113485573149, 20.16810753117337], [80.60105497214649, 20.16813959265713], [80.60099039315905, 20.16815308778919], [80.60092581417159, 20.16816658207684], [80.60088041601206, 20.168137259425905], [80.60083501695425, 20.16810793592624], [80.6007967523164, 20.168041691358628], [80.60075848767856, 20.167975446762835], [80.60072022304072, 20.16790920213895], [80.60072501555275, 20.16782789306459], [80.6007298071665, 20.167746583947892], [80.6007345996785, 20.1676652747888], [80.60075305826096, 20.167592373513006], [80.60077151594513, 20.167519472203193], [80.60078997452759, 20.16744657085931], [80.60080843311005, 20.167373669481314], [80.6008268916925, 20.16730076806928], [80.60084534937664, 20.167227866623183], [80.60086380795909, 20.16715496514299], [80.60085505387664, 20.167077418215687], [80.6008462997942, 20.16699987124982], [80.60083754661008, 20.16692232424541], [80.60082879252762, 20.16684477720246], [80.60082003844518, 20.166767230120964], [80.60081128436273, 20.166689683000904], [80.60072998413459, 20.166657315965214], [80.60064868300812, 20.16662494976602], [80.60056738277997, 20.166592582716905], [80.6004860825518, 20.16656021566106], [80.60040478142533, 20.16652784944173], [80.60032348119718, 20.16649548237245], [80.60024615511583, 20.166487933653144], [80.60016882813618, 20.166480385776733], [80.60009150205482, 20.1664728370567], [80.60001417597347, 20.166465288336322], [80.59993684899383, 20.16645774045883], [80.59985952291248, 20.16645019173769], [80.59978300261996, 20.16644339771971], [80.59970648232743, 20.166436603701488], [80.59962996113659, 20.16642980968292], [80.59955344084405, 20.166423015664062], [80.59948056232166, 20.166400304564746], [80.59940768379931, 20.166377593462133], [80.59933480527692, 20.166354882356224], [80.59926192675456, 20.166332171246985], [80.59920445613596, 20.166314261570697], [80.59914698641566, 20.166296352735603], [80.59908951579705, 20.166278443055194], [80.59909430830906, 20.166218215952956], [80.5990991008211, 20.166157988827504], [80.59910389333315, 20.166097761678795], [80.59916727217141, 20.166061658939586], [80.59923065100963, 20.166025556192043], [80.59929402984787, 20.165989452592903], [80.59935740868612, 20.165953349828644], [80.59943188171813, 20.165918718522043], [80.5995106747483, 20.16588207859296], [80.59958946688019, 20.165845437812017], [80.59966825991039, 20.165808797865722], [80.59973332039485, 20.16577719041351], [80.59979838087929, 20.16574558379809], [80.59986344136374, 20.165713976333063], [80.59992850184818, 20.165682369704868], [80.59999356233267, 20.165650762227006], [80.60005893093927, 20.165611648986754], [80.60012430044418, 20.16557253657991], [80.60018966905078, 20.165533423320035], [80.6002207750141, 20.16545888851708], [80.60025188007913, 20.165384352835275], [80.60027833995584, 20.165310410766065], [80.60030480073084, 20.165236469505068], [80.60033126060755, 20.16516252736576], [80.60035772138255, 20.16508858519141], [80.60038418125926, 20.165014643825252], [80.60041064203425, 20.164940701580807], [80.60043710191093, 20.164866759301333], [80.60046356178763, 20.16479281783008], [80.60049002256262, 20.16471887548051], [80.60051648243933, 20.1646449330959], [80.60054294321435, 20.164570991519497], [80.60056940309104, 20.164497049064803], [80.60065033231498, 20.164526568878234], [80.60073126243722, 20.164556089529313], [80.6008121916612, 20.164585609331574], [80.60089312088515, 20.16461512912825], [80.60097405010909, 20.164644648919346], [80.60105498023134, 20.164674169548082], [80.60113590945531, 20.164703689328018], [80.60121683867925, 20.16473320910234], [80.6012977679032, 20.164762728871093], [80.60137869802543, 20.164792249477504], [80.60145962724938, 20.164821769235086], [80.60154055647335, 20.16485128898707], [80.6016214856973, 20.164880808733457], [80.60170241581953, 20.16491032931755], [80.60178334504347, 20.16493984905278], [80.60186427426746, 20.164969368782398], [80.6019512177122, 20.164979218810085], [80.60203816115698, 20.164989068837126], [80.60212510460175, 20.164998918863557], [80.60221204804652, 20.165008768046118], [80.60229899149131, 20.1650186180713], [80.60238593403776, 20.16502846725258], [80.60247287748253, 20.1650383172765], [80.60255982092731, 20.165048166456586], [80.60264676437208, 20.16505801647926], [80.60273370781687, 20.165067865658095], [80.60282065126164, 20.165077715679537], [80.60290759470641, 20.165087564857128], [80.6029945381512, 20.165097414877323], [80.60308148159596, 20.165107264053628], [80.6031684250407, 20.165117114072626], [80.60325536848548, 20.165126963247697], [80.60334231103197, 20.16513681242217], [80.60342925447675, 20.16514666243926], [80.60351619792148, 20.165156512455727], [80.60360314136626, 20.16516636162834], [80.60369008481103, 20.165176211643562], [80.60377702825582, 20.165186060814904], [80.60386397170059, 20.165195910828917], [80.60395091514536, 20.16520575999901], [80.60403785859015, 20.165215610011753], [80.60412480203492, 20.16522545918064], [80.60421174458136, 20.16523530834889], [80.60429868802615, 20.16524515835976], [80.60438563147092, 20.16525500752674], [80.6044725749157, 20.165264857536375], [80.60455951836049, 20.165274706702146], [80.60464646180526, 20.165284556710535], [80.60470913456766, 20.165342407051174], [80.60477180733008, 20.165400258213584], [80.60483448009252, 20.165458108511338], [80.60489715285495, 20.16551595963087], [80.60495982471905, 20.165573809885686], [80.60502249748149, 20.165631660962323], [80.60508517024391, 20.165689511174225], [80.60514784300634, 20.16574736220795], [80.60521051576877, 20.165805212376966], [80.60527943451736, 20.165847596525303], [80.60534835326598, 20.165889979818857], [80.60541727201456, 20.165932363944144], [80.60548619076317, 20.165974748057938], [80.60555510951176, 20.166017131316952], [80.60562402826035, 20.166059515407696], [80.60569294700896, 20.1661018986437], [80.60576186575754, 20.166144282711425], [80.60582388005487, 20.16618243283172], [80.6058858934539, 20.166220582942703], [80.60594790775123, 20.16625873304435], [80.60600992115022, 20.166296882293402], [80.6060773711533, 20.166268089692235], [80.60614482115643, 20.16623929624248], [80.60621227026124, 20.166210503630648], [80.60627972026434, 20.16618171017027], [80.6063264667951, 20.16612749453054], [80.60637321422415, 20.166073278028733], [80.60641996165323, 20.166019062351314], [80.6064667090823, 20.165964846655054], [80.60654156479663, 20.165932217219176], [80.60661642051092, 20.165899588619745], [80.60669127712356, 20.165866959170213], [80.60676613283786, 20.165834329713864], [80.60684098855215, 20.165801701093947], [80.60691584426648, 20.16576907162396], [80.60699971008309, 20.165755137796754], [80.6070835758997, 20.165741203125076], [80.60716744171631, 20.165727268452166], [80.60725130663461, 20.165713334621273], [80.60733517245123, 20.165699400789094], [80.60741903826782, 20.165685466112453], [80.60750290408444, 20.165671532277823], [80.60758936154065, 20.165657167541973], [80.60767581899684, 20.16564280196158], [80.60776227645306, 20.165628437223123], [80.60784873390926, 20.165614071640075], [80.60793519136547, 20.16559970689896], [80.60802164882165, 20.165585342156533], [80.60810810717621, 20.165570977412756], [80.60819456463238, 20.165556612667682], [80.60828102208859, 20.165542247921298], [80.60836747954481, 20.16552788317354], [80.60845393700099, 20.165513518424508], [80.6085403944572, 20.16549915367414], [80.60862685191341, 20.165484788922466], [80.6086325400458, 20.165402365494806], [80.60863822907649, 20.165319942023615], [80.60864391720888, 20.16523751850891], [80.60864960623955, 20.16515509410735], [80.60865529437194, 20.165072670505552], [80.6086609825043, 20.16499024686018], [80.60866667063668, 20.164907823171273], [80.60867235966738, 20.16482539943884], [80.60867804779977, 20.164742975662836], [80.60868373593216, 20.164660551843294], [80.60868942496283, 20.164578127136963], [80.60869511399352, 20.16449570323034], [80.60870080212591, 20.16441327928018], [80.60870649115662, 20.164330855286458], [80.60871217928899, 20.164248431249202], [80.60871786742136, 20.16416600716844], [80.60872355555375, 20.164083583044086], [80.60872924368611, 20.16400115803297], [80.60873493181849, 20.163918733821536], [80.60874061995088, 20.163836309566587], [80.60874630808327, 20.163753885268083], [80.60875199621563, 20.163671460926025], [80.60875768434802, 20.163589036540436], [80.60876337248041, 20.163506612111323], [80.6087690606128, 20.16342418679541], [80.60877474874515, 20.163341762279188], [80.60878043687754, 20.163259337719428], [80.60878612500993, 20.16317691311616], [80.60879181314232, 20.16309448846932], [80.60879750127467, 20.163012063778933], [80.60880319030538, 20.162929638201767], [80.60880887843773, 20.162847213424307], [80.60881456657012, 20.162764788603347], [80.60882025470251, 20.162682363738792], [80.6088259428349, 20.162599938830713], [80.60883163096726, 20.162517513879123], [80.60883731909965, 20.16243508888396], [80.60884300723204, 20.16235266300202], [80.60884869536443, 20.16227023791979], [80.60885438349678, 20.162187812794006], [80.60886007162917, 20.162105387624727], [80.60886575976156, 20.162022962411864], [80.6088714478939, 20.161940537155477], [80.6088771360263, 20.161858111855576], [80.60888282415868, 20.16177568566885], [80.60888851229107, 20.161693260281844], [80.60889420042342, 20.161610834851302], [80.60889988855581, 20.16152840937725], [80.6089053943302, 20.16144603951553], [80.6089109010029, 20.16136366961033], [80.60891640677727, 20.161281300504932], [80.60892191344995, 20.161198930512782], [80.60892741922433, 20.161116560477172], [80.60893292589704, 20.161034190398063], [80.6089384316714, 20.16095182027547], [80.60894393744579, 20.160869450952674], [80.60894944322015, 20.160787080743162], [80.60895494989283, 20.160704710490144], [80.60896045656554, 20.16062234019364], [80.60896596233992, 20.160539970696956], [80.60897146811429, 20.16045760031353], [80.60897697478697, 20.160375229886597], [80.60898248056135, 20.160292859416195], [80.60898798723406, 20.16021048890233], [80.60899349300843, 20.160128119188236], [80.60899899878281, 20.16004574858743], [80.60900450545549, 20.15996337794311], [80.60901001122986, 20.159881007255333], [80.60901551700424, 20.159798636524098], [80.60902102277862, 20.159716266592657], [80.60902652855299, 20.15963389577444], [80.60903203432737, 20.15955152491274], [80.60903754010174, 20.159469154007613], [80.60904304587612, 20.15938678390226], [80.60904855165049, 20.159304412910156], [80.6090540583232, 20.159222041874553], [80.60905956409758, 20.159139670795533], [80.60906506987196, 20.159057299672988], [80.60907057564634, 20.158974929350272], [80.60907608142071, 20.158892558140785], [80.60908158719509, 20.158810186887823], [80.60908714058014, 20.158727098798444], [80.60909269486356, 20.158644010664833], [80.60909824824866, 20.15856092248696], [80.60910380253205, 20.15847783426486], [80.60910935591713, 20.158394745998518], [80.60911490930222, 20.158311657687978], [80.60912046268732, 20.15822857017647], [80.6091260160724, 20.158145481777456], [80.60913156945749, 20.158062393334173], [80.60913712284258, 20.15797930484669], [80.60914267622765, 20.15789621631495], [80.60914822961273, 20.15781312773901], [80.60915378299781, 20.157730039118835], [80.60915971816691, 20.157646290157015], [80.60916565243767, 20.15756254199356], [80.60917158760675, 20.15747879294187], [80.60917752187751, 20.157395044688535], [80.60918345704661, 20.15731129554697], [80.60918939131737, 20.157227547203767], [80.60919532648646, 20.15714379797236], [80.6092012607572, 20.157060049539286], [80.6092071959263, 20.15697630021797], [80.60921313019706, 20.156892551695027], [80.60921906536615, 20.15680880228384], [80.60922499963691, 20.15672505367103], [80.60923093480599, 20.156641304169998], [80.60923686907677, 20.156557555467316], [80.60924280334754, 20.15647380587639], [80.60924873761832, 20.156390057083836], [80.6092546727874, 20.15630630740303], [80.60926060705816, 20.15622255852062], [80.60926654222725, 20.156138808749983], [80.609272476498, 20.156055059777664], [80.60927841166709, 20.155971309917156], [80.60928434593785, 20.155887560854993], [80.60929028110694, 20.15580381090459], [80.60929621627601, 20.155720060909253], [80.6093021505468, 20.1556363117123], [80.60930808571584, 20.15555256162713], [80.60931401998664, 20.155468812340306], [80.6093199551557, 20.155385062165227], [80.6093258894265, 20.155301312788534], [80.60933182369725, 20.1552175625236], [80.609337757968, 20.15513381305705], [80.60934369313709, 20.15505006270227], [80.60934962740787, 20.15496631314586], [80.60935556257695, 20.154882562701186], [80.60936149684771, 20.15479881305491], [80.6093674320168, 20.154715062520378], [80.60937336628756, 20.154631312784243], [80.60937930145664, 20.154547562159866], [80.6093852357274, 20.154463812333823], [80.60939117089649, 20.154380061619605], [80.60939710516725, 20.15429631170373], [80.60940304033635, 20.154212560899616], [80.6094089746071, 20.154128810893898], [80.60941490977619, 20.154045059999913], [80.60942084404694, 20.153961309904325], [80.60942677831771, 20.15387755892051], [80.6094322490578, 20.153796896102087], [80.60943771889956, 20.15371623408532], [80.60944318874135, 20.15363557118354], [80.60944865948142, 20.15355490824011], [80.60945413022151, 20.15347424525499], [80.60945960006326, 20.15339358307151], [80.60946507080335, 20.15331292000302], [80.60939476685257, 20.153261547768626], [80.60932446290181, 20.153210175517348], [80.60925415805272, 20.153158802405816], [80.60918385320365, 20.15310742927738], [80.60911354925288, 20.153056056132048], [80.6090432453021, 20.153004683813137], [80.60897294045304, 20.15295331063399], [80.60890263650226, 20.152901937437935], [80.60883233255149, 20.152850564224984], [80.60876202860075, 20.152799191838454], [80.60869172375165, 20.15274781859169], [80.60862141980091, 20.152696445328026], [80.60855111585013, 20.152645072047445], [80.60848081189935, 20.152593699593297], [80.60841050705028, 20.152542326278912], [80.6083402030995, 20.152490952947634], [80.60826989914874, 20.152439580442763], [80.608199595198, 20.152388207077667], [80.60812929034888, 20.152336833695664], [80.60805898639815, 20.152285460296763], [80.60798868244737, 20.15223408772429], [80.6079183784966, 20.15218271429156], [80.60784807454583, 20.15213134084195], [80.60777776969675, 20.152079967375435], [80.60770746574597, 20.152028594735338], [80.60763716179524, 20.151977221235004], [80.60756685784446, 20.151925848561095], [80.60749655299539, 20.15187447502696], [80.60742624904462, 20.151823101475927], [80.60735594509384, 20.151771727907978], [80.60728564114306, 20.15172035516646], [80.607215336294, 20.151668981564693], [80.60714503234323, 20.151617607946044], [80.60707472839246, 20.151566234310472], [80.60700442444171, 20.15151486150135], [80.60693411959261, 20.15146348783198], [80.60686381564186, 20.151412114145696], [80.60679351169108, 20.15136074044256], [80.60672320774032, 20.151309366722476], [80.60665290378954, 20.151257992985496], [80.6065825998388, 20.151206619231584], [80.60651229588802, 20.151155245460803], [80.60644199193726, 20.151103872516455], [80.60637168708818, 20.151052498711845], [80.6063013831374, 20.15100112489034], [80.60623107918663, 20.15094975105194], [80.60616077523589, 20.150898378039972], [80.60609047128513, 20.15084700416776], [80.60602016643604, 20.150795630278633], [80.60594986248528, 20.150744256372615], [80.6058795585345, 20.150692883293043], [80.60580925458372, 20.150641509353207], [80.60573894973466, 20.150590135396477], [80.60566864578388, 20.150538762266184], [80.60559834183314, 20.15048738827564], [80.60552803788237, 20.15043601426821], [80.60545773303329, 20.15038464024386], [80.60538742908251, 20.150333267045962], [80.60531712513173, 20.15028189298781], [80.60524682118097, 20.150230518912764], [80.60517651633191, 20.150179144820832], [80.60510621238113, 20.15012777155529], [80.60503590843038, 20.150076397429533], [80.6049656044796, 20.150025023286865], [80.6048952996305, 20.149973649127332], [80.60482499567976, 20.149922275794182], [80.604754691729, 20.149870901600806], [80.60468252557062, 20.14982203124908], [80.60461035851398, 20.14977316003873], [80.60453819235562, 20.149724289656394], [80.60446602619726, 20.149675419258763], [80.6043938591406, 20.1496265480025], [80.60432169298225, 20.14957767757429], [80.6042495268239, 20.14952880713082], [80.60417735976725, 20.149479935828655], [80.60410519360889, 20.149431065354555], [80.60403302745055, 20.14938219486516], [80.60396086039388, 20.14933332351716], [80.60388869423555, 20.14928445299718], [80.60381652807719, 20.149235582461895], [80.6037443610205, 20.14918671191131], [80.60367219486218, 20.149137841345453], [80.60360002870382, 20.149088970764282], [80.60352786164717, 20.149040099324463], [80.6034556954888, 20.148991228712717], [80.60338352933046, 20.14894235808567], [80.6033113622738, 20.1488934866], [80.60323919611544, 20.148844615942366], [80.60316702995709, 20.148795745269428], [80.60309486290043, 20.148746873737856], [80.60302269674207, 20.148698003034337], [80.60295053058371, 20.14864913231551], [80.60287836352705, 20.148600260738075], [80.60280619736871, 20.148551389988675], [80.60273403121035, 20.14850251922397], [80.60266186505201, 20.148453648443965], [80.60258969799534, 20.148404776805336], [80.60251753183698, 20.148355905994745], [80.60244536567866, 20.14830703516886], [80.60237319862196, 20.148258163484368], [80.60230103246364, 20.148209292627897], [80.6022288663053, 20.14816042175614], [80.60215669924864, 20.148111550869086], [80.60208453309028, 20.148062679966728], [80.60201236693192, 20.148013809049093], [80.60194019987526, 20.147964937272807], [80.60186803371691, 20.147916066324562], [80.60179586755855, 20.147867195361037], [80.60172370050189, 20.14781832353889], [80.60165153434355, 20.14776945254478], [80.60157936818517, 20.147720581535363], [80.60150720112853, 20.1476717096673], [80.60143503497017, 20.147622838627342], [80.6013628688118, 20.14757396757205], [80.60129070175515, 20.14752509565811], [80.6012185355968, 20.14747622457221], [80.60114636943845, 20.147427353471045], [80.6010742023818, 20.147378482354583], [80.60100203622343, 20.14732961122282], [80.6009298700651, 20.147280740075765], [80.60085770300843, 20.147231868070097], [80.60078553685005, 20.147182996892457], [80.60071627045347, 20.147130597129465], [80.60064700405685, 20.147078197348904], [80.60057773766025, 20.14702579755075], [80.60050847126362, 20.14697339773504], [80.60043920576533, 20.14692099874506], [80.6003699384704, 20.146868598894198], [80.6003006729721, 20.146816199869058], [80.60023140657547, 20.14676379998303], [80.6001621401789, 20.146711400079393], [80.6000928746806, 20.14665900100153], [80.60002360828398, 20.146606601062732], [80.59995434098904, 20.146554201106365], [80.59988507549075, 20.146501801975756], [80.59981580909412, 20.146449401984224], [80.59974654269752, 20.14639700281845], [80.5996772763009, 20.14634460279174], [80.59960800990432, 20.14629220274746], [80.59953874350768, 20.146239803528957], [80.59946947711109, 20.146187403449513], [80.59940021071446, 20.146135003352512], [80.59933094431784, 20.146082604081247], [80.59926167792123, 20.14603020394907], [80.59919241152461, 20.14597780464264], [80.59912314512802, 20.14592540447531], [80.59905387873138, 20.145873004290376], [80.5989846123348, 20.145820604931224], [80.59891534593818, 20.14576820555448], [80.59884607954154, 20.145715805316836], [80.59877681314495, 20.145663405904916], [80.59870754674833, 20.145611005632105], [80.59863828035174, 20.145558606185034], [80.5985690139551, 20.14550620587706], [80.59849974755848, 20.14545380555148], [80.59843048116188, 20.145401406051686], [80.59836121476526, 20.145349005690953], [80.59829256371462, 20.145299951758705], [80.5982239135623, 20.145250898654417], [80.59815526251164, 20.145201844691357], [80.59808661235932, 20.14515279155628], [80.59801796041039, 20.145103737562405], [80.59794931025803, 20.14505468439649], [80.59788066010572, 20.14500563121516], [80.59781200905506, 20.1449565771751], [80.59774335890275, 20.144907523962946], [80.5976747069538, 20.144858469892036], [80.59760605680145, 20.144809416649103], [80.59753740575081, 20.144760363390763], [80.59746875470017, 20.144711310117014], [80.59740010364955, 20.144662256827836], [80.59735222613985, 20.144592535247313], [80.59730434863013, 20.144522813635657], [80.59725647112043, 20.144453091992855], [80.59720859450906, 20.144383371162345], [80.59716071699935, 20.144313649457306], [80.59711283948965, 20.144243927721163], [80.59706496287828, 20.144174206797256], [80.59701708536858, 20.144104484155523], [80.5969692087572, 20.144034763169365], [80.5969213312475, 20.14396504130871], [80.5968734537378, 20.143895319416973], [80.59682557712642, 20.14382559833745], [80.59677769961672, 20.14375587554011], [80.59672982300535, 20.143686154398363], [80.59668194549565, 20.143616432382114], [80.59663406798595, 20.14354670949138], [80.59658619137457, 20.14347698825625], [80.59653831386487, 20.143407266146657], [80.59649043725346, 20.14333754484929], [80.59644255974379, 20.14326782267745], [80.59639468223409, 20.14319809963111], [80.59634680562272, 20.143128378240387], [80.59629892811301, 20.143058655975178], [80.59625105060331, 20.142988933678826], [80.59620317399194, 20.14291921219476], [80.59615529648224, 20.142849488992812], [80.59610741987083, 20.142779767446488], [80.59605954236116, 20.142710044182305], [80.59601166574976, 20.142640322573726], [80.59596378824006, 20.142570599247332], [80.59591591162868, 20.142500877576516], [80.59586803411898, 20.142431154187847], [80.5958201575076, 20.142361432454795], [80.59577228089623, 20.142291709847267], [80.59572440338653, 20.142221987208625], [80.59567652677515, 20.142152264538836], [80.59562864926545, 20.14208254183794], [80.59558077175575, 20.14201281910594], [80.59553289424605, 20.141943096342786], [80.59548501763467, 20.141873374391928], [80.59543714102327, 20.141803651566534], [80.5953892635136, 20.14173392871006], [80.5953413860039, 20.141664205822455], [80.59529350939249, 20.141594482903745], [80.59524563188282, 20.141524759953874], [80.59519775437312, 20.14145503697293], [80.59514987776171, 20.141385314804214], [80.59510200025204, 20.141315591761018], [80.59505412364064, 20.1412458686867], [80.59500624613094, 20.14117614558125], [80.59495836951956, 20.141106422444697], [80.59491049200986, 20.141036699277027], [80.59486261450016, 20.14096697607821], [80.59481473788878, 20.140897253691705], [80.59476686037907, 20.140827530430652], [80.5947189837677, 20.140757807138506], [80.594671106258, 20.140688083815267], [80.5946220456671, 20.140620143373912], [80.59457298327952, 20.14055220205961], [80.59452392268861, 20.140484262402556], [80.59447486209766, 20.14041632187255], [80.59442580060845, 20.140348381313018], [80.5943767391192, 20.140280439880566], [80.59432767852826, 20.140212499261928], [80.59427861793735, 20.14014455861375], [80.5942295564481, 20.140076617092646], [80.59418049585715, 20.140008676385385], [80.59413143526623, 20.139940735648555], [80.59408237377698, 20.139872794038805], [80.59403331318607, 20.139804853242882], [80.59398425259512, 20.13973691241747], [80.59393519200422, 20.139668971562465], [80.59388613051497, 20.139601029834513], [80.59383706992405, 20.139533088920412], [80.59378800933311, 20.139465147976786], [80.59373894784386, 20.139397205316815], [80.59368988725296, 20.139329264314107], [80.593640826662, 20.139261323281854], [80.5935917660711, 20.13919338222004], [80.59354270458185, 20.139125440285273], [80.59349364399093, 20.139057499164362], [80.59344458339999, 20.138989558013908], [80.59339552191074, 20.138921615990533], [80.59334646131984, 20.138853674780997], [80.59329740072891, 20.13878573354191], [80.59324833923966, 20.138717791429897], [80.59319927864873, 20.138649850131728], [80.59315021805781, 20.138581908804003], [80.59310115746686, 20.138513967446737], [80.59305209597763, 20.138446025216552], [80.59300303538672, 20.138378083800205], [80.59297766965803, 20.13834297913511], [80.59292734783246, 20.13827329015681], [80.59287702510856, 20.138203601147403], [80.59282670328295, 20.13813391295035], [80.59277638055904, 20.13806422387877], [80.59272605873349, 20.137994534776162], [80.59267573600958, 20.13792484564241], [80.59262541328567, 20.137855156477627], [80.59257509146008, 20.137785468125134], [80.59252476963451, 20.137715778898176], [80.5924744469106, 20.137646089640114], [80.59242412508502, 20.137576400350998], [80.59237380236112, 20.137506711030788], [80.59232348053551, 20.137437022522892], [80.59227315781162, 20.1373673331405], [80.59222283598605, 20.13729764372705], [80.59217251416044, 20.137227954282515], [80.59212219143653, 20.137158264806878], [80.59207186961098, 20.137088576143608], [80.59202154688707, 20.137018886605794], [80.59197122506149, 20.136949197036945], [80.59192090233759, 20.136879507436973], [80.59187057961368, 20.136809817805958], [80.59182025778809, 20.136740128987245], [80.5917699359625, 20.13667043929406], [80.5917196132386, 20.13660074956978], [80.591669291413, 20.13653105981443], [80.59161896868913, 20.136461370028016], [80.59156864686354, 20.1363916810539], [80.59151832413963, 20.13632199120529], [80.59146800231406, 20.13625230132563], [80.59141786464309, 20.1361828374481], [80.59136772787046, 20.13611337438311], [80.59131759109782, 20.13604391044384], [80.59126745432519, 20.135974446473686], [80.59121731665422, 20.13590498247265], [80.59116717988158, 20.13583551928414], [80.59111704221064, 20.135766055221346], [80.59106690543801, 20.135696591127676], [80.59101676776704, 20.13562712700314], [80.5909666309944, 20.135557663691113], [80.59091649332346, 20.13548819950481], [80.59086635655083, 20.13541873613103], [80.59081621887987, 20.135349271039566], [80.59076608210722, 20.135279807604032], [80.5907159453346, 20.13521034413762], [80.59066580766363, 20.13514087895354], [80.59061567089098, 20.135071415425358], [80.59056553411835, 20.135001951866315], [80.59051539644743, 20.13493248658959], [80.59046525967479, 20.134863022968794], [80.59041512200382, 20.134793558473714], [80.59036498523119, 20.134724094791164], [80.59031484845855, 20.134654630234326], [80.59026471078761, 20.134585165646627], [80.59021457401498, 20.13451570102804], [80.59016443724234, 20.13444623722197], [80.59011429957137, 20.134376772541625], [80.59006416279874, 20.134307307830408], [80.59001402512777, 20.134237843088325], [80.58996388835513, 20.13416837915876], [80.5899137515825, 20.134098914354908], [80.58986361480986, 20.134029449520195], [80.58981347713892, 20.13395998465459], [80.58976334036629, 20.13389052060152], [80.58971320269532, 20.133821055674172], [80.58966306592268, 20.13375159071594], [80.58961292825175, 20.133682125726818], [80.58956279147908, 20.133612661550274], [80.58951265470644, 20.13354319649941], [80.58946251793381, 20.13347373141768], [80.58941238026289, 20.13340426630505], [80.58936224349024, 20.133334802005002], [80.58931210671761, 20.133265336830654], [80.58926196904663, 20.133195871625393], [80.5892118313757, 20.13312640638928], [80.58916169460306, 20.133056941965737], [80.58911155783044, 20.132987476667886], [80.58906142105779, 20.13291801133913], [80.58901128338682, 20.13284854597952], [80.5889611466142, 20.13277908143248], [80.58891100984155, 20.132709616011095], [80.5888608721706, 20.13264015055886], [80.58881073539796, 20.13257068507576], [80.58876059862531, 20.1325012204052], [80.58871046095437, 20.13243175486034], [80.58866032418175, 20.13236228928461], [80.5886101874091, 20.132292823678014], [80.58856005063647, 20.13222335804054], [80.58850991386383, 20.13215389237218], [80.58845977619286, 20.132084426672964], [80.58840963942023, 20.132014960942836], [80.58835950264759, 20.131945496025303], [80.58830936497662, 20.13187603023347], [80.588259228204, 20.13180656441071], [80.5882128140499, 20.131735311325578], [80.58816640079412, 20.131664058207964], [80.58811998753832, 20.13159280505787], [80.58807357338422, 20.131521551031838], [80.58802715923012, 20.131450297816748], [80.58798074507604, 20.131379044569204], [80.58793433182026, 20.131307791289178], [80.58788791766617, 20.131236537976672], [80.58784150351207, 20.13116528463165], [80.58779509025628, 20.131094031254186], [80.58774867700046, 20.13102277784423], [80.58770226284638, 20.130951523558334], [80.58765584869228, 20.13088027008343], [80.58760943453818, 20.130809016575995], [80.5875630212824, 20.13073776303612], [80.58751660712831, 20.13066650946375], [80.5874701938725, 20.130595255858875], [80.5874237797184, 20.13052400222156], [80.58737736646265, 20.13045274855175], [80.58733095230855, 20.130381494006016], [80.58728453815445, 20.13031024027125], [80.58723812489865, 20.13023898650396], [80.58719171074455, 20.130167732704248], [80.58714529659046, 20.13009647887204], [80.58709888333465, 20.13002522500735], [80.58705247007887, 20.129953971110147], [80.58700605592479, 20.129882716337054], [80.58695964177069, 20.129811462374928], [80.58691322761659, 20.12974020838031], [80.58686681436079, 20.12966895435322], [80.58682040110503, 20.12959770029363], [80.58677398695093, 20.129526445358128], [80.58672757369513, 20.129455192077057], [80.58668115954103, 20.129383937076593], [80.58663474538693, 20.129312682887107], [80.58658833123283, 20.129241428665104], [80.58654191707873, 20.12917017441067], [80.58649550382293, 20.12909892012375], [80.58644909056716, 20.129027665804315], [80.58640267641306, 20.128956410609], [80.58635626315727, 20.128885157068066], [80.58630984900317, 20.128813901807764], [80.58626343484907, 20.128742647358454], [80.58621702159331, 20.128671392876623], [80.58617060743921, 20.12860013751892], [80.5861241941834, 20.1285288838156], [80.5860777800293, 20.128457628392912], [80.5860313667735, 20.128386374624636], [80.5859849526194, 20.128315119136975], [80.5859385384653, 20.128243864460302], [80.58589212431121, 20.128172609751164], [80.58584571015712, 20.128101355009548], [80.58579929690134, 20.128030100235428], [80.58575288364555, 20.12795884542885], [80.58570646949146, 20.127887589746322], [80.58566005623568, 20.12781633571823], [80.58561364208158, 20.127745079970783], [80.58556722792746, 20.12767382503427], [80.58552081377336, 20.12760257006531], [80.58547439961926, 20.127531315063866], [80.58542798636348, 20.127460060029918], [80.58538157220939, 20.127388804963527], [80.58534482123281, 20.127314974795187], [80.58530806935788, 20.127241144591984], [80.5852713183813, 20.1271673143539], [80.58523456740471, 20.12709348408097], [80.5851978155298, 20.127019653773168], [80.5851610645532, 20.126945823430493], [80.58512431267833, 20.126871993052948], [80.58508756170173, 20.126798162640558], [80.58505081072515, 20.12672433219328], [80.58501405885022, 20.126650501711147], [80.58497730787364, 20.126576672037636], [80.58494055599876, 20.126502840642285], [80.58490380502214, 20.12642901005556], [80.58486705404555, 20.126355180277436], [80.58483030217067, 20.126281348777496], [80.58479355119408, 20.126207518086183], [80.58475680021749, 20.126133688203456], [80.58472004834258, 20.12605985659893], [80.58468329736598, 20.125986025803], [80.5846465463894, 20.125912195815708], [80.5846097945145, 20.12583836410658], [80.58457304353789, 20.125764533206073], [80.58453629256131, 20.1256907022707], [80.58449954158472, 20.125616872143944], [80.58446278970985, 20.125543040295355], [80.58442603873324, 20.12546920925539], [80.58438928775666, 20.125395378180563], [80.58435253678007, 20.125321547070868], [80.58431578580348, 20.1252477159263], [80.58427624376128, 20.125177904710544], [80.58423670171912, 20.12510809346364], [80.58419715967695, 20.125038282185532], [80.58415761763477, 20.124968470876254], [80.58411807559261, 20.124898659535848], [80.58407853265211, 20.12482884732076], [80.58403899060994, 20.124759035918], [80.58399944856774, 20.124689224484044], [80.58395990652556, 20.12461941301892], [80.5839203644834, 20.124549601522663], [80.58388082244123, 20.1244797899952], [80.58394432434865, 20.124426612529657], [80.5840078262561, 20.124373435889506], [80.58407132906186, 20.124320258387783], [80.58413483096928, 20.124267081711476], [80.58419833287672, 20.12421390417358], [80.58426183478414, 20.124160727461067], [80.58432533758989, 20.124107549887004], [80.58438883949732, 20.124054373138343], [80.58445234140477, 20.124001195528123], [80.58451584331218, 20.123948017899814], [80.58457934521964, 20.123894841096906], [80.58464284802538, 20.123841663432426], [80.5847063499328, 20.12378848659335], [80.58476985184025, 20.12373530889269], [80.58483335374768, 20.12368213201742], [80.58489685655341, 20.123628954280626], [80.58496035846088, 20.123575777369176], [80.5850238603683, 20.123522599596186], [80.5850834159767, 20.123460693513245], [80.5851429724834, 20.123398786562262], [80.5852025289901, 20.123336879586816], [80.5852620854968, 20.123274972586856], [80.58532164200354, 20.12321306640585], [80.58538119851023, 20.123151159356844], [80.58544075501693, 20.123089253126846], [80.58550031152363, 20.123027346872302], [80.58555986803034, 20.122965439749816], [80.58561942453707, 20.12290353344627], [80.58567898104377, 20.122841626274734], [80.58573853755045, 20.122779719922168], [80.58579809405717, 20.1227178135451], [80.58585765056387, 20.122655906300057], [80.58591720707057, 20.12259399987396], [80.5859767635773, 20.122532093423366], [80.586036320084, 20.122470186948263], [80.5860958765907, 20.12240827960518], [80.5861554330974, 20.122346373081072], [80.5862149896041, 20.12228446653248], [80.58627454611083, 20.12222255911584], [80.58633410261754, 20.122160652518232], [80.58639365912423, 20.12209874505259], [80.58645321563094, 20.122036838405936], [80.58651277213764, 20.121974931734805], [80.58657232864437, 20.121913024195628], [80.58663188515108, 20.12185111747549], [80.58669144165778, 20.121789209887304], [80.58675099816446, 20.12172730311815], [80.58681055467117, 20.12166539548096], [80.5868701111779, 20.121603488662746], [80.58691911876822, 20.12153419793824], [80.58696812635854, 20.121464907183068], [80.58701713394885, 20.121395616397148], [80.58706614243751, 20.121326324737048], [80.58711515002783, 20.121257034733237], [80.58716415851647, 20.121187743011713], [80.58721316610679, 20.121118452946508], [80.58726217459544, 20.121049161163587], [80.58731118218576, 20.120979871036983], [80.58736019067442, 20.120910579192664], [80.58740919826474, 20.12084128816114], [80.58745820675338, 20.120771996255463], [80.58750721434369, 20.120702706006053], [80.58755622283233, 20.120633414038938], [80.58760523042265, 20.12056412372813], [80.5876542389113, 20.120494831699606], [80.58770324650163, 20.1204255413274], [80.58775225499028, 20.120356249237478], [80.5878012625806, 20.120286958803877], [80.58785027106924, 20.120217666652557], [80.58789927865956, 20.12014837531405], [80.58794828624988, 20.120079084788348], [80.58799729473853, 20.120009792544945], [80.58804630232883, 20.119940501957824], [80.5880953108175, 20.119871209653038], [80.58814431840781, 20.119801919004505], [80.58819332689646, 20.11973262663833], [80.58824233448678, 20.11966333592839], [80.58829134297542, 20.119594043500808], [80.58834035056574, 20.11952475188601], [80.5883893590544, 20.119455459396992], [80.58843836664472, 20.11938616856432], [80.58848737513337, 20.119316876013905], [80.58853638272367, 20.11924758511982], [80.58858539121232, 20.119178292508046], [80.58863439880264, 20.119109001552527], [80.58868340729127, 20.119039708879367], [80.58873241488162, 20.11897041786245], [80.58878142337022, 20.118901125127895], [80.58883043096058, 20.11883183320611], [80.5888794385509, 20.11876254209711], [80.58892844703955, 20.118693249270443], [80.58897745462987, 20.118623958100084], [80.58902646311851, 20.118554665211995], [80.58907547070883, 20.118485373980253], [80.58912447919748, 20.118416081030755], [80.5891734867878, 20.11834678973761], [80.5892224952764, 20.11827749672673], [80.58927150286677, 20.11820820537219], [80.58932051135538, 20.118138912299933], [80.58936951984403, 20.118069620040476], [80.58941852833267, 20.118000327750334], [80.58946753592299, 20.117931035429503], [80.58951654441165, 20.117861743077963], [80.58956555200197, 20.117792450695735], [80.58961456049062, 20.117723158282796], [80.58966356808094, 20.11765386583916], [80.58971257656958, 20.117584573364834], [80.5897615841599, 20.117515280859813], [80.58981059264855, 20.117445988324093], [80.58985960023885, 20.117376695757685], [80.58991594526844, 20.11731248952234], [80.58997229029798, 20.117248283260636], [80.59002863442923, 20.117184077816116], [80.59008497945881, 20.117119871501703], [80.59014132448839, 20.117055665160944], [80.59019766951793, 20.116991458793823], [80.59025401454751, 20.11692725240035], [80.59031035867875, 20.116863046824033], [80.59036670370833, 20.116798840377843], [80.5904230487379, 20.116734633905317], [80.59047939376745, 20.116670427406433], [80.59053573879703, 20.116606220881188], [80.5905920838266, 20.116542014329607], [80.59064842795785, 20.116477808595175], [80.5907047729874, 20.116413601990885], [80.59076111801697, 20.11634939536022], [80.59081746304655, 20.116285188703213], [80.59087380807608, 20.116220982019854], [80.59093015220736, 20.116156776153634], [80.59098649723691, 20.116092569417553], [80.59104284226649, 20.116028362655168], [80.59109918729607, 20.115964155866404], [80.5911555323256, 20.115899949051272], [80.59121187645685, 20.115835743053285], [80.59126822148643, 20.115771536185456], [80.59132456651602, 20.115707329291265], [80.59138091154556, 20.115643122370717], [80.59143725657513, 20.11557891542383], [80.5914936016047, 20.115514708450583], [80.59154994573595, 20.115450502294525], [80.5916062907655, 20.11538629526857], [80.59166263579507, 20.115322088216267], [80.59171898082465, 20.115257881137605], [80.5917753258542, 20.115193674032597], [80.59183166998547, 20.115129467744733], [80.59188801501502, 20.115065260587027], [80.5919443600446, 20.115001053402963], [80.59200070507417, 20.114936846192535], [80.59205705010372, 20.114872638955774], [80.59211339423496, 20.114808432536186], [80.59216973926455, 20.114744225246717], [80.59222608429413, 20.114680017930887], [80.59228242932366, 20.11461581058871], [80.59233877435324, 20.114551603220185], [80.59239511938281, 20.1144873958253], [80.59245146351407, 20.114423189247614], [80.59250780854364, 20.11435898180002], [80.59256415357318, 20.11429477432609], [80.59262049860276, 20.114230566825814], [80.59267684363235, 20.114166359299162], [80.59273318866188, 20.114102152589687], [80.59278953369144, 20.114037945010356], [80.59284587872102, 20.113973737404663], [80.59290222375057, 20.11390952977262], [80.59295856878015, 20.11384532211422], [80.5930149129114, 20.113781115273017], [80.59307125794098, 20.113716907561923], [80.59312760297053, 20.113652699824478], [80.5931839480001, 20.113588492060686], [80.59324029302967, 20.113524284270532], [80.59329663805921, 20.113460076454032], [80.59335298219045, 20.11339586945473], [80.59340932722004, 20.113331661585537], [80.59346567224962, 20.113267453689993], [80.5935182811859, 20.11320015253783], [80.59357089012221, 20.11313285051321], [80.5936234990585, 20.11306554930316], [80.59367610709648, 20.112998247220627], [80.5937287160328, 20.112930945952662], [80.59378132496907, 20.112863643812236], [80.5938339339054, 20.112796342486384], [80.59388654284167, 20.11272904028806], [80.59393915177799, 20.112661738904297], [80.59399176071427, 20.11259443664807], [80.59404436965059, 20.11252713520641], [80.59409697768858, 20.112459833735834], [80.59414958662485, 20.11239253139274], [80.59420219556117, 20.11232522986426], [80.59425480449745, 20.112257927463244], [80.59430741343377, 20.11219062587687], [80.59436002237008, 20.112123323417965], [80.59441263130637, 20.11205602177369], [80.59446524024268, 20.111988719256914], [80.59451784828066, 20.11192141755473], [80.59457045721693, 20.11185411582356], [80.59462306615326, 20.111786813219943], [80.59467567508955, 20.111719511430902], [80.59472828402585, 20.111652208769385], [80.59478089296215, 20.11158490692243], [80.59483350189845, 20.111517604203016], [80.59488611083474, 20.111450302298177], [80.59493871887271, 20.111382999520863], [80.59499132780904, 20.111315697558112], [80.59504393674531, 20.11124839472291], [80.59509654568163, 20.111181092702274], [80.59514071404752, 20.11110910392871], [80.5951848833117, 20.111037115122034], [80.59522905167759, 20.110965126282238], [80.59527322004348, 20.110893137409317], [80.5953173893077, 20.110821148503277], [80.59536155767358, 20.110749159564122], [80.59540572603947, 20.11067717059184], [80.59544989530369, 20.110605181586436], [80.59549406366958, 20.110533192547923], [80.59553823203547, 20.11046120347629], [80.5955824012997, 20.110389214371544], [80.59562656966557, 20.110317225233665], [80.59567073803146, 20.110245236062674], [80.59571490729564, 20.110173246858565], [80.59575907566153, 20.11010125762134], [80.59580324402741, 20.11002926835099], [80.59584741329164, 20.10995727820396], [80.59589158165753, 20.10988528886738], [80.59593575002341, 20.109813299497663], [80.5959799183893, 20.10974131009486], [80.59602408765352, 20.109669320658913], [80.59606825601941, 20.109597331189867], [80.5961124243853, 20.10952534168769], [80.59615659364951, 20.109453352152396], [80.5962007620154, 20.10938136258399], [80.59624493038127, 20.109309372982462], [80.59628909964547, 20.10923738334782], [80.59633326801136, 20.109165393680065], [80.59637743637725, 20.109093403979156], [80.59642160564147, 20.109021414245152], [80.59646577400734, 20.108949424478038], [80.59650994237323, 20.108877434677815], [80.59655411163746, 20.108805444844467], [80.59659828000335, 20.108733454978015], [80.5966328498704, 20.108658731956833], [80.59666741973749, 20.10858400889999], [80.59670198960458, 20.108509284963887], [80.59673655947165, 20.108434561835683], [80.59677112933872, 20.108359838671795], [80.59680569920582, 20.10828511547222], [80.59684026907289, 20.108210391393428], [80.59687483893995, 20.108135668122483], [80.59690940880705, 20.108060944815875], [80.59694397867413, 20.107986221473585], [80.59697854854119, 20.107911498095618], [80.59701311840828, 20.107836773838432], [80.59704768827537, 20.10776205038911], [80.59708225814244, 20.1076873269041], [80.59711682800953, 20.107612603383455], [80.59715139787659, 20.107537878983525], [80.59718596774367, 20.107463155391535], [80.59722053761077, 20.10738843176382], [80.59725510747784, 20.10731370810043], [80.5972896773449, 20.107238983557824], [80.59732424721201, 20.107164259823076], [80.59735881707907, 20.10708953605266], [80.59736241752674, 20.107005355883572], [80.59736601797437, 20.106921175669193], [80.59736961842204, 20.106836996253136], [80.5973732188697, 20.1067528159482], [80.59737681931738, 20.106668635598], [80.59738041976503, 20.106584455202526], [80.59738402021267, 20.106500275605317], [80.59738762066034, 20.106416095119293], [80.597391221108, 20.10633191458798], [80.59739482155567, 20.1062477340114], [80.5973984220033, 20.106163553389546], [80.59740202245096, 20.106079373565983], [80.59740562289863, 20.10599519285358], [80.5974092233463, 20.105911012095888], [80.59741282379393, 20.10582683129293], [80.5974164242416, 20.10574265128828], [80.59742002468927, 20.10565847039478], [80.59742362603524, 20.105574289455983], [80.59742722648289, 20.105490108471926], [80.59743082693056, 20.10540592744259], [80.59743442737823, 20.105321747211534], [80.59743802782586, 20.105237566091652], [80.59744162827353, 20.105153384926492], [80.5974452287212, 20.105069203716095], [80.59744882916887, 20.10498502330395], [80.5974524296165, 20.10490084200298], [80.59745603006417, 20.10481666065672], [80.59745963051184, 20.104732479265195], [80.5974632309595, 20.104648297828405], [80.59746683140713, 20.10456411718992], [80.5974704318548, 20.10447993566257], [80.59747403230247, 20.104395754089968], [80.59747763275013, 20.104311572472078], [80.59748123319777, 20.10422739165248], [80.59748483364542, 20.10414320994404], [80.5974884340931, 20.104059028190377], [80.5974888464198, 20.103975191416136], [80.59748925784821, 20.103891354597014], [80.59748967017494, 20.103807517732978], [80.59749008160335, 20.10372368082405], [80.59749049393005, 20.10363984387021], [80.59749090625675, 20.10355600687151], [80.59749131768515, 20.103472169827864], [80.5974917300119, 20.103388332739335], [80.59749214144028, 20.103304495605908], [80.597492553767, 20.10322065842757], [80.59749296519539, 20.103136821204362], [80.59749337752208, 20.10305298393622], [80.59749378984883, 20.102969146623195], [80.59749420127723, 20.102885309265258], [80.59749461360393, 20.102801471862428], [80.59749502503234, 20.1027176344147], [80.59749543735904, 20.102633796922095], [80.59749584968577, 20.10254995938456], [80.59749626111419, 20.10246612180214], [80.59749667344087, 20.1023822841748], [80.59749708486929, 20.102298446502576], [80.59749749719602, 20.102214608785452], [80.59749790862439, 20.102130771023457], [80.59749832095112, 20.102046934060116], [80.59749873327783, 20.101963096208316], [80.59749914470622, 20.101879258311605], [80.59749955703296, 20.10179542036999], [80.59749996846134, 20.101711582383487], [80.59750038078806, 20.101627744352076], [80.59750079311476, 20.101543906275765], [80.59750120454316, 20.101460068154598], [80.5975016168699, 20.101376229988496], [80.59750202829831, 20.10129239177751], [80.59750244062501, 20.101208553521616], [80.59750285205342, 20.101124715220823], [80.59750326438012, 20.101040876875185], [80.59750367670685, 20.100957038484598], [80.59750408813525, 20.100873200049115], [80.59750450046197, 20.10078936156875], [80.59750491189035, 20.100705523043487], [80.59750532421705, 20.100621684473314], [80.5975057365438, 20.100537845858298], [80.5975061479722, 20.100454007198344], [80.5975065602989, 20.100370168493495], [80.5975069717273, 20.10028632974376], [80.597507384054, 20.100202490949115], [80.59750779548241, 20.10011865210963], [80.59750820780914, 20.10003481322519], [80.5974930954511, 20.0999519975863], [80.59747798219477, 20.099869181903593], [80.59746286983673, 20.0997863661771], [80.59744775747873, 20.099703550406787], [80.59743264422241, 20.09962073459266], [80.59741753186437, 20.099537918734754], [80.5974814694547, 20.09947876428268], [80.59754540614672, 20.099419608964638], [80.59760934373709, 20.099360454467867], [80.5976732804291, 20.099301299948742], [80.59773721801946, 20.099242145407253], [80.5978011556098, 20.09918298999985], [80.59786509230184, 20.099123835413643], [80.59792902989219, 20.09906468080513], [80.5979929665842, 20.09900552533067], [80.59805690417456, 20.098946370677453], [80.59812084176492, 20.0988872160019], [80.59818477845694, 20.098828060460352], [80.59824871604728, 20.09876890574009], [80.59831265273934, 20.09870975099749], [80.59837659032968, 20.09865059623252], [80.59844052792002, 20.098591440601627], [80.59850446461205, 20.098532285791965], [80.59856840220239, 20.098473130959963], [80.59863233889443, 20.098413975261987], [80.59869627648477, 20.09835482038528], [80.59876021407511, 20.09829566548623], [80.59882415076716, 20.098236509721207], [80.5988880883575, 20.098177354777466], [80.59895202504953, 20.098118199811374], [80.59901596263987, 20.098059044822925], [80.59907990023025, 20.09799988896854], [80.59914383692225, 20.097940733935403], [80.5992077745126, 20.09788157887992], [80.59927171120465, 20.097822422958465], [80.599335648795, 20.09776326785828], [80.59939958638535, 20.097704112735755], [80.59946352307736, 20.097644956747278], [80.5995274606677, 20.09758580158006], [80.59959139735975, 20.097526646390488], [80.5996553349501, 20.097467491178563], [80.59971927254044, 20.097408335100674], [80.59978320923248, 20.097349179844066], [80.59984714682282, 20.09729002456511], [80.59991108351484, 20.097230868420162], [80.59997502110518, 20.09717171309652], [80.60003895869554, 20.097112557750517], [80.60010289538758, 20.097053401538563], [80.60016683297792, 20.09699424614788], [80.60023076966998, 20.096935090734828], [80.60029470726032, 20.096875935299447], [80.60035864485066, 20.096816778998082], [80.60042258154269, 20.096757623518], [80.60048651913303, 20.096698468015575], [80.60055045582507, 20.096639311647188], [80.60061439341541, 20.096580156100067], [80.60067833100575, 20.096521000530597], [80.6007422676978, 20.096461844095153], [80.60080620528814, 20.09640268848099], [80.60087014198017, 20.09634353284447], [80.60093407957051, 20.09628437718563], [80.60099801716085, 20.096225220660795], [80.60106195385289, 20.096166064957245], [80.60112589144323, 20.096106909231356], [80.60118982813529, 20.096047752639503], [80.60125376572563, 20.09598859686893], [80.60131770331598, 20.095929441075995], [80.601381640008, 20.095870284417085], [80.60144557759834, 20.095811128579456], [80.60150951429038, 20.095751972719484], [80.60157345188072, 20.09569281683719], [80.60163738947108, 20.095633660088914], [80.60170132616312, 20.095574504161913], [80.60176526375346, 20.09551534821257], [80.60182920044548, 20.095456191397226], [80.60189313803582, 20.095397035403188], [80.60195702172727, 20.09533876857054], [80.6020209054187, 20.0952805017162], [80.60208478821183, 20.095222234840197], [80.60214867190324, 20.09516396794251], [80.60221255559465, 20.095105701023147], [80.6022764392861, 20.0950474332385], [80.60234032207923, 20.094989166275763], [80.60240420577064, 20.094930899291377], [80.60246808946206, 20.094872632285302], [80.60253197315352, 20.094814365257545], [80.60259585684493, 20.094756098208098], [80.60265973963806, 20.094697831136997], [80.60272362332947, 20.094639564044204], [80.60278750702089, 20.094581296929736], [80.60285139071235, 20.0945230297936], [80.60291527350547, 20.094464761792146], [80.60297915719688, 20.094406494612652], [80.60304304088831, 20.09434822741148], [80.60310692457975, 20.094289960188615], [80.60317080827119, 20.094231692944074], [80.6032346910643, 20.094173425677866], [80.60329857475571, 20.09411515838998], [80.60336245844714, 20.094056891080413], [80.60342634213859, 20.09399862374917], [80.6034902249317, 20.093940356396246], [80.60355410862313, 20.09388208817803], [80.60361799231455, 20.09382382078175], [80.60368187600601, 20.09376555336379], [80.60374575969742, 20.093707285924168], [80.60380964249055, 20.093649018462862], [80.60387352618196, 20.093590750979867], [80.60393740987338, 20.093532483475208], [80.60400129356483, 20.093474215948866], [80.60406517635795, 20.09341594840086], [80.60412906004937, 20.09335768083115], [80.60419294374078, 20.093299413239787], [80.60425682743224, 20.0932411447831], [80.60432071112366, 20.093182877148404], [80.60438459391679, 20.093124609492005], [80.6044484776082, 20.093066341813927], [80.60451236129961, 20.09300807411417], [80.60457624499107, 20.09294980639275], [80.6046401277842, 20.092891538649635], [80.6047040114756, 20.092833270884856], [80.60476789516703, 20.092775003098396], [80.60483177885848, 20.09271673529026], [80.6048956625499, 20.092658466616797], [80.60495954534302, 20.092600198765304], [80.60502342903443, 20.092541930892143], [80.60508731272586, 20.092483662997328], [80.60515119641731, 20.09242539508081], [80.60521507921044, 20.092367127142627], [80.60527896290185, 20.092308859182765], [80.60534284659326, 20.092250591201225], [80.60540673028471, 20.092192323198006], [80.60547061397614, 20.09213405517311], [80.60553449676927, 20.09207578628287], [80.60559838046068, 20.092017518214625], [80.6056622641521, 20.091959250124706], [80.60572614784355, 20.091900982013104], [80.60579003063667, 20.091842713879828], [80.60585391432808, 20.09178444572492], [80.60591779801952, 20.091726177548296], [80.60598168171096, 20.091667909349994], [80.60604556540238, 20.091609641130027], [80.6061094481955, 20.091551372888382], [80.60617333188692, 20.09149310378138], [80.60623721557835, 20.09143483549639], [80.6063010992698, 20.09137656718971], [80.60636498206291, 20.09131829886136], [80.60642886575434, 20.091260030511332], [80.60649274944575, 20.09120176213964], [80.60655809379786, 20.091151483115627], [80.60662343814992, 20.091101204919156], [80.60668878250202, 20.091050925862866], [80.60675412685409, 20.09100064763407], [80.60681947120618, 20.090950368545514], [80.60688481555825, 20.090900089440815], [80.60695015991035, 20.090849811163622], [80.60701550516075, 20.09079953202665], [80.60708084951281, 20.090749253717167], [80.6071461938649, 20.090698974547916], [80.60721153821697, 20.090648695362535], [80.60727688256907, 20.09059841700467], [80.60734222692113, 20.090548137787], [80.60740757127324, 20.090497859396844], [80.6074729156253, 20.090447580146897], [80.60754846663566, 20.090493017667], [80.60762401674769, 20.09053845433025], [80.607699567758, 20.090583891824007], [80.60777511787002, 20.090629328460885], [80.60785066888037, 20.090674765928267], [80.6079262189924, 20.090720202538847], [80.60800177000276, 20.09076563997987], [80.60807732101308, 20.09081107656404], [80.60815287112509, 20.090856513978714], [80.60822842213545, 20.090901950536523], [80.60830397224748, 20.09094738792484], [80.60837952325784, 20.090992824456325], [80.60845507336985, 20.09103826181828], [80.60853062438017, 20.09108369916704], [80.60860617539052, 20.09112913565896], [80.60868172550255, 20.091174572981362], [80.60875727651288, 20.091220009446932], [80.60883282662492, 20.091265446742973], [80.60890837763525, 20.09131088318221], [80.60898392774727, 20.091356320451865], [80.60905947875763, 20.09140175686474], [80.60913502976794, 20.091447194108063], [80.60921057987997, 20.091492630494553], [80.60928613089033, 20.09153806771151], [80.60936168100234, 20.09158350407163], [80.6094372320127, 20.091628941262254], [80.60951278212472, 20.091674377596036], [80.60958833313505, 20.0917198147603], [80.60966388324707, 20.091765251911358], [80.60973943425742, 20.091810688205587], [80.60981498526778, 20.0918561253303], [80.6098905353798, 20.091901561598156], [80.60996608639012, 20.091946998696507], [80.61004163650213, 20.09199243493804], [80.61011718751249, 20.09203787200999], [80.61019273762452, 20.092083308225178], [80.61026828863484, 20.09212874527079], [80.6103438396452, 20.09217418145958], [80.61041938975721, 20.092219618478836], [80.61049494076757, 20.092265054641263], [80.6105704908796, 20.09231049163416], [80.61064604188991, 20.092355928613888], [80.61072159200194, 20.092401364736798], [80.61079714301229, 20.092446801690166], [80.61087269402263, 20.09249223778668], [80.61094824413466, 20.092537674713686], [80.61102379514499, 20.092583110783842], [80.61109934525702, 20.092628547684487], [80.61117489626737, 20.092673983728318], [80.61125044637939, 20.09271942060259], [80.61132599738974, 20.092764856620036], [80.61140154840005, 20.09281029346795], [80.61147709851208, 20.092855729459036], [80.61155264952244, 20.092901166280587], [80.61162819963445, 20.092946603088958], [80.61170375064478, 20.092992039040503], [80.61177930075684, 20.093037475822502], [80.61185485176716, 20.093082911747725], [80.61193040277752, 20.093128348503363], [80.61200595288953, 20.093173784402186], [80.61208150389986, 20.093219221131477], [80.61215705401187, 20.093264657003925], [80.61223260502223, 20.093310093706844], [80.61230815513426, 20.093355529552973], [80.6123837061446, 20.09340096622954], [80.61245925715494, 20.09344640204927], [80.61253480726695, 20.09349183869948], [80.61261035827731, 20.093537274492835], [80.61268590838934, 20.093582711116685], [80.61276145939969, 20.09362814772734], [80.61283700951171, 20.093673583481195], [80.61291256052202, 20.093719020065453], [80.61298811153237, 20.093764455792947], [80.6130636616444, 20.09380989235088], [80.61313921265473, 20.093855328051987], [80.61321476276675, 20.093900764583562], [80.6132903137771, 20.093946200258298], [80.61336586388913, 20.093991636763512], [80.61344141489948, 20.09403707241191], [80.6135169659098, 20.094082508890764], [80.61359251602182, 20.094127944512778], [80.61366806703217, 20.09417338096526], [80.6137436171442, 20.09421881740456], [80.61381916815455, 20.09426425298703], [80.61389471826658, 20.09430968939996], [80.6139702692769, 20.09435512495611], [80.61404581938892, 20.09440056134265], [80.61412137039927, 20.094445996872416], [80.61419692140963, 20.094491433232633], [80.61427247152166, 20.094536868736025], [80.61434802253197, 20.09458230506987], [80.61442357264399, 20.09462774054689], [80.61449912365435, 20.094673176854375], [80.61457467376637, 20.09471861230507], [80.6146502247767, 20.094764048586182], [80.61472577578705, 20.094809484854117], [80.61480132589907, 20.094854920265234], [80.61487687690942, 20.094900356506805], [80.61495242702145, 20.09494579189156], [80.61502797803176, 20.09499122810677], [80.61510352814379, 20.09503666346518], [80.61517907915415, 20.095082099654032], [80.6152546301645, 20.095127534986055], [80.61533018027653, 20.095172971148546], [80.61540573128684, 20.095218406454194], [80.61548128139887, 20.095263842590313], [80.61555683240921, 20.09530927786964], [80.61563238252124, 20.095354713979358], [80.6157079335316, 20.095400150075935], [80.61578348454192, 20.095445585315723], [80.61585903465395, 20.095491021385925], [80.6159345856643, 20.095536456599316], [80.61601013577632, 20.095581892643157], [80.61608568678663, 20.095627327830172], [80.61616123689866, 20.095672763847656], [80.61623678790902, 20.09571819900835], [80.61631233891937, 20.095763634999457], [80.61638788903139, 20.09580907013375], [80.61646344004171, 20.0958545060985], [80.61653899015374, 20.095899941206433], [80.6166145411641, 20.095945377144822], [80.61669009127611, 20.095990812226407], [80.61676564228647, 20.0960362481384], [80.61684119329678, 20.096081684037234], [80.61691674340881, 20.09612711907929], [80.61699229441916, 20.096172554951757], [80.61706784453119, 20.096217989967414], [80.61714339554153, 20.09626342581353], [80.61721894565356, 20.096308860802804], [80.61729449666389, 20.096354296622557], [80.61737004767424, 20.096399731585507], [80.61744559778627, 20.09644516737889], [80.61752114879658, 20.09649060231544], [80.6175966989086, 20.096536038082448], [80.61767224991895, 20.096581472992643], [80.61774780003098, 20.096626908733302], [80.61782335104134, 20.096672344460757], [80.61789890115335, 20.09671777933143], [80.61797445216368, 20.09676321503249], [80.61805000317403, 20.096808649876806], [80.61812555328606, 20.096854085551538], [80.61820110429642, 20.096899520369455], [80.61827665440843, 20.09694495601782], [80.61835220541874, 20.096990390809374], [80.61842775553077, 20.097035826431362], [80.61850330654113, 20.097081261196585], [80.61857885755146, 20.097126696792223], [80.6186544076635, 20.097172131531035], [80.61872995867382, 20.0972175671003], [80.61880550878585, 20.097263002656387], [80.61888105979621, 20.097308437355643], [80.61895660990824, 20.09735387288537], [80.61903216091855, 20.097399307558305], [80.6191077119289, 20.097444743061658], [80.61918326204092, 20.097490177708195], [80.61925881305127, 20.097535613185187], [80.6193343631633, 20.097581047805352], [80.61940991417363, 20.09762648325597], [80.61948546428565, 20.097671917849798], [80.619561015296, 20.09771735327403], [80.61963656630635, 20.097762787841486], [80.61971211641838, 20.097808223239372], [80.6197876674287, 20.097853657780444], [80.61986321754071, 20.097899093151966], [80.61993876855107, 20.0979445285103], [80.6200143186631, 20.097989963011816], [80.62008986967345, 20.098035398343786], [80.62016542068378, 20.09808083281897], [80.6202409707958, 20.098126268124567], [80.62031652180615, 20.098171702573364], [80.62039207191818, 20.098217137852586], [80.62046762292849, 20.09826257227501], [80.62054317304052, 20.098308007527876], [80.62061872405087, 20.098353441923962], [80.62069427506123, 20.098398877150427], [80.62076982517324, 20.098444311520154], [80.62084537618357, 20.098489746720272], [80.6209209262956, 20.098535181907224], [80.62099647730595, 20.09858061623736], [80.62107202741797, 20.098626051397936], [80.62114757842832, 20.09867148570171], [80.62122312943863, 20.098716920835905], [80.62129867955066, 20.098762355113344], [80.62137423056103, 20.098807790221187], [80.62144978067303, 20.098853224472215], [80.62152533168336, 20.0988986595537], [80.62160088179543, 20.098944093778357], [80.62167643280574, 20.098989528833467], [80.6217519838161, 20.099034963031798], [80.62182753392811, 20.099080398060536], [80.62190308493844, 20.099125833076055], [80.62197863505045, 20.099171267234837], [80.62205418606082, 20.09921670222402], [80.62212973617284, 20.0992621363564], [80.62220528718319, 20.099307571319212], [80.62228083729522, 20.09935300542522], [80.62235638830553, 20.09939844036167], [80.62243193931589, 20.099443874441356], [80.62250748942792, 20.09948930935142], [80.62258304043827, 20.099534743404696], [80.62265859055029, 20.099580178288413], [80.62273414156061, 20.099625612315315], [80.62280969167263, 20.099671047172656], [80.622885242683, 20.099716481173235], [80.62296079369331, 20.099761916004194], [80.62303634380537, 20.099807350821983], [80.62311189481568, 20.09985278478297], [80.62318744492771, 20.09989821957439], [80.62326299593806, 20.099943653509], [80.62333854605008, 20.09998908827406], [80.62341409706042, 20.100034522182327], [80.62348964807076, 20.100079956920986], [80.62356519818279, 20.100125390802877], [80.62364074919314, 20.1001708255152], [80.62371629930516, 20.100216259370708], [80.62379185031548, 20.10026169405666], [80.6238674004275, 20.10030712788579], [80.62394295143785, 20.100352562545357], [80.62396078748783, 20.100435085243063], [80.6239786235378, 20.10051760789726], [80.62399646048605, 20.100600131351555], [80.62401429653603, 20.100682653918756], [80.624032132586, 20.100765176442433], [80.62404996863597, 20.100847698922653], [80.62406780468594, 20.100930221359363], [80.62408564163421, 20.101012744596172], [80.62410347768419, 20.101095266945887], [80.62412131373415, 20.101177789252095], [80.62413914978413, 20.101260311514814], [80.62415698583409, 20.101342833734023], [80.62417482278236, 20.101425355909736], [80.62419265883233, 20.101507878885577], [80.6242104948823, 20.10159040097428], [80.62422833093227, 20.101672923019517], [80.62424616698225, 20.101755445021254], [80.6242640039305, 20.101837966979456], [80.62428183998047, 20.101920489737797], [80.62429967603045, 20.102003011609014], [80.62431751208041, 20.10208553343675], [80.62433534813039, 20.10216805522099], [80.62435318418035, 20.1022505769617], [80.62437102112862, 20.10233309950252], [80.62438885717859, 20.102415621156265], [80.62440669322856, 20.1024981427665], [80.62442452927853, 20.10258066433324], [80.6244423653285, 20.102663185856454], [80.62446020227677, 20.102745708179757], [80.62447803832673, 20.102828229615994], [80.6244958743767, 20.10291075100873], [80.62451371042667, 20.102993272357946], [80.62453154647665, 20.103075793663674], [80.62454938342492, 20.10315831492592], [80.62456721947488, 20.103240836988213], [80.62458505552486, 20.10332335816344], [80.62460289157482, 20.103405879295153], [80.62462072762479, 20.103488400383384], [80.62463856457306, 20.103570921428105], [80.62465640062304, 20.10365344327289], [80.624674236673, 20.103735964230616], [80.62469207272298, 20.103818485144792], [80.62470990877291, 20.103901006015523], [80.6247277457212, 20.103983526842732], [80.62474558177118, 20.104066048470017], [80.62476341782114, 20.104148569210217], [80.62478125387112, 20.104231089906886], [80.62479908992105, 20.10431361056009], [80.62481692686936, 20.10439613116979], [80.62483476291932, 20.104478652579548], [80.6248525989693, 20.104561173102237], [80.62487043501926, 20.104643693581405], [80.6248882710692, 20.104726214017088], [80.62490610801751, 20.10480873440926], [80.62492394406746, 20.1048912547579], [80.62494178011744, 20.10497377590666], [80.6249596161674, 20.105056296168293], [80.62497745221735, 20.10513881638645], [80.62499528916565, 20.10522133656111], [80.62501312521562, 20.105303856692235], [80.6250309612656, 20.10538637762346], [80.62504879731556, 20.10546889766758], [80.62506663336549, 20.105551417668202], [80.62508446941547, 20.10563393762534], [80.62510230636377, 20.105716457538925], [80.62512014241373, 20.105798978252626], [80.62513797846371, 20.105881498079206], [80.62515581451365, 20.105964017862316], [80.62517365056361, 20.106046537601916], [80.62519148751191, 20.10612905729798], [80.62520932356188, 20.106211577794106], [80.62522715961185, 20.106294097403186], [80.62524499566179, 20.10637661696876], [80.62526283171175, 20.10645913649082], [80.62528066866005, 20.106541655969334], [80.62529850471003, 20.10662417540439], [80.62531634076, 20.10670669563948], [80.62533417680993, 20.106789214987504], [80.6253520128599, 20.106871734292042], [80.6253698498082, 20.106954253553017], [80.62538768585817, 20.107036772770535], [80.62540552190812, 20.107119292788077], [80.62542335795808, 20.107201811918575], [80.62544119400806, 20.107284331005538], [80.62545903095635, 20.107366850049], [80.62547686700633, 20.107449369048968], [80.62549470305626, 20.10753188884896], [80.62551253910623, 20.10761440776192], [80.6255303751562, 20.10769692663132], [80.6255482121045, 20.107779445457247], [80.62556604815447, 20.107861964239664], [80.6255838842044, 20.10794448382212], [80.62560172025438, 20.108027002517517], [80.62561955630434, 20.108109521169364], [80.62563739325265, 20.108192039777744], [80.62565522930261, 20.108274558342625], [80.62567306535254, 20.108357076863943], [80.62569090140252, 20.108439596185363], [80.62570873745248, 20.108522114619664], [80.62572657440079, 20.10860463301049], [80.62574441045076, 20.10868715135781], [80.6257622465007, 20.108769669661577], [80.62578008255068, 20.108852188765436], [80.62579791860064, 20.108934706982186], [80.62581575554894, 20.10901722515545], [80.6258335915989, 20.109099743285206], [80.62585142764885, 20.109182261371412], [80.62586926369882, 20.109264780257718], [80.6258870997488, 20.109347298256907], [80.62590493579876, 20.109429816212597], [80.62592277274706, 20.1095123341248], [80.625940608797, 20.109594851993446], [80.62595844484696, 20.10967737066219], [80.62597628089694, 20.1097598884438], [80.6259941169469, 20.109842406181954], [80.6260119538952, 20.10992492387657], [80.62602978994514, 20.110007441527653], [80.62604762599511, 20.110089959135262], [80.62606546204508, 20.11017247754287], [80.62608329809505, 20.110254995063436], [80.62610113504331, 20.1103375125405], [80.62611897109328, 20.11042002997401], [80.62613680714325, 20.110502547364042], [80.62615464319322, 20.110585065554087], [80.6261724792432, 20.11066758285709], [80.62619031619147, 20.11075010011657], [80.62620815224143, 20.110832617332512], [80.62622598829141, 20.110915134504957], [80.62624382434137, 20.11099765247743], [80.62626166039134, 20.111080169562854], [80.62627949733961, 20.111162686604732], [80.62629733338959, 20.111245203603126], [80.62631516943955, 20.11132772055801], [80.62633300548953, 20.111410238312892], [80.62635084153949, 20.111492755180745], [80.62636867848775, 20.111575272005034], [80.62638651453773, 20.111657788785838], [80.62640435058769, 20.111740305523135], [80.62642218663767, 20.111822822216894], [80.62644002268763, 20.11190533971069], [80.62645785963589, 20.111987856317405], [80.62647569568587, 20.112070372880634], [80.62649353173585, 20.112152889400342], [80.62651136778581, 20.112235405876515], [80.62652920383579, 20.112317923152737], [80.62654704078406, 20.11240043954185], [80.62656487683401, 20.112482955887504], [80.62658271288399, 20.112565472189612], [80.62660054893395, 20.11264798844818], [80.62661838498393, 20.112730505506814], [80.62663622103389, 20.112813021678356], [80.62665405798217, 20.112895537806395], [80.62667189403214, 20.112978053890927], [80.6266897300821, 20.113060569931896], [80.62670756613207, 20.11314308677293], [80.62672540218205, 20.113225602726867], [80.62674323913032, 20.11330811863732], [80.62676107518028, 20.113390634504263], [80.62677891123026, 20.113473150327632], [80.62679674728022, 20.11355566610752], [80.6268145833302, 20.1136381826874], [80.62683242027846, 20.113720698380266], [80.62685025632842, 20.113803214029584], [80.6268680923784, 20.113885729635363], [80.62688592842836, 20.11396824519766], [80.62690376447834, 20.11405076155993], [80.6269216014266, 20.114133277035183], [80.62693943747658, 20.114215792466897], [80.62695727352654, 20.11429830785508], [80.62697510957652, 20.11438082319975], [80.62699294562648, 20.114463339344432], [80.62701078257476, 20.11454585460207], [80.62702861862472, 20.114628369816185], [80.62704645467468, 20.114710884986764], [80.62706429072466, 20.11479340011382], [80.62708212677462, 20.114875916040877], [80.6270999637229, 20.114958431080915], [80.62711779977288, 20.115040946077414], [80.62713563582284, 20.115123461030368], [80.62715347187282, 20.115205975939826], [80.62717130792278, 20.11528849080577], [80.62718914487105, 20.11537100647169], [80.62720698092102, 20.115453521250554], [80.627224816971, 20.11553603598592], [80.62724265302096, 20.11561855067775], [80.62726048907093, 20.115701065326082], [80.6272783260192, 20.115783580774373], [80.62729616206916, 20.115866095335623], [80.62731399811913, 20.115948609853373], [80.6273318341691, 20.11603112432759], [80.62734967021908, 20.116113638758257], [80.62736750626904, 20.116196153988952], [80.62738534321731, 20.116278668332573], [80.62740317926728, 20.116361182632698], [80.62742101531725, 20.116443696889302], [80.62743885136722, 20.116526211102343], [80.6274566874172, 20.116608726115423], [80.62747452436545, 20.11669124024142], [80.62749236041542, 20.11677375432392], [80.6275101964654, 20.11685626836288], [80.62752803251536, 20.116938782358297], [80.62754586856533, 20.117021296310217], [80.62756370551361, 20.11710381106211], [80.62758154156357, 20.11718632492697], [80.62759937761355, 20.117268838748306], [80.62761721366351, 20.117351352526093], [80.62763504971348, 20.117433866260388], [80.62765288666175, 20.117516380794626], [80.62767072271173, 20.117598894441862], [80.62768855876169, 20.11768140804556], [80.62775474214024, 20.11773833635033], [80.62782092551879, 20.117795265477913], [80.62788710799903, 20.117852193741275], [80.62795329137762, 20.117909122827406], [80.62801947475617, 20.117966051049308], [80.62808565813472, 20.118022979250522], [80.62815184061495, 20.118079908274492], [80.6282180239935, 20.11813683643427], [80.62828420737206, 20.118193765416795], [80.62835039075064, 20.11825069353511], [80.62841657323087, 20.118307621632713], [80.62848275660943, 20.11836455055309], [80.62854893998798, 20.118421478609232], [80.62861512336653, 20.118478407488194], [80.62868130674508, 20.1185353355029], [80.62874748922535, 20.118592263496907], [80.62881367260391, 20.118649192313686], [80.62887985598246, 20.118706120266218], [80.62894603936101, 20.11876304904156], [80.62901222184126, 20.118819976952693], [80.62907840521981, 20.118876904843077], [80.62914458859838, 20.118933833556284], [80.62921077197693, 20.11899076140522], [80.62927695535548, 20.119047690076954], [80.62934313783575, 20.11910461788449], [80.62940932121431, 20.119161545671265], [80.62947550459286, 20.119218474280835], [80.62954168797141, 20.1192754020262], [80.62960787045164, 20.119332330594332], [80.62967405383019, 20.119389258298263], [80.62974023720875, 20.119446185981438], [80.62980642058733, 20.119503114487415], [80.62987260306755, 20.11956004212918], [80.6299387864461, 20.119616970593704], [80.63000496982467, 20.119673898193998], [80.63007115320322, 20.119730825773605], [80.63013733658177, 20.119787754175967], [80.63020351906204, 20.1198446817141], [80.6302697024406, 20.119901610075054], [80.63033588581915, 20.119958537571737], [80.6304020691977, 20.120015465047732], [80.63046825167795, 20.120072393346486], [80.6305344350565, 20.12012932078102], [80.63060061843507, 20.12018624903834], [80.63066680181362, 20.120243176431437], [80.63073298519217, 20.12030010380381], [80.63079916767244, 20.120357031998996], [80.63086535105099, 20.12041395932991], [80.63093153442955, 20.120470887483616], [80.6309977178081, 20.120527814773116], [80.63106390028831, 20.12058474204188], [80.63113008366687, 20.120641670133416], [80.63119626704542, 20.120698597360757], [80.63126245042402, 20.120755525410857], [80.63132863290424, 20.12081245259676], [80.63139481628279, 20.120869379761903], [80.63146099966136, 20.120926307749826], [80.6315271830399, 20.12098323487357], [80.63159336641846, 20.121040162820048], [80.63165954889872, 20.121097089902317], [80.63172573227727, 20.121154016963875], [80.63179191565584, 20.12121094484819], [80.63185809903439, 20.121267871868323], [80.63192428151464, 20.121324798867693], [80.63199046489319, 20.121381726689837], [80.63205664827176, 20.121438653647797], [80.6321228316503, 20.1214955814285], [80.63218901502886, 20.121552508344987], [80.63225519750912, 20.121609435240774], [80.63232138088767, 20.121666362959306], [80.63238756426624, 20.12172328981366], [80.63245374764479, 20.121780217490755], [80.632519930125, 20.12183714430362], [80.63258611350356, 20.121894071095795], [80.63265229688216, 20.121950998710705], [80.6327184802607, 20.12200792546142], [80.63278466274093, 20.122064853034892], [80.63285084611948, 20.122121779744184], [80.63291702949805, 20.122178706432738], [80.6329832128766, 20.122235633944054], [80.63304939625515, 20.122292560591134], [80.63311557873541, 20.122349488060998], [80.63318176211396, 20.122406414666667], [80.63324794549253, 20.122463341251574], [80.63331412887108, 20.122520268659276], [80.63338031135133, 20.122577195202773], [80.63344649472988, 20.122634122569014], [80.63351267810845, 20.122691049071072], [80.633578861487, 20.122747975552368], [80.63364504486555, 20.122804902856437], [80.63371122734581, 20.122861829296337], [80.63377741072436, 20.122918756558956], [80.63384359410293, 20.122975682957353], [80.63390977748148, 20.123032609335066], [80.63397595996169, 20.123089536535524], [80.63404214334025, 20.123146462871787], [80.63410832671883, 20.1232033900308], [80.6341745100974, 20.123260316325574], [80.63424069257762, 20.123317242599676], [80.63430687595617, 20.123374169696515], [80.63437305933473, 20.123431095929117], [80.63443924271328, 20.123488022984503], [80.63450542609183, 20.12354494917571], [80.63457160857209, 20.12360187534619], [80.63463779195065, 20.12365880233939], [80.6347039753292, 20.123715728468383], [80.63477015870777, 20.123772655420147], [80.63483634118802, 20.123829581507728], [80.63490252456657, 20.123886507574547], [80.63496870794513, 20.123943434464127], [80.63503489132368, 20.124000360489536], [80.63510107470223, 20.124057287337678], [80.6351672571825, 20.124114213321636], [80.63523344056105, 20.124171139284833], [80.63529962393962, 20.12422806607079], [80.63536580731817, 20.124284991992578], [80.63543198979838, 20.12434191873707], [80.63549817317697, 20.12439884461738], [80.63556435655552, 20.124455770476995], [80.63563053993408, 20.12451269715933], [80.63569672241431, 20.12456962297748], [80.63576290579286, 20.124626549618363], [80.63582908917142, 20.124683475395052], [80.63589527254997, 20.12474040115103], [80.63596145592857, 20.12479732772973], [80.63602763840878, 20.124854253444234], [80.63609382178733, 20.12491117998152], [80.63616000516589, 20.124968105654588], [80.63622618854444, 20.12502503130693], [80.63629237102471, 20.12508195778202], [80.63635855440326, 20.125138883392886], [80.63642473778181, 20.12519580982651], [80.63649092116037, 20.125252735395968], [80.63655710364063, 20.125309660944676], [80.63662328701919, 20.125366587316154], [80.63668947039774, 20.1254235128234], [80.63675565377629, 20.125480439153392], [80.63682183715486, 20.125537364619216], [80.63688801963507, 20.125594290064285], [80.63695420301366, 20.125651216332116], [80.63702038639221, 20.125708141735767], [80.63708656977077, 20.125765067962135], [80.637152752251, 20.125821993324323], [80.63721893562955, 20.125878918665773], [80.63728511900811, 20.125935844829954], [80.63735130238666, 20.12599277012997], [80.63741748576525, 20.1260496962527], [80.63748366824547, 20.12610662151124], [80.63754985162402, 20.12616354674908], [80.63761603500258, 20.126220472809642], [80.63768221838113, 20.12627739800603], [80.6377484008614, 20.12633432402513], [80.63781458423995, 20.126391249180035], [80.6378807676185, 20.126448174314238], [80.63794695099706, 20.126505100271164], [80.63801313347732, 20.126562025363892], [80.63807931685587, 20.126618951279344], [80.63814550023443, 20.12667587633065], [80.63821168361298, 20.126732801361232], [80.63827786699154, 20.12678972721451], [80.63834404947175, 20.126846652203607], [80.63841023285035, 20.126903578015433], [80.6384764162289, 20.126960502963104], [80.63854259960746, 20.127017427890014], [80.63860878208769, 20.127074353639667], [80.63867496546624, 20.12713127852514], [80.63874114884479, 20.127188204233335], [80.63880733222338, 20.12724512907737], [80.63887351560194, 20.127302053900646], [80.63893969808215, 20.127358979546653], [80.6390058814607, 20.127415904328515], [80.63907206483927, 20.12747282993306], [80.63913824821782, 20.12752975467342], [80.63920443069809, 20.127586679393087], [80.63927061407664, 20.127643604935457], [80.63933679745519, 20.127700529613673], [80.63940298083375, 20.127757455114583], [80.639469163314, 20.12781437975131], [80.63953534669255, 20.12787130436734], [80.6396015300711, 20.127928229806074], [80.63966771344967, 20.127985154380617], [80.63973389682822, 20.12804207977789], [80.63980007930849, 20.12809900431101], [80.63986626268704, 20.12815592882339], [80.63993244606559, 20.12821285415849], [80.63999862944415, 20.128269778629384], [80.64006481192438, 20.128326703079594], [80.64013099530293, 20.128383628352495], [80.64019717868148, 20.128440552761216], [80.64026336206007, 20.128497477992667], [80.64032954543863, 20.128554402359963], [80.64039572791884, 20.128611326706523], [80.6404619112974, 20.12866825187578], [80.64052809467596, 20.128725176180865], [80.64059427805451, 20.128782101308655], [80.64066046053478, 20.128839025572304], [80.64072664391333, 20.128895949815202], [80.64079282729188, 20.128952874880824], [80.64085901067044, 20.129009799082272], [80.64092519315068, 20.129066724106444], [80.64099137652924, 20.129123648266443], [80.6410575599078, 20.12918057240568], [80.64112374328634, 20.129237497367665], [80.64118992666491, 20.12929442146548], [80.64125610914517, 20.129351346385988], [80.64132229252372, 20.12940827044233], [80.64138847590227, 20.12946519447796], [80.64145465928084, 20.129522119336283], [80.64152084176106, 20.12957904333045], [80.64158702513961, 20.12963596814731], [80.64165320851816, 20.12969289209999], [80.64171939189676, 20.129749816031982], [80.64178557527532, 20.12980674078666], [80.64185175775553, 20.129863664677163], [80.64191794113408, 20.1299205893904], [80.64198412451265, 20.129977513239435], [80.6420503078912, 20.13003443706778], [80.64211649037146, 20.130091361718808], [80.64218267375001, 20.13014828550564], [80.64224885712856, 20.130205210115218], [80.64231504050713, 20.13026213386064], [80.64238122298737, 20.1303190575853], [80.64244740636593, 20.13037598213269], [80.64251358974448, 20.1304329058159], [80.64257977312303, 20.130489830321807], [80.6426459565016, 20.130546753963582], [80.64271213898186, 20.130603677584592], [80.64277832236041, 20.13066060202831], [80.64284450573896, 20.13071752560789], [80.64291068911753, 20.130774450010158], [80.64297687159775, 20.13083137354827], [80.6430430549763, 20.130888297065635], [80.64310923835488, 20.130945221405703], [80.64317542173345, 20.13100214488162], [80.643241605112, 20.131059069180242], [80.64330778759222, 20.13111599261468], [80.64337397097077, 20.131172916028397], [80.64344015434932, 20.131229840264833], [80.64350633772789, 20.131286763637075], [80.64357252020815, 20.131343687832047], [80.6436387035867, 20.131400611162828], [80.64370488696525, 20.131457534472908], [80.64377107034382, 20.131514458605682], [80.64383725282406, 20.131571381874263], [80.64390343620262, 20.131628305965563], [80.64396961958117, 20.13168522919272], [80.64403413388992, 20.131743403208144], [80.6440986481987, 20.131801577201877], [80.64416316340579, 20.131859751173995], [80.64422767771453, 20.131917925124444], [80.64429219202327, 20.131976099053233], [80.64435670633206, 20.132034272960404], [80.64442122064081, 20.132092446845895], [80.64448573584788, 20.13215062070972], [80.64455025015664, 20.132208794551918], [80.64461476446542, 20.132266968372477], [80.64467927877416, 20.132325142171343], [80.64474379308291, 20.132383315948594], [80.64480830739168, 20.13244148970418], [80.64487282259877, 20.132499663438086], [80.64493733690752, 20.13255783715038], [80.64500185121626, 20.132616010841016], [80.64506636552504, 20.132674184509963], [80.64513087983379, 20.132732358157284], [80.64519539504087, 20.132790531782963], [80.64525990934962, 20.13284870538695], [80.6453244236584, 20.132906878969322], [80.64538893796716, 20.132965052530043], [80.6454534522759, 20.13302322606907], [80.64551796748297, 20.13308139958647], [80.64558248179175, 20.133139573925636], [80.64564699610051, 20.13319774739974], [80.64571151040926, 20.133255920852196], [80.64577602471803, 20.13331409428296], [80.64584053992508, 20.133372267692103], [80.64590505423386, 20.133430441079586], [80.64596956854261, 20.133488614445387], [80.64603408285139, 20.133546787789573], [80.64609859716013, 20.133604961112095], [80.6461631114689, 20.133663134412938], [80.64622762667597, 20.133721307692166], [80.64629214098474, 20.133779480949727], [80.64635665529349, 20.13383765418561], [80.64642116960223, 20.133895827399865], [80.64648568391102, 20.133954000592468], [80.64655019911805, 20.13401217376339], [80.64661471342684, 20.134070346912686], [80.64667922773559, 20.134128520040328], [80.64674374204438, 20.13418669314629], [80.64680825635313, 20.134244866230613], [80.64687277156021, 20.134303039293297], [80.64693728586894, 20.1343612123343], [80.64700180017773, 20.134419385353663], [80.64706631448648, 20.134477558351374], [80.64713082879521, 20.134535731327407], [80.6471953440023, 20.13459390428182], [80.64725985831105, 20.13465207721457], [80.64732437261983, 20.134710250125632], [80.64738888692858, 20.134768423015075], [80.64745340123736, 20.134826595882867], [80.6475179155461, 20.134884768728966], [80.64758243075319, 20.134942941553437], [80.64764694506194, 20.135001114356267], [80.64771145937073, 20.13505928713741], [80.64777597367946, 20.13511745989692], [80.6478404879882, 20.135175632634766], [80.64790500319529, 20.135233805350946], [80.64796951750404, 20.135291978045487], [80.64803403181281, 20.135350150718388], [80.64809854612156, 20.135408323369592], [80.64816306043035, 20.13546649599916], [80.64822757563739, 20.1355246686071], [80.64829208994617, 20.135582841193337], [80.64835660425491, 20.135641013757958], [80.6484211185637, 20.13569918630091], [80.64848563287245, 20.135757358822186], [80.64855014807952, 20.135815531321835], [80.64861466238827, 20.135873703799817], [80.64867917669703, 20.135931876256134], [80.6487436910058, 20.13599004953423], [80.64880820531455, 20.136048221947238], [80.64887271962333, 20.136106394338608], [80.64893723483038, 20.13616456670831], [80.64900174913916, 20.136222739056336], [80.6490662634479, 20.136280911382734], [80.64913077775668, 20.13633908368749], [80.64919529206543, 20.13639725597054], [80.64925980727251, 20.136455428231965], [80.64932432158126, 20.136513600471748], [80.64938883589002, 20.13657177268984], [80.64945335019878, 20.136629944886305], [80.64951786450754, 20.13668811706112], [80.64958237971462, 20.136746289214226], [80.64964689402336, 20.136804461345733], [80.64971140833215, 20.136862633455557], [80.6497759226409, 20.136920805543717], [80.64984043694967, 20.136978977610237], [80.64990495215672, 20.137037149655104], [80.6499694664655, 20.13709532167828], [80.65003398077425, 20.13715349367983], [80.65009849508299, 20.137211665659734], [80.65016300939178, 20.13726983761794], [80.65022752370054, 20.137328009554526], [80.65029203890761, 20.13738618146945], [80.65035655321634, 20.137444353362678], [80.65042106752513, 20.137502525234297], [80.65048558183389, 20.137560697084258], [80.65055009614267, 20.137618868912515], [80.6506146113497, 20.13767704071916], [80.65067912565848, 20.137735212504136], [80.65074363996723, 20.137793384267436], [80.65080815427598, 20.137851556009092], [80.65087266858477, 20.1379097277291], [80.65093718379184, 20.137967899427426], [80.65100169810059, 20.138026071104125], [80.65106621240933, 20.138084242759156], [80.65113072671812, 20.13814241439251], [80.65119524102685, 20.138200586004224], [80.65125975623394, 20.138258757594297], [80.65132427054269, 20.138316929162666], [80.65138878485148, 20.13837510070942], [80.65145329916021, 20.138433272234494], [80.65151781346897, 20.138491443737905], [80.65158232777775, 20.138549615219684], [80.65164684298483, 20.13860778667979], [80.65171135729358, 20.138665958118214], [80.65177587160233, 20.13872412953502], [80.6518403859111, 20.138782300930153], [80.65190490021985, 20.13884047314701], [80.65196941542693, 20.138898644498834], [80.65203392973568, 20.13895681582897], [80.65209844404446, 20.13901498713747], [80.6521629583532, 20.139073158424324], [80.65222747266196, 20.139131329689484], [80.65229198786903, 20.139189500933018], [80.65235650217781, 20.139247672154884], [80.65242101648656, 20.139305843355057], [80.65248553079532, 20.13936401453362], [80.65255004510409, 20.139422185690513], [80.65261456031116, 20.139480356825715], [80.65267907461991, 20.139538527939305], [80.65274358892867, 20.139596699031227], [80.65280810323745, 20.13965487010144], [80.6528726175462, 20.139713041150046], [80.65293713185494, 20.13977121217698], [80.65300164706203, 20.139829383182242], [80.6530661613708, 20.13988755416586], [80.65313067567955, 20.139945725127824], [80.6531951899883, 20.140003896068094], [80.65325970429707, 20.14006206698674], [80.65332421950416, 20.14012023788372], [80.6533887338129, 20.14017840875902], [80.65345324812165, 20.14023657961267], [80.65344394247364, 20.14031903488199], [80.65343463682562, 20.140401490107752], [80.65342533207588, 20.140483945290033], [80.65341602642785, 20.140566400428785], [80.65340672167815, 20.14064885552399], [80.65339741603012, 20.140731310575703], [80.65338811128042, 20.140813764740507], [80.65337880563239, 20.140896219705187], [80.65336950088268, 20.1409786746263], [80.65336019523464, 20.14106112950396], [80.65335089048494, 20.141143584338067], [80.65334158483691, 20.14122603912863], [80.65333228008718, 20.141308493875705], [80.65332297443918, 20.141390948579257], [80.65331366968944, 20.141473403239264], [80.6533043640414, 20.141555857855785], [80.65329505929171, 20.141638312428768], [80.65328575364367, 20.141720766958205], [80.65327644889396, 20.14180322144416], [80.65326714414424, 20.141885675043195], [80.65325783849624, 20.141968129442102], [80.65324853284821, 20.142050583797488], [80.65323922809847, 20.14213303810931], [80.65322992245048, 20.142215492377648], [80.65322061770073, 20.142297946602465], [80.6532113120527, 20.142380400783722], [80.653202007303, 20.142462854921504], [80.65319270165497, 20.14254530901574], [80.65318339690528, 20.14262776306644], [80.65317409125724, 20.142710217073642], [80.65316478650753, 20.14279267103731], [80.6531554808595, 20.142875124957442], [80.65314617610976, 20.14295757799072], [80.65313687136006, 20.143040031823794], [80.65312756571204, 20.143122485613382], [80.65311826096233, 20.14320493935944], [80.6531089553143, 20.143287393061943], [80.6530996505646, 20.14336984672095], [80.65309034491656, 20.14345230033644], [80.65310433797374, 20.14353394511855], [80.65311833192924, 20.14361559070137], [80.65313232498642, 20.143697235398125], [80.65314631894191, 20.143778880895606], [80.65316031199909, 20.143860525507034], [80.65317430595458, 20.14394217091915], [80.65318829901176, 20.144023815445212], [80.65320229206894, 20.144105459928618], [80.65321628602443, 20.14418710521271], [80.65323027908161, 20.144268749610735], [80.6532442730371, 20.14435039480947], [80.65325826609428, 20.144432039122183], [80.6532722600498, 20.144513684235555], [80.65328625310696, 20.144595328462874], [80.65330024616415, 20.14467697264755], [80.65331424011967, 20.144758617632895], [80.65332823317682, 20.144840261732192], [80.65334222713233, 20.144921906632174], [80.65335622018952, 20.145003550646106], [80.653370214145, 20.1450851946174], [80.65338420810049, 20.145166839389347], [80.65339820115767, 20.14524848327524], [80.65341219511316, 20.145330127961845], [80.65342618817034, 20.145411771762422], [80.65344018212588, 20.14549341636366], [80.65345417518301, 20.145575060078848], [80.65348926158143, 20.145651835054515], [80.65352434887808, 20.14572861083578], [80.65355943527645, 20.14580538573596], [80.65359452257314, 20.145882161441758], [80.65362960897151, 20.14595893626646], [80.65366469536988, 20.146035711053408], [80.65369978266654, 20.146112486646], [80.6537348690649, 20.14618926135744], [80.6537699563616, 20.14626603687455], [80.65380504275997, 20.146342811510518], [80.65384012915833, 20.14641958610878], [80.65387521645502, 20.14649636151264], [80.65391030285339, 20.146573136035407], [80.65394539015006, 20.14664991136377], [80.65398047654841, 20.14672668581107], [80.65401556294678, 20.14680346022061], [80.65405065024348, 20.146880235435763], [80.65408573664185, 20.146957009769796], [80.65412082304022, 20.147033784066107], [80.65415591033691, 20.14711055916803], [80.65419099673528, 20.14718733338886], [80.65422608313364, 20.147264108415275], [80.654261169532, 20.14734088256064], [80.65429625593038, 20.147417656668242], [80.65433134322707, 20.147494431581432], [80.65436642962544, 20.14757120561354], [80.65440151692209, 20.147647980451246], [80.65443660332046, 20.14772475440789], [80.65447168971883, 20.14780152832675], [80.65450677701553, 20.14787830305124], [80.6545418634139, 20.147955076894615], [80.65457695071055, 20.148031851543625], [80.65461203710892, 20.148108625311522], [80.65464974568961, 20.14818474629436], [80.6546874542703, 20.148260867240086], [80.65472516285097, 20.14833698814869], [80.65476287143166, 20.148413109020233], [80.65480058001235, 20.148489229854626], [80.65483828859301, 20.14856535065195], [80.6548759971737, 20.14864147225549], [80.65491370575441, 20.148717592978578], [80.65495141433506, 20.148793713664542], [80.65498912291575, 20.148869834313448], [80.65502683149644, 20.148945954925203], [80.6550645400771, 20.1490220754999], [80.6551022486578, 20.149098196037446], [80.65513995723849, 20.14917431653788], [80.65517766581915, 20.14925043700126], [80.65521537439984, 20.149326557427486], [80.65525308298054, 20.149402677816642], [80.65529079156119, 20.149478798168662], [80.65532850014189, 20.149554919326913], [80.65536620872258, 20.14963103960471], [80.65540391730323, 20.149707159845434], [80.65544162588394, 20.14978328004901], [80.65547933446459, 20.149859400215526], [80.6555170430453, 20.149935520344894], [80.65555475162598, 20.15001164043715], [80.65559246020663, 20.150087760492333], [80.65563016878734, 20.150163880510384], [80.65566787736803, 20.150240000491358], [80.65570558594868, 20.150316120435185], [80.65574329452939, 20.150392240341912], [80.65578100311008, 20.150468360211544], [80.65581871169073, 20.150544480887394], [80.65585642027143, 20.150620600682778], [80.65589412885213, 20.150696720441065], [80.65593183743279, 20.150772840162265], [80.65596954601348, 20.15084895984634], [80.65600725459416, 20.15092507949332], [80.65604496317484, 20.151001199103174], [80.65608267175551, 20.151077318675934], [80.6561203803362, 20.151153438211566], [80.65615808891688, 20.151229557710078], [80.65619579749756, 20.151305677171518], [80.65623350607822, 20.151381796595818], [80.65627121465891, 20.151457915983034], [80.6563089232396, 20.15153403617642], [80.65634663182027, 20.15161015548943], [80.65638434040096, 20.151686274765275], [80.65642204898165, 20.15176239400405], [80.65645975756232, 20.151838513205686], [80.65649746614301, 20.1519146323702], [80.6565351747237, 20.151990751497642], [80.65657288330436, 20.152066870587948], [80.65661059188506, 20.15214298964117], [80.65664830046575, 20.152219108657253], [80.65668600904641, 20.152295227636213], [80.6567237176271, 20.1523713465781], [80.6567614262078, 20.152447466326183], [80.65679913478846, 20.152523585193812], [80.65683684336915, 20.152599704024368], [80.65687455194984, 20.152675822817777], [80.6569122605305, 20.15275194157406], [80.6569499691112, 20.152828060293285], [80.65698767769189, 20.152904178975348], [80.65702538627255, 20.152980297620335], [80.65706309485323, 20.15305641622819], [80.6571008034339, 20.15313253479892], [80.65713851201458, 20.153208653332577], [80.65717622059528, 20.153284771829075], [80.65721392917595, 20.153360890288496], [80.65725163775663, 20.153437009554104], [80.65728934633732, 20.153513127939277], [80.65732705491799, 20.153589246287332], [80.65736476349868, 20.1536653645983], [80.65740247207938, 20.15374148287213], [80.65744018066003, 20.153817601108877], [80.65747788924072, 20.153893719308464], [80.657525870955, 20.15396424968852], [80.65757385266926, 20.154034779193406], [80.65762183438352, 20.15410530950974], [80.65766981609782, 20.154175838950888], [80.6577177978121, 20.154246369203484], [80.65776577952636, 20.154316898580916], [80.65781376124062, 20.154387427926483], [80.65786174295489, 20.154457958083484], [80.65790972466917, 20.1545284882086], [80.65795770638343, 20.154599017458573], [80.65800568809769, 20.154669547519976], [80.65805366981199, 20.1547400775495], [80.65810165152627, 20.154810607547194], [80.65814963324053, 20.15488113751299], [80.65819761405646, 20.15495166660364], [80.65824559577075, 20.1550221965057], [80.65829357748503, 20.155092726375905], [80.65834155830096, 20.15516325537096], [80.65838954001524, 20.155233785177412], [80.65843752172952, 20.15530431410873], [80.65848550344379, 20.155374843851458], [80.65853348515806, 20.155445373562326], [80.65858146687233, 20.155515902398037], [80.6586294485866, 20.15558643204517], [80.65867743030086, 20.15565696081715], [80.65872541201513, 20.155727490400558], [80.65877339372939, 20.155798019952083], [80.6588213754437, 20.155868548628472], [80.65886935715795, 20.15593907811626], [80.65891733887223, 20.156009607572226], [80.65896531968816, 20.15608013615297], [80.65901330140247, 20.156150665545198], [80.65906128311673, 20.156221194062205], [80.65910926483099, 20.156291723390694], [80.65917613092917, 20.15634570801065], [80.65924299702732, 20.15639969261194], [80.6593098631255, 20.15645367719454], [80.6593767292237, 20.1565076626018], [80.65944359442354, 20.156561647147075], [80.65951046052173, 20.156615631673674], [80.65957732661988, 20.156669617024914], [80.65964419271805, 20.156723601514173], [80.6597110579179, 20.156777586828046], [80.65977792401608, 20.15683157127999], [80.65984479011428, 20.15688555571325], [80.65991165531412, 20.156939540971095], [80.65997852141231, 20.156993525366996], [80.66004538751048, 20.157047510587542], [80.66011225271033, 20.157101494946094], [80.66017911880849, 20.157155479285993], [80.66024598490667, 20.15720946445051], [80.66031285010652, 20.157263448753056], [80.6603797162047, 20.157317433880248], [80.66044658230288, 20.157371418145456], [80.66051344750274, 20.157425402391986], [80.66058031360092, 20.15747938746316], [80.6606471796991, 20.15753337167235], [80.66071404579725, 20.15758735670616], [80.6607809109971, 20.157641340878012], [80.66084777709528, 20.157695325031188], [80.66091464319346, 20.15774931000899], [80.66098150839332, 20.15780329412483], [80.6610483744915, 20.15785727906527], [80.66111524058968, 20.157911263143777], [80.66118210578954, 20.157965247203588], [80.66124897188772, 20.15801923208801], [80.66131583798585, 20.158073216110477], [80.66138270318572, 20.158127200957587], [80.66144956928389, 20.158181184942716], [80.66151643538208, 20.15823516890917], [80.66158330058192, 20.15828915370025], [80.66165016668012, 20.158343137629362], [80.6617170327783, 20.158397122383104], [80.66178389797815, 20.158451106274875], [80.661850763178, 20.158505090147973], [80.66191763017449, 20.158559074845684], [80.66198449537433, 20.158613059524697], [80.66205136057421, 20.158667043341815], [80.66211822667236, 20.158721027983486], [80.66218301406899, 20.15877494092725], [80.6622478014656, 20.15882885385236], [80.66231258886219, 20.15888276675886], [80.66237737625879, 20.158936680490026], [80.66244216275709, 20.158990593359263], [80.6625069501537, 20.159044507053178], [80.662571736652, 20.159098419885176], [80.6626365240486, 20.15915233354184], [80.6627013105469, 20.159206246336613], [80.66276609794349, 20.159260159956002], [80.6628308853401, 20.15931407271354], [80.66289567183838, 20.15936798545241], [80.662960459235, 20.15942189901595], [80.66302524573331, 20.15947581171758], [80.66309003402819, 20.159529725243882], [80.66315482052649, 20.159583637908266], [80.6632196079231, 20.159637551397303], [80.6632843944214, 20.159691464024434], [80.66334918181799, 20.159745377476234], [80.66341396831629, 20.159799290909408], [80.6634787548146, 20.159853203480665], [80.6635435422112, 20.15990711687659], [80.66361021427328, 20.159962597909875], [80.66367688633535, 20.160018078080174], [80.66374355839739, 20.16007355907401], [80.66381023045946, 20.160129039204858], [80.66387690252154, 20.160184520159255], [80.66394357458361, 20.160240000250628], [80.66401024664569, 20.16029548116556], [80.66407691870776, 20.160350961217517], [80.66414359076984, 20.160406442093024], [80.66421026283192, 20.160461922105533], [80.66427693489399, 20.160517402941572], [80.66434360695604, 20.160572882914604], [80.66441027901811, 20.160628363711233], [80.66447695108019, 20.160683843644808], [80.66454362314227, 20.16073932440196], [80.66459493041972, 20.160805349445617], [80.6646462385955, 20.16087137446131], [80.66469754587293, 20.160937399449065], [80.66474885404871, 20.161003424408893], [80.66480016132616, 20.161069448497518], [80.66485146950193, 20.16113547340147], [80.66490277677937, 20.161201498277524], [80.66495408495516, 20.161267523125602], [80.6650053922326, 20.161333547945752], [80.66505669951006, 20.16139957273799], [80.66510800768582, 20.161465597502268], [80.66515931496326, 20.16153162223862], [80.66521062313906, 20.161597646947058], [80.6652619304165, 20.161663671627533], [80.66531323769397, 20.16172969628007], [80.66536454497138, 20.161795720904667], [80.66541585314717, 20.161861745501355], [80.66546716042463, 20.161927770070076], [80.66551846860038, 20.161993794610886], [80.66556977587783, 20.162059819123773], [80.66562108315527, 20.162125842765413], [80.66567239133106, 20.162191868065676], [80.66572369860852, 20.162257891651482], [80.66577500678429, 20.16232391689588], [80.66582631406172, 20.162389940425808], [80.66587762223752, 20.16245596477104], [80.66592892951496, 20.162521988245107], [80.66598023769072, 20.162588012534474], [80.6660315458665, 20.162654036795917], [80.66607608433826, 20.16272646309166], [80.66612062281006, 20.162798889353763], [80.66616516128185, 20.16287131642553], [80.66620969975364, 20.162943742620435], [80.66625423822543, 20.163016168781677], [80.66629877669722, 20.163088594909347], [80.66634331606731, 20.163161021846644], [80.6663878545391, 20.163233447907036], [80.6664323930109, 20.16330587393384], [80.66647693148268, 20.16337829992701], [80.66652147085277, 20.163450726729845], [80.66656600932455, 20.163523152655788], [80.66661054779635, 20.163595578548097], [80.66665508626812, 20.16366800440683], [80.66669962473992, 20.163740430231897], [80.6667441632117, 20.163812856866624], [80.66678870168349, 20.16388528262448], [80.66683324015527, 20.1639577083487], [80.66687777862707, 20.164030134039322], [80.66692231799716, 20.164102560539575], [80.66696685646896, 20.164174986162934], [80.66701139494074, 20.164247411752704], [80.66705593341254, 20.164319837308827], [80.66710047278262, 20.164392263674603], [80.66714501125442, 20.164464689163502], [80.66718954972622, 20.164537114618774], [80.66719482193861, 20.16462061533889], [80.66720009415101, 20.16470411517107], [80.6672053663634, 20.164787615801785], [80.66721063857581, 20.16487111554458], [80.6672159107882, 20.164954616085936], [80.66722118300063, 20.165038116582625], [80.66722645521303, 20.165121616191314], [80.66723172742543, 20.165205116598628], [80.66723699963784, 20.16528861611798], [80.66724227185023, 20.165372116435883], [80.66724754406263, 20.16545561670913], [80.66725281627502, 20.16553911609438], [80.66725808848743, 20.16562261627824], [80.66726336069985, 20.165706116417383], [80.66726863291225, 20.165789615668604], [80.66727390512466, 20.16587311571836], [80.66727917733705, 20.165956614880205], [80.66728444954946, 20.166040114840612], [80.66728972176185, 20.1661236147563], [80.66729499397425, 20.166207113784083], [80.66730026528835, 20.166290613610386], [80.66730553750074, 20.166374112548766], [80.66731080971313, 20.166457612285736], [80.66731608192553, 20.16654111197797], [80.66732135413794, 20.166624610782286], [80.66732662635036, 20.166708110385123], [80.66733189856276, 20.166791609100063], [80.66733717077516, 20.166875108613553], [80.66734244298756, 20.166958608082336], [80.66734771519995, 20.167042106663196], [80.66735298741236, 20.167125606042582], [80.66735825962475, 20.16720910537732], [80.66736353093886, 20.16729260382409], [80.66736880315126, 20.167376103069408], [80.66737407446536, 20.167459601426806], [80.66737934667776, 20.167543100582723], [80.66738461799183, 20.167626599693985], [80.66738989020423, 20.16771009791729], [80.66739516241665, 20.167793596939166], [80.66740043373072, 20.167877095073095], [80.66740570594312, 20.16796059400555], [80.66740859762004, 20.1680441190336], [80.66741148929694, 20.168127644016984], [80.66741438097382, 20.168211168112396], [80.66741727265072, 20.168294693006292], [80.66742016522593, 20.168378217855466], [80.66742305690283, 20.168461742659915], [80.66742594857975, 20.168545267419677], [80.66742884025663, 20.16862879129147], [80.66743173193353, 20.16871231596175], [80.66743462361045, 20.168795840587308], [80.66743751528733, 20.168879365168145], [80.66744040696423, 20.168962889704293], [80.66744329864112, 20.16904641335247], [80.66744619031805, 20.169129937799127], [80.66744908199493, 20.169213462201064], [80.66745197457016, 20.16929698655831], [80.66745486624704, 20.169380510870802], [80.66745775792393, 20.16946403429536], [80.66746064960087, 20.169547558518385], [80.66746354127775, 20.16963108269672], [80.66746643385298, 20.169714606830322], [80.66746932552986, 20.169798130919194], [80.66747221720675, 20.16988165412012], [80.66747510978198, 20.16996517811954], [80.6674780023572, 20.17004870207422], [80.66748089403407, 20.170132225984215], [80.66748378660931, 20.170215749849458], [80.66748667828622, 20.17029927282675], [80.66748956996311, 20.170382796602542], [80.66749246253833, 20.17046632033359], [80.66749535421522, 20.170549844019952], [80.66749824679044, 20.17063336766155], [80.66750113846734, 20.17071689041521], [80.66750403014423, 20.17080041396737], [80.66750692271945, 20.170883937474787], [80.66750981439634, 20.170967460937497], [80.66751270607325, 20.171050984355464], [80.66751559864848, 20.171134506885505], [80.66751849032536, 20.17121803021402], [80.66752138290059, 20.17130155349779], [80.66752427457747, 20.171385076736872], [80.6675271671527, 20.171468599931192], [80.66753005882958, 20.171552122237593], [80.66753295140481, 20.171635645342466], [80.66753584308171, 20.171719168402593], [80.66753873565692, 20.171802691418026], [80.66754162733382, 20.171886214388703], [80.66754451901073, 20.17196973647146], [80.66754741158593, 20.172053259352676], [80.66755030416114, 20.17213678218917], [80.66755319583807, 20.172220304980964], [80.66755608841325, 20.172303827727998], [80.66755898009018, 20.172387349587094], [80.6675618726654, 20.172470872244666], [80.66756476434229, 20.17255439485753], [80.66756765691751, 20.17263791742564], [80.6675705485944, 20.17272143994902], [80.66757344027128, 20.17280496158446], [80.66757633284651, 20.172888484018376], [80.66757922542172, 20.172972006407598], [80.66758211709862, 20.173055528752048], [80.6675850087755, 20.17313905105177], [80.66758790135073, 20.17322257246357], [80.66759079302766, 20.173306094673826], [80.66759368470454, 20.17338961683938], [80.66759657727977, 20.173473138960173], [80.66759946895665, 20.173556661036237], [80.66760236063354, 20.173640182224368], [80.66760525320876, 20.173723704210968], [80.66760814578399, 20.173807226152864], [80.66761103746087, 20.173890748049978], [80.6676139300361, 20.173974269902384], [80.66761682171298, 20.174057790866858], [80.6676197142882, 20.17414131262979], [80.6676226059651, 20.174224834348017], [80.66764167989352, 20.174296150677385], [80.66766075382198, 20.17436746613098], [80.6676798277504, 20.174438782395125], [80.6676989016788, 20.174510097783497], [80.66777281056883, 20.174470474098705], [80.6678467185605, 20.174430850403837], [80.66792062745053, 20.174391226698894], [80.66799453544218, 20.17435160382712], [80.66806844433218, 20.17431198010205], [80.66814235232387, 20.174272356366902], [80.66821626121387, 20.174232732621697], [80.66829016920556, 20.174193108866422], [80.66836407809555, 20.174153485101115], [80.66843798608726, 20.174113862168895], [80.66851189497724, 20.174074238383444], [80.66858580296893, 20.174034614587896], [80.66865971185894, 20.173994990782283], [80.66874520721949, 20.17401513743803], [80.66883070258001, 20.174035284091158], [80.66891619794053, 20.17405543074169], [80.66900169240276, 20.17407557654641], [80.66908718776331, 20.174095723191726], [80.66917268312383, 20.17411586983446], [80.66925681933336, 20.174101474677812], [80.66934095554286, 20.174087080363005], [80.66942509175239, 20.1740726852037], [80.6695092279619, 20.174058290886247], [80.66959336327308, 20.17404389656746], [80.66967749948259, 20.174029501404135], [80.66976163569211, 20.174015106239512], [80.66984577190162, 20.174000711073514], [80.66992718172425, 20.174012396184335], [80.67000859154687, 20.174024081294267], [80.67009000136949, 20.174035766403332], [80.67017141119211, 20.17404745151152], [80.67025282101474, 20.17405913661883], [80.67033423173567, 20.174070822568453], [80.67041564155828, 20.174082507674008], [80.6704970513809, 20.174094193621897], [80.67057846120353, 20.17410587872571], [80.67065987102615, 20.17411756467182], [80.67074128084877, 20.17412924977389], [80.67075246487407, 20.17418496606207], [80.67076364889937, 20.17424068148715], [80.67077483382297, 20.174296397735493], [80.67078679848424, 20.174361883294992], [80.67079876314551, 20.174427367983807], [80.67083703946145, 20.174479272055123], [80.67087531577735, 20.174531175265948], [80.6709423022498, 20.174583852517234], [80.67100928872222, 20.174636528907545], [80.67107627519464, 20.174689206123233], [80.67114324909065, 20.17473661332555], [80.67121022298664, 20.17478402051341], [80.67127719688267, 20.174831427686858], [80.67134417077868, 20.174878834002726], [80.67141114467468, 20.174926241147343], [80.67147811857068, 20.17497364827755], [80.67154750084997, 20.175015789623156], [80.67161688312925, 20.17505793095736], [80.67168626540854, 20.1751000722802], [80.67175564678952, 20.17514221359163], [80.67182502906881, 20.17518435489168], [80.67189441134806, 20.17522649618034], [80.67195020660868, 20.17526111277241], [80.6720060018693, 20.175295730200013], [80.67206179712993, 20.175330346776715], [80.67209050728638, 20.175380008489757], [80.67211921654456, 20.175429670186976], [80.67214792670103, 20.175479331868416], [80.67217665033225, 20.17555724562413], [80.67220537396345, 20.175635159340914], [80.67223409849299, 20.175713073018752], [80.6722628221242, 20.175790986657677], [80.67228039496779, 20.17585871616995], [80.6722979687097, 20.175926445652834], [80.67231554155329, 20.17599417510627], [80.67232094312307, 20.176073215952535], [80.67232634469288, 20.176152256758765], [80.67233174716098, 20.176231297524936], [80.6723371487308, 20.176310338251003], [80.67234255030061, 20.176389378093834], [80.67234795276873, 20.176468418739802], [80.67235335523684, 20.176547459345656], [80.67235875680664, 20.17662649991149], [80.6723655606466, 20.176706289188772], [80.67237236448658, 20.17678607758203], [80.67237916832653, 20.17686586677765], [80.67238597216648, 20.176945655089266], [80.67239277600646, 20.17702544420322], [80.67239957984641, 20.177105233276354], [80.6724063836864, 20.177185021465466], [80.67241318752635, 20.177264810456922], [80.67241999226462, 20.177344598564396], [80.67242679610457, 20.177424387474186], [80.67243359994455, 20.177504175499973], [80.67244040468283, 20.17758396432811], [80.67252274875334, 20.177583936503044], [80.67260509282384, 20.17758390783481], [80.67268743689438, 20.17758388000974], [80.67276978096488, 20.177583851341478], [80.67285212503543, 20.177583823516407], [80.67293447000426, 20.17758379484817], [80.67301681407476, 20.1775837661799], [80.67309915814526, 20.17758373835483], [80.67318150221581, 20.17758371052976], [80.6732638462863, 20.17758368270469], [80.67334619035685, 20.17758365487962], [80.67343201719571, 20.177576672473442], [80.67351784493292, 20.17756968922374], [80.67360367177176, 20.17756270597375], [80.67368949861066, 20.17755572356664], [80.67377532544954, 20.177548741159203], [80.67386115318672, 20.177541757908255], [80.6739469800256, 20.17753477465699], [80.67403280686449, 20.17752779224861], [80.67411863460168, 20.177520808996736], [80.67420446144057, 20.17751382658772], [80.67429028827941, 20.177506844178424], [80.67437611601663, 20.177499860925618], [80.67446194285547, 20.17749287851565], [80.67454776969436, 20.177485895262233], [80.67463359653325, 20.17747891285168], [80.67471942427042, 20.1774719295976], [80.6748052511093, 20.177464947186397], [80.67489107794816, 20.177457964774902], [80.67497690568537, 20.177450981519883], [80.67506273252422, 20.177443999107766], [80.67514855936311, 20.177437015852124], [80.67523438620199, 20.177430033439368], [80.67532021393919, 20.177423051026306], [80.67540604077807, 20.177416068612924], [80.67549213351826, 20.177419988579118], [80.67557822625845, 20.177423908545233], [80.67566431899864, 20.177427827668055], [80.67575041263717, 20.177431747633953], [80.67583650537736, 20.177435666756576], [80.67592259811758, 20.177439586722308], [80.67600869085778, 20.177443505844735], [80.67609478359797, 20.17744742581023], [80.67617046216907, 20.177480250985447], [80.67624614074019, 20.17751307615372], [80.6763218193113, 20.17754590131508], [80.67639749788239, 20.177578726469534], [80.67647317645351, 20.177611551617083], [80.67654885592295, 20.17764437760091], [80.67662453449407, 20.17767720273463], [80.67670021306516, 20.177710027861476], [80.67677589163627, 20.177742852981364], [80.67685157020739, 20.17777567893751], [80.67692724877848, 20.177808504043618], [80.67700762553855, 20.17783919167508], [80.67708800319691, 20.177869879300484], [80.67716837995697, 20.17790056607667], [80.67724875761533, 20.177931253690026], [80.67732913437536, 20.177961941297315], [80.67740470425032, 20.17796645147708], [80.67748027322698, 20.177970961656744], [80.67755584310194, 20.17797547183624], [80.67763141207857, 20.177979981172445], [80.67770698195353, 20.17798449135169], [80.6777883055379, 20.177984460153972], [80.67786962912227, 20.17798442811305], [80.67795095360492, 20.17798439607217], [80.67803227718927, 20.177984364874412], [80.67811360077364, 20.17798433283353], [80.67819492435801, 20.17798430163579], [80.67827624884066, 20.177984269594905], [80.67835757242501, 20.177984238397187], [80.67843889600938, 20.17798420635628], [80.67852605055823, 20.177980174261084], [80.6786132051071, 20.177976143008937], [80.67870036055429, 20.17797211091355], [80.67878751510315, 20.177968079661238], [80.67887466965202, 20.17796404756562], [80.67896182420087, 20.177960016313083], [80.67904897964806, 20.17795598421726], [80.67913613419692, 20.17795195296453], [80.67922328874579, 20.17794792086848], [80.679304620415, 20.177949390534607], [80.6793859529825, 20.177950860200735], [80.67946728465168, 20.177952329023658], [80.67954024042919, 20.177973759334], [80.67961319530832, 20.17799518964139], [80.67968615108583, 20.17801661994584], [80.679759105965, 20.178038049404147], [80.67983565141034, 20.178076425117293], [80.67991219775402, 20.17811480082099], [80.67998874319939, 20.17815317567205], [80.68006528864477, 20.17819155135684], [80.6801179236322, 20.17825475363463], [80.68017055861962, 20.178317955043617], [80.68022319450539, 20.178381157270135], [80.68027582949281, 20.178444358627868], [80.6803284653786, 20.17850756080318], [80.68038110036605, 20.178570762109665], [80.68042130805983, 20.178627662319453], [80.68046151575365, 20.178684563351617], [80.68050172344743, 20.178741463519867], [80.68054193203955, 20.178798364510495], [80.68058213973337, 20.178855264637217], [80.68065870583997, 20.17883411522601], [80.68073527104825, 20.178812966655173], [80.68081183715489, 20.178791818081432], [80.68088840236318, 20.178770669504814], [80.68096496846978, 20.17874952008217], [80.6810415336781, 20.178728371499815], [80.6811180997847, 20.17870722291459], [80.68120465425896, 20.178708206903146], [80.68129120783489, 20.178709190891688], [80.68137776230913, 20.178710174880184], [80.68146431588508, 20.178711158868715], [80.68155087035933, 20.1787121437004], [80.68163742393527, 20.17871312768892], [80.68172397840955, 20.17871411252059], [80.68181053198548, 20.178715096509098], [80.68189708645974, 20.178716081340756], [80.68198364003568, 20.17871706532925], [80.6820701945099, 20.178718050160896], [80.68215674808589, 20.178719034149363], [80.6822358312719, 20.178749273031123], [80.68231491535627, 20.178779511907003], [80.68239399854231, 20.17880975077702], [80.68247308172835, 20.178839989641148], [80.68255216581268, 20.17887022849942], [80.68263124899872, 20.178900467351855], [80.68271033218475, 20.17893070619841], [80.6827894162691, 20.178960945039105], [80.68286849945514, 20.17899118303074], [80.68294758264119, 20.1790214218597], [80.68302666672555, 20.1790516606828], [80.68310574991158, 20.17908189950003], [80.68318483309761, 20.17911213746821], [80.68326391718197, 20.179142376273724], [80.68334300036803, 20.179172615073348], [80.68342208355406, 20.17920285302393], [80.6835011676384, 20.179233091811838], [80.68358025082443, 20.17926333059388], [80.68365510025053, 20.17930200364604], [80.68372994877832, 20.179340676688646], [80.68380479820443, 20.179379350564812], [80.68387964673222, 20.179418023588195], [80.68395449615832, 20.179456697445175], [80.68402934468611, 20.1794953704494], [80.68410419411222, 20.179534044287195], [80.68417904264003, 20.179572717272208], [80.6842538920661, 20.179611391090805], [80.68432874149222, 20.17965006405667], [80.68440359002001, 20.179688737012892], [80.6844784394461, 20.179727410802712], [80.68455328797388, 20.17976608373979], [80.68462813739997, 20.179804756667245], [80.68470298592777, 20.179843429585123], [80.68477783535388, 20.179882103336585], [80.68485268388167, 20.17992077623524], [80.68492753330777, 20.179959449967505], [80.68500617721762, 20.179961847102867], [80.68508482112749, 20.179964244238153], [80.68516346503738, 20.179966641373415], [80.68524210804891, 20.179969038508624], [80.68532075195877, 20.179971436487], [80.68539939586863, 20.179973833622135], [80.68536572521515, 20.18004877632825], [80.68533205456168, 20.180123718155144], [80.68529838300988, 20.180198660789202], [80.68526471235641, 20.180273602544062], [80.6852310408046, 20.18034854510606], [80.68519737015113, 20.18042348763203], [80.68516369949766, 20.180498429278792], [80.68513002794585, 20.180573371732716], [80.68509635729238, 20.180648313307444], [80.68506268574058, 20.180723255689294], [80.68502901508711, 20.18079819803513], [80.68499534443363, 20.180873139501756], [80.68496167288183, 20.180948081775522], [80.68492800222835, 20.181023023170116], [80.68489433157488, 20.181097965371833], [80.6848606609214, 20.181172906694343], [80.6848269893696, 20.181247848824], [80.68479331781779, 20.18132279091763], [80.68475964716433, 20.18139773213209], [80.68472597651085, 20.18147267415365], [80.68469230585738, 20.181547615296026], [80.68465863430558, 20.181622557245525], [80.6846550751804, 20.18170498306182], [80.68465151605528, 20.181787408834523], [80.68464795693009, 20.181869833720455], [80.68464439780493, 20.18195225940599], [80.68464083867981, 20.182034685047935], [80.68463727955464, 20.18211711064626], [80.68463372042947, 20.182199535357896], [80.68463016130434, 20.18228196086906], [80.68462660217916, 20.18236438633666], [80.68462304395233, 20.182446811760677], [80.68461948572549, 20.182529236297928], [80.68461592660033, 20.18261166163477], [80.68466229224542, 20.182681087143973], [80.68470865789048, 20.18275051177911], [80.68475502353556, 20.182819937226444], [80.68480138918062, 20.182889361799763], [80.68484775482571, 20.182958787185257], [80.68489412047079, 20.18302821169668], [80.68494048611585, 20.18309763702037], [80.68498685176094, 20.183167062313128], [80.68503321740599, 20.183236486731797], [80.68507958305108, 20.1833059119627], [80.68512594869617, 20.18337533631954], [80.68517231434122, 20.183444761488587], [80.6852186799863, 20.183514185783572], [80.68526504563137, 20.183583610890764], [80.68531141127644, 20.183653035123918], [80.68535777692153, 20.183722460169268], [80.68540140629824, 20.18379535559049], [80.68544503477663, 20.183868250134438], [80.68548866415337, 20.183941145487452], [80.68553229263176, 20.184014039963223], [80.6855759220085, 20.184086935248047], [80.68561955048689, 20.184159829655638], [80.68566317986361, 20.18423272487226], [80.68570680924034, 20.18430562005485], [80.68575043771874, 20.184378514360155], [80.68579406709544, 20.1844514094745], [80.68583769557387, 20.18452430371163], [80.68588132495057, 20.1845971987578], [80.68592495342897, 20.184670092926734], [80.6859685828057, 20.18474298790475], [80.68601221218242, 20.184815882848632], [80.68605584066083, 20.184888776915294], [80.68609947003755, 20.184961671790987], [80.68614309851594, 20.185034565789454], [80.68618672789269, 20.18510746059697], [80.68623035637108, 20.18518035452726], [80.68627398574777, 20.18525324926661], [80.68631761422621, 20.18532614312867], [80.6863612436029, 20.18539903779984], [80.6864048720813, 20.18547193159375], [80.68644850145803, 20.185544826196676], [80.68649212993644, 20.18561771992241], [80.68653575841483, 20.185690614457144], [80.68657938779157, 20.185763508957823], [80.68662301716829, 20.185836403424382], [80.68666664564668, 20.18590929701373], [80.68671027412509, 20.185982191412098], [80.68675390260348, 20.18605508493324], [80.6867975319802, 20.186127979263457], [80.68684116045861, 20.18620087271637], [80.68688478983533, 20.186273766978395], [80.68690824933898, 20.18635297123988], [80.68693170884264, 20.18643217546108], [80.68695516834627, 20.18651137964206], [80.68697862784991, 20.186590583782788], [80.68700208735358, 20.1866697870401], [80.6870255468572, 20.186748991100284], [80.68704900636085, 20.186828195120242], [80.6870724658645, 20.186907399099944], [80.68709592536814, 20.186986603039358], [80.68711938487178, 20.18706580693854], [80.68714284437544, 20.187145010797472], [80.68716630387907, 20.187224214616126], [80.6871897633827, 20.187303418394553], [80.68721322288637, 20.187382621289572], [80.68723668239001, 20.18746182414434], [80.68726014189363, 20.18754102780198], [80.68728360139731, 20.18762023141938], [80.68730706090093, 20.18769943499649], [80.68733052040457, 20.18777863853337], [80.6873539790099, 20.18785784203], [80.68737743851356, 20.187937045486336], [80.68740089801722, 20.188016248902457], [80.68742435752084, 20.18809545227826], [80.6874478170245, 20.188174655613864], [80.68747127562982, 20.18825385806605], [80.68749473513348, 20.188333061321135], [80.68751819463711, 20.188412264535952], [80.68754165414074, 20.18849146771049], [80.68756511274607, 20.188570670844793], [80.68758857224975, 20.18864987393884], [80.68761203085505, 20.188729076992594], [80.68763549035872, 20.18880828000612], [80.68765894986234, 20.188887482979382], [80.68768240936599, 20.188966685912366], [80.68770586797133, 20.189045888805122], [80.68772932657666, 20.189125091657612], [80.6877527860803, 20.18920429446982], [80.68777624468562, 20.189283497241792], [80.68779970418926, 20.189362699973497], [80.6878120488379, 20.189445600588197], [80.68782439348655, 20.18952850115881], [80.68783673813516, 20.189611402528435], [80.6878490827838, 20.189694303010835], [80.68786142653413, 20.189777203449104], [80.68787377118278, 20.189860103843287], [80.68788611583139, 20.189943005036465], [80.6878984595817, 20.190025905342434], [80.68791080423034, 20.190108805604307], [80.68792314798065, 20.190191705822023], [80.68793549262932, 20.190274606838795], [80.68794783727793, 20.190357506968308], [80.68796018102827, 20.19044040705375], [80.68797252567688, 20.19052330709506], [80.6879848694272, 20.190606207092234], [80.68799721407585, 20.19068910788844], [80.68800955782616, 20.190772007797438], [80.68802190247482, 20.190854907662303], [80.68803424622513, 20.190937807483046], [80.68804659087374, 20.191020708102847], [80.68805893462405, 20.191103607835373], [80.6880712792727, 20.191186507523806], [80.6880311075115, 20.191250653873897], [80.68799093575034, 20.19131479935445], [80.68795076398914, 20.191378945651724], [80.68791059222794, 20.191443091079453], [80.68787042046677, 20.1915072373239], [80.6878554177032, 20.191580806962527], [80.68784041493966, 20.19165437656642], [80.68782541217607, 20.19172794613558], [80.6878104094125, 20.191801514826896], [80.68779540664895, 20.19187508432657], [80.68778040388538, 20.191948653791496], [80.68776540112184, 20.19202222322168], [80.68775586011519, 20.192105329825242], [80.68774631910858, 20.19218843638446], [80.68773677810195, 20.19227154289935], [80.6877272379936, 20.192354649369904], [80.68771769698701, 20.19243775579612], [80.68774165415729, 20.192513877911693], [80.6877656104293, 20.192589999146954], [80.68778956670128, 20.192666121188115], [80.68781352297327, 20.19274224234901], [80.6878374801436, 20.192818364315798], [80.68786143641559, 20.192894485402295], [80.68788539358592, 20.192970607294694], [80.68791685797704, 20.1930460892368], [80.6879483223682, 20.19312157114232], [80.68797978675933, 20.19319705301127], [80.6880112520488, 20.19327253568673], [80.68804271643992, 20.19334801748254], [80.6880741817294, 20.19342349924181], [80.68810564612053, 20.193498980964467], [80.68808585803147, 20.193575120266498], [80.68806606994238, 20.193651259531364], [80.68804628185332, 20.193727398758984], [80.68802649376421, 20.193803537949417], [80.68800670567515, 20.193879677102597], [80.68798691668776, 20.193955816218605], [80.68796712859866, 20.194031955297387]], [[80.62864503906214, 20.183092729863464], [80.62873448251834, 20.183088540230585], [80.6288230366424, 20.183076011802648], [80.62890982198371, 20.183055271050772], [80.62899397615952, 20.183026522015137], [80.62907466194001, 20.182990052206993], [80.62915107802797, 20.182946222491235], [80.62922246534698, 20.182895468772884], [80.62928811332964, 20.182838296938524], [80.62934736979905, 20.182775273581743], [80.62939964725699, 20.182707025160575], [80.62944442468064, 20.182634231252305], [80.62948125740394, 20.18255761359307], [80.62950977891421, 20.18247793439147], [80.62952970714045, 20.182395986211276], [80.62954084265671, 20.182312582696724], [80.6295430749702, 20.18222855267056], [80.62953638252132, 20.182144731702603], [80.62952083178546, 20.18206195283492], [80.62949657637446, 20.181981038150372], [80.62946385883352, 20.181902792870204], [80.62942300255607, 20.18182799354961], [80.62937441537728, 20.1817573838619], [80.62931857879417, 20.18169166616649], [80.62925604886387, 20.181631493076967], [80.62918744542394, 20.181577462401805], [80.62911345209231, 20.181530112085124], [80.62903480369087, 20.181489911774726], [80.62895228085561, 20.181457261135346], [80.62886670464668, 20.181432485632705], [80.6287789257687, 20.181415829787912], [80.62868981648579, 20.18140746054982], [80.6286002616385, 20.18140746054982], [80.62851115235557, 20.181415829787912], [80.62842337347757, 20.181432485632705], [80.62833779726867, 20.181457261135346], [80.6282552744334, 20.181489911774726], [80.62817662603196, 20.181530112085124], [80.6281026327003, 20.181577462401805], [80.62803402926038, 20.181631493076967], [80.62797149933007, 20.18169166616649], [80.62791566274696, 20.1817573838619], [80.62786707556822, 20.18182799354961], [80.62782621929075, 20.181902792870204], [80.6277935017498, 20.181981038150372], [80.62776924633881, 20.18206195283492], [80.62775369560292, 20.182144731702603], [80.62774700315408, 20.18222855267056], [80.62774923546753, 20.182312582696724], [80.62776037098382, 20.182395986211276], [80.62778029921007, 20.18247793439147], [80.62780882072035, 20.18255761359307], [80.62784565344363, 20.182634231252305], [80.62789043086728, 20.182707025160575], [80.62794270832524, 20.182775273581743], [80.62800196479463, 20.182838296938524], [80.62806761277729, 20.182895468772884], [80.62813900009627, 20.182946222491235], [80.62821541618423, 20.182990052206993], [80.62829610196475, 20.183026522015137], [80.62838025614057, 20.183055271050772], [80.62846704148183, 20.183076011802648], [80.62855559560595, 20.183088540230585], [80.62864503906214, 20.183092729863464]], [[80.6468293730505, 20.164375960177033], [80.64691881650673, 20.164371770041267], [80.64700737063079, 20.16435924010958], [80.64709415597208, 20.164338496868233], [80.64717831014788, 20.1643097443819], [80.6472589959284, 20.164273270196382], [80.64733541201636, 20.16422943521986], [80.64740679933534, 20.16417867540969], [80.647472447318, 20.164121496713154], [80.6475317037874, 20.164058465791936], [80.64758398124538, 20.163990209179147], [80.647628758669, 20.163917406533752], [80.64766559139228, 20.163840779678463], [80.64769411290257, 20.163761090913386], [80.64771404112884, 20.16367913289743], [80.64772517664508, 20.16359571937245], [80.64772740895859, 20.163511679260715], [80.64772071650971, 20.163427848232313], [80.64770516577383, 20.163345059429314], [80.64768091036282, 20.163264135033234], [80.64764819282188, 20.16318588036189], [80.64760733654445, 20.163111072063842], [80.64755874936567, 20.163040453901516], [80.64750291278256, 20.16297472831865], [80.64744038285225, 20.162914548007155], [80.64737177941232, 20.16286051084725], [80.64729778608067, 20.162813154847615], [80.64721913767922, 20.162772949712405], [80.64713661484396, 20.162740295154343], [80.64705103863507, 20.162715516678183], [80.64696325975709, 20.16269885883434], [80.64687415047415, 20.162690488591828], [80.64678459562684, 20.162690488591828], [80.64669548634393, 20.16269885883434], [80.64660770746595, 20.162715516678183], [80.64652213125702, 20.162740295154343], [80.64643960842176, 20.162772949712405], [80.64636096002032, 20.162813154847615], [80.64628696668869, 20.16286051084725], [80.64621836324876, 20.162914548007155], [80.64615583331846, 20.16297472831865], [80.64609999673534, 20.163040453901516], [80.64605140955656, 20.163111072063842], [80.64601055327914, 20.16318588036189], [80.64597783573817, 20.163264135033234], [80.6459535803272, 20.163345059429314], [80.6459380295913, 20.163427848232313], [80.64593133714243, 20.163511679260715], [80.64593356945592, 20.16359571937245], [80.64594470497217, 20.16367913289743], [80.64596463319846, 20.163761090913386], [80.64599315470869, 20.163840779678463], [80.64602998743199, 20.163917406533752], [80.64607476485564, 20.163990209179147], [80.6461270423136, 20.164058465791936], [80.64618629878301, 20.164121496713154], [80.64625194676566, 20.16417867540969], [80.64632333408466, 20.16422943521986], [80.64639975017262, 20.164273270196382], [80.64648043595311, 20.1643097443819], [80.64656459012893, 20.164338496868233], [80.64665137547021, 20.16435924010958], [80.64673992959429, 20.164371770041267], [80.6468293730505, 20.164375960177033]], [[80.65249031791748, 20.155588988096003], [80.65257976137367, 20.15558479772432], [80.65266831549775, 20.15557226708711], [80.65275510083904, 20.155551522677822], [80.65283925501487, 20.155522768572535], [80.65291994079534, 20.15548629233331], [80.6529963568833, 20.155442454888615], [80.65306774420232, 20.155391692220412], [80.65313339218497, 20.155334510304392], [80.65319264865438, 20.15527147583417], [80.65324492611234, 20.155203215378187], [80.65328970353599, 20.15513040863368], [80.65332653625927, 20.155053777463895], [80.65335505776955, 20.154974084211982], [80.6533749859958, 20.154892121581433], [80.65338612151204, 20.154808703359958], [80.65338835382553, 20.15472465851644], [80.65338166137668, 20.154640822768016], [80.6533661106408, 20.154558029303722], [80.65334185522981, 20.154477100351333], [80.65330913768886, 20.15439884127406], [80.6532682814114, 20.154324028764062], [80.65321969423262, 20.154253406625763], [80.6531638576495, 20.154187677342385], [80.65310132771921, 20.154127493642598], [80.65303272427927, 20.154073453440272], [80.65295873094765, 20.15402609477442], [80.6528800825462, 20.153985887375583], [80.65279755971095, 20.153953230979006], [80.65271198350204, 20.153928451107806], [80.65262420462405, 20.153911792326106], [80.65253509534112, 20.1539034216123], [80.65244554049383, 20.1539034216123], [80.65235643121092, 20.153911792326106], [80.6522686523329, 20.153928451107806], [80.652183076124, 20.153953230979006], [80.65210055328875, 20.153985887375583], [80.65202190488729, 20.15402609477442], [80.65194791155564, 20.154073453440272], [80.65187930811575, 20.154127493642598], [80.6518167781854, 20.154187677342385], [80.65176094160233, 20.154253406625763], [80.65171235442355, 20.154324028764062], [80.6516714981461, 20.15439884127406], [80.65163878060514, 20.154477100351333], [80.65161452519415, 20.154558029303722], [80.65159897445825, 20.154640822768016], [80.65159228200942, 20.15472465851644], [80.65159451432288, 20.154808703359958], [80.65160564983915, 20.154892121581433], [80.6516255780654, 20.154974084211982], [80.65165409957568, 20.155053777463895], [80.65169093229898, 20.15513040863368], [80.65173570972262, 20.155203215378187], [80.65178798718057, 20.15527147583417], [80.65184724364997, 20.155334510304392], [80.65191289163262, 20.155391692220412], [80.65198427895163, 20.155442454888615], [80.65206069503961, 20.15548629233331], [80.65214138082008, 20.155522768572535], [80.6522255349959, 20.155551522677822], [80.65231232033717, 20.15557226708711], [80.65240087446128, 20.15558479772432], [80.65249031791748, 20.155588988096003]], [[80.6455435883332, 20.14014181339161], [80.64563303178942, 20.140137622605398], [80.64572158591349, 20.14012509072865], [80.64580837125479, 20.140104344267296], [80.64589252543057, 20.14007558731761], [80.64597321121111, 20.140039107470113], [80.64604962729906, 20.139995265688995], [80.64612101461803, 20.13994449799932], [80.64618666260068, 20.139887310426822], [80.64624591907008, 20.13982426972125], [80.64629819652804, 20.139756002512964], [80.64634297395169, 20.139683188566437], [80.64637980667499, 20.13960654981637], [80.64640832818526, 20.1395268486813], [80.6464282564115, 20.139444877943134], [80.64643939192779, 20.139361451470105], [80.64644162424128, 20.139277398313062], [80.6464349317924, 20.139193554271863], [80.64641938105652, 20.139110752617935], [80.64639512564553, 20.139029815660344], [80.64636240810457, 20.138951548841966], [80.64632155182711, 20.13887672893184], [80.64627296464836, 20.138806099807923], [80.64621712806525, 20.13874036402293], [80.64615459813496, 20.138680174370084], [80.64608599469503, 20.13862612882242], [80.64601200136336, 20.138578765472143], [80.64593335296192, 20.1385385540962], [80.64585083012666, 20.13850589446949], [80.64576525391777, 20.13848111214719], [80.64567747503979, 20.13846445171771], [80.64558836575685, 20.138456080175928], [80.64549881090954, 20.138456080175928], [80.64540970162663, 20.13846445171771], [80.64532192274865, 20.13848111214719], [80.64523634653973, 20.13850589446949], [80.64515382370446, 20.1385385540962], [80.645075175303, 20.138578765472143], [80.6450011819714, 20.13862612882242], [80.64493257853147, 20.138680174370084], [80.64487004860116, 20.13874036402293], [80.64481421201805, 20.138806099807923], [80.64476562483928, 20.13887672893184], [80.64472476856186, 20.138951548841966], [80.64469205102087, 20.139029815660344], [80.6446677956099, 20.139110752617935], [80.64465224487401, 20.139193554271863], [80.64464555242513, 20.139277398313062], [80.64464778473862, 20.139361451470105], [80.64465892025487, 20.139444877943134], [80.64467884848116, 20.1395268486813], [80.6447073699914, 20.13960654981637], [80.64474420271469, 20.139683188566437], [80.64478898013834, 20.139756002512964], [80.6448412575963, 20.13982426972125], [80.6449005140657, 20.139887310426822], [80.64496616204835, 20.13994449799932], [80.64503754936734, 20.139995265688995], [80.64511396545531, 20.140039107470113], [80.64519465123581, 20.14007558731761], [80.64527880541164, 20.140104344267296], [80.64536559075292, 20.14012509072865], [80.645454144877, 20.140137622605398], [80.6455435883332, 20.14014181339161]], [[80.60008520037312, 20.136108351045173], [80.60017464382932, 20.136104160150783], [80.6002631979534, 20.13609162795048], [80.60034998329468, 20.136070880953575], [80.6004341374705, 20.13604212326155], [80.600514823251, 20.136005642472323], [80.60059123933895, 20.135961799559414], [80.60066262665796, 20.135911030559136], [80.60072827464062, 20.135853841510404], [80.60078753111002, 20.135790799177414], [80.60083980856797, 20.135722530206834], [80.60088458599162, 20.135649714380623], [80.6009214187149, 20.13557307365219], [80.60094994022516, 20.13549337045967], [80.60096986845143, 20.135411397605484], [80.60098100396769, 20.135327968978835], [80.60098323628117, 20.13524391365204], [80.6009765438323, 20.135160067446503], [80.60096099309641, 20.135077263655102], [80.60093673768544, 20.134996324608217], [80.60090402014445, 20.134918055769475], [80.60086316386703, 20.134843233928013], [80.60081457668826, 20.134772602980888], [80.60075874010515, 20.13470686549903], [80.60069621017486, 20.134646674292473], [80.60062760673492, 20.134592627349726], [80.60055361340329, 20.134545262776818], [80.60047496500185, 20.13450505036292], [80.6003924421666, 20.134472389893137], [80.60030686595766, 20.134447606931126], [80.60021908707968, 20.134430946071593], [80.60012997779678, 20.13442257431374], [80.60004042294946, 20.13442257431374], [80.59995131366652, 20.134430946071593], [80.59986353478854, 20.134447606931126], [80.59977795857965, 20.134472389893137], [80.5996954357444, 20.13450505036292], [80.59961678734295, 20.134545262776818], [80.59954279401128, 20.134592627349726], [80.59947419057136, 20.134646674292473], [80.59941166064107, 20.13470686549903], [80.59935582405794, 20.134772602980888], [80.59930723687917, 20.134843233928013], [80.59926638060175, 20.134918055769475], [80.59923366306079, 20.134996324608217], [80.5992094076498, 20.135077263655102], [80.59919385691391, 20.135160067446503], [80.59918716446504, 20.13524391365204], [80.59918939677851, 20.135327968978835], [80.59920053229477, 20.135411397605484], [80.59922046052105, 20.13549337045967], [80.59924898203133, 20.13557307365219], [80.59928581475462, 20.135649714380623], [80.59933059217828, 20.135722530206834], [80.59938286963623, 20.135790799177414], [80.59944212610563, 20.135853841510404], [80.59950777408828, 20.135911030559136], [80.59957916140725, 20.135961799559414], [80.5996555774952, 20.136005642472323], [80.59973626327574, 20.13604212326155], [80.59982041745153, 20.136070880953575], [80.59990720279282, 20.13609162795048], [80.5999957569169, 20.136104160150783], [80.60008520037312, 20.136108351045173]]]}}]}