{"type": "FeatureCollection", "features": [{"type": "Feature", "properties": {"premiumdata.sde.IN_Village_PCA.area": 16.84732426, "objectid": 45982, "id": "274804291635446", "name": "Madur", "subdistrict": "Bhudargad", "district": "Kolhapur", "state": "Maharashtra", "country": "India", "censusname": "Madur", "villagename_locallang": "\u092e\u0927\u0941\u0930", "lgd_villagename": "Madur", "lgd_villagecode": 567812, "lgd_subdistrictcode": 4291, "lgd_districtcode": 480, "lgd_statecode": 27, "censuscode2001": "04258600", "censuscode2011": "567812", "censuscode2021": null, "level": "Village", "tru": "Rural", "no_hh": 552, "tot_p": 2352, "tot_m": 1193, "tot_f": 1159, "per_tot_m": 50.72278912, "per_tot_f": 49.27721088, "p_06": 213, "m_06": 130, "f_06": 83, "per_p_06": 9.05612245, "per_m_06": 61.03286385, "per_f_06": 38.96713615, "p_sc": 207, "m_sc": 99, "f_sc": 108, "per_p_sc": 8.80102041, "per_m_sc": 47.82608696, "per_f_sc": 52.17391304, "p_st": 0, "m_st": 0, "f_st": 0, "per_p_st": 0.0, "per_m_st": 0.0, "per_f_st": 0.0, "p_lit": 1531, "m_lit": 890, "f_lit": 641, "per_p_lit": 65.09353741000001, "per_m_lit": 58.13193991, "per_f_lit": 41.86806009, "p_ill": 821, "m_ill": 303, "f_ill": 518, "per_p_ill": 34.90646259, "per_m_ill": 36.90621194, "per_f_ill": 63.09378806, "tot_work_p": 1313, "tot_work_m": 657, "tot_work_f": 656, "per_tot_work_p": 55.82482993, "per_tot_work_m": 50.03808073, "per_tot_work_f": 49.96191927, "mainwork_p": 826, "mainwork_m": 480, "mainwork_f": 346, "per_mainwork_p": 35.11904762, "per_mainwork_m": 58.11138015, "per_mainwork_f": 41.88861985, "main_cl_p": 580, "main_cl_m": 328, "main_cl_f": 252, "per_main_cl_p": 70.21791768, "per_main_cl_m": 56.55172414, "per_main_cl_f": 43.44827586, "main_al_p": 145, "main_al_m": 64, "main_al_f": 81, "per_main_al_p": 17.55447942, "per_main_al_m": 44.13793103, "per_main_al_f": 55.86206897, "main_hh_p": 4, "main_hh_m": 1, "main_hh_f": 3, "per_main_hh_p": 0.4842615, "per_main_hh_m": 25.0, "per_main_hh_f": 75.0, "main_ot_p": 97, "main_ot_m": 87, "main_ot_f": 10, "per_main_ot_p": 11.7433414, "per_main_ot_m": 89.69072165, "per_main_ot_f": 10.30927835, "margwork_p": 487, "margwork_m": 177, "margwork_f": 310, "per_margwork_p": 20.70578231, "per_margwork_m": 36.3449692, "per_margwork_f": 63.6550308, "marg_cl_p": 265, "marg_cl_m": 138, "marg_cl_f": 127, "per_marg_cl_p": 54.41478439, "per_marg_cl_m": 52.0754717, "per_marg_cl_f": 47.9245283, "marg_al_p": 46, "marg_al_m": 10, "marg_al_f": 36, "per_marg_al_p": 9.44558522, "per_marg_al_m": 21.73913043, "per_marg_al_f": 78.26086957, "marg_hh_p": 147, "marg_hh_m": 13, "marg_hh_f": 134, "per_marg_hh_p": 30.18480493, "per_marg_hh_m": 8.84353741, "per_marg_hh_f": 91.15646259, "marg_ot_p": 29, "marg_ot_m": 16, "marg_ot_f": 13, "per_marg_ot_p": 5.95482546, "per_marg_ot_m": 55.17241379, "per_marg_ot_f": 44.82758621, "margwork_3_6_p": 298, "margwork_3_6_m": 122, "margwork_3_6_f": 176, "per_margwork_3_6_p": 61.19096509, "per_margwork_3_6_m": 40.93959732, "per_margwork_3_6_f": 59.06040268, "marg_cl_3_6_p": 222, "marg_cl_3_6_m": 99, "marg_cl_3_6_f": 123, "per_marg_cl_3_6_p": 45.58521561, "per_marg_cl_3_6_m": 44.59459459, "per_marg_cl_3_6_f": 55.40540541, "marg_al_3_6_p": 23, "marg_al_3_6_m": 5, "marg_al_3_6_f": 18, "per_marg_al_3_6_p": 4.72279261, "per_marg_al_3_6_m": 21.73913043, "per_marg_al_3_6_f": 78.26086957, "marg_hh_3_6_p": 35, "marg_hh_3_6_m": 5, "marg_hh_3_6_f": 30, "per_marg_hh_3_6_p": 7.18685832, "per_marg_hh_3_6_m": 14.28571429, "per_marg_hh_3_6_f": 85.71428571, "marg_ot_3_6_p": 18, "marg_ot_3_6_m": 13, "marg_ot_3_6_f": 5, "per_marg_ot_3_6_p": 3.69609856, "per_marg_ot_3_6_m": 72.22222222, "per_marg_ot_3_6_f": 27.77777778, "margwork_0_3_p": 189, "margwork_0_3_m": 55, "margwork_0_3_f": 134, "per_margwork_0_3_p": 38.80903491, "per_margwork_0_3_m": 29.1005291, "per_margwork_0_3_f": 70.8994709, "marg_cl_0_3_p": 43, "marg_cl_0_3_m": 39, "marg_cl_0_3_f": 4, "per_marg_cl_0_3_p": 8.82956879, "per_marg_cl_0_3_m": 90.69767442, "per_marg_cl_0_3_f": 9.30232558, "marg_al_0_3_p": 23, "marg_al_0_3_m": 5, "marg_al_0_3_f": 18, "per_marg_al_0_3_p": 4.72279261, "per_marg_al_0_3_m": 21.73913043, "per_marg_al_0_3_f": 78.26086957, "marg_hh_0_3_p": 112, "marg_hh_0_3_m": 8, "marg_hh_0_3_f": 104, "per_marg_hh_0_3_p": 22.99794661, "per_marg_hh_0_3_m": 7.14285714, "per_marg_hh_0_3_f": 92.85714286, "marg_ot_0_3_p": 11, "marg_ot_0_3_m": 3, "marg_ot_0_3_f": 8, "per_marg_ot_0_3_p": 2.2587269, "per_marg_ot_0_3_m": 27.27272727, "per_marg_ot_0_3_f": 72.72727273, "non_work_p": 1039, "non_work_m": 536, "non_work_f": 503, "per_non_work_p": 44.17517007, "per_non_work_m": 51.58806545, "per_non_work_f": 48.41193455000001, "per_hc_tot_tot": 100, "per_hc_tot_god": 89.3, "per_hc_tot_liv": 9.5, "per_hc_tot_dil": 1.3, "per_hc_res_tot": 96.2, "per_hc_res_god": 85.8, "per_hc_res_liv": 9.1, "per_hc_res_dil": 1.3, "per_hc_oth_tot": 3.8, "per_hc_oth_god": 3.5, "per_hc_oth_liv": 0.4, "per_hc_oth_dil": 0.0, "per_mt_grsbam": 7.8, "per_mt_plastic": 1.3, "per_mt_h_tiles": 5.8, "per_mt_m_tiles": 73.6, "per_mt_b_brick": 0.4, "per_mt_stone": 0.7, "per_mt_asbstos": 6.0, "per_mt_concrte": 3.6, "per_mt_oth": 0.7, "per_mw_grsbam": 0.2, "per_mw_plastic": 0.4, "per_mw_mud": 71.0, "per_mw_wood": 0.0, "per_mw_no_mrtr": 4.4, "per_mw_st_mrtr": 18.6, "per_mw_asbstos": 0.0, "per_mw_b_brick": 4.4, "per_mw_concrte": 1.1, "per_mw_oth": 0.0, "per_mf_mud": 84.0, "per_mf_wood": 0.4, "per_mf_b_brick": 0.0, "per_mf_stone": 2.0, "per_mf_cement": 2.0, "per_mf_fl_tile": 10.4, "per_mf_oth": 1.3, "per_dw_n_exrm": 2.6, "per_dw_1_room": 19.9, "per_dw_2_room": 35.7, "per_dw_3_room": 27.3, "per_dw_4_room": 10.7, "per_dw_5_room": 1.5, "per_dw_6_room": 2.4, "per_hhsize_1": 5.8, "per_hhsize_2": 11.1, "per_hhsize_3": 12.8, "per_hhsize_4": 25.1, "per_hhsize_5": 18.8, "per_hhsize_6_8": 20.2, "per_hhsize_9p": 6.2, "per_ow_owned": 95.4, "per_ow_rented": 0.7, "per_ow_oth": 3.8, "per_mc_none": 13.8, "per_mcouple_1": 63.6, "per_mcouple_2": 18.0, "per_mcouple_3": 4.0, "per_mcouple_4": 0.4, "per_mcouple_5p": 0.2, "per_dw_t_ts": 3.8, "per_dw_t_unts": 73.6, "per_dw_c_well": 0.2, "per_dw_unc_wel": 0.0, "per_dw_hpump": 0.0, "per_dw_tw_bore": 11.7, "per_dw_spring": 10.7, "per_dw_rivcan": 0.0, "per_dw_tank": 0.0, "per_dw_oth": 0.0, "per_loc_dw_wp": 79.6, "per_loc_dw_np": 9.5, "per_loc_dw_aw": 10.9, "per_light_elec": 92.7, "per_light_kero": 7.1, "per_light_solr": 0.2, "per_light_oil": 0.0, "per_light_oth": 0.0, "per_light_no": 0.0, "per_hh_latrine": 74.1, "per_fl_sewer": 1.1, "per_fl_septict": 44.3, "per_fl_othsys": 27.9, "per_pl_wslab": 0.5, "per_pl_without": 0.0, "per_ns_open": 0.4, "per_sl_ns_hum": 0.0, "per_sl_ns_anml": 0.0, "per_hh_no_lat": 25.9, "per_as_pub": 18.6, "per_as_open": 7.3, "per_hh_bathrm": 94.4, "per_hh_en_wrf": 3.6, "per_hh_no_btrm": 2.0, "per_wwoc_drain": 0.5, "per_wwoc_open": 38.1, "per_wwoc_nodrn": 61.4, "per_cook_fire": 94.9, "per_cook_resdu": 0.0, "per_cook_cwdng": 0.2, "per_cook_coal": 0.0, "per_cook_kero": 0.4, "per_cook_lpng": 0.9, "per_cook_elec": 0.0, "per_cook_biogs": 3.5, "per_cook_oth": 0.0, "per_cook_no": 0.2, "per_kf_inside": 98.7, "per_kf_in_has": 98.7, "per_kf_in_does": 0.0, "per_kf_outside": 1.1, "per_kf_out_has": 0.0, "per_kf_out_dos": 1.1, "per_kf_no_cook": 0.2, "per_hh_banking": 84.2, "per_hh_radio": 21.7, "per_hh_tv": 43.4, "per_hh_cmp_int": 1.5, "per_hh_cmp_wnt": 1.6, "per_hh_ph_ll": 6.4, "per_hh_ph_mob": 59.6, "per_hh_ph_bth": 5.6, "per_hh_bcycl": 20.2, "per_hh_2wheel": 12.8, "per_hh_4wheel": 2.2, "per_hh_tvcomp": 0.7, "per_hh_no_ast": 18.2, "per_hs_perma": 25.7, "per_hs_sperma": 66.7, "per_hs_temp": 6.9, "per_hs_servc": 6.7, "per_hs_nservc": 0.2, "per_hs_unclss": 0.7, "avghhsz_cy": 4.26086957, "st_areashape": 18382960.69189322, "st_lengthshape": 24427.211804368497}, "geometry": {"type": "Polygon", "coordinates": [[[74.177877550972, 16.285678733723877], [74.17778827011084, 16.28567529240127], [74.17769898924969, 16.28567185194087], [74.17760970838856, 16.285668410618094], [74.17752042752741, 16.28566497015757], [74.17743114666628, 16.285661529696977], [74.17734186490682, 16.285658088374063], [74.17725258404566, 16.28565464705107], [74.17716330318454, 16.285651206590305], [74.17707402232338, 16.28564776526721], [74.17698474146225, 16.285644324806317], [74.1768954606011, 16.285640883483083], [74.17680617973994, 16.28563744302206], [74.17671689887882, 16.28563400169874], [74.17662761801766, 16.285630561237603], [74.17653833715653, 16.2856271207764], [74.17644905539707, 16.28562367945289], [74.17635977453592, 16.285620238129287], [74.17627049367479, 16.28561679766792], [74.17618121281365, 16.285613356344218], [74.17609193195251, 16.285609915020437], [74.17600265109135, 16.28560647369662], [74.17591710722179, 16.285618362689814], [74.17583156425056, 16.28563025168232], [74.17574602038098, 16.2856421406741], [74.17566047740975, 16.285654029665157], [74.17557493354019, 16.28566591865546], [74.17548938967062, 16.28567780764508], [74.17540384669938, 16.285689696633973], [74.17531830282982, 16.285701585622153], [74.17523275985855, 16.285713474609583], [74.17514721598903, 16.285725363596313], [74.17506167211945, 16.28573725258232], [74.17497612914819, 16.285749141567596], [74.17489058527865, 16.285761030552166], [74.17480504230738, 16.285772919536008], [74.17471949843781, 16.285784808519136], [74.17463395456829, 16.285796697501517], [74.17454841159702, 16.28580858648321], [74.17446286772746, 16.285820475464174], [74.17437732475622, 16.28583236444443], [74.17429178088665, 16.28584425342392], [74.17420623701707, 16.285856142402725], [74.17412069404584, 16.285868031380804], [74.17403515017628, 16.285879920358184], [74.17394960720505, 16.2858918093348], [74.17386406333549, 16.285903699173], [74.1737914480195, 16.285933721679438], [74.17371883180518, 16.28596374418132], [74.1736462164892, 16.285993766678608], [74.17357360027489, 16.286023789171267], [74.17350098495889, 16.28605381079707], [74.17342836874458, 16.286083833280582], [74.17335575342858, 16.286113855759474], [74.17333860458983, 16.286030547637466], [74.17332145485274, 16.285947239480077], [74.17330430601395, 16.285863932149542], [74.17328715627686, 16.285780623921383], [74.1732700074381, 16.285697315657814], [74.17325285770102, 16.285614007358863], [74.17323570886222, 16.28553069988677], [74.17321856002347, 16.28544739151706], [74.17320141028638, 16.285364083111947], [74.17318426054929, 16.28528077467145], [74.1731671117105, 16.28519746705781], [74.17314996287175, 16.285114158546538], [74.17313281313466, 16.285030849999877], [74.17311566429588, 16.284947541417832], [74.1730985154571, 16.284864233662656], [74.17308136572002, 16.284780925009827], [74.17306421688123, 16.284697616321615], [74.17304706714414, 16.284614307598], [74.17302991740706, 16.284530998839017], [74.17301276856827, 16.28444769090695], [74.17299561972952, 16.284364382077193], [74.17297846999242, 16.28428107321203], [74.17296132115362, 16.284197764311497], [74.17294417231487, 16.284114456237884], [74.1729270225778, 16.284031147266592], [74.172909873739, 16.28394783825988], [74.17289272400191, 16.283864529217816], [74.17287557516315, 16.283781221002666], [74.17285842542607, 16.283697911889828], [74.17284127658728, 16.283614602741583], [74.17282198346992, 16.28353204805317], [74.17280268945426, 16.28344949246769], [74.1727833963369, 16.28336693770979], [74.17276410232124, 16.28328438205482], [74.17274480920388, 16.28320182722743], [74.1727255151882, 16.283119271502958], [74.17270622207084, 16.283036716606066], [74.17268692895348, 16.28295416081212], [74.17266763583612, 16.28287160584574], [74.17264834182046, 16.28278904998229], [74.1726290487031, 16.2827064949464], [74.17260975468741, 16.282623939013487], [74.17259046157005, 16.282541383908104], [74.17256704967714, 16.282460537816682], [74.1725436377842, 16.28237969169194], [74.17252022589126, 16.282298845533855], [74.17249681399834, 16.28221799934246], [74.17247340210538, 16.282137153117763], [74.17244999021246, 16.282056307722016], [74.17242657831952, 16.28197546143064], [74.17240316642658, 16.28189461510598], [74.17237975453367, 16.281813768748002], [74.17235634264071, 16.281732922356667], [74.17233293074779, 16.28165207593205], [74.17230495361659, 16.281571115651985], [74.17227697738369, 16.281490156200785], [74.17224900115077, 16.28140919585388], [74.1722210249179, 16.281328236335888], [74.1721930477867, 16.281247275922137], [74.17216507155379, 16.28116631547503], [74.17213709532089, 16.281085355856764], [74.1721091181897, 16.281004395342826], [74.17208114195682, 16.28092343565774], [74.17205316572391, 16.280842475076934], [74.1720251885927, 16.28076151446276], [74.1719972123598, 16.28068055467745], [74.1719692352286, 16.280599593996456], [74.17194125899569, 16.280518634144315], [74.17191328276282, 16.280437673396467], [74.17185762135117, 16.280376910992413], [74.17180195904122, 16.280316147707232], [74.1717462976296, 16.280255385265534], [74.17169063531965, 16.280194621942705], [74.171634973908, 16.280133859463376], [74.17157931249638, 16.280073096102917], [74.17152365108473, 16.28001233358595], [74.17146798877478, 16.279951570187848], [74.17141232736316, 16.27989080763324], [74.17134170900202, 16.279844628217116], [74.1712710906409, 16.279798448790128], [74.17120047227982, 16.279752270214534], [74.17112985391869, 16.279706090765803], [74.17105923465927, 16.279659911306197], [74.17098861629815, 16.279613731835735], [74.17091799793701, 16.279567552354386], [74.17084737957593, 16.27952137286218], [74.17076823081287, 16.279512666240848], [74.1706890820498, 16.279503958756873], [74.17060993238844, 16.279495251272465], [74.17053078362538, 16.279486544649984], [74.17045163486235, 16.279477838027113], [74.17037248609928, 16.279469131403857], [74.17029333643792, 16.279460423917936], [74.17021418767486, 16.279451717293917], [74.17013423491963, 16.279465953835526], [74.1700542821644, 16.279480190376105], [74.16997432851085, 16.279494426915655], [74.1698943757556, 16.27950866345416], [74.16981442300037, 16.27952289999161], [74.16973447024515, 16.279537136528052], [74.16965451659158, 16.279551373063466], [74.16957456383635, 16.279565609597846], [74.16948602857693, 16.279579228726124], [74.16939749421579, 16.279592847853458], [74.16930895895632, 16.279606466979878], [74.16922042459518, 16.279620086105314], [74.16913188933572, 16.279633705229813], [74.16904335497458, 16.279647324353355], [74.16895481971511, 16.27966094347596], [74.16886628535397, 16.279674562597645], [74.1687777500945, 16.279688181718363], [74.16868921573337, 16.27970180083814], [74.1686006804739, 16.27971541995695], [74.16851214611277, 16.279729039074834], [74.16842361085332, 16.2797426581918], [74.16833507649216, 16.279756277307786], [74.16824654123273, 16.27976989642283], [74.16815800687158, 16.279783515536923], [74.16806947161213, 16.27979713465007], [74.16798093725099, 16.279810753762316], [74.16789240199152, 16.27982437287357], [74.16780386763038, 16.279837991983882], [74.16771533237092, 16.279851611955564], [74.16763322635394, 16.279885499337755], [74.1675511212353, 16.279919386714116], [74.16746901521833, 16.279953274946916], [74.16738690920135, 16.279987163173846], [74.16730480408272, 16.280021050532653], [74.16722269806573, 16.28005493788558], [74.16714059204875, 16.280088826094953], [74.16705848603182, 16.280122713436203], [74.16697638091314, 16.280156600771562], [74.16689427489617, 16.28019048896338], [74.16683452794665, 16.280245260202125], [74.1667747818954, 16.28030003142553], [74.16671503494584, 16.280354802633692], [74.16665528799632, 16.28040957382652], [74.16659554104677, 16.28046434500406], [74.16653579409721, 16.280519116166346], [74.16647604714768, 16.280573887313302], [74.16641630019812, 16.280628658445004], [74.16635655414689, 16.280683429561385], [74.16629680809564, 16.2807382006625], [74.16623706114612, 16.2807929726106], [74.16616327352868, 16.28083591648374], [74.16608948680955, 16.280878860347514], [74.1660156991921, 16.280921805064196], [74.16594191157469, 16.280964748909156], [74.16586812395724, 16.281007693607012], [74.16579433723811, 16.28105063743318], [74.16572054962069, 16.28109358124993], [74.16564676200325, 16.28113652591962], [74.1655729743858, 16.281179469717582], [74.16549918766667, 16.281222413506157], [74.16542540004926, 16.28126535814759], [74.1653516124318, 16.281308301917345], [74.16527107936491, 16.281337674098385], [74.16519054629799, 16.281367046275037], [74.1651100132311, 16.281396418447276], [74.16502948016416, 16.2814257906151], [74.16494894619895, 16.281455163640842], [74.16486841313207, 16.2814845357999], [74.16478788006515, 16.28151390881683], [74.16470734699826, 16.281543280967096], [74.16462253076406, 16.281552666981906], [74.16453771452989, 16.28156205299632], [74.16445289829569, 16.281571439010268], [74.16436808116322, 16.28158082502379], [74.16428326492904, 16.281590211036846], [74.16419844869486, 16.281599597049453], [74.16411363246067, 16.28160898306162], [74.16402881622649, 16.281618369935597], [74.1639439999923, 16.281627755946857], [74.16385918285982, 16.281637142819946], [74.16377436662565, 16.28164652883032], [74.16368955039147, 16.28165591570253], [74.16360473415727, 16.28166530171197], [74.16353138671433, 16.281695428341816], [74.16345803927136, 16.281725555829265], [74.16338469182841, 16.281755682449823], [74.16331134438548, 16.281785809065788], [74.16323799694254, 16.28181593653937], [74.16316464949956, 16.281846063146073], [74.16309130205663, 16.281876190610394], [74.16301795461368, 16.28190631720782], [74.1629581528669, 16.281960966385032], [74.16289835022181, 16.282015615546978], [74.16283854847504, 16.282070264693747], [74.16277874672826, 16.282124913825246], [74.16271894498148, 16.282179562941547], [74.16265914233637, 16.282234212904914], [74.1625993405896, 16.282288861990743], [74.16253146119179, 16.282338194209416], [74.16246358179396, 16.282387526415643], [74.16239570239615, 16.282436858609483], [74.16232782299834, 16.28248619079093], [74.16225994360053, 16.282535522959947], [74.16219206420273, 16.282584855116557], [74.16212418480491, 16.282634187260793], [74.16205630540706, 16.2826835193926], [74.16198842600926, 16.282732851511973], [74.16192054661146, 16.282782183618995], [74.16185266721364, 16.28283151571356], [74.16178478781583, 16.28288084779575], [74.16171690841803, 16.28293017986553], [74.1616490290202, 16.282979511922886], [74.16157339356822, 16.283014784452696], [74.16149775811625, 16.283050056976204], [74.16142212266428, 16.283085329493318], [74.1613464872123, 16.283120602004107], [74.16127085176032, 16.283155874508534], [74.16119521630834, 16.283191147006665], [74.16111958085635, 16.28322641949841], [74.16104394450608, 16.283261691983814], [74.1609683090541, 16.283296964462913], [74.1608926736021, 16.28333223607335], [74.16081703815013, 16.283367508539765], [74.16074140269815, 16.28340278099979], [74.16066576724617, 16.283438052591222], [74.1605901317942, 16.283473325038578], [74.16050762602694, 16.283489528149918], [74.16042511936136, 16.283505731259872], [74.16034261359408, 16.28352193436849], [74.1602601069285, 16.283538137475812], [74.16017760116122, 16.28355434058176], [74.16009509539397, 16.28357054282411], [74.16001258872835, 16.283586745927384], [74.15993008296111, 16.28360294816705], [74.15984757629553, 16.28361915126764], [74.15976507052824, 16.283635354366922], [74.15968256386267, 16.28365155746484], [74.15960005809539, 16.283667759699163], [74.1595251457872, 16.283711083208217], [74.15945023258072, 16.28375440756997], [74.15937532027257, 16.283797731059863], [74.15930040706606, 16.283841055402466], [74.1592254947579, 16.283884378873253], [74.15915058155139, 16.283927703196735], [74.15911099818672, 16.283853823164787], [74.15907141392371, 16.28377994224276], [74.15903183055904, 16.283706062155165], [74.15899224719439, 16.28363218203975], [74.15895266382968, 16.283558301034212], [74.15891308046501, 16.28348442086312], [74.15887349620202, 16.283410539801938], [74.15883391283734, 16.283336659575202], [74.15879432947267, 16.28326277932064], [74.15875474610797, 16.283188898176], [74.1587151627433, 16.28311501786578], [74.15867557937864, 16.28304113752774], [74.15863599511565, 16.282967256299575], [74.15859641175093, 16.28289337590587], [74.15855682838627, 16.282819495484357], [74.15851724412326, 16.282745614172736], [74.15847766075859, 16.282671733695565], [74.15843807739392, 16.28259785319057], [74.15839849402923, 16.282523971795438], [74.15835891066456, 16.282450091234782], [74.15831932640155, 16.28237620978404], [74.15827974303689, 16.282302329167727], [74.15824015967218, 16.2822284485236], [74.15820057630752, 16.282154566989337], [74.15816099294285, 16.28208068628954], [74.15813871113055, 16.281998187866478], [74.15811642841992, 16.28191568940873], [74.15809414660761, 16.281833190916256], [74.15807186389696, 16.2817506923891], [74.15804958208466, 16.281668193827247], [74.15802729937406, 16.281585695230717], [74.15800501756175, 16.281503196599466], [74.15798273485112, 16.281420697933537], [74.15796045303881, 16.2813381992329], [74.15793817032818, 16.281255700497606], [74.15791588851587, 16.281173201727583], [74.15789360670357, 16.281090702922853], [74.15787132399296, 16.28100820408344], [74.15784904218067, 16.280925705209377], [74.15782676036837, 16.280843206300577], [74.15780447765772, 16.280760707357086], [74.15778219584541, 16.28067820837894], [74.15775991403311, 16.28059570936606], [74.15773763132248, 16.28051321031849], [74.15771534951017, 16.280430711236235], [74.15769306769786, 16.28034821298159], [74.15767078498723, 16.280265713829948], [74.15764850317493, 16.280183214643642], [74.15762622046432, 16.280100715422616], [74.15760393865202, 16.280018216166884], [74.15758165683971, 16.27993571687647], [74.15755937412908, 16.279853217551413], [74.15753709231677, 16.27977071819161], [74.15751481050447, 16.279688218797116], [74.15749252779382, 16.279605719367982], [74.15747024598153, 16.279523219904114], [74.15744796416922, 16.279440720405564], [74.1574256814586, 16.279358220872307], [74.15740339964631, 16.279275721304398], [74.15738111783396, 16.27919322170178], [74.15735883512338, 16.279110722064456], [74.15733655331107, 16.27902822239245], [74.15731427060042, 16.27894572268578], [74.15729198878812, 16.278863222944402], [74.15726970697581, 16.27878072316833], [74.15724742516352, 16.278698223357555], [74.15722514335121, 16.278615723512146], [74.15720931054433, 16.27853298218737], [74.15719347863576, 16.278450241690052], [74.15717764672716, 16.278367500295538], [74.1571618139203, 16.27828475886611], [74.15714598201176, 16.278202017401814], [74.15713015010317, 16.27811927676492], [74.15711431819459, 16.278036535230815], [74.15709848628606, 16.27795379366185], [74.15708265347914, 16.277871052057954], [74.1570668215706, 16.277788311281498], [74.15705098966201, 16.277705569607868], [74.15703515685514, 16.277622827899304], [74.15701932494656, 16.27754008615588], [74.15700349303802, 16.277457345239874], [74.15698766112943, 16.277374604288955], [74.15697182832257, 16.277291861578554], [74.15695599641398, 16.277209119695545], [74.1569401645054, 16.27712637863996], [74.15692433259686, 16.277043637549507], [74.15690850068827, 16.276960895561867], [74.1568926687797, 16.276878153539293], [74.15687683687115, 16.276795411481874], [74.15686100406427, 16.276712669389532], [74.1568451721557, 16.27662992726233], [74.15682934024713, 16.276547185962542], [74.15681350833857, 16.276464443765537], [74.15679767643, 16.27638170153367], [74.15678184452142, 16.276298959266892], [74.15676601261288, 16.276216217827542], [74.1567501807043, 16.27613347549101], [74.15673434879571, 16.27605073311957], [74.15671851688717, 16.275967990713266], [74.15670268497858, 16.27588524913437], [74.15668685307001, 16.275802506658298], [74.15667102116146, 16.275719764147304], [74.15665518925289, 16.275637021601455], [74.1566393573443, 16.275554279883032], [74.15662352543576, 16.27547153726737], [74.1566031803912, 16.275387840033062], [74.15658283624497, 16.275304143625362], [74.1565624912004, 16.27522044631964], [74.15654214705417, 16.275136749840545], [74.15652180290795, 16.275053052463463], [74.15650145876171, 16.274969355912983], [74.15648111371713, 16.27488565846448], [74.1564607695709, 16.274801961842616], [74.15644042452634, 16.274718264322754], [74.15642008038012, 16.274634567629494], [74.15639973533555, 16.274550870038208], [74.15637939118932, 16.2744671732736], [74.15635904614476, 16.274383475610932], [74.15633870199852, 16.2742997787749], [74.15631835695396, 16.274216081040873], [74.15629801280772, 16.27413238413346], [74.1562776686615, 16.274048686328022], [74.15625732451522, 16.27396498934922], [74.1562369794707, 16.273881291472424], [74.15621663532443, 16.27379759442224], [74.1561962902799, 16.273713896474025], [74.15617594613364, 16.273630199352457], [74.1561556010891, 16.27354650133289], [74.15612825457524, 16.27346774957058], [74.15610090895966, 16.273388997776674], [74.15607356244577, 16.27331024508885], [74.15604621593191, 16.27323149323175], [74.15601887031633, 16.27315274134305], [74.15599152380246, 16.273073989422745], [74.15596417818689, 16.27299523747085], [74.155936831673, 16.272916485487357], [74.15590948515914, 16.27283773260996], [74.15588213954356, 16.27275898056326], [74.15585479302968, 16.272680228484983], [74.15582744651581, 16.272601476375094], [74.15580010090024, 16.272522724233614], [74.15577275438635, 16.272443971198193], [74.15574540787249, 16.27236521899356], [74.1557180613586, 16.2722864667573], [74.15569071574303, 16.272207714489426], [74.15566336922916, 16.272128962189974], [74.15563602271529, 16.27205020985892], [74.15560867620141, 16.271971456633928], [74.15558132968754, 16.27189270423967], [74.15555398317366, 16.27181395181386], [74.15549500069041, 16.271753557542294], [74.15543601820714, 16.271693163252127], [74.15537703662223, 16.271632769805738], [74.15531805413902, 16.271572375478435], [74.15525907165575, 16.27151198199486], [74.15520008917252, 16.27145158763041], [74.15514110668929, 16.271391192385018], [74.15508212510434, 16.271330798845717], [74.15502314262113, 16.271270404425493], [74.1549641610362, 16.271210010849032], [74.15490517855295, 16.271149616391643], [74.15484619606973, 16.271089221915695], [74.1547872144848, 16.271028827421148], [74.15472823200155, 16.27096843290801], [74.15466925041663, 16.270908038376326], [74.15461026883169, 16.27084764382604], [74.15455128634844, 16.270787249257157], [74.15453178931354, 16.270704364071076], [74.15451229317694, 16.270621478849954], [74.154492796142, 16.270538593593873], [74.15447330000539, 16.270455708302794], [74.15445380297047, 16.270372822976704], [74.15443430593551, 16.27028993847795], [74.15441480979891, 16.27020705221954], [74.1543953136623, 16.270124167650803], [74.15437581662736, 16.270041282184756], [74.15435631959247, 16.269958396683684], [74.15433682255754, 16.26987551114765], [74.1543173255226, 16.269792625576606], [74.15429782848769, 16.26970973997055], [74.15427833145276, 16.269626854329534], [74.15425883441782, 16.26954396865348], [74.15423933738288, 16.269461082942478], [74.15421984034798, 16.26937819719644], [74.15420034421136, 16.269295312277816], [74.15418084717643, 16.26921242646179], [74.1541613501415, 16.26912954061081], [74.15414185310657, 16.269046654724814], [74.15412235607167, 16.268963768803843], [74.15410285903671, 16.268880882847853], [74.15408336200178, 16.26879799685691], [74.15413588380152, 16.2687338271725], [74.15418840560125, 16.268669657467125], [74.15424092740095, 16.268605487740793], [74.15429345009896, 16.26854131713111], [74.1543459718987, 16.268477148225173], [74.15439849459672, 16.26841297757357], [74.15445101639645, 16.26834880776332], [74.15450353909449, 16.268284637932137], [74.1545560617925, 16.268220468079946], [74.1546085835922, 16.268156298206787], [74.15466110629026, 16.268092128312652], [74.15471362808997, 16.268027958397575], [74.15476615078799, 16.267963788461483], [74.15481867258772, 16.267899618504433], [74.15476519587884, 16.26783544852641], [74.15471171827167, 16.26777127852744], [74.15465824156283, 16.267707108507484], [74.15460476395565, 16.267642938466533], [74.15455128724676, 16.26757876840463], [74.1544978096396, 16.267514597459407], [74.15444433293072, 16.267450427355545], [74.15439085532354, 16.267386257230743], [74.1543373786147, 16.26732208708494], [74.15428390100752, 16.267257916918176], [74.15423329351768, 16.267188879615787], [74.1541826851295, 16.267119841426773], [74.15413207763964, 16.267050804075794], [74.15408146925151, 16.266981765838256], [74.15403086176165, 16.266912728438772], [74.15398025337348, 16.266843690152648], [74.15392964588364, 16.26677465356695], [74.15387903749549, 16.266705615232304], [74.15382842910734, 16.26663657687336], [74.1537778216175, 16.26656754021488], [74.1537272132293, 16.266498501807384], [74.15367660484115, 16.266429463375616], [74.15362599735131, 16.266360426644315], [74.15357538896313, 16.26629138816401], [74.15352478057498, 16.26622234965946], [74.15347417308514, 16.26615331285531], [74.15342356469695, 16.266084274302173], [74.15337295630881, 16.26601523572481], [74.15332234881896, 16.265946197985514], [74.15327174043081, 16.26587715935957], [74.15322113294097, 16.265808122434073], [74.15317052455279, 16.265739083759605], [74.15311991616464, 16.265670045060848], [74.15306930867479, 16.265601008062557], [74.15301870028662, 16.265531969315266], [74.15296809189847, 16.265462930543688], [74.15291748440862, 16.265393893472574], [74.15286687602044, 16.265324854652473], [74.1528162676323, 16.265255815808086], [74.15276566014245, 16.265186777801787], [74.1527150517543, 16.265117739771227], [74.15266444336612, 16.26504870085407], [74.15261383587628, 16.264979662774937], [74.15256322748813, 16.26491062467157], [74.15251261999828, 16.264841586543938], [74.1524620116101, 16.264772547529684], [74.15241140412026, 16.264703509353506], [74.15236079573211, 16.26463447029068], [74.15231018734396, 16.264565432065954], [74.15225957895578, 16.264496393816966], [74.15220897056763, 16.264427355543702], [74.15215836217946, 16.264358317246156], [74.15211229297844, 16.264295469840715], [74.1520662237774, 16.26423262327756], [74.15202015367805, 16.264169775831892], [74.151974084477, 16.26410692836612], [74.151928015276, 16.2640440817426], [74.15188194607495, 16.263981234236617], [74.1518358759756, 16.263918386710518], [74.15178980677459, 16.263855540026654], [74.15174373757354, 16.263792692460342], [74.15167094888271, 16.263742781243774], [74.15159816109018, 16.263692870014538], [74.15152537239935, 16.263642958772603], [74.15145258460683, 16.26359304838036], [74.15137979591599, 16.263543137113047], [74.15130700722513, 16.263493225833074], [74.15123421943262, 16.263443314540414], [74.15116143074177, 16.26339340323506], [74.15108864294922, 16.263343491917023], [74.15101585425838, 16.263293580586325], [74.15094306556757, 16.263243669242907], [74.15087027777501, 16.263193758749203], [74.15079748908417, 16.26314384738043], [74.15072470129165, 16.26309393599897], [74.15065191260081, 16.263044024604856], [74.15057912390996, 16.262994113198026], [74.15050633611745, 16.262944201778517], [74.1504335474266, 16.26289429034635], [74.1503607596341, 16.26284437976382], [74.15028797094324, 16.262794468306293], [74.1502151822524, 16.262744556836047], [74.15014239445988, 16.262694645353115], [74.15006960576903, 16.262644733857538], [74.14999681797649, 16.26259482234924], [74.14992402928569, 16.262544910828257], [74.14985124059483, 16.262494999294642], [74.14977845280228, 16.26244508861064], [74.14970566411147, 16.262395177051644], [74.14963287631892, 16.262345265479922], [74.14956008762807, 16.26229535389553], [74.14948729893723, 16.262245442298497], [74.14941451114471, 16.262195530688725], [74.14934172245387, 16.26214561906628], [74.14926893466136, 16.262095708293543], [74.1491961459705, 16.262045796645772], [74.14912335727966, 16.261995884985275], [74.14905056948714, 16.261945973312095], [74.1489777807963, 16.261896061626246], [74.14890499300378, 16.261846149927738], [74.14883220431294, 16.261796238216505], [74.1487594156221, 16.261746326492602], [74.14868662782958, 16.261696415618392], [74.14861383913873, 16.26164650386916], [74.14854105134619, 16.261596592107207], [74.14846826265534, 16.261546680332568], [74.14842091245673, 16.261474486447057], [74.14837356315643, 16.261402293397392], [74.14832621385611, 16.261330099458817], [74.1482788645558, 16.261257905493704], [74.14823151435716, 16.26118571150205], [74.14818416505686, 16.261113518346274], [74.14813681575654, 16.261041324301544], [74.14808946555793, 16.2609691302303], [74.14804211625763, 16.260896936994907], [74.14799476695728, 16.2608247428706], [74.14794741765697, 16.260752548719754], [74.14790006835666, 16.260680355404734], [74.14785271815806, 16.26060816120086], [74.14780536795942, 16.260535966970412], [74.14775801865912, 16.2604637735758], [74.1477106693588, 16.260391579292286], [74.14766331916019, 16.260319384982246], [74.14761596985988, 16.26024719150807], [74.14756862055957, 16.260174997144954], [74.14752127036094, 16.260102802755323], [74.14747392106062, 16.260030609201557], [74.14742657176032, 16.259958414758852], [74.14737922246, 16.25988622028962], [74.1473318731597, 16.25981402579386], [74.14726109489845, 16.25976306576902], [74.14719031573892, 16.259712104868573], [74.14711953747768, 16.259661144817258], [74.1470487583181, 16.259610183890363], [74.14697797915856, 16.259559222950248], [74.14690720179564, 16.259508262859278], [74.14683642263607, 16.259457301892727], [74.14676564347654, 16.259406340912957], [74.1466948652153, 16.259355379919967], [74.14662408695405, 16.25930441977612], [74.14655330779452, 16.259253458756696], [74.14648252953327, 16.25920249772404], [74.14641175127204, 16.25915153667818], [74.1463409721125, 16.259100576481448], [74.14627019385125, 16.25904961540915], [74.14619941559002, 16.25899865432362], [74.14612863732881, 16.258947694087233], [74.14605785816923, 16.258896732975266], [74.145987079908, 16.258845771850083], [74.14591630164678, 16.25879481071168], [74.1458455224872, 16.258743850422434], [74.14577474422596, 16.258692889257592], [74.14570396596476, 16.258641928079523], [74.14563318680518, 16.258590966888246], [74.14556240854394, 16.258540006546124], [74.14549163028273, 16.2584890453284], [74.14542085112316, 16.258438084097453], [74.14535007286192, 16.258387122853303], [74.14527929460071, 16.258336162458296], [74.14520851544114, 16.25828520118771], [74.14513773717991, 16.258234239903903], [74.1450669589187, 16.258183278606868], [74.14499618065746, 16.258132317296614], [74.14492540239621, 16.258081355973125], [74.14484072989246, 16.25805782560618], [74.14475605828704, 16.258034296098806], [74.14467138578334, 16.258010765726212], [74.14458671417788, 16.25798723535079], [74.14450204167417, 16.257963704972546], [74.14441737006875, 16.257940175453903], [74.144332697565, 16.25791664507006], [74.14424802506127, 16.257893114683366], [74.14416335345584, 16.257869585156264], [74.14407868095212, 16.257846054763924], [74.1439940093467, 16.257822524368784], [74.14390933684295, 16.257798993970844], [74.14382466523755, 16.25777546443247], [74.14373999273379, 16.25775193402888], [74.14365532112838, 16.25772840362246], [74.14357064862465, 16.257704873213207], [74.1434859761209, 16.2576813428012], [74.14340130451548, 16.257657813248727], [74.14331663201173, 16.25763428283104], [74.14323196040633, 16.257610752410535], [74.14314728790261, 16.2575872219872], [74.14306261629719, 16.25756369242346], [74.14297794379344, 16.25754016199453], [74.1428932712897, 16.257516631562748], [74.14280859968427, 16.257493101128144], [74.14272392718057, 16.257469570690766], [74.14263925557515, 16.257446040250528], [74.1425545830714, 16.257422509807476], [74.14246991146598, 16.257398979361597], [74.14238523896223, 16.25737544891295], [74.14229858657161, 16.25737069539112], [74.1422119332827, 16.257365941006828], [74.14212528089205, 16.257361187484783], [74.14203862760314, 16.257356433962638], [74.1419519752125, 16.257351679577976], [74.1418653228219, 16.2573469260556], [74.14177866953295, 16.25734217167071], [74.14169201714235, 16.25733741814807], [74.14160536385339, 16.257332664625363], [74.14151871146277, 16.25732791110253], [74.14143205907216, 16.257323157579556], [74.1413454057832, 16.257318404056495], [74.14125875339259, 16.25731365053332], [74.14117210010365, 16.257308897010002], [74.14108544771302, 16.257304143486596], [74.1409987944241, 16.257299389963066], [74.14091214203346, 16.25729463643942], [74.14082548964284, 16.257289882915668], [74.14073883635392, 16.257285129391793], [74.14065218396331, 16.25728037586779], [74.14056553067437, 16.257275622343695], [74.14047887828374, 16.25727086881949], [74.14039222589312, 16.257266115295117], [74.14030557260418, 16.25726136177068], [74.14021892021357, 16.25725660824609], [74.14013226692461, 16.257251854721428], [74.14004561453399, 16.257247101196636], [74.13995802250558, 16.257251527011093], [74.13987043047716, 16.25725595282545], [74.13978283934708, 16.257260378639703], [74.13969524731867, 16.257264804453854], [74.13960765529028, 16.25726923026792], [74.13952006326187, 16.257273656081882], [74.13943247123346, 16.257278081895727], [74.13934487920504, 16.257282507709483], [74.13925728807496, 16.25728693352314], [74.13916969604655, 16.257291359336694], [74.13908210401813, 16.25729578515015], [74.13899451198971, 16.25730021096351], [74.13890691996134, 16.257304636776762], [74.13881932793291, 16.257309062589922], [74.1387317368028, 16.25731348840298], [74.13864414477442, 16.257317914215935], [74.138556552746, 16.25732234002879], [74.13846896071759, 16.257326765841555], [74.13838136868918, 16.25733119165422], [74.13829377666076, 16.257335617466783], [74.13820618553068, 16.25734004327923], [74.13811859350226, 16.2573444690916], [74.13803100147385, 16.257348894903846], [74.13794340944547, 16.257353320716014], [74.13785581741705, 16.25735774652808], [74.13776822538863, 16.25736217234003], [74.13768063425854, 16.257366598151904], [74.13759304223014, 16.25737102310128], [74.13750545020173, 16.25737544891295], [74.13742374932494, 16.257407535182097], [74.13734204754985, 16.257439622308468], [74.13726034667307, 16.257471708567145], [74.13717864579628, 16.25750379482062], [74.13709694402121, 16.257535881931215], [74.13701524314443, 16.257567969036597], [74.13693354226768, 16.257600055274345], [74.13685184049257, 16.25763214236923], [74.13677013961579, 16.25766422859647], [74.13668843873903, 16.257696315680885], [74.13660673696391, 16.25772840276008], [74.13652503608718, 16.257760488971584], [74.13644333521039, 16.257792575177913], [74.13636163343529, 16.257824662241358], [74.13627993255852, 16.257856748437188], [74.13619823168175, 16.257888835490153], [74.13611652990666, 16.257920922537874], [74.13603482902988, 16.257953008717955], [74.13595312815309, 16.25798509575523], [74.13587142637802, 16.258017182787242], [74.13578972550124, 16.2580492689516], [74.13570802462445, 16.258081355110736], [74.13562632284936, 16.258113442127023], [74.13554462197258, 16.25814552827569], [74.13546292109581, 16.258177615281507], [74.13538121932073, 16.25820970228207], [74.13529951844394, 16.258241788414974], [74.13521781756717, 16.258273875405106], [74.13513611579208, 16.25830596238994], [74.13505441491529, 16.258338048507134], [74.13497271403854, 16.258370134619124], [74.13489101226344, 16.258402221588238], [74.13480931138669, 16.258434307689743], [74.1347276105099, 16.258466394648387], [74.1346459087348, 16.258498481601787], [74.13456420785803, 16.258530567687583], [74.13447953535429, 16.25852628937062], [74.13439486374887, 16.258522011915975], [74.13431019124512, 16.258517733598836], [74.1342255196397, 16.258513456144012], [74.134140847136, 16.258509177826685], [74.13405617463225, 16.258504899509266], [74.13397150302683, 16.258500621191786], [74.13388683052308, 16.258496342874178], [74.13380215891766, 16.258492064556478], [74.13371748641396, 16.258487786238693], [74.13363281391021, 16.25848350792083], [74.13354814230479, 16.25847922960285], [74.13346346980104, 16.258474951284786], [74.13337879819562, 16.258470672966645], [74.1332941256919, 16.258466394648387], [74.13322727935666, 16.258421473594716], [74.1331604330214, 16.25837655253079], [74.13309358668617, 16.25833163059421], [74.13302674035096, 16.25828670950974], [74.1329598940157, 16.258241788414974], [74.13289304678216, 16.25819686644758], [74.13282620044691, 16.258151945332298], [74.13275935411167, 16.258107024206772], [74.13269250777643, 16.25806210307094], [74.13262566144121, 16.258017181924828], [74.13254308650366, 16.258036056241266], [74.1324605115661, 16.258054930555883], [74.13237793662857, 16.25807380486868], [74.132295361691, 16.258092679179686], [74.13221278675348, 16.25811155348886], [74.13213021181593, 16.258130427796225], [74.13204763687835, 16.25814930210177], [74.13196506194085, 16.25816817640551], [74.13188248610496, 16.258187051569845], [74.13179991116742, 16.25820592586996], [74.13171733622987, 16.258224801030643], [74.1316347612923, 16.25824367532712], [74.13155218635478, 16.258262549621787], [74.13146961141723, 16.258281424777064], [74.1313870364797, 16.258300299068118], [74.13130446154214, 16.258319174219718], [74.13122188660458, 16.258338048507134], [74.1311677729902, 16.258402221588238], [74.13111365937577, 16.258466394648387], [74.13105954576139, 16.258530567687583], [74.131005432147, 16.25859474070576], [74.13095131853258, 16.258658913703023], [74.13089720401986, 16.25872308754171], [74.13084309040548, 16.25878726049704], [74.1307889767911, 16.258851433431417], [74.13073486317667, 16.258915606344804], [74.13068074956229, 16.25897977923726], [74.13062663594786, 16.25904395210875], [74.13057252233348, 16.259108124959276], [74.1305184087191, 16.259172297788812], [74.13046429510467, 16.259236470597415], [74.13041018149029, 16.259300643385053], [74.13035606697757, 16.259364817014117], [74.13030195336314, 16.259428989759822], [74.13024783885042, 16.25949316248459], [74.13019372523604, 16.25955733518835], [74.13013961162166, 16.25962150787117], [74.13008549800723, 16.25968568053304], [74.13003536303123, 16.25975627017814], [74.12998522805522, 16.259826860660276], [74.12993509397755, 16.25989745025467], [74.12988495900153, 16.259968040686083], [74.12983482402552, 16.26003863022975], [74.12978468904952, 16.260109219748028], [74.1297345540735, 16.260179810103335], [74.12968441999583, 16.26025039957091], [74.12963428501982, 16.260320989875485], [74.1295841500438, 16.260391579292286], [74.12953401506779, 16.260462168683773], [74.1294838800918, 16.26053275891224], [74.12943374601412, 16.260603348252975], [74.1293836110381, 16.26067393843072], [74.12933347606209, 16.260744527720707], [74.1292833410861, 16.260815116985352], [74.12923320611007, 16.26088570708699], [74.12918307203239, 16.260956296300876], [74.1291329370564, 16.26102688635178], [74.12908280208039, 16.261097475514966], [74.12909951343961, 16.261180899430727], [74.12911622479882, 16.26126432331102], [74.12913293615806, 16.26134774715592], [74.1291496475173, 16.261431170965402], [74.12916635887653, 16.261514594739438], [74.12918307113407, 16.26159801847802], [74.1291997824933, 16.261681442181192], [74.12921649385255, 16.26176486584895], [74.12923320521175, 16.261848289481236], [74.12924991746932, 16.261931713078116], [74.12926662882855, 16.262015136639576], [74.12928334018775, 16.262098560165555], [74.12930005154699, 16.262181983656156], [74.12931676380455, 16.26226540711131], [74.12933347516376, 16.262348830531046], [74.129350186523, 16.2624322539153], [74.12936689878053, 16.26251567726416], [74.12938361013977, 16.26259910057759], [74.12940032239734, 16.26268252385555], [74.12941703375654, 16.262765947098117], [74.1294045004617, 16.26285017231032], [74.12939196716687, 16.26293439748639], [74.12937943297369, 16.263018623488758], [74.12936689967887, 16.263102848592606], [74.12935436638404, 16.263187073660323], [74.12934183219086, 16.263271298691933], [74.12932929889602, 16.263355523687466], [74.12931676470286, 16.26343974950919], [74.12930423140801, 16.263523974432434], [74.12929169721485, 16.26360819931957], [74.12927916392002, 16.263692424170628], [74.12926662972684, 16.263776648985516], [74.129254096432, 16.263860873764287], [74.12924156223885, 16.263945099369288], [74.12922902804567, 16.26402932407586], [74.12921649475084, 16.264113548746273], [74.1291552188687, 16.264172372413682], [74.12909394298651, 16.264231196063506], [74.12903266710437, 16.26429001969567], [74.1289713912222, 16.264348843310255], [74.12891011534005, 16.264407666907193], [74.12884883945787, 16.264466490486512], [74.12878756357573, 16.264525314048235], [74.12872628769354, 16.264584137592312], [74.1286650118114, 16.264642961118795], [74.12860373592925, 16.26470178462762], [74.12854246004707, 16.264760608118873], [74.12848118416494, 16.264819431592468], [74.12854060322938, 16.26488360255611], [74.12860002229387, 16.264947773498786], [74.12865944135832, 16.265011944420447], [74.12871886042278, 16.26507611532119], [74.12877827948725, 16.26514028706329], [74.12883769855173, 16.26520445792209], [74.1288971176162, 16.26526862875992], [74.12895653668065, 16.26533279957676], [74.12901595574513, 16.26539697037262], [74.12907537391128, 16.265461141147544], [74.12913479297576, 16.265525311901484], [74.12919421204023, 16.26558948263446], [74.12925363110469, 16.265653653346444], [74.12931305016916, 16.26571782489985], [74.12937246923363, 16.26578199556989], [74.12943188829809, 16.265846166218985], [74.12949130736256, 16.265910336847117], [74.12955072642703, 16.26597450745428], [74.12957078041744, 16.26605151250009], [74.12959083440785, 16.266128516653414], [74.12961088839825, 16.266205521638856], [74.12963094238864, 16.266282526594118], [74.12965099637906, 16.266359531519143], [74.12967105036945, 16.266436535551666], [74.12969110435985, 16.266513540416323], [74.12971115835026, 16.26659054525078], [74.12973121144233, 16.266667549192682], [74.12975126543274, 16.266744553966756], [74.12973121144233, 16.266827975483796], [74.12971115745194, 16.266911396965376], [74.12969110346152, 16.266994818411543], [74.12967104947113, 16.267078239822276], [74.12965099548073, 16.267161661197523], [74.12963094149032, 16.267245082537357], [74.12961088749992, 16.267328503841767], [74.12959083350952, 16.267411925110725], [74.12957078041744, 16.267495346344212], [74.12955072642703, 16.26757876754229], [74.12951988187342, 16.26765086001359], [74.12948903731983, 16.267722953320778], [74.12945819276625, 16.26779504573914], [74.12942734911098, 16.267867138131013], [74.12939650455738, 16.2679392313588], [74.12936566000377, 16.26801132369775], [74.1293348163485, 16.268083416010224], [74.1293039717949, 16.26815550915859], [74.12927312724129, 16.268227601418126], [74.12922180559082, 16.26816339964043], [74.12917048483864, 16.268099198704117], [74.12911916318812, 16.268034996884428], [74.12906784153762, 16.267970795043755], [74.12901652078544, 16.267906594044458], [74.12896519913497, 16.267842392161803], [74.12891387748446, 16.26777819025816], [74.12886255583395, 16.267713989195833], [74.12881123418344, 16.267649787250203], [74.12875991253297, 16.267585586145934], [74.12870859088245, 16.26752138415831], [74.12867022473499, 16.26744738498173], [74.12863185948586, 16.267373386639576], [74.12859349333839, 16.26729938740717], [74.12855512719092, 16.267225389009266], [74.12851676104344, 16.267151389721114], [74.12847839579428, 16.26707739126741], [74.12844002964681, 16.267003391923456], [74.12840166349933, 16.266929392551653], [74.12836329825016, 16.266855394014303], [74.1283249321027, 16.266781394586687], [74.12828656595524, 16.266707395993585], [74.12824819980776, 16.266633396510198], [74.12820983366029, 16.266559396998947], [74.12817146841115, 16.26648539832216], [74.12813310226369, 16.26641139875511], [74.12809473611621, 16.266337400022536], [74.12805636996875, 16.26626340039976], [74.12801800471958, 16.266189401611413], [74.12797963857211, 16.266115401932826], [74.1279552223627, 16.26603435849388], [74.12793080525496, 16.265953315021505], [74.12790638904556, 16.265872271515665], [74.12788197193781, 16.265791227976425], [74.12785755572838, 16.2657101844037], [74.12783313862063, 16.265629140797532], [74.12780872241123, 16.265548097157904], [74.12778430530349, 16.265467053484837], [74.12775988909405, 16.26538600977833], [74.12773547288464, 16.265304966900697], [74.12771105577689, 16.26522392312729], [74.12768663956749, 16.26514287932048], [74.12766222245975, 16.265061835480182], [74.1276378062503, 16.264980791606437], [74.12761338914257, 16.264899747699246], [74.12758897293317, 16.26481870375861], [74.12756455672375, 16.264737659784526], [74.127540139616, 16.264656615777007], [74.12751572340656, 16.26457557173603], [74.12751400852271, 16.264492838290852], [74.12751229453715, 16.264410104810803], [74.12751057965326, 16.26432737043357], [74.12750886566769, 16.264244636883816], [74.12750715078383, 16.264161903299254], [74.12750543679827, 16.26407916967981], [74.12750372191438, 16.263996435163115], [74.12750200792883, 16.26391370147399], [74.12750029304493, 16.26383096774998], [74.12749857816107, 16.26374823399111], [74.1274968641755, 16.263665500197394], [74.1274951492916, 16.26358276550648], [74.12749343440775, 16.263500031643062], [74.1274917204222, 16.263417297744784], [74.1274900055383, 16.263334563811696], [74.12748829065444, 16.263251828981335], [74.12748657577055, 16.263169094978544], [74.12748486178499, 16.263086360940868], [74.12748314690113, 16.263003626868343], [74.12748143201723, 16.2629208918986], [74.12747971713334, 16.26283815775637], [74.12747800224949, 16.262755423579296], [74.12748100980906, 16.26267152344066], [74.12748401826695, 16.262587622403796], [74.12748702672482, 16.262503722193443], [74.1274900342844, 16.26241982194729], [74.12749304274229, 16.26233592080291], [74.12749605030186, 16.262252020485068], [74.12749905786141, 16.26216812013136], [74.1275020663193, 16.262084218879465], [74.1275050747772, 16.26200031845413], [74.12750808233676, 16.26191641799291], [74.12751109079467, 16.261832516633486], [74.12751409925255, 16.261748616100625], [74.12751710681209, 16.261664715531925], [74.12752011527002, 16.261580814065], [74.12752312282956, 16.261496913424587], [74.12752613128744, 16.261413012748385], [74.12752913974535, 16.261329111173943], [74.1275321473049, 16.261245210426026], [74.12753515576281, 16.261161308779904], [74.12753816332237, 16.26107740796035], [74.12754117088194, 16.26099350710493], [74.12754417933982, 16.260909605351333], [74.1275471877977, 16.260825704424224], [74.12755019535729, 16.260741803461325], [74.12755320381515, 16.26065790160019], [74.12755621227305, 16.26057400056559], [74.12755922073096, 16.260490099495176], [74.12756222918884, 16.26040619752654], [74.12756523674842, 16.260322296384434], [74.12756824520629, 16.26023839520652], [74.12757125366417, 16.260154493130376], [74.12757426212207, 16.260070591880783], [74.1275664773218, 16.259987172667792], [74.12755869162324, 16.25990375341939], [74.12755090682299, 16.259820334135544], [74.12754312112442, 16.25973691481631], [74.12753533632416, 16.259653495461627], [74.12752755062562, 16.259570076071526], [74.12751976582534, 16.259486656646033], [74.1275119810251, 16.25940323718507], [74.12750419532652, 16.259319817688713], [74.12749641052626, 16.25923639815691], [74.12748862572603, 16.259152978589718], [74.12748084002745, 16.25906955898707], [74.1274730552272, 16.258986139349037], [74.12746526952866, 16.258902719675575], [74.12745748472838, 16.258819299966653], [74.12744969902984, 16.258735880222343], [74.12744191422955, 16.258652460442597], [74.12743412853101, 16.258569039765046], [74.12742634373078, 16.258485619914477], [74.12741855893049, 16.258402200028467], [74.12741077323194, 16.25831878010706], [74.1274029884317, 16.258235360150234], [74.12739520363141, 16.258151940157955], [74.12738741883118, 16.25806852013028], [74.12737963403092, 16.257985100067174], [74.12737184923067, 16.257901679968676], [74.12736406443044, 16.257818259834707], [74.12735627963018, 16.257734839665357], [74.1273484939316, 16.2576514194606], [74.12734070913136, 16.25756799922039], [74.12733292433107, 16.257484578944787], [74.12732513953084, 16.257401158633737], [74.12731735473058, 16.257317738287295], [74.12730956993033, 16.257234317905407], [74.12729162248927, 16.257151575331452], [74.12727367414989, 16.257068832722627], [74.12725572670885, 16.256986090078993], [74.12723777926776, 16.256903347400474], [74.12721983182672, 16.25682060468711], [74.12720188438566, 16.256737861938923], [74.1271839369446, 16.25665511915588], [74.12716598950352, 16.256572376338013], [74.12714804206249, 16.256489633485277], [74.1271300946214, 16.256406890597695], [74.12711214718033, 16.256324147675304], [74.12709419973929, 16.256241404718043], [74.12707625229821, 16.25615866172596], [74.12705830485717, 16.256075918699004], [74.12704035741609, 16.255993175637215], [74.12704382940467, 16.25591315686697], [74.12704730229156, 16.25583313720177], [74.12705077517846, 16.25575311836637], [74.12705424716701, 16.25567309949837], [74.12705772005393, 16.255593079735384], [74.12706119204248, 16.25551306080222], [74.12706466492938, 16.255433040974083], [74.12706813691793, 16.255353021975726], [74.12707160980484, 16.255273002944804], [74.12707508269173, 16.255192983018922], [74.12707855557859, 16.255112963922837], [74.12708222968813, 16.255027482318443], [74.12708590289932, 16.25494200067688], [74.12708957700882, 16.254856518998125], [74.12709325022003, 16.254771037282172], [74.12709692432955, 16.254685555529058], [74.12710059754075, 16.25460007460117], [74.12710427075194, 16.254514592773685], [74.12710794486144, 16.254429110909008], [74.12711161897097, 16.254343629007185], [74.12711529218217, 16.254258147068136], [74.12711896629166, 16.25417266509191], [74.1271226404012, 16.254087183078514], [74.12712631451069, 16.254001701027914], [74.12712998772189, 16.253916218940144], [74.12713366183141, 16.253830736815196], [74.1271373359409, 16.25374525465305], [74.12714101005044, 16.25365977245377], [74.12714468415993, 16.253574291079648], [74.12714835826947, 16.25348880880598], [74.12715203237896, 16.25340332649511], [74.12715570648848, 16.25331784414709], [74.12715938059797, 16.253232361761874], [74.12716305470751, 16.25314687933947], [74.12717738283628, 16.25306294577547], [74.12719171186339, 16.252979011313187], [74.12720603999216, 16.252895077677493], [74.12722036901926, 16.252811143143564], [74.12723469714803, 16.252727209436166], [74.12724902617514, 16.252643274830522], [74.1272633543039, 16.252559341051438], [74.127277683331, 16.252475406374124], [74.1272920114598, 16.252391472523364], [74.12730633958857, 16.25230753863675], [74.12732066861568, 16.252223603851874], [74.12733499674445, 16.252139669893584], [74.12734932487322, 16.252055735037043], [74.12736365300202, 16.251971801007063], [74.12737798202912, 16.251887866078807], [74.1273923101579, 16.251803931977136], [74.127406639185, 16.251719996977215], [74.12742096731377, 16.251636062803858], [74.12743529544257, 16.25155212859467], [74.12744962446965, 16.251468193487195], [74.12746395259845, 16.251384259206297], [74.12747828162554, 16.251300324027184], [74.12749260975431, 16.251216389674607], [74.12750693878142, 16.251132454423765], [74.1275212669102, 16.251048519999497], [74.12753559503896, 16.250964584677018], [74.12754992406606, 16.250880650181074], [74.12756425219486, 16.250796715649305], [74.12757858032363, 16.25071278021927], [74.12759290935074, 16.25062884561581], [74.12760723747951, 16.250544910114087], [74.1276215665066, 16.25046097543894], [74.12763589463539, 16.25037703986555], [74.12765022276419, 16.250293105118725], [74.12766455089296, 16.250209169473635], [74.12767887902173, 16.250125234655133], [74.12767579061376, 16.25004237266032], [74.12767270130752, 16.249959510630596], [74.12766961289957, 16.2498766485659], [74.12766652359332, 16.249793786466306], [74.12766343518537, 16.24971092433179], [74.1276603467774, 16.24962806216235], [74.12765725836948, 16.249545199957925], [74.12765416996153, 16.24946233771863], [74.12765108065528, 16.249379475444396], [74.12764799224733, 16.249296613135243], [74.12764490383937, 16.249213750791114], [74.12764181543142, 16.2491308884121], [74.1276387270235, 16.249048025998167], [74.12763563861554, 16.248965163549286], [74.1276325502076, 16.248882301065468], [74.12762946179964, 16.24879943854674], [74.12762637339168, 16.24871657599309], [74.12762328498377, 16.248633713404505], [74.1275965403411, 16.248551768410564], [74.12756979480015, 16.24846982252005], [74.1275430492592, 16.24838787745779], [74.12751630461656, 16.248305931498958], [74.12748955907561, 16.24822398636839], [74.12746281353466, 16.24814204034124], [74.12743606889201, 16.248060094279904], [74.12740932335106, 16.2479781490469], [74.12738257781011, 16.24789620291726], [74.12735583226916, 16.247814257615936], [74.12732908672821, 16.247732312280416], [74.12730234118726, 16.24765036691075], [74.12727559564627, 16.247568421506937], [74.12724885010532, 16.247486476069003], [74.12722210456437, 16.247404529734407], [74.12719535902343, 16.247322584228154], [74.12716861348248, 16.247240637825264], [74.12714186794153, 16.247158692250707], [74.12711512240055, 16.24707674664195], [74.1270883768596, 16.246994800136623], [74.12706163131865, 16.246912854459563], [74.1270348857777, 16.24683090788593], [74.12700814023675, 16.24674896214056], [74.12696338527098, 16.24667753211705], [74.1269186294069, 16.24660610206756], [74.12687387444112, 16.24653467199214], [74.12682911857702, 16.24646324189078], [74.12678436361126, 16.246391811763452], [74.12673960864551, 16.246320381610186], [74.12669485278141, 16.246248951430942], [74.12665009781566, 16.246177522088235], [74.12660534195156, 16.246106091857083], [74.12656058698578, 16.246034661600028], [74.12651583202002, 16.245963231317006], [74.12647107615594, 16.245891801008046], [74.12642632119017, 16.24582037067311], [74.12638156532608, 16.24574894031224], [74.12633681036031, 16.245677509925432], [74.12642548306201, 16.24566611097078], [74.12651415486536, 16.24565471201547], [74.12660282756708, 16.24564331305947], [74.12669150026879, 16.245631914102837], [74.12678017207215, 16.245620514283086], [74.12686884477387, 16.24560911532513], [74.12695751747556, 16.24559771636651], [74.12704619017724, 16.24558631740724], [74.12713486198064, 16.24557491844731], [74.12722353468233, 16.24556351948671], [74.12731220738401, 16.245552120525417], [74.12740087918738, 16.2455407215635], [74.1274895518891, 16.245529322600927], [74.12757822459078, 16.245517923637674], [74.12766689639415, 16.245506523811326], [74.12775556909587, 16.245495124846762], [74.12784424179756, 16.24548372588154], [74.12793291449925, 16.245472326915618], [74.12802158630264, 16.245460927949072], [74.12811025900433, 16.245449528981865], [74.12819893170602, 16.245438130014012], [74.1282876035094, 16.245426731045466], [74.12837627621111, 16.245415332076263], [74.1284649489128, 16.24540393310641], [74.12855362071619, 16.245392533273442], [74.12864229341788, 16.245381134302267], [74.12873096611956, 16.245369735330442], [74.12881963792296, 16.245358336357956], [74.12890831062465, 16.245346937384795], [74.12899698332633, 16.245335538410984], [74.12908565602802, 16.245324139436473], [74.12917432783142, 16.24531274046134], [74.1292630005331, 16.245301341485547], [74.1293516732348, 16.245289942509093], [74.12944034503819, 16.24527854266951], [74.12952901773987, 16.24526714369173], [74.12961769044158, 16.2452557447133], [74.12970636224496, 16.24524434573416], [74.12979503494665, 16.2452329467544], [74.12988370764835, 16.245221547773983], [74.12997237945173, 16.245210148792896], [74.13006105215342, 16.245198749811163], [74.13014972485512, 16.245187350828726], [74.1302383975568, 16.245175951845656], [74.13032706936019, 16.24516455199947], [74.13041574206188, 16.24515315301509], [74.13050441476356, 16.24514175403003], [74.13059308656696, 16.245130355044328], [74.13068175926865, 16.245118956057958], [74.13077043197033, 16.24510755707093], [74.13085910377373, 16.245096158083214], [74.13094777647542, 16.245084759094865], [74.13103644917712, 16.245073360105852], [74.13112512187881, 16.245061961116164], [74.13121379368219, 16.245050561263376], [74.13130246638389, 16.24503916227238], [74.13139113908558, 16.24502776328072], [74.13147981088898, 16.245016364288386], [74.13156848359067, 16.245004965295404], [74.13165678708476, 16.244990531342236], [74.13174508968056, 16.24497609738801], [74.13183339317467, 16.244961663432722], [74.13192169577049, 16.244947229476374], [74.13200999926461, 16.24493279551894], [74.1320983018604, 16.24491836156047], [74.13218660535452, 16.24490392760094], [74.1322749079503, 16.244889493640358], [74.13236321144441, 16.244875059678716], [74.13245151493852, 16.24486062571602], [74.13253981753435, 16.244846191752217], [74.13262812102846, 16.244831757787395], [74.13271642362425, 16.244817324683982], [74.13280472711836, 16.244802890716997], [74.13289302971415, 16.24478845674901], [74.13298133320826, 16.24477402277995], [74.13306963670239, 16.244759588809824], [74.1331579392982, 16.244745154838643], [74.13324624279231, 16.244730720866404], [74.13333454538811, 16.24471628689311], [74.13342284888222, 16.24470185291871], [74.133511151478, 16.24468741894329], [74.13359945497211, 16.244672984966826], [74.13368775756794, 16.244658550989286], [74.13377606106202, 16.244644117010683], [74.13385487565179, 16.24463120353214], [74.13393369024158, 16.244618290915234], [74.13401250483135, 16.244605377434997], [74.13409131942112, 16.244592464816396], [74.13417013401086, 16.244579551334457], [74.13424894860063, 16.244566638714165], [74.13432776319041, 16.24455372523053], [74.1344065777802, 16.24454081174607], [74.13449242438197, 16.244521397964], [74.1345782709838, 16.244501983317555], [74.13466411848393, 16.244482568669177], [74.13474996508573, 16.24446315488133], [74.13483581168755, 16.244443740229123], [74.13492165828934, 16.24442432643747], [74.13500750489116, 16.24440491264386], [74.13509335149298, 16.24438549884839], [74.13517919899311, 16.244366084188513], [74.13526504559493, 16.244346669526724], [74.13535089219674, 16.244327255725455], [74.13543673879855, 16.244307841922303], [74.13552258540035, 16.244288427254766], [74.13560843200217, 16.244269013447784], [74.1356942795023, 16.24424959963884], [74.13578012610412, 16.244230184965556], [74.1358659727059, 16.24421077029036], [74.13595181840942, 16.244191356475692], [74.13603766590956, 16.244171941796665], [74.13612351161304, 16.244152527978144], [74.13620936001149, 16.244133113295266], [74.13629520661331, 16.24411369947295], [74.13638105231679, 16.244094285648682], [74.13646689981692, 16.244074870960063], [74.13655274641874, 16.244055457132], [74.13663859212222, 16.244036043301968], [74.13672444052068, 16.244016628607596], [74.13681028712246, 16.243997214773785], [74.13689613372428, 16.243977800938012], [74.13698198032611, 16.243958387100356], [74.13706782692793, 16.243938973260793], [74.13715367352971, 16.243919559419272], [74.13723952102987, 16.243900144713415], [74.13732536763165, 16.24388073086809], [74.13741121423347, 16.243861317020826], [74.13749706083529, 16.24384190317166], [74.13758361171628, 16.243836978556562], [74.13767016349559, 16.243832053078897], [74.13775671437661, 16.243827128463572], [74.1378432661559, 16.24382220298565], [74.13792981703689, 16.243817277507617], [74.1380163688162, 16.243812352029458], [74.1381029196972, 16.243807427413646], [74.13818947147651, 16.243802501935246], [74.13827602235749, 16.243797576456704], [74.1383625732385, 16.243792651840522], [74.13844912501781, 16.243787726361738], [74.1385356758988, 16.24378280174528], [74.1386222276781, 16.243777876266254], [74.1387087785591, 16.24377295078714], [74.13879533033843, 16.243768025307872], [74.1388818812194, 16.243763100690916], [74.13896843299871, 16.243758175211397], [74.13905498387972, 16.243753249731746], [74.1391415347607, 16.243748324251996], [74.13922808654002, 16.243743398772132], [74.13931463742098, 16.243738473292126], [74.1394011892003, 16.24373354781198], [74.13948774008131, 16.243728622331734], [74.13957429186063, 16.243723696851358], [74.13966084274159, 16.243718771370844], [74.13974739452091, 16.243713845890216], [74.13983394540192, 16.24370892040947], [74.13992268008738, 16.243697817162797], [74.14001141567113, 16.243686713915498], [74.14010015035659, 16.243675610667577], [74.14018888594033, 16.24366450741902], [74.1402776206258, 16.24365340416985], [74.14036635620954, 16.243642300920044], [74.140455090895, 16.243631197669618], [74.14054382647879, 16.243620094418553], [74.14063256116421, 16.243608991166866], [74.140721296748, 16.243597887914568], [74.14081003143345, 16.24358678466158], [74.1408987670172, 16.24357568140801], [74.14098750170265, 16.24356457815383], [74.14107623728641, 16.243553474899013], [74.14116497197188, 16.243542371643557], [74.14125370755562, 16.243531268387493], [74.14134244224108, 16.243520165130782], [74.14143117782487, 16.243509061873457], [74.14151991251029, 16.243497958615496], [74.14160864809408, 16.243486855356927], [74.14169738277954, 16.24347575209772], [74.14178611836329, 16.24346464883788], [74.14187485304875, 16.24345354557741], [74.1419635886325, 16.243442442316333], [74.14205232331796, 16.24343133905462], [74.14213318067665, 16.243466274567652], [74.14221403803539, 16.243501210074527], [74.14229489629244, 16.243536145575177], [74.14237575365115, 16.243571081069597], [74.14245661100989, 16.243606016557845], [74.1425374683686, 16.243640952039858], [74.14261832572734, 16.24367588751569], [74.14269918398438, 16.243710822985314], [74.14278004134309, 16.243745758448714], [74.14286089870184, 16.24378069390592], [74.14294175606054, 16.24381562935694], [74.14302261341928, 16.243850564801708], [74.14310347167633, 16.2438855002403], [74.14318432903502, 16.24392043481023], [74.14326518639373, 16.24395537023637], [74.14335333627595, 16.243965009021743], [74.14344148615817, 16.243974647806645], [74.14352963514204, 16.24398428659105], [74.14361778502422, 16.243993925375], [74.14370593490642, 16.24400356415849], [74.14379408478865, 16.24401320294147], [74.14388223377253, 16.244022841724007], [74.1439703836547, 16.244032480506036], [74.1440585335369, 16.24404211928763], [74.14414668341912, 16.244051758068753], [74.144234832403, 16.244061396849368], [74.14432298228519, 16.244071035629553], [74.1444111321674, 16.24408067527169], [74.14449928204961, 16.24409031405092], [74.14458743103349, 16.24409995282965], [74.14467558091567, 16.244109592470412], [74.14476373079789, 16.24411923124819], [74.1448518806801, 16.244128870887963], [74.14494002966397, 16.24413850966484], [74.14502817954619, 16.24414814844123], [74.14511632942838, 16.244157787217123], [74.14520447931058, 16.244167426855014], [74.14529262829447, 16.24417706562999], [74.14538077817667, 16.24418670526694], [74.14546892805886, 16.244196344040976], [74.14555601792902, 16.244182819916315], [74.14564310779919, 16.244169294928298], [74.14573019766937, 16.244155770801814], [74.1458172875395, 16.24414224581194], [74.14590437740968, 16.244128721683577], [74.14599146727984, 16.24411519669183], [74.14607855715002, 16.24410167256161], [74.14616564702018, 16.24408814843047], [74.14625273778866, 16.24407462343594], [74.14633982765884, 16.24406109844048], [74.146426917529, 16.24404757430653], [74.14651400739916, 16.244034050171653], [74.1466010972693, 16.244020525173404], [74.14668818713947, 16.244007001036696], [74.14677527700965, 16.243993476899018], [74.14686236687982, 16.243979952760437], [74.14694945674998, 16.243966428620915], [74.14703633012616, 16.243960525986168], [74.14712320440066, 16.24395462248878], [74.14721007777683, 16.243948719853677], [74.14729695205132, 16.24394281635597], [74.14738382542753, 16.243936912858057], [74.1474706988037, 16.24393100935997], [74.1475575730782, 16.243925106724156], [74.14764444645438, 16.24391920408816], [74.14773132072887, 16.24391330058956], [74.14781819410504, 16.243907397090762], [74.14790506837954, 16.243901493591782], [74.14799194175573, 16.24389559009265], [74.14807881513191, 16.243889686593313], [74.14816568940641, 16.2438837830938], [74.14825256278259, 16.243877879594148], [74.14833943705707, 16.243871976094265], [74.14842631043325, 16.243866072594255], [74.14851440012832, 16.243853854202882], [74.14860248982343, 16.243841634948307], [74.14869057951852, 16.24382941655545], [74.14877866921358, 16.243817197299336], [74.14886675890865, 16.243804978904947], [74.14895484860374, 16.24379275964736], [74.1490429382988, 16.243780541251418], [74.14913102799387, 16.24376832285477], [74.14921911768896, 16.24375610359489], [74.14930720738403, 16.243743884334247], [74.1493952961808, 16.24373166593528], [74.14948338587587, 16.24371944667311], [74.14957147557095, 16.24370722827267], [74.14965956526602, 16.243695009008984], [74.14974765496109, 16.243682790606975], [74.14983574465617, 16.24367057134178], [74.14992383435124, 16.243658352938258], [74.15001192404631, 16.243646133671547], [74.1501000137414, 16.24363391526654], [74.15018810343646, 16.24362169686074], [74.15027619313156, 16.243609478454214], [74.1503642819283, 16.24359725918446], [74.15045237162339, 16.243585040776388], [74.15054046131846, 16.243572822367586], [74.15062855101353, 16.243560603957985], [74.15071664070861, 16.24354838554767], [74.15080473040368, 16.243536167136565], [74.15089282009878, 16.243523948724725], [74.15098091069216, 16.243511730312093], [74.15106900038722, 16.243499511898726], [74.15115709008231, 16.24348729348458], [74.15124517977738, 16.2434750750697], [74.15133326947247, 16.24346285665404], [74.15142135916754, 16.243450638237643], [74.15150944886263, 16.24343841982046], [74.1515975385577, 16.24342620140255], [74.15168562825276, 16.24341398212141], [74.15177371794785, 16.243401763701947], [74.15186180764292, 16.243389545281723], [74.151949897338, 16.24337732686077], [74.15203798703307, 16.243365108439033], [74.15212607672814, 16.243352890016567], [74.15221184427823, 16.24333672154175], [74.15229761092996, 16.243320553928054], [74.15238337848004, 16.243304386313014], [74.15246914513179, 16.243288218696662], [74.15255491268186, 16.243272050216525], [74.15264068023191, 16.243255882597516], [74.15272644688368, 16.243239714977157], [74.15281221443372, 16.243223547355473], [74.1528979819838, 16.243207379732507], [74.15298374863555, 16.24319121210817], [74.15306951618562, 16.243175044482506], [74.15315528283737, 16.243158876855517], [74.15324105038745, 16.243142709227197], [74.15332681793748, 16.243126541597537], [74.15341258458926, 16.243110373966594], [74.15349835213932, 16.243094206334277], [74.15358411879106, 16.24307803870065], [74.15366988634113, 16.243061871065684], [74.15375565389121, 16.243045703429374], [74.15384142054296, 16.243029535791788], [74.15392718809302, 16.243013368152816], [74.15401295474479, 16.242997200512537], [74.15409872229486, 16.24298103287092], [74.1541844898449, 16.242964865227993], [74.15427025649664, 16.242948697583714], [74.15435602404672, 16.24293252993814], [74.1544417915968, 16.24291636229122], [74.15452755824855, 16.24290019464295], [74.15461332579862, 16.242884026993355], [74.15469909245036, 16.242867859342436], [74.15478486000043, 16.242851691690223], [74.15487062755048, 16.242835524036646], [74.15495639420223, 16.242819356381748], [74.1550421617523, 16.24280318872551], [74.15512792840406, 16.24278702106794], [74.15521369595413, 16.242770853409045], [74.15530171558063, 16.242761600946885], [74.15538973610543, 16.242752347621828], [74.1554777557319, 16.242743094296348], [74.1555657753584, 16.24273384183289], [74.15565379498486, 16.24272458850651], [74.15574181550966, 16.242715335179692], [74.15582983513616, 16.24270608185246], [74.15591785476262, 16.242696829387246], [74.15600587528742, 16.242687576059133], [74.15609389491392, 16.242678322730615], [74.15618191454038, 16.24266907026408], [74.15626993416689, 16.24265981693468], [74.15635795469169, 16.242650563604826], [74.15644597431817, 16.242641310274525], [74.15653399394465, 16.242632056943805], [74.15662201446945, 16.24262280361268], [74.15671003409594, 16.242613550281067], [74.15679805372241, 16.24260429694904], [74.15688607334891, 16.2425950436166], [74.15697409387371, 16.242585790283695], [74.15706211350017, 16.242576536950352], [74.15715013312668, 16.24256728361658], [74.15723815365148, 16.2425580302824], [74.15732617327794, 16.24254877694776], [74.15741419290444, 16.242539523612677], [74.1575022125309, 16.24253027027716], [74.15759023305573, 16.24252101694124], [74.1576782526822, 16.242511763604845], [74.15775594258125, 16.242479211762895], [74.15783363337859, 16.242446659053126], [74.15791132327762, 16.24241410633795], [74.15798901317663, 16.242381554479845], [74.158066703974, 16.242349001753905], [74.15814439387302, 16.24231644988505], [74.15822208377206, 16.242283898010776], [74.1582997745694, 16.242251345268677], [74.15837746446844, 16.242218792521175], [74.15845515436745, 16.24218624063074], [74.1585328442665, 16.242153687872474], [74.15861053506384, 16.242121135108814], [74.15868822496287, 16.24208858320221], [74.15876591486192, 16.242056031290264], [74.15884360565926, 16.242023478510436], [74.1589212955583, 16.241990926587675], [74.15899117191098, 16.242044955549055], [74.15906104826368, 16.242098984495584], [74.15913092461636, 16.24215301428976], [74.15920080096906, 16.242207043206594], [74.15927067732174, 16.24226107210861], [74.15934055367444, 16.242315100995768], [74.15941043002712, 16.242369129868088], [74.15948030637982, 16.242423159588053], [74.1595501827325, 16.242477188430684], [74.1596200590852, 16.242531217258477], [74.15968993543788, 16.242585246071425], [74.15975981179056, 16.242639274869564], [74.15982968814326, 16.242693304515267], [74.15989956449594, 16.24274733328369], [74.15996944084864, 16.242801362037273], [74.16003931809966, 16.24285539077604], [74.16010919445235, 16.24290941949993], [74.16017907080504, 16.242963448208975], [74.16024894715773, 16.243017477765626], [74.16031882351042, 16.243071506445027], [74.1603886998631, 16.24312553510953], [74.16045857621579, 16.243179563759202], [74.16052845256849, 16.243233592394038], [74.16059832892117, 16.243287621876505], [74.16066820527386, 16.24334165048165], [74.16073808162655, 16.243395679071956], [74.16080795797924, 16.243449707647407], [74.16087783433193, 16.24350373620802], [74.16094771068462, 16.243557765616252], [74.1610175870373, 16.24361179414719], [74.16108746339, 16.243665822663274], [74.16116182053935, 16.243713927823453], [74.16123617768865, 16.243762032971865], [74.161310534838, 16.243810137246033], [74.16138489198731, 16.24385824237091], [74.16145924913666, 16.243906347484014], [74.16153360628597, 16.243954452585367], [74.16160796343532, 16.24400255681246], [74.16168232148294, 16.244050661890277], [74.16175667863226, 16.244098766956313], [74.1618310357816, 16.244146872010578], [74.16190539293092, 16.244194976190652], [74.16197975008026, 16.24424308122136], [74.16205410722958, 16.24429118624032], [74.16212846437892, 16.244339291247528], [74.16220282152823, 16.244387395380517], [74.16227717867757, 16.244435500364176], [74.16235820222461, 16.24447089021089], [74.16243922666999, 16.244506279188773], [74.16252025021706, 16.24454166902278], [74.1626012737641, 16.244577057987925], [74.16268229820946, 16.244612447809175], [74.16276332175649, 16.244647836761608], [74.16284434530357, 16.244683226570107], [74.16292536974893, 16.244718615509807], [74.16300639329597, 16.244754005305573], [74.16308741684301, 16.2447893942325], [74.16316844128839, 16.244824784015556], [74.16324946483545, 16.244860172929748], [74.1633304883825, 16.24489556270003], [74.16341151282786, 16.244930951601514], [74.16349253637489, 16.24496634135906], [74.16357355992197, 16.245001730247807], [74.16365458436734, 16.24503711999262], [74.16373560791438, 16.245072508868596], [74.16381663146144, 16.2451078986007], [74.16389765590678, 16.24514328746394], [74.16397867945385, 16.24517867718327], [74.16405970300089, 16.2452140660338], [74.16414072744627, 16.245249455740407], [74.16422175099332, 16.24528484457819], [74.16430297306806, 16.245313528738844], [74.16438419514279, 16.245342212032835], [74.16446541721749, 16.24537089618513], [74.16454663929221, 16.24539958033325], [74.16462786046866, 16.2454282636147], [74.16470908254338, 16.245456947754423], [74.16479030461811, 16.245485631889963], [74.16487152669283, 16.245514315158903], [74.16495274876758, 16.24554299928606], [74.1650339708423, 16.245571683409054], [74.16511519291703, 16.245600366665425], [74.16519641499175, 16.24562905078005], [74.16527763616816, 16.24565773489049], [74.1653588582429, 16.2456864181343], [74.16544008031762, 16.24571510223638], [74.16552130239235, 16.245743786334252], [74.16560252446709, 16.245772469565498], [74.16568374654182, 16.24580115365501], [74.16576496861654, 16.24582983774037], [74.16584619069127, 16.245858520959057], [74.16592741186767, 16.245887205036027], [74.1660086339424, 16.245915889108794], [74.16608985601712, 16.24594457231496], [74.16617107809185, 16.24597325637936], [74.16625723640908, 16.245986894223623], [74.16634339472628, 16.246000532066905], [74.1664295530435, 16.246014169909273], [74.16651571136072, 16.24602780775066], [74.16660186967793, 16.246041445591132], [74.16668802799514, 16.246055083430623], [74.16677418631238, 16.2460687212692], [74.16686034462961, 16.246082359106847], [74.16694650204849, 16.246095996081074], [74.1670326603657, 16.246109633916788], [74.16711881868291, 16.246123271751586], [74.16720497700013, 16.246136909585402], [74.16729113531734, 16.24615054741832], [74.16737729363456, 16.24616418525024], [74.16746345195176, 16.24617782308126], [74.16754961026899, 16.246191460911326], [74.1676357685862, 16.24620509874041], [74.16772192690341, 16.246218736568593], [74.16780808522063, 16.246232374395795], [74.16789424353787, 16.24624601222208], [74.16798040185509, 16.24625965004739], [74.16806656017229, 16.246273287871777], [74.16815271848951, 16.246286925695227], [74.16823887680673, 16.246300563517696], [74.16832503512394, 16.24631420133925], [74.16841119344114, 16.246327839159825], [74.16849735086004, 16.246341476117042], [74.16858350917725, 16.246355113935746], [74.16866966749447, 16.246368751753497], [74.16875582581167, 16.246382389570318], [74.1688419841289, 16.24639602738621], [74.1689281424461, 16.246409665201096], [74.16901430076332, 16.246423303015092], [74.16910045908057, 16.246436940828097], [74.16918661739778, 16.246450578640186], [74.1692738393203, 16.246449904209737], [74.16936106034447, 16.246449229779298], [74.16944828226698, 16.246448555348834], [74.16953550418948, 16.246447881780824], [74.16962272611201, 16.246447207350364], [74.16970994713621, 16.246446532919926], [74.16979716905873, 16.246445858489437], [74.16988439098124, 16.246445184058963], [74.16997161290374, 16.246444509628525], [74.17005883392792, 16.246443836060465], [74.17014605585044, 16.246443161630012], [74.17023327777295, 16.246442487199538], [74.17032049879717, 16.24644181276904], [74.17040772071967, 16.246441138338586], [74.17049494264218, 16.246440463908087], [74.1705821645647, 16.246439789477584], [74.17066938558888, 16.24643911590955], [74.17075660751138, 16.246438441479075], [74.17084382943389, 16.246437767048587], [74.1709310513564, 16.246437092618073], [74.17101827238062, 16.24643641818761], [74.17110549430313, 16.246435743757097], [74.17119271622565, 16.246435069326584], [74.17127993724986, 16.246434395758534], [74.17136715917236, 16.246433721328046], [74.17145438109488, 16.246433046897533], [74.17154160301739, 16.246432372467005], [74.17162882404158, 16.246431698036517], [74.17171604596408, 16.246431023605993], [74.17180326788659, 16.24643035003792], [74.17189048980909, 16.24642967560739], [74.1719777108333, 16.24642900117689], [74.17206493275582, 16.24642832674635], [74.17211827022581, 16.246492482155148], [74.17217160769582, 16.246556638405465], [74.17222494426747, 16.246620793772394], [74.17227828173746, 16.246684949980807], [74.17233161920747, 16.246749105305863], [74.17238495667746, 16.24681326147246], [74.17243829414745, 16.246877416755638], [74.17249163161745, 16.246941572880363], [74.17254496818914, 16.24700572812168], [74.17259830565914, 16.247069884204528], [74.17265164312914, 16.247134039403967], [74.17270016742582, 16.247206253219343], [74.17274869082419, 16.24727846700819], [74.17279721512091, 16.247350680770502], [74.17284573941762, 16.2474228945063], [74.17289426281602, 16.2474951082156], [74.17294278711272, 16.247567321898345], [74.17299131140939, 16.247639534692116], [74.17303983480778, 16.247711748321848], [74.1730883591045, 16.247783961925016], [74.17313688340121, 16.24785617550166], [74.17318540679959, 16.24792838905179], [74.1732339310963, 16.248000602575384], [74.17328257127568, 16.248068362453377], [74.17333121055673, 16.248136122308004], [74.17337985073608, 16.248203883001697], [74.17342849091546, 16.24827164280963], [74.17347713109483, 16.24833940259416], [74.17352577037592, 16.248407162355377], [74.17357441055528, 16.248474922093237], [74.17362305073465, 16.2485426818077], [74.17367169091402, 16.248610442361297], [74.17372033019507, 16.24867820202906], [74.17376897037447, 16.2487459616735], [74.17381761055384, 16.248813721294596], [74.17386624983489, 16.248881480892283], [74.17391489001426, 16.24894924046665], [74.17396353019363, 16.249017000880084], [74.174012170373, 16.24908476040775], [74.17406080965408, 16.249152519912055], [74.17410944983345, 16.249220279393004], [74.1741946586314, 16.249236123110023], [74.17427986832767, 16.24925196682577], [74.17436507712563, 16.24926781054025], [74.17445028682191, 16.249283653391025], [74.17453549561988, 16.249299497102946], [74.17462070441783, 16.249315340813578], [74.1747059141141, 16.24933118452294], [74.17479112291205, 16.249347028231057], [74.17487633260833, 16.249362871937862], [74.17496154140629, 16.24937871564339], [74.17504675020427, 16.249394559347653], [74.17513195990055, 16.249410402188214], [74.1752171686985, 16.249426245889918], [74.17530237749645, 16.249442089590335], [74.17538758719273, 16.24945793328952], [74.1754727959907, 16.249473776987394], [74.17555800568698, 16.24948962068398], [74.17564321448494, 16.2495054643793], [74.17572842328288, 16.24952130807337], [74.17581363297916, 16.249537150903688], [74.17589884177711, 16.249552994595163], [74.17598405147339, 16.249568838285416], [74.17606926027138, 16.249584681974348], [74.17615561352298, 16.249593591731017], [74.17624196677463, 16.249602501487303], [74.17632832092458, 16.249611411243198], [74.1764146741762, 16.249620320998655], [74.17650102742782, 16.249629230753737], [74.17658738067946, 16.249638140508395], [74.17667373393108, 16.249647050262674], [74.17676008718273, 16.249655959154104], [74.17684644133269, 16.249664868907566], [74.17693279458429, 16.24967377866061], [74.17701914783596, 16.249682688413273], [74.17710550108757, 16.2496915981655], [74.17719185433918, 16.249700507917346], [74.17727820848914, 16.2497094176688], [74.17736456174079, 16.24971832741982], [74.1774509149924, 16.24972723717047], [74.17753726824405, 16.24973614692068], [74.17762362149567, 16.249745056670502], [74.17770997474732, 16.249753966419934], [74.17779632889727, 16.249762876168944], [74.17788268214889, 16.24977178591756], [74.17796903540051, 16.24978069480333], [74.17805538865215, 16.24978960455112], [74.17814174190377, 16.24979851429854], [74.17822809515542, 16.249807424045553], [74.17831444930538, 16.24981633379212], [74.17840080255698, 16.249825243538318], [74.17848715580864, 16.249834153284084], [74.17857410643992, 16.249852374665952], [74.17866105796953, 16.249870596046115], [74.17874800860083, 16.24988881656216], [74.17883496013044, 16.249907037938975], [74.17892191076173, 16.249925259314047], [74.17900886139302, 16.249943480687442], [74.17909581292264, 16.24996170205918], [74.17918276355392, 16.24997992256679], [74.17926971418525, 16.249998143935123], [74.17935666571483, 16.2500163653018], [74.17944361634616, 16.250034586666747], [74.17953056787574, 16.250052808030052], [74.17961751850706, 16.250071029391616], [74.17970446913834, 16.250089249889086], [74.17979142066797, 16.250107471247276], [74.17987837129924, 16.250125692603813], [74.17996532282886, 16.250143913958635], [74.18005227346015, 16.2501621353118], [74.18013922409145, 16.250180355800833], [74.18022617562104, 16.250198577150577], [74.18031312625234, 16.25021679849864], [74.18040007688367, 16.25023501984504], [74.18048702841328, 16.25025324118972], [74.18057397904457, 16.25027146167031], [74.18066093057419, 16.250289683011655], [74.18074788120548, 16.25030790435127], [74.18083483183676, 16.250326125689195], [74.18092178336637, 16.250344347025454], [74.18100873399767, 16.250362567497593], [74.18109568552728, 16.250380788830455], [74.18118263615857, 16.25039901016165], [74.1812695867899, 16.25041723149114], [74.18135653831948, 16.250435452818977], [74.18144348895079, 16.25045367328263], [74.18153043958208, 16.25047189460707], [74.1816173911117, 16.250490115929804], [74.18170434174299, 16.25050833725086], [74.18179129327261, 16.250526558570208], [74.18187824390388, 16.250544779887907], [74.18196519453518, 16.250563000341472], [74.18205214606479, 16.250581221655747], [74.18213909669608, 16.25059944296834], [74.1822260482257, 16.250617664279268], [74.18231299885699, 16.25063588558848], [74.1823999494883, 16.250654106033597], [74.1824869010179, 16.250672327339473], [74.18257385164921, 16.250690548643608], [74.18266080228051, 16.250708769946066], [74.18274775381012, 16.250726991246864], [74.1828347044414, 16.250745211683537], [74.18292165597101, 16.25076343298093], [74.18300860660231, 16.25078165427665], [74.18309271047247, 16.250804458491466], [74.18317681344432, 16.250827263566098], [74.18326091731447, 16.25085006777562], [74.18334502028632, 16.25087287198252], [74.18342912415648, 16.250895676186772], [74.18351322712833, 16.250918481250796], [74.18359733099848, 16.250941285449755], [74.18368143397034, 16.250964089646086], [74.18376553784049, 16.25098689470217], [74.18384964081234, 16.251009698893192], [74.18393374468249, 16.251032503081582], [74.18401784765435, 16.251055308129725], [74.18410195152451, 16.25107811231281], [74.18418605449635, 16.251100916493222], [74.18427015836652, 16.25112372067103], [74.18435426133836, 16.251146525708588], [74.1844383652085, 16.251169329881098], [74.18452246818036, 16.251192134050953], [74.18460657205051, 16.251214939080587], [74.18469067502238, 16.25123774324516], [74.18477477889252, 16.251260547407075], [74.18485888186439, 16.251283351566368], [74.18494298573454, 16.251306156585404], [74.18502708870639, 16.251328960739393], [74.18511119257654, 16.25135176489071], [74.1851952955484, 16.251374569901834], [74.18527939941855, 16.25139737404786], [74.1853635023904, 16.25142017819126], [74.18544760626055, 16.25144298319442], [74.18553170923241, 16.251465787332545], [74.18561581220423, 16.25148859146801], [74.18569991607438, 16.25151139560084], [74.18578401994456, 16.251534200593415], [74.18586812291639, 16.25155700472094], [74.18593673174624, 16.25160745718353], [74.18600534057606, 16.251657910495602], [74.18607394940587, 16.251708362932273], [74.18614255823569, 16.251758815356006], [74.18621116706551, 16.251809267766784], [74.18627977589537, 16.251859721027042], [74.18634838562348, 16.251910173411922], [74.18641699445334, 16.251960625783838], [74.18648560328315, 16.252011078142825], [74.18655421211297, 16.252061531351277], [74.18662282094279, 16.25211198368435], [74.1866914297726, 16.252162436004475], [74.18676003860246, 16.252212889174086], [74.18682864743228, 16.252263341468293], [74.18689725626209, 16.25231379374956], [74.1869658650919, 16.252364246017894], [74.18703447392173, 16.252414699135684], [74.18710308275158, 16.2524651513781], [74.1871716915814, 16.252515603607566], [74.18724030130954, 16.25256605582408], [74.18730891013936, 16.252616508890068], [74.18737751896917, 16.25266696108069], [74.18744612779899, 16.25271741325834], [74.18751473662881, 16.25276786542308], [74.18758334545866, 16.252818318437242], [74.18765195428848, 16.252868770576047], [74.18772668962855, 16.252908652085278], [74.1878014249686, 16.252948532723988], [74.18787615941035, 16.252988414217036], [74.18795089475041, 16.25302829570199], [74.18802563009046, 16.253068177178804], [74.18810036543053, 16.253108057785177], [74.18817510077061, 16.25314793924582], [74.18824983521233, 16.25318782069841], [74.1883245705524, 16.25322770128046], [74.18839930589249, 16.253267582716852], [74.1884064609737, 16.253348279558367], [74.18841361695327, 16.253428977229166], [74.18842077203449, 16.253509674004434], [74.18842792711574, 16.25359037074655], [74.18843508219697, 16.253671067455514], [74.18844223817653, 16.253751764993773], [74.18844939325777, 16.253832461636474], [74.18845654833899, 16.253913158246064], [74.18846370431858, 16.253993855684925], [74.18847085939979, 16.254074552228218], [74.18847801448103, 16.254155248738368], [74.18848516956228, 16.254235945215417], [74.18849232554183, 16.254316642521726], [74.18849948062308, 16.254397338932463], [74.18850465042753, 16.254455733442896], [74.1885098211303, 16.254514128798387], [74.18851499093475, 16.2545725232741], [74.18852058654065, 16.254658189631467], [74.18852618214656, 16.254743856813946], [74.18853177775249, 16.25482952309662], [74.18853737335837, 16.254915189341997], [74.18854296896428, 16.255000856412394], [74.18854856457018, 16.255086522583074], [74.1885541601761, 16.255172189578794], [74.18855975578198, 16.255257855674785], [74.18856535138791, 16.255343521733394], [74.18857094699379, 16.255429188617068], [74.1885765425997, 16.255514854601014], [74.1885821382056, 16.255600520547606], [74.18858773381152, 16.25568618731925], [74.18859332941744, 16.255771853191124], [74.18859892502333, 16.255857519888096], [74.18860452062926, 16.25594318568527], [74.18861011623513, 16.256028851445137], [74.18861571184105, 16.256114518030028], [74.18862130744694, 16.25620018371522], [74.18861893858956, 16.25628404349767], [74.18861656973215, 16.256367903244342], [74.18861420087472, 16.256451762955216], [74.18861183111902, 16.256535622630302], [74.18860946226161, 16.256619482269603], [74.1886070934042, 16.256703341873138], [74.1886047236485, 16.256787200578447], [74.18860235479107, 16.25687106011037], [74.18859998503537, 16.256954919606507], [74.18859761617796, 16.25703877906688], [74.18859524732054, 16.257122638491442], [74.18859287756484, 16.25720649788019], [74.18859050870742, 16.257290357233163], [74.1885881389517, 16.257374216550346], [74.1885857700943, 16.25745807583173], [74.18858340033859, 16.257541935077327], [74.18858103148116, 16.25762579428715], [74.18857866172546, 16.25770965346116], [74.18857629286805, 16.257793511736967], [74.18857392311234, 16.257877370839402], [74.18857155425493, 16.257961229906062], [74.18856918449923, 16.258045088936896], [74.1885668156418, 16.25812894793193], [74.18856444588609, 16.258212806891187], [74.18856207702869, 16.258296665814644], [74.18852666544021, 16.258373938624597], [74.18849125475002, 16.258451211404118], [74.1884558431615, 16.258528484153246], [74.188420431573, 16.258605757734394], [74.1883850208828, 16.25868303042276], [74.18834961019262, 16.258760303080717], [74.18831419860415, 16.258837575708274], [74.18827878791394, 16.25891484830547], [74.18824337632545, 16.25899212087225], [74.18820796473696, 16.259069394271037], [74.18817255404677, 16.259146666777056], [74.18813714245826, 16.259223939252642], [74.18810173176807, 16.25930121169784], [74.1880663201796, 16.259378484112677], [74.18803090948941, 16.259455756497083], [74.1879954979009, 16.259533029713495], [74.1879600863124, 16.259610302037157], [74.18792467562223, 16.259687574330382], [74.18788926403371, 16.259764846593214], [74.18785385334353, 16.25984211882568], [74.18781844175501, 16.259919391027726], [74.18778303106482, 16.259996663199406], [74.18774761947634, 16.260073936203028], [74.18771220878617, 16.260151208313907], [74.18767679719764, 16.260228480394368], [74.18764138560917, 16.260305752444474], [74.18760597491898, 16.260383024464133], [74.18757056333047, 16.260460296453413], [74.18753515174198, 16.26053756927469], [74.1874997410518, 16.260614841203196], [74.18746433036162, 16.260692113101282], [74.1874289187731, 16.260769384969002], [74.18735844324411, 16.260820984618732], [74.18728796771512, 16.2608725851173], [74.18721749128784, 16.260924185602306], [74.18714701575885, 16.260975785211365], [74.18707654022988, 16.261027384806898], [74.18700606470088, 16.261078984388856], [74.18693558827357, 16.26113058481964], [74.18686511274458, 16.261182184374526], [74.18679463721558, 16.2612337847782], [74.18672416168661, 16.261285384305936], [74.18665368615763, 16.2613369846825], [74.18658320973033, 16.261388585045527], [74.18651273509968, 16.26144018453259], [74.18644225867237, 16.261491784868504], [74.18637178404171, 16.261543384328483], [74.18630130761439, 16.261594984637288], [74.18623083208541, 16.261646584070142], [74.18616035655643, 16.261698183489457], [74.18608988012915, 16.2617497828952], [74.18601940370182, 16.261801383149773], [74.18594892817283, 16.261852982528442], [74.18587845264385, 16.26190458189351], [74.1857948608134, 16.261932727231233], [74.18571126898297, 16.26196087256489], [74.18562767715252, 16.261989017894546], [74.18554408532206, 16.262017163220168], [74.1854604934916, 16.262045308541744], [74.18537690076285, 16.26207345385926], [74.1852933098307, 16.26210159831043], [74.18520971710197, 16.262129743619884], [74.1851261252715, 16.262157888925337], [74.18504253344106, 16.26218603422676], [74.1849589416106, 16.26221417952415], [74.18487535067847, 16.262242323955107], [74.1847917579497, 16.262270469244445], [74.18470816611925, 16.262298614529698], [74.18462457428882, 16.262326759810957], [74.18454098245839, 16.26235490422578], [74.18445738972962, 16.262383049498975], [74.18437379789914, 16.262411194768134], [74.1842902060687, 16.26243933917087], [74.18420661423825, 16.26246748443195], [74.18412302240782, 16.26249562882664], [74.18403943057734, 16.262523774079654], [74.18395787343103, 16.26255574567478], [74.18387631538639, 16.26258771726473], [74.18379475824004, 16.26261968884945], [74.1837132001954, 16.262651660429004], [74.18363164304908, 16.26268363200333], [74.18355008500444, 16.262715603572428], [74.18346852785808, 16.262747575136373], [74.18338696981344, 16.262779546695064], [74.18330541266712, 16.26281151824859], [74.18322385462248, 16.26284348979686], [74.18314229747614, 16.262875461339977], [74.1830607394315, 16.262907432877892], [74.18297918228518, 16.262939404410567], [74.18289762424054, 16.26297137593806], [74.1828160670942, 16.26300334746033], [74.18273450994788, 16.26303531897742], [74.18265295280153, 16.263067290489268], [74.18257139565522, 16.263099261995947], [74.18248983761058, 16.263131233497425], [74.18240828046426, 16.263163204993663], [74.18232672241957, 16.263195176484736], [74.18224516527326, 16.26322714797058], [74.18216360722862, 16.26325911945123], [74.1820820500823, 16.263291090926657], [74.18200049203763, 16.263323062396914], [74.18191893489131, 16.26335503299958], [74.18183737684667, 16.263387003597032], [74.18175581970036, 16.263418975051668], [74.18167426165567, 16.263450946501074], [74.18159270450936, 16.263482917945304], [74.18151114556639, 16.26351488938429], [74.18142958842007, 16.263546859955735], [74.18138399712278, 16.263620651046843], [74.18133840582546, 16.2636944429726], [74.1812928154265, 16.26376823400825], [74.18124722412918, 16.263842025878514], [74.18120163373023, 16.26391581685872], [74.18115604243289, 16.26398960867354], [74.18111045203393, 16.26406339959829], [74.18106486073661, 16.264137191357694], [74.18101926943933, 16.264210982226988], [74.18097367814204, 16.26428477393091], [74.18092808774304, 16.264358564744747], [74.18088249644575, 16.264432356393225], [74.18083690604676, 16.264506147151618], [74.18079131474947, 16.264579938744667], [74.18074572435047, 16.264653729447602], [74.18070013305318, 16.26472752098517], [74.18065454175586, 16.264801311632652], [74.18060895045856, 16.2648751031148], [74.18056336005958, 16.264948893706798], [74.18051776876229, 16.265022685133477], [74.18047217836329, 16.26509647567006], [74.18042658706601, 16.26517026704127], [74.18038099666701, 16.265244057522384], [74.18033540536973, 16.26531784883815], [74.18028981407244, 16.265391639263793], [74.18024422277512, 16.265465430524117], [74.18019863237615, 16.265539220894333], [74.18015304107884, 16.26561301209916], [74.18010745067987, 16.265686802413917], [74.18006185938255, 16.26576059356333], [74.18001626898356, 16.26583438382263], [74.17997067768627, 16.265908174916547], [74.17992508638898, 16.265981965120403], [74.17987949509168, 16.266055756158853], [74.17983390469269, 16.266129546307255], [74.17979990256086, 16.26620685139229], [74.17976590042905, 16.266284155584536], [74.17973189829722, 16.266361460608735], [74.17969789616542, 16.26643876560248], [74.17966389403358, 16.266516070565793], [74.17962989280007, 16.266593374636308], [74.17959589066828, 16.26667067953873], [74.17956188853643, 16.26674798441075], [74.17952788730292, 16.26682528838996], [74.17949388517113, 16.266902593201102], [74.17945988303929, 16.266979897981823], [74.17942588090749, 16.2670572027321], [74.17939187967399, 16.267134506589585], [74.17935787754216, 16.267211811279], [74.17932387541035, 16.26728911593796], [74.17928987327852, 16.267366419704135], [74.17925587114671, 16.267443724302243], [74.17922186901487, 16.267521028869883], [74.17918786778137, 16.267598332544775], [74.17915386564957, 16.26767563705155], [74.17911986351773, 16.26775294152792], [74.17908586138591, 16.267830245973844], [74.17905186015241, 16.267907549526964], [74.17901785802059, 16.267984853912026], [74.17899842566437, 16.26806668818153], [74.17897899330816, 16.26814852155457], [74.17895956095192, 16.268230355755858], [74.1789401285957, 16.268312189060666], [74.17892069623946, 16.26839402319374], [74.17890126388325, 16.268475857292707], [74.17888183152704, 16.268557690495204], [74.17886239917078, 16.268639524525952], [74.17884296681457, 16.26872135766023], [74.17882353445833, 16.26880319162275], [74.17880410210212, 16.26888502555115], [74.1787846706442, 16.26896685858313], [74.178765238288, 16.269048692443324], [74.17874580593174, 16.26913052540706], [74.17872637447383, 16.26921235919904], [74.17870694211763, 16.26929419209455], [74.17868750976137, 16.269376025818325], [74.17866807740516, 16.26945785950794], [74.17864864594725, 16.269539692301148], [74.17862921359102, 16.26962152592256], [74.17860978123478, 16.269703358647554], [74.17859034887859, 16.26978519220076], [74.17857091652233, 16.269867025719822], [74.17855148506445, 16.269948858342477], [74.1785320527082, 16.270030691793337], [74.17851262125029, 16.270112524347763], [74.17849318889408, 16.27019435773039], [74.1784904813718, 16.270279224785575], [74.17848777384954, 16.270364090941698], [74.1784850663273, 16.2704489579235], [74.17848235880501, 16.27053382400624], [74.17847965128274, 16.270618690914674], [74.17847694376046, 16.27070355692404], [74.17847423623822, 16.270788423759058], [74.17847152871593, 16.270873289695082], [74.17846882119368, 16.270958156456715], [74.17846611367139, 16.271043022319358], [74.17846340704747, 16.271127889007623], [74.17846070042351, 16.271212754796885], [74.17845799290123, 16.27129762141177], [74.17845528537899, 16.27138248712765], [74.1784525778567, 16.271467353669163], [74.17844987123274, 16.27155221931166], [74.17844716371049, 16.27163708577979], [74.17844445708653, 16.27172195134891], [74.17844174956429, 16.27180681774366], [74.17848275586036, 16.27188052639608], [74.17852376125813, 16.27195423415849], [74.17856476755422, 16.27202794275552], [74.17860577295201, 16.27210165132492], [74.17864677924808, 16.272175359866637], [74.17868778464586, 16.272249067518334], [74.17872879094195, 16.272322776004696], [74.17876979633974, 16.27239648446335], [74.1788108017375, 16.27247019203203], [74.17885180803358, 16.27254390043533], [74.17889281432967, 16.27261760881097], [74.17893381972746, 16.272691317158944], [74.17897482512522, 16.27276502461689], [74.17901583142134, 16.272838732909495], [74.17905682693764, 16.272912455833946], [74.17909782245394, 16.27298617786843], [74.17913881797024, 16.27305990073753], [74.17917981348656, 16.27313362357893], [74.17922080900286, 16.27320734553031], [74.17926180451916, 16.273281068316333], [74.17930280003549, 16.27335479107467], [74.17934379555179, 16.273428512943013], [74.17938479106809, 16.273502235645957], [74.1794257865844, 16.273575957458895], [74.1794667821007, 16.273649680106463], [74.179507777617, 16.273723402726343], [74.1795487731333, 16.27379712445623], [74.17958976864962, 16.27387084702072], [74.1796381689788, 16.273938949802815], [74.17968656930798, 16.27400705342361], [74.1797349696372, 16.27407515615844], [74.17978336996637, 16.27414325973197], [74.17983177029558, 16.27421136241954], [74.17988017062476, 16.274279465945806], [74.17992857095395, 16.274347568586112], [74.17997697128315, 16.27441567206513], [74.18002537161234, 16.274483774658158], [74.18007377194152, 16.2745518772276], [74.18012217227074, 16.27461998063572], [74.18017057259992, 16.27468808315786], [74.18021897292913, 16.2747561865187], [74.1802673732583, 16.274824288993578], [74.1803157735875, 16.274892392307155], [74.1803641739167, 16.274960494734785], [74.18041257424588, 16.275028598001086], [74.18046097457506, 16.27509670038144], [74.18048727634827, 16.275176606994805], [74.18051357812149, 16.275256512713327], [74.18053988079302, 16.275336419261606], [74.18056618346452, 16.275416325777353], [74.18059248523774, 16.275496231398236], [74.18061878701091, 16.275576137848923], [74.18064508968244, 16.275656044267066], [74.18067139145566, 16.27573594979038], [74.18069769322888, 16.27581585614345], [74.18072399590038, 16.275895762463975], [74.1807502976736, 16.275975667889657], [74.18077660034511, 16.276055574145122], [74.1808029021183, 16.27613548036808], [74.18082920389152, 16.276215385696148], [74.18085550656302, 16.276295291853994], [74.18088180833624, 16.27637519797931], [74.18090811010943, 16.276455103209795], [74.18093441278097, 16.276535009270038], [74.18096071455416, 16.276614915297735], [74.18098701632736, 16.276694820430592], [74.18101331899888, 16.276774726393217], [74.18097676834661, 16.27685187810659], [74.18094021859264, 16.276929029789674], [74.18090366794034, 16.27700618230471], [74.1808671181864, 16.277083333927095], [74.1808305675341, 16.27716048551916], [74.18079401688183, 16.277237637080873], [74.18075746712788, 16.277314788612244], [74.1807209164756, 16.277391940113333], [74.1806843658233, 16.277469092446356], [74.18064781606934, 16.27754624388672], [74.1806112663154, 16.27762339529676], [74.1805747156631, 16.277700546676506], [74.18053816501082, 16.277777698025858], [74.18050161525686, 16.277854849344894], [74.18046506460458, 16.277932001495913], [74.18042851485062, 16.2780091527543], [74.18039196419832, 16.278086303982334], [74.18035190382821, 16.27816198495206], [74.18031184345813, 16.2782376658926], [74.18027178398636, 16.27831334594166], [74.18023172361626, 16.278389026823813], [74.18019166324616, 16.278464707676775], [74.18015160287608, 16.278540388500563], [74.18011154250597, 16.27861606929513], [74.18007148303418, 16.278691749198238], [74.18003142266409, 16.278767429934444], [74.179991362294, 16.278843110641443], [74.17996227933666, 16.278924166038045], [74.17993319727766, 16.279005220538835], [74.17990411432034, 16.27908627586847], [74.17987503136304, 16.2791673311646], [74.17984594840571, 16.27924838642725], [74.17981686634667, 16.279329440794115], [74.17978778338939, 16.27941049598978], [74.17975870043205, 16.279491551151974], [74.17972961837305, 16.279572606280684], [74.17970053631402, 16.279653660513596], [74.17967145335672, 16.279734715575323], [74.17964237039939, 16.279815770603577], [74.17961328834036, 16.279896825598335], [74.17958420628136, 16.279977879697295], [74.17955512332402, 16.28005893462508], [74.17952604036674, 16.280139989519384], [74.1794969583077, 16.280221044380202], [74.1794678762487, 16.28030209834522], [74.17943879329137, 16.280383153139045], [74.17940058704401, 16.280455195205626], [74.17936237989836, 16.280527238108082], [74.17932417365101, 16.28059928012175], [74.17928596650536, 16.28067132297128], [74.17924776025801, 16.28074336493205], [74.17920955311233, 16.28081540772867], [74.17917134686498, 16.280887449636516], [74.17915070088483, 16.28096772812619], [74.17913005490463, 16.2810480074453], [74.17910940892448, 16.281128285869272], [74.17908876294428, 16.281208565122697], [74.17906811696413, 16.281288843480933], [74.17904747008564, 16.28136912266865], [74.17902682410545, 16.28144940096123], [74.17900617722697, 16.281529680083207], [74.17898553124677, 16.281609958310074], [74.17896488526661, 16.281690237366345], [74.17894423928642, 16.281770515527516], [74.17892359240793, 16.281850794518085], [74.17890294642777, 16.281931072613546], [74.17888229954929, 16.282011351538408], [74.17886165356909, 16.282091629568157], [74.17884100758894, 16.282171908427344], [74.17882036160874, 16.28225218639136], [74.17879971473026, 16.282332465184837], [74.1787790687501, 16.28241274308318], [74.1787584218716, 16.28249302181092], [74.17873777589142, 16.282573299643555], [74.17871416097923, 16.282652190890538], [74.17869054606707, 16.28273108210582], [74.17866693115486, 16.282809973289343], [74.17864331624267, 16.282888864441176], [74.17861970133048, 16.28296775642354], [74.1785960864183, 16.283046647511878], [74.1785724715061, 16.283125538568523], [74.1785488565939, 16.2832044295934], [74.17852524168171, 16.283283320586577], [74.17850162676955, 16.283362211547995], [74.17847801185735, 16.28344110247771], [74.17845439694516, 16.283519993375673], [74.17843078203296, 16.283598884241943], [74.17840716712078, 16.28367777593873], [74.17838355220859, 16.283756666741493], [74.17835993729639, 16.283835557512564], [74.17833632328254, 16.283914448251867], [74.17831270837033, 16.283993338959466], [74.1782788059515, 16.284067398292624], [74.17824490353269, 16.284141456735558], [74.17821100111388, 16.28421551601283], [74.17817709869506, 16.284289574399846], [74.17814319627624, 16.28436363362114], [74.17810929385742, 16.284437692814517], [74.17807539143858, 16.2845117511176], [74.17804148901976, 16.28458581025505], [74.17800758660094, 16.28465986850224], [74.17797368328378, 16.284733927583716], [74.17793978086496, 16.28480798577498], [74.17790587844614, 16.284882044800565], [74.17790304605805, 16.2849617137523], [74.17790021366997, 16.28504138267167], [74.1778973812819, 16.285121051558672], [74.17789454799548, 16.285200720413314], [74.17789171470906, 16.285280390097885], [74.17788888232099, 16.285360058887793], [74.17788604903457, 16.28543972764539], [74.17788321664649, 16.28551939637058], [74.17788038336009, 16.285599065063405], [74.177877550972, 16.285678733723877]], [[74.15608819510344, 16.26616431221283], [74.15617763855964, 16.266160027163323], [74.15626619268373, 16.26614721340732], [74.156352978025, 16.266126000296648], [74.15643713220082, 16.26609659651892], [74.15651781798131, 16.26605929613424], [74.15659423406927, 16.26601446822693], [74.15666562138827, 16.26596255863062], [74.15673126937092, 16.265904084754254], [74.15679052584034, 16.265839626096543], [74.15684280329829, 16.265769823383746], [74.15688758072194, 16.26569537167118], [74.15692441344522, 16.26561700913275], [74.15695293495551, 16.265535515336584], [74.15697286318175, 16.265451700896833], [74.15698399869804, 16.26536639798796], [74.15698623101149, 16.26528045430826], [74.15697953856264, 16.2651947244564], [74.15696398782677, 16.265110060445497], [74.15693973241576, 16.265027303079368], [74.15690701487482, 16.264947275915993], [74.15686615859735, 16.264870773194293], [74.15681757141859, 16.264798555522113], [74.15676173483548, 16.26473134125241], [74.15669920490517, 16.264669797859312], [74.15663060146527, 16.264614536763748], [74.15655660813361, 16.264566108158967], [74.15647795973216, 16.26452499238655], [74.1563954368969, 16.264491598211652], [74.15630986068801, 16.26446625851063], [74.15622208181, 16.26444922337218], [74.15613297252709, 16.264440663546544], [74.15604341767978, 16.264440663546544], [74.15595430839687, 16.26444922337218], [74.15586652951886, 16.26446625851063], [74.15578095330997, 16.264491598211652], [74.15569843047471, 16.26452499238655], [74.15561978207326, 16.264566108158967], [74.15554578874165, 16.264614536763748], [74.1554771853017, 16.264669797859312], [74.1554146553714, 16.26473134125241], [74.15535881878829, 16.264798555522113], [74.15531023160952, 16.264870773194293], [74.15526937533205, 16.264947275915993], [74.15523665779111, 16.265027303079368], [74.1552124023801, 16.265110060445497], [74.15519685164422, 16.2651947244564], [74.15519015919539, 16.26528045430826], [74.15519239150886, 16.26536639798796], [74.15520352702512, 16.265451700896833], [74.15522345525136, 16.265535515336584], [74.15525197676165, 16.26561700913275], [74.15528880948493, 16.26569537167118], [74.15533358690858, 16.265769823383746], [74.15538586436654, 16.265839626096543], [74.15544512083594, 16.265904084754254], [74.15551076881859, 16.26596255863062], [74.1555821561376, 16.26601446822693], [74.15565857222556, 16.26605929613424], [74.15573925800605, 16.26609659651892], [74.15582341218187, 16.266126000296648], [74.15591019752316, 16.26614721340732], [74.15599875164723, 16.266160027163323], [74.15608819510344, 16.26616431221283]]]}}]}