{"type": "FeatureCollection", "features": [{"type": "Feature", "properties": {"premiumdata.sde.IN_Village_PCA.area": 30.97447471, "objectid": 56081, "id": "244483827290972", "name": "Surajkund", "subdistrict": "Junagadh", "district": "Junagadh", "state": "Gujarat", "country": "India", "censusname": "Surajkund", "villagename_locallang": null, "lgd_villagename": "Surajkund", "lgd_villagecode": 514481, "lgd_subdistrictcode": 3827, "lgd_districtcode": 448, "lgd_statecode": 24, "censuscode2001": "00812000", "censuscode2011": "514481", "censuscode2021": null, "level": "Village", "tru": "Rural", "no_hh": 1, "tot_p": 7, "tot_m": 4, "tot_f": 3, "per_tot_m": 57.14285714, "per_tot_f": 42.85714286, "p_06": 1, "m_06": 1, "f_06": 0, "per_p_06": 14.28571429, "per_m_06": 100.0, "per_f_06": 0.0, "p_sc": 0, "m_sc": 0, "f_sc": 0, "per_p_sc": 0.0, "per_m_sc": 0.0, "per_f_sc": 0.0, "p_st": 0, "m_st": 0, "f_st": 0, "per_p_st": 0.0, "per_m_st": 0.0, "per_f_st": 0.0, "p_lit": 1, "m_lit": 1, "f_lit": 0, "per_p_lit": 14.28571429, "per_m_lit": 100.0, "per_f_lit": 0.0, "p_ill": 6, "m_ill": 3, "f_ill": 3, "per_p_ill": 85.71428571, "per_m_ill": 50.0, "per_f_ill": 50.0, "tot_work_p": 2, "tot_work_m": 2, "tot_work_f": 0, "per_tot_work_p": 28.57142857, "per_tot_work_m": 100.0, "per_tot_work_f": 0.0, "mainwork_p": 2, "mainwork_m": 2, "mainwork_f": 0, "per_mainwork_p": 28.57142857, "per_mainwork_m": 100.0, "per_mainwork_f": 0.0, "main_cl_p": 0, "main_cl_m": 0, "main_cl_f": 0, "per_main_cl_p": 0.0, "per_main_cl_m": 0.0, "per_main_cl_f": 0.0, "main_al_p": 2, "main_al_m": 2, "main_al_f": 0, "per_main_al_p": 100.0, "per_main_al_m": 100.0, "per_main_al_f": 0.0, "main_hh_p": 0, "main_hh_m": 0, "main_hh_f": 0, "per_main_hh_p": 0.0, "per_main_hh_m": 0.0, "per_main_hh_f": 0.0, "main_ot_p": 0, "main_ot_m": 0, "main_ot_f": 0, "per_main_ot_p": 0.0, "per_main_ot_m": 0.0, "per_main_ot_f": 0.0, "margwork_p": 0, "margwork_m": 0, "margwork_f": 0, "per_margwork_p": 0.0, "per_margwork_m": 0.0, "per_margwork_f": 0.0, "marg_cl_p": 0, "marg_cl_m": 0, "marg_cl_f": 0, "per_marg_cl_p": 0.0, "per_marg_cl_m": 0.0, "per_marg_cl_f": 0.0, "marg_al_p": 0, "marg_al_m": 0, "marg_al_f": 0, "per_marg_al_p": 0.0, "per_marg_al_m": 0.0, "per_marg_al_f": 0.0, "marg_hh_p": 0, "marg_hh_m": 0, "marg_hh_f": 0, "per_marg_hh_p": 0.0, "per_marg_hh_m": 0.0, "per_marg_hh_f": 0.0, "marg_ot_p": 0, "marg_ot_m": 0, "marg_ot_f": 0, "per_marg_ot_p": 0.0, "per_marg_ot_m": 0.0, "per_marg_ot_f": 0.0, "margwork_3_6_p": 0, "margwork_3_6_m": 0, "margwork_3_6_f": 0, "per_margwork_3_6_p": 0.0, "per_margwork_3_6_m": 0.0, "per_margwork_3_6_f": 0.0, "marg_cl_3_6_p": 0, "marg_cl_3_6_m": 0, "marg_cl_3_6_f": 0, "per_marg_cl_3_6_p": 0.0, "per_marg_cl_3_6_m": 0.0, "per_marg_cl_3_6_f": 0.0, "marg_al_3_6_p": 0, "marg_al_3_6_m": 0, "marg_al_3_6_f": 0, "per_marg_al_3_6_p": 0.0, "per_marg_al_3_6_m": 0.0, "per_marg_al_3_6_f": 0.0, "marg_hh_3_6_p": 0, "marg_hh_3_6_m": 0, "marg_hh_3_6_f": 0, "per_marg_hh_3_6_p": 0.0, "per_marg_hh_3_6_m": 0.0, "per_marg_hh_3_6_f": 0.0, "marg_ot_3_6_p": 0, "marg_ot_3_6_m": 0, "marg_ot_3_6_f": 0, "per_marg_ot_3_6_p": 0.0, "per_marg_ot_3_6_m": 0.0, "per_marg_ot_3_6_f": 0.0, "margwork_0_3_p": 0, "margwork_0_3_m": 0, "margwork_0_3_f": 0, "per_margwork_0_3_p": 0.0, "per_margwork_0_3_m": 0.0, "per_margwork_0_3_f": 0.0, "marg_cl_0_3_p": 0, "marg_cl_0_3_m": 0, "marg_cl_0_3_f": 0, "per_marg_cl_0_3_p": 0.0, "per_marg_cl_0_3_m": 0.0, "per_marg_cl_0_3_f": 0.0, "marg_al_0_3_p": 0, "marg_al_0_3_m": 0, "marg_al_0_3_f": 0, "per_marg_al_0_3_p": 0.0, "per_marg_al_0_3_m": 0.0, "per_marg_al_0_3_f": 0.0, "marg_hh_0_3_p": 0, "marg_hh_0_3_m": 0, "marg_hh_0_3_f": 0, "per_marg_hh_0_3_p": 0.0, "per_marg_hh_0_3_m": 0.0, "per_marg_hh_0_3_f": 0.0, "marg_ot_0_3_p": 0, "marg_ot_0_3_m": 0, "marg_ot_0_3_f": 0, "per_marg_ot_0_3_p": 0.0, "per_marg_ot_0_3_m": 0.0, "per_marg_ot_0_3_f": 0.0, "non_work_p": 5, "non_work_m": 2, "non_work_f": 3, "per_non_work_p": 71.42857143, "per_non_work_m": 40.0, "per_non_work_f": 60.0, "per_hc_tot_tot": 100, "per_hc_tot_god": 100.0, "per_hc_tot_liv": 0.0, "per_hc_tot_dil": 0.0, "per_hc_res_tot": 100.0, "per_hc_res_god": 100.0, "per_hc_res_liv": 0.0, "per_hc_res_dil": 0.0, "per_hc_oth_tot": 0.0, "per_hc_oth_god": 0.0, "per_hc_oth_liv": 0.0, "per_hc_oth_dil": 0.0, "per_mt_grsbam": 0.0, "per_mt_plastic": 0.0, "per_mt_h_tiles": 0.0, "per_mt_m_tiles": 0.0, "per_mt_b_brick": 0.0, "per_mt_stone": 0.0, "per_mt_asbstos": 100.0, "per_mt_concrte": 0.0, "per_mt_oth": 0.0, "per_mw_grsbam": 0.0, "per_mw_plastic": 0.0, "per_mw_mud": 0.0, "per_mw_wood": 0.0, "per_mw_no_mrtr": 0.0, "per_mw_st_mrtr": 100.0, "per_mw_asbstos": 0.0, "per_mw_b_brick": 0.0, "per_mw_concrte": 0.0, "per_mw_oth": 0.0, "per_mf_mud": 0.0, "per_mf_wood": 0.0, "per_mf_b_brick": 0.0, "per_mf_stone": 0.0, "per_mf_cement": 0.0, "per_mf_fl_tile": 100.0, "per_mf_oth": 0.0, "per_dw_n_exrm": 0.0, "per_dw_1_room": 0.0, "per_dw_2_room": 100.0, "per_dw_3_room": 0.0, "per_dw_4_room": 0.0, "per_dw_5_room": 0.0, "per_dw_6_room": 0.0, "per_hhsize_1": 0.0, "per_hhsize_2": 0.0, "per_hhsize_3": 0.0, "per_hhsize_4": 0.0, "per_hhsize_5": 0.0, "per_hhsize_6_8": 100.0, "per_hhsize_9p": 0.0, "per_ow_owned": 100.0, "per_ow_rented": 0.0, "per_ow_oth": 0.0, "per_mc_none": 0.0, "per_mcouple_1": 100.0, "per_mcouple_2": 0.0, "per_mcouple_3": 0.0, "per_mcouple_4": 0.0, "per_mcouple_5p": 0.0, "per_dw_t_ts": 0.0, "per_dw_t_unts": 0.0, "per_dw_c_well": 100.0, "per_dw_unc_wel": 0.0, "per_dw_hpump": 0.0, "per_dw_tw_bore": 0.0, "per_dw_spring": 0.0, "per_dw_rivcan": 0.0, "per_dw_tank": 0.0, "per_dw_oth": 0.0, "per_loc_dw_wp": 100.0, "per_loc_dw_np": 0.0, "per_loc_dw_aw": 0.0, "per_light_elec": 100.0, "per_light_kero": 0.0, "per_light_solr": 0.0, "per_light_oil": 0.0, "per_light_oth": 0.0, "per_light_no": 0.0, "per_hh_latrine": 0.0, "per_fl_sewer": 0.0, "per_fl_septict": 0.0, "per_fl_othsys": 0.0, "per_pl_wslab": 0.0, "per_pl_without": 0.0, "per_ns_open": 0.0, "per_sl_ns_hum": 0.0, "per_sl_ns_anml": 0.0, "per_hh_no_lat": 100.0, "per_as_pub": 0.0, "per_as_open": 100.0, "per_hh_bathrm": 0.0, "per_hh_en_wrf": 0.0, "per_hh_no_btrm": 100.0, "per_wwoc_drain": 0.0, "per_wwoc_open": 100.0, "per_wwoc_nodrn": 0.0, "per_cook_fire": 100.0, "per_cook_resdu": 0.0, "per_cook_cwdng": 0.0, "per_cook_coal": 0.0, "per_cook_kero": 0.0, "per_cook_lpng": 0.0, "per_cook_elec": 0.0, "per_cook_biogs": 0.0, "per_cook_oth": 0.0, "per_cook_no": 0.0, "per_kf_inside": 100.0, "per_kf_in_has": 100.0, "per_kf_in_does": 0.0, "per_kf_outside": 0.0, "per_kf_out_has": 0.0, "per_kf_out_dos": 0.0, "per_kf_no_cook": 0.0, "per_hh_banking": 0.0, "per_hh_radio": 0.0, "per_hh_tv": 0.0, "per_hh_cmp_int": 0.0, "per_hh_cmp_wnt": 0.0, "per_hh_ph_ll": 0.0, "per_hh_ph_mob": 0.0, "per_hh_ph_bth": 0.0, "per_hh_bcycl": 100.0, "per_hh_2wheel": 0.0, "per_hh_4wheel": 0.0, "per_hh_tvcomp": 0.0, "per_hh_no_ast": 0.0, "per_hs_perma": 100.0, "per_hs_sperma": 0.0, "per_hs_temp": 0.0, "per_hs_servc": 0.0, "per_hs_nservc": 0.0, "per_hs_unclss": 0.0, "avghhsz_cy": 7.0, "st_areashape": 35969752.40764987, "st_lengthshape": 38752.24631103831}, "geometry": {"type": "Polygon", "coordinates": [[[70.57247950935381, 21.58566545268531], [70.57246216737724, 21.585745820002884], [70.57244482540071, 21.585826188111184], [70.57242748342415, 21.58590655533954], [70.57241014144758, 21.585986923358636], [70.572392799471, 21.58606729049781], [70.57237545659615, 21.586147658427706], [70.57235811461958, 21.58622802547767], [70.5723407717447, 21.586308393318344], [70.57232342976815, 21.586388760279114], [70.57230608779159, 21.586469128030593], [70.57228874581502, 21.586549494902144], [70.57227140383844, 21.58662986172914], [70.57225406096359, 21.586710229346796], [70.57223671898703, 21.58679059608457], [70.57221937611216, 21.586870963613016], [70.5722020341356, 21.58695133026158], [70.57218469126073, 21.587031697700823], [70.57216734928417, 21.587112064260193], [70.5721500073076, 21.587192431610273], [70.57213266533103, 21.58727279808041], [70.57211532335451, 21.58735316450593], [70.5720979804796, 21.587433531722187], [70.57208063850304, 21.58751389805851], [70.57206329562817, 21.58759426518556], [70.57204595365161, 21.58767463143269], [70.57202861077674, 21.58775499847052], [70.57201126880018, 21.587835364628425], [70.57199392592531, 21.58791573157706], [70.57197658394874, 21.58799609764577], [70.57195924197218, 21.588076464505182], [70.57194189999562, 21.588156830484714], [70.57192455801905, 21.588237196419612], [70.5719072151442, 21.588317563145214], [70.5718898731676, 21.588397928990894], [70.57187253029277, 21.588478295627283], [70.57185518831618, 21.588558661383768], [70.57183784544132, 21.588639027930938], [70.57182050346475, 21.58871939359821], [70.5718031605899, 21.588799760056187], [70.57178581861332, 21.58888012563423], [70.57176847663676, 21.58896049116768], [70.5717511337619, 21.58904085749184], [70.57173379178533, 21.589121222936072], [70.57171644980876, 21.589201589171015], [70.5716991078322, 21.589281954526072], [70.57168176495733, 21.589362320671768], [70.57166442298077, 21.58944268593761], [70.5716470801059, 21.589523051994096], [70.57162973812935, 21.589603417170725], [70.57161239525448, 21.589683783137993], [70.57159505327792, 21.589764148225413], [70.57152941248178, 21.589711265076048], [70.57146377168566, 21.58965838107208], [70.57139813088952, 21.589605497884126], [70.57133249009341, 21.589552613841533], [70.57126684929727, 21.589499730614907], [70.57120120850117, 21.58944684653369], [70.57113556770503, 21.589393963268474], [70.57106992690888, 21.58934107914862], [70.57100428611277, 21.58928819584473], [70.57093864441833, 21.58923531168625], [70.5708730036222, 21.589182428343776], [70.57080736282609, 21.589129544146658], [70.57074172202995, 21.589076660765517], [70.57067608123383, 21.589023776529764], [70.57061044043769, 21.588970893110027], [70.57054479964158, 21.58891800883566], [70.57047915884544, 21.588865125377247], [70.57041351804934, 21.588812241064243], [70.57034694390362, 21.588761270398003], [70.57028036885958, 21.58871029887855], [70.5702137947139, 21.588659328176394], [70.57014722056816, 21.58860835662104], [70.57008064642248, 21.588557385883036], [70.57001407137845, 21.588506414291764], [70.56994749723276, 21.58845544351787], [70.56988092308704, 21.588404472726037], [70.56981434804301, 21.588353501080938], [70.56974777389732, 21.58830252941794], [70.56968023496097, 21.58825261522705], [70.569612696923, 21.588202701854257], [70.56954515798665, 21.588152787628935], [70.56947761994864, 21.588102874221708], [70.56941008191063, 21.588052960797313], [70.569342542076, 21.58800304652038], [70.56927500403803, 21.58795313306156], [70.569207466, 21.58790321958554], [70.56913992706367, 21.587853306092285], [70.56907238812735, 21.58780339258185], [70.56900292230475, 21.587755796184954], [70.56893345738045, 21.587708200607736], [70.56886399245619, 21.58766060501487], [70.56879452663357, 21.587613009406333], [70.56872506081098, 21.58756541378217], [70.56865559498836, 21.587517818142373], [70.56858612916574, 21.5874702224869], [70.56851666424146, 21.587422626815805], [70.56844719841884, 21.58737503112909], [70.56837365783814, 21.587329622256608], [70.5683001181557, 21.587284213369895], [70.56822657757496, 21.587238803633653], [70.56815303699423, 21.58719339471845], [70.56807949731181, 21.587147985789027], [70.56800595673107, 21.587102576845343], [70.56793241615036, 21.587057167887433], [70.56785887556961, 21.58701175807996], [70.5677853358872, 21.586966349093604], [70.56771179530647, 21.586920940092973], [70.5676358077149, 21.586879246528742], [70.56755982012332, 21.586837552952463], [70.56748383253175, 21.586795859364226], [70.56740784404187, 21.58675416492869], [70.56733185734862, 21.58671247131643], [70.56725586885872, 21.58667077685686], [70.56717988126718, 21.58662908238528], [70.5671038936756, 21.58658738873701], [70.56702790608402, 21.586545694241448], [70.56695191849244, 21.586504000569164], [70.56687361773905, 21.58646606828819], [70.5667953169856, 21.586428135161988], [70.56671701623218, 21.586390202861125], [70.56663871547876, 21.586352269715064], [70.56656041472533, 21.58631433739433], [70.5664821130736, 21.586276404228386], [70.56640381232016, 21.586238471887793], [70.56632551156673, 21.586200538701977], [70.56624721081333, 21.5861626063415], [70.5661689100599, 21.58612467313582], [70.56608864918252, 21.586090636653886], [70.56600838920345, 21.586056600999274], [70.56592812832609, 21.586022565336673], [70.565847868347, 21.58598852966606], [70.56576760746964, 21.585954493987455], [70.56568734659227, 21.585920457465534], [70.5656070866132, 21.585886421770937], [70.56552682573583, 21.58585238523302], [70.56544656575679, 21.585818349522434], [70.56536630487939, 21.58578431380383], [70.56528420694728, 21.585754280904947], [70.56520210811682, 21.585724247164535], [70.5651200101847, 21.585694214253234], [70.56503791135427, 21.585664180500356], [70.56495581342213, 21.585634146741256], [70.56487371549, 21.58560411381124], [70.56479161665953, 21.585574080039674], [70.5647095187274, 21.58554404709724], [70.56462741989696, 21.58551401331318], [70.56454532196483, 21.58548397952295], [70.56449063073372, 21.585426088758656], [70.56443593950259, 21.58536819797122], [70.56438124916977, 21.58531030799593], [70.56432655883695, 21.58525241716221], [70.56427186850416, 21.585194526305347], [70.56421717817133, 21.585136635425293], [70.5641624878385, 21.58507874452216], [70.56410779750571, 21.585020853595875], [70.56405310627457, 21.584962962646447], [70.56399841594178, 21.584905071673838], [70.56391703666185, 21.584884796797017], [70.56383565738196, 21.584864521917307], [70.56375427720374, 21.584844246199435], [70.56367289792382, 21.58482397131409], [70.56359151864393, 21.584803696425872], [70.56351013936401, 21.584783421534826], [70.5634287591858, 21.58476314580563], [70.5633473799059, 21.584742870908887], [70.56326382310975, 21.584762134232683], [70.5631802663136, 21.584781397553908], [70.56309670951745, 21.584800660872563], [70.5630131527213, 21.58481992418866], [70.56292959682347, 21.584839188337543], [70.56284604002732, 21.584858451648515], [70.56276248323117, 21.584877715792256], [70.56267892643501, 21.58489697909811], [70.56259536963886, 21.5849162432367], [70.56251181284271, 21.58493550653743], [70.56243262275714, 21.584951227246666], [70.56235343177325, 21.584966948789535], [70.56227424168773, 21.58498266949536], [70.56219505070383, 21.58499839103481], [70.56211586061826, 21.585014111737234], [70.56203667053273, 21.58502983327327], [70.56195747954885, 21.585045554807593], [70.56187828946328, 21.58506127550489], [70.56179909847943, 21.585076997035817], [70.56171990839385, 21.585092717729694], [70.56163921632515, 21.58509805959101], [70.56155852425644, 21.585103401452137], [70.56147783218773, 21.585108743313057], [70.56139714011903, 21.58511408517379], [70.56131644805032, 21.585119427034357], [70.56123575508329, 21.58512476889468], [70.56115506301457, 21.585130110754825], [70.56107437094586, 21.585135452614768], [70.56099367887715, 21.58514079530981], [70.56091298680845, 21.58514613716938], [70.5608323046212, 21.585140862135272], [70.56075162243395, 21.5851355879363], [70.560670941145, 21.585130313737125], [70.56059025895777, 21.585125038702483], [70.56050957677053, 21.585119764502924], [70.5604288945833, 21.58511448946785], [70.56034821239605, 21.58510921443262], [70.56026753110713, 21.585103939397186], [70.5601868489199, 21.58509866436155], [70.56010616673262, 21.585093389325735], [70.56002705659714, 21.585077686173598], [70.55994794735999, 21.585061983855095], [70.5598688381228, 21.585046280699558], [70.55978972798731, 21.585030577542316], [70.55971061875012, 21.5850148752187], [70.55963150861463, 21.584999172058062], [70.55955239937744, 21.584983469731046], [70.55947328924195, 21.584967766566987], [70.55939418000476, 21.58495206340127], [70.55931506986927, 21.584936360233815], [70.5592392646357, 21.584971100325742], [70.55916346030044, 21.585005840409323], [70.55908765506686, 21.585040581319888], [70.55901185073165, 21.585075321386817], [70.55893604549807, 21.585110061445413], [70.55886024026451, 21.585144801495673], [70.55878443592924, 21.585179541537588], [70.55870863069568, 21.585214282406525], [70.55863282636044, 21.585249022431775], [70.55855702112686, 21.585283762448704], [70.55848167313576, 21.585313283395728], [70.55840632514469, 21.585342803501387], [70.5583309771536, 21.58537232443639], [70.55825562916253, 21.585401845365354], [70.55818028117142, 21.585431365453], [70.55810493318035, 21.585460886369948], [70.55802958518927, 21.58549040644551], [70.55795423719816, 21.585519927350408], [70.5578773144604, 21.585545636703255], [70.55780039172261, 21.585571346051484], [70.55772346808654, 21.585597055395187], [70.55764654534875, 21.585622764734282], [70.55756962261096, 21.585648474068847], [70.5574926998732, 21.585674182563533], [70.55741577623708, 21.58569989188895], [70.55733885349933, 21.58572560120983], [70.5572770979168, 21.585742883036467], [70.5572468588277, 21.58566446784874], [70.55721661884027, 21.58558605178328], [70.55718637975119, 21.58550763651063], [70.55715613976379, 21.58542922036025], [70.55712590067469, 21.58535080500268], [70.55709566068727, 21.58527238876738], [70.55706542159818, 21.585193973324902], [70.55703518161079, 21.585115557004677], [70.55700494252169, 21.585037141477304], [70.5569747034326, 21.58495872590744], [70.55694446344518, 21.584880309459844], [70.55691422435608, 21.584801893805057], [70.55688398436868, 21.58472347727254], [70.5568537452796, 21.584645061532843], [70.55682350529217, 21.58456664491542], [70.55679326620307, 21.58448822909079], [70.55676302621568, 21.584409812388444], [70.55673278712659, 21.584331396478944], [70.55670254803749, 21.584252980526955], [70.55667230805007, 21.58417456369722], [70.55664206896097, 21.584096147660322], [70.55661182897359, 21.584017730745682], [70.55658158988449, 21.583939314623862], [70.55655134989706, 21.583860897624312], [70.55652111080796, 21.58378248141761], [70.55649087082054, 21.583704064333112], [70.55646063173145, 21.58362564804149], [70.55643039264235, 21.583547231707374], [70.55640015265496, 21.583468814495543], [70.55636991356586, 21.58339039807652], [70.55633967357845, 21.583311980779765], [70.55630943448935, 21.583233564275847], [70.55627919450195, 21.58315514689416], [70.55624895541285, 21.583076730305358], [70.55621871542544, 21.58299831283875], [70.55618847633635, 21.58291989616503], [70.55615823724726, 21.582841479448817], [70.55612799725986, 21.58276306185487], [70.55609775817076, 21.58268464505375], [70.55606751818334, 21.582606227374896], [70.55603727909426, 21.582527810488866], [70.55600703910686, 21.582449392725092], [70.55597680001776, 21.58237097575419], [70.55594656003034, 21.582292557905483], [70.55591632094125, 21.58221414084965], [70.55588608185214, 21.58213572375135], [70.55585584186476, 21.582057305775304], [70.55582560277566, 21.581978888592097], [70.55579536278823, 21.58190047053113], [70.55576512369913, 21.581822053263053], [70.55573488371175, 21.581743635117157], [70.55570464462265, 21.581665217764154], [70.55567440463523, 21.581586799533348], [70.55564416554613, 21.581508382095453], [70.55561392645704, 21.58142996461507], [70.55558368646965, 21.581351546256936], [70.55555344738056, 21.58127312869164], [70.55552320739312, 21.581194710248603], [70.55549296830404, 21.581116292598427], [70.55546272831664, 21.581037874070454], [70.55543248922754, 21.580959456335382], [70.55540224924012, 21.580881037722502], [70.55537201015103, 21.58080261990252], [70.55534177106193, 21.58072420204006], [70.55531153107454, 21.580645783299843], [70.55528129198544, 21.580567365352486], [70.55525105199803, 21.580488946527375], [70.55522081290893, 21.580410528495136], [70.55519057292153, 21.58033210958508], [70.55516033383245, 21.580253691467945], [70.55513009384502, 21.580175272472992], [70.55509985475592, 21.580096854270938], [70.55506961566684, 21.580018436026414], [70.55503937567944, 21.579940016904136], [70.55500913659034, 21.579861598574745], [70.55497889660292, 21.579783179367535], [70.55494865751383, 21.579704760953234], [70.55491841752644, 21.57962634166113], [70.55488817843734, 21.579547923161922], [70.55485793844991, 21.579469503784917], [70.55482769936083, 21.579391085200815], [70.55479746027173, 21.579312666574246], [70.55476722028433, 21.579234247069895], [70.55473698119523, 21.579155828358456], [70.55470674120782, 21.579077408769184], [70.55467650211871, 21.57899898997285], [70.55464626213133, 21.57892057029868], [70.55461602304223, 21.578842151417437], [70.55458578395314, 21.5787637324937], [70.5545555439657, 21.578685312692222], [70.55452530487662, 21.57860689368359], [70.5544950648892, 21.578528473797217], [70.55446482580014, 21.57845005470373], [70.5544345858127, 21.57837163473241], [70.55440434672362, 21.578293215554027], [70.55437410673619, 21.578214795497825], [70.55434386764709, 21.578136376234546], [70.554313628558, 21.578057956928774], [70.55428338857061, 21.57797953674526], [70.55425314948151, 21.57790111735463], [70.55422290949409, 21.577822697086184], [70.554192670405, 21.577744277610662], [70.5541624304176, 21.577665857257305], [70.5541321913285, 21.5775874376969], [70.55410195134108, 21.57750901725866], [70.554071712252, 21.577430597613347], [70.5540414731629, 21.577352177925565], [70.5540112331755, 21.577273757360004], [70.55398099408642, 21.57719533758735], [70.55395075409899, 21.57711691693688], [70.55392051500988, 21.577038497079336], [70.5538902750225, 21.57696007634397], [70.55386003593341, 21.57688165640153], [70.55382979594597, 21.576803235581266], [70.55379955685687, 21.57672481555394], [70.55376931776779, 21.57664639548414], [70.5537390777804, 21.576567974536566], [70.5537088386913, 21.576489554381904], [70.55367859870387, 21.5764111333494], [70.55364835961478, 21.576332713109856], [70.5536181196274, 21.576254291992466], [70.5535878805383, 21.576175871668028], [70.55355764055086, 21.576097450465742], [70.55352740146178, 21.57601903005641], [70.55349716237268, 21.575940609604633], [70.55346692238528, 21.575862188275025], [70.5534366832962, 21.575783767738354], [70.55340644330877, 21.57570534632385], [70.55337620421967, 21.575626925702284], [70.55334596423228, 21.57554850420291], [70.5533157251432, 21.575470083496462], [70.55328548515577, 21.57539166191218], [70.55325524606667, 21.57531324112085], [70.55322500697758, 21.575234820287076], [70.55319476699019, 21.575156398575473], [70.55316452790109, 21.575077977656804], [70.55313428791366, 21.574999555860302], [70.55310404882458, 21.57492113485675], [70.55307380883718, 21.574842712975368], [70.55304356974808, 21.574764291886947], [70.55301332976066, 21.574685869920668], [70.55298309067157, 21.57460744874735], [70.55295285158248, 21.574529027531597], [70.55292261159508, 21.574450605437992], [70.552892372506, 21.574372184137353], [70.55286213251857, 21.574293761958867], [70.55283189342947, 21.574215340573332], [70.55280165344207, 21.574136918309964], [70.55277141435299, 21.574058496839545], [70.55274117436556, 21.573980074491296], [70.55271093527645, 21.573901652935994], [70.55268069618737, 21.573823231338263], [70.55265045619998, 21.57374480886269], [70.55262021711088, 21.573666387180065], [70.55258997712345, 21.573587964619605], [70.55255973803436, 21.5735095428521], [70.55252949804698, 21.57343112020676], [70.55249925895788, 21.57335269835437], [70.55246901897044, 21.573274275624147], [70.55243877988136, 21.573195853686887], [70.55240854079226, 21.573117431707185], [70.55237830080485, 21.57303900884964], [70.55234806171575, 21.572960586785054], [70.55231782172835, 21.572882163842625], [70.55228758263925, 21.57280374169316], [70.55225734265184, 21.572725318665846], [70.55222710356274, 21.57264689643151], [70.55219686357535, 21.57256847331933], [70.55216662448625, 21.57249005100011], [70.55213638539716, 21.572411628638438], [70.55210614540974, 21.572333205398945], [70.55207590632064, 21.572254782952403], [70.55204566633324, 21.572176359628024], [70.55201542724416, 21.5720979370966], [70.55198518725673, 21.57201951368734], [70.55195494816763, 21.571941091071057], [70.55192470818024, 21.571862667576916], [70.55189446909115, 21.57178424487575], [70.55185927758988, 21.5717080426137], [70.55182408698695, 21.571631841146964], [70.551788896384, 21.57155563880479], [70.55175370488273, 21.571479436422536], [70.55171851427981, 21.571403234000222], [70.55168332367688, 21.571327031537844], [70.55164813217563, 21.571250829035392], [70.55161294067436, 21.57117462649288], [70.55157775007143, 21.57109842391028], [70.55154255946846, 21.571022221287627], [70.5515073679672, 21.570946018624902], [70.55147217736429, 21.570869815922116], [70.55143698676136, 21.570793613179262], [70.55140179526009, 21.570717410396327], [70.55136660465716, 21.570641207573352], [70.55133141405419, 21.57056500471029], [70.55129622345127, 21.57048880264258], [70.55126103195002, 21.570412599699395], [70.55122584134709, 21.570336396716133], [70.55119065074412, 21.570260193692807], [70.55115546014119, 21.57018399062942], [70.55112026953827, 21.57010778752597], [70.5510850789353, 21.57003158438245], [70.55104988833237, 21.56995538119885], [70.55101469683112, 21.5698791779752], [70.55097950622817, 21.569802974711475], [70.55094431562523, 21.56972677140769], [70.55090912502229, 21.569650568063842], [70.55087393441936, 21.569574364679934], [70.5508387438164, 21.569498161255947], [70.55080355231517, 21.569421957791914], [70.55076836171222, 21.56934575428779], [70.55073317110929, 21.56926955074362], [70.55069798050636, 21.56919334715937], [70.5506627899034, 21.56911714437049], [70.55062759930047, 21.56904094070612], [70.55059240869754, 21.568964737001686], [70.55055721809458, 21.56888853325719], [70.55052202749165, 21.56881232947263], [70.55048683688872, 21.568736125647987], [70.55045164628575, 21.568659921783315], [70.55041645568282, 21.568583717878546], [70.5503812650799, 21.56850751393374], [70.55034607447693, 21.568431309948842], [70.550310883874, 21.568355105088468], [70.55027569327108, 21.56827890102346], [70.55024050266812, 21.56820269691838], [70.55020531206519, 21.56812649277325], [70.55017012146224, 21.568050288588054], [70.5501349308593, 21.567974084362785], [70.55009973935803, 21.567897880097455], [70.5500645487551, 21.567821675792075], [70.55002935815217, 21.567745471446617], [70.54999416754922, 21.567669267061113], [70.54995897694629, 21.567593062635535], [70.54992378634336, 21.567516858169892], [70.54988859574038, 21.5674406536642], [70.54985340513747, 21.567364449118433], [70.54981821453454, 21.5672882436972], [70.54978302393157, 21.567212039071308], [70.54974783332864, 21.567135834405367], [70.54971264272572, 21.56705962969935], [70.54967745212275, 21.566983424953285], [70.54964226151982, 21.566907220167145], [70.54960707091689, 21.566831015340956], [70.54957188031393, 21.566754810474702], [70.549536689711, 21.566678605568377], [70.54950149910808, 21.566602400622], [70.54946630850512, 21.56652619563556], [70.54952903606477, 21.56646654707906], [70.54959176362445, 21.56640689849804], [70.54965449118411, 21.566347249892495], [70.54971721874377, 21.566287601262395], [70.54977994720174, 21.566227951772298], [70.54984267476141, 21.56616830309308], [70.54990540232104, 21.566108654389343], [70.54996812988071, 21.566049005661064], [70.55003085744036, 21.565989356908208], [70.55009358500001, 21.56592970813085], [70.550156313458, 21.56587005849349], [70.55021904101766, 21.565810409667023], [70.55028176857732, 21.565750760816027], [70.5503444970353, 21.565691111940453], [70.55040722459495, 21.565631463040376], [70.55046995215461, 21.5655718132803], [70.55053268061259, 21.56551216433113], [70.55059540817224, 21.565452515357425], [70.5506581357319, 21.56539286635912], [70.55072086418988, 21.56533321733632], [70.55078359174955, 21.565273568288973], [70.55084631930923, 21.56521391921708], [70.55090904776718, 21.565154270120622], [70.55097177532683, 21.56509462099965], [70.55103450288651, 21.565034971854132], [70.55109723044617, 21.564975322684038], [70.55115995800583, 21.564915673489427], [70.55122268556548, 21.564856024270288], [70.55128541402347, 21.56479637419114], [70.55134814158312, 21.564736725758323], [70.55141086914277, 21.56467707646556], [70.55147359760076, 21.56461742631279], [70.55153632516041, 21.564557776970922], [70.55159905272008, 21.564498127604523], [70.55166178117805, 21.564438478213543], [70.5517245087377, 21.564378828798052], [70.55178723629736, 21.56431917935803], [70.55184996385701, 21.564259529893416], [70.55191269141666, 21.5641998804043], [70.55197541897635, 21.56414023089064], [70.55203814743432, 21.564080580516997], [70.55210087499395, 21.564020930954246], [70.55216360255365, 21.56396128220238], [70.5522263310116, 21.5639016317551], [70.55228905857126, 21.56384198211874], [70.55235178613094, 21.563782332457794], [70.55241451458889, 21.56372268193692], [70.55247724214856, 21.563663032226895], [70.55253996970823, 21.56360338332781], [70.55260269816618, 21.563543732733283], [70.55266542572585, 21.56348408294962], [70.55272815328553, 21.563424433141456], [70.55279088174348, 21.563364783308764], [70.55285360930313, 21.563305133451518], [70.55291633686284, 21.56324548356969], [70.55297906532078, 21.563185833663372], [70.55304179288042, 21.563126183732503], [70.55310452044012, 21.563066533777064], [70.55316724889806, 21.56300688379711], [70.55322997645773, 21.56294723379262], [70.55329270401741, 21.56288758376356], [70.55335543247536, 21.562827933709983], [70.55341816003502, 21.562768283631865], [70.5534808875947, 21.56270863352922], [70.55354361605265, 21.562648983401992], [70.55360634361234, 21.56258933325025], [70.553669071172, 21.562529683073972], [70.55373179962996, 21.562470032873122], [70.55379452718964, 21.56241038264776], [70.55385725474929, 21.562350732397864], [70.55391998320724, 21.56229108212343], [70.55398271076693, 21.56223143182442], [70.55404543832658, 21.562171781500886], [70.55410816678453, 21.56211213115283], [70.55417089434421, 21.56205248078018], [70.55423362190388, 21.561992829547584], [70.55429635036182, 21.561933179125905], [70.55435907792152, 21.561873528679683], [70.55442180548117, 21.56181387820892], [70.55448453393912, 21.56175422771358], [70.55454726149881, 21.561694577193744], [70.55460998905846, 21.561634926649358], [70.55467271751642, 21.561575276080404], [70.5547354450761, 21.561515625486948], [70.55479817263576, 21.561455974868938], [70.5548609010937, 21.561396324226397], [70.55492362865338, 21.561336673559282], [70.55498635621305, 21.56127702286766], [70.555049084671, 21.561217372151496], [70.55511181223068, 21.56115772141077], [70.55517453979034, 21.561098070645524], [70.55523726824829, 21.561038419855752], [70.55529999580799, 21.560978769041398], [70.55536272336764, 21.560919118202545], [70.55542545182561, 21.560859467339146], [70.55548817938528, 21.56079981645121], [70.55555090694493, 21.560740165538704], [70.5556136354029, 21.560680514601685], [70.55567636296257, 21.560620863640125], [70.55573909052222, 21.560561212654008], [70.55580181898021, 21.560501561643377], [70.55586454653985, 21.560441910608194], [70.55592727409952, 21.560382259548494], [70.55599000255751, 21.560322608464215], [70.55605273011716, 21.56026295735543], [70.5561154585751, 21.560203306222107], [70.5561781870331, 21.560143655064216], [70.55624091459273, 21.560084003881812], [70.5563036421524, 21.560024352674866], [70.55636637061039, 21.559964701443363], [70.55642909817003, 21.559905050187336], [70.5564918257297, 21.559845398906777], [70.55655455418767, 21.55978574760169], [70.55661728174734, 21.559726096272023], [70.55668000930699, 21.559666444917855], [70.55674273776496, 21.559606793539157], [70.55680546532463, 21.55954714213588], [70.55686819288428, 21.55948749070809], [70.55693092134226, 21.55942783925577], [70.55699364890192, 21.559368187778908], [70.55705637646157, 21.559308536277467], [70.55711910491956, 21.559248884751547], [70.5571818324792, 21.55918923320106], [70.5572445600389, 21.559129581626024], [70.55730728849686, 21.559069930026467], [70.55737001605651, 21.559010278402383], [70.55743274361619, 21.558950626753735], [70.55749547207414, 21.55889097508057], [70.5575581996338, 21.558831323382876], [70.55762092719348, 21.55877167166064], [70.55768365565143, 21.558712019913838], [70.5577463832111, 21.55865236814252], [70.55780911077078, 21.558592716346674], [70.55787183922872, 21.558533064526262], [70.55793456678838, 21.558473412681344], [70.55799729524637, 21.558413760811888], [70.55806002370436, 21.558354108917893], [70.55812275126401, 21.558294456999327], [70.55818547882366, 21.558234805056248], [70.55824820728165, 21.55817515308865], [70.5583109348413, 21.558115501096477], [70.55837366240095, 21.558055849079796], [70.55843639085893, 21.557996197038577], [70.5584991184186, 21.55793654497279], [70.55856184597825, 21.557876892882504], [70.55862457443624, 21.557817240767687], [70.55868730199589, 21.557757588628327], [70.55875002955554, 21.55769793646439], [70.55881275801353, 21.55763828427596], [70.55887548557317, 21.557578632062977], [70.55893821313283, 21.557518979825456], [70.55900094159082, 21.557459327563404], [70.55906366915048, 21.557399675276837], [70.55912639671013, 21.557340022965715], [70.5591891251681, 21.55728037063003], [70.55925185272777, 21.55722071826985], [70.55931458028742, 21.557161065885115], [70.5593773087454, 21.55710141347583], [70.55944003630506, 21.55704176104204], [70.55950276386471, 21.55698210858371], [70.5595654923227, 21.556922456100814], [70.55962821988234, 21.556862803593415], [70.55969094744201, 21.556803151061473], [70.5597536759, 21.556743498505003], [70.55981640345965, 21.556683845923956], [70.55987913191763, 21.556624193318417], [70.55994186037562, 21.55656454068835], [70.56000458793527, 21.556504888033704], [70.56006731549493, 21.556445235354555], [70.56013004395291, 21.556385582650865], [70.56019277151256, 21.556325929922657], [70.56025549907223, 21.556266277169872], [70.5603182275302, 21.556206624392583], [70.56038095508985, 21.556146971590753], [70.5604436826495, 21.55608731876437], [70.5605064111075, 21.55602766591347], [70.56056913866716, 21.555968013038054], [70.5606318662268, 21.555908360138044], [70.56069459468479, 21.55584870721356], [70.56075732224444, 21.555789054264523], [70.5608200498041, 21.555729401290954], [70.56088277826208, 21.55566974829282], [70.56094550582173, 21.555610095270186], [70.5610082333814, 21.55555044222302], [70.56107096183938, 21.55549078915129], [70.56113368939903, 21.555431136055052], [70.56119641695868, 21.555371482934277], [70.56125914541667, 21.555311829788973], [70.56132187297632, 21.55525217661909], [70.56138460053597, 21.555192523424726], [70.56144732899396, 21.55513287020581], [70.56151005655362, 21.55507321696234], [70.56157278411327, 21.55501356369437], [70.56163551257126, 21.554953910401846], [70.56169824013091, 21.55489425708479], [70.5617609685889, 21.554834603743206], [70.56182369704685, 21.554774950377084], [70.5618864246065, 21.554715296986444], [70.56194915216619, 21.554655643571238], [70.56201188062414, 21.554595990131528], [70.56207460818379, 21.554536336667276], [70.56213733574347, 21.55447668317847], [70.56220006420142, 21.554417029665153], [70.56226279176109, 21.554357376127317], [70.56232551932077, 21.55429772256493], [70.56238824777873, 21.554238068977984], [70.56245097533838, 21.55417841536655], [70.56251370289807, 21.554118761730564], [70.56257643135602, 21.554059108070035], [70.56263915891567, 21.553999454384975], [70.56268061257279, 21.553925506139382], [70.56272206533156, 21.553851558691573], [70.56276351898869, 21.553777610370574], [70.56280497264578, 21.553703662847347], [70.56284642630287, 21.553629714450942], [70.56288787906166, 21.553555766852362], [70.56292933271875, 21.55348181838057], [70.56297078637584, 21.553407870706568], [70.56301224003298, 21.553333922159382], [70.56305369279174, 21.55325997440997], [70.56309514644887, 21.553186025787387], [70.56313659920762, 21.553112077962606], [70.56317805286476, 21.55303812926462], [70.56321950652185, 21.552964181364423], [70.56326096017894, 21.552890232591047], [70.56330241293773, 21.55281628461547], [70.56334386659483, 21.552742335766716], [70.56338532025192, 21.55266838688024], [70.56342677390904, 21.552594438791587], [70.56346822756613, 21.552520489829718], [70.56350968032493, 21.55244654166565], [70.56355113398202, 21.552372592628387], [70.56359258674082, 21.55229864438895], [70.56363404039791, 21.552224695276298], [70.563675494055, 21.552150746961445], [70.5637169477121, 21.552076797773427], [70.56375840047089, 21.552002849383182], [70.56379985412798, 21.551928900119744], [70.56384130778511, 21.551854951654132], [70.5638827614422, 21.551781002315305], [70.563924214201, 21.551707053774276], [70.56396566785808, 21.551633104360057], [70.56400712151517, 21.55155915490814], [70.56404857427398, 21.55148520625405], [70.56409002793107, 21.551411256726755], [70.56413148158816, 21.551337307997272], [70.5641729352453, 21.55126335839457], [70.56421438800406, 21.551189409589682], [70.56425584166115, 21.551115459911607], [70.56429729531826, 21.55104151103135], [70.56433874897536, 21.55096756127787], [70.56438020173415, 21.55089361232221], [70.56442165539124, 21.550819662493335], [70.56446310904835, 21.55074571346231], [70.56450456270544, 21.550671763558054], [70.56454601546422, 21.55059781445165], [70.56458746912132, 21.550523864472005], [70.56462892188011, 21.55044991529017], [70.5646703755372, 21.55037596523513], [70.56471182919434, 21.550302015142424], [70.56475328285143, 21.550228065847538], [70.56479473650852, 21.550154115679426], [70.56483618926731, 21.55008016630916], [70.5648776429244, 21.550006216065658], [70.56491909658149, 21.549932266619976], [70.56496055023862, 21.549858316301105], [70.56500200299739, 21.54978436678006], [70.56504345665452, 21.549710416385782], [70.56508491031161, 21.549636466789345], [70.5651263639687, 21.54956251631969], [70.5651678167275, 21.54948856664787], [70.56520927038459, 21.549414616102837], [70.56525072404168, 21.54934066635564], [70.56529217769881, 21.549266715735225], [70.56533363045757, 21.549192765912622], [70.56537508411469, 21.54911881521682], [70.56541653777178, 21.549044864483317], [70.56545799053058, 21.548970914547667], [70.56549944418767, 21.548896963738787], [70.56554089784476, 21.548823013727755], [70.56558235150186, 21.548749062843484], [70.56562380426065, 21.548675112757035], [70.56566525791774, 21.548601161797382], [70.56570671157486, 21.548527211635594], [70.56574816523195, 21.548453260600564], [70.56578961799076, 21.54837931036336], [70.56583107164785, 21.54830535925295], [70.56587252530494, 21.54823140894039], [70.56591397896203, 21.548157457754588], [70.56595543172082, 21.54808350736665], [70.56599688537793, 21.54800955610548], [70.56603833903505, 21.547935604806618], [70.56607979179381, 21.547861654305578], [70.56612124545093, 21.547787702931334], [70.56616269910803, 21.54771375235494], [70.56620415276512, 21.54763980090532], [70.5662456055239, 21.54756585025352], [70.56628705918101, 21.547491898728545], [70.5663285128381, 21.547417948001367], [70.56636996649522, 21.547343996400986], [70.56641141925398, 21.54727004559847], [70.56645287291111, 21.54719609392271], [70.56649432566986, 21.54712214304476], [70.56653577932697, 21.547048191293637], [70.56657723298409, 21.546974240340347], [70.56661868664118, 21.54690028851383], [70.56666013939999, 21.546826337485186], [70.56670159305708, 21.54675238558329], [70.56674304671417, 21.5466784336437], [70.56678450037126, 21.54660448250195], [70.56682595402839, 21.546530530486983], [70.56686740678714, 21.546456579269897], [70.56690886044427, 21.546382627179558], [70.56695031320304, 21.546308675887044], [70.56699176686017, 21.54623472372134], [70.56703322051726, 21.546160772353495], [70.56707467417435, 21.5460868201124], [70.56711612693313, 21.546012868669177], [70.56715758059023, 21.545938916352714], [70.56719903424732, 21.545864964834102], [70.56724048790444, 21.54579101244226], [70.56728194066321, 21.545717060848293], [70.56732339432034, 21.54564310838107], [70.56736484707909, 21.545569156711736], [70.56740630073622, 21.54549520416915], [70.56744775439331, 21.545421251588866], [70.5674892080504, 21.545347299806444], [70.5675306617075, 21.545273347150783], [70.5675721144663, 21.545199395293018], [70.56761356812339, 21.54512544256199], [70.56765502178051, 21.545051490628822], [70.5676964754376, 21.544977537822426], [70.56773792819641, 21.544903585813906], [70.5677793818535, 21.544829632932142], [70.56782083551059, 21.54475568084827], [70.56786228916768, 21.544681727891128], [70.56790374192647, 21.544607775731833], [70.56794519558358, 21.54453382269933], [70.56798664834236, 21.544459870464696], [70.56802810199946, 21.54438591735682], [70.56806955565658, 21.54431196421125], [70.56811100931368, 21.54423801186357], [70.56815246297077, 21.544164058642632], [70.56819391572955, 21.544090106219556], [70.56823536938664, 21.544016152923255], [70.56827682304375, 21.543942200424826], [70.56831827670086, 21.543868247053158], [70.56835972945963, 21.543794294479337], [70.56840118311676, 21.543720341032287], [70.56844263677385, 21.54364638838314], [70.56848409043094, 21.543572434860724], [70.56852554318974, 21.54349848213621], [70.56856699684683, 21.54342452853843], [70.56860845050392, 21.54335057573851], [70.56864990416105, 21.543276622065363], [70.56869135691981, 21.5432026691901], [70.5687328105769, 21.543128715441576], [70.56875255105528, 21.543048468212152], [70.56877229063534, 21.54296822093839], [70.56879203021539, 21.542887974455798], [70.56881177069377, 21.542807727093297], [70.56883151027382, 21.5427274796864], [70.56885125075218, 21.542647232235165], [70.56887099033223, 21.542566985575082], [70.56889073081061, 21.54248673803511], [70.56891047039066, 21.542406490450723], [70.56893021086901, 21.54232624282201], [70.5689499513474, 21.542245995148885], [70.56896969092746, 21.54216574826698], [70.56898943050751, 21.542085500505145], [70.5690091709859, 21.54200525269896], [70.56902891056595, 21.541925004848373], [70.56904865104428, 21.541844756953424], [70.56906839062434, 21.54176450984968], [70.56908813110272, 21.54168426186598], [70.56910787068277, 21.541604013837947], [70.56912761116114, 21.541523765765536], [70.56914735074119, 21.541443518484318], [70.56916709032124, 21.541363270323156], [70.56918683079962, 21.541283022117646], [70.56920657127796, 21.54120277386775], [70.56922631085801, 21.54112252557351], [70.56924605043807, 21.541042278070456], [70.56926579091645, 21.540962029687485], [70.5692855304965, 21.54088178126011], [70.5693052709749, 21.5408015327884], [70.56932501145324, 21.5407212842723], [70.5693447510333, 21.54064103654745], [70.56936449061335, 21.54056078794261], [70.56938423109173, 21.54048053929345], [70.56940397157008, 21.540400290599877], [70.56942371115014, 21.540320042697523], [70.56944345162852, 21.540239793915262], [70.56946319210687, 21.540159545088628], [70.56948711783616, 21.54007981761817], [70.56951104266713, 21.540000090939483], [70.56953496839638, 21.539920363381448], [70.56955889322735, 21.539840636615207], [70.56958281805831, 21.53976090896959], [70.5696067437876, 21.539681181280187], [70.56963066861857, 21.53960145438255], [70.56965459344953, 21.53952172660555], [70.5696785191788, 21.539441998784778], [70.56970244400975, 21.539362271755806], [70.56972636973904, 21.539282543847442], [70.56975029457001, 21.539202816730903], [70.56977421940097, 21.539123088734957], [70.56979814513024, 21.539043360695246], [70.56982206996119, 21.53896363344729], [70.56984599569049, 21.538883905319985], [70.56986992052146, 21.538804177984503], [70.56989384535241, 21.538724449769617], [70.56991777108168, 21.538644721510956], [70.56994169591263, 21.5385649940441], [70.56996562164193, 21.53848526569786], [70.5699895464729, 21.53840553730783], [70.57001347130382, 21.53832580970958], [70.57003739703312, 21.53824608123197], [70.57006132186407, 21.53816635354618], [70.57008524759335, 21.53808662498099], [70.57010917242431, 21.53800689637202], [70.57013309725527, 21.537927168554848], [70.57015702298456, 21.537847439858304], [70.57018094781552, 21.537767711953585], [70.5702048735448, 21.53768798316946], [70.57022879837575, 21.537608254341556], [70.5702527232067, 21.537528526305483], [70.57027664893602, 21.537448797390013], [70.57030057466527, 21.537369068430753], [70.57032449949624, 21.53728934026327], [70.5703484243272, 21.537209611216444], [70.57037234915816, 21.537129882961423], [70.57039627488746, 21.53705015382703], [70.57042020061671, 21.536970424648832], [70.57044412544768, 21.536890696262464], [70.57046805027863, 21.5368109669967], [70.5704919751096, 21.536731238522744], [70.5705159008389, 21.536651509169424], [70.57053982656815, 21.536571779772302], [70.57056375139912, 21.536492051167013], [70.57058767623008, 21.536412321682324], [70.57061160195937, 21.536332592153858], [70.57063552679034, 21.536252863417186], [70.57065945251959, 21.536173133801142], [70.57068337735056, 21.536093404976942], [70.57070730218152, 21.536013675273328], [70.57073122791081, 21.53593394552594], [70.57075515274174, 21.53585421657038], [70.57077907847103, 21.535774486735427], [70.570803003302, 21.535694757692276], [70.57082692813296, 21.53561502776975], [70.57085085386223, 21.53553529780344], [70.57087477869318, 21.53545556862897], [70.57089870352415, 21.53537583857509], [70.57092262925345, 21.535296108477443], [70.5709465540844, 21.53521637917162], [70.57097047981368, 21.535136648986395], [70.57099440464462, 21.535056919592986], [70.57101832947559, 21.534977189320195], [70.57104225520489, 21.534897459003627], [70.57106618003584, 21.534817729478917], [70.57109010576512, 21.53473799907478], [70.57111403059608, 21.53465826946245], [70.57113795542703, 21.53457853897076], [70.57116188115633, 21.53449880843528], [70.57118580598728, 21.534419078691645], [70.57120973171656, 21.5343393480686], [70.57123365654752, 21.534259617401787], [70.57125758137849, 21.534179887526808], [70.57128150710778, 21.53410015677243], [70.57130543193874, 21.534020426809867], [70.571329357668, 21.53394069596792], [70.57135328339729, 21.533860965082187], [70.57137720822826, 21.53378123498832], [70.57140113305923, 21.53370150401503], [70.57142505789018, 21.533621773833573], [70.57144898361945, 21.533542042772755], [70.57147290934873, 21.533462311668135], [70.57149683417965, 21.53338258135532], [70.57152075901062, 21.533302850163142], [70.57154468473992, 21.53322311892718], [70.57156860957089, 21.53314338848307], [70.57159253530014, 21.533063657159552], [70.57161646013111, 21.53298392662785], [70.57164038496207, 21.532904195216776], [70.57164103713896, 21.532821107913694], [70.5716416902142, 21.532738019727475], [70.57164234328941, 21.532654932329308], [70.5716429954663, 21.532571844883574], [70.57164364854152, 21.532488756554724], [70.57164430071842, 21.53240566901393], [70.57164495289531, 21.532322581425618], [70.5716456059705, 21.5322394929541], [70.57164625814742, 21.53215640527069], [70.57164691122262, 21.5320733167041], [70.57164756339951, 21.531990228925615], [70.57164821647474, 21.531907141099587], [70.57164886865162, 21.531824052390384], [70.57164952172684, 21.53174096446927], [70.57165017390375, 21.531657876500613], [70.57165082608063, 21.531574787648818], [70.57165147915586, 21.53149169958505], [70.57165213133275, 21.53140861147379], [70.57165278440795, 21.531325522479367], [70.57165343658484, 21.53124243427302], [70.57165408876176, 21.531159346019134], [70.57165474183695, 21.531076256882066], [70.57165539401385, 21.530993168533104], [70.57165604708906, 21.530910079300956], [70.57165670016428, 21.53082699085692], [70.57165735234119, 21.53074390236534], [70.57165800541637, 21.530660812990575], [70.57165865759328, 21.530577724403923], [70.5716593097702, 21.53049463576973], [70.57165996284539, 21.530411546252346], [70.5716606159206, 21.53032845752308], [70.57166126809749, 21.530245368746268], [70.57166192117272, 21.53016227908632], [70.57166257334961, 21.530079190214412], [70.5716632255265, 21.529996101294987], [70.57166387860168, 21.529913011492408], [70.57166453167692, 21.529829922477923], [70.57166518385381, 21.529746833415906], [70.57166583692904, 21.529663743470685], [70.57166648910592, 21.529580654313598], [70.57166714218116, 21.529497564273303], [70.57166779435805, 21.52941447502114], [70.57166844653493, 21.529331385721424], [70.57166909961012, 21.529248295538526], [70.57166975268535, 21.529165206143748], [70.57167040486225, 21.529082116701453], [70.57167105793745, 21.528999026375942], [70.57167171011436, 21.52891593683856], [70.57167236229125, 21.528832847253646], [70.57167301536647, 21.52874975678557], [70.57167366754337, 21.528666667105583], [70.57167431972026, 21.52858357737803], [70.57167497189715, 21.52850048676735], [70.57167562407405, 21.52841739694476], [70.57167627625094, 21.528334306238982], [70.57167692842782, 21.52825121632132], [70.57167758060473, 21.52816812635614], [70.57167823278165, 21.528085035507743], [70.57167888585684, 21.528001945447492], [70.57167953803373, 21.527918855339696], [70.57168019021061, 21.527835764348712], [70.57168084238755, 21.527752674145855], [70.5716814388689, 21.52767557466468], [70.57168203445192, 21.527598475142558], [70.57168263003494, 21.527521376415176], [70.57168322651631, 21.527444276811195], [70.57168382209932, 21.52736717716629], [70.57168441858069, 21.527290077480504], [70.5716558719176, 21.527211186116148], [70.57162732435617, 21.527132293873322], [70.57159877679474, 21.527053402423306], [70.57157023013166, 21.526974510930415], [70.57154168257026, 21.526895618559028], [70.57151313500883, 21.526816726980467], [70.57148458834574, 21.526737835359032], [70.57145604078431, 21.5266589428591], [70.57142749412121, 21.526580051151992], [70.5713989474581, 21.526501159402013], [70.57137039989668, 21.526422266773547], [70.5713418523353, 21.526343374937895], [70.57131330477387, 21.526264483059357], [70.57128475811076, 21.52618559113802], [70.57125621054938, 21.52610669833815], [70.57122766388625, 21.52602780633112], [70.57119911632485, 21.52594891428121], [70.57117056876342, 21.525870021352794], [70.57114202210033, 21.525791129217218], [70.57111347543724, 21.525712237038764], [70.57108492787582, 21.525633343981816], [70.57105638031442, 21.525554451717692], [70.57102783365131, 21.525475559410708], [70.57099928608989, 21.525396666225202], [70.57097073852846, 21.525317773832544], [70.57094219186537, 21.525238881397026], [70.57091364430397, 21.52515998808299], [70.57088509764088, 21.5250810955618], [70.57085655007945, 21.525002202997722], [70.57082800251803, 21.524923309555167], [70.57079945585494, 21.52484441690543], [70.57077090919184, 21.524765524212825], [70.57074236163045, 21.52468663064172], [70.57071381406902, 21.52460773786345], [70.57068526740592, 21.52452884504235], [70.5706567198445, 21.524449951342703], [70.57062817228311, 21.524371058435875], [70.57059962562, 21.52429216548624], [70.57057107805858, 21.52421327165806], [70.57054253139547, 21.52413437862269], [70.57051398383405, 21.524055485544523], [70.57048543717094, 21.523976592423455], [70.57045688960956, 21.523897698423916], [70.57042834204813, 21.523818805217203], [70.57039979538504, 21.52373991196763], [70.57037124782362, 21.523661017839547], [70.57034270026222, 21.523582124504316], [70.57031415359913, 21.523503231126195], [70.5702856060377, 21.52342433686958], [70.5702570593746, 21.523345443405816], [70.57022851181317, 21.523266549899176], [70.57019996425178, 21.52318765551403], [70.57017141758868, 21.523108761921744], [70.5701428709256, 21.523029868286596], [70.57011432336417, 21.52295097377293], [70.57008577580274, 21.52287208005207], [70.57005722913964, 21.522793186288418], [70.57002868157825, 21.52271429164622], [70.57000013401682, 21.522635397796844], [70.56997158735372, 21.522556503904642], [70.5699430397923, 21.522477609133926], [70.5699144931292, 21.522398715156015], [70.56988594556782, 21.52231982113531], [70.56985739800639, 21.52224092623606], [70.56982885134329, 21.522162032129643], [70.56980030468019, 21.522083137980403], [70.56977175711876, 21.52200424295263], [70.56974320955737, 21.521925348717684], [70.56971466199595, 21.521846454439924], [70.56968611533284, 21.52176756011929], [70.56965756777142, 21.521688664920152], [70.56962902110831, 21.521609770513873], [70.56960047444524, 21.52153087606476], [70.56957192688381, 21.521451980737098], [70.5695433793224, 21.521373086202274], [70.56951483265931, 21.521294191624627], [70.56948628509788, 21.52121529616846], [70.56945773753648, 21.521136401505103], [70.56942919087336, 21.52105750679895], [70.56940064331197, 21.52097861121425], [70.56937209575054, 21.520899716422388], [70.56934354908745, 21.520820821587726], [70.56931500152602, 21.520741925874507], [70.56928645486292, 21.52066303095411], [70.56925790819983, 21.52058413599093], [70.56922936063843, 21.520505240149202], [70.569200813077, 21.520426345100297], [70.56917226641391, 21.520347450008597], [70.56914371885249, 21.520268554038363], [70.56911517129109, 21.520189658860943], [70.569086624628, 21.520110763640734], [70.56905807706657, 21.520031867541967], [70.56902952950514, 21.519952972236077], [70.56900098284204, 21.51987407688731], [70.56897243528066, 21.519795180660047], [70.56894388861755, 21.519716285225638], [70.56891534105613, 21.519637389748375], [70.56888679439302, 21.519558494228292], [70.5688582468316, 21.519479597829662], [70.56882969927021, 21.519400702223884], [70.56880115260711, 21.519321806575306], [70.56877260504568, 21.51924291004817], [70.5687440583826, 21.519164014313883], [70.56871551082118, 21.519085118536783], [70.56868696325976, 21.519006221881142], [70.56865841659668, 21.518927326018346], [70.56862986993359, 21.51884843011273], [70.56860132237216, 21.51876953332859], [70.56857277481073, 21.518690637337276], [70.5685485176031, 21.518610712554814], [70.56852426129382, 21.518530787728395], [70.56850000498453, 21.518450863693733], [70.5684757477769, 21.51837093877939], [70.56845149056929, 21.518291013821084], [70.56842723336166, 21.518211088818806], [70.56840297615406, 21.518131163772587], [70.56837871984473, 21.518051239518133], [70.56835446263712, 21.517971314384003], [70.56833020542953, 21.517891389205904], [70.5683059482219, 21.517811463983865], [70.56828169101428, 21.51773153871782], [70.56825743470499, 21.51765161424359], [70.56823317749736, 21.517571688889657], [70.56820892028975, 21.517491763491783], [70.56818466308212, 21.517411838049952], [70.56816040587451, 21.517331912564153], [70.56813614866688, 21.517251987870086], [70.56811189145928, 21.51717206229638], [70.56808763425167, 21.517092136678713], [70.56816820864105, 21.51705617272709], [70.56824878303048, 21.517020209602354], [70.5683293583182, 21.516984245632933], [70.56840993270762, 21.51694828165466], [70.56849050709701, 21.51691231766748], [70.56857108148643, 21.51687635450709], [70.56865165677415, 21.516840390502075], [70.56873223116358, 21.516804426488203], [70.56881280555297, 21.51676846246543], [70.5688933799424, 21.51673249843372], [70.5689739552301, 21.516696534393134], [70.5690545296195, 21.516660570343653], [70.56913510490725, 21.51662460628524], [70.56921567839834, 21.516588643053698], [70.56929625368606, 21.516552678977487], [70.56937682807545, 21.51651671489241], [70.56945740246488, 21.51648075079844], [70.56953797685429, 21.516444786695526], [70.56961855214202, 21.51640882258376], [70.5696991265314, 21.516372858463047], [70.56977970092083, 21.516336894333477], [70.56986027620854, 21.51630093019501], [70.56994084969963, 21.516264966883313], [70.57002142498736, 21.51622900272704], [70.57010199937679, 21.51619303856184], [70.57018257376616, 21.51615707438776], [70.5702631481556, 21.516121110204786], [70.57034372344332, 21.51608514601289], [70.57042429783273, 21.516049181812118], [70.57050487222213, 21.516013217602413], [70.57058544750984, 21.51597725338383], [70.57066602279761, 21.515941289156366], [70.5707465962887, 21.515905325755693], [70.57082717067807, 21.51586936151042], [70.5709077450675, 21.515833397256223], [70.57098832035523, 21.51579743299315], [70.57106889474464, 21.515761468721184], [70.57114946913404, 21.515725504440272], [70.57123004352346, 21.515689540150507], [70.57131061881117, 21.51565357585184], [70.5713911940989, 21.515617611544236], [70.57147176759, 21.515581648063478], [70.57155234197941, 21.515545683738114], [70.57163291636881, 21.51550971940385], [70.57171349165652, 21.51547375506065], [70.57179406604594, 21.515437790708585], [70.57187464043537, 21.515401826347613], [70.57195521482475, 21.515365861977724], [70.57203579011248, 21.515329897598956], [70.57211636540019, 21.515293933211304], [70.57219693889128, 21.515257969650435], [70.57227751328071, 21.515222005244947], [70.57235808856844, 21.51518604083058], [70.57243866295785, 21.515150076407323], [70.57251923734725, 21.515114111975134], [70.57259981173667, 21.515078147534076], [70.57268038702438, 21.515042183084123], [70.5727609614138, 21.51500621862523], [70.57284153670153, 21.514970254157483], [70.57292211019262, 21.514934290516525], [70.57300268548035, 21.514898326030963], [70.57308325986976, 21.514862361536487], [70.57316383425915, 21.51482639703313], [70.57324440864856, 21.514790432520876], [70.57332498303796, 21.514754467999694], [70.57340555832572, 21.514718503469634], [70.5734861327151, 21.51468253893069], [70.57356670800283, 21.514646574382816], [70.57364728149392, 21.514610610661798], [70.57372785678164, 21.514574646096126], [70.57380843117106, 21.514538681521575], [70.57388900556049, 21.514502716938132], [70.57396957994987, 21.514466752345754], [70.57405015523759, 21.514430787744512], [70.57413072962703, 21.51439482313434], [70.57421130401644, 21.514358858515283], [70.57429187930416, 21.51432289388735], [70.57437245459188, 21.514286929250485], [70.57445302808297, 21.514250965440485], [70.57453360247236, 21.51421500078581], [70.57461417686179, 21.51417903612228], [70.5746947521495, 21.51414307144983], [70.57477532653893, 21.514107106768474], [70.57485590092831, 21.51407114207824], [70.57493647531774, 21.514035177379075], [70.57501705060547, 21.51399921267104], [70.57509762589318, 21.513963247954116], [70.57517819938427, 21.513927284063993], [70.57525877377368, 21.513891319329268], [70.57533934816308, 21.5138553545856], [70.57541992345084, 21.513819389833078], [70.57550049784022, 21.51378342507165], [70.57558107222965, 21.51374746030129], [70.57566164661904, 21.513711495522077], [70.57574222190678, 21.513675530733956], [70.5758227971945, 21.51363956593689], [70.5759033706856, 21.513603601966686], [70.575983945075, 21.513567637151873], [70.5760645203627, 21.513531672328156], [70.57614509475214, 21.513495707495498], [70.57622566914155, 21.513459742653996], [70.57630624353095, 21.513423777803588], [70.57638681881868, 21.513387812944234], [70.57646739320809, 21.51335184807603], [70.5765479684958, 21.513315883198906], [70.57662854198689, 21.513279919148623], [70.57670911637632, 21.51324395425369], [70.57678969166405, 21.513207989349873], [70.57687026605343, 21.51317202443718], [70.57695084044286, 21.51313605951554], [70.57703141483228, 21.51310009458503], [70.57711199011999, 21.51306412964563], [70.57719256450939, 21.5130281646973], [70.57727313979714, 21.512992199740104], [70.57735371328823, 21.51295623560972], [70.57743428857596, 21.512920270634726], [70.57751486296533, 21.51288430565081], [70.57759543735476, 21.512848340658003], [70.57767601174416, 21.512812375656317], [70.5777565870319, 21.51277641064571], [70.5778371614213, 21.51274044562621], [70.57791773581071, 21.512704480597833], [70.57799831109843, 21.51266851556051], [70.57807888638615, 21.512632550514333], [70.57815945987726, 21.512596586294972], [70.57824003426667, 21.512560621230985], [70.57832060865607, 21.512524656158103], [70.57840118304549, 21.512488691076292], [70.5784817583332, 21.512452725985625], [70.57856233272263, 21.512416760886012], [70.57864290711201, 21.512380795777535], [70.57872348239974, 21.512344830660165], [70.57880405768745, 21.512308865533864], [70.57888463117858, 21.512272901234454], [70.57896520556797, 21.512236936090353], [70.5790457799574, 21.512200970937386], [70.57912635524511, 21.512165005775525], [70.57920692963451, 21.512129040604737], [70.57928750402392, 21.512093075425078], [70.57936807841335, 21.512057110236487], [70.57944865370108, 21.51202114503903], [70.57952922809045, 21.51198517983268], [70.57960980247988, 21.5119492146174], [70.5796903768693, 21.51191324939324], [70.57977095215702, 21.511877284160196], [70.5798515265464, 21.51184131891821], [70.57993210093584, 21.511805353667373], [70.58000934886374, 21.511763071879464], [70.58008659679165, 21.511720790079238], [70.58016384471958, 21.511678508266737], [70.58024109264748, 21.511636226441937], [70.58031834057539, 21.511593944604815], [70.58039558940162, 21.51155166275542], [70.58047283732952, 21.51150938089371], [70.58055008525744, 21.511467099019708], [70.58062733318538, 21.51142481713342], [70.58070458111328, 21.511382535234816], [70.58078182904117, 21.51134025332392], [70.58085907696908, 21.511297971400737], [70.580936324897, 21.511255689465248], [70.58101357282493, 21.51121340751746], [70.58109082075283, 21.511171125557368], [70.58116806868073, 21.511128843584974], [70.58124531750697, 21.5110865616003], [70.58132256543487, 21.511044279603315], [70.58139981336278, 21.51100199759404], [70.58147706129071, 21.510959715572476], [70.58155430921862, 21.51091743353858], [70.58163155714652, 21.51087515149241], [70.58170880507443, 21.51083286943395], [70.58178605300236, 21.51079058736318], [70.58186330093027, 21.510748305280114], [70.58194054885817, 21.510706023184746], [70.58201779678608, 21.51066374107709], [70.58209504471402, 21.51062145895713], [70.58217229354021, 21.510579175989132], [70.58224954146814, 21.510536893844595], [70.58232678939606, 21.51049461168774], [70.58240403732397, 21.510452329518586], [70.58248128525186, 21.51041004733714], [70.5825585331798, 21.510367765143393], [70.5826357811077, 21.510325482937354], [70.58271302903562, 21.510283200719016], [70.58279027696352, 21.51024091848837], [70.58286752489141, 21.51019863624544], [70.58294477281936, 21.510156353990205], [70.58302202164556, 21.51011407172267], [70.5830992695735, 21.510071789442843], [70.5831765175014, 21.510029507150712], [70.5832537654293, 21.509987224846295], [70.58333101335721, 21.509944942529575], [70.58340826128514, 21.509902660200563], [70.58348550921305, 21.50986037785925], [70.58356275714095, 21.509818095505636], [70.58364000506886, 21.50977581313973], [70.58371725299679, 21.509733530761523], [70.5837945009247, 21.509691248371013], [70.58387174975093, 21.509648965968214], [70.58394899767883, 21.509606683553113], [70.58402624560675, 21.509564401125722], [70.58410349353464, 21.509522118686014], [70.58418074146259, 21.509479836234032], [70.58425798939048, 21.509437553769732], [70.58433523731838, 21.509395271293158], [70.5844124852463, 21.509352988804277], [70.5844897331742, 21.509310706303097], [70.58456698110214, 21.509268423789617], [70.58464422903003, 21.50922614126384], [70.58472147785628, 21.50918385872578], [70.58479872578418, 21.509141576175406], [70.58487597371209, 21.50909929361274], [70.58495322163998, 21.50905701103778], [70.58503046956793, 21.50901472845051], [70.58510771749583, 21.50897244585096], [70.58518496542374, 21.50893016323912], [70.58526221335164, 21.508887880614957], [70.58533946127957, 21.508845597978514], [70.58541670920748, 21.508803315329768], [70.58549395713538, 21.50876103266872], [70.58557120506329, 21.508718749995396], [70.58564845388952, 21.508676467309755], [70.58572570181744, 21.508634184611825], [70.58580294974537, 21.508591901901607], [70.58588019767328, 21.508549619179075], [70.58595744560117, 21.50850733644426], [70.58603469352907, 21.508465053697137], [70.586111941457, 21.50842277093772], [70.58618918938492, 21.508380488166015], [70.58626643731283, 21.508338205382007], [70.58634368524072, 21.508295922585695], [70.58642093316863, 21.508253639777095], [70.58649818199487, 21.50821135612042], [70.58657542992277, 21.508169073287227], [70.58665267785071, 21.508126790441732], [70.58672992577861, 21.50808450758395], [70.58680717370652, 21.50804222471386], [70.58688442163442, 21.507999941831486], [70.58696166956236, 21.507957658936807], [70.58703891749026, 21.50791537602983], [70.58711616541817, 21.507873093110558], [70.58719341334607, 21.507830810178998], [70.58727066127402, 21.50778852723512], [70.5873479101002, 21.50774624427897], [70.58742515802814, 21.507703961310515], [70.58750240595606, 21.507661678329757], [70.58757965388395, 21.50761939533671], [70.58765690181185, 21.50757711233136], [70.5877341497398, 21.507534829313723], [70.58781139766769, 21.507492546283792], [70.58788864559561, 21.50745026324155], [70.58796589352352, 21.50740798018702], [70.58804314145141, 21.507365697120193], [70.58812038937936, 21.507323414041068], [70.58819763730725, 21.507281130949654], [70.58827488613349, 21.507238847845937], [70.5883521340614, 21.50719656472993], [70.58842938198929, 21.507154281601608], [70.5885066299172, 21.50711199846101], [70.58858387784514, 21.507069715308106], [70.58866112577304, 21.507027432142916], [70.58873837370095, 21.506985148965423], [70.58881562162884, 21.506942865775667], [70.58889286955679, 21.506900582573593], [70.58897011748469, 21.506858299359205], [70.5890473654126, 21.506816016132525], [70.58912461423883, 21.50677373289356], [70.58920186216675, 21.506731449642277], [70.58927911009464, 21.506689166378717], [70.58935635802258, 21.506646883102857], [70.58943360595048, 21.506604599814704], [70.58951085387838, 21.506562316514252], [70.58957785202891, 21.50650769555165], [70.5896448492811, 21.50645307540434], [70.58971184743162, 21.50639845440075], [70.58977884468385, 21.506343834212373], [70.58984584283436, 21.50628921316774], [70.58991284008657, 21.506234592938334], [70.58997983823708, 21.506179971852657], [70.5900468363876, 21.506125350746462], [70.59011383363979, 21.506070730455495], [70.59018083179032, 21.50601610930828], [70.59024782904255, 21.505961488140535], [70.59031482719307, 21.505906866952266], [70.59038182444526, 21.50585224657924], [70.59044882259577, 21.50579762534993], [70.59051581984798, 21.505743004935912], [70.5905828179985, 21.505688383665575], [70.59064981614901, 21.50563376237469], [70.59071681340124, 21.50557914189911], [70.59078381155177, 21.50552452056722], [70.59085080880396, 21.50546990005057], [70.59091780695448, 21.505415278677653], [70.59098480420667, 21.505360658119976], [70.5910518023572, 21.505306036706017], [70.59111880050772, 21.505251415271537], [70.59118579775995, 21.50519679465231], [70.59125279591042, 21.505142173176814], [70.59131979316265, 21.50508755168077], [70.59138679131318, 21.50503293016423], [70.59145378856537, 21.504978309462945], [70.59152078671589, 21.504923687905364], [70.5915877848664, 21.504869066327263], [70.59165478211861, 21.504814445564453], [70.59172178026913, 21.504759823945296], [70.59178877752136, 21.504705203141455], [70.59185577567187, 21.504650581481297], [70.59192277292406, 21.504595960636376], [70.5919897710746, 21.5045413389352], [70.59205676832678, 21.504486718049254], [70.5921237664773, 21.50443209630702], [70.59219076462783, 21.50437747454428], [70.59225776188005, 21.504322853596783], [70.59232476003058, 21.504268231793016], [70.59239175728277, 21.504213609968726], [70.59245875543328, 21.504158988123915], [70.59252575268548, 21.50410436709437], [70.592592750836, 21.50404974520852], [70.59266006160026, 21.50399486086557], [70.59272737326279, 21.503939975666103], [70.59279468492537, 21.50388509044592], [70.59286199568962, 21.50383020520504], [70.59292930645383, 21.503775320779194], [70.5929966181164, 21.503720435496877], [70.59306392888065, 21.503665550193848], [70.59313123964486, 21.503610664870095], [70.59319855130744, 21.50355577952563], [70.59326586207168, 21.503500894160453], [70.5933331728359, 21.503446008774564], [70.59340048449847, 21.50339112336795], [70.59346779526271, 21.503336237940637], [70.59353510602692, 21.5032813533284], [70.59360241679117, 21.50322646785965], [70.59366972845375, 21.50317158237019], [70.59373703921796, 21.50311669686002], [70.59380434998221, 21.503061811329133], [70.59387166164478, 21.503006925777527], [70.59393897240899, 21.502952040205205], [70.59400628317324, 21.502897154612175], [70.59407359393748, 21.502842268998428], [70.59414090470172, 21.502787383363973], [70.59420821546597, 21.502732497708806], [70.59427552623018, 21.502677612032926], [70.59434283789275, 21.502622726336323], [70.594410148657, 21.502567840619008], [70.59447745942121, 21.50251295488098], [70.59454477108379, 21.50245806912224], [70.594612081848, 21.50240318334279], [70.59467939261225, 21.5023482983784], [70.5947467033765, 21.502293412557528], [70.59481401503903, 21.502238526715942], [70.59488132580329, 21.50218364085363], [70.59494863656754, 21.50212875497061], [70.59501594823007, 21.502073869066887], [70.59508325899432, 21.50201898314244], [70.59515056975856, 21.501964097197295], [70.5952178814211, 21.501909211231414], [70.59528519218536, 21.501854326080657], [70.5953525029496, 21.501799440073363], [70.59541981371385, 21.50174455404536], [70.59548712537638, 21.50168966799663], [70.59555443614063, 21.50163478192719], [70.59562320936216, 21.501581806474093], [70.595691983482, 21.501528830165924], [70.59576075670353, 21.501475854674243], [70.59582953082334, 21.501422878327475], [70.59589830404485, 21.501369902797194], [70.5959670781647, 21.501316926411814], [70.59603585138622, 21.50126395000716], [70.59610462460775, 21.501210974418992], [70.59617339782926, 21.501157997975753], [70.59624217194911, 21.501105021513197], [70.59631094517064, 21.501052045031333], [70.59637971839216, 21.50099906936602], [70.59644849161367, 21.500946092845567], [70.5965172657335, 21.500893116305843], [70.59658603895502, 21.500840140582604], [70.59665481217654, 21.50078716400429], [70.59672358539807, 21.500734187406678], [70.5967923595179, 21.500681211625555], [70.59686113273943, 21.500628234989353], [70.59692990596095, 21.500575258333832], [70.59699867918248, 21.500522282494845], [70.59706745330233, 21.500469305800735], [70.59713622652384, 21.50041632908734], [70.59720499974537, 21.500363353190455], [70.59727377296689, 21.500310376438485], [70.59734254708674, 21.500257399667213], [70.59741132030825, 21.500204422876617], [70.59748009352978, 21.500151446902546], [70.59754886675128, 21.50009847007339], [70.5976176408711, 21.500045493224935], [70.59768641409264, 21.49999251719298], [70.59775518731415, 21.49993954030595], [70.597823961434, 21.49988656339958], [70.59789273465552, 21.499833587309762], [70.59796150787705, 21.49978061036481], [70.59803028109856, 21.499727633400596], [70.59809905521841, 21.499674657252868], [70.59816782843993, 21.499621680250065], [70.59823660166145, 21.49956870322796], [70.59830537488297, 21.49951572702236], [70.59837414900278, 21.49946274996166], [70.59844292222431, 21.499409772881634], [70.59851169544582, 21.499356796618173], [70.59858046866735, 21.499303819499573], [70.59864924278719, 21.49925084236171], [70.59871801600872, 21.499197865204525], [70.59878678923023, 21.499144888863864], [70.59885556245176, 21.499091911668117], [70.5989243365716, 21.499038934453033], [70.59899310979313, 21.498985958054487], [70.59906188301464, 21.498932980800838], [70.59913065623617, 21.498880004363706], [70.59919943035602, 21.498827027071485], [70.59926820357754, 21.498774049759955], [70.59933697679905, 21.498721072429124], [70.59940575002058, 21.49866809591484], [70.5994745241404, 21.4986151185454], [70.59954329736192, 21.498562141156704], [70.59961207058345, 21.49850916458451], [70.59968084380496, 21.498456187157235], [70.59974961792481, 21.49840320971064], [70.59981839114633, 21.498350233080565], [70.59988716436786, 21.4982972555954], [70.59995593848771, 21.498244278090922], [70.60002471170922, 21.498191300567157], [70.60009348493074, 21.498138323859905], [70.60016225815227, 21.498085346297568], [70.60023103227208, 21.498032368715933], [70.60029980549359, 21.497979391950807], [70.60036857871512, 21.497926414330582], [70.60043735193668, 21.49787343752687], [70.60050612605649, 21.49782045986802], [70.60057489927802, 21.497767482189925], [70.60064367249953, 21.497714504492514], [70.60071244572104, 21.497661527611644], [70.6007812198409, 21.49760854987566], [70.60084999306243, 21.49755557212035], [70.60091876628394, 21.49750259518162], [70.60098753950547, 21.497449617387723], [70.6010563136253, 21.497396639574568], [70.60112508684684, 21.49734366174211], [70.60119386006835, 21.49729068472618], [70.60126263328988, 21.49723770685515], [70.60133140740969, 21.497184728964783], [70.6014001806312, 21.497131751891004], [70.60146895385273, 21.497078773962063], [70.60153772707424, 21.497025796849684], [70.6016065011941, 21.496972818882156], [70.60167527441561, 21.496919840895355], [70.60174404763714, 21.496866862889267], [70.60181282085865, 21.4968138856997], [70.60188159497851, 21.496760907655027], [70.60195036820002, 21.49670792959104], [70.60201914142155, 21.49665495234359], [70.60208791554138, 21.49660197424104], [70.60215668876289, 21.496548996119206], [70.60222546198443, 21.49649601881387], [70.60229423520596, 21.496443040653446], [70.60236300932579, 21.4963900624737], [70.6024317825473, 21.49633708427468], [70.60250055576883, 21.496284106892194], [70.60256932899034, 21.49623112865459], [70.6026381031102, 21.496178150397693], [70.60270687633171, 21.496125172957335], [70.60277564955324, 21.496072194661856], [70.60284442277475, 21.49601921634706], [70.6029131968946, 21.495966238848844], [70.60298197011612, 21.495913260495477], [70.60305074333765, 21.495860282122834], [70.60311951655916, 21.495807304566707], [70.60318829067897, 21.495754326155478], [70.6032570639005, 21.495701347724964], [70.60332583712201, 21.495648370110974], [70.60339461034354, 21.495595391641874], [70.6034633844634, 21.495542413153448], [70.60353215768491, 21.49548943464576], [70.60360093090642, 21.495436456954597], [70.60366970412795, 21.49538347840832], [70.6037384782478, 21.495330499842762], [70.60380725146932, 21.495277522093737], [70.60387602469085, 21.495224543489552], [70.60394479791236, 21.495171564866116], [70.60401357113388, 21.495118586223395], [70.6040823443554, 21.495065607561376], [70.60416132872676, 21.495029148361095], [70.60424031399641, 21.494992688315904], [70.60431929836777, 21.494956229097404], [70.60439828363747, 21.494919769869746], [70.6044772680088, 21.494883310632964], [70.60455625238015, 21.49484685138705], [70.60463523764984, 21.494810391296134], [70.60471422202122, 21.494773932031936], [70.60479320729087, 21.494737472758615], [70.60487219166222, 21.49470101347615], [70.60495117603358, 21.49466455418455], [70.60503016130325, 21.49462809404795], [70.6051091456746, 21.49459163473808], [70.60518813094428, 21.494555175419073], [70.60526711531563, 21.49451871609092], [70.60534609968698, 21.494482256753635], [70.60542508495666, 21.494445796571377], [70.60550406932803, 21.494409337215806], [70.60558305459769, 21.494372877851116], [70.60566203896906, 21.49433641847728], [70.60574102334041, 21.494299959094317], [70.60582000861007, 21.49426349886636], [70.60589899298142, 21.49422703946512], [70.60597797825112, 21.49419058005474], [70.60605696262245, 21.494154120635233], [70.60613594789213, 21.494117660370737], [70.60621493226348, 21.494081200932957], [70.60629391663485, 21.49404474148603], [70.6063729019045, 21.49400828202998], [70.60645188627586, 21.493971822564784], [70.60653087154553, 21.493935362254604], [70.60660985591689, 21.493898902771125], [70.60668884028826, 21.49386244327854], [70.60676782555794, 21.493825983776805], [70.60684680992927, 21.493789524265924], [70.60692579519896, 21.493753063910095], [70.60700477957032, 21.493716604380918], [70.60708376394167, 21.493680144842635], [70.60716274921133, 21.49364368445939], [70.6072417335827, 21.493607224902835], [70.60732071885235, 21.493570765337147], [70.6073997032237, 21.49353430576232], [70.60747868759506, 21.493497846178364], [70.60755767286477, 21.49346138574941], [70.60763665723609, 21.49342492614717], [70.60771564250578, 21.49338846653581], [70.60779462687714, 21.4933520069153], [70.60782658893494, 21.493429110392672], [70.60785855009443, 21.49350621382922], [70.60789051125394, 21.493583316389017], [70.60792247331172, 21.49366041974385], [70.60796325862226, 21.493734682858822], [70.6080040439328, 21.49380894593591], [70.60804482834502, 21.49388320813925], [70.60808561365553, 21.49395747114051], [70.60812639896608, 21.4940317341039], [70.60816718337827, 21.49410599702935], [70.60820796779049, 21.494180259081077], [70.60824875310101, 21.494254521930717], [70.60828953841155, 21.494328784742493], [70.60833844449225, 21.49439861839756], [70.60838735057295, 21.494468452019152], [70.60843625665363, 21.494538285607184], [70.60848516273435, 21.494608119161697], [70.60853406881506, 21.49467795184688], [70.60858297489574, 21.494747785334372], [70.60863188097646, 21.49481761878835], [70.60868078705714, 21.494887452208793], [70.60872969313785, 21.494957285595724], [70.6087861495585, 21.49502200780644], [70.60884260597915, 21.495086729988362], [70.60889906239983, 21.495151452141506], [70.6089555188205, 21.49521617426585], [70.60901197524113, 21.4952808963614], [70.60906843166181, 21.49534561759235], [70.6091248889808, 21.495410339630318], [70.60918134540145, 21.49547506080364], [70.60923780272043, 21.49553978278403], [70.60930126330534, 21.495598628825466], [70.60936472389027, 21.49565747484309], [70.60942818447522, 21.495716320836895], [70.60949164506013, 21.495775166806936], [70.60955510564509, 21.495834012753136], [70.60961856712834, 21.49589285867557], [70.60968202771326, 21.495951703738363], [70.6097454891965, 21.496010549613167], [70.60980894978142, 21.496069394628343], [70.60987855304627, 21.496121613990667], [70.60994815631113, 21.4961738324984], [70.61001775957597, 21.496226051823232], [70.61008736284082, 21.496278270293462], [70.61015696700397, 21.496330489580824], [70.61022657026882, 21.496382708013602], [70.61029617353365, 21.496434927263447], [70.6103657767985, 21.49648714565873], [70.61043538006334, 21.496539364871097], [70.61051052144192, 21.4965845079455], [70.61058566282048, 21.496629651005897], [70.61066080330073, 21.496674793216446], [70.61073594467932, 21.496719936248816], [70.6108110860579, 21.49676507926719], [70.61088622743647, 21.496810222271517], [70.61096136791672, 21.496855364426064], [70.61103650929529, 21.49690050740242], [70.61111165067383, 21.496945650364726], [70.61119146688517, 21.49698323494184], [70.61127128309649, 21.497020819509245], [70.61135109930778, 21.497058404066948], [70.6114309155191, 21.49709598861493], [70.61151073262873, 21.49713357398904], [70.61159054884004, 21.49717115851762], [70.61167036505134, 21.497208743036467], [70.61175018126264, 21.497246327545607], [70.61182999747396, 21.497283912045052], [70.61191354349032, 21.49731347680603], [70.61199708950669, 21.497343040725173], [70.61208063552304, 21.497372605474144], [70.61216418153944, 21.497402169381296], [70.61224772755578, 21.497431734118244], [70.61233127357218, 21.497461298013352], [70.61241481958854, 21.497490862738292], [70.61249836560489, 21.497520426621413], [70.61258191162128, 21.497549991334292], [70.61266839782355, 21.497571158535038], [70.61275488492419, 21.497592325732672], [70.61284137112646, 21.497613492927236], [70.61292785732876, 21.49763466011875], [70.61301434442937, 21.497655828142967], [70.61310083063167, 21.4976769953283], [70.61318731683394, 21.497698162510524], [70.61327380393458, 21.497719330525506], [70.61336029013685, 21.497740497701585], [70.61344863046187, 21.497753149528137], [70.61353697168525, 21.49776580135358], [70.6136253120103, 21.49777845317793], [70.61371365233533, 21.497791105001156], [70.61380199355871, 21.497803757659142], [70.61389033388373, 21.49781640948016], [70.61397867420877, 21.497829062135928], [70.61406701543213, 21.49784171479058], [70.61415535575719, 21.49785436660834], [70.6142446896189, 21.497858248159385], [70.61433402348065, 21.497862129710313], [70.6144233573424, 21.49786601126117], [70.61451269120415, 21.49786989281191], [70.61460202506589, 21.497873774362546], [70.61469135892764, 21.497877655077257], [70.6147806927894, 21.497881536627695], [70.61487002665112, 21.49788541734219], [70.61495936051287, 21.49788929889242], [70.61504868269652, 21.4978845322083], [70.61513800488015, 21.497879764688225], [70.6152273270638, 21.497874998003788], [70.61531664924746, 21.497870230483397], [70.61540597232941, 21.497865462962853], [70.61549529451307, 21.497860696277996], [70.61558461669671, 21.497855928757133], [70.61567393888036, 21.497851162071917], [70.615763261064, 21.49784639538655], [70.61584263889743, 21.49783464291129], [70.61592201673089, 21.497822891270882], [70.61600139456435, 21.497811138793676], [70.61608077239781, 21.49779938715136], [70.61616014933294, 21.49778763550812], [70.61623952716639, 21.497775883028062], [70.61631890499984, 21.49776413138291], [70.6163982828333, 21.49775237890096], [70.61647766066675, 21.49774062641806], [70.6165518201867, 21.497699247406885], [70.61662598060498, 21.497657867548114], [70.61670014012496, 21.49761648851339], [70.61677430054324, 21.497575108631057], [70.6168484600632, 21.497533729572798], [70.61692261958318, 21.497492350502753], [70.61699678000146, 21.497450971420943], [70.61707093952141, 21.497409592327365], [70.61714509993969, 21.497368212386206], [70.61721925945965, 21.497326833269092], [70.61729765004462, 21.497292918883407], [70.61737604152785, 21.497259003654037], [70.61745443211284, 21.497225089252552], [70.61753282359612, 21.497191174007344], [70.61761121418105, 21.49715725959007], [70.617689604766, 21.497123345164884], [70.61776799624928, 21.497089429895947], [70.61784638683423, 21.49705551545496], [70.6179247783175, 21.497021600170225], [70.61800316890245, 21.49698768571341], [70.61808483115166, 21.496961561145177], [70.61816649340089, 21.4969354357364], [70.61824815654843, 21.496909310322955], [70.61832981879763, 21.496883185740653], [70.61841148104685, 21.49685706115362], [70.61849314329605, 21.496830936561928], [70.6185748055453, 21.49680481196553], [70.61865646869283, 21.496778686528625], [70.61873813094205, 21.49675256192286], [70.61881979319125, 21.49672643731238], [70.61890394736707, 21.49670850714766], [70.6189881015429, 21.496690576980736], [70.61907225661702, 21.4966726468116], [70.61915641079284, 21.49665471664025], [70.61924056496866, 21.496636786466663], [70.61932471914449, 21.4966188562909], [70.61940887332027, 21.496600926112922], [70.61949302839443, 21.496582995932744], [70.61957718257025, 21.49656506575034], [70.61966133674603, 21.496547135565706], [70.61974700009155, 21.496537489272598], [70.61983266253873, 21.496527843814636], [70.61991832588421, 21.49651819752024], [70.62000398833139, 21.49650855206101], [70.62008965167688, 21.49649890660115], [70.6201753150224, 21.496489260304823], [70.62026097746957, 21.496479614843693], [70.62034664081506, 21.496469968546066], [70.62043230326223, 21.496460323083667], [70.62051796660772, 21.496450676784768], [70.62060424889246, 21.496449448952394], [70.62069053117717, 21.496448220284172], [70.62077681436023, 21.496446991615937], [70.62086309664492, 21.496445763783502], [70.62094937892968, 21.49644453511524], [70.62103566121439, 21.49644330728282], [70.6211219434991, 21.496442079450347], [70.62120822668216, 21.49644085078206], [70.6212945089669, 21.496439622113762], [70.62138079125161, 21.496438394281302], [70.62146351171623, 21.496462058263962], [70.62154623218085, 21.49648572224278], [70.62162895354378, 21.496509387053553], [70.62171167400844, 21.496533051024677], [70.62179439447306, 21.496556714991943], [70.62187711493767, 21.496580378955368], [70.62195983630059, 21.496604043750775], [70.62204255676521, 21.496627708542327], [70.62212527722983, 21.49665137249421], [70.62216809812281, 21.49671797623408], [70.62221091901579, 21.496784580779327], [70.62225373901043, 21.49685118445822], [70.62229655900506, 21.49691778810664], [70.62233937989801, 21.496984391724578], [70.62238220079098, 21.497050996147816], [70.62242502078563, 21.497117599704765], [70.62246784078027, 21.497184203231182], [70.62250285261848, 21.497254608055165], [70.62253786445669, 21.49732501284507], [70.62257287539657, 21.497395417600917], [70.62260788723478, 21.49746582232268], [70.62264289817465, 21.497536226174564], [70.62267791001285, 21.497606630828173], [70.62271292095274, 21.497677035447726], [70.62274793279093, 21.497747440033184], [70.62277495501299, 21.497820917062043], [70.62280197633676, 21.49789439321796], [70.6228289985588, 21.497967870172587], [70.62285601988253, 21.498041346254265], [70.62288304210462, 21.49811482313467], [70.62291006342834, 21.49818829914213], [70.62293708565039, 21.498261775948276], [70.62296410697417, 21.49833525188154], [70.6229826643713, 21.498410958574446], [70.62300122087014, 21.498486664392154], [70.62301977826728, 21.49856237100627], [70.62303833566442, 21.498638077580964], [70.62305689216322, 21.49871378328048], [70.62307544956036, 21.498789489776406], [70.6230940060592, 21.498865195397084], [70.62311256345635, 21.498940901814212], [70.62312265513023, 21.49901800734452], [70.62313274590583, 21.499095111998113], [70.62314283757972, 21.499172217446656], [70.62315292835532, 21.499249322018507], [70.62316302002922, 21.499326427385324], [70.62317311080481, 21.499403531875437], [70.6231832024787, 21.49948063716051], [70.6231932932543, 21.499557741568882], [70.62320315495947, 21.499635931654126], [70.62321301666468, 21.49971412086151], [70.62322287836984, 21.4997923108627], [70.62323274007504, 21.499870499986052], [70.6232426017802, 21.499948689903146], [70.62325246348541, 21.500026878942432], [70.62326232519061, 21.500105068775493], [70.62327218689579, 21.500183257730697], [70.62328204860098, 21.50026144747968], [70.62333515610226, 21.500327213760226], [70.62338826450186, 21.50039298084684], [70.62344137200313, 21.50045874706791], [70.62349447950444, 21.50052451409502], [70.6235475870057, 21.500590280256603], [70.62360069540532, 21.500656047224275], [70.62365380290657, 21.500721813326393], [70.62370691130619, 21.50078758023459], [70.62376001880745, 21.50085334627723], [70.62383727661687, 21.500893165618216], [70.62391453532453, 21.500932984948342], [70.62399179313392, 21.500972804267523], [70.6240690518416, 21.501012623575853], [70.62414630965101, 21.501052442037444], [70.62422356835872, 21.50109226132393], [70.62430082616808, 21.50113208059954], [70.62437808487579, 21.501171899864218], [70.62445534268515, 21.501211719118036], [70.62453636443557, 21.50123346416033], [70.62461738618599, 21.501255209199417], [70.62469840793642, 21.50127695423525], [70.62477942968682, 21.50129869926784], [70.62486045143724, 21.501320444297168], [70.62494147318769, 21.501342189323243], [70.62502249403977, 21.50136393434607], [70.62510351579022, 21.501385679365644], [70.62518453754062, 21.501407424381934], [70.62526555929104, 21.501429169395006], [70.62534658104148, 21.501450914404835], [70.62542760279189, 21.501472659411405], [70.6254085207786, 21.501552119718156], [70.62538943876537, 21.501631579981485], [70.62537035675209, 21.501711040201368], [70.62535127473882, 21.501790500377865], [70.62533219272557, 21.501869960510945], [70.6253131107123, 21.501949420600603], [70.62529402869902, 21.50202888064687], [70.62527494668576, 21.502108340649723], [70.62525586467248, 21.502187800609168], [70.62523678265921, 21.502267259689383], [70.62521770064596, 21.502346719562], [70.6251986186327, 21.502426179391158], [70.62517953661944, 21.50250563917696], [70.62516045460617, 21.502585098919326], [70.62514137259289, 21.502664558618285], [70.62512228968131, 21.502744018273795], [70.62510320766805, 21.502823477885926], [70.62508412475647, 21.50290293745466], [70.62506504274322, 21.50298239697996], [70.6250487320326, 21.503063048299392], [70.62503242132199, 21.503143699574117], [70.62501611061137, 21.503224350804125], [70.62499979990076, 21.5033050019894], [70.62498349008845, 21.503385652294156], [70.62496717937783, 21.50346630338998], [70.62495086866723, 21.503546954441052], [70.62493455795664, 21.503627605447413], [70.624918247246, 21.50370825640907], [70.62490193653541, 21.503788907325983], [70.6248856267231, 21.50386955819814], [70.62486931601246, 21.503950209025604], [70.62485300620017, 21.504030858972534], [70.62483669548958, 21.504111509710548], [70.62482038477893, 21.504192160403818], [70.62480407496666, 21.504272811052367], [70.62478776425604, 21.50435346165616], [70.62477145444375, 21.504434112215247], [70.62475514373314, 21.504514762729602], [70.6247388330225, 21.50459541319924], [70.62472252321021, 21.50467606278835], [70.6247062133979, 21.504756713168536], [70.62468990268731, 21.504837363503942], [70.624673592875, 21.50491801379467], [70.6246572821644, 21.50499866404065], [70.6246413244917, 21.505073539007984], [70.62462536681896, 21.505148413100986], [70.62460940914625, 21.5052232879912], [70.62459345147354, 21.50529816200712], [70.62457749380084, 21.505373036820224], [70.62456153612814, 21.505447910759006], [70.62454557845544, 21.505522785495025], [70.62452962078272, 21.505597659356713], [70.62451366311002, 21.505672534015638], [70.6244977054373, 21.5057474078002], [70.62445860985784, 21.50581747667646], [70.62441951427836, 21.505887545518974], [70.62438041869888, 21.505957614327702], [70.62434132311941, 21.506027683102676], [70.62430222753991, 21.506097752679675], [70.62426313196045, 21.506167821387095], [70.62422403638097, 21.50623789006079], [70.62418494080148, 21.506307958700692], [70.62414584432368, 21.50637802730686], [70.6241067487442, 21.506448095879232], [70.62406057444029, 21.506512335751765], [70.62401440013635, 21.506576576431666], [70.62396822673075, 21.506640816247394], [70.62392205242683, 21.50670505687054], [70.62387587902123, 21.506769296629518], [70.62382970471732, 21.506833536360148], [70.62378353041339, 21.506897776898143], [70.62373735610949, 21.50696201657197], [70.62369118180557, 21.507026257053198], [70.62364500839996, 21.507090496670298], [70.62361014208882, 21.507160693607478], [70.62357527577771, 21.50723088967502], [70.62354040856826, 21.50730108654446], [70.62350554225716, 21.507371282544216], [70.62347067594601, 21.507441479345843], [70.6234358096349, 21.5075116761136], [70.6234009433238, 21.5075818720117], [70.62336607611437, 21.50765206871166], [70.62333120980321, 21.50772226454197], [70.6232963434921, 21.507792461174176], [70.62327369247222, 21.507866865839773], [70.6232510414523, 21.507941269631548], [70.62322838953413, 21.508015674221028], [70.62320573851422, 21.508090077936647], [70.62318308749435, 21.50816448244993], [70.62316043647446, 21.50823888608941], [70.62313778455626, 21.508313290526576], [70.62311513353633, 21.508387694089897], [70.62309248161817, 21.508462098450924], [70.62306983059825, 21.50853650193809], [70.62301599097002, 21.508594456816667], [70.62296215134177, 21.50865241083637], [70.62290831171353, 21.50871036566875], [70.6228544720853, 21.508768320478033], [70.62280063245706, 21.508826274428447], [70.62274679282882, 21.508884229191533], [70.62269295320058, 21.508942183931502], [70.62263911357233, 21.50900013781262], [70.6225852739441, 21.509058092506383], [70.62250820478096, 21.50909563300129], [70.62243113471948, 21.509133173486514], [70.6223540655563, 21.50917071396207], [70.62227699549481, 21.509208254427907], [70.62219992633165, 21.50924579488405], [70.62212285627015, 21.509283335330483], [70.62204578710697, 21.509320875767266], [70.62196871704549, 21.509358416194324], [70.62189164788231, 21.509395956611687], [70.62181457782084, 21.50943349701936], [70.62173750865766, 21.50947103741736], [70.62170957374728, 21.509544804379825], [70.62168163883688, 21.509618571304806], [70.62165370302817, 21.509692339028188], [70.6216257681178, 21.509766105878352], [70.62159783320739, 21.50983987269106], [70.62156989829701, 21.509913639466355], [70.62154196248832, 21.509987407039993], [70.62151402667962, 21.510061173740418], [70.62148609176921, 21.510134940403436], [70.62148810489377, 21.510213103072108], [70.6214901180183, 21.510291265698758], [70.62149213114286, 21.5103694274476], [70.62149414426742, 21.510447589990207], [70.62149615739199, 21.51052575249074], [70.62149817051652, 21.51060391494929], [70.62150018364107, 21.51068207653006], [70.62150219586731, 21.510760238904552], [70.62150420899187, 21.510838401237002], [70.62150895658813, 21.510915419391747], [70.62151370418442, 21.510992437505692], [70.62151845267901, 21.51106945557881], [70.62152320027526, 21.51114647361114], [70.62152794787157, 21.511223490766927], [70.62153269636616, 21.511300508717646], [70.62153744486073, 21.511377526627527], [70.621542192457, 21.511454544496644], [70.62153833778612, 21.511531602440574], [70.62153448401358, 21.51160866034364], [70.621530630241, 21.51168571737012], [70.62152677557012, 21.511762775191485], [70.62152292089924, 21.511839832972033], [70.62151906712666, 21.51191689071171], [70.62151521335409, 21.511993947574823], [70.62151135868321, 21.51207100523281], [70.62149883526983, 21.51214734244334], [70.62148631185646, 21.51222367961382], [70.6214737884431, 21.512300016744202], [70.6214612641314, 21.51237635467022], [70.6214487398197, 21.512452691720387], [70.62143621640632, 21.51252902873052], [70.62142369209462, 21.512605365700537], [70.62141116868125, 21.512681702630456], [70.6213902127823, 21.51275639061517], [70.62136925778168, 21.512831077725743], [70.62134830188272, 21.51290576563368], [70.6213273468821, 21.51298045266752], [70.62130639098314, 21.513055140498704], [70.62128543598251, 21.513129827455796], [70.62126448008355, 21.513204515210223], [70.62124352508292, 21.513279202090573], [70.62121435409072, 21.513351469489617], [70.62118518309848, 21.51342373685275], [70.6211560130046, 21.51349600334418], [70.62112684201234, 21.51356827063548], [70.62109767102012, 21.513640537890804], [70.62106850002792, 21.513712805110213], [70.621039329934, 21.51378507145793], [70.62101015894179, 21.513857338605497], [70.62097308457169, 21.513926345541133], [70.6209360102016, 21.51399535160829], [70.62089893583153, 21.514064358478432], [70.62086186146142, 21.514133365315804], [70.62082478798965, 21.514202371284682], [70.62078771361956, 21.514271378056534], [70.62075063924947, 21.51434038395989], [70.6207135648794, 21.51440939066621], [70.6206689805935, 21.514474434331284], [70.62062439630763, 21.51453947796726], [70.62057981202179, 21.5146045207384], [70.62053522773591, 21.51466956431616], [70.62049064255174, 21.514734607864828], [70.62044605826586, 21.514799651384344], [70.62040147398001, 21.51486469403906], [70.62035688969414, 21.5149297375004], [70.62030524015856, 21.51499009921717], [70.62025359062298, 21.515050460908878], [70.62020194108739, 21.515110822575508], [70.62015029155185, 21.515171184217078], [70.62009864111793, 21.515231545833572], [70.62004699158234, 21.515291907425002], [70.6199953420468, 21.515352268991343], [70.61994369251121, 21.515412630532637], [70.61989147883362, 21.515476342447837], [70.61983926515607, 21.515540053499343], [70.61978705058017, 21.51560376535868], [70.61973483690258, 21.515667476354324], [70.61968262322503, 21.51573118815781], [70.61963040954747, 21.515794899933322], [70.61957819586988, 21.515858610845214], [70.61952598129399, 21.515922322564887], [70.61947376761643, 21.515986033420916], [70.61942155393884, 21.516049745084754], [70.61943925883476, 21.51612651059922], [70.61945696373073, 21.51620327690887], [70.61947466862665, 21.516280042342288], [70.61949237352259, 21.516356808570844], [70.6195100784185, 21.516433573923155], [70.61952778421276, 21.51651034007062], [70.61954548910869, 21.516587105341827], [70.61956319490295, 21.516663871408188], [70.61958089979886, 21.516740636598293], [70.61963144350837, 21.516808469661477], [70.61968198721782, 21.5168763035287], [70.61973253092728, 21.516944136528554], [70.61978307463673, 21.517011969496725], [70.61983361834619, 21.517079802433248], [70.61988416205564, 21.517147636173835], [70.61993470576512, 21.517215469047024], [70.61998524947458, 21.517283302724284], [70.62003579318403, 21.517351135534152], [70.6200863368935, 21.51741896914808], [70.62013687970465, 21.517486801894655], [70.6201874234141, 21.51755463544523], [70.62023796712356, 21.517622468128486], [70.620288510833, 21.517690301615726], [70.6203390545425, 21.517758134235653], [70.62038959825195, 21.517825967659576], [70.62044014106307, 21.517893800216182], [70.62049068477256, 21.51796163357681], [70.62054122848203, 21.51802946607005], [70.62059177219147, 21.518097299367348], [70.62064231590094, 21.518165131797254], [70.62069285961039, 21.518232965031235], [70.62074340242154, 21.518300797397824], [70.620793946131, 21.51836862973275], [70.62084448984045, 21.51843646287173], [70.62089503354991, 21.518504295143334], [70.62094557725939, 21.518572128218985], [70.62099612096885, 21.518639960427258], [70.6210466646783, 21.518707793439578], [70.62109720748946, 21.51877562558452], [70.62114775119892, 21.518843458533535], [70.62119829490837, 21.518911290615133], [70.62124883861783, 21.518979123500817], [70.62129938232728, 21.519046956354806], [70.62134992513845, 21.519114788341437], [70.6214004688479, 21.519182620296423], [70.62145101255734, 21.519250453055406], [70.62150155626684, 21.519318285782745], [70.6215520999763, 21.51938611847841], [70.62160264278742, 21.519453950306723], [70.6216531864969, 21.519521782103382], [70.62170373020636, 21.519589614704035], [70.62175427391581, 21.51965744727306], [70.62180481672696, 21.519725278974686], [70.62185381533412, 21.519785602764777], [70.6219028139413, 21.519845925694113], [70.62195181254847, 21.51990624943413], [70.62200081115567, 21.519966573149034], [70.62204980976281, 21.520026896838953], [70.62209880836998, 21.52008721966811], [70.62214780697718, 21.520147543307917], [70.62219680558435, 21.520207866922696], [70.62224580419151, 21.520268189676717], [70.62229480279868, 21.520328513241424], [70.62230943725297, 21.520404332164794], [70.62232407170727, 21.520480150212915], [70.62233870616156, 21.520555969057167], [70.62235334061587, 21.52063178702618], [70.62236797507016, 21.520707605791326], [70.62238260952444, 21.520783423681205], [70.62239724397875, 21.52085924236722], [70.62241187843303, 21.520935060177955], [70.62242651378564, 21.521010878784825], [70.62241535760812, 21.5210928981503], [70.62240420143061, 21.521174917469413], [70.62239304525312, 21.521256936742272], [70.6223818890756, 21.52133895596882], [70.62237073289808, 21.521420975149073], [70.62235957672056, 21.521502994283], [70.62234842054303, 21.52158501337066], [70.62233726436556, 21.521667032412], [70.62232610908633, 21.52174905057136], [70.62231495290881, 21.52183106952008], [70.62230379673132, 21.52191308842254], [70.62229264145209, 21.52199510727868], [70.62228148527461, 21.522077126088526], [70.62227032909709, 21.52215914485205], [70.62225917291957, 21.522241163569316], [70.62224801764037, 21.522323182240232], [70.62223686146287, 21.52240520086488], [70.62222570528535, 21.522487219443207], [70.62221455000615, 21.522569237975247], [70.62220339382863, 21.522651256460968], [70.6221922376511, 21.522733274900382], [70.62218108147358, 21.522815293293522], [70.6221699261944, 21.522897311640328], [70.62215877001688, 21.522979329940878], [70.6221476147377, 21.523061348195068], [70.6221364594585, 21.523143365567314], [70.62212530328098, 21.52322538372895], [70.62211414710346, 21.523307401844235], [70.62210299182428, 21.523389419913265], [70.62209183564676, 21.523471437935935], [70.62208068036756, 21.52355345591235], [70.62206952419005, 21.52363547384244], [70.62205836891084, 21.52371749172622], [70.62204721273334, 21.52379950956372], [70.6220363260504, 21.52387977495275], [70.62202543936749, 21.523960041133115], [70.62201455268456, 21.52404030643346], [70.62200366600163, 21.52412057168948], [70.621992780217, 21.524200836901123], [70.62198189353408, 21.52428110290409], [70.62197100774947, 21.524361368027034], [70.62196012106654, 21.524441633105667], [70.62194923528195, 21.524521898139913], [70.62193834859899, 21.524602163965508], [70.62192746281438, 21.524682428911053], [70.62191657613147, 21.52476269381229], [70.6219109607626, 21.52483872853038], [70.6219053453938, 21.5249147632087], [70.62189973002492, 21.524990798682847], [70.6218941155544, 21.525066833281553], [70.62188850018559, 21.52514286784046], [70.62188288571507, 21.52521890235955], [70.6218772703462, 21.525294936838883], [70.62187165587568, 21.525370971278385], [70.62186604050683, 21.525447006513748], [70.6218604260363, 21.52552304087368], [70.62185481066747, 21.525599075193796], [70.62185168812353, 21.525678562424094], [70.62184856557961, 21.525758049610907], [70.62184544303567, 21.525837536754235], [70.62184232139006, 21.525917023854056], [70.62183919884615, 21.525996510910378], [70.62183607720054, 21.526075997923215], [70.6218329546566, 21.52615548572819], [70.62182983301098, 21.52623497265403], [70.62182671046706, 21.526314459536376], [70.62182358882144, 21.52639394637521], [70.62182046627751, 21.526473433170576], [70.62181734463194, 21.52655291992243], [70.62181422208799, 21.526632406630785], [70.62181407386596, 21.52671191084438], [70.62181392654227, 21.52679141501449], [70.62181377832026, 21.526870919141068], [70.62181363099653, 21.526950423224108], [70.6218134827745, 21.527029927263673], [70.62181333545081, 21.527109431259692], [70.6218131872288, 21.52718893521219], [70.62181303990508, 21.527268439121205], [70.62181289168305, 21.52734794298668], [70.62181274435936, 21.52742744680866], [70.6218125961373, 21.527506950587078], [70.62181244881361, 21.527586454322], [70.62181230059159, 21.527665958013426], [70.62181508087741, 21.52774542405712], [70.6218178611632, 21.52782489005733], [70.6218206423473, 21.52790435601407], [70.62182342263313, 21.527983821927346], [70.62182620381724, 21.52806328779713], [70.62182898410306, 21.528142753623467], [70.62183176528717, 21.528222220241936], [70.62183454647129, 21.52830168598129], [70.62183732675709, 21.528381151677173], [70.62184010794121, 21.528460617329582], [70.62184288822704, 21.528540082938484], [70.62184566941114, 21.528619548503936], [70.62184844969693, 21.52869901402592], [70.6218542429322, 21.528778307361996], [70.62186003616748, 21.528857601490415], [70.62186582940274, 21.52893689473988], [70.62187162263803, 21.529016187946063], [70.62187741587326, 21.52909548194461], [70.62188320910855, 21.52917477506424], [70.62188900234382, 21.529254068140546], [70.62189479557908, 21.52933336117359], [70.62190058971265, 21.52941265499898], [70.62190638294793, 21.529491947945413], [70.62191217708151, 21.52957124084859], [70.6219179712151, 21.529650534544093], [70.62192376445039, 21.529729827360647], [70.62193035449128, 21.52981138387435], [70.62193694453222, 21.529892941177874], [70.62194353367484, 21.529974497599937], [70.62195012281745, 21.530056053976203], [70.62195671285835, 21.53013761114231], [70.62196330200095, 21.530219167427017], [70.6219698920419, 21.53030072450154], [70.62197648118452, 21.530382280694603], [70.62198307122542, 21.530463836841907], [70.62198966126635, 21.530545393779033], [70.62199625040897, 21.530626949834694], [70.6219875313608, 21.530702972291074], [70.62197881231263, 21.53077899470763], [70.62197009326451, 21.530855016248772], [70.62196137421635, 21.530931038585777], [70.62195265516823, 21.53100706088294], [70.62194393612008, 21.531083083140338], [70.62193521707191, 21.531159105357908], [70.62192649802377, 21.531235126700075], [70.62191777807732, 21.531311148838093], [70.62190905902916, 21.531387170936263], [70.62188364119818, 21.531459877225124], [70.62185822336724, 21.531532583477524], [70.62183280463795, 21.53160529052921], [70.621807386807, 21.53167799670883], [70.62178196897604, 21.531750702852072], [70.62175655114505, 21.53182340895888], [70.62173113331409, 21.531896115029316], [70.62170571458482, 21.531968821898957], [70.62168029585555, 21.532041527896585], [70.62165487802457, 21.532114233857786], [70.6216213654746, 21.53218809795641], [70.6215878529246, 21.53226196201747], [70.62155434127291, 21.532335825205312], [70.62152082872294, 21.53240968919122], [70.62148731617295, 21.53248355313953], [70.62145380362297, 21.53255741705029], [70.62142029107295, 21.53263128092349], [70.62138677942129, 21.532705143923476], [70.6213532677696, 21.532779007721526], [70.62131975521963, 21.53285287148201], [70.62129192271718, 21.532924777349617], [70.62126408931641, 21.532996683181644], [70.62123625681399, 21.533068588978033], [70.62120842341321, 21.533140494738813], [70.62118059001246, 21.533212401299618], [70.62115275750998, 21.533284306989216], [70.62112492500754, 21.53335621264318], [70.62109709160677, 21.53342811826156], [70.62106925910433, 21.533500023844308], [70.62104142570357, 21.533571929391442], [70.62101637438525, 21.533644688901365], [70.62099132306692, 21.533717448374855], [70.6209662717486, 21.533790207811855], [70.62094122043024, 21.53386296721239], [70.62091616911192, 21.53393572657648], [70.62089111779359, 21.534008485904106], [70.62086606647527, 21.53408124519527], [70.62084101515694, 21.534154004449974], [70.6208159629403, 21.53422676366823], [70.62079091162197, 21.53429952285002], [70.62076850045226, 21.534373081674733], [70.62074608928256, 21.534446640462196], [70.62072367811284, 21.53452019921238], [70.62070126694316, 21.534593757925304], [70.62067885577343, 21.534667317436597], [70.62065644460371, 21.53474087607498], [70.62063403343403, 21.534814434676115], [70.6206116222643, 21.53488799324001], [70.62058921199291, 21.534961551766603], [70.6205668008232, 21.535035110255933], [70.62054722743147, 21.535109299590854], [70.62052765403975, 21.535183488887863], [70.62050808064802, 21.535257678146934], [70.6204885072563, 21.535331867368132], [70.62046893386459, 21.535406056551405], [70.62044936047286, 21.535480245696817], [70.62042978797943, 21.535554434804265], [70.62041021458771, 21.535628623873816], [70.62039064209432, 21.535702812905463], [70.62037106870258, 21.535777001899202], [70.62035420462975, 21.53585181337863], [70.62033734055694, 21.53592662565511], [70.62032047738244, 21.53600143705742], [70.62030361330957, 21.5360762492568], [70.62028675013507, 21.53615106058204], [70.62026988606222, 21.536225871868705], [70.62025302198941, 21.53630068395247], [70.6202361588149, 21.536375495162034], [70.62021929474204, 21.536450307168664], [70.62020243156753, 21.53652511830116], [70.62018827681361, 21.53660124044808], [70.62017412205968, 21.536677361719494], [70.62015996730575, 21.536753483786633], [70.62014581255183, 21.53682960497823], [70.62013165779788, 21.53690572696554], [70.62011750304396, 21.536981848077314], [70.62010334739173, 21.537057969984765], [70.62008919263779, 21.53713409101675], [70.62007503698554, 21.537210212844368], [70.6200608822316, 21.537286333796494], [70.620042497311, 21.53736702039125], [70.62002411239041, 21.53744770694119], [70.62000572746977, 21.537528393446273], [70.61998734254918, 21.537609079906495], [70.61996895762859, 21.537689765486288], [70.61995057270799, 21.53777045185683], [70.61993218778736, 21.53785113818253], [70.61991380286676, 21.537931824463378], [70.61989541794617, 21.53801251069941], [70.61987703302557, 21.538093196890557], [70.61985864810494, 21.538173883036873], [70.61984026318434, 21.53825456913834], [70.61982187916205, 21.538335255194987], [70.61980349513978, 21.538415940371156], [70.61978511021914, 21.538496626338127], [70.61976672529855, 21.5385773122602], [70.61974834127625, 21.538657998137424], [70.61972995635566, 21.538738683969818], [70.61971165497839, 21.53881748049954], [70.6196933536011, 21.538896276986435], [70.6196750513255, 21.538975074266208], [70.61965674994822, 21.539053870667587], [70.61963844857092, 21.539132667026205], [70.61962014719366, 21.53921146334208], [70.61960184491807, 21.539290260450713], [70.61958354354077, 21.53936905668099], [70.61956524216349, 21.539447852868534], [70.6195469407862, 21.539526649013307], [70.6195286385106, 21.539605445950862], [70.619510336235, 21.539684242010065], [70.6194920348577, 21.539763038026507], [70.61947522019224, 21.53984214817794], [70.61945840552673, 21.53992125912184], [70.61944159086126, 21.540000369187066], [70.61942477619576, 21.54007948004472], [70.61940796153029, 21.540158590023704], [70.61939114686479, 21.54023769995957], [70.61937433219931, 21.54031681068789], [70.61935751753381, 21.540395920537527], [70.61934070286834, 21.54047503034406], [70.61932388820284, 21.54055414094301], [70.61930707443567, 21.540633250663312], [70.61929025977017, 21.54071236117604], [70.61927344600298, 21.5407914708101], [70.61925955535376, 21.540873137255172], [70.61924566560285, 21.540954802818746], [70.61923177495359, 21.541036469171924], [70.61921788520269, 21.541118134643593], [70.61920399455343, 21.54119980090488], [70.61919010480251, 21.541281467120214], [70.61917621505158, 21.541363132454038], [70.61916232440237, 21.541444798577505], [70.61914843465145, 21.54152646381941], [70.6191345440022, 21.54160812985097], [70.61912065425128, 21.541689795000984], [70.61910676360202, 21.54177146094064], [70.6190928738511, 21.541853126834333], [70.61907898410018, 21.541934791846526], [70.61906509345096, 21.542016457648312], [70.61905120370004, 21.5420981225686], [70.6190373130508, 21.542179788278478], [70.61902342329986, 21.54226145394242], [70.61900953354895, 21.54234311872485], [70.61899564289969, 21.542424784296923], [70.61898175314877, 21.54250644898742], [70.61896786249956, 21.54258811446759], [70.61895397274861, 21.5426697790662], [70.61894008209939, 21.54275144445446], [70.61888254320881, 21.54269176940895], [70.61882500431823, 21.542632094338924], [70.61876746542765, 21.542572419244383], [70.61870992653706, 21.542512744125286], [70.61865238764648, 21.54245306898165], [70.61859484965424, 21.542393393813462], [70.61853731076366, 21.542333718620757], [70.61847977187307, 21.54227404340352], [70.61842223298248, 21.54221436816176], [70.61836469409192, 21.54215469289544], [70.61830715520134, 21.54209501760457], [70.61824961631075, 21.542035342289196], [70.61823223031676, 21.541955333427424], [70.61821484522106, 21.54187532535711], [70.61819746012537, 21.54179531640716], [70.61818007413135, 21.54171530741305], [70.61816268813736, 21.541635298374867], [70.61814530214333, 21.541555290128137], [70.6181279161493, 21.541475281001752], [70.61811053015532, 21.541395271831224], [70.61809463716129, 21.541314987713854], [70.61807874506562, 21.541234704387666], [70.61806285296994, 21.54115442018148], [70.61804696087422, 21.541074135930895], [70.61803106877854, 21.540993851635896], [70.61801517668285, 21.54091356813208], [70.61799928458716, 21.54083328374827], [70.61798339249148, 21.540752999320055], [70.61796901046378, 21.540672498433675], [70.61795462753776, 21.54059199750265], [70.61794024551006, 21.540511495691387], [70.61792586348236, 21.540430994671077], [70.61791148145467, 21.540350493606113], [70.61789709942697, 21.540269992496505], [70.61788271739928, 21.54018949050665], [70.61786833537158, 21.540108989307758], [70.61785531159659, 21.540027430222324], [70.61784228692326, 21.539945870255465], [70.61782926224997, 21.53986431107838], [70.61781623757668, 21.539782751019896], [70.61780321290337, 21.539701191751146], [70.61779018823005, 21.53961963160099], [70.61777716355677, 21.5395380722406], [70.61776413888344, 21.539456511998818], [70.61773736818968, 21.53938070636341], [70.61771059749587, 21.53930490068841], [70.61768382680211, 21.53922909497382], [70.61765705610831, 21.539153290055243], [70.61763028541455, 21.539077484261483], [70.61760351472074, 21.539001678428143], [70.61757674402696, 21.538925872555197], [70.6175499733332, 21.538850066642688], [70.61747237057074, 21.538820456853525], [70.61739476870662, 21.538790847893928], [70.61731716594416, 21.538761238928302], [70.6172395631817, 21.53873162912102], [70.61716196131758, 21.538702020143283], [70.61708435855512, 21.538672410323944], [70.61700675579266, 21.538642800498575], [70.61692915392852, 21.53861319150272], [70.61685155116606, 21.538583581665236], [70.61677247157331, 21.538551402392955], [70.61669339287887, 21.53851922394912], [70.61661431328608, 21.53848704549812], [70.6165352336933, 21.5384548662044], [70.61645615499884, 21.538422687739164], [70.61637707540605, 21.538390508431185], [70.6162979958133, 21.538358329116107], [70.61621891711881, 21.538326150629445], [70.61613983752606, 21.538293971300067], [70.616073430467, 21.538242642785818], [70.61600702340792, 21.53819131425339], [70.61594061724716, 21.53813998653841], [70.61587421108642, 21.5380886579697], [70.61580780312906, 21.538037329382842], [70.6157413969683, 21.53798600161344], [70.61567498990922, 21.53793467382586], [70.61560858285016, 21.537883346020134], [70.6155421757911, 21.537832017360675], [70.61550604914366, 21.537763402810107], [70.61546992339449, 21.537694789062705], [70.61543379674701, 21.53762617444729], [70.61539767009958, 21.53755755979942], [70.6153615443504, 21.537488945954745], [70.61532541770293, 21.53742033124202], [70.61528929105549, 21.53735171649688], [70.61525316530631, 21.537283102554877], [70.61521703865884, 21.537214487744865], [70.61516300679116, 21.53715486390112], [70.61510897402512, 21.537095240032883], [70.61505494215744, 21.537035616975743], [70.61500091028972, 21.53697599305854], [70.61494687752369, 21.536916369116835], [70.61489284565599, 21.536856745150626], [70.61483881378827, 21.53679712199556], [70.61478478102225, 21.53673749798037], [70.61473074915453, 21.53667787394073], [70.61464625002566, 21.536667864319206], [70.61456175089675, 21.536657855532617], [70.61447725176788, 21.536647845909734], [70.614392752639, 21.536637837121756], [70.61430825351009, 21.536627827497487], [70.61422375438121, 21.536617818708148], [70.61413925525234, 21.53660780908249], [70.61405475612344, 21.536597799456185], [70.61397025699456, 21.536587789829152], [70.61388662114666, 21.536568942081455], [70.6138029861971, 21.53655009516691], [70.6137193503492, 21.536531248249933], [70.6136357145013, 21.5365124013305], [70.6135520795517, 21.536493554408626], [70.6134684437038, 21.5364747074843], [70.61338480785591, 21.536455860557528], [70.61330117290633, 21.536437013628312], [70.61321753705845, 21.53641816669664], [70.61313996304209, 21.5363834099568], [70.61306238902571, 21.53634865404422], [70.61298481411103, 21.53631389728774], [70.61290724009467, 21.536279140522925], [70.61282966607833, 21.536244383749803], [70.61275209206197, 21.536209626968322], [70.61267451714728, 21.53617487017856], [70.61259694313091, 21.536140113380476], [70.61251936911457, 21.536105356574062], [70.6124511986626, 21.53605627588822], [70.61238302731233, 21.536007194350155], [70.61231485686037, 21.53595811363112], [70.61224668551006, 21.535909032059905], [70.61217851505809, 21.535859951307692], [70.61211034460612, 21.535810870538878], [70.61204217325586, 21.535761789753472], [70.61197400190557, 21.53571270895149], [70.6119058314536, 21.535663628132895], [70.61183326374832, 21.535620502643837], [70.61176069604304, 21.53557737630636], [70.61168812833775, 21.53553425079168], [70.61161556063249, 21.535491125264176], [70.61154299292718, 21.535447999723875], [70.61147042432361, 21.535404873335153], [70.61139785661831, 21.53536174693362], [70.61132528891305, 21.5353186213549], [70.61125272120776, 21.53527549576334], [70.61118015350247, 21.535232370158994], [70.6111075857972, 21.535189243706217], [70.61103501809191, 21.535146118076224], [70.61096245038661, 21.53510299243346], [70.61088988268136, 21.53505986594226], [70.61081731497606, 21.535016740273868], [70.61074474727077, 21.534973614592644], [70.61067217866719, 21.53493048806301], [70.6105996109619, 21.5348873623562], [70.61052704325662, 21.53484423663654], [70.61045447555134, 21.534801110904095], [70.61038190784605, 21.534757985158826], [70.61030934014077, 21.534714859400783], [70.61022653972609, 21.53468512259131], [70.61014373931143, 21.53465538494011], [70.61006093889674, 21.53462564811846], [70.60997813848202, 21.534595910455085], [70.60989533806736, 21.534566173621247], [70.60981253765267, 21.534536436781305], [70.60972973633967, 21.534506699099698], [70.60964693592501, 21.53447696141196], [70.60956413640865, 21.534447224553723], [70.60948133509561, 21.534417486853858], [70.60939853468095, 21.53438774998345], [70.60931573426626, 21.534358013106978], [70.60923293385159, 21.534328275388795], [70.60915013433522, 21.534298538500153], [70.6090673330222, 21.53426880076978], [70.60898453350583, 21.53423906386895], [70.60890173219283, 21.534209326126415], [70.60881893177817, 21.53417958921341], [70.60873613136349, 21.53414985229431], [70.60865333005049, 21.534120114533483], [70.60857053053412, 21.534090377602205], [70.60848772922112, 21.534060639829214], [70.60840492880642, 21.534030902885725], [70.60832212929006, 21.534001165936168], [70.60823932797707, 21.53397142814491], [70.60815652756237, 21.533941691183177], [70.608073728046, 21.533911954215363], [70.60799092673301, 21.53388221640582], [70.60790812631835, 21.533852479425818], [70.60782532590365, 21.5338227424397], [70.60774252459065, 21.533793004611926], [70.60765972507429, 21.533763267613615], [70.6075769237613, 21.533733529773656], [70.6074941233466, 21.533703792763173], [70.60741132293194, 21.533674055746634], [70.60732852251724, 21.53364431872401], [70.60724678480953, 21.53361578163844], [70.60716504710184, 21.53358724371166], [70.60708330939414, 21.533558706614883], [70.60700157258475, 21.533530169512467], [70.60691983487705, 21.533501631568885], [70.60683809716936, 21.53347309445526], [70.60675635946166, 21.53344455733604], [70.60667462265225, 21.53341602021121], [70.60659288404622, 21.533387482245182], [70.60651114633853, 21.533358945109132], [70.60642940952914, 21.533330407967505], [70.60634767182144, 21.533301870820246], [70.60626593501208, 21.533273333667374], [70.60618419640605, 21.533244795673294], [70.60610245869835, 21.533216258509203], [70.60602072099064, 21.533187721339512], [70.60593898328295, 21.533159184164212], [70.60585724557522, 21.5331306469833], [70.60577550876584, 21.533102109796804], [70.60569377105816, 21.53307357260467], [70.60561203335045, 21.53304503540694], [70.60553029564272, 21.533016498203587], [70.60545141547595, 21.532978543572423], [70.6053725362075, 21.532940588931307], [70.6052936560407, 21.53290263428027], [70.60521477587393, 21.532864679619344], [70.60513589570714, 21.53282672494847], [70.60505701643866, 21.53278877110331], [70.60497813627187, 21.53275081641259], [70.60489925610511, 21.53271286171195], [70.60482037593832, 21.53267490700142], [70.60474149666985, 21.532636952280946], [70.60466261650308, 21.532598997550533], [70.60458373633628, 21.532561042810222], [70.60450485616948, 21.532523088060003], [70.60442597690103, 21.532485133299833], [70.60434709673426, 21.532447178529754], [70.60426821656746, 21.532409223749788], [70.6041893364007, 21.53237126895986], [70.60411045713224, 21.532333314160024], [70.60403157696544, 21.53229535935029], [70.60395269679864, 21.532257404530604], [70.60387381663188, 21.532219449700996], [70.6037949373634, 21.532181495697113], [70.6037160571966, 21.53214354084767], [70.60363717702985, 21.532105585988333], [70.60355829686304, 21.532067631119045], [70.60347941759458, 21.532029676239844], [70.60340053742779, 21.53199172135075], [70.60332165726102, 21.531953766451704], [70.60324277709422, 21.531915811542735], [70.60316389782577, 21.531877856623858], [70.603085017659, 21.53183990169508], [70.6030061374922, 21.531801946756353], [70.6029272573254, 21.531763991807694], [70.60284837805693, 21.531726037684777], [70.60276949789018, 21.53168808271632], [70.60269061772337, 21.531650127737915], [70.60261173755661, 21.531612172749586], [70.60253285828811, 21.531574217751345], [70.60245397812135, 21.531536262743206], [70.60237509795455, 21.53149830772512], [70.60229621778778, 21.53146035269711], [70.60221733851932, 21.531422397659213], [70.60213845835253, 21.53138444261137], [70.60205957818573, 21.531346487553602], [70.60197110670669, 21.53133892511936], [70.60188263612592, 21.531331363520305], [70.60179416464683, 21.531323801085275], [70.6017056940661, 21.531316238649826], [70.60161722258702, 21.531308676213982], [70.60152875200625, 21.53130111377777], [70.60144028052717, 21.531293551341147], [70.60135180994644, 21.531285988904106], [70.60126333846736, 21.53127842646672], [70.60117486788661, 21.531270864028905], [70.60108639640754, 21.531263301590695], [70.60099792582676, 21.531255739152126], [70.6009094543477, 21.531248176713127], [70.60082098376695, 21.531240614273745], [70.60073251228788, 21.531233051833993], [70.6006440408088, 21.53122548939381], [70.60055557022802, 21.531217926953236], [70.600467098749, 21.5312103645123], [70.60037862816822, 21.531202802070936], [70.60029015668914, 21.5311952396292], [70.60020168610839, 21.531187677187084], [70.60011321462932, 21.531180114744533], [70.60002474404854, 21.5311725523016], [70.59993627256948, 21.531164989858265], [70.59984780198873, 21.531157427414584], [70.59975933050967, 21.53114986497047], [70.5996708599289, 21.53114230252596], [70.59958238844985, 21.531134740081082], [70.59952684741243, 21.53119801391728], [70.59947130637507, 21.531261287725858], [70.59941576533768, 21.531324562342565], [70.59936022430028, 21.531387836096044], [70.5993046832629, 21.53145110982194], [70.59924914222549, 21.531514383520282], [70.59919360118813, 21.531577657191065], [70.59913806015075, 21.531640930834268], [70.59908251911334, 21.53170420528552], [70.59902697807597, 21.531767478873597], [70.5989714370386, 21.531830752434093], [70.59891589600117, 21.53189402596702], [70.59886035496382, 21.53195729947239], [70.59880481392644, 21.532020572950177], [70.59874927288902, 21.532083847236006], [70.59869373185164, 21.532147120658667], [70.59863819081428, 21.53221039405375], [70.59858264977686, 21.532273667421222], [70.59854447497055, 21.532346175223754], [70.59850630106256, 21.532418682154404], [70.59846812625624, 21.53249118988452], [70.59842995234825, 21.532563696742756], [70.59839177754193, 21.532636204400458], [70.5983536027356, 21.53270871202194], [70.59831542882762, 21.532781218771593], [70.5982772540213, 21.532853726320656], [70.5982390801133, 21.53292623299791], [70.598200905307, 21.53299874047456], [70.59816273050068, 21.533071247915004], [70.59812455659268, 21.533143754483632], [70.59808638178636, 21.533216261851674], [70.59804820787836, 21.533288768347898], [70.59801003307204, 21.533361275643525], [70.59797185826572, 21.533433782902932], [70.59793368435774, 21.53350628929055], [70.59789550955142, 21.533578796477567], [70.59785733564344, 21.533651302792755], [70.5978191608371, 21.533723809907343], [70.59778098603078, 21.53379631698574], [70.5977428121228, 21.533868823192318], [70.59770463731648, 21.5339413301983], [70.59766646340849, 21.534013836332452], [70.59762828860218, 21.53408634326603], [70.5975909851617, 21.534162063091063], [70.5975536817212, 21.53423778371223], [70.59751637917903, 21.534313503458296], [70.59747907573852, 21.534389224000495], [70.59744177319637, 21.534464943667587], [70.59740446975589, 21.53454066413082], [70.59736716631538, 21.534616383718927], [70.59732986287491, 21.53469210410314], [70.59729256033275, 21.534767823612295], [70.59725525689224, 21.534843543917557], [70.59721795435007, 21.53491926334772], [70.59718065090956, 21.534994983574027], [70.5971433474691, 21.53507070292521], [70.59710604492693, 21.535146422236902], [70.59706874148642, 21.53522214234473], [70.59703143804595, 21.535297861577444], [70.59699413460545, 21.535373581606276], [70.59695683206328, 21.53544930076001], [70.59691952862278, 21.535525020709887], [70.59688222608061, 21.53560073978464], [70.59684492264013, 21.53567645965554], [70.59680761919964, 21.53575217865133], [70.59677031575917, 21.53582789844321], [70.59673301321699, 21.535903617360056], [70.59669418443715, 21.53597537632221], [70.5966553556573, 21.53604713524893], [70.59661652687744, 21.536118894140156], [70.5965776980976, 21.53619065299591], [70.59653886931777, 21.53626241181622], [70.59650004143626, 21.536334169765468], [70.59646121265641, 21.536405928514817], [70.59642238387657, 21.536477687228743], [70.59638355509674, 21.536549445907166], [70.59634472631689, 21.536621204550155], [70.59630526422477, 21.53669418480089], [70.59626580213268, 21.53676716585057], [70.59622634004054, 21.53684014602795], [70.59618687794841, 21.536913126168624], [70.596147414958, 21.536986107108245], [70.59610795286586, 21.53705908717555], [70.59606849077377, 21.5371320680418], [70.59602902868164, 21.537205048035737], [70.59598956658951, 21.53727802799301], [70.59595010449742, 21.537351008749177], [70.59591064240529, 21.537423988633055], [70.59587118031317, 21.537496968480255], [70.59583171822106, 21.53756994912637], [70.59579225612895, 21.537642928900176], [70.59575279403681, 21.537715908637317], [70.5957133310464, 21.537788889173374], [70.5956738689543, 21.537861868837133], [70.59563440686217, 21.5379348484642], [70.59559494477004, 21.538007828890173], [70.59555548267795, 21.538080808443873], [70.59551602058582, 21.538153788796485], [70.59547655849369, 21.538226768276804], [70.5954370964016, 21.53829974772044], [70.59539763430948, 21.538372727962972], [70.59535817221735, 21.538445707333217], [70.59531871012526, 21.538518686666794], [70.5952792471348, 21.538591666799277], [70.5952397850427, 21.538664646059463], [70.59520032295057, 21.538737625282955], [70.59516086085844, 21.538810605305365], [70.59512139876635, 21.538883584455476], [70.59508193667422, 21.53895656356891], [70.5950424745821, 21.53902954348125], [70.59500301249001, 21.5391025225213], [70.59496354949958, 21.53917550236027], [70.59492408740745, 21.53924848132694], [70.59488462531533, 21.539321460256918], [70.59484516322323, 21.539394439985813], [70.59480570113111, 21.539467418842413], [70.59477317852455, 21.539532837325996], [70.5947406550197, 21.539598255780128], [70.59470813151484, 21.539663674204743], [70.59467560890828, 21.539729091764325], [70.59464308630173, 21.53979451013001], [70.59461056279687, 21.53985992846621], [70.59452390501635, 21.5398417922212], [70.59443724813417, 21.539823655973954], [70.59435059035364, 21.539805519724453], [70.59426393347145, 21.53978738347269], [70.59417727569094, 21.539769247218622], [70.59409061791044, 21.539751110962317], [70.59400396102824, 21.53973297470376], [70.59391730324771, 21.53971483844291], [70.59383064546721, 21.539696702179786], [70.593743988585, 21.53967856591442], [70.5936573308045, 21.53966042964678], [70.5935706739223, 21.539642293376886], [70.59348401614177, 21.53962415710469], [70.59339735836127, 21.539606020830256], [70.59331070147907, 21.53958788455357], [70.59322404369857, 21.539569748274605], [70.59313738591803, 21.53955161199335], [70.59305072903587, 21.53953347570986], [70.59296407125532, 21.5395153394241], [70.59287741437312, 21.53949720313608], [70.59279075659262, 21.53947906684574], [70.59270409881212, 21.539460930553187], [70.59261744192992, 21.53944279425836], [70.59253078414939, 21.53942465796128], [70.59244412726719, 21.539406521661896], [70.59235746948669, 21.539388385360272], [70.59227081170619, 21.539370249056372], [70.59218415482398, 21.539352112750223], [70.59209749704345, 21.539333976441778], [70.59201083926294, 21.5393158401311], [70.59192418238075, 21.539297703818143], [70.59183752460024, 21.53927956750292], [70.59175086771805, 21.539261431185405], [70.59166420993755, 21.539243294865653], [70.59157755215702, 21.53922515854365], [70.5914908952748, 21.539207022219358], [70.59140423749432, 21.539188885892788], [70.59131757971377, 21.539170749563976], [70.5912309228316, 21.539152613232904], [70.59114426505107, 21.539134476899562], [70.59105760816887, 21.539116340563908], [70.59097095038837, 21.53909820422603], [70.59088251124865, 21.539105916661182], [70.5907940721089, 21.539113629095905], [70.59070563386754, 21.539121341530233], [70.59061719472778, 21.53912905396414], [70.59052875558808, 21.539136766397654], [70.59044031644837, 21.539144478830707], [70.59035187730862, 21.539152191263383], [70.5902634381689, 21.539159902860092], [70.5901749999275, 21.539167615291962], [70.59008656078778, 21.53917532772339], [70.58999812164808, 21.539183040154438], [70.58990968250832, 21.53919075258506], [70.58982124336862, 21.539198465015293], [70.58973280512721, 21.539206176609508], [70.5896443659875, 21.539213889038912], [70.58955592684778, 21.539221601467908], [70.58946748770803, 21.53922931306093], [70.58937904856833, 21.53923702548911], [70.58929061032691, 21.53924473708128], [70.58920217118721, 21.539252449508634], [70.58911373204747, 21.53926016193557], [70.58902529290775, 21.539267873526516], [70.58893685376803, 21.539275585952637], [70.58884841462833, 21.53928329754276], [70.58875997638692, 21.53929100996808], [70.58867153724717, 21.539298722392967], [70.58858309810746, 21.539306433981864], [70.58849465896775, 21.53931414640595], [70.588406219828, 21.539321858829602], [70.58831778158662, 21.53932957041727], [70.58822934244688, 21.53933728284012], [70.58814090330716, 21.539344995262564], [70.58805246416746, 21.539352706849034], [70.5879640250277, 21.53936041927061], [70.58787558678634, 21.539368130856268], [70.5877871476466, 21.539375842441462], [70.58769870850688, 21.53938355486186], [70.58761026936716, 21.53939126728185], [70.58752183022742, 21.539398978865812], [70.58743339108771, 21.539406691284974], [70.5873449528463, 21.539414402868132], [70.58725651370659, 21.53942211445091], [70.58716807456688, 21.53942982686884], [70.58708318916241, 21.539451934683854], [70.58699830375795, 21.53947404249551], [70.58691341745516, 21.539496151139375], [70.5868285320507, 21.539518258944273], [70.58674364664626, 21.53954036674584], [70.58665876124182, 21.539562474544006], [70.58657387493902, 21.539584583174413], [70.58648898953457, 21.539606690965865], [70.5864041041301, 21.53962879875393], [70.58631921872565, 21.539650907374234], [70.58623433242289, 21.539673015991156], [70.58614944701843, 21.539695123769146], [70.58606456161397, 21.53971723154374], [70.58597967620952, 21.53973934015057], [70.58589479080504, 21.539761447918462], [70.58580990450228, 21.53978355651855], [70.58572501909784, 21.539805664279683], [70.58564013369337, 21.539827772037473], [70.58555524828891, 21.53984988062746], [70.58547036198613, 21.539871989214088], [70.58538547658166, 21.53989409696175], [70.58530059117723, 21.539916204706067], [70.58521570577278, 21.539938312447], [70.58513082036832, 21.539960421020155], [70.58504593406552, 21.539982529589924], [70.58496104866107, 21.54000463732078], [70.58487616325661, 21.54002674504825], [70.58479127785215, 21.540048852772376], [70.58470639154939, 21.540070961328688], [70.58462150614493, 21.540093069046044], [70.58453662074047, 21.540115177595627], [70.58445173533602, 21.54013728530628], [70.58436684903326, 21.54015939384913], [70.58428196362878, 21.5401815023886], [70.58419707822434, 21.540203610089122], [70.584125490581, 21.540251416789335], [70.58405390293771, 21.54029922347378], [70.58398231529442, 21.54034703014248], [70.58391072675279, 21.540394837631048], [70.58383913910947, 21.540442644268257], [70.58376755146618, 21.54049045088973], [70.58369596382285, 21.540538257495452], [70.58362437617956, 21.54058606408544], [70.58355278853627, 21.540633870659647], [70.58348119999464, 21.54068167805373], [70.5834096123513, 21.540729484596476], [70.58333802470801, 21.540777291123476], [70.5832664370647, 21.540825097634734], [70.58319484942139, 21.540872904130246], [70.5831232617781, 21.540920710610006], [70.58305167323648, 21.540968517909583], [70.58298008559315, 21.54101632435786], [70.58290849794986, 21.541064130790378], [70.58283691030654, 21.541111937207166], [70.58276532266323, 21.5411597436082], [70.58269373501994, 21.541207549993498], [70.58262214647833, 21.541255357198615], [70.582550558835, 21.541303163552424], [70.5824789711917, 21.541350969890445], [70.58240738354839, 21.541398776212755], [70.5823357959051, 21.541446582519317], [70.5822642082618, 21.541494388810126], [70.58219261972017, 21.54154219592078], [70.58212103207684, 21.541590002180115], [70.58204944443355, 21.541637808423687], [70.58197785679023, 21.541685614651524], [70.58190626914694, 21.541733420863608], [70.58183468150365, 21.541781227059943], [70.581763092962, 21.541829034076095], [70.58169150531869, 21.541876840240942], [70.5816199176754, 21.54192464639004], [70.58154833003208, 21.541972452523385], [70.58147674238877, 21.542020259476576], [70.58140515474548, 21.542068065578448], [70.58133356620387, 21.542115872500105], [70.58126197856053, 21.542163678570475], [70.58119039091724, 21.542211484625096], [70.5811196054695, 21.542258755066637], [70.5810488200217, 21.542306025492774], [70.58097803457395, 21.542353295903553], [70.5809072491262, 21.5424005662989], [70.58083646367844, 21.542447836678853], [70.58076567733237, 21.5424951070434], [70.5806948918846, 21.542542377392593], [70.58062410643687, 21.542589647726363], [70.58055332098911, 21.542636918044742], [70.58048253554132, 21.542684188347714], [70.58041175009357, 21.54273145863529], [70.58034096464581, 21.5427787289075], [70.58027017919807, 21.54282599916429], [70.58019939375032, 21.54287326940567], [70.58012860830253, 21.542920539631673], [70.58005782285478, 21.54296780984231], [70.57998703740704, 21.54301507920194], [70.57991625106095, 21.54306234938175], [70.5798454656132, 21.543109619546186], [70.57977468016544, 21.543156889695194], [70.5797038947177, 21.543204159828818], [70.57963310926993, 21.543251429947038], [70.57956232382216, 21.543298700049903], [70.57951280688708, 21.54336778574582], [70.57946328995197, 21.54343687224443], [70.5794137739152, 21.543505957874586], [70.57936425698013, 21.543575044307413], [70.57931474094335, 21.543644129871794], [70.57926522400825, 21.543713216238846], [70.57921570707317, 21.543782301737455], [70.57916619013807, 21.543851388038732], [70.57911667410129, 21.543920473471594], [70.5790671571662, 21.54398955970707], [70.57901764112941, 21.54405864507416], [70.57896812419433, 21.544127731243886], [70.57891860815757, 21.544196816545174], [70.57886909122246, 21.54426590181356], [70.5788195742874, 21.544334987884632], [70.57877005825061, 21.544404073087257], [70.5787205413155, 21.54447315909254], [70.57867102438044, 21.54454224422939], [70.57862150744533, 21.544611330168898], [70.57857199140855, 21.544680415240002], [70.57852247447344, 21.544749501113714], [70.57847295843666, 21.54481858611903], [70.5784234415016, 21.544887671927004], [70.57837392546483, 21.544956756866508], [70.57832440852971, 21.54502584177314], [70.57827489159465, 21.545094927482427], [70.57822537555788, 21.545164012323283], [70.57817585862277, 21.545233097966797], [70.57812634168765, 21.545302182741878], [70.57807682475259, 21.545371268319606], [70.57802730871582, 21.54544035302894], [70.57797779178071, 21.54550943854087], [70.57792827574393, 21.545578523184403], [70.57787875880885, 21.545647608630585], [70.57782924187376, 21.545716693208334], [70.57777972493868, 21.545785778588737], [70.5777302089019, 21.5458548631007], [70.57768069196679, 21.545923947579762], [70.5776311750317, 21.545993032861507], [70.57758165899492, 21.546062117274783], [70.57753214205984, 21.54613120249074], [70.57748262602307, 21.546200286838268], [70.57743310908796, 21.546269371988426], [70.5773835930512, 21.54633845627018], [70.5773340761161, 21.54640754135458], [70.57728455918101, 21.54647662557053], [70.57723504224595, 21.54654571058913], [70.57718552620916, 21.54661479473931], [70.57714174322054, 21.546687515125726], [70.5770979602319, 21.54676023547568], [70.57705417724326, 21.546832955789174], [70.5770103933563, 21.54690567690181], [70.57696661036766, 21.54697839714242], [70.57692282737904, 21.547051117346605], [70.5768790443904, 21.547123837514352], [70.57683526140177, 21.547196557645663], [70.57679147841314, 21.547269277740487], [70.5767476954245, 21.54734199863444], [70.57670391243587, 21.54741471865639], [70.57666012944723, 21.547487438641895], [70.57661634645861, 21.547560158590983], [70.57657256346997, 21.547632878503613], [70.57652878048134, 21.54770559837978], [70.5764849965944, 21.547778319055066], [70.57644121360578, 21.547851038858322], [70.57639743061715, 21.547923758625178], [70.57635364762851, 21.547996478355586], [70.57630986463988, 21.548069198049546], [70.57626608165124, 21.54814191770703], [70.57622229866261, 21.548214637328105], [70.57617851477565, 21.548287357748233], [70.57613473178701, 21.548360077296408], [70.57609094879838, 21.548432796808136], [70.57604716580975, 21.548505516283424], [70.57600338282113, 21.54857823572224], [70.57595959983249, 21.54865095512463], [70.57591581594552, 21.548723675326077], [70.5758720329569, 21.548796394655582], [70.57582824996825, 21.548869113948626], [70.57578446697963, 21.548941833205234], [70.57574068399099, 21.549014552425366], [70.57569690100236, 21.549087271609075], [70.57565311711542, 21.54915999159188], [70.5756093341268, 21.549232710702665], [70.57556555113815, 21.549305429777025], [70.57552176814954, 21.549378148814952], [70.57551096411161, 21.54946054652444], [70.57550016097201, 21.549542943351593], [70.57548935693409, 21.549625340967484], [70.57547855379445, 21.549707737701077], [70.57546774975653, 21.549790135223386], [70.57545694571861, 21.549872532698902], [70.57544614257901, 21.549954929292078], [70.57543533854108, 21.550037326673984], [70.57542453450317, 21.55011972400911], [70.57541373136358, 21.550202120461897], [70.57540292732565, 21.550284517703425], [70.57539212418602, 21.550366914062653], [70.57538132014814, 21.550449311210585], [70.57537051611021, 21.550531708311723], [70.57535971297058, 21.550614104530553], [70.57534890893265, 21.55069650153808], [70.57533810489473, 21.550778898498827], [70.57532730175514, 21.550861294577278], [70.57531649771721, 21.550943691444417], [70.57530569457762, 21.551026087429243], [70.5752948905397, 21.55110848420281], [70.57528408650178, 21.551190880929557], [70.57527328336214, 21.551273276773998], [70.57526247932425, 21.551355673407148], [70.57525167618462, 21.551438069158014], [70.5752408721467, 21.55152046569758], [70.57523006810877, 21.551602862190343], [70.57521926496919, 21.55168525780078], [70.57520846093126, 21.551767654199942], [70.57519765779166, 21.551850050552314], [70.57518685465203, 21.551932446022388], [70.5751760506141, 21.552014842281153], [70.57516524747452, 21.552097237657602], [70.57515444343659, 21.552179633822767], [70.57514363939866, 21.552262029941126], [70.57513283625909, 21.552344425177175], [70.57512203311944, 21.552426821201948], [70.57511122997985, 21.552509216344426], [70.57510042594193, 21.552591612275602], [70.575089621904, 21.552674008159965], [70.57507881876441, 21.55275640316201], [70.57506801472648, 21.552838798952763], [70.57505721158687, 21.552921194696733], [70.57504640844726, 21.553003589558404], [70.57503560440934, 21.553085985208764], [70.57502480126975, 21.55316837997681], [70.57501399723182, 21.553250775533563], [70.5750031931939, 21.55333317104352], [70.57499239005428, 21.553415565671152], [70.57498158601635, 21.553497961087512], [70.57497078287675, 21.553580356457054], [70.57495997973716, 21.553662750944312], [70.57494917569923, 21.55374514622026], [70.57493837255961, 21.55382754061389], [70.57492756852169, 21.553909935796227], [70.57494077285804, 21.553991809581213], [70.57495397719443, 21.554073683319952], [70.5749671815308, 21.5541555570125], [70.57498038586712, 21.554237430658826], [70.57499359020349, 21.55431930425896], [70.57500679453986, 21.55440117781283], [70.57501999887623, 21.55448305132054], [70.5750332032126, 21.554564924782], [70.57504640754894, 21.554646798197275], [70.57505961188531, 21.554728671566334], [70.57507281622168, 21.55481054488916], [70.57508602055805, 21.554892418165792], [70.57509922489439, 21.554974291396178], [70.57511242923074, 21.555056164580385], [70.57512563356711, 21.555138037718343], [70.5751388379035, 21.555219910810123], [70.57515204223985, 21.55530178385564], [70.57516524657619, 21.555383656854993], [70.57517845091256, 21.555465529808085], [70.57519165524891, 21.55554740271501], [70.5752048595853, 21.555629275575676], [70.57521806392162, 21.55571114839016], [70.57523126825801, 21.555793021158387], [70.57524447259436, 21.555874893880443], [70.57525767693073, 21.555956766556243], [70.57527088126707, 21.55603863918586], [70.57528408560343, 21.55612051260474], [70.57529728993981, 21.55620238514192], [70.57531049427618, 21.556284257632864], [70.57532369861255, 21.556366130077603], [70.57533690294888, 21.556448002476106], [70.57535010818359, 21.5565298756639], [70.57536331251991, 21.556611747969992], [70.5753765168563, 21.55669362022984], [70.57538972119265, 21.556775492443503], [70.57540292552902, 21.556857364610924], [70.57541612986539, 21.55693923673215], [70.57542933420171, 21.557021108807128], [70.5754425385381, 21.557102980835925], [70.57545574287447, 21.557184852818466], [70.57546894721084, 21.557266724754825], [70.57548215154716, 21.557348596644925], [70.57549535588355, 21.557430468488857], [70.57550856111824, 21.557512340286543], [70.57552176545458, 21.557594212037998], [70.57553497068928, 21.55767608374327], [70.5755481750256, 21.557757954566817], [70.57556137936197, 21.55783982617961], [70.57557458459664, 21.55792169774621], [70.57558778893302, 21.558003569266567], [70.57560099416771, 21.558085440740726], [70.57561419850406, 21.558167312168642], [70.57562740373874, 21.558249183550377], [70.57564060807508, 21.558331054885837], [70.57568022108418, 21.558404739382446], [70.57571983409325, 21.558478423006157], [70.57575944800067, 21.558552107427886], [70.57579906100973, 21.55862579181217], [70.57583867401884, 21.558699475323568], [70.57587828792622, 21.558773159632985], [70.57591790093532, 21.5588468430695], [70.57595751484273, 21.558920527304018], [70.57599712785179, 21.558994211501123], [70.57603674086087, 21.55906789482533], [70.57607635386998, 21.559141578947536], [70.57611596777738, 21.55921526303231], [70.57615558078646, 21.55928894624418], [70.57619519379553, 21.55936263025409], [70.57623480680459, 21.559436313391085], [70.576274420712, 21.5595099973261], [70.5763140337211, 21.559583681223668], [70.57635364673018, 21.559657364248356], [70.57639326063759, 21.559731048071043], [70.57643287364665, 21.55980473185629], [70.57647248665576, 21.55987841476865], [70.57651210056314, 21.559952098479027], [70.57655171357224, 21.56002578215196], [70.57659132658132, 21.560099464952], [70.57663094048871, 21.56017314855005], [70.57667055349779, 21.560246831275204], [70.5767101674052, 21.56032051479836], [70.57674978041427, 21.560394198284087], [70.57678939342338, 21.56046788089693], [70.57682900643245, 21.560541564307762], [70.57686862033985, 21.56061524768115], [70.57690823334893, 21.56068893018167], [70.57694784635802, 21.560762613480176], [70.5769874593671, 21.560836295905812], [70.57702707327451, 21.56090997912945], [70.57706668628357, 21.56098366231563], [70.57710629929265, 21.561057344628914], [70.57714591320006, 21.561131027740227], [70.57718552620916, 21.561204710814085], [70.57722513921824, 21.56127839301506], [70.57726475312563, 21.561352076014032], [70.57730436613471, 21.561425758975552], [70.57734397914379, 21.561499441064214], [70.5773835930512, 21.561573123950865], [70.5774232060603, 21.561646805964617], [70.57746281996769, 21.561720488776373], [70.57750243297676, 21.561794171550698], [70.57754204598585, 21.561867853452114], [70.57758165899492, 21.561941536151544], [70.57762127290232, 21.562015218813535], [70.57766088591143, 21.56208890060265], [70.57770049892049, 21.562162583189743], [70.57774011192957, 21.56223626490395], [70.57777972583698, 21.562309947416164], [70.57781933884608, 21.56238362989093], [70.57785895185516, 21.562457311492814], [70.57789856576255, 21.56253099389269], [70.5779495963589, 21.56259786902397], [70.57800062785356, 21.56266474412441], [70.57805165844991, 21.56273161835856], [70.57810268904626, 21.562798493397338], [70.5781537205409, 21.562865368405227], [70.57820475113725, 21.562932243382303], [70.57825578173359, 21.562999118328523], [70.57830681232994, 21.563065993243885], [70.5783578429263, 21.563132868128417], [70.57840887442093, 21.563199742982114], [70.57845990501728, 21.56326661696949], [70.57851093561362, 21.563333491761455], [70.5785619671083, 21.563400366522607], [70.57861299770462, 21.563467241252912], [70.57866402830098, 21.563534115116905], [70.57871505979566, 21.563600989785492], [70.57876609039201, 21.563667864423252], [70.57881712188664, 21.563734739030174], [70.578868152483, 21.56380161360621], [70.57891918307934, 21.563868487315986], [70.578970214574, 21.563935361830364], [70.57902124517032, 21.564002236313893], [70.57907227666502, 21.564069110766546], [70.57912330726137, 21.56413598435293], [70.57917433785771, 21.56420285874392], [70.57922536935236, 21.564269733104055], [70.57927639994871, 21.564336607433315], [70.57932743054505, 21.564403480896317], [70.5793784620397, 21.564470355163913], [70.57942949263604, 21.56453722940067], [70.57948052413072, 21.564604103606538], [70.57953155472704, 21.56467097694617], [70.5795825853234, 21.56473785109035], [70.57963361681807, 21.564804725203714], [70.57968464741442, 21.56487159928619], [70.57973567801076, 21.56493847250243], [70.57978670950541, 21.565005346523215], [70.57983774010175, 21.565072220513187], [70.5798887715964, 21.56513909447227], [70.57993980219275, 21.565205967565117], [70.57999083278911, 21.56527284146251], [70.58004186428379, 21.565339715329088], [70.58009289488014, 21.565406588329356], [70.58014392637477, 21.565473462134232], [70.58019495697113, 21.56554033590823], [70.58024598756747, 21.565607208815962], [70.58029701906212, 21.56567408336374], [70.58034804965845, 21.565740956209765], [70.58039908025481, 21.565807829024955], [70.58045011174946, 21.565874702644706], [70.58050114324413, 21.565941576233637], [70.58045663980663, 21.566008406349418], [70.58041213636916, 21.56607523643443], [70.58036763293165, 21.566142066488585], [70.58032312949419, 21.56620889651194], [70.58027862515839, 21.566275726504486], [70.58023412172088, 21.566342556466253], [70.58018961828337, 21.566409386397172], [70.58014511394757, 21.56647621629729], [70.5801006105101, 21.566543046166593], [70.5800561070726, 21.56660987600512], [70.58001160273679, 21.566676705812796], [70.5799670992993, 21.566743535589673], [70.57992259586182, 21.566810365335776], [70.57987809242431, 21.566877195051028], [70.5798335880885, 21.566944024735463], [70.57978908465104, 21.5670108543891], [70.57976769037423, 21.56708721200303], [70.57974629609743, 21.567163570412163], [70.57972490182063, 21.567239927945625], [70.57970350754381, 21.567316286274313], [70.57968211326701, 21.567392643727345], [70.5796607189902, 21.567469001975567], [70.5796393247134, 21.56754535934817], [70.57961793043658, 21.567621717515937], [70.57959653615978, 21.567698074808085], [70.57957514098464, 21.567774432895394], [70.57955374670784, 21.5678507901071], [70.57953235243103, 21.567927148114006], [70.57951095815423, 21.568003505245258], [70.57948956297908, 21.56807986317167], [70.57946816870228, 21.568156220222487], [70.57944677352718, 21.56823257806846], [70.57942537925037, 21.56830893503881], [70.57941924106204, 21.56839100202878], [70.5794131028737, 21.568473068972274], [70.57940696468536, 21.568555135869307], [70.579400826497, 21.568637202719877], [70.57939468741037, 21.56871926952399], [70.57938854922205, 21.568801336281624], [70.57938241013537, 21.568883402992782], [70.57937627194704, 21.568965469657496], [70.57937013286038, 21.569047536275733], [70.57936399467204, 21.569129602012104], [70.57935785558541, 21.569211668537406], [70.57935171739707, 21.56929373501625], [70.57934557831041, 21.569375801448626], [70.57933944012208, 21.569457867834533], [70.57933330103542, 21.569539934173964], [70.57932716284708, 21.569622000466943], [70.57932102376046, 21.569704066713438], [70.57931488557209, 21.56978613291347], [70.57930874648545, 21.569868199067045], [70.57930260829713, 21.56995026517414], [70.57929646921046, 21.570032331234763], [70.57929033102212, 21.57011439724894], [70.57928419193546, 21.570196463216625], [70.57927805374713, 21.570278529137852], [70.5792719146605, 21.570360595012602], [70.57926577647217, 21.570442660840893], [70.5792596373855, 21.570524726622722], [70.57925349919716, 21.570606792358063], [70.57924736100883, 21.570688857211536], [70.57924122192217, 21.570770922853942], [70.57923508283554, 21.570852988449875], [70.57922894464717, 21.570935053999357], [70.57922280556053, 21.571017119502354], [70.57921666737221, 21.571099184958886], [70.57921052828554, 21.571181250368944], [70.57920439009722, 21.571263315732544], [70.57919825101054, 21.571345381049667], [70.57919211282221, 21.571427446320342], [70.579195756389, 21.571507776425417], [70.57919939995581, 21.57158810648599], [70.5792030435226, 21.571668436502048], [70.57920668708938, 21.571748767308943], [70.57921033065618, 21.57182909723593], [70.57921397422297, 21.571909427118403], [70.57921761778977, 21.57198975695635], [70.57922126135657, 21.57207008674973], [70.57922490582165, 21.572150416498605], [70.57922854938845, 21.572230746202955], [70.57923219295525, 21.572311075862803], [70.57923583742037, 21.572391406313475], [70.57923948098716, 21.572471735884257], [70.57924312455395, 21.572552065410495], [70.57924676812074, 21.572632394892207], [70.57925041258584, 21.572712724329364], [70.57925405615264, 21.57279305372203], [70.57925770061776, 21.57287338307016], [70.57926134418456, 21.57295371237376], [70.57926498864965, 21.57303404246821], [70.57926863311476, 21.573114371682752], [70.57927227668156, 21.57319470085277], [70.57927592114666, 21.57327502997826], [70.57927956471345, 21.573355359059168], [70.57930644410335, 21.573430222167133], [70.5793333234933, 21.57350508523641], [70.57936020288324, 21.573579949102413], [70.57938708227319, 21.573654812094336], [70.57941396166309, 21.573729675047584], [70.57944084105304, 21.57380453796217], [70.57946772044296, 21.57387940083807], [70.57949459983291, 21.573954264510643], [70.57952147922282, 21.574029127309192], [70.57954835861275, 21.574103990069062], [70.5795752380027, 21.574178852790258], [70.57960211739261, 21.57425371547278], [70.57962899678256, 21.574328578116596], [70.57965587617248, 21.57440344155713], [70.57968275556243, 21.5744783041236], [70.57970963495234, 21.574553166651416], [70.57974544629114, 21.57462804751887], [70.57978125762996, 21.574702929183033], [70.57981706896875, 21.5747778099731], [70.57985288030757, 21.57485269072445], [70.57988869164636, 21.574927572272493], [70.57992450298515, 21.57500245294647], [70.57996031522228, 21.575077334417113], [70.57999612656106, 21.575152215013688], [70.58003193789989, 21.575227095571574], [70.58006774923867, 21.57530197692615], [70.58010356057747, 21.57537685740663], [70.58013354454502, 21.57545397080319], [70.5801635285126, 21.575531084994097], [70.58019351158183, 21.57560819830857], [70.58022349554938, 21.57568531241739], [70.58025347861863, 21.575762425649835], [70.58028346258618, 21.57583953884118], [70.58031344655373, 21.575916652826876], [70.58034342962296, 21.575993765936154], [70.58037341359051, 21.576070879839754], [70.58040339665976, 21.576147992866947], [70.58043338062731, 21.57622510668849], [70.58046336459486, 21.576302219633625], [70.58049334766409, 21.57637933253769], [70.58052333163164, 21.576456446236097], [70.5805533155992, 21.576533559058092], [70.58058329956675, 21.576610672674402], [70.580613282636, 21.5766877854143], [70.58063045213602, 21.576762553239487], [70.58064762253434, 21.576837321026098], [70.5806647920344, 21.576912087938734], [70.58068196243272, 21.57698685564816], [70.58069913193275, 21.577061623319015], [70.5807163023311, 21.577136390951278], [70.58073347183112, 21.57721115770958], [70.58075064222945, 21.577285925264675], [70.58076781172946, 21.577360692781195], [70.58078258182937, 21.577441280230214], [70.58079735282762, 21.577521868469756], [70.5808121229275, 21.577602455829123], [70.5808268930274, 21.577683043979047], [70.58084166312732, 21.577763631248775], [70.58085643412552, 21.577844219309046], [70.58087120422543, 21.577924806489108], [70.58088597522364, 21.578005394459687], [70.58090074532355, 21.578085981550107], [70.58091551632175, 21.57816656943106], [70.58093028642168, 21.578247156431825], [70.58094505741987, 21.5783277442231], [70.58095982751978, 21.5784083311342], [70.58100736366968, 21.578472107284824], [70.58105489981956, 21.578535883407348], [70.58110243507113, 21.57859965950183], [70.58114997122105, 21.578663435568224], [70.58119750737092, 21.578727211606513], [70.58124504262248, 21.578790986781396], [70.58129257877239, 21.57885476276358], [70.58134011492226, 21.578918538717648], [70.58138765017385, 21.578982314643635], [70.58143518632374, 21.57904609054159], [70.58146943100067, 21.579122188702176], [70.58150367567762, 21.579198286822805], [70.58153792035456, 21.579274384903435], [70.58157216503152, 21.579350483779457], [70.58160640970848, 21.57942658178017], [70.5816406543854, 21.57950267974089], [70.58167489906234, 21.579578777661652], [70.5817091437393, 21.579654875542406], [70.58174338841626, 21.57973097338322], [70.5817776330932, 21.579807071184025], [70.58181187777015, 21.579883168944896], [70.5818461233454, 21.579959267501106], [70.58188036802235, 21.58003536518203], [70.58191461269931, 21.58011146282293], [70.58194885737622, 21.580187560423894], [70.58198310205317, 21.580263657984847], [70.58201734673013, 21.580339755505864], [70.58205159140708, 21.58041585298687], [70.58208583608403, 21.580491950427916], [70.58212008076094, 21.580568048664343], [70.58215432543791, 21.580644146025406], [70.58218857011485, 21.580720243346544], [70.5822228147918, 21.58079634062766], [70.58225705946876, 21.580872437868837], [70.58229130414571, 21.580948535070007], [70.58232554882262, 21.581024632231227], [70.58235979349958, 21.58110072935245], [70.58239403907487, 21.581176827269065], [70.58242828375178, 21.581252924310327], [70.58246252842874, 21.581329021311642], [70.58249677310569, 21.581405118272947], [70.58253285124411, 21.581476915703004], [70.58256893028087, 21.581548713097504], [70.58260500841934, 21.58162051045638], [70.58264108655776, 21.581692307779672], [70.58267716559452, 21.581764105067407], [70.58271324373295, 21.58183590231952], [70.58274932187142, 21.58190769870073], [70.58278540090816, 21.581979495881672], [70.58282147904659, 21.582051293027007], [70.58285755718502, 21.582123090136808], [70.58289363622178, 21.582194887210974], [70.58292971436025, 21.582266684249557], [70.58298258380798, 21.582329211547272], [70.58303545325569, 21.582391738818], [70.58308832270343, 21.58245426689705], [70.58314119125285, 21.582516794113786], [70.58319406070059, 21.582579321303527], [70.58324693014832, 21.582641849301588], [70.58329979869772, 21.582704376437345], [70.58335266814547, 21.582766904381426], [70.58340553669488, 21.582829431463193], [70.58344228677315, 21.582902670804025], [70.58347903685143, 21.58297591094315], [70.58351578692968, 21.583049150209888], [70.58355253700798, 21.58312238943962], [70.58358928708623, 21.583195628632314], [70.58362603716452, 21.58326886862329], [70.58366278724277, 21.58334210774189], [70.58369953732107, 21.583415346823482], [70.58373628650104, 21.583488585032697], [70.58377303657929, 21.583561824875524], [70.58380978665758, 21.583635064681314], [70.58384653673583, 21.58370830361477], [70.58388328681413, 21.583781542511165], [70.58392003689238, 21.583854781370537], [70.58395678697066, 21.58392802019285], [70.58399353704893, 21.584001258978166], [70.5840302871272, 21.584074497726434], [70.58406703720547, 21.584147737272986], [70.58410378638543, 21.584220975947147], [70.58414053646372, 21.584294214584315], [70.58417728654199, 21.58436745318441], [70.58421403662027, 21.58444069258281], [70.58425078580022, 21.584513931108873], [70.58428753587847, 21.584587170433203], [70.58432428505844, 21.584660408885174], [70.58436103513674, 21.584733648135437], [70.58439778431669, 21.58480688651331], [70.58432367420404, 21.584847189866657], [70.58424956498975, 21.584887492373444], [70.58417545487714, 21.58492779570435], [70.58410134476449, 21.58496809902403], [70.58402723555018, 21.58500840149718], [70.58395312543757, 21.58504870479441], [70.58387901532492, 21.585089008080466], [70.58380490611064, 21.585129310519953], [70.58373079599801, 21.585169612948242], [70.5836566858854, 21.585209916200636], [70.58358257667108, 21.585250218606483], [70.58350846655844, 21.585290521836438], [70.58341983068766, 21.585287047751724], [70.58333119481692, 21.5852835745023], [70.58324255804781, 21.585280100417446], [70.58315392217705, 21.58527662716782], [70.5830652863063, 21.5852731530828], [70.58297665043553, 21.5852696789977], [70.58288801366642, 21.585266204912518], [70.58279937779567, 21.585262730827218], [70.5827107419249, 21.585259256741868], [70.58262210605413, 21.58525578265644], [70.58253346928505, 21.585252308570922], [70.58244483341427, 21.58524883448533], [70.5823561975435, 21.585245360399636], [70.58227822287851, 21.585204301194505], [70.58220024821357, 21.58516324281305], [70.58212227265027, 21.585122183584648], [70.58204429798528, 21.58508112434462], [70.58196632332029, 21.58504006509291], [70.58188834865534, 21.5849990058296], [70.58181037309204, 21.584957946554614], [70.58173239842705, 21.584916887268008], [70.58165442376206, 21.584875828805078], [70.58157644909711, 21.584834769495206], [70.58149847353383, 21.58479371017364], [70.58142049886884, 21.584752651675785], [70.58134252330555, 21.58471159233099], [70.58126454864056, 21.584670532974517], [70.58118657397561, 21.584629473606427], [70.58110859931062, 21.58458841422672], [70.58103062464563, 21.584547354835323], [70.58095264998067, 21.58450629543232], [70.58087467441734, 21.584465236017643], [70.5807966997524, 21.58442417742665], [70.58071872508741, 21.58438311798874], [70.58064075042245, 21.584342058539164], [70.58056277485913, 21.584300999077936], [70.58048480019418, 21.584259939605076], [70.58040825744376, 21.58421652033172], [70.58033171469334, 21.584173101045337], [70.58025517194292, 21.584129680910635], [70.5801786291925, 21.584086261598234], [70.58010208644208, 21.584042842272794], [70.58002554369169, 21.583999422099048], [70.57994900094127, 21.58395600274759], [70.57987245819085, 21.583912583383146], [70.57979591544043, 21.58386916400566], [70.57971937179173, 21.583825743779826], [70.5796428290413, 21.583782324376298], [70.57956628629088, 21.583738904959766], [70.57948974354046, 21.583695485530207], [70.57941320079006, 21.583652066087645], [70.57933665803964, 21.583608646632054], [70.57926011528923, 21.58356522716344], [70.57918357253881, 21.58352180768182], [70.57910702978839, 21.583478388187213], [70.57903048613967, 21.583434967844198], [70.57895394338927, 21.58339154832356], [70.57887740063885, 21.583348128789858], [70.57880085788842, 21.58330470924315], [70.57872431513802, 21.583261289683417], [70.5786477723876, 21.58321787011071], [70.57857122963718, 21.583174450524947], [70.57848417839459, 21.58315661122697], [70.57839712625366, 21.583138771091484], [70.57831007501106, 21.583120931789104], [70.57822302376843, 21.583103092484524], [70.57813597162752, 21.58308525234245], [70.57804892038492, 21.58306741303348], [70.57796186914231, 21.58304957372232], [70.5778748170014, 21.583031733573648], [70.57778776575877, 21.583013894258098], [70.57770071451617, 21.582996054940338], [70.57761366237524, 21.582978214785072], [70.57752661113265, 21.58296037546292], [70.57743955989002, 21.582942536138567], [70.5773525077491, 21.582924695976715], [70.5772654565065, 21.582906856647973], [70.57717840526391, 21.58288901731703], [70.57709135312298, 21.582871177148586], [70.57700430188035, 21.58285333781324], [70.57691725063775, 21.58283549847571], [70.57683019849682, 21.58281765913599], [70.57674314725423, 21.582799819794054], [70.5766560960116, 21.582781980449944], [70.57656904387068, 21.58276414110366], [70.57648199262808, 21.58274630175515], [70.57639652152204, 21.582756495310846], [70.57631105041604, 21.58276668886583], [70.57622557931002, 21.582776882420102], [70.57614010820397, 21.582787075973663], [70.57605463709798, 21.5827972695265], [70.57596916599194, 21.58280746307858], [70.57588369488592, 21.58281765662999], [70.57579822377991, 21.582827850180678], [70.57571275177557, 21.582838043730636], [70.57562728066955, 21.582848237279883], [70.5755418095635, 21.582858430828416], [70.57545633845751, 21.582868624376225], [70.57537086735147, 21.582878817923337], [70.57528539624545, 21.582889011469707], [70.57519992513944, 21.582899205015366], [70.57511445403341, 21.582909397724972], [70.57502898292736, 21.582919591269196], [70.57494822528163, 21.582950314739158], [70.57486746763594, 21.582981039037897], [70.5747867108885, 21.583011762494795], [70.57470595324277, 21.58304248678052], [70.57462519559704, 21.58307321022439], [70.57454443795135, 21.58310393449709], [70.57446368120391, 21.583134657927918], [70.57438292355818, 21.583165382187577], [70.57430216591246, 21.583196105605367], [70.57425153686304, 21.5832646994964], [70.57420090781363, 21.583333292519587], [70.57415027786593, 21.583401886345623], [70.57409964881651, 21.583470479303838], [70.57404901886878, 21.58353907306489], [70.57399838981937, 21.583607666793487], [70.57394776076994, 21.58367625965425], [70.57389713082223, 21.58374485331785], [70.57384650177282, 21.583813446113638], [70.57379587272341, 21.58388203971229], [70.573745243674, 21.58395063244311], [70.57369461372626, 21.584019225976764], [70.57364398467685, 21.58408781947795], [70.57359335562744, 21.584156412111316], [70.57354272567967, 21.584225005547506], [70.57349209663026, 21.5842935981159], [70.57344146668257, 21.58436219148714], [70.57339083763316, 21.584430784825877], [70.57334020858374, 21.584499377296808], [70.573289578636, 21.584567970570586], [70.57323894958658, 21.584636562976552], [70.57318832053717, 21.58470515618532], [70.57313769148776, 21.584773748526317], [70.57308706154005, 21.58484234167011], [70.57303643249064, 21.584910934781465], [70.57298580344123, 21.584979527024984], [70.57293517349348, 21.585048120071324], [70.57288454444407, 21.58511671224987], [70.57283391449633, 21.585185305231267], [70.5727832854469, 21.585253898180145], [70.57273265639749, 21.585322490261238], [70.5726820264498, 21.58539108314517], [70.57263139740037, 21.585459675161278], [70.57258076835096, 21.585528267980198], [70.57253013930155, 21.585596859931336], [70.57247950935381, 21.58566545268531]], [[70.60526264080721, 21.52248520294968], [70.6053520842634, 21.522481050460414], [70.60544063838748, 21.522468633104445], [70.60552742372877, 21.52244807623163], [70.6056115779046, 21.5224195820729], [70.60569226368509, 21.52238343559034], [70.60576867977305, 21.522339994449208], [70.60584006709206, 21.522289690689625], [70.60590571507471, 21.522233025712808], [70.60596497154411, 21.522170561088778], [70.60601724900206, 21.522102917721295], [70.60606202642572, 21.52203076916249], [70.606098859149, 21.521954830749625], [70.60612738065926, 21.52187585793369], [70.60614730888553, 21.52179463625184], [70.60615844440177, 21.521711972134852], [70.60616067671526, 21.521628687057657], [70.60615398426638, 21.52154560918249], [70.60613843353053, 21.52146356416635], [70.60611417811954, 21.521383366804308], [70.6060814605786, 21.521305815179375], [70.60604060430113, 21.521231678962874], [70.60599201712235, 21.521161695235623], [70.60593618053923, 21.52109656013095], [70.60587365060894, 21.521036920477393], [70.60580504716901, 21.520983368784353], [70.60573105383739, 21.520936438227405], [70.60565240543595, 21.520896594291365], [70.60556988260069, 21.520864233098276], [70.60548430639176, 21.52083967722895], [70.60539652751378, 21.520823169037037], [70.60530741823086, 21.520814873991654], [70.60521786338356, 21.520814873991654], [70.60512875410065, 21.520823169037037], [70.60504097522264, 21.52083967722895], [70.60495539901373, 21.520864233098276], [70.60487287617848, 21.520896594291365], [70.60479422777703, 21.520936438227405], [70.60472023444537, 21.520983368784353], [70.60465163100545, 21.521036920477393], [70.60458910107515, 21.52109656013095], [70.60453326449203, 21.521161695235623], [70.60448467731328, 21.521231678962874], [70.60444382103583, 21.521305815179375], [70.60441110349488, 21.521383366804308], [70.60438684808389, 21.52146356416635], [70.604371297348, 21.52154560918249], [70.60436460489915, 21.521628687057657], [70.60436683721261, 21.521711972134852], [70.6043779727289, 21.52179463625184], [70.60439790095515, 21.52187585793369], [70.60442642246541, 21.521954830749625], [70.6044632551887, 21.52203076916249], [70.60450803261236, 21.522102917721295], [70.60456031007031, 21.522170561088778], [70.60461956653971, 21.522233025712808], [70.60468521452236, 21.522289690689625], [70.60475660184133, 21.522339994449208], [70.6048330179293, 21.52238343559034], [70.60491370370983, 21.5224195820729], [70.60499785788565, 21.52244807623163], [70.6050846432269, 21.522468633104445], [70.60517319735101, 21.522481050460414], [70.60526264080721, 21.52248520294968]], [[70.6062133593134, 21.516072952917973], [70.60630280276963, 21.516068800245467], [70.60639135689372, 21.516056382341578], [70.606478142235, 21.516035824561605], [70.60656229641083, 21.516007329145424], [70.60664298219132, 21.515971181067762], [70.60671939827928, 21.515927738009633], [70.60679078559829, 21.515877432030216], [70.6068564335809, 21.51582076455285], [70.6069156900503, 21.515758297172372], [70.6069679675083, 21.51569065081991], [70.60701274493195, 21.51561849907736], [70.6070495776552, 21.51554255731345], [70.60707809916548, 21.515463581012618], [70.60709802739176, 21.515382355746638], [70.60710916290802, 21.515299687981937], [70.6071113952215, 21.515216399229583], [70.60710470277262, 21.51513331768838], [70.60708915203674, 21.515051269051842], [70.60706489662574, 21.514971068150953], [70.60703217908478, 21.514893513103946], [70.60699132280736, 21.51481937361605], [70.60694273562859, 21.514749386800663], [70.60688689904546, 21.514684248821823], [70.60682436911517, 21.514624606536625], [70.60675576567523, 21.514571052480544], [70.60668177234359, 21.514524119852737], [70.60660312394216, 21.514484274158526], [70.60652060110691, 21.51445191153748], [70.60643502489799, 21.51442735458462], [70.60634724602001, 21.514410845664294], [70.60625813673707, 21.514402550252854], [70.60616858188975, 21.514402550252854], [70.60607947260684, 21.514410845664294], [70.60599169372887, 21.51442735458462], [70.60590611751994, 21.51445191153748], [70.60582359468468, 21.514484274158526], [70.60574494628324, 21.514524119852737], [70.60567095295161, 21.514571052480544], [70.60560234951167, 21.514624606536625], [70.6055398195814, 21.514684248821823], [70.60548398299827, 21.514749386800663], [70.60543539581948, 21.51481937361605], [70.60539453954206, 21.514893513103946], [70.60536182200107, 21.514971068150953], [70.60533756659012, 21.515051269051842], [70.60532201585424, 21.51513331768838], [70.60531532340536, 21.515216399229583], [70.60531755571884, 21.515299687981937], [70.6053286912351, 21.515382355746638], [70.60534861946137, 21.515463581012618], [70.60537714097164, 21.51554255731345], [70.60541397369491, 21.51561849907736], [70.60545875111856, 21.51569065081991], [70.60551102857652, 21.515758297172372], [70.60557028504591, 21.51582076455285], [70.60563593302857, 21.515877432030216], [70.60570732034758, 21.515927738009633], [70.60578373643553, 21.515971181067762], [70.60586442221603, 21.516007329145424], [70.60594857639185, 21.516035824561605], [70.60603536173313, 21.516056382341578], [70.60612391585721, 21.516068800245467], [70.6062133593134, 21.516072952917973]]]}}]}