{"type": "FeatureCollection", "features": [{"type": "Feature", "properties": {"premiumdata.sde.IN_Village_PCA.area": 354.53180268999995, "objectid": 638666, "id": "122316101654026", "name": "Data Partially Available", "subdistrict": "Richukrong Circle", "district": "East Kameng", "state": "Arunachal Pradesh", "country": "India", "censusname": null, "villagename_locallang": null, "lgd_villagename": null, "lgd_villagecode": null, "lgd_subdistrictcode": 6101, "lgd_districtcode": 231, "lgd_statecode": 12, "censuscode2001": null, "censuscode2011": null, "censuscode2021": null, "level": "Village", "tru": "Rural", "no_hh": null, "tot_p": null, "tot_m": null, "tot_f": null, "per_tot_m": 0.0, "per_tot_f": 0.0, "p_06": null, "m_06": null, "f_06": null, "per_p_06": 0.0, "per_m_06": 0.0, "per_f_06": 0.0, "p_sc": null, "m_sc": null, "f_sc": null, "per_p_sc": 0.0, "per_m_sc": 0.0, "per_f_sc": 0.0, "p_st": null, "m_st": null, "f_st": null, "per_p_st": 0.0, "per_m_st": 0.0, "per_f_st": 0.0, "p_lit": null, "m_lit": null, "f_lit": null, "per_p_lit": 0.0, "per_m_lit": 0.0, "per_f_lit": 0.0, "p_ill": null, "m_ill": null, "f_ill": null, "per_p_ill": 0.0, "per_m_ill": 0.0, "per_f_ill": 0.0, "tot_work_p": null, "tot_work_m": null, "tot_work_f": null, "per_tot_work_p": 0.0, "per_tot_work_m": 0.0, "per_tot_work_f": 0.0, "mainwork_p": null, "mainwork_m": null, "mainwork_f": null, "per_mainwork_p": 0.0, "per_mainwork_m": 0.0, "per_mainwork_f": 0.0, "main_cl_p": null, "main_cl_m": null, "main_cl_f": null, "per_main_cl_p": 0.0, "per_main_cl_m": 0.0, "per_main_cl_f": 0.0, "main_al_p": null, "main_al_m": null, "main_al_f": null, "per_main_al_p": 0.0, "per_main_al_m": 0.0, "per_main_al_f": 0.0, "main_hh_p": null, "main_hh_m": null, "main_hh_f": null, "per_main_hh_p": 0.0, "per_main_hh_m": 0.0, "per_main_hh_f": 0.0, "main_ot_p": null, "main_ot_m": null, "main_ot_f": null, "per_main_ot_p": 0.0, "per_main_ot_m": 0.0, "per_main_ot_f": 0.0, "margwork_p": null, "margwork_m": null, "margwork_f": null, "per_margwork_p": 0.0, "per_margwork_m": 0.0, "per_margwork_f": 0.0, "marg_cl_p": null, "marg_cl_m": null, "marg_cl_f": null, "per_marg_cl_p": 0.0, "per_marg_cl_m": 0.0, "per_marg_cl_f": 0.0, "marg_al_p": null, "marg_al_m": null, "marg_al_f": null, "per_marg_al_p": 0.0, "per_marg_al_m": 0.0, "per_marg_al_f": 0.0, "marg_hh_p": null, "marg_hh_m": null, "marg_hh_f": null, "per_marg_hh_p": 0.0, "per_marg_hh_m": 0.0, "per_marg_hh_f": 0.0, "marg_ot_p": null, "marg_ot_m": null, "marg_ot_f": null, "per_marg_ot_p": 0.0, "per_marg_ot_m": 0.0, "per_marg_ot_f": 0.0, "margwork_3_6_p": null, "margwork_3_6_m": null, "margwork_3_6_f": null, "per_margwork_3_6_p": 0.0, "per_margwork_3_6_m": 0.0, "per_margwork_3_6_f": 0.0, "marg_cl_3_6_p": null, "marg_cl_3_6_m": null, "marg_cl_3_6_f": null, "per_marg_cl_3_6_p": 0.0, "per_marg_cl_3_6_m": 0.0, "per_marg_cl_3_6_f": 0.0, "marg_al_3_6_p": null, "marg_al_3_6_m": null, "marg_al_3_6_f": null, "per_marg_al_3_6_p": 0.0, "per_marg_al_3_6_m": 0.0, "per_marg_al_3_6_f": 0.0, "marg_hh_3_6_p": null, "marg_hh_3_6_m": null, "marg_hh_3_6_f": null, "per_marg_hh_3_6_p": 0.0, "per_marg_hh_3_6_m": 0.0, "per_marg_hh_3_6_f": 0.0, "marg_ot_3_6_p": null, "marg_ot_3_6_m": null, "marg_ot_3_6_f": null, "per_marg_ot_3_6_p": 0.0, "per_marg_ot_3_6_m": 0.0, "per_marg_ot_3_6_f": 0.0, "margwork_0_3_p": null, "margwork_0_3_m": null, "margwork_0_3_f": null, "per_margwork_0_3_p": 0.0, "per_margwork_0_3_m": 0.0, "per_margwork_0_3_f": 0.0, "marg_cl_0_3_p": null, "marg_cl_0_3_m": null, "marg_cl_0_3_f": null, "per_marg_cl_0_3_p": 0.0, "per_marg_cl_0_3_m": 0.0, "per_marg_cl_0_3_f": 0.0, "marg_al_0_3_p": null, "marg_al_0_3_m": null, "marg_al_0_3_f": null, "per_marg_al_0_3_p": 0.0, "per_marg_al_0_3_m": 0.0, "per_marg_al_0_3_f": 0.0, "marg_hh_0_3_p": null, "marg_hh_0_3_m": null, "marg_hh_0_3_f": null, "per_marg_hh_0_3_p": 0.0, "per_marg_hh_0_3_m": 0.0, "per_marg_hh_0_3_f": 0.0, "marg_ot_0_3_p": null, "marg_ot_0_3_m": null, "marg_ot_0_3_f": null, "per_marg_ot_0_3_p": 0.0, "per_marg_ot_0_3_m": 0.0, "per_marg_ot_0_3_f": 0.0, "non_work_p": null, "non_work_m": null, "non_work_f": null, "per_non_work_p": 0.0, "per_non_work_m": 0.0, "per_non_work_f": 0.0, "per_hc_tot_tot": null, "per_hc_tot_god": null, "per_hc_tot_liv": null, "per_hc_tot_dil": null, "per_hc_res_tot": null, "per_hc_res_god": null, "per_hc_res_liv": null, "per_hc_res_dil": null, "per_hc_oth_tot": null, "per_hc_oth_god": null, "per_hc_oth_liv": null, "per_hc_oth_dil": null, "per_mt_grsbam": null, "per_mt_plastic": null, "per_mt_h_tiles": null, "per_mt_m_tiles": null, "per_mt_b_brick": null, "per_mt_stone": null, "per_mt_asbstos": null, "per_mt_concrte": null, "per_mt_oth": null, "per_mw_grsbam": null, "per_mw_plastic": null, "per_mw_mud": null, "per_mw_wood": null, "per_mw_no_mrtr": null, "per_mw_st_mrtr": null, "per_mw_asbstos": null, "per_mw_b_brick": null, "per_mw_concrte": null, "per_mw_oth": null, "per_mf_mud": null, "per_mf_wood": null, "per_mf_b_brick": null, "per_mf_stone": null, "per_mf_cement": null, "per_mf_fl_tile": null, "per_mf_oth": null, "per_dw_n_exrm": null, "per_dw_1_room": null, "per_dw_2_room": null, "per_dw_3_room": null, "per_dw_4_room": null, "per_dw_5_room": null, "per_dw_6_room": null, "per_hhsize_1": null, "per_hhsize_2": null, "per_hhsize_3": null, "per_hhsize_4": null, "per_hhsize_5": null, "per_hhsize_6_8": null, "per_hhsize_9p": null, "per_ow_owned": null, "per_ow_rented": null, "per_ow_oth": null, "per_mc_none": null, "per_mcouple_1": null, "per_mcouple_2": null, "per_mcouple_3": null, "per_mcouple_4": null, "per_mcouple_5p": null, "per_dw_t_ts": null, "per_dw_t_unts": null, "per_dw_c_well": null, "per_dw_unc_wel": null, "per_dw_hpump": null, "per_dw_tw_bore": null, "per_dw_spring": null, "per_dw_rivcan": null, "per_dw_tank": null, "per_dw_oth": null, "per_loc_dw_wp": null, "per_loc_dw_np": null, "per_loc_dw_aw": null, "per_light_elec": null, "per_light_kero": null, "per_light_solr": null, "per_light_oil": null, "per_light_oth": null, "per_light_no": null, "per_hh_latrine": null, "per_fl_sewer": null, "per_fl_septict": null, "per_fl_othsys": null, "per_pl_wslab": null, "per_pl_without": null, "per_ns_open": null, "per_sl_ns_hum": null, "per_sl_ns_anml": null, "per_hh_no_lat": null, "per_as_pub": null, "per_as_open": null, "per_hh_bathrm": null, "per_hh_en_wrf": null, "per_hh_no_btrm": null, "per_wwoc_drain": null, "per_wwoc_open": null, "per_wwoc_nodrn": null, "per_cook_fire": null, "per_cook_resdu": null, "per_cook_cwdng": null, "per_cook_coal": null, "per_cook_kero": null, "per_cook_lpng": null, "per_cook_elec": null, "per_cook_biogs": null, "per_cook_oth": null, "per_cook_no": null, "per_kf_inside": null, "per_kf_in_has": null, "per_kf_in_does": null, "per_kf_outside": null, "per_kf_out_has": null, "per_kf_out_dos": null, "per_kf_no_cook": null, "per_hh_banking": null, "per_hh_radio": null, "per_hh_tv": null, "per_hh_cmp_int": null, "per_hh_cmp_wnt": null, "per_hh_ph_ll": null, "per_hh_ph_mob": null, "per_hh_ph_bth": null, "per_hh_bcycl": null, "per_hh_2wheel": null, "per_hh_4wheel": null, "per_hh_tvcomp": null, "per_hh_no_ast": null, "per_hs_perma": null, "per_hs_sperma": null, "per_hs_temp": null, "per_hs_servc": null, "per_hs_nservc": null, "per_hs_unclss": null, "avghhsz_cy": null, "st_areashape": 354531802.68724626, "st_lengthshape": 137280.778547461}, "geometry": {"type": "Polygon", "coordinates": [[[92.92338340650264, 27.42742385436855], [92.92203569821784, 27.42723621216063], [92.92107343815688, 27.428303830554075], [92.9184272223154, 27.42937143862338], [92.91642251407957, 27.43015434469896], [92.91441780494546, 27.43086607289428], [92.91161121287635, 27.43122193487245], [92.90872443179505, 27.432360686928558], [92.90792254796172, 27.433214742663193], [92.90623859307959, 27.433712938989338], [92.9055168973601, 27.434638154202556], [92.90463482541296, 27.436417393410252], [92.90279049340481, 27.436986743707397], [92.89621504830724, 27.437627259081424], [92.89477165866491, 27.438552442277754], [92.89172450135598, 27.44189726869423], [92.88875753216087, 27.443249403904357], [92.8873141416202, 27.44509966746507], [92.88643206967306, 27.44566897296439], [92.88482830290472, 27.446665250917434], [92.88314434712424, 27.447732681369146], [92.8818613337096, 27.448657779830743], [92.88009718981533, 27.44951170943412], [92.87817266969334, 27.44993867135813], [92.87632833678687, 27.451077230268844], [92.87528588861205, 27.452642728085593], [92.8738424980714, 27.45328315336682], [92.87263967277059, 27.45534671931252], [92.87095571788844, 27.456271753113693], [92.87055477552262, 27.457837177988857], [92.86855006728682, 27.45805064344029], [92.86518215572586, 27.457766023012248], [92.85820576916082, 27.456769845329816], [92.85596049568518, 27.45733909059405], [92.85580011855917, 27.458762190897552], [92.85580011855917, 27.45990065871273], [92.85395578655104, 27.46167948969472], [92.85395578655104, 27.46390885872828], [92.85057909126328, 27.46390885872828], [92.84487477753099, 27.46390885872828], [92.84107190260782, 27.463697964834097], [92.83845742514367, 27.46137810616666], [92.83560526872671, 27.459480004615916], [92.83251543245858, 27.459480004615916], [92.83037631469671, 27.458425488748677], [92.82990095499441, 27.45378550151279], [92.82871255663709, 27.448723475175186], [92.8234836026071, 27.447036081170396], [92.8192053670833, 27.44408307975313], [92.81397641305331, 27.443239350088735], [92.81231265499372, 27.435012652525863], [92.80724177480931, 27.427449403536578], [92.80783982192153, 27.427266295054856], [92.80830973513822, 27.42701787671278], [92.80884788438391, 27.42665973113962], [92.80932317761082, 27.426424758697202], [92.8097574429821, 27.426167984634013], [92.81027658387637, 27.426072208596757], [92.81050653013122, 27.425950349539807], [92.81069501554246, 27.4257886275408], [92.81078175327302, 27.42560627060096], [92.81073056187826, 27.42537234443843], [92.81071500665078, 27.425146771685835], [92.81063873159833, 27.424922361818076], [92.81046663954271, 27.424713342133053], [92.81022811258029, 27.42447848674744], [92.81015194891891, 27.424258591785737], [92.81003078595003, 27.424062146079624], [92.80997082070985, 27.42396442822632], [92.80989378927592, 27.42383889975669], [92.80955634522431, 27.423700805437697], [92.80926874329788, 27.423530135266827], [92.80905812968625, 27.423403163065263], [92.80872939569959, 27.42320617362525], [92.80841682150661, 27.423049530852076], [92.80823548488839, 27.42287682318401], [92.80806911060957, 27.422694793143016], [92.80786182166281, 27.422495476494294], [92.80772239145261, 27.422357104602888], [92.80770105197304, 27.422335927071572], [92.80750731680732, 27.422068589394105], [92.80739362243168, 27.421887117781722], [92.80732832928358, 27.421782900944258], [92.80731719376732, 27.421530136490468], [92.80729532428171, 27.421462794309047], [92.80735122913678, 27.42105063811731], [92.8072593476529, 27.42080845571808], [92.80721634440195, 27.42066784344205], [92.80511146233383, 27.419025569608742], [92.80512907829659, 27.419018778145826], [92.80510918330796, 27.419003255939604], [92.80586585583134, 27.418711549533228], [92.81145271304356, 27.41655759130875], [92.81165724416242, 27.41656604155361], [92.81204404794398, 27.41658202182057], [92.81239230322007, 27.41644057564487], [92.81277733911715, 27.416211412201303], [92.81312660769285, 27.415930461242397], [92.81339921494057, 27.415695061675724], [92.8134432045417, 27.415646154003664], [92.81366514680738, 27.415399399268807], [92.8138185557017, 27.41514874694828], [92.81392103730595, 27.41497311471034], [92.81392935750212, 27.414958855064963], [92.81405726592048, 27.414632212032984], [92.81405741683746, 27.41437389064018], [92.81404904094575, 27.414138354584622], [92.81410877082729, 27.413918049087684], [92.8142535909292, 27.413793016370146], [92.81447502205346, 27.413694349249788], [92.81480716873986, 27.41355014501752], [92.81512220611337, 27.413542692139828], [92.81548825611694, 27.413664424538577], [92.81585421808556, 27.41393810942823], [92.81594729163385, 27.41410905039916], [92.81600731706112, 27.41421929591335], [92.81610076969847, 27.414584027161933], [92.81610065022252, 27.414795709503306], [92.8161005846455, 27.414910730941095], [92.81603233514178, 27.415146230262966], [92.81598957713092, 27.415472912443743], [92.81588576512175, 27.41563324687848], [92.8157834299429, 27.415914318206813], [92.81575776866848, 27.416119444786855], [92.81569802890543, 27.41636254652694], [92.81567237930915, 27.41654487806279], [92.81574042309866, 27.41667136454789], [92.81586810334494, 27.416739800517806], [92.81597024089442, 27.416808227673695], [92.81623418209458, 27.41683113984881], [92.816404524232, 27.416747641521976], [92.81656638088326, 27.416603357546638], [92.81675383592685, 27.416367911568802], [92.81702644497119, 27.416117309291284], [92.81726503301908, 27.41579830900815], [92.81769951488434, 27.41536543046864], [92.8177105138567, 27.415357476131692], [92.81815096682364, 27.41503892659425], [92.81840671987999, 27.41493673195751], [92.81864527558851, 27.41466331668179], [92.8186980722727, 27.414584256025144], [92.81885831015983, 27.4143443050228], [92.81897763158237, 27.414123192931154], [92.8190714192913, 27.413887702592444], [92.81931845060456, 27.413675071950472], [92.81944623056381, 27.41355897746637], [92.81963364877647, 27.413369114747912], [92.81988916557592, 27.41320967175772], [92.81999997546114, 27.412981785497003], [92.82015338255884, 27.412700734617676], [92.82026419783399, 27.412457655919475], [92.8204006267728, 27.41207782589194], [92.8204858831815, 27.41186512478042], [92.82051147348896, 27.411773963162503], [92.82044347641185, 27.411553600318456], [92.82046919338183, 27.411223895349362], [92.82047792051479, 27.41082121783965], [92.82044418158937, 27.410220982393092], [92.82055516664606, 27.409651198213727], [92.82072559861506, 27.409362555714345], [92.820836421975, 27.40909720663455], [92.82089614377173, 27.4088617015953], [92.8209729182875, 27.408580617905677], [92.82100601581583, 27.408448001519815], [92.82105823847655, 27.40823875447783], [92.82118610197915, 27.40794249633458], [92.82124638073135, 27.407805384575493], [92.82130360251664, 27.407659723630417], [92.82130913973204, 27.40746988426848], [92.82129993918689, 27.407298397114875], [92.82131031652506, 27.407045683252324], [92.82131906162434, 27.406832727624277], [92.82133493844869, 27.406651723032585], [92.82137094112865, 27.4064658159644], [92.82138877987354, 27.406366088015826], [92.82142037811369, 27.406207367815796], [92.8214684640325, 27.40610254205184], [92.82154128775764, 27.405637656246835], [92.82162906933057, 27.40511843474299], [92.82166227555504, 27.404922021986433], [92.82186511155294, 27.403753417683564], [92.82215415078382, 27.40207947158858], [92.82237418143457, 27.40095472378704], [92.8225089763379, 27.400265667407293], [92.82256009317251, 27.399169198815326], [92.82223493178573, 27.3973663970325], [92.82210634873262, 27.39671882899136], [92.82192847062825, 27.396186249433967], [92.82178613077487, 27.39576007499285], [92.82167225044799, 27.39541910426846], [92.82138194549086, 27.394683478792427], [92.82109164592364, 27.393947851612086], [92.82076868001944, 27.39285122384823], [92.82064004216905, 27.392332253342385], [92.82051140611533, 27.39181328438868], [92.82038312399781, 27.3906310037397], [92.82036098142437, 27.390430320375426], [92.82033532643815, 27.390197801689727], [92.8203659014972, 27.38973755889369], [92.82052783540358, 27.38942176384696], [92.82075571193998, 27.388668302774445], [92.82114021513613, 27.38806381213773], [92.82170689128196, 27.38708487480706], [92.82189929783941, 27.386475791503177], [92.82183905322319, 27.38566806117845], [92.82149844530511, 27.38450374251827], [92.82112756416196, 27.383249165301795], [92.82112991325643, 27.382761967697746], [92.82130267545526, 27.382442581587974], [92.82132308248356, 27.382404856823737], [92.82143100518347, 27.382019721134434], [92.8215928241055, 27.38156238452161], [92.82191617808189, 27.381201409831906], [92.82238370088162, 27.38082639087167], [92.82261675979896, 27.38043133293853], [92.82283243272225, 27.37997401767794], [92.82288658676086, 27.379396266646143], [92.8228598888306, 27.37893885297945], [92.82261773896262, 27.378505424855245], [92.82221399025984, 27.378120079357164], [92.82181028108296, 27.37766251204211], [92.8215591166211, 27.377522036318997], [92.82137953261602, 27.377421594643724], [92.82081415363746, 27.377156546211033], [92.82024875040436, 27.37693964420149], [92.81941374568652, 27.377300396677075], [92.81863257880028, 27.377685242479593], [92.81809364442702, 27.378310927946533], [92.81733939825324, 27.378695776615597], [92.81700715365045, 27.379008106013774], [92.81682746184755, 27.379177026216883], [92.81650416805824, 27.379417619122727], [92.81607469430072, 27.379731873688417], [92.81558936689206, 27.379862511967744], [92.81528606600773, 27.379893957439727], [92.81470488476498, 27.379704174096936], [92.81446230819724, 27.379618328053294], [92.81397704816223, 27.379631639024417], [92.81335027382558, 27.37961780556954], [92.81279934694327, 27.379558886933864], [92.81233946431506, 27.379400734489483], [92.81209694434116, 27.37922463862712], [92.8119706636701, 27.379080182823934], [92.81188991770246, 27.378868063549763], [92.81195584595946, 27.378507111178592], [92.81220413491411, 27.377496471618308], [92.81221956707239, 27.37704975767386], [92.81214392982379, 27.376747396463827], [92.81189874365015, 27.376335511455597], [92.81185106287147, 27.376255411889836], [92.81164413235251, 27.37574993261087], [92.81155337915264, 27.37537536502629], [92.81165468845543, 27.375014427585405], [92.81178119011207, 27.374784359795324], [92.8122009656578, 27.37436491463854], [92.81253981916612, 27.37402214210113], [92.81275233091795, 27.373643207487817], [92.81282333465633, 27.37324164473391], [92.8127982483037, 27.372932538653327], [92.81277316015445, 27.372623433304767], [92.81282401198604, 27.3721045402015], [92.81293535367392, 27.371860927101043], [92.81322864463104, 27.371626423686937], [92.813612890909, 27.371428062379874], [92.81380364276968, 27.371286300754164], [92.81388594372106, 27.3712251368145], [92.81397700773806, 27.371080783049912], [92.8140429081473, 27.370746902422557], [92.81396223314655, 27.37041746585925], [92.8138838883757, 27.370299523028123], [92.81377033952717, 27.37012858531557], [92.81352788872354, 27.36986675750362], [92.81321972436028, 27.369622947217792], [92.81294697517876, 27.369320491523094], [92.81284095690725, 27.369117387383785], [92.81290681868892, 27.368855702372528], [92.8130990500749, 27.368567004429455], [92.81369573264618, 27.36807995358313], [92.81405486831699, 27.367588278303554], [92.81420670246463, 27.36722736412942], [92.81433836943413, 27.36678070446419], [92.81436889418748, 27.366437780791923], [92.81429361536667, 27.36596556254285], [92.814288322493, 27.365932361977386], [92.8141371656751, 27.365138122278704], [92.8141037285836, 27.364775288605927], [92.81407187701856, 27.364429655792943], [92.81415288529425, 27.364186028193217], [92.81439569452567, 27.363811617729194], [92.81450702633208, 27.363563490768144], [92.81445174221287, 27.36303101006311], [92.81432566186612, 27.362570693342995], [92.81411371156136, 27.362033627624935], [92.81408353894757, 27.361776409580777], [92.81413427220158, 27.361442520035542], [92.81438213715141, 27.361054575667318], [92.81486765140963, 27.360463684645705], [92.81505985225287, 27.36019303236642], [92.8152067717176, 27.35957039829059], [92.8151564561802, 27.359182315720446], [92.81492423269611, 27.358749024840886], [92.81464652750918, 27.358315711521982], [92.81453554335077, 27.35797272173699], [92.8144700390986, 27.357638778435888], [92.81452087745545, 27.357119884502165], [92.81465763697432, 27.356587492485883], [92.81477422841672, 27.35596935479686], [92.81480481874709, 27.355504599750578], [92.81470910954175, 27.354972100235926], [92.81465475877214, 27.354861236350416], [92.81454758526716, 27.354642624707694], [92.81437083185355, 27.354432718156914], [92.81419408203321, 27.354222812804036], [92.81400212283675, 27.354091865804687], [92.81382021039846, 27.35406470553886], [92.8134107376307, 27.354294642458505], [92.81298354200072, 27.354583231610327], [92.81255634367577, 27.354871817616555], [92.81176249347604, 27.355593410190952], [92.8107513659619, 27.35625397505052], [92.81027106372898, 27.356585394935223], [92.80968957975396, 27.357085976784667], [92.80951253798115, 27.357347604248172], [92.80946983925907, 27.357479757728335], [92.80936822722403, 27.357794252505517], [92.80922391467024, 27.358240902152684], [92.80899634625595, 27.358484454274695], [92.80879416602822, 27.358529475435944], [92.80858698218434, 27.358497784542283], [92.80848592620647, 27.35847065886621], [92.80825365960324, 27.35814565287412], [92.80822910595157, 27.358106319359706], [92.80813249393941, 27.357951560594053], [92.80779416414887, 27.357531742085744], [92.80749108155517, 27.357314993897834], [92.80729399747004, 27.357301353923592], [92.80711709673272, 27.357332850485296], [92.80646243060478, 27.357661911109634], [92.80611613904593, 27.357833200773044], [92.80585833962736, 27.357923309827612], [92.80585565186806, 27.357922979521256], [92.80560062105718, 27.35789158844251], [92.80534293931794, 27.357805718298618], [92.80498928337038, 27.357647600191786], [92.80488325252243, 27.35750314893693], [92.8049035742108, 27.357345228263778], [92.80508058723753, 27.357142267308014], [92.80526340068607, 27.356979231114817], [92.80527274136838, 27.35697090078028], [92.80582882188544, 27.35670270771464], [92.80603102996095, 27.356610311025968], [92.8064506339285, 27.35638040284976], [92.80670850970385, 27.356163943625102], [92.80681983162879, 27.355947411372465], [92.80683012632196, 27.355658624715296], [92.80674960133987, 27.355146434710143], [92.80652801121379, 27.353970855323734], [92.80633118674177, 27.35356464221405], [92.80609912315781, 27.352959867257592], [92.8060661918178, 27.352841955296345], [92.80579158671691, 27.351858696205923], [92.80562669286167, 27.35136025380577], [92.80552649207996, 27.35119050123953], [92.80540208888782, 27.351066389378293], [92.80521096961618, 27.35090289422952], [92.80488710719331, 27.35090005772311], [92.80452708668197, 27.350866286934572], [92.80409702901946, 27.35086547787174], [92.80362437953441, 27.350987459587863], [92.80319540434185, 27.35103180479147], [92.80284820278959, 27.351110724975637], [92.80262172313343, 27.35116023008616], [92.80248077656701, 27.35119003128232], [92.80215488664656, 27.35131371852802], [92.80168848045273, 27.35144134321395], [92.80141054439876, 27.351441187625756], [92.80113771886046, 27.351355302107816], [92.80088015569885, 27.351125027961388], [92.80079536102421, 27.351025429640952], [92.80071086369198, 27.350926176718144], [92.80068618607277, 27.350897190896738], [92.80055173702085, 27.35074466573272], [92.80026918272803, 27.35043429600359], [92.80019580294572, 27.350293657264515], [92.80016320577901, 27.350231181155046], [92.80016323811834, 27.350185791183392], [92.80016345281571, 27.349883730809076], [92.80029510720878, 27.349509282358227], [92.80055302969654, 27.349220637697066], [92.8010991128628, 27.348760684864093], [92.8011965486301, 27.348552235318813], [92.80125093712897, 27.348435880175174], [92.801271226478, 27.34832759737153], [92.8012286741813, 27.347756761056978], [92.80126177799781, 27.347389024679092], [92.80132018555929, 27.347239585820873], [92.80141870828808, 27.346987513513643], [92.80160066115054, 27.346935723687313], [92.80177245406716, 27.346956124122993], [92.8019492550915, 27.34704646783844], [92.80254541663992, 27.347218266235156], [92.80274112360773, 27.34724001270725], [92.8030759661383, 27.34727721724546], [92.80327307357962, 27.347232199489312], [92.80340611227659, 27.347117817809615], [92.80346532023695, 27.346902902811912], [92.8040800867932, 27.34627786088472], [92.8041376032259, 27.346210645224577], [92.80428960895175, 27.345991854529313], [92.80440076558669, 27.346009962693586], [92.80449666882812, 27.346167947404403], [92.804708779033, 27.346353066923907], [92.80485533108678, 27.34633960832451], [92.80501205925607, 27.34622237154273], [92.80509301453117, 27.346064481064886], [92.80512872256372, 27.34555911767504], [92.80509089899867, 27.345425181755257], [92.8050477178813, 27.345272274826637], [92.80501529408943, 27.345157459441456], [92.80496737705386, 27.345026575135293], [92.80484910037198, 27.344831062679646], [92.80480080604399, 27.34475123395982], [92.80474891845485, 27.34461001269302], [92.80467975356785, 27.344421769522615], [92.80467019639157, 27.34435675026111], [92.80461939037403, 27.344011112767124], [92.80468029974357, 27.34360503389407], [92.80487767847612, 27.343140368206456], [92.80508506264427, 27.34282461494736], [92.80532272452909, 27.342572048238438], [92.80569692854048, 27.342143573471493], [92.80575363109955, 27.34198916425021], [92.80578804735472, 27.34189544264898], [92.80578816323738, 27.341719461081343], [92.80572768865244, 27.341475761976945], [92.80559146722445, 27.34115982602886], [92.80545428909066, 27.34088288011409], [92.80541485035475, 27.340803257616557], [92.80521811840921, 27.340302283793694], [92.80515010156915, 27.340002175439686], [92.80499665494558, 27.33900261062374], [92.80489081723546, 27.338591930592926], [92.80492146326137, 27.338100100451683], [92.80494752967594, 27.338043665392433], [92.80502772677296, 27.337870026978678], [92.80519962030088, 27.33772121207576], [92.80566959370472, 27.337626700049135], [92.80631140853417, 27.33746008089065], [92.80662988286196, 27.3372301170097], [92.80670574468937, 27.337121858366462], [92.80674627667501, 27.336954922443965], [92.80673138979411, 27.336535266951618], [92.80673052561481, 27.336531541110315], [92.80659534982581, 27.335948591036253], [92.80638348306438, 27.335416023855846], [92.80630288442046, 27.33504145628661], [92.8062632444619, 27.334885832178706], [92.80622683754007, 27.33463354024621], [92.80624023411589, 27.334348671327053], [92.8063952042822, 27.33406109242045], [92.80652662690996, 27.333846247063065], [92.80661373654303, 27.333681942054323], [92.80672139603658, 27.33353079850028], [92.80673298610039, 27.333381494970286], [92.80674572960102, 27.33306953083856], [92.80660227404005, 27.332783149637404], [92.80656770956284, 27.33260762283839], [92.80651418165, 27.33227434045221], [92.80651565937863, 27.33212523074662], [92.80657167203154, 27.331929899825163], [92.80670471791503, 27.33178278632678], [92.80677246975205, 27.331654994553908], [92.80671446463587, 27.33155671703086], [92.80650942417225, 27.33154725716628], [92.80650684061749, 27.33154713825958], [92.80636172946146, 27.33161316576739], [92.8062078076291, 27.331733570223875], [92.80609906476732, 27.331839559746147], [92.80597858451804, 27.331878006400014], [92.80580064353161, 27.33184075359806], [92.80559568840798, 27.33173173714864], [92.80532886720901, 27.33157420828167], [92.80505721037889, 27.331425807883118], [92.80482520428708, 27.331032694061395], [92.8045604087891, 27.330748630684692], [92.80448088632689, 27.33059655182053], [92.80438026872685, 27.33040873573947], [92.80431129158775, 27.330274526136243], [92.80430811424664, 27.32993124443869], [92.80431161857454, 27.329655600009847], [92.8044647471945, 27.329291258313123], [92.80464048102029, 27.329025870423344], [92.80491260317773, 27.328772190909685], [92.80524283285934, 27.328621306413183], [92.80532297066749, 27.328588147325704], [92.80591372705283, 27.328332884268242], [92.80602387577804, 27.328285599522932], [92.80615567659653, 27.32824593538706], [92.80644070395135, 27.32816015878173], [92.80675033975506, 27.32778378223669], [92.80696684002672, 27.327531162099476], [92.80716643580138, 27.327206585681907], [92.80739723365915, 27.326917550933405], [92.80756035064672, 27.326548497227822], [92.8075939674013, 27.32626323882496], [92.80779399167234, 27.32595672225231], [92.80783771896542, 27.325671270789357], [92.8079489061431, 27.325456812201036], [92.80805503760234, 27.32524244737104], [92.80814686878055, 27.325064497639488], [92.80820874833059, 27.324962470486664], [92.80838527716541, 27.32467140834951], [92.80857273220899, 27.324473556721145], [92.80878384258897, 27.324207486111344], [92.80897064725232, 27.32398253943986], [92.80915430332057, 27.323626640436114], [92.80932947569927, 27.323338668191827], [92.80952884240357, 27.323005056263863], [92.80990042513093, 27.322681695664667], [92.81029364288361, 27.322416645512494], [92.81072344183133, 27.32220059001923], [92.81112475250639, 27.322061880371773], [92.81146593534625, 27.321946911650837], [92.81163286478392, 27.321873645994874], [92.81224111226618, 27.321745671209207], [92.81243701776167, 27.32168998761784], [92.81269781126504, 27.321615860639067], [92.81307873467473, 27.32148513209757], [92.81353543097866, 27.321355319626274], [92.81368903031584, 27.321221839707068], [92.81414777657525, 27.320956711841948], [92.81437817468269, 27.32075649198137], [92.81453279809928, 27.320555354730327], [92.81484101905642, 27.320220738384762], [92.81507449030046, 27.31981754773203], [92.81538168178825, 27.31955058562778], [92.81568989555889, 27.3192159654528], [92.81592131235585, 27.3189480856564], [92.81622952343152, 27.31861346446191], [92.81638516463933, 27.31834467015372], [92.81660781837068, 27.318151166613024], [92.81661555286529, 27.318144445577946], [92.81692580850655, 27.317674510052328], [92.81700362686465, 27.31754011184199], [92.81700465184241, 27.317472455744717], [92.81700669820462, 27.31733714342646], [92.81701079452233, 27.317066519092826], [92.81686232366711, 27.316861721278542], [92.81678962570611, 27.316657837753006], [92.8166401325681, 27.316520696701353], [92.81664320480637, 27.31631772881497], [92.8167220472439, 27.316115673632297], [92.81702717619983, 27.315984019146867], [92.81733128107633, 27.315920019994255], [92.81755961485526, 27.31585510533308], [92.81786269655065, 27.315858761632494], [92.81846783496367, 27.3159337265191], [92.81900027182249, 27.315804808656157], [92.8192286056014, 27.315739891533116], [92.8194579607648, 27.31560731793546], [92.8196135902945, 27.315338518737292], [92.81961767852735, 27.31506789272047], [92.81963390749128, 27.314963430791234], [92.81970162519235, 27.31452755578517], [92.81978250500894, 27.314190186772077], [92.81986236254279, 27.313920475037886], [92.81994426284552, 27.313515448860777], [92.82002207581377, 27.313381049602434], [92.8201776999536, 27.313112249000927], [92.82040806931496, 27.312912017375464], [92.8208657438842, 27.312714521505143], [92.82124662597143, 27.31258376890406], [92.82132239437405, 27.312584681209973], [92.82193057987253, 27.312456661386026], [92.82215788418216, 27.312459395114313], [92.8224619755839, 27.31239538435035], [92.82291760379096, 27.31233319497282], [92.82322169519274, 27.312269181741545], [92.8234094421888, 27.312160647303354], [92.82345103777972, 27.31213660080369], [92.82368140085285, 27.31193636422477], [92.82391278081892, 27.311668469243948], [92.8240673745911, 27.311467320303223], [92.82435708845674, 27.311367856358956], [92.82444824859346, 27.31133655904875], [92.82490387141064, 27.311274362692306], [92.8250284641473, 27.311313117388732], [92.82513015433575, 27.3113447483435], [92.82550899006073, 27.311349296355047], [92.82588782668404, 27.311353843568288], [92.82603936079438, 27.311355662613146], [92.82634344770457, 27.311291643230643], [92.8265161218685, 27.311191815159773], [92.82657278490167, 27.311159056335672], [92.82687992338887, 27.310892065412443], [92.82703552776577, 27.310623257184474], [92.82726689785035, 27.310355356638645], [92.82742148263937, 27.31015420372106], [92.82772658284924, 27.31002252380296], [92.82818321357611, 27.309892659604724], [92.82863781141556, 27.30989810723283], [92.82909139326038, 27.309971210784703], [92.82954497510522, 27.310044311893833], [92.82969549142433, 27.310113782806305], [92.83014907416748, 27.310186883023327], [92.8305289222938, 27.31012376012712], [92.83091080061263, 27.309925323818458], [92.83099062670544, 27.309655603313022], [92.83107045279823, 27.309385882950174], [92.83107552827956, 27.309047598738683], [92.83115636857029, 27.30871022184278], [92.83115738366656, 27.30864256435175], [92.83116042805707, 27.308439594025764], [92.8313160180609, 27.3081707806548], [92.83154635777785, 27.307970528138924], [92.83192721201728, 27.30783974520322], [92.83245857988088, 27.307778429698736], [92.83291316873715, 27.307783863063023], [92.83336573099415, 27.30792460841729], [92.83382032074871, 27.307930038581617], [92.83419914569393, 27.307934563585313], [92.83442745432001, 27.307869620305873], [92.8345799963401, 27.30780377262521], [92.8348850821769, 27.307672077146655], [92.83504167380228, 27.307335601233994], [92.83519927693067, 27.306931467363295], [92.83550840788118, 27.306529142364525], [92.83558619659489, 27.306394733047473], [92.83574177222567, 27.30612591232855], [92.8361262583538, 27.305724910248305], [92.83612666169736, 27.30572448958779], [92.8363674569059, 27.305505954245785], [92.83671714319826, 27.305327509884876], [92.83713748827589, 27.30514317835399], [92.83746288322463, 27.305005864223386], [92.8378606913684, 27.30493491020783], [92.83823157790142, 27.304796712983876], [92.83869554966086, 27.304534730786248], [92.83904798030639, 27.304261354865435], [92.83948459028056, 27.303914064565372], [92.83984063754343, 27.303789702610572], [92.83997624093048, 27.303750930918522], [92.8401587759013, 27.303562164182377], [92.84034594348401, 27.302939606288096], [92.84040221485172, 27.302757804400677], [92.84045849520257, 27.302368186644472], [92.84056648886941, 27.302092895989247], [92.8405812050704, 27.302055382534714], [92.84071170063677, 27.301757899074396], [92.84098368086038, 27.30150414921633], [92.84118357667235, 27.301197583389], [92.84129204015807, 27.301082536370902], [92.84161038872172, 27.30086402701217], [92.84184170580572, 27.300602028347797], [92.84200950750753, 27.30043161692903], [92.84233885234855, 27.299833400372034], [92.84266719916133, 27.299402361680958], [92.84289752450523, 27.299099719109094], [92.84294456388677, 27.29874642246058], [92.84313071098332, 27.298498851507038], [92.84326950338966, 27.29817539553437], [92.84338268752218, 27.297838885243895], [92.84352499323961, 27.297452112044994], [92.84352269265415, 27.297149466551375], [92.8435256633828, 27.296855754594574], [92.84355644505432, 27.296041957565617], [92.8435597409731, 27.295969611194987], [92.8435810687746, 27.29539092235335], [92.84370172150038, 27.29515365627045], [92.84378897127067, 27.29479053920155], [92.84389687959755, 27.294445095272753], [92.84406576915917, 27.29411201754556], [92.84410939494262, 27.293826551206852], [92.8441836775318, 27.29355404142001], [92.84424081667208, 27.293200546706743], [92.84424950158422, 27.29293382951225], [92.84411765046008, 27.292502681807978], [92.84400964331851, 27.292220157112016], [92.84383131425989, 27.2919570707001], [92.84364606637695, 27.291617313162213], [92.84345224676957, 27.291340973997595], [92.84328370036438, 27.291064143176897], [92.84317404930589, 27.290713883334423], [92.84293188955643, 27.29032101802333], [92.84286662964594, 27.289924719298064], [92.84282532151595, 27.289681561017282], [92.84270727300614, 27.289237149908846], [92.84247493543599, 27.289268674589362], [92.84222746304997, 27.289250560353196], [92.83995459692206, 27.289516171121846], [92.838555522071, 27.28966693715925], [92.83715644093175, 27.28981768782367], [92.8361917787757, 27.289799343757505], [92.8341589649496, 27.28963400353409], [92.83202517599395, 27.289400910818816], [92.83096463485099, 27.289197490973105], [92.82952283253177, 27.28887660729425], [92.82854062178666, 27.288591976132874], [92.82742969054611, 27.288171917328345], [92.8261496577416, 27.287578059161202], [92.82537962726995, 27.28721451814529], [92.82468782209324, 27.286975093412057], [92.82431663282792, 27.286927569099085], [92.82394544535927, 27.286880043169106], [92.82321813337266, 27.286960976151274], [92.82230900416914, 27.28703732094772], [92.82182918073823, 27.287086759660077], [92.82129888815803, 27.287068491784595], [92.8205917074169, 27.287275766769824], [92.8196369572717, 27.287654402735132], [92.81787373145558, 27.2887275877491], [92.81686834597275, 27.289300214429293], [92.8157162233832, 27.29032851991159], [92.81452339992478, 27.291826082889212], [92.81381065322218, 27.29284103719971], [92.81332528718593, 27.293675597627136], [92.81302175273964, 27.29449670684782], [92.81264747865967, 27.295353880819444], [92.81222280549899, 27.296016997526262], [92.81186903366874, 27.2963642806019], [92.81120718820506, 27.2966482404432], [92.81094958102598, 27.29666390673701], [92.81052034442365, 27.296512533126272], [92.80974526721674, 27.296124085291723], [92.80929336971306, 27.29587116794301], [92.80880608307878, 27.2956723788532], [92.80831879554619, 27.295473587810875], [92.80710674185244, 27.295229298525257], [92.80681380572985, 27.29520658629604], [92.80626829029883, 27.295237888154873], [92.80586933770138, 27.295138408867572], [92.80574310643766, 27.295075169643138], [92.80580891791368, 27.294845071579328], [92.80575361852311, 27.294452467558067], [92.80575380177943, 27.294172700362623], [92.80565799825102, 27.293928979799123], [92.80556734027253, 27.293536357370908], [92.80562319392365, 27.293089660964828], [92.80567913560965, 27.292512104288203], [92.80594216142651, 27.291921123310953], [92.8061800326188, 27.291176705022412], [92.80602901773472, 27.290405010083788], [92.80585259130787, 27.289876968722837], [92.80592352587598, 27.289534064176237], [92.80603007235688, 27.28879409020671], [92.80609593593516, 27.288482770289235], [92.80612127740935, 27.28834741224688], [92.80623783830903, 27.28773830260743], [92.8059905958917, 27.2873816949803], [92.80581903743538, 27.28713793476372], [92.80559197656922, 27.286817437924256], [92.80540542073922, 27.28634353923437], [92.80544603447153, 27.286027693736745], [92.80555750012694, 27.28548626777041], [92.80555282080263, 27.28492672981217], [92.80539156692092, 27.284380645574878], [92.80526571384792, 27.283766894783643], [92.80502377777896, 27.283044786072455], [92.80471100326164, 27.282525696331053], [92.80441334559396, 27.282060761190078], [92.80413596919041, 27.281483027401666], [92.80382824051004, 27.280986499398523], [92.80338917633851, 27.280535025200475], [92.80318731321609, 27.280322833066858], [92.80294002767961, 27.280065491717032], [92.80260698716951, 27.279668221469688], [92.80261222883917, 27.279388456154777], [92.80266793875984, 27.27915835513235], [92.8028144737456, 27.279041112011065], [92.80314795892181, 27.278784087855325], [92.80333001958212, 27.27840514540408], [92.80365865655072, 27.277845787353066], [92.80397714704817, 27.27734959759402], [92.80434608603368, 27.276925631105275], [92.80470994414794, 27.2765422734018], [92.80523032471731, 27.276199607940587], [92.80573059290576, 27.275717045671637], [92.80602368623352, 27.275423894225938], [92.80635727561429, 27.274977342153875], [92.80652410713557, 27.274697660841078], [92.80674148326466, 27.274341294002], [92.80692865174566, 27.273849540731646], [92.8071310313994, 27.2732540091014], [92.80731811993037, 27.272875065357514], [92.80722240982675, 27.272509512825376], [92.80676800692173, 27.272378419841164], [92.80630335873091, 27.27247745002025], [92.80593467396865, 27.27254494350772], [92.805454819995, 27.27272518676901], [92.80505086827297, 27.2726708255791], [92.80456611848106, 27.272611905182952], [92.8044500247053, 27.272535133679597], [92.80395533325813, 27.272246074720346], [92.80375847015856, 27.27212864624963], [92.80335716397504, 27.271832440008343], [92.80327188061693, 27.271795773879454], [92.80320371735148, 27.271058909957755], [92.80320382065774, 27.27090714453669], [92.80320400571068, 27.270634745403136], [92.80318300399767, 27.27036975781227], [92.80316895704156, 27.270192512189965], [92.80315405848256, 27.269826999541845], [92.80308357576706, 27.26951109511447], [92.80286171524808, 27.269032659098457], [92.80266495994637, 27.26876632144603], [92.802437875724, 27.268545088756156], [92.80222586882537, 27.268432162228113], [92.80185229093973, 27.268292073479195], [92.8014989026901, 27.268165530092062], [92.80130709261402, 27.268052614357217], [92.80101938738134, 27.267876470149243], [92.80075699218179, 27.267610092995955], [92.80041888966507, 27.267294033748403], [92.80021715590003, 27.266941952653756], [92.80016688168513, 27.26662605759421], [92.80018223299503, 27.266341787045985], [92.80027336977557, 27.265994383759132], [92.80043029826918, 27.26543944765778], [92.80047613480654, 27.264884448898062], [92.80056764798115, 27.264000069908487], [92.80053262626151, 27.263539787695226], [92.80046212198641, 27.26327351433943], [92.80024028572196, 27.262795077031004], [92.79994288497242, 27.262068412174166], [92.79967564965013, 27.2615312853667], [92.79956989727992, 27.26113413412889], [92.79940397126045, 27.26015033846653], [92.79945971711369, 27.25986608889256], [92.79951028507767, 27.25975782026116], [92.79983373158055, 27.259347374808467], [92.80036438438519, 27.25866630411207], [92.8007789326343, 27.257935526836924], [92.80087018439919, 27.257412140929848], [92.80092117636796, 27.256699210632192], [92.80097699318816, 27.25630214994415], [92.80106299340187, 27.256067551474064], [92.80136607240233, 27.25587820060384], [92.80175496117366, 27.25572048183404], [92.80218931547815, 27.255526689480686], [92.80279026325039, 27.255369084409228], [92.80353255194944, 27.25526119152374], [92.80470404041989, 27.255103884745363], [92.80534030455921, 27.254977876571207], [92.80651686222281, 27.25478445825808], [92.8071379430372, 27.254708067347035], [92.80796607833808, 27.25456409695393], [92.80896080710667, 27.254456300715002], [92.81012730094416, 27.25418613724989], [92.81095043801878, 27.25394738324916], [92.81172811045855, 27.253740190647374], [92.81273800278919, 27.253582739568465], [92.81337423279251, 27.253488280473572], [92.81423760900196, 27.253488683762868], [92.81498483933338, 27.253520614686398], [92.81551499267474, 27.253507319719162], [92.81636319633904, 27.2535528267052], [92.81710540778299, 27.253539621982743], [92.81738818395971, 27.253476573104837], [92.8175498429816, 27.2533141975229], [92.81772668532841, 27.253079631083036], [92.81797428347859, 27.252714235472496], [92.81820171175572, 27.25230370572695], [92.8183635693053, 27.251766800886703], [92.81850525159192, 27.251193785148324], [92.81857617448189, 27.250751599992252], [92.81870250635693, 27.25054859735449], [92.81891414674294, 27.250137882323656], [92.82089636385899, 27.24720753379375], [92.8224553451188, 27.24514870334245], [92.82373353098711, 27.24291502555737], [92.82436875397904, 27.240880441976916], [92.82530693739379, 27.23941327213736], [92.82653168787571, 27.238460958441962], [92.8285448393769, 27.237438168224838], [92.83128887995615, 27.235737336424975], [92.83625889280887, 27.232771635795718], [92.83417813948934, 27.231143033446102], [92.83021381305507, 27.228685954203122], [92.82951119485726, 27.22792107037791], [92.82889133395504, 27.227057557286628], [92.82794110952221, 27.225318303834236], [92.82780868347629, 27.22465968359463], [92.82878818580085, 27.224034274534393], [92.82963335226117, 27.22349463239331], [92.83002851756142, 27.22324231186442], [92.83063539960442, 27.222366937621594], [92.8326216097319, 27.219242826816593], [92.83415207307472, 27.217973126702052], [92.83439838663406, 27.21742711071763], [92.83357238573028, 27.21526863169302], [92.83336601396347, 27.214454613736805], [92.83289762788273, 27.213985810280622], [92.83041650442419, 27.21465084945425], [92.82952049152213, 27.214983484586774], [92.82732921487994, 27.214735973152987], [92.8242750354404, 27.21423287441358], [92.823062219077, 27.21418302544525], [92.82077555572462, 27.212048498205146], [92.8186728341048, 27.210539774720583], [92.81827354194415, 27.209885967588438], [92.81788888513613, 27.207776927490873], [92.81746227700434, 27.20672846472806], [92.8155936716189, 27.20367995869463], [92.81462926727932, 27.20324784897381], [92.81279658013221, 27.202963289499454], [92.81057783031363, 27.20299914979368], [92.80990280027653, 27.20264115433883], [92.80884996847534, 27.201770827478132], [92.80810680212225, 27.200290528195403], [92.80821763626204, 27.199414976826212], [92.80852161447608, 27.19820655299685], [92.80842572201442, 27.19735555756513], [92.80917046580915, 27.196431013130802], [92.81359483477176, 27.19366461052299], [92.81456001615406, 27.192690818524845], [92.81480499841014, 27.19130528856293], [92.8146247748046, 27.19067438665541], [92.8142412606536, 27.189331805507713], [92.81425835739009, 27.186377637957616], [92.81427455311632, 27.18357922838976], [92.81429143874874, 27.17786229173962], [92.81600165857317, 27.175605523107585], [92.82189625165229, 27.179700729621317], [92.83065121085174, 27.183483516069227], [92.83565404455167, 27.184596075628278], [92.84115716171142, 27.185263606677292], [92.85041240437072, 27.187266174259772], [92.85391438769116, 27.18949120683147], [92.865009265068, 27.193424731959116], [92.86805156608452, 27.193593858725233], [92.87033329139777, 27.193424731959116], [92.87261501671098, 27.194777739704843], [92.87641789253252, 27.194946864418913], [92.87965033635196, 27.197483705147352], [92.88839695020243, 27.199174900500655], [92.89752385235369, 27.202049873965535], [92.90341830888887, 27.206954068212315], [92.90398874089095, 27.21016704454448], [92.90360845348843, 27.21693090227196], [92.90113658357566, 27.218790891079987], [92.90056615247192, 27.221496273544], [92.90056615247192, 27.22352526747], [92.89885485826241, 27.227921294035202], [92.89657313294917, 27.230457384943332], [92.89448155133718, 27.232993417287197], [92.89315054542845, 27.236036580483148], [92.89334068912972, 27.2394177751722], [92.8958125581442, 27.242798866345378], [92.89676327665042, 27.245841761449423], [92.89676327665042, 27.248546486617624], [92.89467169503843, 27.249391700297245], [92.89219982602391, 27.251758263000283], [92.89334068912972, 27.255477045867785], [92.89638298924794, 27.25784347910137], [92.90284787778516, 27.25902667723468], [92.91083391683067, 27.2647734590346], [92.91387621694885, 27.265280513545164], [92.91958053068115, 27.270012913182264], [92.92110168118938, 27.272210029928328], [92.92205239969562, 27.276942134534426], [92.92338340650264, 27.27947710719702], [92.92680599492165, 27.281843029554484], [92.93098915724732, 27.285560806088334], [92.93346102716013, 27.287757615408253], [92.93669347097958, 27.28894049510584], [92.9380244777866, 27.291644171793735], [92.9376441903841, 27.295530592159146], [92.9380244777866, 27.29890997776264], [92.93992591569736, 27.300261703360746], [92.94563022853131, 27.29890997776264], [92.95133454226357, 27.297220297819017], [92.9557078491888, 27.29637544860268], [92.95684871229456, 27.29688235890396], [92.95646842489208, 27.298572043990923], [92.95456698698135, 27.29975480848965], [92.95209511706854, 27.302965104379318], [92.9460105168321, 27.308709613617573], [92.94448936632385, 27.312257544419474], [92.94106677790482, 27.314960654024482], [92.93840476518909, 27.319015194140274], [92.93174973295062, 27.324252089437465], [92.92870743193407, 27.324927799541253], [92.92718628232413, 27.326110283113312], [92.9269961386229, 27.329319816446564], [92.92414398130761, 27.336752064576185], [92.92414398130761, 27.339116766873737], [92.92053125008567, 27.348743959923354], [92.91767909277038, 27.354317215727825], [92.91444664895093, 27.356174905343213], [92.91159449163564, 27.35701929904978], [92.90893247891991, 27.359214693351735], [92.90589017880168, 27.360734556462077], [92.90189715927893, 27.36242326869382], [92.90056615247192, 27.36698266249794], [92.90056615247192, 27.373568122889356], [92.90208730298019, 27.37897128465854], [92.90284787778516, 27.385893700172634], [92.90436902829344, 27.393322151710212], [92.91121420423315, 27.40581433050043], [92.91349592954637, 27.409190352976015], [92.91634808686166, 27.41138471203229], [92.91958053068115, 27.41307265106408], [92.92224254339685, 27.415942088468817], [92.92338340650264, 27.42016171319935], [92.92338340650264, 27.42742385436855]], [[92.82382531904621, 27.424859478940494], [92.82373754016822, 27.424875229962883], [92.82365196395934, 27.42489865954472], [92.82356944112406, 27.42492953644721], [92.82349079272262, 27.424967552884034], [92.82341679939098, 27.425012330900273], [92.82334819595104, 27.42506342635976], [92.82328566602075, 27.42512033054004], [92.82322982943762, 27.425182478106507], [92.82318124225885, 27.42524925189688], [92.82314038598143, 27.425319987705734], [92.82310766844049, 27.425393982258502], [92.82308341302948, 27.42547050118533], [92.8230678622936, 27.42554878300819], [92.82306116984472, 27.42562805030405], [92.8230634021582, 27.425707515286415], [92.82307453767446, 27.425786387779056], [92.82309446590074, 27.425863883986818], [92.82312298741101, 27.42593923446895], [92.82315982013431, 27.426011689720536], [92.82320459755796, 27.426080528942943], [92.82325687501591, 27.426145069611895], [92.82331613148531, 27.426204669071648], [92.82338177946797, 27.426258734900234], [92.82345316678695, 27.42630673128771], [92.8235295828749, 27.426348179833255], [92.82361026865543, 27.426382668315508], [92.82369442283121, 27.426409855476273], [92.82378120817249, 27.426429469425457], [92.82386976229658, 27.426441317209083], [92.82395920575281, 27.42644527922756], [92.824048649209, 27.426441317209083], [92.82413720333308, 27.426429469425457], [92.82422398867436, 27.426409855476273], [92.82430814285019, 27.426382668315508], [92.82438882863069, 27.426348179833255], [92.82446524471864, 27.42630673128771], [92.82453663203765, 27.426258734900234], [92.8246022800203, 27.426204669071648], [92.8246615364897, 27.426145069611895], [92.82471381394765, 27.426080528942943], [92.8247585913713, 27.426011689720536], [92.8247954240946, 27.42593923446895], [92.82482394560485, 27.425863883986818], [92.82484387383111, 27.425786387779056], [92.82485500934737, 27.425707515286415], [92.82485724166087, 27.42562805030405], [92.82485054921199, 27.42554878300819], [92.8248349984761, 27.42547050118533], [92.82481074306514, 27.425393982258502], [92.82477802552415, 27.425319987705734], [92.82473716924673, 27.42524925189688], [92.82468858206796, 27.425182478106507], [92.82463274548482, 27.42512033054004], [92.82457021555454, 27.42506342635976], [92.8245016121146, 27.425012330900273], [92.82442761878298, 27.424967552884034], [92.82434897038154, 27.42492953644721], [92.82426644754628, 27.42489865954472], [92.82418087133735, 27.424875229962883], [92.82409309245938, 27.424859478940494], [92.82400398317647, 27.424851564357873], [92.82391442832915, 27.424851564357873], [92.82382531904621, 27.424859478940494]], [[92.84179390644942, 27.417390951236246], [92.84170612757146, 27.41740670332389], [92.84162055136252, 27.417430134490278], [92.84153802852725, 27.417461013481034], [92.84145938012584, 27.41749903248893], [92.84138538679419, 27.417543813533513], [92.84131678335426, 27.417594912448635], [92.84125425342395, 27.417651820477396], [92.84119841684084, 27.417713972247007], [92.84114982966207, 27.417780750553348], [92.84110897338465, 27.417851491146166], [92.8410762558437, 27.41792549070332], [92.8410520004327, 27.418002014805253], [92.8410364496968, 27.418080301922462], [92.84102975724792, 27.418159574579338], [92.84103198956143, 27.41823904493612], [92.84104312507768, 27.418317922763134], [92.84106305330396, 27.418395424212157], [92.84109157481423, 27.41847077979044], [92.84112840753748, 27.41854323994238], [92.84117318496115, 27.418612083820623], [92.84122546241912, 27.418676628854673], [92.84128471888852, 27.418736232345346], [92.84135036687115, 27.41879030183059], [92.84142175419015, 27.41883830146424], [92.84149817027811, 27.418879752813126], [92.84157885605862, 27.418914243627988], [92.84166301023444, 27.418941432627506], [92.84174979557572, 27.418961047903263], [92.84183834969978, 27.418972896488196], [92.84192779315603, 27.418976858774645], [92.84201723661222, 27.418972896488196], [92.8421057907363, 27.418961047903263], [92.8421925760776, 27.418941432627506], [92.84227673025342, 27.418914243627988], [92.8423574160339, 27.418879752813126], [92.84243383212186, 27.41883830146424], [92.84250521944087, 27.41879030183059], [92.84257086742352, 27.418736232345346], [92.84263012389293, 27.418676628854673], [92.84268240135088, 27.418612083820623], [92.84272717877454, 27.41854323994238], [92.84276401149778, 27.41847077979044], [92.84279253300807, 27.418395424212157], [92.84281246123435, 27.418317922763134], [92.84282359675059, 27.41823904493612], [92.84282582906408, 27.418159574579338], [92.8428191366152, 27.418080301922462], [92.84280358587932, 27.418002014805253], [92.84277933046836, 27.41792549070332], [92.84274661292737, 27.417851491146166], [92.84270575664995, 27.417780750553348], [92.84265716947117, 27.417713972247007], [92.84260133288805, 27.417651820477396], [92.84253880295776, 27.417594912448635], [92.84247019951782, 27.417543813533513], [92.84239620618617, 27.41749903248893], [92.84231755778475, 27.417461013481034], [92.8422350349495, 27.417430134490278], [92.84214945874058, 27.41740670332389], [92.8420616798626, 27.417390951236246], [92.84197257057967, 27.41738303611836], [92.84188301573238, 27.41738303611836], [92.84179390644942, 27.417390951236246]], [[92.82168620128434, 27.414732539366117], [92.82159842240634, 27.414748291832858], [92.82151284619744, 27.414771723563184], [92.82143032336218, 27.41480260329712], [92.82135167496074, 27.414840623220023], [92.82127768162911, 27.414885405342396], [92.82120907818917, 27.414936505487297], [92.82114654825885, 27.414993414885735], [92.82109071167577, 27.415055568151146], [92.82104212449698, 27.415122348064674], [92.82100126821953, 27.415193090360052], [92.82096855067857, 27.41526709169819], [92.8209442952676, 27.415343617641895], [92.8209287445317, 27.415421906643303], [92.82092205208285, 27.415501181208104], [92.82092428439631, 27.41558065347757], [92.8209354199126, 27.41565953320302], [92.82095534813884, 27.41573703651735], [92.82098386964911, 27.415812393909295], [92.82102070237241, 27.415884855805228], [92.82106547979606, 27.415953701340424], [92.82111775725402, 27.416018247927983], [92.82117701372341, 27.416077852853203], [92.82124266170607, 27.416131923639778], [92.82131404902508, 27.416179924428707], [92.82139046511303, 27.416221376775255], [92.82147115089353, 27.416255868420265], [92.82155530506935, 27.416283058074175], [92.82164209041065, 27.41630267382204], [92.82173064453471, 27.416314522692158], [92.8218200879909, 27.416318485073973], [92.8219095314471, 27.416314522692158], [92.82199808557118, 27.41630267382204], [92.82208487091246, 27.416283058074175], [92.8221690250883, 27.416255868420265], [92.82224971086879, 27.416221376775255], [92.82232612695675, 27.416179924428707], [92.82239751427575, 27.416131923639778], [92.82246316225842, 27.416077852853203], [92.82252241872781, 27.416018247927983], [92.82257469618577, 27.415953701340424], [92.82261947360941, 27.415884855805228], [92.8226563063327, 27.415812393909295], [92.82268482784298, 27.41573703651735], [92.82270475606923, 27.41565953320302], [92.82271589158547, 27.41558065347757], [92.82271812389897, 27.415501181208104], [92.82271143145013, 27.415421906643303], [92.82269588071424, 27.415343617641895], [92.82267162530323, 27.41526709169819], [92.82263890776228, 27.415193090360052], [92.82259805148483, 27.415122348064674], [92.82254946430605, 27.415055568151146], [92.82249362772298, 27.414993414885735], [92.82243109779265, 27.414936505487297], [92.82236249435272, 27.414885405342396], [92.82228850102109, 27.414840623220023], [92.82220985261965, 27.41480260329712], [92.82212732978438, 27.414771723563184], [92.82204175357549, 27.414748291832858], [92.82195397469746, 27.414732539366117], [92.82186486541457, 27.41472462405777], [92.82177531056726, 27.41472462405777], [92.82168620128434, 27.414732539366117]], [[92.82425314259861, 27.403591833054815], [92.82416536372062, 27.40360758710995], [92.82407978751169, 27.40363102120297], [92.82399726467644, 27.403661904050594], [92.82391861627498, 27.40369992780722], [92.82384462294337, 27.403744714445143], [92.82377601950344, 27.403795819742722], [92.82371348957314, 27.403852734879553], [92.82365765299002, 27.403914894412186], [92.82360906581124, 27.40398168105949], [92.82356820953382, 27.404052430488168], [92.82353549199284, 27.404126439288255], [92.82351123658188, 27.404202972948497], [92.82349568584598, 27.404281269844258], [92.8234889933971, 27.404360552402796], [92.8234912257106, 27.40444003268596], [92.82350236122684, 27.404518920365355], [92.82352228945312, 27.40459643149488], [92.82355081096337, 27.404671796485694], [92.82358764368666, 27.404744265688493], [92.8236324211103, 27.4048131181659], [92.82368469856827, 27.404877671262195], [92.82374395503767, 27.404937282197874], [92.82380960302032, 27.404991358436888], [92.82388099033932, 27.405039364066138], [92.8239574064273, 27.405080820592698], [92.82403809220779, 27.405115315715772], [92.82412224638361, 27.405142508111485], [92.82420903172489, 27.40516212583738], [92.82429758584897, 27.405173975902326], [92.82438702930517, 27.405177938683707], [92.8244764727614, 27.405173975902326], [92.82456502688547, 27.40516212583738], [92.82465181222676, 27.405142508111485], [92.82473596640256, 27.405115315715772], [92.82481665218307, 27.405080820592698], [92.82489306827104, 27.405039364066138], [92.82496445559, 27.404991358436888], [92.82503010357266, 27.404937282197874], [92.82508936004207, 27.404877671262195], [92.82514163750002, 27.4048131181659], [92.82518641492368, 27.404744265688493], [92.82522324764696, 27.404671796485694], [92.82525176915725, 27.40459643149488], [92.82527169738351, 27.404518920365355], [92.82528283289976, 27.40444003268596], [92.82528506521325, 27.404360552402796], [92.82527837276437, 27.404281269844258], [92.82526282202849, 27.404202972948497], [92.8252385666175, 27.404126439288255], [92.82520584907655, 27.404052430488168], [92.82516499279913, 27.40398168105949], [92.82511640562034, 27.403914894412186], [92.82506056903722, 27.403852734879553], [92.82499803910693, 27.403795819742722], [92.824929435667, 27.403744714445143], [92.82485544233533, 27.40369992780722], [92.82477679393389, 27.403661904050594], [92.82469427109864, 27.40363102120297], [92.82460869488973, 27.40360758710995], [92.82452091601176, 27.403591833054815], [92.82443180672881, 27.4035839169483], [92.82434225188152, 27.4035839169483], [92.82425314259861, 27.403591833054815]], [[92.82439575014995, 27.39093057606592], [92.82430797127196, 27.390946331925512], [92.82422239506305, 27.39096976870264], [92.82413987222779, 27.391000655087574], [92.82406122382635, 27.391038683199387], [92.82398723049472, 27.39108347496715], [92.82391862705478, 27.391134586118298], [92.82385609712449, 27.39119150777416], [92.82380026054138, 27.391253674426526], [92.8237516733626, 27.391320468723578], [92.82371081708517, 27.391391226255887], [92.82367809954418, 27.39146524353299], [92.82365384413322, 27.39154178595946], [92.82363829339734, 27.39162009182346], [92.82363160094846, 27.39169938346312], [92.82363383326195, 27.391778872850086], [92.8236449687782, 27.391857769565462], [92.82366489700448, 27.3919352895733], [92.82369341851472, 27.39201066319661], [92.823730251238, 27.392083140700226], [92.82377502866166, 27.39215200106425], [92.82382730611961, 27.392216561554672], [92.82388656258902, 27.39227617931842], [92.82395221057168, 27.392330261751496], [92.82402359789069, 27.392378272879544], [92.82410001397864, 27.392419734154714], [92.82418069975914, 27.392454233229003], [92.82426485393495, 27.392481428739433], [92.82435163927624, 27.392501048712464], [92.82444019340032, 27.39251290013477], [92.82452963685651, 27.392516863370066], [92.82461908031276, 27.39251290013477], [92.82470763443682, 27.392501048712464], [92.82479441977812, 27.392481428739433], [92.82487857395391, 27.392454233229003], [92.82495925973443, 27.392419734154714], [92.82503567582239, 27.392378272879544], [92.82510706314137, 27.392330261751496], [92.82517271112403, 27.39227617931842], [92.82523196759342, 27.392216561554672], [92.82528424505138, 27.39215200106425], [92.82532902247502, 27.392083140700226], [92.82536585519831, 27.39201066319661], [92.82539437670859, 27.3919352895733], [92.82541430493487, 27.391857769565462], [92.82542544045113, 27.391778872850086], [92.82542767276462, 27.39169938346312], [92.82542098031574, 27.39162009182346], [92.82540542957985, 27.39154178595946], [92.82538117416884, 27.39146524353299], [92.82534845662789, 27.391391226255887], [92.82530760035047, 27.391320468723578], [92.8252590131717, 27.391253674426526], [92.82520317658859, 27.39119150777416], [92.82514064665828, 27.391134586118298], [92.82507204321836, 27.39108347496715], [92.8249980498867, 27.391038683199387], [92.82491940148525, 27.391000655087574], [92.82483687864999, 27.39096976870264], [92.82475130244109, 27.390946331925512], [92.82466352356312, 27.39093057606592], [92.82457441428016, 27.390922659052745], [92.82448485943287, 27.390922659052745], [92.82439575014995, 27.39093057606592]], [[92.82924441677746, 27.379534205741955], [92.82915663789949, 27.379549963225056], [92.82907106169056, 27.37957340241717], [92.8289885388553, 27.379604291984716], [92.82890989045384, 27.379642324015048], [92.82883589712223, 27.37968712039828], [92.82876729368229, 27.379738236816056], [92.82870476375199, 27.379795164337345], [92.82864892716887, 27.379857337395563], [92.8286003399901, 27.379924138575312], [92.82855948371268, 27.379994903398774], [92.82852676617169, 27.38006892830294], [92.82850251076073, 27.380145478616676], [92.82848696002483, 27.38022379254964], [92.82848026757597, 27.380303092359927], [92.82848249988945, 27.380382589937906], [92.8284936354057, 27.380461494783237], [92.82851356363199, 27.38053902277918], [92.82854208514223, 27.380614404169417], [92.82857891786551, 27.380686889141597], [92.82862369528918, 27.380755756601438], [92.82867597274712, 27.380820323744615], [92.82873522921653, 27.38087994765178], [92.82880087719919, 27.380934035657916], [92.82887226451818, 27.380982051733355], [92.82894868060615, 27.381023517281], [92.82902936638665, 27.38105801991036], [92.82911352056246, 27.38108521822323], [92.82920030590375, 27.381104840218022], [92.82928886002782, 27.38111669286161], [92.82937830348402, 27.381120656505303], [92.82946774694025, 27.38111669286161], [92.82955630106431, 27.381104840218022], [92.82964308640562, 27.38108521822323], [92.8297272405814, 27.38105801991036], [92.82980792636194, 27.381023517281], [92.82988434244989, 27.380982051733355], [92.82995572976887, 27.380934035657916], [92.83002137775152, 27.38087994765178], [92.83008063422092, 27.380820323744615], [92.83013291167887, 27.380755756601438], [92.83017768910253, 27.380686889141597], [92.83021452182581, 27.380614404169417], [92.8302430433361, 27.38053902277918], [92.83026297156236, 27.380461494783237], [92.83027410707862, 27.380382589937906], [92.83027633939211, 27.380303092359927], [92.83026964694324, 27.38022379254964], [92.83025409620736, 27.380145478616676], [92.83022984079635, 27.38006892830294], [92.8301971232554, 27.379994903398774], [92.83015626697798, 27.379924138575312], [92.8301076797992, 27.379857337395563], [92.83005184321608, 27.379795164337345], [92.8299893132858, 27.379738236816056], [92.82992070984585, 27.37968712039828], [92.8298467165142, 27.379642324015048], [92.82976806811274, 27.379604291984716], [92.82968554527748, 27.37957340241717], [92.8295999690686, 27.379549963225056], [92.82951219019063, 27.379534205741955], [92.82942308090767, 27.37952628791298], [92.82933352606037, 27.37952628791298], [92.82924441677746, 27.379534205741955]], [[92.83537655406211, 27.371049478667693], [92.8352887751841, 27.37106523735911], [92.8352031989752, 27.371088678348578], [92.83512067613994, 27.37111957028484], [92.8350420277385, 27.371157605231577], [92.83496803440683, 27.37120240504993], [92.83489943096694, 27.371253525387488], [92.83483690103661, 27.371310457274138], [92.83478106445352, 27.37137263510001], [92.83473247727474, 27.371439441402334], [92.83469162099729, 27.37151021165232], [92.83465890345633, 27.37158424223296], [92.83463464804535, 27.371660798416894], [92.83461909730946, 27.371739118355343], [92.83461240486061, 27.371818424246698], [92.83461463717407, 27.371897927920923], [92.83462577269036, 27.371976838817027], [92.83464570091661, 27.372054372758242], [92.83467422242687, 27.372129759929138], [92.83471105515017, 27.372202250459885], [92.83475583257382, 27.372271123200832], [92.83480811003177, 27.372335695295394], [92.83486736650117, 27.37239532377489], [92.83493301448382, 27.372449415928862], [92.83500440180283, 27.372497435686466], [92.8350808178908, 27.372538904413954], [92.83516150367129, 27.372573409689192], [92.83524565784711, 27.372600610087833], [92.83533244318836, 27.37262023358737], [92.83542099731247, 27.372632087139884], [92.83551044076867, 27.372636051087536], [92.83559988422486, 27.372632087139884], [92.83568843834894, 27.37262023358737], [92.83577522369023, 27.372600610087833], [92.83585937786606, 27.372573409689192], [92.83594006364655, 27.372538904413954], [92.83601647973451, 27.372497435686466], [92.83608786705352, 27.372449415928862], [92.83615351503617, 27.37239532377489], [92.83621277150557, 27.372335695295394], [92.83626504896353, 27.372271123200832], [92.83630982638718, 27.372202250459885], [92.83634665911046, 27.372129759929138], [92.83637518062073, 27.372054372758242], [92.83639510884699, 27.371976838817027], [92.83640624436323, 27.371897927920923], [92.83640847667672, 27.371818424246698], [92.83640178422789, 27.371739118355343], [92.836386233492, 27.371660798416894], [92.836361978081, 27.37158424223296], [92.83632926054005, 27.37151021165232], [92.83628840426259, 27.371439441402334], [92.83623981708381, 27.37137263510001], [92.83618398050069, 27.371310457274138], [92.8361214505704, 27.371253525387488], [92.83605284713047, 27.37120240504993], [92.83597885379885, 27.371157605231577], [92.83590020539741, 27.37111957028484], [92.83581768256214, 27.371088678348578], [92.83573210635325, 27.37106523735911], [92.83564432747524, 27.371049478667693], [92.83555521819231, 27.371041560231536], [92.83546566334502, 27.371041560231536], [92.83537655406211, 27.371049478667693]], [[92.84471340597, 27.319675245972487], [92.84462562709201, 27.31969101197282], [92.84454005088308, 27.319714463834316], [92.84445752804783, 27.319745370098314], [92.84437887964638, 27.31978342268582], [92.84430488631476, 27.319828243282508], [92.84423628287483, 27.31987938732993], [92.84417375294454, 27.319936345621926], [92.84411791636143, 27.319998552286297], [92.84406932918263, 27.320065389573912], [92.84402847290521, 27.32013619264777], [92.84399575536422, 27.32021025756457], [92.84397149995326, 27.320286849256117], [92.84395594921739, 27.320365205520304], [92.84394925676851, 27.32044454819481], [92.843951489082, 27.32052408874403], [92.84396262459825, 27.320603036240293], [92.84398255282451, 27.320680606143085], [92.84401107433476, 27.32075602827997], [92.84404790705806, 27.320828552433237], [92.84409268448171, 27.32089745711881], [92.84414496193966, 27.32096205916332], [92.84420421840906, 27.321021715299874], [92.84426986639171, 27.32107583254307], [92.84434125371072, 27.321123874573424], [92.84441766979869, 27.32116536253515], [92.84449835557918, 27.321199883814813], [92.844582509755, 27.32122709682972], [92.8446692950963, 27.321246729431167], [92.84475784922036, 27.32125858848169], [92.84484729267656, 27.321262554267918], [92.8449367361328, 27.32125858848169], [92.84502529025687, 27.321246729431167], [92.84511207559815, 27.32122709682972], [92.84519622977395, 27.321199883814813], [92.84527691555446, 27.32116536253515], [92.84535333164244, 27.321123874573424], [92.84542471896141, 27.32107583254307], [92.84549036694406, 27.321021715299874], [92.84554962341346, 27.32096205916332], [92.84560190087142, 27.32089745711881], [92.84564667829507, 27.320828552433237], [92.84568351101835, 27.32075602827997], [92.84571203252862, 27.320680606143085], [92.84573196075492, 27.320603036240293], [92.84574309627116, 27.32052408874403], [92.84574532858466, 27.32044454819481], [92.84573863613578, 27.320365205520304], [92.84572308539988, 27.320286849256117], [92.84569882998889, 27.32021025756457], [92.84566611244794, 27.32013619264777], [92.84562525617052, 27.320065389573912], [92.84557666899174, 27.319998552286297], [92.84552083240862, 27.319936345621926], [92.84545830247832, 27.31987938732993], [92.84538969903839, 27.319828243282508], [92.84531570570674, 27.31978342268582], [92.8452370573053, 27.319745370098314], [92.84515453447004, 27.319714463834316], [92.84506895826114, 27.31969101197282], [92.84498117938315, 27.319675245972487], [92.84489207010022, 27.319667323863733], [92.84480251525291, 27.319667323863733], [92.84471340597, 27.319675245972487]], [[92.82313209093809, 27.315971612804077], [92.82317686836174, 27.316040520506867], [92.8232291458197, 27.316105125380197], [92.82328840228911, 27.316164784129004], [92.82335405027176, 27.316218903741916], [92.82342543759077, 27.316266947875977], [92.82350185367872, 27.316308437654413], [92.82358253945921, 27.31634296044573], [92.82366669363503, 27.31637017465225], [92.82375347897633, 27.31638980811339], [92.8238420331004, 27.316401667683195], [92.8239314765566, 27.316405633643093], [92.8240209200128, 27.316401667683195], [92.8241094741369, 27.31638980811339], [92.82419625947816, 27.31637017465225], [92.824280413654, 27.31634296044573], [92.82436109943451, 27.316308437654413], [92.82443751552248, 27.316266947875977], [92.82450890284146, 27.316218903741916], [92.82457455082411, 27.316164784129004], [92.82463380729351, 27.316105125380197], [92.82468608475146, 27.316040520506867], [92.8247308621751, 27.315971612804077], [92.8247676948984, 27.315899085475102], [92.82479621640867, 27.31582366003563], [92.82481614463492, 27.315746086736198], [92.8248272801512, 27.315667135783002], [92.82482951246466, 27.315587591750873], [92.82482282001583, 27.315508245602132], [92.82480726927993, 27.315429885906916], [92.82478301386892, 27.315353290861612], [92.82475029632798, 27.315279222701715], [92.82470944005053, 27.315208416527593], [92.82466085287179, 27.315141576313355], [92.82460501628866, 27.315079366925136], [92.82454248635837, 27.315022406139114], [92.82447388291844, 27.31497125985225], [92.82439988958679, 27.314926437293032], [92.82432124118533, 27.31488838303932], [92.82423871835007, 27.314857475422038], [92.82415314214117, 27.314834022533656], [92.82406536326316, 27.31481825584299], [92.82397625398025, 27.31481033338735], [92.82388669913296, 27.31481033338735], [92.82379758985003, 27.31481825584299], [92.82370981097205, 27.314834022533656], [92.82362423476313, 27.314857475422038], [92.82354171192787, 27.31488838303932], [92.82346306352642, 27.314926437293032], [92.8233890701948, 27.31497125985225], [92.82332046675486, 27.315022406139114], [92.82325793682458, 27.315079366925136], [92.82320210024146, 27.315141576313355], [92.82315351306268, 27.315208416527593], [92.82311265678521, 27.315279222701715], [92.82307993924427, 27.315353290861612], [92.82305568383327, 27.315429885906916], [92.82304013309742, 27.315508245602132], [92.82303344064854, 27.315587591750873], [92.82303567296204, 27.315667135783002], [92.82304680847828, 27.315746086736198], [92.82306673670453, 27.31582366003563], [92.8230952582148, 27.315899085475102], [92.82313209093809, 27.315971612804077]], [[92.89450601785225, 27.3148248094677], [92.89445743067347, 27.314891649872784], [92.89441657439605, 27.31496245624905], [92.89438385685507, 27.315036524620453], [92.89435960144411, 27.315113119884465], [92.89434405070821, 27.31519147980344], [92.89433735825934, 27.31527082617874], [92.89433959057283, 27.315350370437997], [92.89435072608907, 27.315429321616655], [92.89437065431537, 27.31550689513758], [92.8943991758256, 27.31558232079244], [92.8944360085489, 27.31565484832848], [92.89448078597255, 27.31572375622807], [92.8945330634305, 27.31578836128589], [92.8945923198999, 27.31584802020503], [92.89465796788255, 27.315902139972454], [92.89472935520155, 27.31595018424373], [92.89480577128953, 27.315991674140605], [92.89488645707002, 27.31602619703053], [92.89497061124584, 27.316053411314748], [92.89505739658712, 27.316073044831953], [92.8951459507112, 27.316084904435613], [92.8952353941674, 27.316088870406873], [92.89532483762363, 27.316084904435613], [92.8954133917477, 27.316073044831953], [92.89550017708899, 27.316053411314748], [92.89558433126479, 27.31602619703053], [92.8956650170453, 27.315991674140605], [92.89574143313327, 27.31595018424373], [92.89581282045224, 27.315902139972454], [92.89587846843489, 27.31584802020503], [92.8959377249043, 27.31578836128589], [92.89599000236228, 27.31572375622807], [92.89603477978594, 27.31565484832848], [92.89607161250919, 27.31558232079244], [92.89610013401948, 27.31550689513758], [92.89612006224574, 27.315429321616655], [92.89613119776199, 27.315350370437997], [92.8961334300755, 27.31527082617874], [92.8961267376266, 27.31519147980344], [92.89611118689074, 27.315113119884465], [92.89608693147973, 27.315036524620453], [92.89605421393878, 27.31496245624905], [92.89601335766136, 27.314891649872784], [92.89596477048258, 27.3148248094677], [92.89590893389945, 27.314762599901854], [92.89584640396916, 27.314705638953154], [92.89577780052923, 27.314654492520276], [92.89570380719758, 27.314609669833033], [92.89562515879612, 27.3145716154707], [92.89554263596087, 27.314540707765136], [92.89545705975198, 27.3145172548098], [92.895369280874, 27.31450148807411], [92.89528017159105, 27.314493565595875], [92.89519061674375, 27.314493565595875], [92.89510150746084, 27.31450148807411], [92.89501372858285, 27.3145172548098], [92.89492815237392, 27.314540707765136], [92.89484562953866, 27.3145716154707], [92.89476698113721, 27.314609669833033], [92.8946929878056, 27.314654492520276], [92.89462438436567, 27.314705638953154], [92.89456185443537, 27.314762599901854], [92.89450601785225, 27.3148248094677]], [[92.87172187482457, 27.311361762279855], [92.87179326214358, 27.31140980851736], [92.87186967823153, 27.31145130011227], [92.87195036401204, 27.311485824415065], [92.87203451818786, 27.31151303981307], [92.87212130352916, 27.311532674133787], [92.87220985765323, 27.311544534222836], [92.87229930110945, 27.31154850035637], [92.87238874456565, 27.311544534222836], [92.87247729868973, 27.311532674133787], [92.87256408403101, 27.31151303981307], [92.87264823820684, 27.311485824415065], [92.87272892398734, 27.31145130011227], [92.87280534007529, 27.31140980851736], [92.8728767273943, 27.311361762279855], [92.87294237537695, 27.31130764029751], [92.87300163184635, 27.311247978936766], [92.8730539093043, 27.311183371234954], [92.87309868672796, 27.311114460515295], [92.87313551945122, 27.311041930011008], [92.8731640409615, 27.31096650126932], [92.87318396918776, 27.31088892457368], [92.87319510470402, 27.310809970163945], [92.8731973370175, 27.310730422649335], [92.87319064456864, 27.310651073026794], [92.87317509383274, 27.310572709900953], [92.8731508384218, 27.310496111502303], [92.87311812088079, 27.31042204009969], [92.87307726460337, 27.31035123082567], [92.8730286774246, 27.310284387685172], [92.87297284084148, 27.310222175573443], [92.8729103109112, 27.3101652122937], [92.87284170747125, 27.310114063767664], [92.8727677141396, 27.310069239246094], [92.87268906573819, 27.310031183326423], [92.87260654290293, 27.310000274356014], [92.872520966694, 27.309976820440887], [92.87243318781603, 27.30996105305995], [92.87234407853312, 27.309953130257476], [92.8722545236858, 27.309953130257476], [92.87216541440286, 27.30996105305995], [92.87207763552487, 27.309976820440887], [92.87199205931596, 27.310000274356014], [92.8719095364807, 27.310031183326423], [92.87183088807929, 27.310069239246094], [92.87175689474763, 27.310114063767664], [92.87168829130769, 27.3101652122937], [92.8716257613774, 27.310222175573443], [92.87156992479429, 27.310284387685172], [92.8715213376155, 27.31035123082567], [92.87148048133808, 27.31042204009969], [92.87144776379712, 27.310496111502303], [92.87142350838613, 27.310572709900953], [92.87140795765025, 27.310651073026794], [92.87140126520137, 27.310730422649335], [92.87140349751485, 27.310809970163945], [92.87141463303111, 27.31088892457368], [92.87143456125739, 27.31096650126932], [92.87146308276766, 27.311041930011008], [92.87149991549092, 27.311114460515295], [92.87154469291457, 27.311183371234954], [92.87159697037256, 27.311247978936766], [92.87165622684196, 27.31130764029751], [92.87172187482457, 27.311361762279855]], [[92.94144444312501, 27.30996814415127], [92.941420187714, 27.310044742914382], [92.94140463697812, 27.310123106413087], [92.94139794452924, 27.3102024564132], [92.94140017684273, 27.310282004306305], [92.941411312359, 27.310360959091753], [92.94143124058526, 27.31043853615653], [92.94145976209555, 27.310513965257087], [92.9414965948188, 27.310586496106502], [92.94154137224245, 27.31065540715409], [92.94159364970044, 27.310720015163334], [92.94165290616984, 27.31077967680796], [92.94171855415249, 27.310833799047806], [92.94178994147147, 27.310881845513915], [92.94186635755942, 27.310923337306274], [92.94194704333992, 27.310957861773364], [92.94203119751575, 27.310985077300845], [92.94211798285704, 27.311004711715004], [92.9422065369811, 27.311016571860478], [92.94229598043734, 27.311020538012876], [92.94238542389354, 27.311016571860478], [92.94247397801762, 27.311004711715004], [92.9425607633589, 27.310985077300845], [92.94264491753472, 27.310957861773364], [92.94272560331521, 27.310923337306274], [92.94280201940317, 27.310881845513915], [92.94287340672219, 27.310833799047806], [92.94293905470482, 27.31077967680796], [92.94299831117424, 27.310720015163334], [92.94305058863219, 27.31065540715409], [92.94309536605584, 27.310586496106502], [92.9431321987791, 27.310513965257087], [92.94316072028937, 27.31043853615653], [92.94318064851565, 27.310360959091753], [92.94319178403191, 27.310282004306305], [92.94319401634539, 27.3102024564132], [92.94318732389652, 27.310123106413087], [92.94317177316063, 27.310044742914382], [92.94314751774967, 27.30996814415127], [92.94311480020868, 27.309894072396197], [92.94307394393125, 27.309823262785258], [92.94302535675249, 27.309756419326742], [92.94296952016937, 27.30969420691899], [92.94290699023907, 27.309637243368176], [92.94283838679912, 27.309586094598803], [92.94276439346751, 27.309541269863956], [92.94268574506607, 27.309503213763197], [92.9426032222308, 27.309472304645706], [92.94251764602188, 27.30944885061898], [92.9424298671439, 27.309433083163036], [92.94234075786099, 27.309425160322878], [92.94225120301368, 27.309425160322878], [92.94216209373073, 27.309433083163036], [92.94207431485276, 27.30944885061898], [92.94198873864387, 27.309472304645706], [92.94190621580861, 27.309503213763197], [92.94182756740716, 27.309541269863956], [92.9417535740755, 27.309586094598803], [92.94168497063556, 27.309637243368176], [92.94162244070529, 27.30969420691899], [92.94156660412216, 27.309756419326742], [92.94151801694338, 27.309823262785258], [92.94147716066595, 27.309894072396197], [92.94144444312501, 27.30996814415127]], [[92.84102937007405, 27.30594842123573], [92.84094159119607, 27.30596418918681], [92.84085601498714, 27.30598764395004], [92.84077349215188, 27.306018554038108], [92.84069484375044, 27.306056611333915], [92.84062085041882, 27.306101437476322], [92.84055224697889, 27.3061525878519], [92.8404897170486, 27.306209553191447], [92.84043388046548, 27.306271767552797], [92.8403852932867, 27.306338613110366], [92.84034443700928, 27.306409424944896], [92.84031171946829, 27.30648349902597], [92.84028746405733, 27.306560100194485], [92.84027191332144, 27.306638466153995], [92.84026522087257, 27.306717818645897], [92.84026745318606, 27.306797369037024], [92.8402785887023, 27.306876326301825], [92.84029851692857, 27.306953905802743], [92.84032703843886, 27.307029337272024], [92.84036387116211, 27.307101870399123], [92.84040864858576, 27.307170783610697], [92.84046092604372, 27.30723539364883], [92.84052018251312, 27.307295057167018], [92.84058583049577, 27.307349181106503], [92.84065721781478, 27.30739722908144], [92.84073363390274, 27.307438722176773], [92.84081431968323, 27.307473247728012], [92.84089847385906, 27.307500464110195], [92.84098525920035, 27.307520099140927], [92.84107381332441, 27.307531959658853], [92.84116325678062, 27.307535925935806], [92.84125270023685, 27.307531959658853], [92.84134125436093, 27.307520099140927], [92.84142803970221, 27.307500464110195], [92.84151219387803, 27.307473247728012], [92.84159287965853, 27.307438722176773], [92.8416692957465, 27.30739722908144], [92.8417406830655, 27.307349181106503], [92.84180633104812, 27.307295057167018], [92.84186558751752, 27.30723539364883], [92.8419178649755, 27.307170783610697], [92.84196264239915, 27.307101870399123], [92.84199947512242, 27.307029337272024], [92.84202799663268, 27.306953905802743], [92.84204792485897, 27.306876326301825], [92.84205906037522, 27.306797369037024], [92.84206129268871, 27.306717818645897], [92.84205460023983, 27.306638466153995], [92.84203904950394, 27.306560100194485], [92.84201479409295, 27.30648349902597], [92.841982076552, 27.306409424944896], [92.84194122027458, 27.306338613110366], [92.8418926330958, 27.306271767552797], [92.84183679651268, 27.306209553191447], [92.84177426658238, 27.3061525878519], [92.84170566314245, 27.306101437476322], [92.8416316698108, 27.306056611333915], [92.84155302140938, 27.306018554038108], [92.84147049857413, 27.30598764395004], [92.8413849223652, 27.30596418918681], [92.84129714348721, 27.30594842123573], [92.84120803420427, 27.305940498146764], [92.84111847935696, 27.305940498146764], [92.84102937007405, 27.30594842123573]], [[92.93779312477001, 27.305987035709908], [92.93776040722906, 27.306061110072907], [92.93773615181806, 27.30613771153298], [92.93772060108219, 27.306216077790737], [92.9377139086333, 27.306295430584676], [92.9377161409468, 27.30637498127858], [92.93772727646308, 27.306453938843905], [92.93774720468932, 27.306531518640078], [92.9377757261996, 27.306606950396464], [92.93781255892289, 27.306679483799634], [92.93785733634654, 27.306748397273488], [92.93790961380449, 27.30681300755753], [92.9379688702739, 27.30687267130281], [92.93803451825656, 27.306926795448316], [92.93810590557553, 27.306974843606124], [92.93818232166348, 27.30701633685939], [92.93826300744401, 27.30705086254205], [92.9383471616198, 27.307078079027807], [92.9384339469611, 27.307097714133278], [92.93852250108516, 27.307109574696344], [92.93861194454139, 27.307113540988396], [92.9387013879976, 27.307109574696344], [92.93878994212167, 27.307097714133278], [92.93887672746295, 27.307078079027807], [92.93896088163878, 27.30705086254205], [92.93904156741927, 27.30701633685939], [92.93911798350724, 27.306974843606124], [92.93918937082624, 27.306926795448316], [92.9392550188089, 27.30687267130281], [92.93931427527829, 27.30681300755753], [92.93936655273625, 27.306748397273488], [92.9394113301599, 27.306679483799634], [92.9394481628832, 27.306606950396464], [92.93947668439343, 27.306531518640078], [92.93949661261972, 27.306453938843905], [92.93950774813597, 27.30637498127858], [92.93950998044944, 27.306295430584676], [92.93950328800058, 27.306216077790737], [92.93948773726468, 27.30613771153298], [92.93946348185372, 27.306061110072907], [92.93943076431273, 27.305987035709908], [92.93938990803531, 27.30591622360587], [92.93934132085654, 27.305849377793884], [92.93928548427343, 27.30578716319575], [92.93922295434312, 27.30573019763938], [92.9391543509032, 27.305679047069123], [92.93908035757158, 27.305634220756087], [92.93900170917013, 27.30559616331545], [92.93891918633486, 27.305565253109737], [92.93883361012594, 27.30554179825725], [92.93874583124796, 27.30552603024616], [92.93865672196505, 27.305518107127043], [92.93856716711774, 27.305518107127043], [92.93847805783479, 27.30552603024616], [92.93839027895682, 27.30554179825725], [92.93830470274793, 27.305565253109737], [92.93822217991267, 27.30559616331545], [92.93814353151122, 27.305634220756087], [92.93806953817956, 27.305679047069123], [92.93800093473962, 27.30573019763938], [92.93793840480934, 27.30578716319575], [92.93788256822621, 27.305849377793884], [92.93783398104748, 27.30591622360587], [92.93779312477001, 27.305987035709908]], [[92.93192751583356, 27.30552561756709], [92.93201606995763, 27.305513756834742], [92.93210285529892, 27.305494121448998], [92.93218700947473, 27.305466904574804], [92.93226769525523, 27.305432378399367], [92.9323441113432, 27.305390884553894], [92.9324154986622, 27.305342835710267], [92.93248114664485, 27.30528871079232], [92.93254040311426, 27.30522904619548], [92.9325926805722, 27.305164434989265], [92.93263745799587, 27.305095520531843], [92.93267429071912, 27.305022986093427], [92.9327028122294, 27.304947553260465], [92.93272274045567, 27.30486997235701], [92.93273387597193, 27.304791013664776], [92.93273610828541, 27.304711461835467], [92.93272941583655, 27.304632107909022], [92.93271386510065, 27.30455374053275], [92.93268960968969, 27.30447713797942], [92.9326568921487, 27.30440306255923], [92.93261603587128, 27.304332249444553], [92.93256744869251, 27.304265402678528], [92.9325116121094, 27.30420318719247], [92.93244908217909, 27.30414622082309], [92.93238047873915, 27.30409506952279], [92.93230648540754, 27.304050242569993], [92.93222783700608, 27.304012184586206], [92.93214531417082, 27.303981273939314], [92.9320597379619, 27.303957818752078], [92.93197195908392, 27.30394205051597], [92.93188284980101, 27.303934127283778], [92.9317932949537, 27.303934127283778], [92.93170418567075, 27.30394205051597], [92.93161640679278, 27.303957818752078], [92.93153083058385, 27.303981273939314], [92.9314483077486, 27.304012184586206], [92.93136965934718, 27.304050242569993], [92.93129566601553, 27.30409506952279], [92.93122706257559, 27.30414622082309], [92.9311645326453, 27.30420318719247], [92.93110869606218, 27.304265402678528], [92.9310601088834, 27.304332249444553], [92.93101925260598, 27.30440306255923], [92.93098653506503, 27.30447713797942], [92.93096227965403, 27.30455374053275], [92.93094672891814, 27.304632107909022], [92.93094003646927, 27.304711461835467], [92.93094226878276, 27.304791013664776], [92.930953404299, 27.30486997235701], [92.93097333252528, 27.304947553260465], [92.93100185403557, 27.305022986093427], [92.93103868675881, 27.305095520531843], [92.93108346418246, 27.305164434989265], [92.93113574164046, 27.30522904619548], [92.93119499810986, 27.30528871079232], [92.93126064609248, 27.305342835710267], [92.9313320334115, 27.305390884553894], [92.93140844949944, 27.305432378399367], [92.93148913527995, 27.305466904574804], [92.93157328945576, 27.305494121448998], [92.93166007479705, 27.305513756834742], [92.93174862892113, 27.30552561756709], [92.93183807237736, 27.305529583915757], [92.93192751583356, 27.30552561756709]], [[92.87549293052211, 27.301724440596608], [92.87540515164412, 27.301740209147795], [92.87531957543521, 27.301763664803666], [92.87523705259996, 27.301794576068133], [92.87515840419852, 27.3018326348123], [92.87508441086685, 27.301877462660734], [92.87501580742692, 27.301928614982977], [92.87495327749663, 27.301985582490556], [92.87489744091354, 27.302047799219675], [92.87484885373476, 27.30211464732128], [92.8748079974573, 27.30218546185077], [92.87477527991635, 27.30225953875101], [92.87475102450536, 27.30233614283485], [92.87473547376948, 27.302414511776867], [92.87472878132063, 27.302493867288845], [92.87473101363409, 27.30257342070758], [92.87474214915036, 27.30265238097746], [92.8747620773766, 27.302729963430973], [92.87479059888689, 27.302805397771113], [92.87482743161017, 27.302877933658756], [92.87487220903382, 27.302946849493154], [92.87492448649178, 27.303011461990316], [92.87498374296119, 27.30307112777928], [92.87504939094384, 27.30312525377868], [92.87512077826281, 27.303173303582323], [92.8751971943508, 27.303214798256864], [92.87527788013129, 27.303249325122167], [92.87536203430712, 27.30327654254017], [92.87544881964838, 27.303296178318217], [92.87553737377249, 27.303308039287543], [92.87562681722868, 27.303312005715494], [92.87571626068488, 27.303308039287543], [92.87580481480896, 27.303296178318217], [92.87589160015024, 27.30327654254017], [92.87597575432606, 27.303249325122167], [92.87605644010655, 27.303214798256864], [92.87613285619453, 27.303173303582323], [92.87620424351353, 27.30312525377868], [92.87626989149618, 27.30307112777928], [92.87632914796558, 27.303011461990316], [92.87638142542355, 27.302946849493154], [92.87642620284718, 27.302877933658756], [92.87646303557048, 27.302805397771113], [92.87649155708075, 27.302729963430973], [92.876511485307, 27.30265238097746], [92.87652262082325, 27.30257342070758], [92.87652485313674, 27.302493867288845], [92.87651816068787, 27.302414511776867], [92.87650260995201, 27.30233614283485], [92.876478354541, 27.30225953875101], [92.87644563700006, 27.30218546185077], [92.87640478072261, 27.30211464732128], [92.87635619354383, 27.302047799219675], [92.87630035696071, 27.301985582490556], [92.87623782703041, 27.301928614982977], [92.87616922359048, 27.301877462660734], [92.87609523025887, 27.3018326348123], [92.87601658185741, 27.301794576068133], [92.87593405902216, 27.301763664803666], [92.87584848281325, 27.301740209147795], [92.87576070393524, 27.301724440596608], [92.87567159465233, 27.301716517206152], [92.87558203980504, 27.301716517206152], [92.87549293052211, 27.301724440596608]], [[92.84602064425292, 27.293698436301504], [92.84593286537493, 27.293714205992693], [92.845847289166, 27.29373766334431], [92.84576476633075, 27.293768576843558], [92.84568611792929, 27.29380663833925], [92.84561212459768, 27.293851469428592], [92.84554352115775, 27.293902625449007], [92.84548099122745, 27.293959597075123], [92.84542515464433, 27.294021818302337], [92.84537656746555, 27.294088671236857], [92.84533571118813, 27.29415949088605], [92.84530299364715, 27.29423357314187], [92.84527873823619, 27.29431018276401], [92.8452631875003, 27.29438855737197], [92.84525649505142, 27.294467918621173], [92.84525872736491, 27.29454747779147], [92.84526986288115, 27.294626443770063], [92.84528979110745, 27.29470403183269], [92.8453183126177, 27.29477947162664], [92.84535514534097, 27.29485201275856], [92.84539992276463, 27.294920933575526], [92.84545220022258, 27.294985550744123], [92.84551145669198, 27.295045220846898], [92.84557710467463, 27.29509935075959], [92.84564849199363, 27.295147404037223], [92.84572490808159, 27.295188901711857], [92.8458055938621, 27.295223431073424], [92.84588974803792, 27.29525065045925], [92.8459765333792, 27.29527028765699], [92.84606508750328, 27.29528214948387], [92.84615453095948, 27.295286116198568], [92.8462439744157, 27.29528214948387], [92.84633252853978, 27.29527028765699], [92.84641931388107, 27.29525065045925], [92.8465034680569, 27.295223431073424], [92.84658415383738, 27.295188901711857], [92.84666056992535, 27.295147404037223], [92.84673195724436, 27.29509935075959], [92.84679760522697, 27.295045220846898], [92.84685686169638, 27.294985550744123], [92.84690913915436, 27.294920933575526], [92.84695391657802, 27.29485201275856], [92.84699074930127, 27.29477947162664], [92.84701927081156, 27.29470403183269], [92.84703919903782, 27.294626443770063], [92.84705033455407, 27.29454747779147], [92.84705256686756, 27.294467918621173], [92.84704587441868, 27.29438855737197], [92.8470303236828, 27.29431018276401], [92.84700606827181, 27.29423357314187], [92.84697335073085, 27.29415949088605], [92.84693249445343, 27.294088671236857], [92.84688390727464, 27.294021818302337], [92.84682807069153, 27.293959597075123], [92.84676554076124, 27.293902625449007], [92.84669693732131, 27.293851469428592], [92.84662294398964, 27.29380663833925], [92.84654429558825, 27.293768576843558], [92.84646177275299, 27.29373766334431], [92.84637619654406, 27.293714205992693], [92.84628841766607, 27.293698436301504], [92.84619930838313, 27.293690512338205], [92.84610975353583, 27.293690512338205], [92.84602064425292, 27.293698436301504]], [[92.88699387515341, 27.292703143445785], [92.88704615261139, 27.292767761905022], [92.88710540908079, 27.29282743319963], [92.88717105706341, 27.29288156419348], [92.88724244438242, 27.292929618430893], [92.88731886047039, 27.29297111693438], [92.88739954625088, 27.29300564698565], [92.88748370042671, 27.293032866915148], [92.887570485768, 27.293052504505095], [92.88765903989206, 27.293064366568885], [92.88774848334829, 27.293068333362804], [92.8878379268045, 27.293064366568885], [92.88792648092857, 27.293052504505095], [92.88801326626985, 27.293032866915148], [92.88809742044567, 27.29300564698565], [92.88817810622616, 27.29297111693438], [92.88825452231413, 27.292929618430893], [92.88832590963314, 27.29288156419348], [92.88839155761579, 27.29282743319963], [92.88845081408519, 27.292767761905022], [92.88850309154316, 27.292703143445785], [92.8885478689668, 27.292634221252236], [92.88858470169005, 27.29256167867142], [92.88861322320034, 27.292486237370703], [92.88863315142662, 27.292408647758368], [92.88864428694286, 27.292329680202588], [92.88864651925635, 27.29225011944322], [92.88863982680748, 27.292170756608908], [92.88862427607158, 27.292092380435594], [92.88860002066062, 27.292015769283314], [92.88856730311964, 27.291941685547872], [92.88852644684222, 27.291870864484174], [92.88847785966344, 27.29180401021443], [92.88842202308032, 27.29174178774449], [92.88835949315002, 27.291684814980446], [92.88829088971009, 27.291633657938345], [92.88821689637847, 27.291588825953614], [92.88813824797703, 27.29155076369773], [92.88805572514177, 27.29151984958106], [92.88797014893284, 27.291496391760937], [92.88788237005485, 27.291480621754772], [92.88779326077194, 27.29147269763322], [92.88770370592465, 27.29147269763322], [92.8876145966417, 27.291480621754772], [92.88752681776373, 27.291496391760937], [92.88744124155482, 27.29151984958106], [92.88735871871957, 27.29155076369773], [92.88728007031811, 27.291588825953614], [92.88720607698646, 27.291633657938345], [92.88713747354653, 27.291684814980446], [92.88707494361623, 27.29174178774449], [92.88701910703311, 27.29180401021443], [92.88697051985433, 27.291870864484174], [92.88692966357691, 27.291941685547872], [92.88689694603596, 27.292015769283314], [92.88687269062497, 27.292092380435594], [92.88685713988907, 27.292170756608908], [92.8868504474402, 27.29225011944322], [92.8868526797537, 27.292329680202588], [92.88686381526995, 27.292408647758368], [92.88688374349621, 27.292486237370703], [92.8869122650065, 27.29256167867142], [92.88694909772975, 27.292634221252236], [92.88699387515341, 27.292703143445785]], [[92.87274526344405, 27.292641926553635], [92.87283381756811, 27.29263006444469], [92.8729206029094, 27.29261042678004], [92.87300475708523, 27.292583206747], [92.87308544286572, 27.292548676564355], [92.87316185895368, 27.292507177902998], [92.87323324627269, 27.292459123482782], [92.87329889425534, 27.292404992282968], [92.87335815072474, 27.29234532076136], [92.8734104281827, 27.292280702056292], [92.87345520560635, 27.29221177960059], [92.8734920383296, 27.29213923674378], [92.87352055983989, 27.29206379515607], [92.87354048806615, 27.291986205248584], [92.8735516235824, 27.29190723739238], [92.87355385589589, 27.291827676330353], [92.87354716344701, 27.291748313194116], [92.87353161271113, 27.291669936722656], [92.87350735730017, 27.291593325278935], [92.8734746397592, 27.291519241261657], [92.87343378348177, 27.29144841992854], [92.87338519630298, 27.29138156540448], [92.87332935971986, 27.2913193426978], [92.87326682978957, 27.291262369717064], [92.87319822634964, 27.291211212480338], [92.87312423301798, 27.291166380325066], [92.87304558461658, 27.291128317924393], [92.87296306178132, 27.291097403690117], [92.87287748557239, 27.29107394578076], [92.8727897066944, 27.291058175714607], [92.8727005974115, 27.291050251562904], [92.87261104256419, 27.291050251562904], [92.87252193328125, 27.291058175714607], [92.87243415440327, 27.29107394578076], [92.87234857819433, 27.291097403690117], [92.87226605535908, 27.291128317924393], [92.87218740695766, 27.291166380325066], [92.87211341362601, 27.291211212480338], [92.87204481018608, 27.291262369717064], [92.87198228025578, 27.2913193426978], [92.87192644367266, 27.29138156540448], [92.87187785649388, 27.29144841992854], [92.87183700021646, 27.291519241261657], [92.87180428267551, 27.291593325278935], [92.87178002726452, 27.291669936722656], [92.87176447652863, 27.291748313194116], [92.87175778407975, 27.291827676330353], [92.87176001639324, 27.29190723739238], [92.87177115190948, 27.291986205248584], [92.87179108013578, 27.29206379515607], [92.87181960164605, 27.29213923674378], [92.8718564343693, 27.29221177960059], [92.87190121179296, 27.292280702056292], [92.87195348925094, 27.29234532076136], [92.87201274572034, 27.292404992282968], [92.87207839370296, 27.292459123482782], [92.87214978102196, 27.292507177902998], [92.87222619710994, 27.292548676564355], [92.87230688289043, 27.292583206747], [92.87239103706625, 27.29261042678004], [92.87247782240753, 27.29263006444469], [92.87256637653161, 27.292641926553635], [92.87265581998784, 27.292645893362643], [92.87274526344405, 27.292641926553635]], [[92.85303219626807, 27.278067182769643], [92.8529444173901, 27.278082954680183], [92.85285884118117, 27.278106415333102], [92.85277631834592, 27.278137333182993], [92.85269766994449, 27.278175400035327], [92.85262367661285, 27.278220237434034], [92.85255507317291, 27.278271400653992], [92.85249254324262, 27.278328380298145], [92.85243670665949, 27.278390610282187], [92.85238811948072, 27.278457472625465], [92.8523472632033, 27.2785283022417], [92.85231454566235, 27.278602394923713], [92.85229029025135, 27.278679015327807], [92.85227473951547, 27.278757400966132], [92.85226804706659, 27.27883677338463], [92.85227027938008, 27.27891634375208], [92.85228141489634, 27.278995320844334], [92.8523013431226, 27.27907291982676], [92.85232986463288, 27.27914837023819], [92.85236669735615, 27.27922092157968], [92.8524114747798, 27.27928985209665], [92.85246375223778, 27.279354478359608], [92.8525230087072, 27.279414156860483], [92.8525886566898, 27.27946829439156], [92.85266004400881, 27.279516354432364], [92.85273646009676, 27.279557857947488], [92.85281714587727, 27.279592392168826], [92.85290130005309, 27.27961961538563], [92.85298808539437, 27.27963925534716], [92.85307663951845, 27.279651118843514], [92.85316608297468, 27.279655086116488], [92.85325552643087, 27.279651118843514], [92.85334408055495, 27.27963925534716], [92.85343086589624, 27.27961961538563], [92.85351502007207, 27.279592392168826], [92.85359570585256, 27.279557857947488], [92.8536721219405, 27.279516354432364], [92.85374350925953, 27.27946829439156], [92.85380915724218, 27.279414156860483], [92.85386841371158, 27.279354478359608], [92.85392069116953, 27.27928985209665], [92.85396546859319, 27.27922092157968], [92.85400230131643, 27.27914837023819], [92.85403082282672, 27.27907291982676], [92.854050751053, 27.278995320844334], [92.85406188656926, 27.27891634375208], [92.85406411888273, 27.27883677338463], [92.85405742643385, 27.278757400966132], [92.85404187569797, 27.278679015327807], [92.85401762028701, 27.278602394923713], [92.85398490274602, 27.2785283022417], [92.8539440464686, 27.278457472625465], [92.85389545928983, 27.278390610282187], [92.8538396227067, 27.278328380298145], [92.85377709277641, 27.278271400653992], [92.85370848933647, 27.278220237434034], [92.85363449600486, 27.278175400035327], [92.8535558476034, 27.278137333182993], [92.85347332476815, 27.278106415333102], [92.85338774855923, 27.278082954680183], [92.85329996968125, 27.278067182769643], [92.85321086039833, 27.278059257691126], [92.85312130555103, 27.278059257691126], [92.85303219626807, 27.278067182769643]], [[92.88012768492426, 27.274581535621405], [92.88003990604628, 27.2745973080267], [92.87995432983736, 27.27462076941551], [92.8798718070021, 27.274651688235267], [92.87979315860065, 27.27468975628168], [92.87971916526904, 27.274734595086894], [92.8796505618291, 27.274785759911772], [92.87958803189879, 27.274842741343296], [92.87953219531568, 27.274904973279437], [92.87948360813691, 27.274971837720095], [92.87944275185949, 27.27504266955818], [92.8794100343185, 27.2751167645644], [92.87938577890753, 27.27519338737204], [92.87937022817164, 27.27527177546923], [92.87936353572277, 27.275351150377574], [92.87936576803625, 27.275430723241104], [92.87937690355251, 27.27550970281083], [92.87939683177879, 27.2755873042275], [92.87942535328904, 27.275662757005772], [92.87946218601232, 27.275735310623162], [92.87950696343597, 27.275804243302463], [92.87955924089393, 27.27586887159272], [92.87961849736334, 27.275928551965713], [92.87968414534599, 27.275982691195114], [92.87975553266499, 27.276030752743527], [92.87983194875295, 27.276072257560614], [92.87991263453344, 27.276106792865303], [92.87999678870926, 27.276134016936098], [92.88008357405054, 27.276153657513728], [92.88017212817462, 27.276165521382257], [92.88026157163083, 27.27616948877968], [92.88035101508706, 27.276165521382257], [92.88043956921112, 27.276153657513728], [92.88052635455242, 27.276134016936098], [92.88061050872821, 27.276106792865303], [92.88069119450874, 27.276072257560614], [92.88076761059669, 27.276030752743527], [92.88083899791567, 27.275982691195114], [92.88090464589833, 27.275928551965713], [92.88096390236772, 27.27586887159272], [92.8810161798257, 27.275804243302463], [92.88106095724937, 27.275735310623162], [92.88109778997261, 27.275662757005772], [92.8811263114829, 27.2755873042275], [92.88114623970917, 27.27550970281083], [92.88115737522543, 27.275430723241104], [92.88115960753892, 27.275351150377574], [92.88115291509004, 27.27527177546923], [92.88113736435416, 27.27519338737204], [92.88111310894315, 27.2751167645644], [92.88108039140221, 27.27504266955818], [92.88103953512478, 27.274971837720095], [92.880990947946, 27.274904973279437], [92.88093511136289, 27.274842741343296], [92.8808725814326, 27.274785759911772], [92.88080397799266, 27.274734595086894], [92.880729984661, 27.27468975628168], [92.88065133625955, 27.274651688235267], [92.88056881342429, 27.27462076941551], [92.8804832372154, 27.2745973080267], [92.88039545833743, 27.274581535621405], [92.88030634905448, 27.274573610294297], [92.88021679420717, 27.274573610294297], [92.88012768492426, 27.274581535621405]], [[92.90781737320826, 27.26972257249711], [92.90772959433028, 27.269738345591964], [92.90764401812137, 27.26976180800651], [92.90756149528612, 27.269792728178032], [92.90748284688468, 27.26983079788879], [92.90740885355302, 27.269875638654348], [92.9073402501131, 27.269926805716146], [92.90727772018279, 27.269983789638925], [92.90722188359968, 27.270046024295862], [92.90717329642091, 27.27011289165986], [92.90713244014349, 27.270183726594748], [92.90709972260252, 27.27025782484044], [92.90707546719153, 27.270334450998053], [92.90705991645564, 27.270412842522468], [92.90705322400677, 27.270492220901158], [92.90705545632025, 27.27057179724369], [92.90706659183651, 27.270650780266493], [92.90708652006279, 27.270728385075987], [92.90711504157305, 27.27080384115317], [92.90715187429632, 27.270876397942704], [92.90719665171997, 27.270945333635865], [92.90724892917797, 27.27100996475179], [92.90730818564737, 27.271069647734105], [92.90737383363002, 27.271123789330566], [92.90744522094899, 27.271171852980334], [92.90752163703694, 27.27121335961211], [92.90760232281748, 27.271247896426758], [92.90768647699326, 27.27127512168783], [92.90777326233454, 27.271294763124196], [92.90786181645862, 27.271306627511436], [92.90795125991485, 27.271310595082326], [92.90804070337104, 27.271306627511436], [92.90812925749512, 27.271294763124196], [92.90821604283641, 27.27127512168783], [92.90830019701224, 27.271247896426758], [92.90838088279274, 27.27121335961211], [92.90845729888069, 27.271171852980334], [92.9085286861997, 27.271123789330566], [92.90859433418235, 27.271069647734105], [92.90865359065175, 27.27100996475179], [92.9087058681097, 27.270945333635865], [92.90875064553336, 27.270876397942704], [92.90878747825664, 27.27080384115317], [92.9088159997669, 27.270728385075987], [92.90883592799317, 27.270650780266493], [92.90884706350943, 27.27057179724369], [92.9088492958229, 27.270492220901158], [92.90884260337403, 27.270412842522468], [92.90882705263815, 27.270334450998053], [92.90880279722718, 27.27025782484044], [92.90877007968619, 27.270183726594748], [92.90872922340877, 27.27011289165986], [92.90868063623, 27.270046024295862], [92.90862479964687, 27.269983789638925], [92.9085622697166, 27.269926805716146], [92.90849366627666, 27.269875638654348], [92.90841967294503, 27.26983079788879], [92.90834102454359, 27.269792728178032], [92.90825850170833, 27.26976180800651], [92.9081729254994, 27.269738345591964], [92.90808514662142, 27.26972257249711], [92.9079960373385, 27.2697146468235], [92.9079064824912, 27.2697146468235], [92.90781737320826, 27.26972257249711]], [[92.89361737293216, 27.266882423960404], [92.89369805871269, 27.26691696212077], [92.89378221288847, 27.266944188442608], [92.89386899822976, 27.26696383064428], [92.89395755235384, 27.26697569549378], [92.89404699581007, 27.26697966321927], [92.89413643926626, 27.26697569549378], [92.89422499339034, 27.26696383064428], [92.89431177873162, 27.266944188442608], [92.89439593290744, 27.26691696212077], [92.89447661868795, 27.266882423960404], [92.8945530347759, 27.26684091571139], [92.8946244220949, 27.266792850188914], [92.89469007007756, 27.266738706482947], [92.89474932654696, 27.266679021175186], [92.89480160400491, 27.26661438754101], [92.89484638142856, 27.266545449161885], [92.89488321415186, 27.26647288954532], [92.8949117356621, 27.266397430528187], [92.89493166388837, 27.266319822694978], [92.89494279940463, 27.266240836594758], [92.89494503171811, 27.26616125715172], [92.89493833926925, 27.266081875680246], [92.89492278853336, 27.266003481101546], [92.8948985331224, 27.265926851958408], [92.89486581558141, 27.265852750825648], [92.89482495930399, 27.26578191313088], [92.89477637212521, 27.265715043161627], [92.89472053554209, 27.26565280607991], [92.8946580056118, 27.265595819936916], [92.89458940217186, 27.26554465088158], [92.89451540884023, 27.26549980836896], [92.8944367604388, 27.26546173717493], [92.89435423760354, 27.265430815798716], [92.8942686613946, 27.26540735247], [92.89418088251664, 27.265391578760603], [92.89409177323373, 27.265383652778233], [92.8940022183864, 27.265383652778233], [92.89391310910347, 27.265391578760603], [92.89382533022548, 27.26540735247], [92.8937397540166, 27.265430815798716], [92.89365723118134, 27.26546173717493], [92.8935785827799, 27.26549980836896], [92.89350458944824, 27.26554465088158], [92.8934359860083, 27.265595819936916], [92.89337345607801, 27.26565280607991], [92.89331761949488, 27.265715043161627], [92.89326903231616, 27.26578191313088], [92.89322817603869, 27.265852750825648], [92.89319545849773, 27.265926851958408], [92.89317120308674, 27.266003481101546], [92.89315565235086, 27.266081875680246], [92.89314895990198, 27.26616125715172], [92.89315119221546, 27.266240836594758], [92.89316232773172, 27.266319822694978], [92.893182255958, 27.266397430528187], [92.89321077746828, 27.26647288954532], [92.89324761019157, 27.266545449161885], [92.89329238761522, 27.26661438754101], [92.89334466507317, 27.266679021175186], [92.89340392154257, 27.266738706482947], [92.89346956952522, 27.266792850188914], [92.89354095684419, 27.26684091571139], [92.89361737293216, 27.266882423960404]], [[92.87785537844677, 27.266870060839125], [92.87794393257086, 27.266858195978326], [92.87803071791214, 27.266838553758003], [92.87811487208796, 27.26681132741025], [92.87819555786847, 27.266776789217122], [92.87827197395642, 27.26673528092865], [92.87834336127543, 27.2666872153605], [92.87840900925808, 27.266633071603042], [92.87846826572748, 27.266573386238576], [92.87852054318543, 27.266508752542993], [92.87856532060908, 27.266439814098387], [92.87860215333234, 27.266367254412867], [92.87863067484261, 27.266291795323994], [92.87865060306889, 27.266214187417045], [92.87866173858515, 27.266135201241806], [92.87866397089863, 27.266055621723158], [92.87865727844975, 27.26597624017624], [92.87864172771387, 27.265897845523025], [92.8786174723029, 27.265821216307067], [92.87858475476192, 27.265747115103927], [92.8785438984845, 27.265676277341857], [92.87849531130573, 27.265609407309032], [92.8784394747226, 27.265547170168183], [92.87837694479231, 27.265490183971057], [92.87830834135238, 27.26543901486707], [92.87823434802075, 27.26539417231183], [92.87815569961931, 27.265356101081633], [92.87807317678404, 27.265325179676044], [92.87798760057512, 27.265301716325062], [92.87789982169714, 27.265285942600677], [92.87781071241423, 27.26527801661074], [92.87772115756692, 27.26527801661074], [92.87763204828399, 27.265285942600677], [92.877544269406, 27.265301716325062], [92.8774586931971, 27.265325179676044], [92.87737617036184, 27.265356101081633], [92.8772975219604, 27.26539417231183], [92.87722352862875, 27.26543901486707], [92.87715492518882, 27.265490183971057], [92.87709239525852, 27.265547170168183], [92.8770365586754, 27.265609407309032], [92.87698797149663, 27.265676277341857], [92.87694711521921, 27.265747115103927], [92.87691439767825, 27.265821216307067], [92.87689014226726, 27.265897845523025], [92.87687459153136, 27.26597624017624], [92.8768678990825, 27.266055621723158], [92.87687013139598, 27.266135201241806], [92.87688126691224, 27.266214187417045], [92.87690119513852, 27.266291795323994], [92.87692971664877, 27.266367254412867], [92.87696654937204, 27.266439814098387], [92.8770113267957, 27.266508752542993], [92.87706360425369, 27.266573386238576], [92.87712286072309, 27.266633071603042], [92.8771885087057, 27.2666872153605], [92.87725989602471, 27.26673528092865], [92.87733631211266, 27.266776789217122], [92.87741699789316, 27.26681132741025], [92.87750115206899, 27.266838553758003], [92.87758793741027, 27.266858195978326], [92.87767649153434, 27.266870060839125], [92.87776593499058, 27.26687402856838], [92.87785537844677, 27.266870060839125]], [[92.88547547887984, 27.257468592236403], [92.88538770000181, 27.25748436706981], [92.88530212379294, 27.257507832070456], [92.88521960095767, 27.257538755650042], [92.88514095255621, 27.257576829556932], [92.88506695922457, 27.257621675264943], [92.88499835578466, 27.257672847966475], [92.88493582585434, 27.257729838170185], [92.88487998927125, 27.25779207968682], [92.88483140209249, 27.257858954421142], [92.88479054581502, 27.257929797163666], [92.88475782827408, 27.258003903576757], [92.88473357286307, 27.258080538180412], [92.88471802212719, 27.25815893834544], [92.88471132967834, 27.258238325473567], [92.88471356199179, 27.25831791058738], [92.88472469750808, 27.258396902316125], [92.88474462573433, 27.258474515679644], [92.8847731472446, 27.258549980074015], [92.8848099799679, 27.258622544861183], [92.88485475739155, 27.25869148815288], [92.8849070348495, 27.258756126392854], [92.8849662913189, 27.258815815953827], [92.88503193930156, 27.258869963518126], [92.88510332662054, 27.258918032465836], [92.88517974270852, 27.258959543672734], [92.88526042848902, 27.25899408429432], [92.88534458266484, 27.259021312556346], [92.88543136800608, 27.25904095615773], [92.8855199221302, 27.25905282185276], [92.8856093655864, 27.259056789861013], [92.8856988090426, 27.25905282185276], [92.88578736316667, 27.25904095615773], [92.88587414850795, 27.259021312556346], [92.88595830268378, 27.25899408429432], [92.88603898846428, 27.258959543672734], [92.88611540455223, 27.258918032465836], [92.88618679187124, 27.258869963518126], [92.88625243985389, 27.258815815953827], [92.88631169632329, 27.258756126392854], [92.88636397378124, 27.25869148815288], [92.8864087512049, 27.258622544861183], [92.8864455839282, 27.258549980074015], [92.88647410543847, 27.258474515679644], [92.8864940336647, 27.258396902316125], [92.88650516918096, 27.25831791058738], [92.88650740149446, 27.258238325473567], [92.88650070904558, 27.25815893834544], [92.88648515830972, 27.258080538180412], [92.88646090289873, 27.258003903576757], [92.88642818535777, 27.257929797163666], [92.88638732908032, 27.257858954421142], [92.88633874190155, 27.25779207968682], [92.88628290531842, 27.257729838170185], [92.88622037538813, 27.257672847966475], [92.88615177194819, 27.257621675264943], [92.88607777861657, 27.257576829556932], [92.88599913021513, 27.257538755650042], [92.88591660737987, 27.257507832070456], [92.88583103117098, 27.25748436706981], [92.88574325229297, 27.257468592236403], [92.88565414301006, 27.257460665689244], [92.88556458816274, 27.257460665689244], [92.88547547887984, 27.257468592236403]], [[92.87596828932605, 27.245952846078303], [92.87588051044807, 27.245968622544822], [92.87579493423914, 27.245992089974763], [92.87571241140388, 27.24602301675583], [92.87563376300244, 27.24606109460446], [92.87555976967082, 27.246105944955303], [92.87549116623089, 27.246157122954727], [92.8754286363006, 27.246214119058568], [92.87537279971748, 27.246276367019018], [92.8753242125387, 27.246343248676848], [92.87528335626128, 27.246414098753757], [92.87525063872029, 27.246488212839072], [92.87522638330933, 27.246564855376732], [92.87521083257344, 27.246643263658612], [92.87520414012457, 27.246722659005737], [92.87520637243806, 27.24680225235911], [92.8752175079543, 27.24688125226598], [92.87523743618057, 27.246958873664955], [92.87526595769086, 27.24703434587232], [92.87530279041411, 27.247106918172275], [92.87534756783776, 27.247175868601833], [92.87539984529572, 27.247240513534013], [92.87545910176512, 27.24730020927482], [92.87552474974777, 27.24735436244519], [92.87559613706678, 27.24740243636965], [92.87567255315474, 27.24744395187437], [92.87575323893523, 27.24747849607204], [92.87583739311106, 27.247505727153122], [92.87592417845235, 27.247525372788317], [92.87601273257641, 27.247537239711832], [92.87610217603262, 27.247541208130897], [92.87619161948885, 27.247537239711832], [92.87628017361293, 27.247525372788317], [92.87636695895421, 27.247505727153122], [92.87645111313003, 27.24747849607204], [92.87653179891053, 27.24744395187437], [92.8766082149985, 27.24740243636965], [92.8766796023175, 27.24735436244519], [92.87674525030012, 27.24730020927482], [92.87680450676952, 27.247240513534013], [92.8768567842275, 27.247175868601833], [92.87690156165115, 27.247106918172275], [92.87693839437442, 27.24703434587232], [92.87696691588468, 27.246958873664955], [92.87698684411097, 27.24688125226598], [92.87699797962722, 27.24680225235911], [92.87700021194071, 27.246722659005737], [92.87699351949183, 27.246643263658612], [92.87697796875594, 27.246564855376732], [92.87695371334496, 27.246488212839072], [92.876920995804, 27.246414098753757], [92.87688013952658, 27.246343248676848], [92.8768315523478, 27.246276367019018], [92.87677571576468, 27.246214119058568], [92.87671318583438, 27.246157122954727], [92.87664458239445, 27.246105944955303], [92.8765705890628, 27.24606109460446], [92.87649194066138, 27.24602301675583], [92.87640941782612, 27.245992089974763], [92.8763238416172, 27.245968622544822], [92.87623606273921, 27.245952846078303], [92.87614695345627, 27.245944918710485], [92.87605739860896, 27.245944918710485], [92.87596828932605, 27.245952846078303]], [[92.87489873089426, 27.24109263191875], [92.87481095201629, 27.241108409074382], [92.87472537580736, 27.241131877529316], [92.8746428529721, 27.241162805661205], [92.87456420457066, 27.241200885172983], [92.87449021123903, 27.241245737482767], [92.87442160779909, 27.241296917717495], [92.87435907786882, 27.241353916310835], [92.8743032412857, 27.24141616699015], [92.8742546541069, 27.241483051569254], [92.87421379782948, 27.241553904740705], [92.8741810802885, 27.241628022063225], [92.87415682487755, 27.24170466794851], [92.87414127414166, 27.241783079655132], [92.87413458169279, 27.241862478470132], [92.87413681400628, 27.24194207530003], [92.87414794952252, 27.24202107865752], [92.87416787774879, 27.242098703446914], [92.87419639925903, 27.242174178950822], [92.87423323198233, 27.242246754420673], [92.87427800940598, 27.242315707861952], [92.87433028686394, 27.24238035561776], [92.87438954333334, 27.24244005396605], [92.87445519131599, 27.242494209501814], [92.874526578635, 27.242542285526103], [92.87460299472296, 27.24258380284422], [92.87468368050345, 27.24261834855077], [92.87476783467928, 27.242645580821293], [92.87485462002057, 27.2426652273146], [92.87494317414463, 27.24267709475647], [92.87503261760082, 27.242681063348865], [92.87512206105707, 27.24267709475647], [92.87521061518115, 27.2426652273146], [92.87529740052243, 27.242645580821293], [92.87538155469822, 27.24261834855077], [92.87546224047874, 27.24258380284422], [92.87553865656672, 27.242542285526103], [92.87561004388569, 27.242494209501814], [92.87567569186834, 27.24244005396605], [92.87573494833774, 27.24238035561776], [92.87578722579569, 27.242315707861952], [92.87583200321933, 27.242246754420673], [92.87586883594263, 27.242174178950822], [92.8758973574529, 27.242098703446914], [92.8759172856792, 27.24202107865752], [92.87592842119544, 27.24194207530003], [92.87593065350893, 27.241862478470132], [92.87592396106005, 27.241783079655132], [92.87590841032416, 27.24170466794851], [92.87588415491317, 27.241628022063225], [92.8758514373722, 27.241553904740705], [92.87581058109478, 27.241483051569254], [92.87576199391602, 27.24141616699015], [92.8757061573329, 27.241353916310835], [92.8756436274026, 27.241296917717495], [92.87557502396267, 27.241245737482767], [92.87550103063101, 27.241200885172983], [92.87542238222957, 27.241162805661205], [92.87533985939432, 27.241131877529316], [92.87525428318541, 27.241108409074382], [92.87516650430743, 27.24109263191875], [92.87507739502449, 27.241084704204724], [92.87498784017718, 27.241084704204724], [92.87489873089426, 27.24109263191875]], [[92.89153591713006, 27.217971195887706], [92.89144813825207, 27.21798697631988], [92.89136256204314, 27.218010449648723], [92.89128003920787, 27.21804138420373], [92.89120139080647, 27.218079471623827], [92.8911273974748, 27.21812433324853], [92.89105879403489, 27.218175524112407], [92.89099626410459, 27.218232534543183], [92.89094042752147, 27.218294798150765], [92.89089184034269, 27.218361696620523], [92.89085098406527, 27.218432564506926], [92.89081826652429, 27.21850669722226], [92.89079401111333, 27.218583359025548], [92.89077846037743, 27.21866178701698], [92.89077176792856, 27.218741202321848], [92.89077400024205, 27.21882081568278], [92.89078513575829, 27.21889983544804], [92.89080506398457, 27.218977476358965], [92.89083358549485, 27.219052967538083], [92.89087041821811, 27.21912555808091], [92.89091519564175, 27.21919452584288], [92.8909674730997, 27.219259187025223], [92.89102672956912, 27.21931889777214], [92.89109237755177, 27.219373064555402], [92.89116376487077, 27.219421150564507], [92.89124018095873, 27.219462676505312], [92.89132086673922, 27.219497229386636], [92.89140502091506, 27.219524467313047], [92.89149180625634, 27.219544117886688], [92.89158036038042, 27.219555987793296], [92.89166980383662, 27.21955995720994], [92.89175924729284, 27.219555987793296], [92.89184780141692, 27.219544117886688], [92.8919345867582, 27.219524467313047], [92.89201874093403, 27.219497229386636], [92.89209942671452, 27.219462676505312], [92.89217584280249, 27.219421150564507], [92.89224723012148, 27.219373064555402], [92.89231287810411, 27.21931889777214], [92.89237213457352, 27.219259187025223], [92.8924244120315, 27.21919452584288], [92.89246918945514, 27.21912555808091], [92.89250602217841, 27.219052967538083], [92.89253454368868, 27.218977476358965], [92.89255447191496, 27.21889983544804], [92.89256560743121, 27.21882081568278], [92.8925678397447, 27.218741202321848], [92.89256114729582, 27.21866178701698], [92.89254559655993, 27.218583359025548], [92.89252134114895, 27.21850669722226], [92.89248862360799, 27.218432564506926], [92.89244776733057, 27.218361696620523], [92.89239918015178, 27.218294798150765], [92.89234334356867, 27.218232534543183], [92.89228081363838, 27.218175524112407], [92.89221221019845, 27.21812433324853], [92.89213821686678, 27.218079471623827], [92.89205956846538, 27.21804138420373], [92.89197704563013, 27.218010449648723], [92.89189146942118, 27.21798697631988], [92.8918036905432, 27.217971195887706], [92.89171458126026, 27.217963266527235], [92.89162502641297, 27.217963266527235], [92.89153591713006, 27.217971195887706]]]}}]}