{"type": "FeatureCollection", "features": [{"type": "Feature", "properties": {"premiumdata.sde.IN_Village_PCA.area": 83.98148947, "objectid": 146669, "id": "356325921251275", "name": "Khatta Khari Efa", "subdistrict": "Rangat", "district": "North And Middle Andaman", "state": "Andaman and Nicobar Islands", "country": "India", "censusname": "Khatta Khari (EFA)", "villagename_locallang": null, "lgd_villagename": "Khatta Khari (Efa)", "lgd_villagecode": 645437, "lgd_subdistrictcode": 5921, "lgd_districtcode": 632, "lgd_statecode": 35, "censuscode2001": "00022600", "censuscode2011": "645437", "censuscode2021": null, "level": "Village", "tru": "Rural", "no_hh": 11, "tot_p": 75, "tot_m": 44, "tot_f": 31, "per_tot_m": 58.66666667000001, "per_tot_f": 41.33333333, "p_06": 12, "m_06": 10, "f_06": 2, "per_p_06": 16.0, "per_m_06": 83.33333332999999, "per_f_06": 16.66666667, "p_sc": 0, "m_sc": 0, "f_sc": 0, "per_p_sc": 0.0, "per_m_sc": 0.0, "per_f_sc": 0.0, "p_st": 0, "m_st": 0, "f_st": 0, "per_p_st": 0.0, "per_m_st": 0.0, "per_f_st": 0.0, "p_lit": 48, "m_lit": 25, "f_lit": 23, "per_p_lit": 64.0, "per_m_lit": 52.08333333, "per_f_lit": 47.91666667000001, "p_ill": 27, "m_ill": 19, "f_ill": 8, "per_p_ill": 36.0, "per_m_ill": 70.37037037, "per_f_ill": 29.62962963, "tot_work_p": 34, "tot_work_m": 20, "tot_work_f": 14, "per_tot_work_p": 45.33333333, "per_tot_work_m": 58.82352941000001, "per_tot_work_f": 41.17647059, "mainwork_p": 4, "mainwork_m": 2, "mainwork_f": 2, "per_mainwork_p": 5.33333333, "per_mainwork_m": 50.0, "per_mainwork_f": 50.0, "main_cl_p": 2, "main_cl_m": 2, "main_cl_f": 0, "per_main_cl_p": 50.0, "per_main_cl_m": 100.0, "per_main_cl_f": 0.0, "main_al_p": 0, "main_al_m": 0, "main_al_f": 0, "per_main_al_p": 0.0, "per_main_al_m": 0.0, "per_main_al_f": 0.0, "main_hh_p": 1, "main_hh_m": 0, "main_hh_f": 1, "per_main_hh_p": 25.0, "per_main_hh_m": 0.0, "per_main_hh_f": 100.0, "main_ot_p": 1, "main_ot_m": 0, "main_ot_f": 1, "per_main_ot_p": 25.0, "per_main_ot_m": 0.0, "per_main_ot_f": 100.0, "margwork_p": 30, "margwork_m": 18, "margwork_f": 12, "per_margwork_p": 40.0, "per_margwork_m": 60.0, "per_margwork_f": 40.0, "marg_cl_p": 28, "marg_cl_m": 16, "marg_cl_f": 12, "per_marg_cl_p": 93.33333332999999, "per_marg_cl_m": 57.14285714, "per_marg_cl_f": 42.85714286, "marg_al_p": 0, "marg_al_m": 0, "marg_al_f": 0, "per_marg_al_p": 0.0, "per_marg_al_m": 0.0, "per_marg_al_f": 0.0, "marg_hh_p": 0, "marg_hh_m": 0, "marg_hh_f": 0, "per_marg_hh_p": 0.0, "per_marg_hh_m": 0.0, "per_marg_hh_f": 0.0, "marg_ot_p": 2, "marg_ot_m": 2, "marg_ot_f": 0, "per_marg_ot_p": 6.66666667, "per_marg_ot_m": 100.0, "per_marg_ot_f": 0.0, "margwork_3_6_p": 29, "margwork_3_6_m": 17, "margwork_3_6_f": 12, "per_margwork_3_6_p": 96.66666667, "per_margwork_3_6_m": 58.62068966, "per_margwork_3_6_f": 41.37931034, "marg_cl_3_6_p": 28, "marg_cl_3_6_m": 16, "marg_cl_3_6_f": 12, "per_marg_cl_3_6_p": 93.33333332999999, "per_marg_cl_3_6_m": 57.14285714, "per_marg_cl_3_6_f": 42.85714286, "marg_al_3_6_p": 0, "marg_al_3_6_m": 0, "marg_al_3_6_f": 0, "per_marg_al_3_6_p": 0.0, "per_marg_al_3_6_m": 0.0, "per_marg_al_3_6_f": 0.0, "marg_hh_3_6_p": 0, "marg_hh_3_6_m": 0, "marg_hh_3_6_f": 0, "per_marg_hh_3_6_p": 0.0, "per_marg_hh_3_6_m": 0.0, "per_marg_hh_3_6_f": 0.0, "marg_ot_3_6_p": 1, "marg_ot_3_6_m": 1, "marg_ot_3_6_f": 0, "per_marg_ot_3_6_p": 3.33333333, "per_marg_ot_3_6_m": 100.0, "per_marg_ot_3_6_f": 0.0, "margwork_0_3_p": 1, "margwork_0_3_m": 1, "margwork_0_3_f": 0, "per_margwork_0_3_p": 3.33333333, "per_margwork_0_3_m": 100.0, "per_margwork_0_3_f": 0.0, "marg_cl_0_3_p": 0, "marg_cl_0_3_m": 0, "marg_cl_0_3_f": 0, "per_marg_cl_0_3_p": 0.0, "per_marg_cl_0_3_m": 0.0, "per_marg_cl_0_3_f": 0.0, "marg_al_0_3_p": 0, "marg_al_0_3_m": 0, "marg_al_0_3_f": 0, "per_marg_al_0_3_p": 0.0, "per_marg_al_0_3_m": 0.0, "per_marg_al_0_3_f": 0.0, "marg_hh_0_3_p": 0, "marg_hh_0_3_m": 0, "marg_hh_0_3_f": 0, "per_marg_hh_0_3_p": 0.0, "per_marg_hh_0_3_m": 0.0, "per_marg_hh_0_3_f": 0.0, "marg_ot_0_3_p": 1, "marg_ot_0_3_m": 1, "marg_ot_0_3_f": 0, "per_marg_ot_0_3_p": 3.33333333, "per_marg_ot_0_3_m": 100.0, "per_marg_ot_0_3_f": 0.0, "non_work_p": 41, "non_work_m": 24, "non_work_f": 17, "per_non_work_p": 54.66666667000001, "per_non_work_m": 58.53658537, "per_non_work_f": 41.46341463, "per_hc_tot_tot": 100, "per_hc_tot_god": 0.0, "per_hc_tot_liv": 100.0, "per_hc_tot_dil": 0.0, "per_hc_res_tot": 100.0, "per_hc_res_god": 0.0, "per_hc_res_liv": 100.0, "per_hc_res_dil": 0.0, "per_hc_oth_tot": 0.0, "per_hc_oth_god": 0.0, "per_hc_oth_liv": 0.0, "per_hc_oth_dil": 0.0, "per_mt_grsbam": 90.9, "per_mt_plastic": 0.0, "per_mt_h_tiles": 0.0, "per_mt_m_tiles": 0.0, "per_mt_b_brick": 0.0, "per_mt_stone": 0.0, "per_mt_asbstos": 9.1, "per_mt_concrte": 0.0, "per_mt_oth": 0.0, "per_mw_grsbam": 100.0, "per_mw_plastic": 0.0, "per_mw_mud": 0.0, "per_mw_wood": 0.0, "per_mw_no_mrtr": 0.0, "per_mw_st_mrtr": 0.0, "per_mw_asbstos": 0.0, "per_mw_b_brick": 0.0, "per_mw_concrte": 0.0, "per_mw_oth": 0.0, "per_mf_mud": 100.0, "per_mf_wood": 0.0, "per_mf_b_brick": 0.0, "per_mf_stone": 0.0, "per_mf_cement": 0.0, "per_mf_fl_tile": 0.0, "per_mf_oth": 0.0, "per_dw_n_exrm": 0.0, "per_dw_1_room": 0.0, "per_dw_2_room": 9.1, "per_dw_3_room": 81.8, "per_dw_4_room": 9.1, "per_dw_5_room": 0.0, "per_dw_6_room": 0.0, "per_hhsize_1": 0.0, "per_hhsize_2": 0.0, "per_hhsize_3": 0.0, "per_hhsize_4": 9.1, "per_hhsize_5": 0.0, "per_hhsize_6_8": 72.7, "per_hhsize_9p": 18.2, "per_ow_owned": 100.0, "per_ow_rented": 0.0, "per_ow_oth": 0.0, "per_mc_none": 0.0, "per_mcouple_1": 45.5, "per_mcouple_2": 54.5, "per_mcouple_3": 0.0, "per_mcouple_4": 0.0, "per_mcouple_5p": 0.0, "per_dw_t_ts": 0.0, "per_dw_t_unts": 0.0, "per_dw_c_well": 0.0, "per_dw_unc_wel": 63.6, "per_dw_hpump": 0.0, "per_dw_tw_bore": 0.0, "per_dw_spring": 0.0, "per_dw_rivcan": 0.0, "per_dw_tank": 0.0, "per_dw_oth": 36.4, "per_loc_dw_wp": 0.0, "per_loc_dw_np": 0.0, "per_loc_dw_aw": 100.0, "per_light_elec": 63.6, "per_light_kero": 36.4, "per_light_solr": 0.0, "per_light_oil": 0.0, "per_light_oth": 0.0, "per_light_no": 0.0, "per_hh_latrine": 0.0, "per_fl_sewer": 0.0, "per_fl_septict": 0.0, "per_fl_othsys": 0.0, "per_pl_wslab": 0.0, "per_pl_without": 0.0, "per_ns_open": 0.0, "per_sl_ns_hum": 0.0, "per_sl_ns_anml": 0.0, "per_hh_no_lat": 100.0, "per_as_pub": 0.0, "per_as_open": 100.0, "per_hh_bathrm": 0.0, "per_hh_en_wrf": 0.0, "per_hh_no_btrm": 100.0, "per_wwoc_drain": 0.0, "per_wwoc_open": 0.0, "per_wwoc_nodrn": 100.0, "per_cook_fire": 100.0, "per_cook_resdu": 0.0, "per_cook_cwdng": 0.0, "per_cook_coal": 0.0, "per_cook_kero": 0.0, "per_cook_lpng": 0.0, "per_cook_elec": 0.0, "per_cook_biogs": 0.0, "per_cook_oth": 0.0, "per_cook_no": 0.0, "per_kf_inside": 81.8, "per_kf_in_has": 81.8, "per_kf_in_does": 0.0, "per_kf_outside": 18.2, "per_kf_out_has": 18.2, "per_kf_out_dos": 0.0, "per_kf_no_cook": 0.0, "per_hh_banking": 100.0, "per_hh_radio": 81.8, "per_hh_tv": 36.4, "per_hh_cmp_int": 0.0, "per_hh_cmp_wnt": 27.3, "per_hh_ph_ll": 0.0, "per_hh_ph_mob": 27.3, "per_hh_ph_bth": 36.4, "per_hh_bcycl": 0.0, "per_hh_2wheel": 0.0, "per_hh_4wheel": 0.0, "per_hh_tvcomp": 0.0, "per_hh_no_ast": 9.1, "per_hs_perma": 0.0, "per_hs_sperma": 9.1, "per_hs_temp": 90.9, "per_hs_servc": 0.0, "per_hs_nservc": 90.9, "per_hs_unclss": 0.0, "avghhsz_cy": 6.81818182, "st_areashape": 88399629.50622658, "st_lengthshape": 124353.96814678086}, "geometry": {"type": "Polygon", "coordinates": [[[92.81162927601436, 12.106781643273626], [92.81169778423286, 12.106774614834197], [92.81176629334969, 12.106767585516275], [92.81183480156821, 12.106760556198136], [92.81190330978671, 12.106753527758148], [92.81193703703407, 12.10675006711657], [92.81197437550887, 12.106674366009633], [92.81201171398362, 12.106598665759577], [92.81204905245842, 12.106522964609715], [92.8120863909332, 12.106447264316772], [92.81212372940799, 12.106371563124037], [92.81216106788278, 12.106295861909826], [92.81219840635757, 12.106220161552496], [92.81223574483235, 12.106144460295374], [92.81228040547502, 12.106076480483217], [92.81232506611768, 12.106008501532076], [92.81236972676035, 12.105940522563671], [92.81241438740301, 12.105872542699583], [92.81245904804568, 12.105804562818218], [92.81250370868833, 12.10573658379788], [92.81254304681293, 12.105676705680683], [92.81258238403923, 12.105616828428381], [92.81262172216383, 12.10555695028429], [92.81266717422226, 12.105529601430286], [92.81271262538237, 12.105502253451798], [92.81278163216587, 12.10546073170356], [92.81285063894937, 12.10541920994886], [92.81291964573286, 12.105377689066026], [92.81298865251638, 12.105336167298425], [92.81305765929987, 12.105294645524376], [92.81312666608338, 12.105253123743863], [92.81319567286687, 12.10521160195686], [92.81326467965036, 12.105170080163447], [92.81333368643382, 12.10512855836357], [92.81340269321733, 12.105087036557242], [92.81349062031735, 12.105093510807993], [92.81357854741735, 12.10509998505854], [92.81366647451735, 12.105106460187278], [92.81375440251568, 12.105112935315914], [92.81384232961572, 12.10511940956599], [92.81393025671572, 12.105125884694257], [92.81401818381572, 12.105132358944067], [92.81407066429294, 12.105193065458433], [92.81412314477014, 12.105253771080694], [92.81417562614567, 12.105314477567491], [92.8142281066229, 12.105375183162131], [92.81428058799843, 12.105435889621372], [92.81433306847562, 12.105496595188418], [92.81438554985115, 12.105557301620028], [92.81443720926819, 12.10562228554954], [92.81448886958354, 12.105687269463212], [92.81454052989893, 12.105752253361072], [92.81459218931599, 12.105817237243118], [92.81464384963134, 12.105882221109374], [92.81469550904838, 12.105947204959843], [92.81474716936373, 12.106012188794473], [92.81479882878078, 12.10607717261329], [92.8148308680937, 12.106144565695878], [92.81486290830492, 12.106211958761481], [92.81489494761787, 12.106279351810038], [92.81492698782911, 12.106346744841622], [92.81495902714202, 12.10641413785621], [92.81497993273531, 12.106458110893142], [92.81500083743029, 12.106502083044507], [92.81500541165173, 12.106587962357668], [92.81500998587313, 12.106673841643223], [92.81501456009455, 12.10675972090116], [92.81501913341768, 12.106845600131512], [92.8150237076391, 12.106931479334232], [92.81502828096222, 12.107017357630978], [92.81503285428535, 12.107103236778485], [92.81503742850677, 12.107189115898358], [92.81504200182985, 12.107274994990625], [92.8150465760513, 12.107360874055283], [92.8150205285013, 12.10744298065144], [92.81499448095133, 12.107525087222381], [92.81496843340136, 12.107607194646372], [92.8149423858514, 12.10768930116683], [92.81491633830142, 12.107771407662012], [92.81489029075142, 12.107853514131977], [92.81490507432605, 12.10793135979036], [92.81491985790068, 12.108009205426074], [92.81493464147532, 12.108087051917392], [92.81494942415165, 12.108164897507713], [92.81496420772625, 12.108242743075362], [92.81497899040258, 12.108320588620302], [92.81499377397722, 12.108398435020886], [92.81500855665352, 12.10847628052046], [92.81502334022815, 12.108554125997335], [92.81501184089421, 12.108621922486416], [92.81500034245856, 12.108689718958258], [92.81498884402295, 12.108757514534622], [92.81497734468897, 12.108825310972037], [92.81504623379318, 12.108874139011725], [92.81511512289735, 12.108922967920824], [92.81518401289988, 12.108971796820967], [92.81525290200408, 12.109020624833875], [92.81532179110826, 12.109069452837852], [92.81536355019256, 12.109144042181581], [92.81540530927687, 12.109218631504447], [92.81544706836115, 12.10929322080651], [92.81548882744546, 12.10936781008771], [92.81553058652976, 12.10944239934811], [92.81557234561406, 12.109516988587643], [92.81561410469834, 12.109591577806377], [92.81565586378264, 12.109666167004248], [92.81569762286695, 12.109740756181264], [92.81573938195126, 12.109815345337493], [92.81578114103553, 12.109889934472859], [92.81582290011983, 12.109964523587422], [92.81586465920414, 12.11003911268111], [92.81590641918673, 12.110113701753995], [92.81594817827104, 12.110188290806018], [92.81596460486433, 12.110217632100234], [92.81602430420318, 12.11028261753079], [92.816084003542, 12.110347602067229], [92.81614370377915, 12.110412587466119], [92.816203403118, 12.110477571970929], [92.81626310335515, 12.110542557338217], [92.81632280269399, 12.110607541811376], [92.81638250293113, 12.110672527147024], [92.81644220226997, 12.110737511588543], [92.81649960461662, 12.11080475593702], [92.81655700786158, 12.110872001146905], [92.81661441020825, 12.110939245461504], [92.81667181255492, 12.11100648975918], [92.81672921490157, 12.111073734039925], [92.81678661814652, 12.111140979182066], [92.81684402049318, 12.111208223428932], [92.81690142283985, 12.111275467658864], [92.81694447190488, 12.111340449318693], [92.81698752096992, 12.11140543096271], [92.81703056913666, 12.111470412590874], [92.81707361820169, 12.111535395081567], [92.81711666726675, 12.111600376678142], [92.8171597163318, 12.111665358258891], [92.8172027644985, 12.1117303398238], [92.81724581356359, 12.111795321372922], [92.81723201544081, 12.11187667739989], [92.81721821731806, 12.111958032523784], [92.81720441919526, 12.112039388501174], [92.81719062197081, 12.112120743575463], [92.81717682384807, 12.112202099503286], [92.81724177743298, 12.112249893145984], [92.81730673101792, 12.11229768765845], [92.81737168460288, 12.112345481284049], [92.81743663818781, 12.112393275779377], [92.81750159177274, 12.112441069387838], [92.81756654535766, 12.112488863866055], [92.81763149894259, 12.112536657457431], [92.81763389385117, 12.112542080182825], [92.81766902606361, 12.112621637190841], [92.81770415917437, 12.112701194175143], [92.81773929138681, 12.112780751135745], [92.81777442359926, 12.112860308072644], [92.81780955671, 12.11293986498583], [92.81784468892246, 12.113019421875313], [92.8178798220332, 12.11309897874107], [92.81791495424567, 12.113178535583138], [92.81795008645811, 12.113258092401491], [92.8179852195689, 12.113337649196094], [92.8180203517813, 12.113417205967032], [92.8180554848921, 12.113496762714256], [92.81809061710455, 12.113576319437765], [92.81808677231513, 12.11365466406602], [92.81808292752568, 12.113733008671273], [92.81807908273628, 12.113811353253524], [92.81807523794686, 12.113889696934509], [92.81807139315745, 12.113968041470743], [92.81806754836805, 12.114046385984029], [92.8180085200707, 12.114098916907547], [92.8179494917734, 12.114151446942394], [92.81788876745684, 12.114205486783407], [92.81782804224196, 12.114259527491756], [92.81776731792536, 12.114313567310846], [92.81770659271046, 12.11436760799734], [92.81764586839391, 12.114421647794561], [92.81758514317902, 12.114475688459171], [92.8175168065387, 12.114518050226556], [92.81744846989842, 12.114560411108894], [92.81738013235979, 12.114602772862842], [92.81731179571949, 12.114645134610061], [92.81724345907924, 12.114687495472234], [92.81717512243893, 12.114729857206006], [92.8171067849003, 12.11477221893306], [92.81703844826, 12.114814579775055], [92.81696297899636, 12.114839747715642], [92.81688750883441, 12.114864916532166], [92.81681203957075, 12.114890084468009], [92.8167365703071, 12.114915252401458], [92.81666110104345, 12.114940420332541], [92.8165856308815, 12.114965589139587], [92.81651016161786, 12.114990757065925], [92.81644698939209, 12.115047243703481], [92.81638381626809, 12.11510373120742], [92.81632064404234, 12.115160217821057], [92.81625747091832, 12.11521670442276], [92.81617281638088, 12.115232831027857], [92.81608816184344, 12.115248957631973], [92.81600350730604, 12.115265084235109], [92.81591885187026, 12.115281210837253], [92.81583419733286, 12.115297336560165], [92.81574954279542, 12.115313462282058], [92.81566488825797, 12.115329588881302], [92.81559598927234, 12.115314509224314], [92.81552709118499, 12.115299430444779], [92.81545819219932, 12.115284350786112], [92.81537837508971, 12.11530976021689], [92.81529855798006, 12.115335168766972], [92.81521873997212, 12.115360578192917], [92.81513892286249, 12.115385987616444], [92.8150591057529, 12.115411396159262], [92.81497928864326, 12.115436805577954], [92.81489947063532, 12.11546221499423], [92.81481965352569, 12.115487623529782], [92.81473353114109, 12.115465006253151], [92.81464740965478, 12.115442389852916], [92.8145612872702, 12.115419773450773], [92.81447516488561, 12.115397157046708], [92.81441084910452, 12.115428784001269], [92.81434653332342, 12.115460410073796], [92.81428221754233, 12.11549203702089], [92.81421790176128, 12.115523663085924], [92.8141535859802, 12.115555290025497], [92.81406893323938, 12.11556173064678], [92.81398428049859, 12.115568170389583], [92.81389962775778, 12.115574611010548], [92.81381497501697, 12.11558105075307], [92.8137303222762, 12.115587491373692], [92.81364566953539, 12.115593931115907], [92.8135610167946, 12.11560037173625], [92.81350817609294, 12.11566770796029], [92.8134553353913, 12.115735044167348], [92.81340249468967, 12.11580238035742], [92.81334965398801, 12.115869716530483], [92.81329681328637, 12.115937052686576], [92.81324397258474, 12.116004388825695], [92.81319113188312, 12.116071724947792], [92.81313829118145, 12.116139061052895], [92.8130854504798, 12.116206397141024], [92.81303260977818, 12.116273733212182], [92.81297135276063, 12.116318919319744], [92.81291009574309, 12.116364106297963], [92.81284883872556, 12.116409292390207], [92.81288455304629, 12.116474846332482], [92.81292375103371, 12.116546795184398], [92.81296294812283, 12.116618743138607], [92.81300214611024, 12.116690691951705], [92.81304134319936, 12.116762639867126], [92.81308054118676, 12.11683458864146], [92.81311973827589, 12.116906536518051], [92.81308718243167, 12.116983745402964], [92.81305462748576, 12.117060953387194], [92.81302207164156, 12.117138162227388], [92.81298951669568, 12.117215371045255], [92.81295696174976, 12.117292578962502], [92.81292440590555, 12.117369787735688], [92.81289185006135, 12.117446996486546], [92.81285929511547, 12.117524204336748], [92.81282673927123, 12.117601413042927], [92.81279418432536, 12.117678621726764], [92.81276162937944, 12.117755829509983], [92.81272907353522, 12.117833038149154], [92.81267997880832, 12.117895956845391], [92.81263088318309, 12.11795887552681], [92.81258147045257, 12.11802220084554], [92.81253205772207, 12.118085526149244], [92.81248264499156, 12.118148851437924], [92.81243323226103, 12.118212176711543], [92.81238381953051, 12.11827550197016], [92.8123344068, 12.118338827213753], [92.81228499406949, 12.11840215244232], [92.81227417745514, 12.118416013726796], [92.81225062811997, 12.118459024808477], [92.81222707788649, 12.11850203588321], [92.81218785115297, 12.118573678541383], [92.81214862441945, 12.118645322058597], [92.81210939768593, 12.118716964678311], [92.81207017095244, 12.11878860727875], [92.81203094421892, 12.11886024985998], [92.8119917165871, 12.118931893300262], [92.81195248985358, 12.119003535843019], [92.81192302870554, 12.119016683042373], [92.8118709354022, 12.119039929755521], [92.81181884120055, 12.119063177344923], [92.8117500015037, 12.119093897464797], [92.81168116180683, 12.119124617581107], [92.81161232211001, 12.119155337693918], [92.81154348151483, 12.119186057803143], [92.81147464181798, 12.119216777908843], [92.81140580212112, 12.119247498011045], [92.8113875384731, 12.119319311736406], [92.81136927392674, 12.119391125442432], [92.81134966909396, 12.119468210647339], [92.8113300642612, 12.119545295829933], [92.81131045942844, 12.119622380111998], [92.8112908545957, 12.119699465250092], [92.81123959942053, 12.119752529062838], [92.81118834514368, 12.11980559198672], [92.81113268013877, 12.119863221141705], [92.8110770160322, 12.119920849405966], [92.81102135102728, 12.119978478536078], [92.81096568692071, 12.120036106775443], [92.81091002191583, 12.120093735880632], [92.81085435780925, 12.120151364095099], [92.8107950869668, 12.12020739819869], [92.81073581612435, 12.12026343229049], [92.81067654618022, 12.120319466370507], [92.81061727533775, 12.120375501317099], [92.81055800539363, 12.120431535373568], [92.81049873455117, 12.12048757029661], [92.81043946460706, 12.120543604329555], [92.81038019376463, 12.120599639229049], [92.8103209238205, 12.120655673238446], [92.81026165297804, 12.120711708114415], [92.8102193279551, 12.120741441725446], [92.81014950819629, 12.120790489792562], [92.81007968843745, 12.120839538728974], [92.81000986867862, 12.12088858677805], [92.80994004891981, 12.120937634818116], [92.8098912245858, 12.121008248346437], [92.80984240115009, 12.121078860977777], [92.80979357681608, 12.121149474468721], [92.8097447533804, 12.121220087062671], [92.80969592904638, 12.121290700516198], [92.80964710471238, 12.121361313072807], [92.80959828037837, 12.121431926488956], [92.80954945694269, 12.121502539008151], [92.80950519784697, 12.121553625438857], [92.8094609378529, 12.121604711859755], [92.80941667875717, 12.121655797392604], [92.80937241876312, 12.121706883793921], [92.80931857105003, 12.121769036589553], [92.80926472333695, 12.121831190248997], [92.80921087652222, 12.12189334301566], [92.80915702880914, 12.121955495767834], [92.80910318109605, 12.122017649383805], [92.80904933338297, 12.122079802107022], [92.80899548656822, 12.122141954815762], [92.80894163885515, 12.122204108388274], [92.80888779114207, 12.122266261068058], [92.80882347176772, 12.122302405981053], [92.80875915239338, 12.122338551767415], [92.80869483301903, 12.122374696670613], [92.80863051364469, 12.122410842447179], [92.80856619427034, 12.122446987340581], [92.80854554649355, 12.122515189581012], [92.80852489961508, 12.122583390925698], [92.80850035314991, 12.122664472274504], [92.8084758066848, 12.122745552720378], [92.80845125932134, 12.122826634019887], [92.80840530420633, 12.122901202831647], [92.80835934998967, 12.122975770744253], [92.80831339487466, 12.123050339514323], [92.80826744065801, 12.123124907385275], [92.808221485543, 12.12319947611364], [92.80817553042802, 12.12327404482117], [92.80812957621137, 12.123348612629579], [92.80808362109636, 12.123423181295403], [92.8080376668797, 12.123497749062096], [92.80799171176469, 12.12357231768623], [92.80797059506732, 12.123590719409872], [92.80791361852212, 12.123640371209635], [92.80785664197688, 12.123690023000137], [92.80779966543167, 12.123739674781453], [92.80774268798814, 12.123789327431773], [92.80768571144294, 12.123838979194552], [92.80762873489773, 12.123888630948134], [92.80759905186581, 12.12395226137867], [92.80756936793556, 12.124015891794016], [92.8075352804638, 12.124088963686928], [92.807501192992, 12.12416203468156], [92.80746710462192, 12.12423510653446], [92.80743301715015, 12.124308177489016], [92.80739892878006, 12.124381249301893], [92.80736477662958, 12.124414837263037], [92.80733062447914, 12.124448425219972], [92.80726915456088, 12.12450887966734], [92.80720768554092, 12.124569333222754], [92.80714621562264, 12.124629787642718], [92.80707347813579, 12.124648604718166], [92.80700074154721, 12.124667420914024], [92.80692800406037, 12.124686237986863], [92.80685526657349, 12.124705054180062], [92.80678252998494, 12.124723870371952], [92.80670979249807, 12.124742687440758], [92.8066332874769, 12.12477162049293], [92.80655678245571, 12.124800552663697], [92.80648027743455, 12.124829485709599], [92.80640377241338, 12.12485841787408], [92.8063272673922, 12.12488735091367], [92.8062484923283, 12.12491714202548], [92.8061697172644, 12.124946933133955], [92.80609094309882, 12.12497672423911], [92.80601216803493, 12.125006515340893], [92.80593339297106, 12.125036306439382], [92.80585759312737, 12.125054369047781], [92.8057817932837, 12.125072431654946], [92.80570599344001, 12.12509049426089], [92.80563019269803, 12.125108556865587], [92.80555439285435, 12.125126618590823], [92.80547859301069, 12.125144681193104], [92.80540964282105, 12.125192469882839], [92.80534069263143, 12.125240258564023], [92.80527174334011, 12.125288047236634], [92.80520279315047, 12.125335836778973], [92.80513392021594, 12.125383571859746], [92.80506504728143, 12.125431307810235], [92.8049961743469, 12.125479042873923], [92.80491898930106, 12.125523772476637], [92.80484180425522, 12.125568501193566], [92.80476461831108, 12.12561323078128], [92.80468743326524, 12.125657959483197], [92.80461024821936, 12.125702689055899], [92.80453306317352, 12.125747417742842], [92.80445587812768, 12.125792147300519], [92.80437869218355, 12.125836876850714], [92.80430150713771, 12.125881605515152], [92.80422432209187, 12.125926334172057], [92.8041635402831, 12.125952742941411], [92.80410275847436, 12.12597915082988], [92.80404197666562, 12.12600555959398], [92.8039663403153, 12.126038421897924], [92.80389070306668, 12.126071285076074], [92.80381506671642, 12.126104147371928], [92.8037394303661, 12.126137009663735], [92.80366379401583, 12.126169871951483], [92.80358815676722, 12.12620273511344], [92.8035125204169, 12.126235597393059], [92.80343688406663, 12.126268459668658], [92.80336124771635, 12.126301322818463], [92.80328561046774, 12.12633418596425], [92.80320997411744, 12.126367048227674], [92.8031362736366, 12.126399069981955], [92.8030625722574, 12.126431091732393], [92.80298887177656, 12.1264631126007], [92.80291517039737, 12.126495134343415], [92.80284146991653, 12.126527155204023], [92.80282457709762, 12.126598816785352], [92.802807685177, 12.126670477469128], [92.8027890577113, 12.126749498033151], [92.80277043024554, 12.126828518573777], [92.80275180277982, 12.126907539090958], [92.80273317531407, 12.126986559584717], [92.80271454784837, 12.127065580055065], [92.80269592038263, 12.127144600502032], [92.80267729291687, 12.127223621803791], [92.80265866634946, 12.127302642203913], [92.80264003888375, 12.12738166258059], [92.80262141231633, 12.127460682933844], [92.80260278485059, 12.127539703263714], [92.80258415828317, 12.127618723570139], [92.80256553081746, 12.127697743853128], [92.80256780625008, 12.12777458337768], [92.80257008168269, 12.127851422001793], [92.8025863160365, 12.127929174878386], [92.80260255039032, 12.128006926854027], [92.80261878564242, 12.128084679685289], [92.80263501999626, 12.128162431615575], [92.80265123548543, 12.12824009306197], [92.80266745097464, 12.128317755363971], [92.80268366646382, 12.128395416765112], [92.80269988195302, 12.128473079021862], [92.80271609744223, 12.128550740377776], [92.80273231382974, 12.128628402589271], [92.8027485293189, 12.128706063899946], [92.80276642286105, 12.128791762171788], [92.8027843164032, 12.1288774604161], [92.80280220994536, 12.128963158632853], [92.8028201034875, 12.129048856822065], [92.80283799702966, 12.12913455498372], [92.80285589057178, 12.129220253996085], [92.80287378411393, 12.129305952102653], [92.80289167765608, 12.129391650181665], [92.80290957209652, 12.129477348233145], [92.80292746563867, 12.129563046257056], [92.80294536007912, 12.129648744253437], [92.80296325362127, 12.129734442222261], [92.80298014015199, 12.12981531764056], [92.80299702668272, 12.12989619215609], [92.80301391321342, 12.129977067525306], [92.80303079974412, 12.130057941991755], [92.80304768627484, 12.130138817311915], [92.80306457280554, 12.130219691729268], [92.80308146023457, 12.130300567000383], [92.80309834676528, 12.130381441368653], [92.80311523329601, 12.13046231659066], [92.80313211982671, 12.130543190909913], [92.80314900725573, 12.130624066082838], [92.80316589378646, 12.130704940352969], [92.80318278121547, 12.130785815476862], [92.8031996677462, 12.130866689697912], [92.80321545833225, 12.130942315437814], [92.80323124891832, 12.13101794115624], [92.80324703950436, 12.131093565974991], [92.80326283009045, 12.131169191650505], [92.80329497720122, 12.131196320947883], [92.80338225392094, 12.131214420903907], [92.80346952974237, 12.13123252085871], [92.80355680646211, 12.13125062081228], [92.80364408228355, 12.131268720764654], [92.8037313590033, 12.131286820715754], [92.80381163155874, 12.131251839829948], [92.80389190411425, 12.131216859817776], [92.8039721766697, 12.131181878922785], [92.80405244922518, 12.131146898023163], [92.80413272178065, 12.131111917118986], [92.80421299433614, 12.131076936210215], [92.8042932668916, 12.131041955296853], [92.80437353944707, 12.131006974378872], [92.80445478936957, 12.130971567502344], [92.8045360401904, 12.13093616062106], [92.80461729011289, 12.130900753735093], [92.80469854003539, 12.130865346844418], [92.80477979085623, 12.130829939949024], [92.80486104077873, 12.130794533048947], [92.80494229070123, 12.130759126144152], [92.80502354152205, 12.1307237192347], [92.80510479144455, 12.130688312320501], [92.80518604136705, 12.13065290540161], [92.80526729218786, 12.130617498477998], [92.80534854211037, 12.130582091549703], [92.80542309239749, 12.130544270287885], [92.80549764358291, 12.13050644814247], [92.80557219387002, 12.130468625991673], [92.80564892526664, 12.130429698109337], [92.80572565666327, 12.130390769343048], [92.80580238805992, 12.130351841449325], [92.8058791185582, 12.130312913549941], [92.80595584995483, 12.13027398476659], [92.80603258135146, 12.13023505685582], [92.80610931274808, 12.130196128939376], [92.80618604414471, 12.130157201017207], [92.80626277554131, 12.13011827221115], [92.80633950603962, 12.130079344277606], [92.80641623743627, 12.130040416338426], [92.80649296883288, 12.130001487515306], [92.80656970022952, 12.129962559564728], [92.8066454605473, 12.129924124311867], [92.80672122086511, 12.129885688175229], [92.80679698118291, 12.129847252911297], [92.80687274239902, 12.129808816763541], [92.80694850271684, 12.129770380610251], [92.8070242630346, 12.129731944451452], [92.80710002245412, 12.129693509165334], [92.80717578367023, 12.129655072995428], [92.80724665176298, 12.129619119661477], [92.80731751985577, 12.129583166322655], [92.80738838705018, 12.129547212979011], [92.80745925514297, 12.129511258752242], [92.80753012323572, 12.129475305398902], [92.80760027626953, 12.129439714762393], [92.80767043020165, 12.1294041232429], [92.80774058323544, 12.129368532596887], [92.80781073626925, 12.129332941067888], [92.80788088930302, 12.129297350412372], [92.80795104323515, 12.129261758873833], [92.80802119626895, 12.129226168208813], [92.80809134930274, 12.12919057666081], [92.80816510637746, 12.129156435996343], [92.80823886435051, 12.129122294449235], [92.80831262142523, 12.129088152897765], [92.80838637849995, 12.129054012220182], [92.80846013647296, 12.129019870659997], [92.80853389354768, 12.128985729973675], [92.80860765062239, 12.12895158928295], [92.80868140859545, 12.128917447709648], [92.80875516567016, 12.128883306131945], [92.80883070320576, 12.12884834073946], [92.8089062407414, 12.128813376220648], [92.80898177737869, 12.128778411697244], [92.80905731491428, 12.128743446291006], [92.80913285244992, 12.128708480880162], [92.8092083899855, 12.128673516343005], [92.80928392752111, 12.128638550923029], [92.8093594641584, 12.128603586376686], [92.80943500169403, 12.128568620947535], [92.80951053922963, 12.128533655513754], [92.80958817792471, 12.128497717837332], [92.80966581661976, 12.128461779277783], [92.80974345531483, 12.12842584159164], [92.80982109400988, 12.12838990390069], [92.80989873360323, 12.128353965326612], [92.80997637229831, 12.128318027625978], [92.8100540109934, 12.12828208992046], [92.81013164968843, 12.12824615221012], [92.8102092883835, 12.12821021449492], [92.8102650836441, 12.128152112880333], [92.81032087800641, 12.128094012131365], [92.810376673267, 12.128035910491409], [92.81043246762933, 12.127977809717123], [92.81048826199161, 12.127919708930142], [92.8105440563539, 12.127861607252248], [92.8105998507162, 12.127803505561696], [92.81068844526447, 12.127793839364305], [92.81077704071105, 12.127784172288292], [92.81086563525932, 12.127774505211962], [92.81095422980759, 12.127764838135288], [92.81104282435582, 12.127755171058206], [92.81113141980244, 12.127745503980833], [92.81122001435068, 12.127735836903065], [92.81127187319372, 12.127668695187245], [92.81132373203677, 12.127601552576264], [92.8113755908798, 12.127534410826629], [92.81142745062117, 12.127467268181794], [92.8114793094642, 12.127400126398342], [92.81153116830724, 12.127332983719743], [92.81158302715029, 12.127265841902464], [92.81163973959077, 12.127258575113602], [92.8116964520313, 12.127251308324565], [92.8117794249225, 12.12724067689062], [92.81186239781374, 12.127230046334573], [92.81194537070495, 12.127219414899775], [92.8120283435962, 12.127208783464596], [92.81211131648739, 12.12719815202896], [92.81218910250617, 12.127241774725618], [92.81226688762659, 12.1272853965369], [92.81234467364536, 12.127329019219323], [92.81242245876582, 12.12737264101633], [92.8125002447846, 12.12741626368444], [92.81257803080335, 12.127459886345413], [92.81265581592383, 12.12750350812101], [92.8127336019426, 12.127547130767747], [92.81281138796136, 12.12759075252908], [92.81288917308179, 12.127634374283227], [92.81296695910056, 12.127677996908565], [92.81304474422103, 12.127721618648462], [92.8131225302398, 12.127765241259487], [92.81317727806477, 12.127795943690057], [92.81323202499145, 12.12782664611709], [92.81329838982971, 12.127774429681066], [92.81336475556628, 12.127722212356561], [92.8134311204045, 12.127669995900055], [92.81349748524275, 12.12761777943336], [92.8135638509793, 12.127565562078182], [92.81363021581754, 12.12751334471275], [92.81369658065582, 12.127461128215367], [92.81376294639234, 12.127408910829478], [92.8138293112306, 12.12735669431165], [92.81390256075717, 12.127341899893244], [92.81398529200159, 12.12732518997208], [92.81406802234768, 12.12730848092815], [92.8141507535921, 12.127291771883176], [92.8142334839382, 12.12727506283716], [92.81431621518259, 12.12725835291181], [92.81439894552867, 12.127241643863693], [92.81448167677308, 12.127224933936294], [92.81456440711918, 12.127208224886079], [92.81464713836357, 12.127191515834822], [92.81472986870966, 12.127174806782495], [92.81481259995408, 12.127158097729138], [92.81483537224653, 12.127153498238176], [92.81487520085128, 12.127082317218827], [92.81491502855772, 12.127011137058723], [92.81495485626417, 12.12693995600136], [92.81499468397058, 12.126868775803255], [92.81503451257535, 12.12679759470789], [92.81507434028177, 12.126726414471785], [92.81511416798821, 12.126655233338418], [92.81515399569466, 12.126584052186045], [92.8151938234011, 12.126512871892944], [92.81523365200586, 12.126441690702569], [92.8152734797123, 12.126370510371453], [92.8153133074187, 12.126299329143091], [92.81532704625268, 12.126214056910047], [92.81534078598496, 12.126128783771474], [92.81535452571723, 12.12604351148389], [92.81536826455117, 12.12595823916904], [92.81538200428344, 12.125872966826917], [92.81539574401572, 12.125787693579277], [92.81540948284965, 12.125702421182623], [92.81542322258193, 12.125617148758696], [92.8154369614159, 12.125531876307516], [92.81545070114818, 12.125446602950808], [92.81546444088045, 12.125361330445088], [92.81547818061271, 12.125276057912105], [92.815491920345, 12.125190784473594], [92.81550566007724, 12.125105511886083], [92.8155193998095, 12.125020239271308], [92.81553313954177, 12.124934966629258], [92.81554687927405, 12.124849693081691], [92.81556061900632, 12.1247644203851], [92.81557018336915, 12.124705059449706], [92.81557974773199, 12.124645698501096], [92.8155893120948, 12.124586337539279], [92.81567462330072, 12.124583124802944], [92.81575993360832, 12.124579912944837], [92.8158452448142, 12.124576701086703], [92.81593055602012, 12.12457348835024], [92.816015867226, 12.124570276492031], [92.8161011775336, 12.124567064633759], [92.8161864887395, 12.12456385277546], [92.81624620065477, 12.12458646401111], [92.81630591346833, 12.12460907524489], [92.81636562538357, 12.124631685598434], [92.8164213918981, 12.124689809058712], [92.81647715931092, 12.124747932506319], [92.81653292582547, 12.124806055941294], [92.81658869323832, 12.124864180241824], [92.81664445975282, 12.124922303651454], [92.81670022716567, 12.124980427048401], [92.81675599368018, 12.125038550432665], [92.81677511701595, 12.125113132678427], [92.8167942403517, 12.125187714903324], [92.81681336458581, 12.12526229710737], [92.81683248792154, 12.12533687841226], [92.81685161215565, 12.12541146057459], [92.81687073549143, 12.125486042716055], [92.81693306779236, 12.125531253611511], [92.8169954000933, 12.125576464499334], [92.81705773239423, 12.125621675379499], [92.81712006559346, 12.125666886251992], [92.81718239789441, 12.125712096238534], [92.81724473109365, 12.125757307095709], [92.81730706339458, 12.125802517066921], [92.8173300144518, 12.1258800053027], [92.81735296550896, 12.125957493515921], [92.81737591656618, 12.126034981706637], [92.81739886852168, 12.126112470753126], [92.81742181957885, 12.126189958898806], [92.8174447715344, 12.126267447021966], [92.81746772259157, 12.12634493512261], [92.81746196349229, 12.12642290273655], [92.817456204393, 12.126500869449428], [92.81745044529373, 12.12657883701776], [92.81744468619443, 12.126656803685055], [92.81747557296883, 12.126730771567699], [92.81750645974326, 12.126804739429822], [92.81753734651767, 12.126878707271462], [92.81756823329208, 12.126952675092557], [92.81759912006652, 12.127026642893169], [92.81763000684091, 12.127100610673208], [92.81766089361533, 12.12717457843279], [92.81769178038975, 12.127248546171801], [92.81772266716416, 12.12732251389029], [92.81775355393856, 12.12739648158831], [92.817784440713, 12.12747044926577], [92.81777006766843, 12.12755180490461], [92.81775569462391, 12.127633160518638], [92.81774132157935, 12.127714516107847], [92.8177269485348, 12.127795871672223], [92.81771257549026, 12.127877227211776], [92.81769820244571, 12.12795858272651], [92.81768383029947, 12.128039938216421], [92.81766945725492, 12.128121293681538], [92.8176300230106, 12.128175160309414], [92.81759058876624, 12.128229026926414], [92.8175511545219, 12.128282893532523], [92.81750787728477, 12.128342009513986], [92.81746460094595, 12.12840112460404], [92.81742132370883, 12.128460240559296], [92.81741990526902, 12.128477311375786], [92.81741313825997, 12.12855876946426], [92.81740637125094, 12.12864022752781], [92.8173996042419, 12.128721684688275], [92.81739283723287, 12.128803142702095], [92.81738607022383, 12.128884600690979], [92.8173793032148, 12.128966058655017], [92.81737253620577, 12.12904751659417], [92.81736577009502, 12.129128973630149], [92.81735900398432, 12.12921043151952], [92.8173522369753, 12.129291889384005], [92.81731940714491, 12.129372596310436], [92.81728657731453, 12.12945330233421], [92.81725374748416, 12.129534009211826], [92.81722091765378, 12.129614715186685], [92.81718808692511, 12.129695422015434], [92.81715525709471, 12.129776127941463], [92.81712242726437, 12.12985683472131], [92.81712240839971, 12.129942712666361], [92.81712238953511, 12.130028591461997], [92.81712237067048, 12.130114469351708], [92.81712235180586, 12.13020034721376], [92.81712233294127, 12.130286225048156], [92.81712231407663, 12.130372103733121], [92.81712229521202, 12.130457981512174], [92.81712227724572, 12.13054385926357], [92.81712225838108, 12.130629736987293], [92.81712223951646, 12.130715615561588], [92.81712222155015, 12.130801493229983], [92.81709349432569, 12.130874936522142], [92.8170647671012, 12.130948379794097], [92.81703603987675, 12.131021823045787], [92.81700731265228, 12.131095266277246], [92.81701117900126, 12.13116938486662], [92.81701504535022, 12.131243503435382], [92.81701891259752, 12.131317621983536], [92.8170227789465, 12.131391740511054], [92.8170266461938, 12.131465859017986], [92.81703051254281, 12.131539977504309], [92.81703502118721, 12.131626409085094], [92.81703953072993, 12.131712840637851], [92.81704403937434, 12.13179927128434], [92.81704854891707, 12.131885702781043], [92.81705305756147, 12.131972134249706], [92.81702907883161, 12.132047104499858], [92.81700510010172, 12.13212207560717], [92.81698112137184, 12.13219704581512], [92.81695714264198, 12.132272016002004], [92.81693316391208, 12.132346986167782], [92.8169091851822, 12.132421957190745], [92.81688520645235, 12.13249692731436], [92.81686454160756, 12.132561536696258], [92.81684387676275, 12.13262614694077], [92.81682321191795, 12.132690756291385], [92.81678874086553, 12.132769847965664], [92.81675427071147, 12.132848939616446], [92.81671979965905, 12.13292803124378], [92.81668532860668, 12.133007122847618], [92.81665085845259, 12.133086214428006], [92.81661638740019, 12.133165305984912], [92.8165819172461, 12.133244397518355], [92.81654744619372, 12.133323489028303], [92.8165387001961, 12.13340213348671], [92.81652995419849, 12.13348077880019], [92.8165212090992, 12.133559423212198], [92.81651246310159, 12.133638067600952], [92.81650371710401, 12.133716712844803], [92.8164949720047, 12.133795357187182], [92.81648622690543, 12.13387400150632], [92.8164774809078, 12.133952645802276], [92.8164687349102, 12.134031290953294], [92.8164599898109, 12.134109935202828], [92.81644458370377, 12.13418952969036], [92.81642917759666, 12.134269124154116], [92.81641377148954, 12.134348717715866], [92.81639836538241, 12.134428312132078], [92.81638295927529, 12.134507906524512], [92.81636755316816, 12.134587500893169], [92.81635214795938, 12.13466709435982], [92.81633674185225, 12.134746688680947], [92.81632797160013, 12.134792000760317], [92.8163192004497, 12.134837312831953], [92.81631515264101, 12.134858225552756], [92.81630981574992, 12.134885799743692], [92.81629902159347, 12.134941566399874], [92.81627603550197, 12.135017948906656], [92.81625304941048, 12.135094330513292], [92.81623006331898, 12.135170712976285], [92.8162070772275, 12.13524709453913], [92.81618409113602, 12.135323476958346], [92.81616110504453, 12.135399859355655], [92.81613811895302, 12.135476240852855], [92.81611513286154, 12.135552623206372], [92.81609214677006, 12.135629004659743], [92.81606916067857, 12.135705386969486], [92.81599027871515, 12.13574417444107], [92.81592292483178, 12.135777292868708], [92.81585557005008, 12.135810412170478], [92.81577859251506, 12.135848262545084], [92.81570161498004, 12.13588611291436], [92.81562444700222, 12.135849939104576], [92.81554727902436, 12.135813764411655], [92.8154701110465, 12.135777590592035], [92.81539294306866, 12.135741415889292], [92.81531577509081, 12.135705242059863], [92.81523652841139, 12.135718786278483], [92.81515728263027, 12.135732330496413], [92.81507803595086, 12.135745874713683], [92.81499878927144, 12.13575941893024], [92.81500803473234, 12.135838135563638], [92.81501728019323, 12.13591685217378], [92.81502526621613, 12.135984843703902], [92.81503325223899, 12.136052836094947], [92.81504123826188, 12.136120827590362], [92.81504922428475, 12.136188819068488], [92.81512455700448, 12.13621414483134], [92.81519988972421, 12.136239470591827], [92.81527522334225, 12.136264797228137], [92.81535055606199, 12.136290123862015], [92.8154258887817, 12.13631544961525], [92.81547755448695, 12.136383258370202], [92.81552922019222, 12.136451067107892], [92.81558088499914, 12.13651887495009], [92.8156325507044, 12.136586683653265], [92.81561612770436, 12.136660290459647], [92.81559970470434, 12.136733897245712], [92.81558328170432, 12.136807504011434], [92.8155668587043, 12.136881109878587], [92.81555043570425, 12.13695471660365], [92.81553401180592, 12.137028323308382], [92.81551758880587, 12.137101929992772], [92.81547975176615, 12.137150012504133], [92.81544191472636, 12.137198094128589], [92.81540407768658, 12.137246176622597], [92.81536189100423, 12.137299786718192], [92.81531970342354, 12.137353397681188], [92.81527751674119, 12.137407007755169], [92.8152353300588, 12.137460617818373], [92.81519309307076, 12.137514291981878], [92.81515085608274, 12.137567965256356], [92.81510861909472, 12.137621639398208], [92.8151071189082, 12.13765015564794], [92.81510265517954, 12.137734989496787], [92.8150981914509, 12.13781982244037], [92.81509372772226, 12.137904656235198], [92.81508926399361, 12.137989489124765], [92.81508480026494, 12.138074322865561], [92.8150803365363, 12.138159156579336], [92.81507587280765, 12.138243989387849], [92.81507140818071, 12.138328823047592], [92.81506694445207, 12.138413655802086], [92.81506247982509, 12.138498489407798], [92.81513138060737, 12.138532402291917], [92.81520028138966, 12.13856631517171], [92.81528871603784, 12.138555032541953], [92.81537715068596, 12.138543749911715], [92.81546558533411, 12.13853246728098], [92.81555401998224, 12.138521184649798], [92.81564245373207, 12.138509902018134], [92.81573088838023, 12.138498619385961], [92.81581932302839, 12.138487336753343], [92.81590775767651, 12.138476054120229], [92.81598239689684, 12.138524092472057], [92.81605703701548, 12.138572130815193], [92.8161316762358, 12.138620168271478], [92.81620631635444, 12.138668206597288], [92.81628095557478, 12.138716244036246], [92.8163555947951, 12.138764282344727], [92.81643023491374, 12.138812320644572], [92.81650487413407, 12.138860358057512], [92.8165904395632, 12.138840599644784], [92.81667600499233, 12.138820840352391], [92.81676156952317, 12.138801081936725], [92.81684713495228, 12.138781323519607], [92.81693270038139, 12.138761565101014], [92.8170182658105, 12.138741806680958], [92.81710383034135, 12.138722048259439], [92.81718939577048, 12.138702289836457], [92.81725576330368, 12.138649569670545], [92.81732212993853, 12.138596850372403], [92.81738849747173, 12.138544130185625], [92.81745486500492, 12.138491409988417], [92.81752123163977, 12.138438690658978], [92.81758759917298, 12.138385971319106], [92.81765396670617, 12.1383332510906], [92.81772033334107, 12.138280531729865], [92.81778670087424, 12.138227811480444], [92.81787041307894, 12.138217782951402], [92.81795412618196, 12.13820775354375], [92.81803783838664, 12.138197724135729], [92.81812155059133, 12.138187695605529], [92.81820526369434, 12.138177666196757], [92.81828897589905, 12.138167637665795], [92.81837268810375, 12.138157609134486], [92.81845640120676, 12.138147579724595], [92.81854011341143, 12.1381375511925], [92.81862740719919, 12.138151977910695], [92.81871470098693, 12.138166405506329], [92.81880199477463, 12.138180832222957], [92.81888928856239, 12.138195259817026], [92.81897658235013, 12.138209686532067], [92.8190592462209, 12.138223348306454], [92.81914191098997, 12.138237010080115], [92.8192245748607, 12.138250671853077], [92.81929092083433, 12.138295882339897], [92.8193572677063, 12.138341093697296], [92.81942361367989, 12.138386304168773], [92.81948995965352, 12.13843151551079], [92.81955630652548, 12.138476726845164], [92.81962265249908, 12.138521937293625], [92.81968899847271, 12.138567147734415], [92.81975534534466, 12.138612359045736], [92.8198216913183, 12.138657569471182], [92.81986302190619, 12.138725374995289], [92.8199043524941, 12.138793181380398], [92.819945683082, 12.138860986869991], [92.81998701456823, 12.138928793220586], [92.82002834515615, 12.138996598675662], [92.82010019510749, 12.139046919451046], [92.82017204416057, 12.139097239338673], [92.82024389411191, 12.139147560095024], [92.82030942980516, 12.139193458960845], [92.82037496639671, 12.139239357818777], [92.82044050208995, 12.139285255790556], [92.82050603778322, 12.139331154632675], [92.82056344911301, 12.139391430058922], [92.8206208604428, 12.139451705471544], [92.8206782717726, 12.139511980870514], [92.8207356822041, 12.139572255377633], [92.82079309353394, 12.139632530749328], [92.82085050486373, 12.139692806107384], [92.82088366796908, 12.13976764157297], [92.82091683107443, 12.139842477017524], [92.82094999328145, 12.139917311562808], [92.82098315638679, 12.139992146965279], [92.82101631949213, 12.140066982346744], [92.82104948259749, 12.140141817707205], [92.8210826448045, 12.140216652168384], [92.82111580701155, 12.140291487486747], [92.82114897011685, 12.140366322784118], [92.82113746988462, 12.140441652500852], [92.82112596965234, 12.140516982196276], [92.82111446942007, 12.140592311870403], [92.82110296918779, 12.140667640644969], [92.82109146985385, 12.140742970276477], [92.82107996962158, 12.140818299886687], [92.82116725083289, 12.140833381614165], [92.82125453204422, 12.140848463340829], [92.82134181325553, 12.14086354506659], [92.82142909356855, 12.140878625913308], [92.82151637477988, 12.1408937067592], [92.82160365599118, 12.140908788482417], [92.82162660974333, 12.140985630345199], [92.82164956349546, 12.141062473064046], [92.82167251724762, 12.141139314882517], [92.82169547189805, 12.141216157557015], [92.8217184256502, 12.141292999331123], [92.82175286526157, 12.141365323511975], [92.82178730487294, 12.141437647673184], [92.82182174538262, 12.141509971814711], [92.82185618499398, 12.141582295936635], [92.82185288548195, 12.141669464599541], [92.8218495859699, 12.141756634112141], [92.82184628735615, 12.141843802717975], [92.82184298784412, 12.141930972173503], [92.8218396892304, 12.142018140722266], [92.82183638971837, 12.142105310120707], [92.82183309110465, 12.142192478612412], [92.82181413126226, 12.142257720595032], [92.8217951714199, 12.14232296256171], [92.82177621157749, 12.142388204512361], [92.82175868095473, 12.14244853018337], [92.82174114943363, 12.142508855840754], [92.82169661994502, 12.14254301674982], [92.82165209045635, 12.14257717677628], [92.82158175416626, 12.142631134451134], [92.82151141697783, 12.14268509299325], [92.82143561354088, 12.142700146512084], [92.82135981100228, 12.142715199151874], [92.82128400756534, 12.142730252669002], [92.8212082041284, 12.14274530618528], [92.82113240158976, 12.1427603588225], [92.82105659815282, 12.142775412337084], [92.8209819526443, 12.142747150440762], [92.82090730713577, 12.142718887663225], [92.82083266162725, 12.142690625760899], [92.8207580161187, 12.142662362977381], [92.82071783537437, 12.142584387819685], [92.82067765463003, 12.142506412639152], [92.82063747388568, 12.142428437435823], [92.82059729314132, 12.142350462209631], [92.82051000564182, 12.1423640069686], [92.8204227181423, 12.142377551726856], [92.82033542974443, 12.14239109648445], [92.82024814224489, 12.142404640363118], [92.8201608547454, 12.142418185119327], [92.82008931201781, 12.142459497368016], [92.82001776929029, 12.14250080873205], [92.81994622656275, 12.142542120967889], [92.81987468383521, 12.142583433197341], [92.81980314110767, 12.142624745420381], [92.81973159838013, 12.142666056758783], [92.81966005565259, 12.142707368968985], [92.81962911497926, 12.142759532420428], [92.81959817340761, 12.142811695861667], [92.8195599527872, 12.14287613061166], [92.81952958254409, 12.142927332383172], [92.81949921140263, 12.142978534144888], [92.81944933783637, 12.14303848380576], [92.8193970352256, 12.143101353520477], [92.81934473351313, 12.14316422234212], [92.81929243090232, 12.143227092027105], [92.81928127652147, 12.143275334146129], [92.81926255383429, 12.143356308205338], [92.81924383114715, 12.143437282239914], [92.81922510845999, 12.143518256249886], [92.81920638577286, 12.143599231113418], [92.81918766308571, 12.14368020507413], [92.81916894039854, 12.143761179010212], [92.81915021860969, 12.143842152921676], [92.81913149592256, 12.143923126808522], [92.81910851162769, 12.143990921331703], [92.81908552733286, 12.144058715837645], [92.81906254393628, 12.144126509448107], [92.81903955964145, 12.144194303919507], [92.81901657534658, 12.144262098373655], [92.81897693718466, 12.14428994383681], [92.81893729812442, 12.144317789297013], [92.81888749193183, 12.144352777249338], [92.81883768573923, 12.144387765197031], [92.81879143597682, 12.144420254628825], [92.81878555470664, 12.14447223419856], [92.81877967343645, 12.14452421287994], [92.81877083311576, 12.144602340278256], [92.81876199279506, 12.144680468531838], [92.81875315337265, 12.144758595884316], [92.81874431395029, 12.144836723213832], [92.81873547362954, 12.144914850520447], [92.81872663330884, 12.144992978682325], [92.81871779388644, 12.145071105943089], [92.818732132795, 12.145149641548068], [92.8187464726019, 12.145228178008107], [92.81876081151044, 12.145306713566802], [92.81877515131734, 12.145385249980507], [92.81878949022591, 12.145463785492831], [92.81880383003278, 12.145542320981974], [92.81881816983969, 12.145620857326177], [92.81883250874822, 12.145699392769023], [92.81889331930306, 12.145747759145475], [92.81895412985791, 12.145796125513135], [92.81901494041277, 12.14584449187203], [92.81907575006927, 12.145892857343894], [92.81913656062413, 12.145941223685218], [92.81919737117897, 12.145989590017727], [92.81925818173382, 12.146037956341482], [92.81928723774168, 12.146061066332356], [92.81933529850768, 12.146131630172041], [92.81938335927373, 12.14620219487124], [92.81943141914141, 12.14627275867352], [92.81947947990743, 12.146343323335278], [92.81952754067343, 12.146413887100143], [92.81957560143947, 12.146484451724485], [92.81962366220549, 12.146555015451947], [92.8196717229715, 12.146625580038924], [92.81971978283917, 12.14669614372897], [92.81976784360522, 12.146766708278504], [92.81981590437123, 12.146837271931135], [92.8198383487786, 12.14687022563352], [92.81988427424919, 12.146938032579325], [92.81993019971976, 12.147005838629635], [92.81997612519034, 12.147073645540846], [92.82003583351235, 12.147138629892304], [92.82009554183433, 12.147203614227859], [92.82015525015635, 12.147268597669397], [92.8202149593766, 12.147333582851426], [92.82027466769861, 12.14739856626121], [92.82033437691892, 12.147463549655116], [92.8203940852409, 12.147528533033196], [92.82045379446122, 12.147593517273563], [92.82046653886017, 12.147675881967405], [92.82047928325909, 12.147758246635792], [92.82049202765802, 12.14784061127867], [92.82050477205696, 12.147922975896039], [92.82051751645588, 12.148005341366154], [92.82053025995651, 12.148087705932546], [92.82054300435546, 12.148170070473482], [92.82055574785606, 12.148252434988933], [92.82056849225502, 12.148334799478866], [92.82056695344092, 12.148385926431938], [92.82056541462686, 12.148437053375188], [92.82056290832719, 12.148520318838987], [92.82056040202754, 12.148603585154982], [92.82055789572792, 12.148686850566683], [92.82055538942828, 12.148770115952379], [92.82055288312864, 12.148853381311982], [92.82055037682898, 12.148936647523744], [92.82054786963104, 12.149019912831289], [92.82054536333136, 12.149103178112739], [92.82057406091144, 12.149176066608161], [92.82060275849152, 12.149248955083637], [92.8206314560716, 12.149321842660923], [92.82066015365164, 12.149394731096463], [92.82068885123172, 12.149467619512002], [92.82071754971008, 12.14954050790762], [92.82074624729016, 12.14961339540506], [92.82077494487024, 12.149686283760756], [92.82081066008931, 12.149764133012988], [92.82084637530838, 12.149841981364245], [92.82088209142573, 12.149919830570932], [92.82091780754314, 12.149997679754808], [92.82095352276221, 12.150075528037773], [92.82098923887958, 12.150153377176155], [92.82102495409863, 12.150231226291712], [92.8210606693177, 12.150309074506358], [92.8210963854351, 12.15038692357637], [92.82116529520056, 12.1503944681211], [92.82123420406766, 12.150402012665573], [92.82130311383311, 12.150409558088032], [92.82138657540783, 12.150398272447335], [92.82147003608426, 12.150386987684369], [92.821553497659, 12.150375702042755], [92.82163695833542, 12.150364417278835], [92.82172041901181, 12.15035313163624], [92.82180388058654, 12.15034184599319], [92.82188300779005, 12.150306704266276], [92.82196213499354, 12.150271563412932], [92.822041262197, 12.150236421676743], [92.82212038940051, 12.15020127993591], [92.82219951570568, 12.150166139068649], [92.82227864290917, 12.150130998196744], [92.82235777011263, 12.15009585644198], [92.82243689731614, 12.150060715560802], [92.82251602451962, 12.150025573796762], [92.82260228704142, 12.150045676509281], [92.8226885495632, 12.150065779220245], [92.82277481208497, 12.150085881929684], [92.82286107460678, 12.150105984637635], [92.82294733623026, 12.150126087344045], [92.82303359875203, 12.15014619004893], [92.82311986127381, 12.150166292752338], [92.82320612379563, 12.150186395454183], [92.8232923863174, 12.150206498154512], [92.82335209823263, 12.150259843061297], [92.82341181104623, 12.150313187957384], [92.82347152296146, 12.150366531964606], [92.82353123577502, 12.150419876839267], [92.82359094769028, 12.150473220825106], [92.82360242007478, 12.15054102158384], [92.82361389156095, 12.150608821447069], [92.82362536394545, 12.150676622171249], [92.82363683543161, 12.150744421999988], [92.8237195235569, 12.150771554572586], [92.82380221168216, 12.150798688020586], [92.82388489890913, 12.150825820587649], [92.82396758703439, 12.150852954030116], [92.82405027515968, 12.150880086591645], [92.8241145828559, 12.150932828925146], [92.82417888965385, 12.150985571248189], [92.82424319735011, 12.151038313560749], [92.82430750414801, 12.151091055862889], [92.82437181184427, 12.151143798154585], [92.82443611864218, 12.151196540435784], [92.82450502481437, 12.151223671205898], [92.82457393008823, 12.151250801973264], [92.82464283626042, 12.151277932737855], [92.82471174153429, 12.151305062621473], [92.82478064770649, 12.151332193380492], [92.82480804811928, 12.151402322875844], [92.82483544853207, 12.151472451474547], [92.82486284894487, 12.151542580932942], [92.82488821736847, 12.151607508867375], [92.8249135857921, 12.151672436785997], [92.82493895331741, 12.151737363810565], [92.82496432174104, 12.15180229169747], [92.8249796236436, 12.151862559031127], [92.82499492644445, 12.151922827229308], [92.82501022834701, 12.151983094535677], [92.82505777976827, 12.15204995349409], [92.82510533118949, 12.1521168124357], [92.82515288261075, 12.152183671360541], [92.825200434032, 12.152250529390349], [92.82524798635156, 12.152317388281565], [92.82528985862359, 12.152376260940594], [92.8253317299973, 12.152435133586572], [92.82535124050698, 12.152510845411328], [92.82537075101664, 12.152586556336331], [92.8253902615263, 12.15266226811796], [92.82540977203591, 12.152737979878037], [92.82542928254557, 12.152813690738425], [92.82544879305523, 12.152889402455411], [92.82546830356489, 12.152965113272696], [92.82548781497289, 12.153040824946643], [92.82547171895959, 12.153126700685155], [92.82545562294634, 12.153212576395957], [92.8254395278314, 12.153298451200834], [92.82542343181814, 12.153384326856232], [92.82548084763953, 12.15344083433609], [92.82553826435921, 12.15349734180395], [92.82559568107892, 12.153553850138016], [92.82565309690031, 12.153610357581869], [92.8257105127217, 12.153666865013726], [92.82576792854307, 12.153723372433586], [92.82578782442998, 12.153786654125652], [92.8258077203169, 12.15384993580268], [92.82582761620382, 12.153913217464659], [92.82590429459984, 12.153958601805813], [92.82598097299586, 12.154003986139193], [92.82605765139188, 12.154049370464865], [92.82613432978789, 12.154094754782761], [92.82621100818395, 12.154140139092949], [92.82628768657996, 12.154185523395402], [92.82636436497596, 12.154230907690069], [92.82644104337197, 12.154276291977025], [92.82651772176801, 12.15432167625621], [92.82659440106235, 12.154367061405885], [92.82667107945836, 12.154412445669587], [92.82674775785438, 12.154457829925578], [92.82682443625042, 12.154503214173783], [92.82690111464643, 12.15454859841429], [92.82697779304245, 12.154593982647052], [92.82705447143849, 12.154639366872038], [92.82713115073284, 12.15468475196748], [92.82720782912884, 12.154730136177008], [92.82728450752485, 12.154775520378804], [92.82736118592086, 12.154820904572825], [92.8274378643169, 12.154866288759123], [92.82751454181462, 12.154911672937649], [92.82759122110893, 12.154957057986667], [92.82766789860665, 12.155002442149708], [92.82774457700269, 12.155047827183207], [92.8278212553987, 12.155093211330792], [92.82785569950165, 12.155160261828163], [92.82789014360458, 12.155227312308615], [92.82792458860582, 12.155294362772183], [92.82795903270876, 12.155361412340655], [92.8279934768117, 12.155428462770422], [92.82802792091465, 12.155495513183267], [92.82804969248386, 12.15557160526481], [92.82807146495142, 12.1556476973246], [92.82809323652064, 12.155723789362609], [92.82811500898819, 12.155799881378849], [92.82813678055741, 12.155875973373323], [92.82815855302496, 12.155952065346028], [92.82818032459419, 12.156028157296966], [92.82820083672537, 12.156099846067608], [92.82822134885656, 12.15617153569709], [92.82824186098779, 12.156243224429058], [92.82826237311897, 12.15631491314174], [92.82828288614849, 12.156386602713258], [92.82830339827969, 12.15645829138729], [92.82831027398487, 12.15654492388449], [92.82831714969005, 12.15663155635347], [92.82832402539523, 12.156718188794196], [92.82833090110041, 12.15680482032859], [92.82833777770391, 12.156891452712918], [92.82834465340909, 12.156978085069028], [92.82832757553723, 12.157055566869055], [92.82831049766538, 12.157133047768324], [92.8282934197935, 12.157210529523214], [92.82827634192164, 12.15728801037733], [92.82825926404975, 12.157365492087068], [92.8282421861779, 12.157442972896048], [92.82822510830604, 12.157520454560636], [92.82817550962424, 12.157559248513644], [92.82812591004416, 12.157598042460965], [92.82805916701518, 12.157650246023973], [92.82799242308788, 12.157702449576702], [92.8279256800589, 12.1577546531192], [92.82785893702992, 12.157806856651458], [92.82779219310264, 12.157859060173463], [92.82772545007366, 12.1579112636852], [92.82765870704468, 12.157963467186722], [92.8275919640157, 12.158015670677988], [92.82752522008839, 12.158067874159014], [92.82745847705941, 12.15812007762976], [92.82739173403043, 12.158172281090291], [92.82732499010315, 12.158224484540566], [92.82725824707417, 12.158276687980601], [92.8271915040452, 12.158328891410356], [92.82712476011788, 12.158381094829895], [92.8270580170889, 12.158433298239194], [92.82699047366101, 12.1584798427432], [92.82692293023311, 12.158526387239064], [92.82685538680522, 12.158572931726749], [92.82678784337732, 12.158619477084503], [92.82672029994943, 12.158666021555916], [92.8266527565215, 12.158712566019211], [92.82658521309361, 12.158759110474339], [92.82651766966572, 12.158805655799474], [92.82645012623783, 12.158852200238305], [92.82638258280994, 12.158898744668994], [92.82630172185793, 12.158915907497645], [92.82622086000764, 12.158933071203357], [92.82613999905564, 12.158950234029808], [92.82605913720535, 12.158967397733305], [92.82597827625338, 12.158984560557519], [92.82593874858424, 12.159044692783171], [92.8258992200168, 12.159104825873364], [92.82585969234768, 12.159164958071816], [92.82581580964603, 12.159231714236434], [92.82577192694443, 12.159298471262435], [92.82572804514106, 12.159365227393504], [92.82568416243946, 12.159431983507858], [92.82566321821861, 12.159511832116506], [92.82564227399779, 12.159591679823073], [92.82562132977692, 12.15967152838376], [92.82560038555606, 12.159751376920514], [92.82557944133524, 12.159831224555113], [92.82555849711437, 12.159911073043904], [92.82553755289351, 12.15999092150873], [92.82551660867267, 12.160070769071382], [92.82549566355348, 12.160150617488243], [92.82545634878508, 12.16020585107781], [92.82541703491502, 12.160261084655916], [92.82537772014658, 12.16031631822256], [92.8253276794937, 12.16038662185917], [92.82527763884079, 12.160456924599043], [92.82522759818787, 12.160527228198518], [92.82517755753499, 12.160597530901216], [92.82512751598378, 12.160667834463505], [92.82507747533087, 12.160738137129028], [92.82500855298899, 12.160782571895608], [92.82493963154545, 12.160827006654783], [92.82487070920361, 12.16087144140649], [92.82480178686174, 12.160915876150794], [92.8247328654182, 12.160960310009516], [92.82466394307632, 12.161004744738998], [92.82458022009185, 12.161032353104002], [92.82449649710739, 12.161059961466155], [92.8244127750212, 12.16108756894727], [92.82432905203673, 12.161115177303685], [92.82424532905225, 12.161142785657265], [92.82416160606776, 12.161170394007943], [92.82407788398162, 12.161198001477581], [92.82399416099713, 12.161225608944397], [92.82391043801265, 12.161253217286475], [92.82384661899991, 12.161302423864829], [92.82378279998719, 12.161351629555933], [92.8237189818728, 12.161400835237904], [92.82365516286004, 12.161450041788928], [92.8235913438473, 12.161499248330882], [92.82352752483457, 12.161548453985539], [92.82346370672019, 12.161597659631111], [92.82339988770745, 12.1616468661457], [92.82333606869473, 12.161696072651205], [92.82329720128732, 12.161755051247248], [92.82325833387993, 12.161814029830172], [92.82321946647251, 12.161873009278182], [92.82317135450253, 12.161946016337929], [92.82312324253256, 12.162019023377624], [92.82307513056259, 12.162092030397245], [92.82302701859257, 12.16216503739684], [92.82297890752092, 12.162238044376359], [92.8229307955509, 12.162311051335854], [92.82288268358093, 12.162384058275274], [92.82283457161095, 12.162457065194682], [92.82278645964097, 12.162530072094], [92.82273834856929, 12.162603078973307], [92.8226902365993, 12.162676085832524], [92.8226421246293, 12.162749092671731], [92.82261178672553, 12.16282773370528], [92.82258144882175, 12.162906374715545], [92.82255111091796, 12.162985015702542], [92.82252077301419, 12.163063656666282], [92.82249043511041, 12.16314229848493], [92.82246009720664, 12.163220939402146], [92.82242975930286, 12.163299580296105], [92.82239942139908, 12.163378221166782], [92.82236908349532, 12.163456862014243], [92.82233874559154, 12.163535502838394], [92.82230504259874, 12.16360568268301], [92.8222713396059, 12.163675863387263], [92.82223763661307, 12.163746043194818], [92.82220393272193, 12.163816223862025], [92.82217022972911, 12.16388640363252], [92.82213652673626, 12.163956584262653], [92.82210282374342, 12.164026763996102], [92.82207728284328, 12.164079947186503], [92.82205174194311, 12.164133131244432], [92.82202620194127, 12.164186314413548], [92.82198123676973, 12.164243505430141], [92.82193627069988, 12.164300696434404], [92.82188532454516, 12.164365493923071], [92.82183437839043, 12.164430291395936], [92.82178343223576, 12.164495089731178], [92.82173248608103, 12.164559887172466], [92.82168153992633, 12.164624684597978], [92.8215976902794, 12.164641619617546], [92.82151384063246, 12.16465855463603], [92.82142999098552, 12.164675490531561], [92.82134614133858, 12.164692425547896], [92.8213969302881, 12.164760355281544], [92.82144771833934, 12.164828284119714], [92.82149896363303, 12.164896824128588], [92.82155020892671, 12.164965364119768], [92.82160145422044, 12.165033904971464], [92.82165269951413, 12.165102444927301], [92.82170394480782, 12.16517098486548], [92.82175519010153, 12.165239524785948], [92.82180643449689, 12.165308064688796], [92.82185767979061, 12.165376604573947], [92.8219089250843, 12.165445145319566], [92.82196017037799, 12.165513685169364], [92.82201141567172, 12.165582225001476], [92.8220626609654, 12.16565076481593], [92.82211318581025, 12.16571728049755], [92.82216370975678, 12.165783796162515], [92.82221423370329, 12.16585031181084], [92.8222647576498, 12.16591682656436], [92.82231528249466, 12.165983343057542], [92.82236580644117, 12.16604985777778], [92.82241633128602, 12.166116374237669], [92.82246685523255, 12.1661828889246], [92.8225173800774, 12.16624940447303], [92.82256790402391, 12.166315919126706], [92.82261842886876, 12.166382435519969], [92.82266895281528, 12.166448950140339], [92.82271947766013, 12.166515465622192], [92.82277000250494, 12.166581980209243], [92.82283637452971, 12.16653578837911], [92.8229027465545, 12.166489595662796], [92.82296911857924, 12.166443403816581], [92.82303549060403, 12.166397211084211], [92.8231018626288, 12.16635101922193], [92.82316823465355, 12.166304826473493], [92.82323460667833, 12.166258634595154], [92.8233009787031, 12.166212441830675], [92.82336735072785, 12.16616624993628], [92.82339949873695, 12.166229533936031], [92.823431646746, 12.166292817920679], [92.82346379385677, 12.1663561010121], [92.82349594186583, 12.166419384966648], [92.82352923882014, 12.166482668906083], [92.82356253577449, 12.166545952830454], [92.82359583183047, 12.166609235861635], [92.82362912878477, 12.166672519755867], [92.8236757953655, 12.16671020416352], [92.8237224610479, 12.166747887687677], [92.82376912762857, 12.166785572084631], [92.8238082789036, 12.166817186790391], [92.82383585897945, 12.166746379925286], [92.8238634390553, 12.166675573041365], [92.82389101913115, 12.166604766138576], [92.823918599207, 12.166533958338757], [92.82394617928286, 12.16646315139821], [92.82397375935871, 12.166392344438806], [92.82401560917286, 12.166317133593052], [92.82405745808867, 12.166241922726027], [92.82409930700449, 12.166166711837702], [92.82414115681864, 12.166091500049957], [92.82418300663278, 12.16601628911909], [92.82422485554864, 12.165941078166915], [92.82426331062932, 12.16587196763598], [92.82430176481166, 12.165802857087082], [92.82433768574494, 12.165738301437564], [92.82437360577987, 12.165673745772413], [92.82443181211873, 12.165613490350097], [92.82449001845757, 12.165553234035968], [92.8245482247964, 12.165492978586302], [92.82460643113522, 12.165432722244844], [92.82466463747406, 12.165372466767902], [92.82472284381288, 12.165312210399131], [92.8247810492534, 12.165251954894822], [92.82483925559225, 12.165191698498724], [92.82489746193107, 12.165131442967125], [92.82495566826991, 12.165071186543713], [92.82501387460873, 12.1650109309848], [92.82507208094759, 12.16495067453406], [92.8251325429561, 12.16489383053644], [92.82519300406628, 12.164836986526659], [92.82525346607481, 12.164780142504728], [92.82531797948525, 12.164719489080435], [92.82538249199739, 12.164658836520438], [92.82544700540781, 12.164598183068422], [92.82551151791996, 12.164537530480741], [92.82557603133041, 12.164476877001055], [92.82564054384254, 12.16441622438569], [92.82570505725299, 12.164355571756484], [92.82575388158696, 12.164309669327489], [92.82580270592098, 12.164263766012416], [92.82586709177066, 12.164207854458994], [92.82593147851865, 12.164151942015677], [92.82599586436832, 12.164096030438754], [92.82606025021798, 12.16404011885009], [92.82612463696597, 12.163984206371483], [92.82618902281568, 12.163928294759245], [92.82625340866534, 12.163872383135303], [92.82631779541333, 12.16381647149958], [92.826382181263, 12.163760559852063], [92.82643905989184, 12.163711167561402], [92.82649593852071, 12.163661775261543], [92.82655281714952, 12.163612382074335], [92.82660969577837, 12.163562989756144], [92.82666657440723, 12.163513597428755], [92.82674391845485, 12.163475190729805], [92.82682126340084, 12.163436783147196], [92.82689860744847, 12.163398375559051], [92.82697595149614, 12.163359968843462], [92.82705329644209, 12.163321561244187], [92.82713064048974, 12.163283153639364], [92.8272105779736, 12.163303053375586], [92.82729051455918, 12.16332295223217], [92.82737045204303, 12.163342851965414], [92.8274503886286, 12.163362750819033], [92.82753032611245, 12.163382650549263], [92.82761026269804, 12.163402550278043], [92.82769020018189, 12.163422450005335], [92.82777013676747, 12.16344234885296], [92.82785007425132, 12.163462248577275], [92.82793001083687, 12.163482147421963], [92.82797326022623, 12.163551750337264], [92.8280165096156, 12.16362135411255], [92.82805975900494, 12.163690956991429], [92.8281030083943, 12.163760559852063], [92.82814912251109, 12.163834773845952], [92.8281952366279, 12.163908986940953], [92.8282413507447, 12.163983200893394], [92.82828746486148, 12.164057413946958], [92.82833357897826, 12.164131627857962], [92.8283744181877, 12.164197352710117], [92.82841525829548, 12.164263077546039], [92.82845609750493, 12.164328802365688], [92.82849693761271, 12.16439452716913], [92.82853777682216, 12.164460251956273], [92.82857861603159, 12.164525976727196], [92.82861945613934, 12.164591701481848], [92.82866029534878, 12.164657426220229], [92.82871178049265, 12.164715780676763], [92.82876326563654, 12.16477413512045], [92.82881475078042, 12.164832490429475], [92.8288662359243, 12.164890845725663], [92.82891772016988, 12.164949200130954], [92.82896920531375, 12.16500755540152], [92.82902068955931, 12.165065909781175], [92.82907163122243, 12.165123648569713], [92.82912257288558, 12.165181388223896], [92.82917351454871, 12.165239126987345], [92.82922445621185, 12.165296865738275], [92.82927539787498, 12.165354605354802], [92.82932633953808, 12.165412344080657], [92.82928222237621, 12.165478328546122], [92.82923810521427, 12.1655443129952], [92.82919398805237, 12.165610296549755], [92.82914987089045, 12.165676280966073], [92.82910575372853, 12.165742265366006], [92.82906322119476, 12.165810384509752], [92.82902068955931, 12.165878502757916], [92.8289827977223, 12.165939189287078], [92.82894490678365, 12.165999874924195], [92.82902068955931, 12.165969133870789], [92.82909363725197, 12.1659395431776], [92.8291665849446, 12.165909952481156], [92.82923953173893, 12.165880361781415], [92.82931247943158, 12.16585077107838], [92.82934987719517, 12.165924386475021], [92.82938727495876, 12.165998000973156], [92.8294246736207, 12.166071616329036], [92.8294620722826, 12.166145231664508], [92.82949947004619, 12.166218846979627], [92.8295368678098, 12.16629246139616], [92.82957426647168, 12.166366076670464], [92.82963053873772, 12.166416934081388], [92.82968681100374, 12.166467790604427], [92.82974308237145, 12.16651864711772], [92.8297993546375, 12.166569504499407], [92.82988626125133, 12.166587972624344], [92.82997316786519, 12.166606440747982], [92.83006007447902, 12.166624908870359], [92.83014698109288, 12.166643376991402], [92.83023388770671, 12.166661845111225], [92.83032079432057, 12.16668031322971], [92.8304077009344, 12.166698781346948], [92.83049460754826, 12.166717249462877], [92.83058151416209, 12.166735717577547], [92.83066842077595, 12.166754185690905], [92.83075532738978, 12.166772654681143], [92.83084223400364, 12.166791122791969], [92.83089437401938, 12.166805840376368], [92.83094651403508, 12.166820557959964], [92.83102832270971, 12.166843649460606], [92.83111013228262, 12.166866741837389], [92.83119194095724, 12.16688983333401], [92.83127374963185, 12.166912924828633], [92.83135555920478, 12.166936017199399], [92.83143736787937, 12.166959108690003], [92.83151917655398, 12.166982200178609], [92.83160098612692, 12.167005292543369], [92.83168279480151, 12.167028384027942], [92.83176460437444, 12.167051476388657], [92.83184641304904, 12.167074567869262], [92.83192822172364, 12.167097659347817], [92.83201003129658, 12.167120751702514], [92.83209183997118, 12.167143843177064], [92.8321722724268, 12.167140091778565], [92.83225270398407, 12.16713634125809], [92.83233313643966, 12.167132590737603], [92.83241356799694, 12.167128840217051], [92.8325012238057, 12.16712475337021], [92.83258888051286, 12.167120665645152], [92.83267653632163, 12.167116577920032], [92.83276419213044, 12.167112490194846], [92.83285184883755, 12.167108402469637], [92.83293950464633, 12.167104314744325], [92.83302716045513, 12.16710022701895], [92.83311481716224, 12.16709613929351], [92.83320247297104, 12.167092051568021], [92.83329012877982, 12.16708796384248], [92.83337778548693, 12.167083876116864], [92.83346544129574, 12.16707978839117], [92.83355309710451, 12.167075700665412], [92.83364075291333, 12.167071612939644], [92.83372840962042, 12.16706752521376], [92.83381606542923, 12.167063437487824], [92.83390372123802, 12.167059349761812], [92.83399137794511, 12.167055262035788], [92.83407903375392, 12.167051174309663], [92.8341666895627, 12.167047086583473], [92.8342543462698, 12.167042998857207], [92.83434200207861, 12.167038911130904], [92.83442965788743, 12.167034823404562], [92.83451731459452, 12.167030735678104], [92.8346049704033, 12.167026647951609], [92.83467407510318, 12.167002771412543], [92.8347431789047, 12.166978894871328], [92.8348115676473, 12.166955265962615], [92.83489046847534, 12.166928004198773], [92.83496936840507, 12.166900743310284], [92.83504826923308, 12.166873482418973], [92.83512717006113, 12.166846220646747], [92.83520606999086, 12.166818959749836], [92.83528497081889, 12.166791698850178], [92.8353502181529, 12.166742439721556], [92.83541546548695, 12.166693180583838], [92.83548071192267, 12.166643922315123], [92.83554595925668, 12.16659466315911], [92.83561120659071, 12.166545403994], [92.83567645392478, 12.166496144819769], [92.83574170125877, 12.166446885636365], [92.8358069476945, 12.166397627321992], [92.83587219502853, 12.166348368120357], [92.83593744236255, 12.166299108909561], [92.83598937666407, 12.166227512459187], [92.83604131186391, 12.166155915111323], [92.83609324616543, 12.166084318622325], [92.83614518046696, 12.166012721235926], [92.83619711476848, 12.165941124708352], [92.83624904996832, 12.16586952728338], [92.83630098426984, 12.165797930717233], [92.83635291857136, 12.165726333253636], [92.83639364189813, 12.165670191934908], [92.8364343652249, 12.165614051482446], [92.8364750885517, 12.165557910139992], [92.83647510022979, 12.165483903868713], [92.83647511100956, 12.165409897576813], [92.83647512268765, 12.165335891264329], [92.83647513346746, 12.16526188493122], [92.83647514424722, 12.165187878577516], [92.836475155027, 12.165113872203188], [92.83647516311186, 12.1650601781403], [92.8364751711967, 12.165006483188408], [92.83644910747704, 12.164929522688317], [92.83642304375739, 12.16485256128777], [92.83639698003773, 12.164775600743074], [92.83637091631807, 12.164698640176113], [92.83634485259844, 12.164621678708713], [92.83631878887878, 12.164544718097199], [92.83629128336308, 12.164463500215422], [92.83626377874573, 12.164382283186988], [92.83623627323003, 12.164301065255597], [92.83620876861268, 12.164219848177535], [92.83618126309698, 12.164138630196524], [92.83617116872811, 12.16405546358345], [92.83616107346097, 12.163972296066259], [92.83615097909212, 12.163889129401175], [92.83614088382494, 12.1638059618319], [92.8361307885578, 12.163722795114783], [92.83612069329062, 12.163639627493472], [92.83611059892176, 12.163556460724308], [92.83610050365462, 12.163473293050952], [92.83609040838746, 12.163390126229741], [92.83608031312029, 12.16330695850435], [92.83607021785315, 12.163223791631106], [92.83606012258596, 12.163140623853707], [92.8360500273188, 12.163057456928417], [92.83603993205162, 12.162974289098946], [92.83602983678448, 12.162891122121621], [92.83606213481218, 12.162813751790837], [92.83609443373824, 12.162736381437522], [92.83612673176596, 12.162659011061727], [92.83615903069202, 12.16258163978525], [92.83619132871972, 12.162504269364392], [92.83622362764575, 12.162426898921016], [92.8362559256735, 12.162349528455147], [92.83628520715848, 12.162279385161277], [92.83631448864351, 12.16220924097077], [92.8363437701285, 12.162139097639916], [92.83636604385596, 12.162085741943214], [92.83638831758343, 12.162032385357648], [92.83644958358414, 12.161973633386749], [92.83651084868652, 12.161914882280975], [92.8365721146872, 12.161856130284086], [92.83663337978957, 12.161797379152384], [92.83669464579029, 12.161738628007694], [92.83675591179096, 12.161679876850013], [92.83681825577, 12.161652224644484], [92.83688059974902, 12.16162457243612], [92.83694294372808, 12.161596920224856], [92.83699023373958, 12.161575945499534], [92.83702681583289, 12.161497697509137], [92.83706339702788, 12.161419450373877], [92.83709997822288, 12.161341202337427], [92.83713655941789, 12.161262954277987], [92.83715531085113, 12.16122284538775], [92.83717406138605, 12.161182736491467], [92.83722920267314, 12.16111699859979], [92.83728434306191, 12.161051261570002], [92.83733948345069, 12.160985524524008], [92.83739462383946, 12.16091978746173], [92.83744976422823, 12.16085404950504], [92.83750490461699, 12.160788311532093], [92.83756004500576, 12.16072257354291], [92.83761518539453, 12.160656836415647], [92.8376703257833, 12.16059109839396], [92.83772546617206, 12.160525361234141], [92.83778060656084, 12.160459623179948], [92.83786131030764, 12.16043604374675], [92.83794201495277, 12.16041246431145], [92.83802271869958, 12.160388884874065], [92.83810342334472, 12.160365305434594], [92.83818412709152, 12.160341725993062], [92.83826483173662, 12.160318146549406], [92.83834553548346, 12.160294567103662], [92.83841463659006, 12.160274378227895], [92.83843719777842, 12.160205971385638], [92.83845975896676, 12.160137564525774], [92.83848232105346, 12.160069156770126], [92.83850488224179, 12.16000074987507], [92.83852744343017, 12.15993234296241], [92.83855082927197, 12.159861436787628], [92.83857421421544, 12.159790530593925], [92.83859759915892, 12.159719625259509], [92.83862098500069, 12.159648719027986], [92.83864437084249, 12.15957781277757], [92.83866056746706, 12.159528703355978], [92.83867676498996, 12.15947959304715], [92.83869040770416, 12.15943822811653], [92.83876720288119, 12.159396266029352], [92.83884399805818, 12.159354303057395], [92.83892079323522, 12.159312340956973], [92.83899758751389, 12.159270378849921], [92.83907438269092, 12.159228416736255], [92.83915117786792, 12.159186454615961], [92.83922797304491, 12.159144492489052], [92.83931385108777, 12.159133028073715], [92.83939972913062, 12.159121562779754], [92.83948560717347, 12.159110098363437], [92.8395714852163, 12.15909863394661], [92.83965736325915, 12.159087169529338], [92.83974324130199, 12.159075705111531], [92.83982911844653, 12.159064240693242], [92.83991499648937, 12.159052776274443], [92.84000087453222, 12.15904131185516], [92.84008675257509, 12.159029847435383], [92.84017263061793, 12.159018383015146], [92.84025850866075, 12.159006918594375], [92.8403443867036, 12.158995454173109], [92.84042861723621, 12.158969850443569], [92.84051284866715, 12.158944245833345], [92.84059707919977, 12.15891864122069], [92.84066701933284, 12.15887445378482], [92.84073695946593, 12.158830266341543], [92.84080689870068, 12.158786079769115], [92.84087683883376, 12.158741892311209], [92.84094677896685, 12.158697704845924], [92.8410167190999, 12.158653517373322], [92.84108665833469, 12.158609329893343], [92.84115659846772, 12.15856514240606], [92.84122653860082, 12.158520954911411], [92.84127478172483, 12.158453965854633], [92.84132302484886, 12.158386975902848], [92.84137126797287, 12.158319986812332], [92.8414195110969, 12.158252996826768], [92.84146775422093, 12.158186007702499], [92.84151599734496, 12.158119017683221], [92.84156424046893, 12.158052028525214], [92.84161248359295, 12.157985038472146], [92.8416538573, 12.157927587928322], [92.84169523100705, 12.15787013737207], [92.84173897626644, 12.157796668155452], [92.84178272152583, 12.157723198918553], [92.84182712165706, 12.157648630195366], [92.84187152088998, 12.157574062329438], [92.84191592102123, 12.157499493564432], [92.84196032025412, 12.157424925656725], [92.84200472038536, 12.157350356849914], [92.84204911961827, 12.157275788900352], [92.84209351974951, 12.157201220051721], [92.84213791898242, 12.15712665206034], [92.84218231911365, 12.157052083169905], [92.84219143611551, 12.15696954574445], [92.8422005540156, 12.156887008293412], [92.84220967101746, 12.156804471694887], [92.84221878891756, 12.156721934192591], [92.8422279059194, 12.15663939666472], [92.84223702381954, 12.156556859111204], [92.84224614171964, 12.156474321532077], [92.84225525872148, 12.156391784805518], [92.84226437572329, 12.156309247175159], [92.8422734927251, 12.156226709519188], [92.84228215068782, 12.156148329985225], [92.84229080954884, 12.156069949550018], [92.84229946751155, 12.155991569969897], [92.84230812547426, 12.155913189488496], [92.84231678343696, 12.15583480986218], [92.8423254413997, 12.155756429334584], [92.84233409936238, 12.155678049662036], [92.84232965629501, 12.155601401726528], [92.84232521412592, 12.155524754647072], [92.84232077195684, 12.155448106667354], [92.84231632978775, 12.155371458665563], [92.84231188761868, 12.155294811519862], [92.84230744544959, 12.155218163473874], [92.84230243554525, 12.155131712327004], [92.84229742474261, 12.155045261152031], [92.84227807503136, 12.154961318899517], [92.84225872442185, 12.154877375742313], [92.8422393738123, 12.15479343343681], [92.84222002320277, 12.15470949022663], [92.84220067349156, 12.154625547868152], [92.84218132288201, 12.154541604604983], [92.8421619731708, 12.154457662193531], [92.84214262256125, 12.154373719755563], [92.8421232719517, 12.154289776412972], [92.8421039222405, 12.154205833922017], [92.84208457163096, 12.154121890526424], [92.84206522102144, 12.154037947982532], [92.84204587041191, 12.153954004533976], [92.84202651980236, 12.15387006193711], [92.84201907636192, 12.153782684749912], [92.84201163202316, 12.153695306655825], [92.84200418858272, 12.153607929411239], [92.84199674424397, 12.1535205512598], [92.84198930080352, 12.153433173957774], [92.84198185646474, 12.153345795748931], [92.84197441212599, 12.153258418389553], [92.84196773674513, 12.15318006608288], [92.84196106226256, 12.153101713753127], [92.84195438688167, 12.15302336140031], [92.84194771239912, 12.152945009902567], [92.84194103791657, 12.152866657503605], [92.84193436253571, 12.152788305081566], [92.84192768715481, 12.152709952636437], [92.84192101177393, 12.152631600168242], [92.84194514052247, 12.152555329852536], [92.84196926927098, 12.152479058636757], [92.84199339801951, 12.1524027882773], [92.84201752676806, 12.15232651789596], [92.84204165551658, 12.152250246614622], [92.84206578426513, 12.152173976189557], [92.84208991301367, 12.152097704864468], [92.84211404176217, 12.152021434395701], [92.84210486367493, 12.151941366626403], [92.84209568648598, 12.151861298833035], [92.84208650839874, 12.151781231015544], [92.84207733031145, 12.151701164052174], [92.8420681522242, 12.151621096186531], [92.84205897413696, 12.151541028296766], [92.8420497960497, 12.15146096038293], [92.84205300752684, 12.151376984506532], [92.84205621810567, 12.15129300860366], [92.8420594295828, 12.151209032674249], [92.84206264105995, 12.151125056718376], [92.84206585253708, 12.151041080735977], [92.84206906401424, 12.150957104727091], [92.84207227549135, 12.150873128691718], [92.84207548696851, 12.150789152629804], [92.84207869844563, 12.150705176541429], [92.84208190992278, 12.150621200426528], [92.84208522380784, 12.150534543167414], [92.84208853859127, 12.15044788588008], [92.84209185247633, 12.15036122856453], [92.84209516636142, 12.150274571220761], [92.84209848024652, 12.150187913848736], [92.84210179413161, 12.150101256448544], [92.84210510801667, 12.150014599020121], [92.84208542952206, 12.149931947880829], [92.84206575102746, 12.149849296715889], [92.84204607253285, 12.149766645525274], [92.84202639403824, 12.149683993430786], [92.84200671554362, 12.149601342188838], [92.84198703704901, 12.149518690921216], [92.84196735855438, 12.149436039627895], [92.84201004829332, 12.149360348883231], [92.84205273803225, 12.149284658995219], [92.84209542777118, 12.149208968207464], [92.84213811751012, 12.149133277398185], [92.84217516942232, 12.149067582194919], [92.84221222223285, 12.149001886097256], [92.84224927504339, 12.148936190861575], [92.84228293042547, 12.148876519160735], [92.8423165849093, 12.148816847446513], [92.84237172080648, 12.148754578890154], [92.842426857602, 12.148692309441063], [92.84248199349918, 12.14863004085557], [92.84253712939636, 12.148567772255511], [92.84259226619187, 12.148505502762694], [92.84264740208909, 12.148443234133513], [92.84270253798628, 12.148380965489753], [92.8427576747818, 12.148318695953236], [92.84281281067898, 12.14825642728034], [92.84288689474047, 12.148212365412373], [92.84296097880194, 12.148168303537078], [92.84303506286342, 12.148124240776317], [92.84310914692492, 12.148080178886467], [92.84318323098637, 12.148036116989328], [92.84325731504788, 12.14799205420667], [92.84333139910933, 12.147947992294913], [92.84340548317083, 12.147903930375891], [92.84346659016973, 12.14785150535057], [92.84352769716861, 12.147799080314929], [92.84358880326916, 12.14774665526892], [92.84364991026806, 12.14769423021263], [92.84371101726694, 12.14764180514601], [92.84377212426584, 12.14758937919086], [92.84383323126472, 12.147536954103579], [92.8438943373653, 12.14748452900598], [92.84395544436417, 12.147432103898065], [92.84401655136307, 12.14737967877982], [92.84408546023019, 12.1473955039724], [92.844154368199, 12.147411329164013], [92.84423304354989, 12.147384782009322], [92.84431171979911, 12.147358233973796], [92.84439039515, 12.1473316859356], [92.84446907050094, 12.147305138772994], [92.84454774585183, 12.14727859160772], [92.84462642210106, 12.14725204356157], [92.84470509745195, 12.14722549639099], [92.84478377280284, 12.147198949217776], [92.84486843183183, 12.147221555898058], [92.84495308996252, 12.147244162576419], [92.84503774899154, 12.147266769252859], [92.84512240712225, 12.147289375927391], [92.84520706615123, 12.14731198259995], [92.84529172428192, 12.14733458927064], [92.84537638331092, 12.147357196817623], [92.84544873452221, 12.147397882142192], [92.84552108573352, 12.147438567460588], [92.84559343694482, 12.14747925365094], [92.84566578815611, 12.147519938956858], [92.84573141098595, 12.147576765590747], [92.84579703381576, 12.147633593090703], [92.84586265574725, 12.147690419700318], [92.84592827857709, 12.147747247175998], [92.84599390140693, 12.147804073761364], [92.84605952423672, 12.147860900334594], [92.84612514706656, 12.147917727773876], [92.84619076899806, 12.147974554322818], [92.8462563918279, 12.148031380859651], [92.84632201465769, 12.148088208262534], [92.84638763748752, 12.148145034775105], [92.84645326031732, 12.148201862153726], [92.84651888314714, 12.148258688642036], [92.84658450507865, 12.148315515118208], [92.84665012790849, 12.148372342460432], [92.84671575073828, 12.148429168912342], [92.8467813735681, 12.148485995352077], [92.84684699639794, 12.148542822657904], [92.84691261832945, 12.148599649073416], [92.84697824115926, 12.148656476354969], [92.84704386398909, 12.148713302746206], [92.84711299923167, 12.148766191289818], [92.84718213357591, 12.148819078944745], [92.84725126881851, 12.148871967467327], [92.84732040316278, 12.148924855101225], [92.84738953840535, 12.148977743602803], [92.84745867364794, 12.14903063209386], [92.84752780799221, 12.149083519696243], [92.84759694323479, 12.14913640816627], [92.84766607757905, 12.149189295747636], [92.84773521282163, 12.149242184196646], [92.84780434806423, 12.14929507263516], [92.84787348240846, 12.149347960184988], [92.84794261765106, 12.149400847724309], [92.84801175199534, 12.149453735253083], [92.8480808872379, 12.149506623649549], [92.84815002248048, 12.149559512035546], [92.84821915682475, 12.149612399532781], [92.84828829206734, 12.14966528789776], [92.8483574264116, 12.149718175373978], [92.84842656165418, 12.149771063717901], [92.84849761120664, 12.149820486699578], [92.84856866075907, 12.149869909672045], [92.84863971120984, 12.149919332635353], [92.8487107607623, 12.149968754711283], [92.84878181031478, 12.15001817765622], [92.84885286076553, 12.150067600592008], [92.84892391031796, 12.150117022640384], [92.84899495987042, 12.150166445557813], [92.84906601032118, 12.150215868466033], [92.84913705987366, 12.150265290486916], [92.84920811032441, 12.150314713376776], [92.84927915987686, 12.150364135379288], [92.84935020942932, 12.150413558250792], [92.84942125988009, 12.150462981113122], [92.84949230943253, 12.150512403088102], [92.84953109419493, 12.150578812782229], [92.8495698789573, 12.150645222459776], [92.84960866371974, 12.150711631242544], [92.8496474484821, 12.150778040886951], [92.84969090448396, 12.150852449070802], [92.84973436048585, 12.150926856355637], [92.8497778164877, 12.151001264497912], [92.84982127338789, 12.15107567261935], [92.84986472938975, 12.15115008071997], [92.84990818539164, 12.15122448792159], [92.84995164139349, 12.151298895980638], [92.84999657153077, 12.151366391797584], [92.85004150076968, 12.151433887597433], [92.85008643090694, 12.151501383380158], [92.85013136014587, 12.151568879145731], [92.85017629028313, 12.15163637489422], [92.85022122042037, 12.151703871503761], [92.85026614965932, 12.151771367218014], [92.85031107889824, 12.151838862915143], [92.85035600903551, 12.151906358595136], [92.85040093827443, 12.151973854257978], [92.85044586841167, 12.152041349903747], [92.85049079765062, 12.152108845532393], [92.85053822420605, 12.152180092753525], [92.85058565165977, 12.152251339955612], [92.85063307821521, 12.15232258713859], [92.85068050566896, 12.152393834302524], [92.85072793222436, 12.152465081447348], [92.85077901582135, 12.15252934964005], [92.85083009941827, 12.15259361693903], [92.85088118301522, 12.15265788510069], [92.85093226661216, 12.152722153246778], [92.85098334931077, 12.152786420499218], [92.85103443290772, 12.152850688614278], [92.8510855165047, 12.152914956713829], [92.85113659920331, 12.152979223919669], [92.85118768280026, 12.15304349198819], [92.85124230665772, 12.15311221418383], [92.85129693141353, 12.153180937239886], [92.85135155527102, 12.153249659400018], [92.8514061800268, 12.15331838242058], [92.85146080388431, 12.153387104545205], [92.85151542774177, 12.153455826652094], [92.85157005249758, 12.153524549619426], [92.85162467635504, 12.15359327169081], [92.85167930111085, 12.153661994622608], [92.85173392496831, 12.153730716658481], [92.85177757410798, 12.153804905349697], [92.85182122234932, 12.153879094020251], [92.851864871489, 12.153953283548258], [92.85190851973033, 12.15402747217744], [92.85195216887, 12.154101660785898], [92.85199581800961, 12.154175849373669], [92.85203946714928, 12.154250038818942], [92.85208311539061, 12.15432422736533], [92.8521267645303, 12.154398415891066], [92.85217041277163, 12.154472604396092], [92.8522140619113, 12.154546792880407], [92.85225771105095, 12.154620982222236], [92.85230135929228, 12.154695170665176], [92.85234500843191, 12.15476935908747], [92.85238865667328, 12.154843547489039], [92.85243230581293, 12.154917736748098], [92.85247595405426, 12.15499192510828], [92.85251960319393, 12.155066113447779], [92.85256087808628, 12.155136267426023], [92.85260215297866, 12.155206420507579], [92.85264342787099, 12.155276574448814], [92.85269377395109, 12.15534853390003], [92.85274412003122, 12.155420494209919], [92.8527944661113, 12.155492453622152], [92.8528448121914, 12.155564413893135], [92.85289515737317, 12.15563637326644], [92.8529455034533, 12.155708332620291], [92.85299584953339, 12.155780292832842], [92.85304619561349, 12.155852252147751], [92.85309654169357, 12.155924212321372], [92.85314688777368, 12.155996171597364], [92.85319723385376, 12.156068130853903], [92.85324757993388, 12.156140090969116], [92.85329792511564, 12.156212050186674], [92.85334827119574, 12.156284010262958], [92.85339861727583, 12.156355969441613], [92.85344896335596, 12.156427928600776], [92.85349930943606, 12.15649988861869], [92.85354965551615, 12.15657184773891], [92.85360000159623, 12.156643807717856], [92.85365034767634, 12.156715766799172], [92.85370069285814, 12.156787725860998], [92.85375103893823, 12.156859685781523], [92.85380138501833, 12.156931644804445], [92.85385173109842, 12.15700360468604], [92.8539020771785, 12.157075563670006], [92.85395476965815, 12.157141503661558], [92.85400746213777, 12.15720744363675], [92.85406015551571, 12.157273384473745], [92.85411284799531, 12.15733932441624], [92.85416554047494, 12.157405264342389], [92.85421823385288, 12.157471204252188], [92.85427092633248, 12.157537144145639], [92.85432361881213, 12.157603084022742], [92.85437631219004, 12.157669024761676], [92.85442900466968, 12.157734964606082], [92.8544816971493, 12.157800904434142], [92.85453439052725, 12.15786684424584], [92.85458708300685, 12.157932784041204], [92.85463977548646, 12.157998723820207], [92.85469246886441, 12.158064664461012], [92.85474516134401, 12.158130604207331], [92.85479785382367, 12.15819654393729], [92.85484356100362, 12.158261724037601], [92.85488926818358, 12.15832690324373], [92.85493497536358, 12.15839208331207], [92.85498068164523, 12.15845726248628], [92.85502539439015, 12.15852102428646], [92.85507010713512, 12.158584786949486], [92.85511481988009, 12.158648548719095], [92.85513135247456, 12.158729455750809], [92.85514788506904, 12.158810362757906], [92.85516441766352, 12.15889126974041], [92.85518095025803, 12.158972176698285], [92.85519748375081, 12.15905308363153], [92.85521401634533, 12.159133990540157], [92.85523054983811, 12.15921489742418], [92.85524708243263, 12.15929580428361], [92.8552636159254, 12.159376711118398], [92.85528014851992, 12.159457617928567], [92.85528253264869, 12.15947959304715], [92.85529055190919, 12.159553522833594], [92.85529857116977, 12.1596274517213], [92.85530659043029, 12.159701381466602], [92.85531460969084, 12.159775311191343], [92.8553226289514, 12.159849240017387], [92.85533064821192, 12.159923169701047], [92.85533201993935, 12.160009047608328], [92.85533339166679, 12.160094926366025], [92.85533476339423, 12.160180804217838], [92.85533613512169, 12.160266682920053], [92.85533750684912, 12.160352560716396], [92.85533887857655, 12.160438438485004], [92.85534025030398, 12.160524317104016], [92.85534162203142, 12.160610194817144], [92.85534299375885, 12.160696073380713], [92.85534436458799, 12.160781951038357], [92.8553720767162, 12.16084442139006], [92.85539978884438, 12.160906891727105], [92.85542750097261, 12.16096936204947], [92.85545521310081, 12.161031832357164], [92.85549066152022, 12.161111741956345], [92.85552610904132, 12.161191651531508], [92.85556155656244, 12.161271560204474], [92.85559700498186, 12.16135146973161], [92.85562719017207, 12.161431538180834], [92.8556573744639, 12.16151160572776], [92.8556875596541, 12.161591674128756], [92.85571774484427, 12.161671742505629], [92.85574793003444, 12.161751810858368], [92.85577811432631, 12.161831878308872], [92.85580829951647, 12.161911946613381], [92.85583848470664, 12.161992014893794], [92.85586866899851, 12.16207208227195], [92.85589885418868, 12.162152150504145], [92.85592903937885, 12.16223221871222], [92.85595922456905, 12.162312286896148], [92.85598940886089, 12.162392354177866], [92.85601959405109, 12.162472422313565], [92.85604574041575, 12.162551347950041], [92.8560718867804, 12.162630273563094], [92.85609803314505, 12.162709199152715], [92.85612417950973, 12.162788124718901], [92.8561503258744, 12.162867050261651], [92.85617647223904, 12.162945975780968], [92.85620261860369, 12.163024900398687], [92.85622876496838, 12.163103825871149], [92.85625491133302, 12.163182751320175], [92.85628105769769, 12.163261676745755], [92.85630720406233, 12.163340602147887], [92.85633334952868, 12.16341952752661], [92.85635949589334, 12.1634984528819], [92.85633536983975, 12.163578679629303], [92.85631124378618, 12.163658907230621], [92.8562871177326, 12.163739133929564], [92.85626299167899, 12.163819360604336], [92.85621845500386, 12.163854409218565], [92.8561739183287, 12.16388945782819], [92.8561265636385, 12.16392672375431], [92.85607920894827, 12.163963989675239], [92.85600615525442, 12.164014157322487], [92.85593310245889, 12.164064324082105], [92.85586004876504, 12.164114491710384], [92.85578699596951, 12.164164659329224], [92.85571394227566, 12.164214826938572], [92.8556408885818, 12.164264994538467], [92.85556783578627, 12.164315161250759], [92.85549478209242, 12.164365328831723], [92.85542172929688, 12.16441549552506], [92.85534867560303, 12.164465663087068], [92.8552818768785, 12.164517464867524], [92.8552150790523, 12.16456926663789], [92.85514828122609, 12.164621068398167], [92.85508148250156, 12.164672870148344], [92.85501468377703, 12.16472467188842], [92.85494788595082, 12.164776472740243], [92.85488108812461, 12.164828274460127], [92.8548142894001, 12.164880076169924], [92.85474749067556, 12.164931877869618], [92.85468069284936, 12.164983678681061], [92.85461389412481, 12.165035480360565], [92.85454709629862, 12.165087281151843], [92.85448029757409, 12.165139082811157], [92.85440678573944, 12.165172073762623], [92.8543332739048, 12.16520506558818], [92.85425976207016, 12.165238056531452], [92.85418625023551, 12.165271048348792], [92.85411273840084, 12.165304039283908], [92.85403922656619, 12.165337030214928], [92.85396571473156, 12.165370022019978], [92.85389220289692, 12.16540301294282], [92.85381869106226, 12.165436004739675], [92.85374517922763, 12.165468995654285], [92.8536657618683, 12.165480613471235], [92.85358634450897, 12.165492231287638], [92.85350692714965, 12.165503849103533], [92.85342751068865, 12.165515466918958], [92.85334809332932, 12.165527085611961], [92.85326867596999, 12.165538704304494], [92.8531892586107, 12.165550322118378], [92.85310273018759, 12.165569150352164], [92.85301620266276, 12.165587977706465], [92.85292967423968, 12.165606805937605], [92.85284314581655, 12.165625634167386], [92.85275661739344, 12.165644462395829], [92.85267008986864, 12.165663289744824], [92.85258356144553, 12.165682117970595], [92.85249703302242, 12.16570094531692], [92.8524105045993, 12.165719773540031], [92.8523239770745, 12.165738600883646], [92.85223744865138, 12.165757428225973], [92.85215092022827, 12.16577625644508], [92.85207410618666, 12.165768694773917], [92.85199729124669, 12.16576113310255], [92.85192047720508, 12.165753571430967], [92.85183636974165, 12.165745291439825], [92.85175226227824, 12.165737012326577], [92.85166815571313, 12.165728733213102], [92.85158404824969, 12.165720453221196], [92.85149994078628, 12.16571217322906], [92.85141583332285, 12.165703893236634], [92.85134743290219, 12.165663209833948], [92.85127903158319, 12.165622526425054], [92.8512106311625, 12.165581843009925], [92.85114223074181, 12.165541159588564], [92.85107382942283, 12.165500476160993], [92.85100542900216, 12.165459792727177], [92.85093702858147, 12.1654191092871], [92.85086862726249, 12.16537842584084], [92.8508002268418, 12.165337742388335], [92.85071753153004, 12.165316267417026], [92.8506348353199, 12.165294792443937], [92.85055214000809, 12.165273317469119], [92.85046944469632, 12.165251842492594], [92.85038674848619, 12.165230367514303], [92.85030405317441, 12.16520889253428], [92.85022135696428, 12.165187417552552], [92.85013866165252, 12.165165942569056], [92.8501237675851, 12.165233069559303], [92.85010887351766, 12.165300195654451], [92.85009397945026, 12.165367322610805], [92.85008350509406, 12.165414531532544], [92.85012280459111, 12.165491874762038], [92.85016210408817, 12.165569217969065], [92.85020140358519, 12.165646561153547], [92.85024070308224, 12.165723904315525], [92.85028000257928, 12.165801247455022], [92.85031930207634, 12.165878590571976], [92.85035860157339, 12.165955933666423], [92.85039790196879, 12.166033276738379], [92.85043720146581, 12.16611061978784], [92.85047279990391, 12.166191226859304], [92.85050839834199, 12.166271833906343], [92.85054399767836, 12.166352441807069], [92.85057959611643, 12.16643304880519], [92.85061519455452, 12.166513655778873], [92.8506507929926, 12.166594262728129], [92.85068639143067, 12.166674869652907], [92.85072198986876, 12.166755476553233], [92.85075758920516, 12.16683608430727], [92.85079318764323, 12.166916691158704], [92.85082878697965, 12.166997297985713], [92.85086438541772, 12.167077904788242], [92.85092870209712, 12.167127627510673], [92.85099301787821, 12.167177350223815], [92.8510573345576, 12.167227073805785], [92.85112165033868, 12.167276796500303], [92.85120342847054, 12.16728945746362], [92.85128520750078, 12.167302118426312], [92.85136698563264, 12.167314779388445], [92.85144876376455, 12.16732744034993], [92.85153054279473, 12.167340101310842], [92.85161232092665, 12.167352762271117], [92.85169409905855, 12.167365422352683], [92.8517758771904, 12.167378083311787], [92.85185765622064, 12.167390744270257], [92.8519394343525, 12.167403404350003], [92.85202098071906, 12.167439850483115], [92.85210252798393, 12.167476297489404], [92.85218407435048, 12.167512743612503], [92.85226562161533, 12.167549190608769], [92.85234716798188, 12.167585636721906], [92.85242871524676, 12.16762208370817], [92.8525102616133, 12.167658529811323], [92.85259180887815, 12.167694976787576], [92.8526733552447, 12.167731422880703], [92.85275490161125, 12.167767868968841], [92.85283644887609, 12.16780431593012], [92.85291799524263, 12.167840762008272], [92.85299954250752, 12.167877208959524], [92.85308108887406, 12.167913655027652], [92.85316263613892, 12.167950101968918], [92.85324418250546, 12.167986548027084], [92.85331431936959, 12.16803777745642], [92.85338445533539, 12.168089005997745], [92.8534545921995, 12.168140235407336], [92.85352472906365, 12.168191464807053], [92.85359486592776, 12.168242694196849], [92.85366500189359, 12.168293922698696], [92.8537351387577, 12.168345152068746], [92.85380527562181, 12.16839638142896], [92.85387541248592, 12.168447610779292], [92.85394554845175, 12.168498839241586], [92.85401568531586, 12.168550068572172], [92.85408582218001, 12.168601297892872], [92.85415595904412, 12.16865252720365], [92.85422609500993, 12.168703755626453], [92.85429623187406, 12.168754984917523], [92.85434625096738, 12.168821935375039], [92.85439627006072, 12.168888885815685], [92.85444628915407, 12.168955836239423], [92.8544963073491, 12.16902278576819], [92.8545463264424, 12.169089736158227], [92.85459634553575, 12.169156686531394], [92.85464879816517, 12.16922689386988], [92.8547012498963, 12.16929710118983], [92.85475370252576, 12.169367308491232], [92.85480615425688, 12.16943751577411], [92.85483658648374, 12.169517180482616], [92.85486701781232, 12.169596845167243], [92.85489745003919, 12.169676509828015], [92.85492788136776, 12.16975617446487], [92.85495831269634, 12.169835838199718], [92.8549887449232, 12.16991550278879], [92.85501917715007, 12.169995167354019], [92.85504960847865, 12.170074831895317], [92.85508514852624, 12.170153575258135], [92.85512068857382, 12.17023231859762], [92.85515622862141, 12.17031106103566], [92.85519176866897, 12.170389804328469], [92.8552273087166, 12.170468547597931], [92.85526284876416, 12.17054729084406], [92.85529838881175, 12.170626034066858], [92.85533392885935, 12.170704776388172], [92.85536946890691, 12.170783519564266], [92.8554050098528, 12.170862263595179], [92.85544054990042, 12.170941005846469], [92.85547608994798, 12.171019748074453], [92.85551162999558, 12.171098491157204], [92.85554717094148, 12.17117723421661], [92.85558271098908, 12.171255977252684], [92.85561825103665, 12.171334720265412], [92.85565379108424, 12.171413462376682], [92.85568933203014, 12.171492205342732], [92.85572487207774, 12.171570948285437], [92.85574455326729, 12.171655596571563], [92.85576423445686, 12.171740244830707], [92.85578391654474, 12.171824893062878], [92.85580359773427, 12.171909541268064], [92.85582327982215, 12.171994189446332], [92.85584296101172, 12.172078837597578], [92.85584888180774, 12.172104302199479], [92.85583451774636, 12.172185094492098], [92.85582015368497, 12.172265886760163], [92.85580579052188, 12.172346679003637], [92.8557914264605, 12.172427472100656], [92.85577706329741, 12.17250826429501], [92.85576269923601, 12.172589056464759], [92.85574833607296, 12.172669848609951], [92.85573397201154, 12.172750640730541], [92.85574468621796, 12.172831245787545], [92.85575540042433, 12.172911850820096], [92.85576611463075, 12.172992456706258], [92.85577682883714, 12.173073061689905], [92.8557875430435, 12.173153666649037], [92.85579825724993, 12.173234271583716], [92.85580897145631, 12.173314876493944], [92.85581968566268, 12.173395481379732], [92.8558303998691, 12.173476087119155], [92.85584111407549, 12.173556691955989], [92.8558518282819, 12.17363729676837], [92.85586254248828, 12.173717901556273], [92.85584109521088, 12.173800263426548], [92.85581964793347, 12.173882625271288], [92.85579820155436, 12.17396498621238], [92.85577675427696, 12.17404734800603], [92.85575530699954, 12.174129709774157], [92.85573385972214, 12.174212071516726], [92.85571241334306, 12.174294432355621], [92.85569096696396, 12.174376794047111], [92.85566951968656, 12.174459155713054], [92.85563568104811, 12.1745396900026], [92.85560184240965, 12.174620225145809], [92.85556800466955, 12.174700759386516], [92.85553416603109, 12.174781293602758], [92.85550032739266, 12.174861828672698], [92.85546648965256, 12.174942362840138], [92.8554326510141, 12.17502289786124], [92.855398813274, 12.175103431979839], [92.85536497463558, 12.175183966073961], [92.8553311359971, 12.175264501021832], [92.855297298257, 12.175345035067112], [92.85525311461973, 12.175419437252947], [92.8552089309825, 12.17549383941794], [92.85516474734526, 12.175568241562047], [92.85512056370798, 12.175642643685338], [92.85507638007074, 12.17571704578779], [92.85503219643351, 12.175791447869353], [92.85498801279624, 12.175865849930103], [92.854943829159, 12.175940251970012], [92.85489964552175, 12.176014653989059], [92.85485546188448, 12.176089055987266], [92.85481127824725, 12.176163457086506], [92.85476709371167, 12.176237859043036], [92.85472291007444, 12.176312260978712], [92.85467673756713, 12.176364809473588], [92.85462009160197, 12.17642927736454], [92.85456344563678, 12.176493744361757], [92.85450679877329, 12.1765582122214], [92.85445015280808, 12.176622680065433], [92.85439350684291, 12.176687147015654], [92.85433686087771, 12.176751614828378], [92.85428021401421, 12.176816082625427], [92.85422356804904, 12.176880549528729], [92.85416692208382, 12.17694501729447], [92.85415066167887, 12.17700517531138], [92.85413059870532, 12.177079402289438], [92.85411053483345, 12.177153629246748], [92.85409047185992, 12.177227856183306], [92.85407040798805, 12.177302083099114], [92.85412898443278, 12.177355195139986], [92.85418755997918, 12.177408307170209], [92.85424613642392, 12.177461419189834], [92.85430471197031, 12.177514530320723], [92.85437822111004, 12.177563122728573], [92.85445172935142, 12.177611715127581], [92.8545252384911, 12.177660308395783], [92.85459874673249, 12.177708900776965], [92.85467225587217, 12.177757493149295], [92.85474576411356, 12.17780608551268], [92.8548192732533, 12.177854677867197], [92.85489278239297, 12.17790327109091], [92.85496629063435, 12.177951863427667], [92.85503979977408, 12.178000455755495], [92.85511330801546, 12.178049048074454], [92.85518681715516, 12.178097640384495], [92.85526032539654, 12.178146232685643], [92.85533383453622, 12.178194825855998], [92.85540734277761, 12.178243418139386], [92.85548085191732, 12.178292010413855], [92.85554792822126, 12.17834986838349], [92.8556150045252, 12.178407725462415], [92.85568208082917, 12.178465583406808], [92.85574915713312, 12.17852344133862], [92.85581623343707, 12.178581298379722], [92.85588330884272, 12.178639155408204], [92.85595038514666, 12.178697013302193], [92.85601746145059, 12.178754871183534], [92.85608453775455, 12.178812729052307], [92.85615161405849, 12.178870586908433], [92.85617381502242, 12.17894930922332], [92.8561960168847, 12.179028032392935], [92.85621821784862, 12.179106754661145], [92.85624041881256, 12.179185476905971], [92.85626262067478, 12.179264200005564], [92.85628482163872, 12.179342922203725], [92.85630702260265, 12.179421644378552], [92.85632922446491, 12.17950036740811], [92.85635142542881, 12.17957908953621], [92.85637362639275, 12.179657811641002], [92.85639582825502, 12.17973653460051], [92.85641802921894, 12.179815256658612], [92.85642261781342, 12.17990226526817], [92.85642720550956, 12.179989272971131], [92.85643179410403, 12.180076281523656], [92.85643638180018, 12.180163289169583], [92.85644097039466, 12.180250297665086], [92.85644555809084, 12.180337305253966], [92.8564501466853, 12.180424313692411], [92.85645473438144, 12.180511321224257], [92.85646397175753, 12.180584268720205], [92.85647320823526, 12.180657215318], [92.8564837364904, 12.180740360927544], [92.85649426474552, 12.180823506511032], [92.85650479300067, 12.180906652946591], [92.85651532125578, 12.180989798478034], [92.85652584951094, 12.181072943983395], [92.85653637776605, 12.181156089462714], [92.85654690602117, 12.181239234915978], [92.85655743427631, 12.18132238034324], [92.85656796253143, 12.181405526622518], [92.85657849078657, 12.181488671997656], [92.85658901904169, 12.181571817346736], [92.85659954729685, 12.181654962669814], [92.85661007555196, 12.181738107966812], [92.85662060380707, 12.181821253237754], [92.85663113206222, 12.181904399360754], [92.85664166031734, 12.181987544579611], [92.85665218857248, 12.18207068977245], [92.85665845881316, 12.182105030874645], [92.85667422783965, 12.182191396852303], [92.85668999686617, 12.182277762801883], [92.85670576589264, 12.182364129601435], [92.85672153491916, 12.18245049549477], [92.85673730394564, 12.18253686136004], [92.85675307297215, 12.182623227197206], [92.85676884289697, 12.182709593884333], [92.85678461192344, 12.182795959665242], [92.85680038094996, 12.182882325418097], [92.85681614997644, 12.1829686911428], [92.85683191990125, 12.183055057717525], [92.85684768982607, 12.18314142338602], [92.85686345885257, 12.183227789026438], [92.85688380030385, 12.183311407995467], [92.85690414175517, 12.183395026938134], [92.85692448320644, 12.183478645854468], [92.85694482465776, 12.183562264744442], [92.85696516610903, 12.183645883608042], [92.85698550845866, 12.183729502445319], [92.85700584990994, 12.183813121256263], [92.85702619136124, 12.183896740040844], [92.85704653371086, 12.183980358799078], [92.85706687516213, 12.184063977530965], [92.85708721751176, 12.184147596236505], [92.85710755896304, 12.184231214915695], [92.85712790131265, 12.184314833568527], [92.85714824276394, 12.184398452195023], [92.8571623741617, 12.184485026409105], [92.8571765055594, 12.18457159971688], [92.85719063695714, 12.184658173874514], [92.85720476835488, 12.184744747125803], [92.85721889975261, 12.1848313212269], [92.85723303115036, 12.184917895299751], [92.8572471625481, 12.1850044684663], [92.8572612939458, 12.185091042482703], [92.85727542534354, 12.185177616470813], [92.85728955674129, 12.185264189552617], [92.85730368813903, 12.185350763484278], [92.85731781953677, 12.185437336509546], [92.85733195183279, 12.185523910384708], [92.85731503745431, 12.185605279001251], [92.85729812307584, 12.185686647592835], [92.85728120869736, 12.185768016159471], [92.85726429431888, 12.185849384701157], [92.8572473799404, 12.185930754095972], [92.85723046556191, 12.18601212258775], [92.8572135511834, 12.186093491054566], [92.85719663680493, 12.186174859496434], [92.85717972242644, 12.186256227913342], [92.85716280804796, 12.186337596305327], [92.85716189176638, 12.186342002474975], [92.85713546692396, 12.186421099266816], [92.85710904208158, 12.186500196913148], [92.85708261723917, 12.186579293657829], [92.85705619239678, 12.186658390378938], [92.8570297675544, 12.186737487076432], [92.85700334181367, 12.186816584628415], [92.85697691607297, 12.186895681278774], [92.85695049123058, 12.18697477790556], [92.85691616031532, 12.187051348299882], [92.85688182940014, 12.187127919550157], [92.85684749938325, 12.187204489900271], [92.85681316846801, 12.187281061106372], [92.8567788375528, 12.187357631412302], [92.8567445066376, 12.187434202574156], [92.8567101757224, 12.187510772835877], [92.85667584480719, 12.187587343953547], [92.85664151479028, 12.18766391417107], [92.85660718387507, 12.18774048524457], [92.85657285295986, 12.187817055417868], [92.85653852204462, 12.187893626447133], [92.85650419112942, 12.187970196576236], [92.8564698602142, 12.188046767561328], [92.85643553019729, 12.188123337646235], [92.8564011992821, 12.188199908587093], [92.85636686836689, 12.188276478627788], [92.8563361837134, 12.1883572914623], [92.85630549905994, 12.188438103394056], [92.85627481440646, 12.188518916179332], [92.85624412975297, 12.188599728061853], [92.8562134450995, 12.188680540797883], [92.85618276044602, 12.18876135263118], [92.85615207579256, 12.188842165317961], [92.85612139113908, 12.188922977102012], [92.85609070648559, 12.189003789739559], [92.85606002183214, 12.189084601474399], [92.85602933717865, 12.189165414062673], [92.8559986525252, 12.189246225748278], [92.8559679678717, 12.189327038287304], [92.85593728321822, 12.189407849923661], [92.855906884229, 12.189487909035872], [92.8558764852398, 12.18956796900196], [92.85584608625058, 12.189648028065863], [92.85581568726137, 12.18972808710557], [92.85578528827217, 12.189808146999203], [92.85575488928295, 12.189888205990577], [92.85572449029374, 12.18996826583583], [92.85569409130453, 12.190048324778923], [92.85566369231528, 12.190128383697793], [92.85563329332608, 12.190208443470592], [92.85560289433687, 12.190288502341131], [92.85557249534764, 12.190368561187523], [92.85554209635845, 12.190448620887818], [92.85551169736922, 12.190528679685865], [92.85548129838001, 12.190608738459753], [92.85545089939082, 12.190688798087544], [92.85542050129989, 12.190768855935012], [92.85539010231068, 12.190848916392532], [92.85535970332147, 12.190928975069758], [92.85532930523055, 12.191009033722798], [92.85529890624134, 12.191089093229753], [92.85526850725213, 12.19116915183446], [92.85523585079662, 12.19123839275722], [92.8552031943411, 12.191307634539966], [92.85517053788558, 12.191376875426558], [92.85513788232836, 12.19144611629511], [92.85510522587285, 12.191515358023631], [92.85507256941733, 12.191584598855988], [92.85504098555025, 12.191651566385156], [92.85500940168316, 12.19171853389743], [92.85497781781609, 12.191785500514694], [92.85494623305071, 12.191852467993138], [92.85491464918361, 12.191919435454663], [92.85485517442363, 12.191966611557339], [92.85479386350715, 12.19201524346526], [92.85473255259069, 12.192063876242338], [92.85467124167427, 12.19211250813246], [92.85460992985946, 12.192161140891715], [92.854548618943, 12.192209772764002], [92.85448730802656, 12.192258404627331], [92.85440306851078, 12.192276479353492], [92.85431882989334, 12.19229455407838], [92.85423459037756, 12.192312628802034], [92.85414984331365, 12.192302078115782], [92.85406509535144, 12.192291526551037], [92.85398034828754, 12.192280974985907], [92.85389560122363, 12.19227042429841], [92.85381085326142, 12.192259872732443], [92.85372610619753, 12.192249322044079], [92.8536413591336, 12.192238771355308], [92.85355661117138, 12.192228220666118], [92.8534718641075, 12.192217669976507], [92.85338832258269, 12.192214378154231], [92.8533047810579, 12.192211085453865], [92.85322124043142, 12.192207793631525], [92.85313769890662, 12.192204500931094], [92.85305415738185, 12.192201209108678], [92.85297061585705, 12.192197917286183], [92.85288707433224, 12.192194625463689], [92.85280353280746, 12.19219133364112], [92.85271999218098, 12.192188041818524], [92.8526364506562, 12.192184749995876], [92.8525529091314, 12.192181458173216], [92.85246779465656, 12.19215854624331], [92.85239649088088, 12.192139351990717], [92.85231383689158, 12.192117102987764], [92.85223118200398, 12.192094853104905], [92.85214852801467, 12.19207260322015], [92.85206587312706, 12.192050353333551], [92.85197972199636, 12.192041308499462], [92.85189357086568, 12.192032262787045], [92.8518074188367, 12.19202321795232], [92.85172126770598, 12.192014173117329], [92.8516648220651, 12.191961868308232], [92.85160837642421, 12.191909562610794], [92.85155193078336, 12.191857257781063], [92.85149548604079, 12.191804952941014], [92.85143904039992, 12.191752648090647], [92.85138259475903, 12.191700342351925], [92.85132614911815, 12.191648037480924], [92.85126067630696, 12.191625434580438], [92.8511952025975, 12.191602830799981], [92.85112972978634, 12.191580227017592], [92.85106425607685, 12.191557623233242], [92.85100128417542, 12.19151038208171], [92.85093831227402, 12.19146314179979], [92.85087534037261, 12.191415900631412], [92.85081579374737, 12.191371228647117], [92.85075624712213, 12.191326557533342], [92.85069670049691, 12.191281885533998], [92.85064111005215, 12.191216343875634], [92.85058551960745, 12.191150801322964], [92.85052992916269, 12.191085259632173], [92.85047433871797, 12.191019717925224], [92.85041874827326, 12.190954176202041], [92.85036315782851, 12.190888633584613], [92.8503075673838, 12.19082309182904], [92.85025197693909, 12.19075755005726], [92.85019638649433, 12.190692007391245], [92.85014079604962, 12.190626465587075], [92.85007494235276, 12.19058176449386], [92.85000908865591, 12.190537063393101], [92.84994323495906, 12.190492362284825], [92.84987738126223, 12.190447661169005], [92.8498115275654, 12.19040296004565], [92.84974567386853, 12.190358258914767], [92.84967982017167, 12.190313557776351], [92.84961396647483, 12.190268856630391], [92.84954811277797, 12.190224155476912], [92.84948072745357, 12.190181965567962], [92.84941334212915, 12.190139774774222], [92.84934595680475, 12.190097584851813], [92.84927857058203, 12.190055394044663], [92.84921118525762, 12.19001320410887], [92.84914379993322, 12.189971013288286], [92.84905921187114, 12.189946121139995], [92.8489746229107, 12.189921228989402], [92.84889003484862, 12.189896336836465], [92.8488054467865, 12.189871444681204], [92.84872085782608, 12.1898465525236], [92.848636269764, 12.189821660363641], [92.84855168080358, 12.189796768201369], [92.8484670927415, 12.189771876036756], [92.8483825046794, 12.189746983869814], [92.84829791571899, 12.189722091700492], [92.84821332765685, 12.189697199528869], [92.84816055253226, 12.189681669250106], [92.84808014702611, 12.18966283043329], [92.84799974062165, 12.189643990737101], [92.84791933511552, 12.189625151917628], [92.84783892871108, 12.189606313096805], [92.84775852320494, 12.189587474274646], [92.84767811680048, 12.189568635451176], [92.84759847935393, 12.18952945719167], [92.84751884100906, 12.18949027804835], [92.84743920356247, 12.189451099777292], [92.84735956611593, 12.189411920622371], [92.84727992777101, 12.18937274146166], [92.84720029032445, 12.189333563173248], [92.84714203817154, 12.189327249900458], [92.84705352447163, 12.189317657062219], [92.84696501077177, 12.189308064223596], [92.84687649617356, 12.18929847138463], [92.84678798247366, 12.189288878545346], [92.84669946877376, 12.189279285705682], [92.84661767986209, 12.189300974742466], [92.84653589184873, 12.189322663777483], [92.84645410293706, 12.189344352810732], [92.8463723149237, 12.189366040964112], [92.84629052601203, 12.18938772999381], [92.84622895099088, 12.189434731812344], [92.84616737596974, 12.189481733622584], [92.84610580184689, 12.189528735424465], [92.84604422682574, 12.189575737218012], [92.84598265180459, 12.189622739003266], [92.84590913278345, 12.189648043870955], [92.84583561376226, 12.18967334961434], [92.8457620956394, 12.189698654477208], [92.84568857661824, 12.189723960215773], [92.84561505759707, 12.189749265073806], [92.84558613633651, 12.189678867354848], [92.84555721507593, 12.189608468739165], [92.84552807462643, 12.189537536242925], [92.84549893327862, 12.18946660284963], [92.8454697928291, 12.18939567031544], [92.84544065237962, 12.189324737762256], [92.84541151193011, 12.189253805190129], [92.8453823705823, 12.18918287172096], [92.8453532301328, 12.189111939110907], [92.84532260746307, 12.189033592109933], [92.84529198569169, 12.188955245085829], [92.84526136302196, 12.188876898038545], [92.84523074035224, 12.18879855009011], [92.84520011768251, 12.188720202996544], [92.8451694950128, 12.188641855879874], [92.84512011013003, 12.18857631356909], [92.845070724349, 12.188510770364061], [92.84502133856795, 12.1884452280209], [92.84497195278686, 12.188379685661568], [92.84492256700581, 12.188314142407917], [92.84487318212304, 12.188248600016156], [92.84482379634201, 12.188183057608239], [92.84477441056096, 12.188117514306011], [92.84472502477989, 12.188051971865717], [92.84467563989712, 12.187986429409174], [92.84462625411606, 12.1879208860584], [92.84457686833503, 12.18785534356948], [92.84451911384878, 12.187798517645973], [92.84446135846422, 12.187741690832244], [92.84440360307964, 12.187684864006338], [92.84434584769508, 12.187628038046318], [92.84428809231053, 12.187571212074138], [92.84423033692597, 12.187514385211719], [92.84417258154139, 12.187457559215176], [92.84413755622845, 12.187382413166707], [92.84410253001724, 12.187307267096944], [92.84406750380597, 12.187232120127822], [92.84403247849305, 12.187156974015489], [92.84399745318011, 12.187081827881885], [92.84396242696889, 12.187006681726984], [92.84392740075765, 12.186931534672738], [92.84389237544472, 12.186856388475267], [92.84385300048919, 12.186786004037733], [92.84381362643198, 12.186715619581523], [92.84377425237473, 12.18664523510661], [92.84373487741922, 12.186574849735011], [92.84369550246367, 12.18650446522276], [92.84365612840647, 12.186434080691857], [92.84361675345092, 12.18636369614229], [92.84355779522218, 12.186308698925288], [92.84349883699346, 12.186253701696899], [92.84343987876477, 12.186198704457109], [92.8433809196377, 12.186143706327833], [92.84332196140896, 12.186088709065235], [92.84326300318027, 12.186033711791236], [92.84317742786966, 12.18602692340196], [92.84309185345737, 12.18602013589054], [92.84300627814676, 12.186013348378994], [92.84292070283617, 12.186006559989183], [92.84283512752557, 12.185999771599207], [92.8427495531133, 12.1859929840871], [92.8426639778027, 12.185986196574854], [92.84257840249211, 12.185979409062417], [92.84249008372663, 12.185973374059296], [92.84240176406284, 12.185967338177985], [92.84231344529738, 12.185961303174595], [92.84222512563358, 12.185955268171078], [92.84213680686811, 12.185949233167397], [92.84204848720432, 12.185943198163601], [92.84196016843885, 12.185937163159652], [92.84187184877506, 12.185931128155588], [92.84178353000958, 12.18592509315136], [92.84170950972847, 12.18588289992443], [92.84163549034572, 12.185840707568872], [92.84156147006462, 12.185798514328521], [92.84148744978353, 12.185756321959515], [92.84141343040075, 12.185714129583804], [92.84133941011966, 12.185671936323327], [92.84126538983855, 12.185629743056133], [92.84119137045575, 12.185587550660282], [92.84111735017468, 12.185545357379679], [92.84103602928528, 12.185512354031848], [92.84095470749753, 12.185479350679909], [92.84087338660812, 12.185446347323861], [92.8407920648204, 12.185413343085655], [92.840710743931, 12.1853803397214], [92.84062942304159, 12.185347336353036], [92.84054810125386, 12.185314332980576], [92.84046678036444, 12.185281329604008], [92.84038545857673, 12.185248326223329], [92.84030413768733, 12.185215322838541], [92.8402398093298, 12.185242436086204], [92.84017548097232, 12.18526954845303], [92.84018314539831, 12.185334651664576], [92.840190808926, 12.18539975486017], [92.8401979379561, 12.185460311363395], [92.84020506698619, 12.185520866974755], [92.84021219601628, 12.185581423450348], [92.84029030003866, 12.185619599530968], [92.84036840495936, 12.18565777560609], [92.84044650898173, 12.18569595167573], [92.8405246130041, 12.185734127739861], [92.84060271792481, 12.185772303798508], [92.84068082194717, 12.18581047985166], [92.84075892596955, 12.185848655021267], [92.84083703089024, 12.185886831063428], [92.84091513491262, 12.185925007100103], [92.84098910398976, 12.185965241337021], [92.84106307306689, 12.18600547556783], [92.84113704304232, 12.186045709792534], [92.84121101211944, 12.18608594401113], [92.84128498119658, 12.186126178223633], [92.84135895027372, 12.186166412430042], [92.84143291935081, 12.186206646630344], [92.84150688932627, 12.186246881702589], [92.8415808584034, 12.186287115890691], [92.84165482748051, 12.186327350072686], [92.84172910467977, 12.186357489923713], [92.84180338098075, 12.186387629771296], [92.84187765818002, 12.186417769615492], [92.84195193537929, 12.186447909456241], [92.84202621168022, 12.186478049293582], [92.8421004888795, 12.186508189127474], [92.84218606508838, 12.186505937750036], [92.84227164219561, 12.186503685494538], [92.84235721840453, 12.186501433238988], [92.84244279461343, 12.186499181861537], [92.84252837082236, 12.186496930484036], [92.84261394792959, 12.186494679106511], [92.84269952413848, 12.186492427728972], [92.84278510034741, 12.186490176351407], [92.84283655405027, 12.186541707779792], [92.84288800865141, 12.186593239198213], [92.84293946235425, 12.18664477060661], [92.84299091695543, 12.186696302004984], [92.84304237065825, 12.186747833393369], [92.84308218309333, 12.186814128663006], [92.84312199552839, 12.186880423916104], [92.8431618079635, 12.186946719152601], [92.84320162129688, 12.187013014372546], [92.84324143373195, 12.187079309575939], [92.84328124616705, 12.18714560476274], [92.84333101463041, 12.187209641536962], [92.84338078219547, 12.18727367741769], [92.84343055065884, 12.187337714161007], [92.8434803191222, 12.18740175001078], [92.84353008758558, 12.187465786723184], [92.84357985515064, 12.187529822542068], [92.84363314680655, 12.18759175010247], [92.84368643756413, 12.187653676770358], [92.84373972922005, 12.187715604301868], [92.84379301997765, 12.187777531818888], [92.84384631163357, 12.187839459321493], [92.84389960239118, 12.187901385931559], [92.84395289404709, 12.187963313405207], [92.8440061848047, 12.188025240864444], [92.84405947556228, 12.188087167431139], [92.84411276721822, 12.18814909486142], [92.84415995931334, 12.188218541162136], [92.8442071514085, 12.1882879865666], [92.84425434350361, 12.188357432830921], [92.84430153559875, 12.188426879077099], [92.84434872769388, 12.188496325305058], [92.84439591978902, 12.188565770636801], [92.84444311188413, 12.188635216828427], [92.8444903039793, 12.18870466300186], [92.84453749607441, 12.188774109157125], [92.84458468816956, 12.188843554416135], [92.84463188026471, 12.188913000535015], [92.84465982236159, 12.188990217503104], [92.84468776535684, 12.1890674353268], [92.84471570745376, 12.18914465224994], [92.84474364955068, 12.189221870028689], [92.8447715916476, 12.189299086906857], [92.8447995346428, 12.189376304640607], [92.84482747673972, 12.18945352147384], [92.84485541883663, 12.189530738284606], [92.84488336093355, 12.189607955950928], [92.84491130303047, 12.189685172716707], [92.84493924602569, 12.189762390338082], [92.84496718812261, 12.189839607058914], [92.84497465581754, 12.189883291482392], [92.84498212261418, 12.189926975898695], [92.8449966995763, 12.19001225404715], [92.8450112765384, 12.190097532168215], [92.84502585439884, 12.190182810261838], [92.84504043136097, 12.190268088328033], [92.84505500922141, 12.19035336636681], [92.84506958618351, 12.190438644378158], [92.84508416404394, 12.190523922362129], [92.84509874100607, 12.190609200318645], [92.8451133188665, 12.190694478247732], [92.8451278958286, 12.190779756149414], [92.84515627899833, 12.190852978288534], [92.84518466216805, 12.190926199529404], [92.84521304533774, 12.190999421628092], [92.84524142850746, 12.19107264282853], [92.8452698116772, 12.191145864886787], [92.84529785169046, 12.191218200087537], [92.84534543275612, 12.191288585105102], [92.84539301292345, 12.191358970104018], [92.84544059398911, 12.191429355084205], [92.84548817505477, 12.191499740045728], [92.8455357552221, 12.191570124988552], [92.84558333628776, 12.191640509912748], [92.84563091735343, 12.191710895696295], [92.84567849752075, 12.191781280583088], [92.84572607858641, 12.191851665451205], [92.84577365875374, 12.191922050300635], [92.84582123981941, 12.191992435131413], [92.84586882088506, 12.192062819943489], [92.84591640105239, 12.192133204736876], [92.84596398211806, 12.1922035895116], [92.84601298521679, 12.192274405391771], [92.84606198831555, 12.19234522037495], [92.84611099231262, 12.192416036217322], [92.84615999541136, 12.192486852040753], [92.84620899851012, 12.19255766696719], [92.84625800160885, 12.192628482752836], [92.84630700560592, 12.192699298519525], [92.84635600870469, 12.192770113389233], [92.84640501180341, 12.192840929118125], [92.84644385136306, 12.192912017902], [92.84648269002436, 12.192983106666764], [92.84652152958397, 12.193054195412511], [92.84656036824528, 12.1931252841392], [92.84659920780491, 12.193196372846817], [92.84663804646623, 12.193267460657314], [92.84667688602586, 12.193338549326828], [92.84671572468717, 12.193409637977284], [92.84675456424678, 12.19348072660867], [92.84679340290808, 12.193551815220998], [92.84683224246773, 12.193622903814282], [92.84685367537207, 12.193708029749862], [92.84687510917475, 12.193793156536191], [92.84689654207912, 12.193878282417119], [92.84691797498347, 12.193963408270758], [92.84693940878616, 12.194048534975092], [92.84696084169055, 12.194133660774025], [92.84697308662618, 12.194205980232962], [92.84698533156181, 12.194278298794092], [92.84699757649744, 12.194350618213578], [92.84700982143309, 12.194422937613318], [92.84702206636871, 12.194495256115278], [92.84703431220268, 12.19456757547558], [92.8470388981022, 12.19465006345963], [92.8470434840017, 12.19473255229607], [92.84704806990123, 12.194815040228786], [92.84705265580078, 12.194897528135867], [92.84705724170028, 12.194980016017249], [92.84706182759982, 12.195062504751034], [92.84706641349936, 12.19514499258112], [92.84707099939887, 12.195227480385507], [92.84706731450957, 12.195311550398054], [92.8470636296203, 12.195395619505886], [92.847059944731, 12.195479689465074], [92.8470562598417, 12.195563758519574], [92.8470525749524, 12.195647828425484], [92.8470488900631, 12.195731898304688], [92.84704520517383, 12.195815967279216], [92.8470415193862, 12.19590003710514], [92.8470378344969, 12.19598410602635], [92.84703414870928, 12.196068175798917], [92.84702081771047, 12.196134365129863], [92.84700748581332, 12.196200554444296], [92.84699415481454, 12.196266743742202], [92.84698082291737, 12.19633293302357], [92.84696794916104, 12.196396847287913], [92.84695507630303, 12.19646076153681], [92.8469422025467, 12.196524675770304], [92.84685840230709, 12.19651385832775], [92.84679290793635, 12.196505403688317], [92.84672741446393, 12.196496949048578], [92.84666192009321, 12.19648849440861], [92.84659146971704, 12.196449316293489], [92.84652102023921, 12.196410138172578], [92.84645056986304, 12.196370960045916], [92.84638011948691, 12.196331781913415], [92.84630967000906, 12.19629260377514], [92.84623921963289, 12.196253425631099], [92.84616767510875, 12.196214032361377], [92.84609613148287, 12.196174639085852], [92.8460245869587, 12.1961352449264], [92.84595304333283, 12.196095851639146], [92.84588149880867, 12.196056458346014], [92.8458099551828, 12.19601706504707], [92.84573841065863, 12.195977671742257], [92.84565187684564, 12.195959584975867], [92.84556534213431, 12.19594149733019], [92.8454788083213, 12.195923410561356], [92.84539227360997, 12.195905323791264], [92.84530573979698, 12.195887237019935], [92.84521920508568, 12.195869150247374], [92.84513223109816, 12.195869143223055], [92.84504525711068, 12.195869135320674], [92.84495828312316, 12.195869128296367], [92.84487130913568, 12.195869120393986], [92.84478433514819, 12.19586911336963], [92.84469736116071, 12.195869105467262], [92.84461038807152, 12.195869098442945], [92.84452341408404, 12.195869090540564], [92.84443644009653, 12.195869083516245], [92.84434946610905, 12.195869075613876], [92.84426249212154, 12.195869067711495], [92.84417551813407, 12.195869059809114], [92.84408854414656, 12.195869051906747], [92.84400157015908, 12.195869044004379], [92.84392728397667, 12.195890130165878], [92.84385299779423, 12.195911216325674], [92.84377871251012, 12.195932302483842], [92.8437044263277, 12.195953388640316], [92.84363014014531, 12.195974474795086], [92.84355585396287, 12.195995560948216], [92.84350070908252, 12.196049794017021], [92.84344556420218, 12.196104026196721], [92.84342372975087, 12.196185873611372], [92.84340649108056, 12.196250492977297], [92.84338925151197, 12.196315113205534], [92.84337201284167, 12.196379732539997], [92.84343082015343, 12.19643397694472], [92.84348962836347, 12.196488221338386], [92.84354843567526, 12.196542464842883], [92.84360724388532, 12.196596709214349], [92.84366605119708, 12.19665095269666], [92.84371199193903, 12.19671498893165], [92.84375793268099, 12.196779024273145], [92.84380387432125, 12.196843060477207], [92.84384981506318, 12.196907096665784], [92.84389575580514, 12.196971131960844], [92.8439416974454, 12.197035168118534], [92.84401612825657, 12.19708218175204], [92.84409055996608, 12.197129195377238], [92.84416499077724, 12.197176208116055], [92.84423942248675, 12.197223221724549], [92.84431385329793, 12.197270234446712], [92.84430005966672, 12.197343681326778], [92.84428626603557, 12.197417128186514], [92.84427247330267, 12.197490575025906], [92.8442586796715, 12.197564021844943], [92.84426234569615, 12.197647188496031], [92.84426601172083, 12.19773035424299], [92.84426967774553, 12.197813520841905], [92.84427334377018, 12.197896686536664], [92.84427700979487, 12.197979853083341], [92.84424391765643, 12.198056688100335], [92.84421082551799, 12.198133523095015], [92.84417773337954, 12.19821035806747], [92.8441446403428, 12.198287193017595], [92.84411154820435, 12.198364027945459], [92.84412072898657, 12.19844011388908], [92.84412990976877, 12.198516198932845], [92.84413909055097, 12.198592284832777], [92.84414827133317, 12.198668369832816], [92.84415745301371, 12.198744455689074], [92.84416663379591, 12.198820540645437], [92.84420706067866, 12.198892862337823], [92.84424748666305, 12.198965184010477], [92.84428791354577, 12.199037505663387], [92.84432833953018, 12.199109827296578], [92.84436876641293, 12.199182148910023], [92.84438976273606, 12.199257697264343], [92.84441075905922, 12.19933324559714], [92.84443175538233, 12.199408793908436], [92.84445275170546, 12.199484343076167], [92.84447374802863, 12.199559891344347], [92.84449474435175, 12.199635439590988], [92.84451574067486, 12.199710987816102], [92.8445157307934, 12.199793475955632], [92.84451572091193, 12.199875964069449], [92.84451571192879, 12.199958451279596], [92.84451570204733, 12.20004093934209], [92.84450956565563, 12.20012530986927], [92.84450342926391, 12.20020968036958], [92.84449729287222, 12.200294050843032], [92.8444911564805, 12.200378421289654], [92.84448501919047, 12.20046279170937], [92.84447888279877, 12.200547162102241], [92.84443837955924, 12.2006035919379], [92.8443978763197, 12.200660020883529], [92.84435737308017, 12.200716450695156], [92.84430596249645, 12.200788076474328], [92.84425455191277, 12.200859701356102], [92.84420314132905, 12.200931327096548], [92.84413972655821, 12.200967480633006], [92.84407631178735, 12.201003634164488], [92.84401289791481, 12.201039786813075], [92.84394948314394, 12.201075940334713], [92.84388606837311, 12.201112093851425], [92.84383092528938, 12.201143728174491], [92.84377578220568, 12.201175362493803], [92.84372063912195, 12.201206996809312], [92.84363700866395, 12.20122687614174], [92.84355337820593, 12.201246756350693], [92.84346974774795, 12.201266635680147], [92.84338611728992, 12.201286515886148], [92.84330248683192, 12.201306395212598], [92.84321365243349, 12.201300360558344], [92.84312481713673, 12.20129432502589], [92.84303598183996, 12.201288290371382], [92.84294714744152, 12.201282255716707], [92.84285831304305, 12.201276221061882], [92.84276947774629, 12.201270186406928], [92.84269519695377, 12.201240047373036], [92.84262091526294, 12.20120990745767], [92.84254663447038, 12.20117976753887], [92.84247235367786, 12.201149628494697], [92.84239807198703, 12.201119488569052], [92.84232379119452, 12.201089348639972], [92.84226482937252, 12.201038117689059], [92.84220586755055, 12.200986886728273], [92.84214690662684, 12.200935656635602], [92.84208794480486, 12.20088442565497], [92.84202898298287, 12.20083319466444], [92.84197002116088, 12.200781963664038], [92.84192408041895, 12.200715856272067], [92.8418781387787, 12.200649747985548], [92.84183219803673, 12.200583640560616], [92.84178625729477, 12.20051753224112], [92.84174031655284, 12.200451424783198], [92.84169437491258, 12.200385316430726], [92.84164843417062, 12.20031920893983], [92.8416024934287, 12.200253100554356], [92.84154697934076, 12.200189440091737], [92.84149146525284, 12.200125779613838], [92.84143595206322, 12.200062119998647], [92.84138043797527, 12.199998459490152], [92.84132492478568, 12.199934798966364], [92.84126941159606, 12.199871138427284], [92.84121389840647, 12.199807477872875], [92.84115838431853, 12.199743817303212], [92.84110287112894, 12.199680156718255], [92.841047357041, 12.199616496118008], [92.84099184385137, 12.199552835502455], [92.84093632976345, 12.199489174871623], [92.84087660347515, 12.199430410118165], [92.84081687808516, 12.199371645351654], [92.84075715179688, 12.19931288057214], [92.8406974255086, 12.199254115779576], [92.84061357226837, 12.199225858135096], [92.84052971902818, 12.199197600487627], [92.84044586578798, 12.199169342837129], [92.84036201254779, 12.199141085183618], [92.84027996132806, 12.199133327784173], [92.84019791100665, 12.199125571262574], [92.8401158597869, 12.19911781386267], [92.84003380946548, 12.199110057340588], [92.83995175824576, 12.199102299940266], [92.83986970792434, 12.199094543417726], [92.83978765670459, 12.199086786016958], [92.83970137172491, 12.19910887375538], [92.83961508674524, 12.199130961491946], [92.83952880086727, 12.19915305010473], [92.8394425158876, 12.199175137837631], [92.83935623090794, 12.199197225568689], [92.83926994592827, 12.1992193132979], [92.83918366005025, 12.199241401903317], [92.8390973750706, 12.199263490506864], [92.83901109009092, 12.199285578230555], [92.83893239857035, 12.199310993685826], [92.83885370704976, 12.199336409138667], [92.83877501552921, 12.199361824589063], [92.83869632400862, 12.19938724003702], [92.83861763248805, 12.19941265636058], [92.83853894096748, 12.199438071803677], [92.83846024944691, 12.19946348812234], [92.83838155792634, 12.199488903560551], [92.83830803441359, 12.199525054659686], [92.83823451090086, 12.199561205753911], [92.83816098738811, 12.199597356843187], [92.83808746297706, 12.199633507927539], [92.8380139394643, 12.199669658128904], [92.83794041595158, 12.199705809203397], [92.83787780247795, 12.199758346040165], [92.83781518990263, 12.199810881988503], [92.837752576429, 12.199863418804433], [92.83768996295542, 12.199915955609942], [92.83762734948179, 12.19996849152701], [92.83756473690647, 12.200021027433682], [92.83750212343287, 12.200073564207946], [92.83743950995925, 12.200126100971804], [92.83739939838519, 12.200179890669823], [92.83735928770943, 12.200233679478902], [92.83731862277314, 12.200288210209624], [92.83727795873517, 12.2003427409291], [92.83723729379889, 12.200397271637382], [92.83718386919232, 12.200456588454866], [92.83713044458574, 12.20051590613712], [92.83707701997916, 12.200575222928055], [92.83702359537259, 12.200634540583758], [92.83697017076601, 12.20069385734814], [92.83691674615942, 12.200753174099242], [92.83686332065454, 12.20081249171511], [92.83680989604797, 12.200871808439649], [92.83679014389149, 12.200916168002243], [92.83677039173504, 12.20096052667942], [92.83673711095038, 12.201035268500531], [92.8367038292674, 12.201110010300575], [92.83667054848277, 12.201184751201513], [92.83663726769815, 12.201259492959382], [92.83660398691347, 12.201334234696157], [92.83657070523051, 12.201408976411864], [92.83653742444588, 12.201483718106516], [92.83650414366122, 12.201558458902014], [92.83647086197828, 12.201633200554467], [92.83643758119362, 12.201707942185877], [92.83638925811955, 12.201722562129396], [92.83632571668623, 12.20174178554083], [92.83626217435462, 12.201761009828877], [92.83619863292131, 12.201780233237498], [92.83612419312698, 12.201791072415618], [92.83604975333263, 12.201801910715297], [92.83597531353831, 12.20181274989255], [92.83590087374398, 12.201823588191337], [92.83582643394963, 12.20183442736769], [92.83573820950727, 12.201845263909536], [92.83564998506489, 12.201856100450964], [92.83556175972421, 12.201866937869934], [92.83547353528185, 12.201877775288468], [92.83538531083947, 12.20188861182856], [92.83530093028821, 12.201893532260339], [92.83521654883863, 12.201898452691989], [92.83513216828737, 12.201903373123576], [92.83504778773607, 12.201908293555048], [92.83496340718482, 12.201913213986458], [92.83487902573523, 12.20191813441774], [92.83479464518398, 12.20192305484897], [92.83471026463272, 12.201927975280075], [92.83462588408142, 12.201932895711128], [92.83454150263184, 12.201937816142078], [92.83445712208058, 12.201942735694903], [92.83437277386868, 12.201931102791756], [92.83428842565677, 12.201919469010111], [92.83420407654653, 12.201907835227948], [92.83411972833461, 12.20189620232327], [92.83403538012267, 12.20188456854009], [92.83395103191077, 12.201872935634395], [92.83386668369884, 12.201861302728194], [92.83378233458862, 12.201849668943485], [92.83369798637669, 12.201838036036252], [92.83361363816479, 12.201826403128548], [92.83352928995288, 12.201814770220311], [92.83344494084264, 12.20180313643354], [92.83336059263071, 12.201791503524273], [92.83327624441878, 12.201779870614534], [92.83319014898363, 12.201782475704993], [92.83310405354851, 12.201785080795467], [92.83301795811337, 12.2017876858859], [92.8329318635765, 12.201790290976323], [92.8328457681414, 12.201792896066706], [92.83275967270625, 12.201795502035075], [92.8326735772711, 12.201798107125422], [92.83258748183594, 12.201800713093741], [92.83250138640079, 12.201803318184036], [92.83241529186398, 12.201805923274291], [92.83232919642883, 12.201808529242534], [92.83224310099367, 12.20181113521075], [92.83215700555851, 12.201813740300944], [92.8320709101234, 12.201816346269135], [92.83198481468825, 12.201818951359238], [92.8318987201514, 12.201821556449342], [92.83181262471628, 12.201824162417433], [92.83172652928114, 12.201826768385535], [92.83164043384599, 12.201829373475562], [92.83155665067436, 12.201838846450158], [92.83147286750277, 12.201848319424439], [92.83138908433115, 12.201857792398348], [92.83130530115957, 12.201867266249952], [92.83122151708965, 12.201876740101225], [92.83113773391803, 12.201886213074156], [92.83105395074644, 12.201895686924754], [92.83097016757482, 12.201905159896972], [92.83092440469932, 12.20188202666814], [92.83088309567098, 12.201832283239039], [92.83088312980694, 12.2017870466861], [92.83088319538396, 12.201701172636335], [92.83094493300018, 12.20165779395589], [92.8310066706164, 12.201614415268308], [92.83102455337875, 12.201549398587975], [92.83104243703944, 12.201484381013639], [92.83099719518678, 12.20142429088806], [92.83095195333414, 12.20136419987078], [92.83090671148148, 12.201304109717936], [92.83086146962883, 12.201244018673393], [92.83080179813777, 12.201212515187812], [92.83074212664671, 12.201181010820456], [92.83068245515564, 12.201149507327383], [92.83062278366458, 12.201118002952557], [92.83055040730044, 12.201097257880294], [92.830478030038, 12.2010765128064], [92.83038970498431, 12.201077360099616], [92.83030137903235, 12.201078207392856], [92.83022879785231, 12.201082283180542], [92.83015621667231, 12.201086358968125], [92.83010117509822, 12.201067303211769], [92.8300461326258, 12.201048246576], [92.83000717448857, 12.201003264516276], [92.82996821724964, 12.200958283326928], [92.8299292591124, 12.200913301251912], [92.82992980438978, 12.200847112236413], [92.82993034966717, 12.200780922326313], [92.82996932397408, 12.200717403352565], [92.83000829917931, 12.20065388436359], [92.83004727348622, 12.200590365359371], [92.83008624869144, 12.200526845461939], [92.83012522299838, 12.200463326427263], [92.8301641973053, 12.200399807377385], [92.83018394676681, 12.20033613553567], [92.83020369712666, 12.200272462800614], [92.83022344658818, 12.200208790928302], [92.83024319694799, 12.200145118162663], [92.83025091257797, 12.20008371420442], [92.83025862820797, 12.200022310231954], [92.83024151170854, 12.199960707810956], [92.83022439431079, 12.199899104497671], [92.83020727781135, 12.199837502048034], [92.83015554473248, 12.199771152962635], [92.83010381075528, 12.199704803860659], [92.83005207767636, 12.199638454742043], [92.83000034369915, 12.19957210560681], [92.82994861062026, 12.199505757333013], [92.82989687754136, 12.199439408164551], [92.82984514356414, 12.199373058979488], [92.82979341048524, 12.199306709777806], [92.82974167650804, 12.199240360559562], [92.82968994342914, 12.199174011324653], [92.82975353426978, 12.199119532168481], [92.82981712600875, 12.199065052123053], [92.8298807168494, 12.199010572066456], [92.8298515763999, 12.198931718732346], [92.8298224350521, 12.198852865374803], [92.8297982434215, 12.198803530539806], [92.82977405179089, 12.198754194817589], [92.82976381189495, 12.198667207318401], [92.82975357199902, 12.198580220668678], [92.82974333210312, 12.198493233112394], [92.82973309220716, 12.198406245527549], [92.82972285231125, 12.198319257914168], [92.82971261241534, 12.198232271150248], [92.82970237251942, 12.198145283479757], [92.82969213262348, 12.198058295780717], [92.8297674473769, 12.198017327585898], [92.82984276302864, 12.197976358506708], [92.82991807778207, 12.19793539029923], [92.82999339343381, 12.197894421207355], [92.83006870818721, 12.197853452987205], [92.83014402294064, 12.197812484760734], [92.83021933859239, 12.197771515649865], [92.8302946533458, 12.197730547410721], [92.83030773910453, 12.197646743332061], [92.8303208257616, 12.197562939226902], [92.83033391152036, 12.197479135095278], [92.8303469981774, 12.19739533093713], [92.83036008393616, 12.197311526752483], [92.8303731705932, 12.197227722541346], [92.83038625635196, 12.197143918303697], [92.83039934211068, 12.197060114039598], [92.83041242786942, 12.19697630974896], [92.83045913756928, 12.1969042140674], [92.83050584726908, 12.19683211836621], [92.83055255607059, 12.196760022645439], [92.83059926577043, 12.196687926905051], [92.83064597457195, 12.196615832023083], [92.83069268427177, 12.196543736243486], [92.8307393939716, 12.196471640444283], [92.83078610367144, 12.196399544625464], [92.83083281337126, 12.196327448787013], [92.8308795230711, 12.196255352928983], [92.8308612980506, 12.196176812235587], [92.83084307213181, 12.196098271518936], [92.83082484711133, 12.196019730779001], [92.83080662119251, 12.195941190015837], [92.83078839617204, 12.195862650107403], [92.83077017115156, 12.195784109297662], [92.83075194613109, 12.195705568464653], [92.83073372111059, 12.195627027608376], [92.83071549609008, 12.19554848672884], [92.83076388384286, 12.195485699666689], [92.83081227159566, 12.19542291258964], [92.8308606584501, 12.19536012549772], [92.8309090462029, 12.195297338390926], [92.83095743395569, 12.195234551269298], [92.83100582170844, 12.195171764132771], [92.83105420856293, 12.195108976981363], [92.83110259631569, 12.195046189815091], [92.83115098406849, 12.194983402633987], [92.83116678004444, 12.194904101177192], [92.83118257691869, 12.194824799696706], [92.83119837289466, 12.194745498192482], [92.83121416887063, 12.19466619754263], [92.83122996484659, 12.194586895990952], [92.83124576082254, 12.194507594415596], [92.83126155679848, 12.194428292816477], [92.83127735277444, 12.19434899119368], [92.83119208199273, 12.19432837905467], [92.83110681210933, 12.194307767792095], [92.83102154132763, 12.194287155649919], [92.83093627144422, 12.194266544384137], [92.83085100066249, 12.194245933116777], [92.83077739360643, 12.194201481120954], [92.83070378655039, 12.194157029117703], [92.83063017949432, 12.194112577985033], [92.83055657243825, 12.194068125966844], [92.83048296538219, 12.194023673941238], [92.83040935832611, 12.19397922190814], [92.83033575127004, 12.1939347698676], [92.83026043292337, 12.193898782200986], [92.83018511457666, 12.193862795407563], [92.83010979533171, 12.19382680773118], [92.83003447698499, 12.193790820927985], [92.82995915863832, 12.193754833241844], [92.82988384029166, 12.19371884642884], [92.82980852104666, 12.19368285873293], [92.82973320269997, 12.193646871032131], [92.82965788435327, 12.19361088420451], [92.82958256600661, 12.193574897372004], [92.8295072467616, 12.193538909656564], [92.82943192841492, 12.193502921936226], [92.82941317788001, 12.193420197399934], [92.82939442824339, 12.193337472837893], [92.82937567860677, 12.193254748250027], [92.82935692807186, 12.193172022758297], [92.82933817753691, 12.193089298118815], [92.82931942790032, 12.193006573453522], [92.82930067736537, 12.192923848762426], [92.82933861321983, 12.192857910630696], [92.8293765490743, 12.192791972482542], [92.82941448492872, 12.192726034318001], [92.82945242078317, 12.19266009613705], [92.82953427617018, 12.192626866258983], [92.8296161324555, 12.192593635498671], [92.82969798784248, 12.192560405612271], [92.8297798432295, 12.192527175721713], [92.82986169951482, 12.192493944948918], [92.82994355490183, 12.192460715050025], [92.82990277857446, 12.192394344801114], [92.82986200314541, 12.192327974535587], [92.82982122681803, 12.192261604253497], [92.82978045049065, 12.19219523395474], [92.82973967416326, 12.192128863639393], [92.82969889873421, 12.19206249330743], [92.82965812240684, 12.191996122958841], [92.82958094634412, 12.191959285072597], [92.82950377028146, 12.191922448059302], [92.82942659332046, 12.191885610162817], [92.82934941725776, 12.19184877226118], [92.82927224119506, 12.19181193523254], [92.8291950651324, 12.191775097320711], [92.82911788817138, 12.191738259403756], [92.82904071210868, 12.191701422359724], [92.82896353604598, 12.19166458443254], [92.82890675713014, 12.191609233580222], [92.82884997911263, 12.191553883594413], [92.82879320019676, 12.191498532719017], [92.82873642217923, 12.191443181832042], [92.8286796432634, 12.191387830933529], [92.82863337104311, 12.19131607002793], [92.82858709882282, 12.191244309102894], [92.82854082660252, 12.191172548158455], [92.82849455528057, 12.191100788072651], [92.82844828306028, 12.191029027089385], [92.82840201083998, 12.190957266086704], [92.8283557386197, 12.190885505064609], [92.828294107903, 12.190837006414283], [92.82823247628801, 12.190788506877052], [92.82817084557131, 12.19074000820899], [92.82810921485462, 12.190691509532062], [92.82804758323958, 12.190643010846305], [92.8279859516246, 12.190594512151641], [92.82792432090788, 12.190546013448111], [92.82786268929286, 12.190497514735739], [92.82778244368684, 12.19053363369472], [92.82770219808081, 12.190569752648779], [92.8276219524748, 12.19060587159795], [92.82754170686883, 12.190641991420224], [92.8274614621611, 12.19067811035955], [92.82738121655508, 12.19071422929395], [92.82730097094905, 12.190750348223405], [92.82722072534304, 12.19078646802602], [92.82714047973705, 12.190822586945654], [92.82705335752753, 12.190830595712871], [92.82696623531803, 12.190838605357884], [92.82687911310849, 12.19084661412458], [92.826791990899, 12.190854623769122], [92.82670486868946, 12.190862632535323], [92.82661774737826, 12.190870641301332], [92.82653062516876, 12.190878650945136], [92.82644350295922, 12.190886660588697], [92.82635638074973, 12.190894669353945], [92.8262692585402, 12.190902678997023], [92.82618213633069, 12.190910687761786], [92.82609920566028, 12.190909496237442], [92.82601627588821, 12.190908304713087], [92.8259333452178, 12.190907113188706], [92.82585034268219, 12.190880167351027], [92.82576734104487, 12.190853222388652], [92.82568433850926, 12.19082627742354], [92.82560133597366, 12.190799331577644], [92.82551833433634, 12.190772386607062], [92.82543533180069, 12.190745440755695], [92.82537051565802, 12.190776748800172], [92.82530569951531, 12.19080805684096], [92.82524088247432, 12.190839364878006], [92.82517606633161, 12.190870672033364], [92.82509146209985, 12.190867467122084], [92.82500685876637, 12.190864262210791], [92.8249222545346, 12.190861057299474], [92.82483765030283, 12.19085785238808], [92.82477012394291, 12.19090032316802], [92.8247025966847, 12.19094279481923], [92.82463507032477, 12.190985265585558], [92.82456754306658, 12.191027737223155], [92.82450001670666, 12.191070207975885], [92.82443248944844, 12.191112679599843], [92.82436496308853, 12.19115515033901], [92.82429269452224, 12.19116419344719], [92.82422042595594, 12.191173236555064], [92.82414815649136, 12.191182280540696], [92.82407588792506, 12.191191323647946], [92.82409510019401, 12.191275034058952], [92.82411431246301, 12.191358745321597], [92.82413352383367, 12.191442455679743], [92.82415273610266, 12.191526166011503], [92.82410864768684, 12.191600713808295], [92.82406456016933, 12.191675261584082], [92.82402047175349, 12.191749810217031], [92.82397638333768, 12.19182435795095], [92.82393229582016, 12.191898905663916], [92.82388820740431, 12.191973453355915], [92.82386281292956, 12.191894884174406], [92.82383741935311, 12.19181631584769], [92.82381202487834, 12.191737746619618], [92.82378663130189, 12.19165917824635], [92.8237612368271, 12.191580608971739], [92.82373584235235, 12.191502039673834], [92.8237104487759, 12.191423471230735], [92.82368505430112, 12.19134490188628], [92.82360857533111, 12.191347257711326], [92.82353209546274, 12.19134961353636], [92.82345561649272, 12.191351969361342], [92.82337913662437, 12.191354326064413], [92.82330265765435, 12.191356681889383], [92.823226177786, 12.191359038592376], [92.82317245314212, 12.191334844629194], [92.82311872759993, 12.191310649785725], [92.82305445224303, 12.191338726516221], [92.82299017778446, 12.191366803243753], [92.82292590242758, 12.191394880846332], [92.8229206913006, 12.191461046758358], [92.82291548107195, 12.19152721177582], [92.822910269945, 12.191593377654833], [92.82290505971632, 12.191659542639268], [92.82297453003052, 12.19170646854248], [92.8230440003447, 12.191753394437356], [92.8231134706589, 12.191800320323965], [92.82313524851634, 12.19187890885065], [92.82315702547544, 12.191957497354094], [92.82317880333287, 12.192036085834228], [92.82320058119029, 12.192114675169158], [92.82322235814944, 12.192193263602691], [92.82324413510854, 12.192271852012958], [92.82326591296597, 12.192350440399942], [92.82326003349245, 12.192436160307672], [92.8232541540189, 12.19252188018768], [92.82324827454536, 12.192607599161956], [92.82324239507183, 12.192693318986548], [92.8232365155983, 12.192779038783481], [92.82323063612475, 12.192864758552654], [92.82322475665123, 12.192950477416044], [92.82321887627938, 12.193036197129825], [92.82317491722097, 12.193105220686608], [92.82313095816252, 12.193174244225453], [92.82308699910409, 12.193243268624347], [92.82304304004566, 12.193312292127265], [92.82299908098723, 12.193381315612168], [92.8229551219288, 12.193450339079133], [92.82291116287037, 12.193519362528109], [92.82286720381194, 12.193588385959147], [92.82282324385523, 12.193657410250244], [92.82277928479678, 12.193726433645342], [92.82273532573835, 12.193795457022437], [92.82269136667992, 12.193864480381606], [92.82266826470577, 12.193947627120183], [92.8226451627316, 12.194030773832667], [92.82262206075742, 12.194113921397133], [92.82259895878326, 12.19419706805748], [92.82257585680911, 12.194280214691762], [92.82255275483494, 12.19436336129995], [92.82252965286081, 12.194446508760103], [92.82250655088664, 12.194529655316169], [92.82248344891245, 12.194612801846114], [92.82246034693831, 12.194695948350017], [92.82243724496415, 12.194779094827839], [92.82241414299, 12.194862242157631], [92.82239104191414, 12.194945388583266], [92.82236793993998, 12.195028534982873], [92.82233560238636, 12.194953731760862], [92.82230326483278, 12.194878927639694], [92.8222709281775, 12.194804124375482], [92.82223859062388, 12.194729321090126], [92.8222062530703, 12.19465451690564], [92.82217391641503, 12.19457971357811], [92.8221415788614, 12.194504910229474], [92.82210924130783, 12.19443010598167], [92.82207690375421, 12.194355302590822], [92.82204456620063, 12.194280499178841], [92.82201222864701, 12.194205694867719], [92.82197989109343, 12.19413089141355], [92.82190476678284, 12.194106126094573], [92.8218296433706, 12.194081361651289], [92.82175451906, 12.19405659632768], [92.82167939564773, 12.194031831879805], [92.82160427133718, 12.194007066551551], [92.8215291479249, 12.193982302099032], [92.82145402361431, 12.193957536766147], [92.82139568432483, 12.194021830041608], [92.82133734593364, 12.194086123301444], [92.82127900664413, 12.194150416545723], [92.82122066825296, 12.194214709774377], [92.82116232896347, 12.194279002987486], [92.82119269291839, 12.194356459855882], [92.82122305687331, 12.194433917579698], [92.82125342082824, 12.194511374402841], [92.82128378478312, 12.194588832081427], [92.82131414873805, 12.194666288859306], [92.82134451269299, 12.19474374649264], [92.82137487664791, 12.194821203225265], [92.82129887198835, 12.194848511294943], [92.8212228682271, 12.194875818483744], [92.82114686356753, 12.194903126547798], [92.82107085890799, 12.194930434609], [92.82099485424843, 12.19495774178937], [92.82091885048717, 12.19498504896695], [92.82084284582761, 12.195012357019733], [92.8207542719406, 12.195024634710904], [92.82066569895188, 12.195036912401568], [92.82057712506489, 12.19504919009161], [92.82048855207617, 12.195061466903027], [92.82039997818916, 12.195073744591935], [92.82031140520048, 12.195086022280309], [92.82022283131347, 12.195098299968084], [92.82013425832476, 12.195110576777225], [92.82004568443776, 12.195122854463868], [92.81995711144904, 12.195135131271915], [92.81986853756203, 12.195147408957402], [92.81977996457333, 12.195159685764315], [92.81969139068632, 12.195171963448681], [92.81960281769764, 12.195184240254413], [92.8195142438106, 12.195196517937633], [92.81942567082191, 12.195208794742271], [92.81933709693492, 12.195221072424347], [92.81926671483068, 12.195169029026822], [92.8191963318282, 12.195116984741057], [92.81912594972397, 12.195064941323098], [92.81905556672149, 12.19501289701689], [92.8189851846173, 12.194960853578513], [92.81891480161478, 12.19490880925187], [92.8188444195106, 12.194856765793048], [92.81877403650807, 12.194804721445974], [92.81870365440388, 12.194752677966722], [92.81877955845214, 12.194739581924923], [92.81885546339868, 12.194726485004466], [92.81893136744692, 12.19471338896137], [92.81900727239349, 12.194700292039613], [92.81908317644174, 12.19468719511721], [92.81914719847373, 12.194652853009705], [92.81921121960738, 12.194618510897786], [92.81927524163937, 12.194584167903365], [92.81933926277304, 12.194549825782516], [92.81940328480502, 12.194515483657252], [92.81942095736161, 12.194431568806449], [92.81943862901988, 12.19434765392907], [92.81945630067816, 12.194263739903176], [92.81947397323475, 12.194179824972696], [92.8194916457913, 12.194095910015637], [92.81950931834791, 12.19401199503204], [92.81952699000618, 12.19392808089993], [92.81954466256278, 12.193844165863204], [92.81956233511933, 12.19376025079993], [92.81962166345397, 12.193802413798155], [92.81968099178859, 12.193844576789674], [92.81974032012322, 12.193886739774527], [92.81979964935614, 12.193928902752639], [92.81985897769079, 12.193971064845982], [92.81988782439119, 12.193894661522432], [92.81991667019328, 12.193818258176858], [92.81994551689367, 12.193741854809236], [92.81997436269577, 12.193665451419642], [92.82000320939616, 12.193589048007977], [92.82003205609655, 12.193512644574353], [92.82009363650761, 12.193455460740827], [92.82015521691864, 12.193398277773037], [92.8202167973297, 12.193341093914842], [92.82027837774073, 12.193283910922396], [92.82033995905009, 12.193226727039548], [92.82040153946116, 12.193169543144394], [92.82046311987217, 12.193112360114915], [92.8205247002832, 12.193055176195095], [92.82058628069427, 12.192997993140983], [92.8206478611053, 12.19294080919647], [92.82070944151634, 12.192883625239615], [92.82077102192738, 12.192826442148506], [92.82083260233844, 12.192769258166997], [92.8208941836478, 12.192712074173158], [92.82095576405882, 12.192654891045056], [92.82101734446987, 12.192597707026549], [92.82107892488091, 12.19254052387379], [92.82114050529194, 12.192483339830614], [92.8211182674971, 12.192403068255839], [92.82109603060054, 12.192322797534773], [92.8210737928057, 12.192242525911386], [92.82105155501083, 12.192162254263685], [92.82102931721596, 12.192081983469734], [92.82100707942112, 12.192001711773434], [92.82104987336461, 12.19192919063886], [92.82109266820645, 12.191856668606412], [92.82113546304826, 12.19178414743218], [92.82117825699176, 12.19171162623814], [92.82122105183359, 12.191639104146153], [92.8212638457771, 12.19156658291242], [92.82130663972059, 12.191494061658878], [92.8213494345624, 12.191421539507402], [92.82139222940424, 12.191349018214192], [92.8214750576667, 12.19134416519702], [92.82155788592914, 12.191339312179794], [92.82164071419162, 12.191334459162443], [92.82172354245407, 12.191329606145041], [92.82180637161483, 12.19132475312751], [92.8218891998773, 12.19131990010993], [92.82197202813974, 12.191315047092223], [92.82205485640222, 12.191310194074426], [92.82213768466467, 12.191305341056578], [92.82222051292713, 12.191300488038603], [92.82222121271474, 12.191226854214438], [92.82222191340064, 12.191153220369841], [92.82222261318825, 12.191079586504788], [92.82222331297585, 12.191005952619303], [92.82222401276346, 12.19093231871336], [92.82222471255106, 12.190858684786972], [92.82214636867853, 12.190821649179664], [92.82206802480597, 12.190784614445253], [92.8219896809334, 12.190747578827601], [92.82191133706085, 12.190710544082847], [92.82183299318828, 12.19067350845484], [92.82175464841742, 12.190636472821666], [92.82167630454485, 12.190599438061403], [92.82159796067229, 12.190562402417887], [92.82151961679973, 12.190525367647268], [92.82144127292716, 12.19048833199341], [92.8214469871107, 12.19041327021921], [92.82145270219253, 12.190338208423752], [92.82145841637605, 12.190263146607034], [92.82146413145792, 12.190188083891046], [92.8214698456414, 12.190113022031873], [92.82147555982495, 12.190037960151418], [92.82154741247125, 12.190005754641671], [92.82161926511756, 12.18997355000607], [92.8216911177639, 12.18994134448846], [92.82176297041019, 12.189909138966998], [92.8218348230565, 12.189876933441578], [92.82190667570285, 12.189844727912277], [92.82190574864147, 12.189768112665073], [92.8219048224784, 12.189691497395755], [92.82190389541702, 12.189614882982365], [92.82190296835564, 12.189538267668787], [92.82190204129428, 12.189461652333087], [92.82183032878515, 12.189411164610375], [92.82175861717432, 12.189360676878083], [92.8216869046652, 12.18931018913615], [92.82161519215609, 12.189259701384634], [92.82154347964693, 12.189209213623489], [92.82147176803613, 12.189158725852764], [92.82140005552698, 12.189108237194333], [92.82132834301785, 12.189057749404396], [92.82125663050874, 12.189007261604793], [92.82118491889791, 12.18895677379562], [92.82111320638879, 12.188906285976818], [92.82104149387966, 12.188855798148424], [92.820954129125, 12.188849775503613], [92.8208667652687, 12.188843752858714], [92.82077940051404, 12.188837730213676], [92.8206920357594, 12.188831707568497], [92.82069138088754, 12.188902579667046], [92.82069072601573, 12.188973450868614], [92.82069007114387, 12.189044322929329], [92.82068941717036, 12.18911519409301], [92.82060128435613, 12.189099094794846], [92.82051315154192, 12.189082994617653], [92.82042501872772, 12.18906689531753], [92.82033688501518, 12.18905079513838], [92.820248752201, 12.189034694958249], [92.82016061938678, 12.189018595655224], [92.82007248657256, 12.189002496351183], [92.82009765018032, 12.188922642559541], [92.82012281468637, 12.188842788743802], [92.8201479782941, 12.18876293490407], [92.82017314190183, 12.188683081040267], [92.82019830550959, 12.188603227152445], [92.82022346911732, 12.188523373240551], [92.82024863362338, 12.18844351842659], [92.82027379723111, 12.188363664466658], [92.82029896083885, 12.188283810482643], [92.82032412444659, 12.188203956474647], [92.8203492880543, 12.188124102442554], [92.82037445166208, 12.188044248386467], [92.82044429837035, 12.187990438664999], [92.82051414597693, 12.187936628054539], [92.82058399268523, 12.187882818311264], [92.82065384029185, 12.187829007678987], [92.82072368700013, 12.187775197913842], [92.82079353370841, 12.18772138813782], [92.820863381315, 12.187667577472796], [92.82093322802328, 12.187613767674918], [92.8210030756299, 12.187559956988062], [92.82107292233817, 12.187506147168378], [92.82114276904647, 12.187452337337753], [92.82121261665307, 12.18739852661815], [92.82128246336137, 12.187344716765718], [92.82135231096795, 12.187290906024296], [92.82142215767622, 12.187237096150008], [92.82149200438452, 12.18718328626483], [92.82156185199112, 12.18712947549066], [92.82163169869942, 12.187075665583626], [92.82170154630603, 12.187021854787627], [92.82177139301432, 12.186968044858798], [92.8218412397226, 12.186914234919055], [92.82191108732918, 12.186860424090307], [92.82198093403747, 12.186806614128708], [92.8220507816441, 12.186752803278129], [92.82212062835237, 12.186698993294735], [92.82220765354381, 12.186679474638542], [92.82229467783696, 12.186659956859037], [92.82238170302844, 12.186640438200019], [92.82246872732159, 12.186620920417614], [92.82255575251307, 12.186601402633796], [92.82264277770452, 12.18658188397044], [92.82272980199767, 12.18656236618376], [92.82281682718914, 12.186542847517542], [92.82290385238059, 12.186523328849912], [92.82299087667374, 12.18650381105888], [92.82307790186522, 12.186484292388375], [92.82316492615837, 12.18646477459448], [92.82325195134982, 12.186445256799175], [92.8233389765413, 12.186425738124319], [92.82342600083444, 12.186406220326162], [92.82351302602589, 12.186386701648468], [92.82360005121737, 12.186367182969338], [92.82368707551052, 12.186347665166831], [92.82377410070197, 12.186328146484836], [92.82386112499512, 12.186308628679441], [92.8239481501866, 12.186289109994574], [92.82403517537807, 12.186269591308267], [92.82412219967122, 12.186250073498572], [92.82420922486267, 12.186230554809402], [92.82429624915582, 12.186211036996871], [92.8243832743473, 12.186191518304776], [92.82447029953875, 12.186171999611293], [92.8245573238319, 12.186152481794462], [92.82464434902337, 12.186132963098105], [92.82473137421482, 12.186113444400272], [92.82481839850797, 12.186093926579128], [92.82490542369945, 12.186074407878458], [92.8249924479926, 12.186054890054411], [92.82507947318405, 12.18603537135088], [92.82513356434056, 12.185974433016645], [92.82518765549709, 12.185913494668453], [92.82524174755193, 12.185852555428129], [92.82529583870846, 12.185791616173862], [92.82534992986497, 12.185730678661736], [92.8254040219198, 12.185669739379454], [92.82545811307632, 12.185608800961253], [92.82551220513115, 12.185547862529083], [92.82556629718597, 12.185486924082879], [92.82562038924083, 12.185425985622683], [92.82567448039731, 12.185365047148528], [92.82565463122282, 12.185285621641295], [92.82563478294661, 12.185206196988371], [92.82561493467041, 12.185126771433584], [92.82559508549588, 12.185047345855056], [92.82557523721968, 12.184967921130774], [92.82555538804519, 12.184888495504703], [92.82553553976898, 12.184809070732904], [92.82551569059444, 12.184729645059251], [92.82549584231825, 12.18465021936182], [92.82547599404205, 12.1845707945187], [92.8254561448675, 12.184491368773715], [92.82537176431624, 12.184519815897207], [92.8252873846633, 12.184548263017648], [92.82520300411204, 12.18457671013502], [92.82511862356078, 12.18460515724933], [92.82503424300948, 12.184633604360608], [92.82494986335657, 12.184662050590784], [92.82486548280527, 12.184690497695945], [92.82478110225401, 12.184718944798078], [92.82469672170275, 12.184747391897169], [92.82461234204979, 12.184775838115108], [92.82452796149853, 12.184804285208092], [92.82444358094725, 12.184832732298023], [92.82435920039599, 12.184861179384916], [92.82427482074301, 12.184889625590666], [92.82419044019176, 12.184918072671449], [92.8241060596405, 12.184946519749156], [92.82406228653333, 12.185021438187512], [92.82401851432448, 12.185096356604673], [92.8239747412173, 12.185171275000688], [92.82393096811015, 12.185246193375548], [92.82388719500298, 12.18532111260735], [92.82384342279414, 12.185396030939895], [92.82379964968698, 12.185470949251297], [92.82375587657981, 12.18554586754154], [92.82371210437095, 12.185620785810626], [92.82366833126378, 12.185695704058569], [92.82360166908322, 12.185747662385658], [92.8235350069026, 12.185799620702584], [92.823468344722, 12.18585157900933], [92.82340168254139, 12.185903537305899], [92.82333501946245, 12.185955495592264], [92.82326835728188, 12.18600745299043], [92.82320169420294, 12.186059411256426], [92.82313503202232, 12.186111368634247], [92.82305653633449, 12.18611682673985], [92.82297804154499, 12.186122284845364], [92.82289954585714, 12.186127742950738], [92.82282105106759, 12.18613320105601], [92.82274255537976, 12.186138660039243], [92.82266405969193, 12.18614411814431], [92.82258556490238, 12.186149576249239], [92.82250706921454, 12.186155035232142], [92.82243330944489, 12.186105160653605], [92.82235955057357, 12.186055286943795], [92.82228579080389, 12.186005412346507], [92.82221203103421, 12.185955537739844], [92.82213827216286, 12.185905664001865], [92.82206451239318, 12.185855789376461], [92.82199075262353, 12.185805914741668], [92.8219169937522, 12.185756040975575], [92.82184323398253, 12.185706166322042], [92.82176886874836, 12.185750305390888], [92.82169450261588, 12.185794444452432], [92.8216201373817, 12.185838583506596], [92.82154577124922, 12.18588272255342], [92.82147140601508, 12.18592686159289], [92.8213970398826, 12.185971000625058], [92.8213226746484, 12.186015139649847], [92.82124830851595, 12.186059278667308], [92.82117394328176, 12.186103417677415], [92.82109957714928, 12.186147556680169], [92.82102521191514, 12.186191695675621], [92.82095084578266, 12.186235834663707], [92.82087648054848, 12.186279973644439], [92.82080211441598, 12.186324112617829], [92.82072774918183, 12.186368251583906], [92.82065338304935, 12.186412390542616], [92.8205790178152, 12.186456529493972], [92.82050465168273, 12.186500668437986], [92.82043028644854, 12.186544807374663], [92.82039952633659, 12.186469271203492], [92.82036876532632, 12.186393735010823], [92.82033800521434, 12.18631819879664], [92.82030724420406, 12.186242662560918], [92.82027648409212, 12.186167126303733], [92.82024572308184, 12.186091590025036], [92.82017895490004, 12.1860517474282], [92.82011218761654, 12.186011904825412], [92.82004541943475, 12.185972062216617], [92.81997865125295, 12.185932219601856], [92.81991188307111, 12.185892376981103], [92.81984511578764, 12.185852534354346], [92.8197783476058, 12.185812691721647], [92.81974149152634, 12.185740302362337], [92.81970463634518, 12.185667912983268], [92.8196677802657, 12.185595523584443], [92.81963092418621, 12.18552313416591], [92.81959406900508, 12.185450745605657], [92.81955721292559, 12.185378356147583], [92.81952035684611, 12.185305966669803], [92.81948350076662, 12.185233577172228], [92.81944664468718, 12.18516118765492], [92.81939275744823, 12.185101568869593], [92.81933887020928, 12.18504195007092], [92.819284982072, 12.184982331258801], [92.81923109483304, 12.184922712433336], [92.8192586398746, 12.184918032279894], [92.8192995805937, 12.184845262468789], [92.81934052221108, 12.184772492637713], [92.81938146293015, 12.184699723664812], [92.8194224036492, 12.184626953793837], [92.81946334436829, 12.184554183902925], [92.81949490398085, 12.184478633993834], [92.8195264635934, 12.184403084941355], [92.81955802320597, 12.184327534989249], [92.81958958281854, 12.184251985015656], [92.81962114243109, 12.184176435020523], [92.81965270204365, 12.184100885881978], [92.81968426165622, 12.18402533584387], [92.81970575654432, 12.183953011852985], [92.81972725233076, 12.183880686964333], [92.8197487472189, 12.183808362934036], [92.81977024300534, 12.18373603800593], [92.81979173789344, 12.183663713936207], [92.81981323278157, 12.183591388968715], [92.81979574527793, 12.183505667959011], [92.8197782586726, 12.183419947799697], [92.8197607720673, 12.183334226734614], [92.81974328456364, 12.183248505641847], [92.81972579795834, 12.183162785399496], [92.81970831045471, 12.183077064251323], [92.81969082295105, 12.182991343075493], [92.81967333634574, 12.182905622750066], [92.81965584974041, 12.182819901518869], [92.81963836223679, 12.182734180259962], [92.81962087563146, 12.182648459851446], [92.81960338812783, 12.182562738537172], [92.81958590152249, 12.182477018073289], [92.8195684149172, 12.182391296703647], [92.81955092741356, 12.18230557530631], [92.81953344080824, 12.18221985475939], [92.8195159533046, 12.182134133306647], [92.81949846580098, 12.182048411826248], [92.81948097919565, 12.181962691196276], [92.8194634925903, 12.181876969660507], [92.81944600508669, 12.181791248097056], [92.81942851848135, 12.181705527383984], [92.81941103097772, 12.181619805765166], [92.81932497506844, 12.181611580710141], [92.81923892005749, 12.181603356532962], [92.81915286414821, 12.181595132355529], [92.81906680823894, 12.18158690729974], [92.81898075322799, 12.181578683121785], [92.81889469731871, 12.1815704589436], [92.81880864140943, 12.181562233887075], [92.81872258639848, 12.181554009708368], [92.81863653048921, 12.18154578552937], [92.81855047457994, 12.18153756047208], [92.81846441956898, 12.181529336292611], [92.8183783636597, 12.181521112112888], [92.81829230775043, 12.18151288705481], [92.81820625273947, 12.181504662874564], [92.81812019683021, 12.181496438694078], [92.81803414092093, 12.181488214513323], [92.81794808590998, 12.181479990332328], [92.8178620300007, 12.181471766151077], [92.81777597409142, 12.181463541969535], [92.81768991908046, 12.181455317787762], [92.8176038631712, 12.18144709360575], [92.81751780726192, 12.18143886942348], [92.81743175225097, 12.181430645240946], [92.81734569634169, 12.181422421058157], [92.81726035099982, 12.18144706901926], [92.81717500655623, 12.181471716978074], [92.81708966121435, 12.18149636493461], [92.81700431677079, 12.181521012888844], [92.81691897142892, 12.181545660840786], [92.81683362698534, 12.181570308790441], [92.81674828164347, 12.181594956737817], [92.81666293719988, 12.181619604682904], [92.816577591858, 12.181644253503762], [92.81649224741443, 12.181668901444256], [92.81640690207256, 12.181693549382473], [92.816321557629, 12.181718197318398], [92.81623621228711, 12.181742846130135], [92.81619569736948, 12.18179843085617], [92.81615518335016, 12.181854015570515], [92.81611466843252, 12.18190960027327], [92.81603295857262, 12.181890047019373], [92.8159512487127, 12.181870492885974], [92.81586953885277, 12.18185093962924], [92.81578782899281, 12.181831385492966], [92.8157061182346, 12.181811831355256], [92.81562440837465, 12.181792278094195], [92.81554269851472, 12.181772724831658], [92.8154609886548, 12.18175317156771], [92.81537927879488, 12.181733618302312], [92.81529734166115, 12.181768674211755], [92.8152154054258, 12.18180372923849], [92.81513346829209, 12.181838785138684], [92.81505153115839, 12.181873841034234], [92.81496959402472, 12.181908896925153], [92.81488765778933, 12.181943951933341], [92.81480572065563, 12.181979007814999], [92.81472378352196, 12.182014063692037], [92.81464184638823, 12.182049119564445], [92.81455991015287, 12.182084174554149], [92.81447797301917, 12.182119230417282], [92.81439665033312, 12.182140555633355], [92.8143153285454, 12.182161880847712], [92.81423400585938, 12.182183206060389], [92.81415268317333, 12.182204531271323], [92.8140713613856, 12.182225856480578], [92.81399003869956, 12.182247181688076], [92.81390871601351, 12.182268506893896], [92.81382739422578, 12.182289832097974], [92.81374607153974, 12.182311157300346], [92.8136647488537, 12.182332482501025], [92.81358342706599, 12.182353807699963], [92.81350210437996, 12.18237513289722], [92.81342078169392, 12.182396458092722], [92.81333945990617, 12.182417782408457], [92.81325813722015, 12.182439107600576], [92.81318000265503, 12.182407262939769], [92.81310186719163, 12.18237541827516], [92.81302373262652, 12.182343573606708], [92.81294559716312, 12.182311728934492], [92.81287145021956, 12.182263013585647], [92.8127973023777, 12.182214297349809], [92.81271608389623, 12.182212002031635], [92.81263486541475, 12.182209705835335], [92.81255364693328, 12.182207410517123], [92.81247242755352, 12.182205114320823], [92.81239120907203, 12.182202819002535], [92.81230999059056, 12.182200523684259], [92.81223336968672, 12.182202750511797], [92.81215674788457, 12.182204977339282], [92.81208012698075, 12.182207204166794], [92.81200350607688, 12.182209431872343], [92.81192688427471, 12.182211659577877], [92.81185026337089, 12.182213886405325], [92.81176597983765, 12.182237960902484], [92.81168169630445, 12.182262034519367], [92.81159741277123, 12.182286109012162], [92.81151312923801, 12.182310182624681], [92.8114288457048, 12.182334257113112], [92.81134456217158, 12.182358330721241], [92.81126870663235, 12.182365832210243], [92.81119285109314, 12.182373333699013], [92.81111699645224, 12.18238083430948], [92.811041140913, 12.182388335797844], [92.81096528537377, 12.182395836407917], [92.81088942983456, 12.182403337895835], [92.8108128089307, 12.182385973746646], [92.81073618802687, 12.182368610474386], [92.81065956802134, 12.182351247200993], [92.81058294711751, 12.182333883048393], [92.81050632621364, 12.182316518894662], [92.81042970530982, 12.182299154739786], [92.81035538229645, 12.18228254485989], [92.81028106018144, 12.182265935857062], [92.81020673716809, 12.182249325975118], [92.81013241415474, 12.182232716092091], [92.81005809203971, 12.182216107086148], [92.80998376902635, 12.182199497201049], [92.80991021317429, 12.182199464711848], [92.80983665642385, 12.182199431344559], [92.80976310057176, 12.182199397977284], [92.80968954382136, 12.182199364609996], [92.80960955064195, 12.182230973968531], [92.80952955746253, 12.182262583323352], [92.80944956338479, 12.182294193552469], [92.80936957020535, 12.18232580377782], [92.80928957702595, 12.182357413121345], [92.80921142179957, 12.182399356654336], [92.80913326747158, 12.182441299302639], [92.8090551122452, 12.182483242822427], [92.8089769579172, 12.182525186335571], [92.80889880269082, 12.182567129842065], [92.80882064836278, 12.182609072463892], [92.80874249313645, 12.182651015957115], [92.80866127375667, 12.182686391368325], [92.80858005347856, 12.182721767652891], [92.80849883409878, 12.182757143054662], [92.80841761471899, 12.1827925193298], [92.80833639444087, 12.182827895600205], [92.8082551750611, 12.182863270987804], [92.80819311045815, 12.182906943388733], [92.80813104495685, 12.182950615782488], [92.80806897945557, 12.182994288169054], [92.80800691485257, 12.18303796054842], [92.80794485024961, 12.183081632920624], [92.80788278474827, 12.183125306163726], [92.80782761561343, 12.18319083313748], [92.80777244558026, 12.18325636009509], [92.80771727644539, 12.183321886158392], [92.80766210641221, 12.183387413083663], [92.80761383274549, 12.183456332903157], [92.80756555818043, 12.183525253582902], [92.80751728451371, 12.18359417336661], [92.80746900994865, 12.183663093132454], [92.80745368289328, 12.183739940200049], [92.80743835583787, 12.183816788123492], [92.80742302968082, 12.183893635146571], [92.80739544241845, 12.183974998116474], [92.80736785515606, 12.184056361061453], [92.80732188207477, 12.18407894265487], [92.80727590809515, 12.18410152512445], [92.80723146484479, 12.184145206102395], [92.80718702249276, 12.18418888619509], [92.80714257924238, 12.184232567158658], [92.80706212432891, 12.184268696629537], [92.80698166941544, 12.184304825217367], [92.80690198345985, 12.184270127899461], [92.80682229660592, 12.184235430577038], [92.80674261065032, 12.184200733250035], [92.80666905479822, 12.184160010533047], [92.80659549984446, 12.184119288687874], [92.80652194399235, 12.184078565958394], [92.80644838903858, 12.184037844100729], [92.8063748331865, 12.183997121358754], [92.8063216376503, 12.183928637207773], [92.80626844301244, 12.183860153917182], [92.80621524747626, 12.183791669730871], [92.8061620528384, 12.183723186404963], [92.80610885820055, 12.183654702183297], [92.80605566356269, 12.18358621794396], [92.80600246892479, 12.183517733686937], [92.80596438035677, 12.183438277771973], [92.80592629268703, 12.183358822711295], [92.805888204119, 12.18327936674875], [92.80585011555092, 12.183199911640488], [92.8058120269829, 12.183120455630362], [92.80577393931317, 12.183041000474521], [92.80573585074511, 12.182961544416825], [92.80571133482267, 12.182889199062004], [92.8056868197986, 12.182816854565536], [92.8056623047745, 12.182744509171275], [92.80563778885208, 12.182672163757294], [92.80561327382796, 12.182599819201693], [92.80558875790554, 12.182527473748273], [92.80558600367087, 12.182448810448236], [92.80558324853791, 12.182370147124916], [92.80558049430324, 12.18229148377825], [92.80557773917027, 12.18221282040829], [92.8055749849356, 12.182134157014998], [92.80558418368412, 12.182055612140154], [92.8055933815343, 12.181977067242052], [92.80560258028281, 12.181898522320719], [92.80561177813303, 12.181819978254243], [92.8056209759832, 12.181741433286412], [92.80563017473172, 12.181662888295335], [92.80563937258192, 12.181584343281017], [92.80564857133045, 12.181505798243453], [92.8056678842107, 12.181424432760378], [92.80568719619272, 12.181343068130431], [92.80570650817467, 12.181261702597459], [92.80572582015664, 12.181180337917628], [92.80574513213864, 12.181098972334786], [92.80576444412061, 12.181017606726956], [92.80578375610258, 12.180936241972292], [92.80580306808457, 12.180854876314617], [92.80582238006654, 12.180773511510068], [92.80584169204852, 12.18069214580251], [92.80588996571527, 12.180641309564923], [92.80593823848369, 12.180590474195675], [92.80598651215043, 12.18053963793861], [92.80603478491885, 12.180488801671823], [92.80611638698095, 12.180466236456713], [92.80619798814472, 12.180443672117743], [92.80627959020683, 12.180421107776878], [92.8063611913706, 12.180398543434103], [92.80643750505062, 12.180390442152286], [92.80651381962893, 12.180382339992137], [92.80659013330896, 12.180374238709822], [92.80666644788728, 12.18036613654919], [92.80674276156729, 12.18035803526638], [92.8068117216384, 12.180314366836514], [92.80688068081118, 12.180270698399458], [92.8069496408823, 12.180227029955189], [92.80701860095341, 12.180183361503758], [92.80708756012619, 12.18013969304515], [92.80715652019728, 12.180096024579369], [92.80722180166727, 12.180053559972782], [92.80728708403561, 12.180011094481365], [92.80735236550562, 12.179968629861191], [92.80741764787395, 12.179926165234262], [92.80748292934398, 12.17988370060055], [92.80755372736813, 12.179843046590618], [92.80762452629062, 12.179802392574476], [92.8076953243148, 12.179761739430175], [92.80776612323729, 12.17972108540158], [92.80783692126145, 12.179680431366748], [92.80790587953592, 12.179656352247125], [92.8079748378104, 12.179632273125364], [92.80804379608486, 12.179608194001375], [92.80809589926967, 12.17955020107933], [92.80814800155613, 12.179492209022689], [92.80820010474095, 12.179434216075263], [92.80825220792573, 12.17937622311518], [92.8083043111105, 12.179318231020524], [92.80835641429533, 12.179260238035136], [92.80838553138862, 12.17918716636373], [92.80841464938024, 12.179114093794126], [92.80844376647356, 12.179041022082481], [92.80847288356684, 12.17896794947266], [92.80850200066017, 12.178894877720802], [92.80853111775345, 12.178821805070754], [92.80856444974208, 12.178749488442968], [92.80859778083239, 12.178677171795439], [92.80863111282099, 12.178604854250139], [92.80866444391128, 12.178532537563246], [92.80872420792886, 12.178482836293911], [92.80878397194638, 12.178433135015302], [92.80884373506558, 12.178383434605468], [92.80890349908314, 12.178333733308234], [92.80896326310067, 12.178284032001699], [92.80902893803277, 12.178242083427909], [92.80909461206657, 12.178200134847465], [92.80916028699868, 12.178158186260431], [92.80922596103247, 12.178116237666718], [92.80929163596457, 12.178074289066428], [92.80935730999836, 12.178032340459497], [92.80942298493046, 12.177990391845912], [92.80948198268507, 12.177942197295835], [92.80954097954134, 12.177894002737006], [92.80959997729595, 12.177845808169412], [92.80965897415223, 12.17779761359309], [92.80971797190682, 12.177749419008014], [92.8097769687631, 12.1777012244142], [92.80982600689616, 12.17763343497342], [92.80987504413089, 12.177565646393461], [92.80992408136564, 12.17749785691809], [92.80995319756063, 12.177433072291636], [92.80998231285729, 12.177368288527457], [92.81001142815396, 12.177303503869403], [92.810031350092, 12.177220632907792], [92.8100512729284, 12.177137761042191], [92.81007119486642, 12.17705489002885], [92.81004208046808, 12.176996107133737], [92.81001296696805, 12.176937325103736], [92.80998385256967, 12.176878542182607], [92.80995994929827, 12.17680619956044], [92.8099360451286, 12.176733856918604], [92.80991214185718, 12.176661515135137], [92.80988823768749, 12.176589172453877], [92.80986433441609, 12.17651682975291], [92.80985514105745, 12.176440877140049], [92.80984594859716, 12.17636492538356], [92.80983675523854, 12.17628897272724], [92.80982756277824, 12.176213020927305], [92.80981836941965, 12.176137068227552], [92.80982204891902, 12.176066546597008], [92.80982572752012, 12.175996024947763], [92.8098294070195, 12.175925503279801], [92.80983308562062, 12.175854981593089], [92.80983676512, 12.17578445988765], [92.80985423465735, 12.17571213628581], [92.80987170509297, 12.17563981266429], [92.80988917463033, 12.175567489023065], [92.80990664416765, 12.175495165362118], [92.80992411370497, 12.175422841681502], [92.80995353532717, 12.175349619675456], [92.80998295784768, 12.175276396771094], [92.81001237946984, 12.175203174724631], [92.81004180199034, 12.175129951779889], [92.81007122361254, 12.175056729693083], [92.81011796116013, 12.174998734898772], [92.81016469870775, 12.174940740091802], [92.81021143625533, 12.174882746150251], [92.81025817380295, 12.174824751317951], [92.81030491135054, 12.174766756472982], [92.81035164889815, 12.17470876161534], [92.81040497469006, 12.174658153419196], [92.81045830048193, 12.174607545213435], [92.81051162717215, 12.174556936119867], [92.81056495296406, 12.174506327894818], [92.81061827875595, 12.1744557196601], [92.81067804097685, 12.174403759122743], [92.81073780319775, 12.174351797697055], [92.81075159503233, 12.174272692040065], [92.81076538686686, 12.1741935863595], [92.81073627336683, 12.174119735285398], [92.8107071598668, 12.174045884190763], [92.81067804636673, 12.17397203307558], [92.81063590819339, 12.173901943780352], [92.81059377002003, 12.173831854466602], [92.81055163184669, 12.173761765134353], [92.81050949277504, 12.173691674905506], [92.8104673546017, 12.173621585536273], [92.81042521642836, 12.17355149614853], [92.81037470146498, 12.173489168404274], [92.81032418650159, 12.173426841523527], [92.81027367153821, 12.17336451375001], [92.81022315747316, 12.173302186839976], [92.81017264250981, 12.1732398590372], [92.81012212754644, 12.173177532097917], [92.81007161258306, 12.173115204265903], [92.81002766789767, 12.173101150009083], [92.80998372231396, 12.173087095751502], [92.80989955466342, 12.173103030934952], [92.80981538611458, 12.173118966995572], [92.80973121846404, 12.173134902177114], [92.80964704991516, 12.173150838235829], [92.80956288226461, 12.173166773415462], [92.80947871371576, 12.173182709472217], [92.80939454606522, 12.173198644649942], [92.80931037841468, 12.173214580704826], [92.8092262098658, 12.17323051675873], [92.80914204221526, 12.173246451933569], [92.80905787366638, 12.173262387985602], [92.80897370601583, 12.17327832315853], [92.80888953746698, 12.173294259208607], [92.80880536981645, 12.173310194379628], [92.80872960860033, 12.173350904711103], [92.80865384738419, 12.173391615036307], [92.80857808616808, 12.173432325355288], [92.80850232495197, 12.17347303566805], [92.80842656373588, 12.17351374685265], [92.80835080251973, 12.173554457152893], [92.80827504130363, 12.173595167446926], [92.8081992800875, 12.173635878612814], [92.8081235188714, 12.173676588894342], [92.80804901799164, 12.173649891569953], [92.80797451711184, 12.173623195120955], [92.80790001623207, 12.173596497791172], [92.80782551535229, 12.173569800458742], [92.80775101447254, 12.17354310312359], [92.80767651359277, 12.173516405785767], [92.80760201271298, 12.17348970844526], [92.8075275118332, 12.173463011102054], [92.80749119653953, 12.173390426067654], [92.80745488034755, 12.173317841013406], [92.80741856505385, 12.173245255939337], [92.80738224976018, 12.173172670845435], [92.80734593356819, 12.173100085731699], [92.80730961827453, 12.17302750059809], [92.80727330298085, 12.172954915444684], [92.80723698768718, 12.172882330271435], [92.80720067239348, 12.172809745078323], [92.80716435709982, 12.172737159865404], [92.80712804180612, 12.172664574632652], [92.80710558392401, 12.172748471779506], [92.80708312604192, 12.1728323688999], [92.8070606681598, 12.172916265115655], [92.80703821027771, 12.173000162183033], [92.80701575239561, 12.173084059223925], [92.8069932945135, 12.173167956238279], [92.80697083663141, 12.173251852348056], [92.8069483787493, 12.173335749309409], [92.8069259208672, 12.1734196462443], [92.80690346298509, 12.173503543152677], [92.80688100600132, 12.173587439156428], [92.80685854811922, 12.173671336011804], [92.80682165071724, 12.173744180013212], [92.80678475241693, 12.173817024872788], [92.80674785501498, 12.173889868834236], [92.80671095671467, 12.173962713653838], [92.80667405841436, 12.174035557575339], [92.80663716101238, 12.174108401476854], [92.80660026271211, 12.17418124623652], [92.80656336531011, 12.174254090098074], [92.8065264670098, 12.17432693393968], [92.80648956870952, 12.174399778639373], [92.80645267130754, 12.17447262244102], [92.80641577300723, 12.174545467100753], [92.80637887560526, 12.17461831086245], [92.80630412499384, 12.174659860467981], [92.80622937438244, 12.174701410067026], [92.80615462377101, 12.17474295965957], [92.80607987315959, 12.174784509245612], [92.80600512254816, 12.174826058825152], [92.80593037193675, 12.17486760839823], [92.8058556213253, 12.17490915796477], [92.8057808707139, 12.174950708402907], [92.80570612010246, 12.174992257956482], [92.80564571199288, 12.175049134917879], [92.8055853047816, 12.175106011867125], [92.80552489667201, 12.17516288880416], [92.80546448946073, 12.175219765729041], [92.80540408135111, 12.17527664264175], [92.80534367324152, 12.175333519542233], [92.80528326513192, 12.17539039643059], [92.80522285702233, 12.175447273306709], [92.80516244891275, 12.17550415017068], [92.80510204170147, 12.175561026144361], [92.80504163359186, 12.17561790298398], [92.80498122548227, 12.175674779811374], [92.80492081737266, 12.175731656626617], [92.8048604101614, 12.17578853255156], [92.80480000205179, 12.175845409342452], [92.80475436673704, 12.175912696962275], [92.8047087314223, 12.175979984565048], [92.80466309700589, 12.176047271272688], [92.80461746258943, 12.176114558841366], [92.80457182727467, 12.176181846392984], [92.80452619195994, 12.176249133927568], [92.80448055754351, 12.176316420567003], [92.80443492222877, 12.176383708067478], [92.80438928781231, 12.176450995550931], [92.80434365249758, 12.176518283017298], [92.80429801808114, 12.176585569588529], [92.8042523827664, 12.176652857020787], [92.80423959435, 12.176739473275912], [92.80422680593361, 12.176826089502756], [92.80421401751724, 12.176912706579442], [92.80420122910084, 12.176999322749785], [92.80418844068447, 12.177085938891873], [92.80412294541543, 12.177137917344584], [92.80405745014639, 12.177189895787143], [92.8039919548773, 12.177241874219511], [92.80392646050659, 12.177293851763613], [92.80386096523755, 12.177345830175627], [92.80379546996846, 12.17739780857746], [92.80372997469942, 12.177449786969119], [92.80366447943038, 12.177501765350636], [92.80363279495198, 12.177579697779704], [92.8036011104736, 12.177657630185923], [92.80356942599524, 12.177735561691154], [92.80353774151685, 12.177813494051598], [92.80350605703846, 12.177891426389206], [92.80347437166174, 12.177969358703889], [92.80344268718338, 12.178047290995735], [92.80341100270499, 12.178125222386592], [92.80337931732826, 12.178203154632664], [92.80334763284986, 12.178281086855888], [92.80333927312786, 12.178361920296195], [92.80333091340583, 12.178442753711897], [92.80332255368378, 12.178523586224921], [92.80331419396175, 12.178604419591402], [92.80330583423972, 12.178685252933263], [92.803297475416, 12.178766086250548], [92.80328911659228, 12.178846918665089], [92.80328075687025, 12.178927751933163], [92.80325359720595, 12.179008512294489], [92.80322643664334, 12.1790892735094], [92.80319927697903, 12.179170033821643], [92.80317211731474, 12.17925079498737], [92.80314495765045, 12.17933155525048], [92.80311779708782, 12.179412316367111], [92.80309063742352, 12.179493076581062], [92.80306347686091, 12.179573837648523], [92.8030363171966, 12.179654597813354], [92.80300915663399, 12.179735358831707], [92.80298199696968, 12.179816118947354], [92.80298404423024, 12.179900487127462], [92.80298609149074, 12.179984854402663], [92.80298813875126, 12.180069222529136], [92.80299018601183, 12.180153589750738], [92.80299223327233, 12.180237957823561], [92.8029942805329, 12.180322324991527], [92.80299632869175, 12.180406693010724], [92.80299837595226, 12.180491060125053], [92.8030004241111, 12.180575428090615], [92.80300247137166, 12.180659795151332], [92.80297922027715, 12.1807372384345], [92.80295596918265, 12.180814682573196], [92.80293271808813, 12.1808921258112], [92.80290946699364, 12.180969569026596], [92.80288621589916, 12.181047013097496], [92.80286296480466, 12.181124456267716], [92.80283971371014, 12.181201899415328], [92.80281646261564, 12.181279343418444], [92.80279321152116, 12.181356786520867], [92.80276996042666, 12.181434229600681], [92.80274670933214, 12.181511673536015], [92.80272345913598, 12.181589116570652], [92.80273483989231, 12.181676121086392], [92.80274622064863, 12.181763124695559], [92.80275760140499, 12.181850129154252], [92.80276898216133, 12.181937133584473], [92.80278036291766, 12.182024137108044], [92.80279174367396, 12.18211114148118], [92.8028031244303, 12.182198144947732], [92.80281450518667, 12.182285149263834], [92.80277178041341, 12.18235437757782], [92.80272905653852, 12.182423605873778], [92.80268633176527, 12.182492835029707], [92.80264360699205, 12.18256206328951], [92.80260088311712, 12.18263129153126], [92.80255815834391, 12.182700519754981], [92.80251543357069, 12.182769747960613], [92.80247270879744, 12.182838977026266], [92.80242998492255, 12.182908205195778], [92.8023872601493, 12.182977433347226], [92.80231595727196, 12.183017088495717], [92.80224465529291, 12.183056742760217], [92.80217335241555, 12.183096397896826], [92.8021020504365, 12.183136052149482], [92.80203074755913, 12.183175707274273], [92.80195944468178, 12.183215362393108], [92.80188814270274, 12.183255016627978], [92.80181683982535, 12.183294671734997], [92.8017852263139, 12.18337584697884], [92.80175361280241, 12.183457022197878], [92.80172199929093, 12.183538197392068], [92.80169038577944, 12.1836193734395], [92.80165877226798, 12.183700548584062], [92.80162715875649, 12.18378172370375], [92.80159554524501, 12.183862898798631], [92.80156393173353, 12.183944073868664], [92.80153231822207, 12.18402524891389], [92.80150070381225, 12.184106424812345], [92.8014690903008, 12.184187599807917], [92.80143747678932, 12.184268774778603], [92.80140586327782, 12.184349949724506], [92.80138735438969, 12.184433630683525], [92.8013688455016, 12.184517311616197], [92.80135033661347, 12.184600992522457], [92.80133182772538, 12.18468467340232], [92.80131331883724, 12.184768355133896], [92.80129481084745, 12.184852035960972], [92.80127630195935, 12.18493571676169], [92.80125779396955, 12.185019397536006], [92.80123928508142, 12.185103078283902], [92.80120767067163, 12.18518411511652], [92.80117605626185, 12.185265151924394], [92.80114444185205, 12.185346188707499], [92.80111282654393, 12.185427225465872], [92.80108121213415, 12.185508262199486], [92.80104959772436, 12.185589298908344], [92.80101798331458, 12.185670334714382], [92.80098636800646, 12.185751371373737], [92.80095475359664, 12.185832408008348], [92.80092313828855, 12.185913444618214], [92.80089152387875, 12.185994481203297], [92.80085990857063, 12.186075517763648], [92.80082829416085, 12.186156554299266], [92.80078296876486, 12.18622714788523], [92.80073764336892, 12.18629774057434], [92.8006923170746, 12.186368334122747], [92.80064699167862, 12.18643892765235], [92.80060166628267, 12.186509520285089], [92.80055633998836, 12.186580113777136], [92.80051101369408, 12.186650707250418], [92.80046568829809, 12.186721300704898], [92.80042036290212, 12.18679189326251], [92.80037503660783, 12.186862486679408], [92.80032971121186, 12.186933080077527], [92.80028438581587, 12.18700367257882], [92.80023905952159, 12.18707426593937], [92.80019373412561, 12.18714485928113], [92.80014840872963, 12.187215451726036], [92.80010308243534, 12.187286045030241], [92.80006736452135, 12.187318329896481], [92.80003164660732, 12.187350613880714], [92.80000021006397, 12.187272674662001], [92.79996877352058, 12.187194734542276], [92.79993733697722, 12.187116795277763], [92.79990590043386, 12.187038855112263], [92.7998744638905, 12.186960915801924], [92.79984302734711, 12.186882976468725], [92.79981159080376, 12.186805036234539], [92.79978015426039, 12.186727096855513], [92.799748717717, 12.186649156575525], [92.79971728117364, 12.1865712171507], [92.79968584463028, 12.186493276824939], [92.79965440808692, 12.186415337354351], [92.79964518957547, 12.186336539983628], [92.7996359701657, 12.186257742589547], [92.79962675165426, 12.186178945172019], [92.79961753224451, 12.186100147731095], [92.79960831373306, 12.186021350266799], [92.79959909432327, 12.18594255277907], [92.79958987581183, 12.185863755267983], [92.79958065640209, 12.185784957733436], [92.79957143789063, 12.185706160175505], [92.7995622193792, 12.185627362594191], [92.79953077564929, 12.18554664990681], [92.79949933281772, 12.185465938072962], [92.79946788998615, 12.185385225336486], [92.79943644715458, 12.185304512575444], [92.79940500342467, 12.185223799789872], [92.7993735596948, 12.185143086979709], [92.79934211686323, 12.185062375023104], [92.79931067403166, 12.184981662163846], [92.79930614472599, 12.184898771647521], [92.79930161631863, 12.184815881105283], [92.79929708701296, 12.184732990537182], [92.79929255860563, 12.18465009994315], [92.79928802929997, 12.18456720932323], [92.79928349999429, 12.184484318677445], [92.79927897068863, 12.184401428005733], [92.79927444138298, 12.18431853730813], [92.79926991207734, 12.184235646584664], [92.79926538277168, 12.184152755835282], [92.79923214510613, 12.184073898083167], [92.79919890654233, 12.183995040307666], [92.7991656688768, 12.183916182508682], [92.79913243031298, 12.1838373238082], [92.79909919264745, 12.18375846596236], [92.79906595498194, 12.183679608093085], [92.79903271731644, 12.183600750200402], [92.7989725194126, 12.18354127506998], [92.7989123224071, 12.183481800804286], [92.79885212450327, 12.183422325647197], [92.79879192749779, 12.18336285135485], [92.79873172959397, 12.183303376171098], [92.79867153258846, 12.183243901852125], [92.79861133468467, 12.183184426641692], [92.79855113767914, 12.183124952296065], [92.79849093977533, 12.183065477059005], [92.79843074276981, 12.183006002686675], [92.79837054576431, 12.182946527422962], [92.79831034786048, 12.182887053023977], [92.79825015085498, 12.1828275777336], [92.79818995295116, 12.182768103307987], [92.79812975594565, 12.182708627990955], [92.79806955894016, 12.182649152660565], [92.79800936103634, 12.182589678194981], [92.79794916403083, 12.18253020283795], [92.79788896702534, 12.182470727467612], [92.79782877001985, 12.182411252083929], [92.79779618093794, 12.182346457241445], [92.79776359095777, 12.182281662383176], [92.79773100187587, 12.182216868387153], [92.79769841189571, 12.18215207349724], [92.7976658228138, 12.18208727859149], [92.79761311685947, 12.1820313655214], [92.7975604109051, 12.181975452439504], [92.79750770405244, 12.181919539345827], [92.7974549980981, 12.181863626240409], [92.79740229214374, 12.18180771312317], [92.79735643314851, 12.181751295093552], [92.79731057415324, 12.181694877930008], [92.79726471425967, 12.181638459876396], [92.7972188552644, 12.181582041810772], [92.79718826134079, 12.181507579007688], [92.79715766651884, 12.181433116183701], [92.7971270725952, 12.181358653338837], [92.79709647777325, 12.181284190473082], [92.79706588384963, 12.181209727586413], [92.79704457940434, 12.18113507237715], [92.79702327406075, 12.181060416268794], [92.79700196961548, 12.180985761017535], [92.7969806642719, 12.180911104867157], [92.7969593598266, 12.180836449573889], [92.796938054483, 12.180761793381553], [92.79691675003774, 12.180687138046288], [92.79691302472425, 12.180612689919709], [92.79690929941079, 12.18053824177225], [92.79690557409728, 12.180463793603916], [92.79690184878382, 12.180389345414692], [92.79689812347031, 12.180314897204553], [92.79689439815682, 12.180240448973562], [92.79691480518515, 12.18015978118681], [92.79693521131516, 12.180079113375502], [92.79695561834345, 12.17999844553968], [92.79697602447344, 12.179917778557455], [92.79699643060344, 12.179837110672638], [92.79701683763174, 12.179756442763269], [92.79703724466007, 12.179675774829397], [92.79704749803071, 12.179590493358864], [92.79705775050306, 12.179505212739027], [92.7970680029754, 12.179419931213701], [92.79707825634603, 12.179334649660984], [92.79708850881838, 12.179249368958935], [92.7970987612907, 12.179164087351422], [92.79710901376305, 12.17907880571652], [92.79711926623538, 12.1789935249323], [92.79712951870773, 12.178908243242589], [92.79713977118007, 12.178822961525487], [92.7971500236524, 12.178737680659081], [92.79716027612474, 12.178652398887184], [92.79717878680947, 12.178568845185898], [92.79719729659594, 12.178485291458355], [92.79721580728065, 12.178401737704462], [92.79723431796542, 12.178318183924311], [92.79725282865013, 12.178234630117837], [92.79727133843659, 12.178151077163218], [92.79728984912131, 12.17806752330415], [92.79730835980607, 12.177983969418813], [92.79732687049079, 12.177900415507164], [92.79734538117555, 12.177816861569244], [92.79736389186031, 12.177733307605003], [92.7973794955968, 12.177650487707451], [92.79739509843495, 12.177567667784023], [92.79741070217143, 12.177484847834794], [92.79742630500961, 12.177402027859738], [92.7974419087461, 12.177319207858819], [92.79745751248258, 12.177236387832085], [92.79747311621907, 12.177153567779525], [92.79748871905726, 12.177070748579215], [92.79750432279374, 12.17698792847499], [92.79751992653021, 12.176905108344902], [92.7975355302667, 12.176822288189014], [92.79755113400319, 12.17673946800726], [92.79756673773967, 12.176656647799692], [92.79758234147614, 12.176573827566312], [92.79759794521263, 12.176491007307055], [92.79761354894912, 12.176408187021998], [92.7976167981555, 12.176323131931312], [92.79762004646358, 12.176238077691501], [92.79762329477163, 12.176153022546327], [92.79762654397801, 12.176067967373912], [92.7976297922861, 12.175982913052374], [92.79763304149246, 12.17589785782546], [92.79763628980054, 12.175812802571318], [92.7976395381086, 12.175727748168015], [92.79764278641667, 12.17564269285941], [92.79763360832939, 12.175563750037023], [92.79762442934386, 12.175484806313039], [92.79761525035828, 12.175405863443707], [92.797606072271, 12.175326920550903], [92.79759689328542, 12.175247976756513], [92.79758771519818, 12.175169033816815], [92.79757853621261, 12.175090090853631], [92.79756935722703, 12.175011146988837], [92.79756017824145, 12.174932203978708], [92.7975135556782, 12.17485750309869], [92.79746693221664, 12.174782802197665], [92.79742030965342, 12.174708101275588], [92.79737368619183, 12.17463340033253], [92.7973270636286, 12.174558699368468], [92.79728044016704, 12.174483998383401], [92.79719909412478, 12.17445506810088], [92.79711774808256, 12.174426137815178], [92.79703640293863, 12.174397208404459], [92.7969550568964, 12.174368278112485], [92.79687371085417, 12.174339347817357], [92.79680527809414, 12.17439164556249], [92.7967368453341, 12.174443943297334], [92.79666841167574, 12.174496241899984], [92.79659997891572, 12.17454853961423], [92.79651108972006, 12.174560581162144], [92.79642220052438, 12.17457262270951], [92.79633331222702, 12.174584664256328], [92.79624442303133, 12.1745967066807], [92.79615553383563, 12.174608748226413], [92.79606664463998, 12.17462079064969], [92.79597775544428, 12.174632832194334], [92.7958888662486, 12.174644874616543], [92.79579997795123, 12.174656916160055], [92.79571108875558, 12.174668958581183], [92.79562219955989, 12.174681000123638], [92.79555516547676, 12.174720393956092], [92.79548813049531, 12.174759787782742], [92.79542109641218, 12.174799181603552], [92.79535406143074, 12.174838576296612], [92.7952870273476, 12.174877970105731], [92.79522014957134, 12.174868683205847], [92.79515327089675, 12.17485939630567], [92.79508639312047, 12.174850109405176], [92.79500583040917, 12.174875051265447], [92.79492526679952, 12.174899994001503], [92.79484470408823, 12.174924935857081], [92.7947641413769, 12.17494987771033], [92.79468357776727, 12.174974820439365], [92.79460301505598, 12.17499976228792], [92.79452245144635, 12.175024705012259], [92.79444188873504, 12.175049646856131], [92.7943609945454, 12.175027075031968], [92.79428009945742, 12.175004502327731], [92.79419920526776, 12.174981930499726], [92.79411831017981, 12.174959357791685], [92.79403741599015, 12.174936785959826], [92.7939565209022, 12.174914213247943], [92.79388825343217, 12.174866329868847], [92.79381998686048, 12.17481844735925], [92.79375171939047, 12.174770563962928], [92.79368345281875, 12.174722681436068], [92.79361518624705, 12.174674798900568], [92.79354691787873, 12.174626915478319], [92.79347865130701, 12.174579032925555], [92.793410383837, 12.174531150364166], [92.793342116367, 12.17448326779414], [92.79327384889699, 12.174435385215475], [92.79322605133731, 12.17438047158201], [92.7931782537777, 12.17432555793721], [92.79313045621807, 12.174270643402913], [92.79308265865843, 12.174215729735405], [92.79303486109879, 12.174160816056522], [92.79295253948617, 12.174137971063587], [92.79287021787351, 12.174115126946795], [92.79278789626088, 12.17409228194993], [92.79270557464822, 12.174069436951067], [92.7926232530356, 12.174046591950283], [92.79254093142298, 12.174023746947514], [92.79245861070864, 12.174000901942762], [92.79237628909603, 12.173978056936074], [92.79229396748339, 12.173955211927428], [92.79221164587074, 12.173932366916771], [92.7921293242581, 12.173909521904182], [92.79204700264545, 12.173886676889644], [92.79196468103284, 12.1738638318731], [92.7918823594202, 12.173840986854605], [92.7918346166578, 12.173785728877421], [92.79178687479369, 12.173730471766838], [92.79173913203127, 12.173675213766629], [92.7916913901672, 12.173619956633056], [92.7916436474048, 12.173564698609882], [92.79158609324286, 12.173518514140568], [92.79152853818259, 12.173472328785103], [92.79147098402066, 12.17342614342162], [92.79141342896042, 12.173379958050111], [92.79136220342963, 12.173331906674282], [92.79131097879721, 12.173283855289752], [92.79125975326643, 12.17323580301843], [92.79120852773568, 12.173187751616506], [92.7911606448361, 12.173134986476292], [92.7911127628348, 12.17308222220372], [92.79106487993522, 12.173029457042563], [92.79101699793397, 12.172976692749025], [92.79096911503439, 12.172923927566877], [92.79091045414798, 12.172866513620578], [92.79085179326162, 12.17280909966186], [92.79079313237527, 12.172751685690752], [92.7907344723872, 12.172694271707227], [92.79067581150085, 12.17263685683317], [92.79061715061448, 12.172579442824825], [92.79055848972811, 12.172522028804062], [92.79049982884173, 12.172464614770893], [92.790422339267, 12.172444815826283], [92.79034485059061, 12.17242501775835], [92.79026736101588, 12.172405218810827], [92.79019027029314, 12.172417417639178], [92.79011318046872, 12.17242961558887], [92.79003608974597, 12.172441814416091], [92.78995899992157, 12.172454012364662], [92.78988190919883, 12.172466211190814], [92.7898092040513, 12.172508220389055], [92.78973649800545, 12.172550230458794], [92.78966379285794, 12.172592239643778], [92.7895910868121, 12.172634249700236], [92.78950845168742, 12.172660765356277], [92.78942581656277, 12.172687281009685], [92.7893431814381, 12.172713796660434], [92.78926054631343, 12.172740311430399], [92.78917791118877, 12.172766827075868], [92.78910152833848, 12.172743081892248], [92.78902514548818, 12.172719336706477], [92.7889487635362, 12.172695592396707], [92.7888723806859, 12.172671847206686], [92.7887959978356, 12.17264810201458], [92.78871961498531, 12.172624356820323], [92.78863868126977, 12.17260809143568], [92.78855774845258, 12.172591826928171], [92.78847681473705, 12.172575561541505], [92.78839588191985, 12.172559297032011], [92.78831494820433, 12.172543031643388], [92.78823401538713, 12.172526767131858], [92.7881530816716, 12.17251050261935], [92.78806557318651, 12.172492894584297], [92.7879780638031, 12.172475286548075], [92.78789055531801, 12.172457678510645], [92.78780304593464, 12.172440070472096], [92.78771553744951, 12.172422462432362], [92.78762802806612, 12.172404854391445], [92.78754051958104, 12.172387246349384], [92.78745301019762, 12.172369638306126], [92.78736550171254, 12.172352030261724], [92.78728137089291, 12.172343503724733], [92.78719724097162, 12.172334978065612], [92.78711311015202, 12.1723264524062], [92.78704300472894, 12.172274004095986], [92.78697290020415, 12.17222155665354], [92.78690279478107, 12.172169109200752], [92.78684566372563, 12.17210980888967], [92.7867885335685, 12.172050509443496], [92.78673140251306, 12.171991209105927], [92.78667427235594, 12.171931909633265], [92.7866171421988, 12.171872609269235], [92.78658603533715, 12.171792378878976], [92.7865549284755, 12.171712149342646], [92.78652382161383, 12.17163191890393], [92.78649271565048, 12.171551689319141], [92.78646160878881, 12.171471458831954], [92.78643050192716, 12.171391229198706], [92.7863993950655, 12.171310998663047], [92.78635357110457, 12.171235995568452], [92.7863077462453, 12.17116099157455], [92.78626192228433, 12.171085988437602], [92.78621609832335, 12.171010984401347], [92.78617027436242, 12.170935981222048], [92.78610496234968, 12.170878796036419], [92.78603965033693, 12.170821610838498], [92.78597433742591, 12.17076442562829], [92.78590902541318, 12.17070724040574], [92.7858320568613, 12.170694277530421], [92.78575508741113, 12.170681313776338], [92.78567811885928, 12.17066835089976], [92.78560114940912, 12.170655388022544], [92.78552418085724, 12.170642425144706], [92.7854412358138, 12.170610639659737], [92.78535828987206, 12.170578853292836], [92.78527534482859, 12.170547067800271], [92.78519239888684, 12.170515281425804], [92.7851094538434, 12.170483495925591], [92.78502830004061, 12.170464027886641], [92.78494714533954, 12.170444558968102], [92.78486599153678, 12.170425090048164], [92.784784837734, 12.170405621126763], [92.78470368303292, 12.170386152203962], [92.78462252923018, 12.170366683279722], [92.78454137452908, 12.170347214354072], [92.7844602207263, 12.17032774542697], [92.78437877766602, 12.170323949288946], [92.7842973337074, 12.170320152272796], [92.78421589064713, 12.170316356134705], [92.78413444668851, 12.170312559996528], [92.78405300362823, 12.170308763858312], [92.78397664952404, 12.170343749269767], [92.78390029541981, 12.170378733798454], [92.78382394131562, 12.170413719200699], [92.78374758721144, 12.170448703720162], [92.7836712331072, 12.170483689113157], [92.78359979997414, 12.170533593848287], [92.78352836684105, 12.170583498574054], [92.78345693460629, 12.17063340329043], [92.78338550147322, 12.17068330887557], [92.78331406834013, 12.170733213573207], [92.78324263610537, 12.170783118261468], [92.78317120297228, 12.170833023818492], [92.78309977073752, 12.170882928488], [92.78302833760446, 12.170932834026233], [92.78295690447136, 12.170982738676988], [92.78288547223661, 12.171032643318368], [92.78281403910354, 12.171082548828522], [92.78275825552102, 12.171139907838642], [92.7827024719385, 12.171197267714495], [92.78264668835601, 12.171254626699868], [92.78259090477349, 12.171311985672851], [92.78253512119096, 12.17136934463343], [92.78247933671014, 12.171426704459755], [92.78242355312761, 12.171484063395589], [92.78235150824183, 12.171529572064815], [92.78227946245777, 12.171575081604344], [92.78220741757194, 12.171620591136087], [92.78213537178786, 12.17166610066003], [92.78206332690208, 12.171711609298063], [92.78199128111797, 12.171757118806408], [92.78191923623218, 12.171802627428855], [92.7818471913464, 12.171848136043504], [92.78177514556228, 12.171893645528467], [92.78170310067651, 12.171939155005632], [92.7816310548924, 12.171984664475023], [92.7815590100066, 12.17203017305845], [92.78148696422254, 12.172075682512258], [92.78141491933673, 12.172121191080087], [92.78134287355263, 12.172166700518297], [92.78127082866686, 12.172212209070542], [92.78122507477448, 12.172278510604702], [92.78117932088213, 12.172344811244198], [92.78113356609143, 12.172411112745241], [92.78108781219906, 12.17247741335162], [92.78101976571459, 12.172514689488885], [92.78095171923016, 12.172551965620947], [92.78088367274569, 12.172589241747716], [92.78085632623181, 12.172659237430759], [92.78082897971794, 12.172729233095316], [92.78080163320404, 12.172799228741427], [92.78077428579186, 12.172869224369128], [92.78074693927799, 12.172939219978343], [92.78071845639525, 12.173021362560835], [92.78068997351255, 12.173103505117945], [92.78066149062985, 12.173185647649674], [92.78063300774711, 12.173267790155961], [92.78060452576271, 12.173349931758727], [92.78057604288001, 12.173432074214238], [92.7805475608956, 12.173514216644342], [92.7805190780129, 12.173596359049002], [92.78047206378417, 12.173658612128364], [92.78042504955548, 12.17372086519313], [92.78037803532676, 12.17378311824328], [92.78033102109806, 12.173845371278851], [92.78028400686934, 12.173907624299842], [92.78023699264064, 12.17396987818434], [92.78018997931025, 12.174032131176146], [92.78015420570067, 12.173967647775296], [92.78008488540516, 12.174020238005472], [92.78001556510964, 12.174072829103356], [92.77994624571241, 12.174125419312707], [92.7798769254169, 12.174178010389765], [92.77980760512135, 12.17423060057829], [92.77973828482583, 12.174283191634496], [92.7796689645303, 12.174335781802181], [92.77959964423478, 12.174388371959461], [92.77953032393923, 12.17444096210632], [92.77946100364372, 12.1744935531209], [92.7793916833482, 12.174546143246934], [92.77932236305264, 12.174598734240647], [92.77925304365542, 12.174651324345854], [92.7791837233599, 12.17470391531878], [92.77911440396268, 12.174756505403149], [92.77904508276886, 12.17480909635521], [92.77897576337165, 12.174861686418765], [92.7789064430761, 12.174914277350027], [92.7788371236789, 12.174966867392742], [92.77876780248505, 12.175019458303138], [92.77869848308784, 12.175072048325028], [92.77862916189397, 12.175124639214635], [92.77855984249675, 12.175177229215699], [92.77849052220124, 12.175229820084443], [92.77842120280401, 12.175282410942794], [92.77833951360536, 12.175317941883115], [92.778257825305, 12.175353472818717], [92.77817613610632, 12.175389004627661], [92.77809444690763, 12.175424535553747], [92.77801275860728, 12.175460066475061], [92.77793106940858, 12.175495597391643], [92.77784938020993, 12.175531129181556], [92.77776769190957, 12.175566660088647], [92.7776860027109, 12.17560219099093], [92.77760770105915, 12.175600839582126], [92.77752940030572, 12.175599488173296], [92.77745109865398, 12.17559813676444], [92.77737279790054, 12.175596785355623], [92.77729449624881, 12.17559543394677], [92.77721619549537, 12.1755940825379], [92.77713789384364, 12.17559273112906], [92.7770595859037, 12.175583737542382], [92.77698127796374, 12.175574744833565], [92.77690297002381, 12.175565751246317], [92.77682466298216, 12.175556757658763], [92.77674635504222, 12.175547764070917], [92.77666804710226, 12.175538770482751], [92.77658973916232, 12.175529776894281], [92.77651143122237, 12.175520783305506], [92.77643434319458, 12.175481921725675], [92.77635725426848, 12.175443060140168], [92.77628016624068, 12.175404199427064], [92.7762030782129, 12.175365337830172], [92.77612599018511, 12.175326476227605], [92.776048901259, 12.175287614619352], [92.77597181323121, 12.175248753005398], [92.77589472520341, 12.17520989226386], [92.77581763717562, 12.175171030638532], [92.77574054824952, 12.175132169007531], [92.77566346022172, 12.175093307370831], [92.77558637219393, 12.175054446606584], [92.77550928416615, 12.175015584958484], [92.77543219524003, 12.174976723304724], [92.77535510721225, 12.174937861645276], [92.77527792755629, 12.1748959081523], [92.77520074879865, 12.174853954652683], [92.77512356914269, 12.174812001146451], [92.77504639038507, 12.174770047633578], [92.77496921072911, 12.174728094114075], [92.77489203197149, 12.174686140587959], [92.77481485231553, 12.174644187055174], [92.77476637113797, 12.174574797792436], [92.77471788996039, 12.174505408511545], [92.77466940878283, 12.174436019212525], [92.77462092760526, 12.174366629895362], [92.7745724464277, 12.174297241438207], [92.77452396435181, 12.1742278520848], [92.77447548317423, 12.17415846271325], [92.77442700199668, 12.174089073323582], [92.7743785208191, 12.174019683915775], [92.77433003964154, 12.173950294489849], [92.77428155846398, 12.173880905045795], [92.7742330772864, 12.173811515583637], [92.77418459610885, 12.173742126981413], [92.77413611493127, 12.17367273748297], [92.77408763375371, 12.173603347966425], [92.77403915257612, 12.173533958431726], [92.77399067139856, 12.173464568878885], [92.77394217135638, 12.173391300670891], [92.77389367131418, 12.17331803332081], [92.773845171272, 12.173244765072386], [92.7737966712298, 12.173171496803748], [92.77374817118762, 12.173098228514945], [92.77369967114542, 12.173024961083987], [92.7736511702049, 12.17295169275474], [92.77360267016272, 12.172878424405265], [92.77355417012055, 12.172805156035574], [92.77350567007836, 12.172731888523804], [92.77345717003617, 12.172658620113708], [92.77340866999398, 12.172585351683383], [92.77336016995179, 12.17251208323284], [92.7733116699096, 12.172438815640236], [92.7732631698674, 12.172365547149289], [92.77322477677045, 12.172291306560059], [92.77318638367353, 12.17221706595003], [92.77314799057662, 12.172142826197387], [92.77310959747967, 12.172068585545883], [92.77307120438276, 12.171994344873603], [92.77303281128582, 12.171920104180623], [92.7729944181889, 12.171845864344968], [92.77295602509199, 12.171771623610477], [92.77291763199504, 12.17169738285521], [92.77285321650096, 12.171641895242335], [92.77278880100691, 12.171586407617896], [92.7727243855128, 12.17153091998184], [92.77265997001874, 12.171475432334208], [92.77259555542297, 12.171419944674987], [92.7725311399289, 12.171364457004161], [92.77246672443479, 12.17130896932176], [92.77240230894074, 12.171253481627769], [92.77233789344666, 12.171197993922211], [92.77238566854841, 12.171140360072055], [92.77243344365017, 12.171082727087544], [92.77248121965023, 12.171025093212414], [92.772528994752, 12.17096746020288], [92.77257676985377, 12.17090982630275], [92.77260022217088, 12.170843083608672], [92.7726236753863, 12.170776340897826], [92.77264712770344, 12.170709598170212], [92.77267058002056, 12.170642855425843], [92.77273126930284, 12.170584417970927], [92.7727919576868, 12.170525980503136], [92.77285264696908, 12.170467543022522], [92.77291333535305, 12.170409105529018], [92.77297402463533, 12.170350668022653], [92.77303471301931, 12.170292230503478], [92.77309540230158, 12.170233792971414], [92.77314528754593, 12.17016076711333], [92.77319517279028, 12.170087741235132], [92.77324505803462, 12.170014714458759], [92.77329494327901, 12.169941688540423], [92.77334482852336, 12.169868662602012], [92.7733947137677, 12.169795636643562], [92.7734445990121, 12.169722610665012], [92.77349448425643, 12.169649583788273], [92.77354436950078, 12.16957655776957], [92.77359425474513, 12.16950353173083], [92.77359228653636, 12.16942120628787], [92.77359031922589, 12.169338881697552], [92.77358835191541, 12.169256556203587], [92.77358638370663, 12.169174230684101], [92.77358441549784, 12.169091905139133], [92.77358244728906, 12.16900958044677], [92.77358047908028, 12.168927254850761], [92.77359064082275, 12.168847495127242], [92.77360080346357, 12.16876773450164], [92.77361096520607, 12.168687974730247], [92.77362112694854, 12.16860821405676], [92.77363128869105, 12.168528454237443], [92.77364145043353, 12.168448693516096], [92.77365161217604, 12.168368933648903], [92.77366177391855, 12.168289172879657], [92.77367193566104, 12.168209412964591], [92.77368209740351, 12.168129652147458], [92.77368056487765, 12.1680457544201], [92.77367903145344, 12.167961855788093], [92.77367749892755, 12.16787795800776], [92.77367596550339, 12.167794059322775], [92.7736744329775, 12.167710161489468], [92.77367290045163, 12.167626262751547], [92.77367136792579, 12.167542364865213], [92.7736698353999, 12.167458466074315], [92.77366153586497, 12.167375227614839], [92.77365323543177, 12.167291988251181], [92.77364493589685, 12.167208749739595], [92.77363663546363, 12.167125510323789], [92.77362833503038, 12.167042271760028], [92.77362003459717, 12.166959032292075], [92.77361173416396, 12.166875793676203], [92.7736034337307, 12.166792554156102], [92.77355996874567, 12.166719733714611], [92.77351650376069, 12.166646914131288], [92.77347303877566, 12.166574093649864], [92.77342957379064, 12.166501273148505], [92.77338610970394, 12.166428453505322], [92.77334264471892, 12.166355632964065], [92.7732991797339, 12.166282812402823], [92.77325571474886, 12.166209992699782], [92.77321224976383, 12.166137172098667], [92.7731687847788, 12.166064352355717], [92.77312531979378, 12.165991531714681], [92.7730818548088, 12.165918711053683], [92.77303839072205, 12.165845891250875], [92.77299492573702, 12.16577307054998], [92.772951460752, 12.165700249829124], [92.772907995767, 12.165627429966483], [92.77286453078197, 12.165554609205717], [92.77283042893717, 12.165481239586375], [92.77279632709235, 12.16540786994674], [92.77276222524755, 12.16533450028688], [92.77272812340273, 12.165261130606737], [92.77269402155788, 12.165187760028218], [92.77265991971306, 12.165114390307606], [92.77262581786825, 12.16504102056673], [92.77259171602344, 12.164967650805586], [92.77251837756363, 12.164933647329079], [92.77244504000217, 12.164899644726386], [92.77237170154237, 12.164865642119342], [92.77229836308258, 12.164831639507947], [92.77222502462278, 12.164797636014036], [92.77215168706132, 12.164763633393939], [92.77207834860151, 12.164729630769491], [92.772058864143, 12.164811053177484], [92.77203937878616, 12.164892475560569], [92.77201989432766, 12.164973897918703], [92.77200040897084, 12.165055320251865], [92.77198092451229, 12.165136742560117], [92.77196143915549, 12.165218164843381], [92.77194195469698, 12.165299587101737], [92.77192246934014, 12.16538100933513], [92.77190298398334, 12.165462432421753], [92.77188349952479, 12.165543854605263], [92.77186401506628, 12.16562527676385], [92.77184452970947, 12.165706698897464], [92.77182504525096, 12.165788121006155], [92.77180555989412, 12.165869543089872], [92.77178607543561, 12.165950965148692], [92.77176659007877, 12.16603238718255], [92.77174710562026, 12.166113809191435], [92.77169413106967, 12.16618274139718], [92.77164115741736, 12.16625167358501], [92.77158818286672, 12.166320605754981], [92.77153520921442, 12.166389537028937], [92.77148223466382, 12.166458469163134], [92.77142926011318, 12.16652740127948], [92.77137628646088, 12.166596333377912], [92.77132331191025, 12.166665265458494], [92.77127033735964, 12.166734197521166], [92.77121736370734, 12.166803128687835], [92.77116438915671, 12.166872060714782], [92.77111141460611, 12.166940992723816], [92.77105844095381, 12.167009924715002], [92.77100546640318, 12.167078856688272], [92.77095249275087, 12.167147788643694], [92.77089951909856, 12.167216719703092], [92.77084654454794, 12.167285651622713], [92.77079356999732, 12.1673545835245], [92.7707405954467, 12.167423515408359], [92.7707088400014, 12.167497234867431], [92.77067708455611, 12.167570953427946], [92.77064532821251, 12.167644672846118], [92.77061357276722, 12.167718392243843], [92.77058181732191, 12.167792110743], [92.7705500609783, 12.167865830099823], [92.770518305533, 12.16793954943619], [92.77048655008771, 12.168013267873986], [92.77045479374412, 12.16808698716945], [92.77039614453585, 12.168027331181277], [92.77033749442926, 12.167967674301595], [92.77027884522099, 12.167908018286667], [92.77022019511439, 12.167848361380216], [92.77016154590613, 12.167788705338507], [92.77010289579957, 12.167729048405253], [92.77004424659127, 12.16766939233675], [92.76998559738301, 12.167609736254827], [92.76992694727643, 12.167550079281394], [92.76986829806815, 12.16749042317273], [92.76980964796158, 12.167430766172503], [92.76975099875331, 12.167371110037045], [92.76969234864673, 12.16731145301005], [92.76963369943846, 12.1672517968478], [92.76957504933186, 12.167192139794013], [92.76951640012359, 12.167132483604943], [92.76944796107536, 12.167084572479158], [92.76937952292542, 12.167036662222811], [92.7693110838772, 12.16698875107971], [92.76924264572729, 12.166940840806124], [92.76917420667905, 12.16689293052386], [92.76910576763082, 12.166845019354882], [92.76903732948088, 12.166797109055343], [92.76896889043265, 12.166749197869063], [92.76890045228272, 12.166701287552284], [92.76883201323449, 12.166653376348716], [92.7687834718698, 12.166587883054236], [92.76873493140343, 12.166522389743625], [92.76868639003874, 12.16645689641687], [92.76863784867405, 12.16639140307397], [92.76858930820765, 12.166325909714926], [92.76854076684296, 12.16626041633975], [92.76850989893317, 12.166186440120846], [92.76847903102336, 12.166112463003206], [92.76844816311362, 12.166038486743082], [92.7684172952038, 12.16596450958425], [92.76838642729402, 12.165890533282981], [92.76835555938422, 12.165816556961117], [92.76832469147442, 12.165742579740504], [92.76829382356463, 12.165668603377432], [92.76826295565483, 12.165594626115638], [92.76823208774503, 12.165520649711421], [92.76819812963066, 12.165440713337007], [92.76816417241461, 12.165360776938588], [92.76813021430023, 12.16528083963797], [92.7680962570842, 12.165200903191433], [92.76806229896981, 12.165120966720892], [92.76802834175376, 12.165041030226316], [92.76799438363938, 12.16496109282953], [92.76796042552505, 12.164881156286828], [92.76792646830896, 12.164801219720117], [92.76789251109291, 12.164721283129337], [92.76785855297854, 12.164641345636397], [92.7678245948642, 12.164561408997566], [92.76780172375705, 12.164476606532347], [92.76777885354822, 12.164391804040104], [92.76775598333941, 12.164307001520777], [92.76773311223228, 12.164222198096265], [92.76771024112514, 12.164137395522816], [92.767687370018, 12.16405259292236], [92.76766449980917, 12.163967790294805], [92.76764162870204, 12.163882987640228], [92.76761875849324, 12.163798184958566], [92.76759588738611, 12.163713381371718], [92.76757301627896, 12.163628578635961], [92.76755014517182, 12.163543775873169], [92.76752727406469, 12.16345897308329], [92.76749762966031, 12.163379855401718], [92.76746798435762, 12.163300737696558], [92.76743833905495, 12.163221619089734], [92.76740869465057, 12.16314250133749], [92.76737905024618, 12.16306338356172], [92.7673494049435, 12.162984265762365], [92.76731976053912, 12.1629051479395], [92.76729011613473, 12.162826030093083], [92.76726047083206, 12.162746911344968], [92.76723082642768, 12.162667794329606], [92.767201181125, 12.16258867553438], [92.76717153672061, 12.162509558471921], [92.7671418914179, 12.162430439629611], [92.76711224701356, 12.162351321641916], [92.76708260260916, 12.162272203630645], [92.76705295730649, 12.162193084717726], [92.76702331290211, 12.162113966659359], [92.76699366849773, 12.162034848577493], [92.76696402409334, 12.161955730472041], [92.76693437968896, 12.161876612343079], [92.76690473438629, 12.161797493312402], [92.7668750899819, 12.161718375136354], [92.76684544557752, 12.16163925693672], [92.76682072124598, 12.161560320491626], [92.76679599781272, 12.161481384023057], [92.76677127348114, 12.161402446652918], [92.7667465491496, 12.161323510137507], [92.76672182571635, 12.161244573598662], [92.76669710138476, 12.161165637036358], [92.76667237705321, 12.161086700450644], [92.76664765272164, 12.16100776296332], [92.76662292839009, 12.1609288263307], [92.76659820405851, 12.160849889674683], [92.76657347972693, 12.160770952995195], [92.76654875539538, 12.160692015414133], [92.76652403106381, 12.1606130786878], [92.76649930673226, 12.160534141938047], [92.76649479269794, 12.160452669043188], [92.76649027956196, 12.160371197001583], [92.76648576642599, 12.160289724056828], [92.76648125239167, 12.160208251087123], [92.76647673925568, 12.160126778970584], [92.76647222522139, 12.160045305950945], [92.76646771208539, 12.159963833784484], [92.7664631980511, 12.15988236071491], [92.76645868401678, 12.159800887620376], [92.7664541699825, 12.159719415379032], [92.7664496559482, 12.159637942234575], [92.76644141749871, 12.159561495661064], [92.76643317904926, 12.159485049065571], [92.76642494059978, 12.159408601569941], [92.7664167021503, 12.159332154930492], [92.76640846370081, 12.15925570826907], [92.76640045611839, 12.159177696699812], [92.76639244943426, 12.159099685107629], [92.76638444185184, 12.15902167349261], [92.76637643426938, 12.158943661854689], [92.76636842668695, 12.158865650193857], [92.76636041910449, 12.158787638510162], [92.76635241152205, 12.158709626803594], [92.7663444039396, 12.158631615074112], [92.76636044695226, 12.158549948400129], [92.76637648906659, 12.15846828257921], [92.76639253118097, 12.158386615855077], [92.76640857419363, 12.158304949105855], [92.76642461630796, 12.15822328320971], [92.76644065932062, 12.158141616410337], [92.76645670233329, 12.158059949585887], [92.76647274444763, 12.157978283614503], [92.76648878656195, 12.15789661673989], [92.76650482957461, 12.157814949840203], [92.76652087168894, 12.157733283793617], [92.7665369147016, 12.15765161684374], [92.76655295771427, 12.157569949868826], [92.76656899982865, 12.157488283747], [92.76658504284127, 12.157406616721897], [92.76660108585394, 12.157324949671757], [92.7666171279683, 12.157243283474704], [92.76663317098092, 12.157161616374363], [92.76656835573655, 12.157101248373516], [92.76650353959388, 12.157040880358968], [92.76643872434951, 12.156980512330707], [92.7663739091051, 12.156920144288755], [92.76630909296243, 12.15685977623309], [92.76624427771804, 12.156799408163709], [92.76622346824449, 12.156726145899613], [92.76620265966923, 12.156652883615365], [92.7661818501957, 12.156579621310916], [92.76616104162042, 12.156506358986315], [92.7661402321469, 12.156433096641472], [92.76611942357162, 12.156359834276502], [92.76609861409807, 12.156286571891341], [92.7660150267592, 12.156293732507498], [92.76593143942033, 12.156300893123426], [92.76584785208148, 12.1563080537392], [92.76576426474259, 12.156315214354771], [92.76568067740374, 12.156322374091975], [92.76559709006484, 12.156329534707163], [92.765513502726, 12.156336695322162], [92.76542991628543, 12.15634385505878], [92.76534632894655, 12.156351015673385], [92.7652627416077, 12.156358175409622], [92.76517915426881, 12.156365336023857], [92.76509556692996, 12.156372495759737], [92.76501197959107, 12.15637965637354], [92.76492839225217, 12.156386816109025], [92.76484480491332, 12.156393976722459], [92.76476536509611, 12.156426909921578], [92.76468592527891, 12.156459843116588], [92.76460648546168, 12.156492776307513], [92.76452704474617, 12.15652571037253], [92.76444760492899, 12.156558643555302], [92.76436816511176, 12.156591576734039], [92.76428872529456, 12.156624509908655], [92.76420928547735, 12.1566574430792], [92.76412984566016, 12.15669037624566], [92.76405040494464, 12.156723310286202], [92.76397096602575, 12.156756243444544], [92.76389152531023, 12.15678917747693], [92.763812085493, 12.15682211062708], [92.76373264567582, 12.156855044651337], [92.7636532058586, 12.156887977793334], [92.76356860881337, 12.156884736466992], [92.76348401176811, 12.156881496018789], [92.76339941472285, 12.156878254692371], [92.7633148176776, 12.156875013365903], [92.76323022063234, 12.156871772039409], [92.76314562358712, 12.156868530712902], [92.76306592415676, 12.156889900986139], [92.76298622562477, 12.156911271257657], [92.76290652619446, 12.156932641527472], [92.76288680817397, 12.156852276658414], [92.76288159435205, 12.156765751398158], [92.76287638053013, 12.156679226109722], [92.76287116670825, 12.15659270079317], [92.76286595288633, 12.156506174570273], [92.7628607390644, 12.156419649197424], [92.76285552524251, 12.15633312379641], [92.7628503114206, 12.156246598367266], [92.76287758067936, 12.15616443918425], [92.76290485083643, 12.156082279097705], [92.7629321200952, 12.156000119863927], [92.762959389354, 12.155917959726631], [92.76298665861275, 12.155835800442107], [92.76301392876984, 12.15575364025405], [92.76304119802859, 12.15567148091876], [92.76305731200816, 12.155622931929301], [92.76310858155637, 12.155558282477987], [92.76315985110458, 12.155493633010948], [92.76321112065278, 12.15542898352821], [92.76326239020099, 12.155364334029763], [92.7633136597492, 12.155299684515589], [92.76336492929741, 12.155235034985715], [92.76341619884562, 12.155170384561966], [92.76346746839384, 12.155105735000657], [92.76351873794204, 12.155041085423647], [92.76357000749026, 12.154976435830912], [92.76362127703845, 12.15491178622248], [92.76367254658668, 12.154847136598322], [92.76372381613488, 12.154782486958466], [92.76378172513137, 12.154729174572827], [92.76383963322954, 12.154675862176463], [92.76389754222599, 12.154622548891261], [92.76395545032415, 12.154569236473561], [92.76401335932064, 12.154515924045189], [92.76407638422266, 12.15446881242257], [92.76413940912465, 12.154421699913444], [92.76420243402669, 12.154374588274134], [92.7642654589287, 12.154327475748328], [92.76432848383074, 12.15428036409234], [92.76439150873274, 12.154233251549805], [92.76445453363476, 12.154186139877163], [92.76450872360597, 12.154136966231126], [92.76456291267884, 12.154087792576005], [92.76461710265005, 12.15403861891179], [92.76465531159232, 12.154003946621133], [92.7646935196363, 12.15396927520411], [92.76471881349978, 12.153906006728166], [92.76474410736321, 12.153842737359017], [92.76476940122669, 12.15377946885297], [92.76479469509013, 12.153716199453722], [92.76481218708535, 12.153632136471028], [92.76482967997889, 12.153548072583582], [92.7648471719741, 12.153464009547747], [92.76486466486762, 12.153379945607211], [92.76488215776116, 12.153295882518261], [92.76490062622509, 12.153217452942581], [92.76491909558732, 12.153139023343773], [92.76493756405124, 12.153060594600012], [92.7649560334135, 12.152982164954956], [92.76497450187742, 12.152903735286799], [92.76499297123965, 12.152825305595513], [92.76501143970357, 12.152746876759299], [92.76502990816749, 12.15266844702178], [92.76504837663143, 12.152590017261144], [92.76505243971147, 12.152572764449497], [92.76510024625426, 12.152505888058755], [92.76514805279703, 12.15243901165122], [92.76519585844153, 12.152372135226864], [92.7652436649843, 12.152305258785692], [92.7652914715271, 12.152238382327686], [92.76535305283646, 12.152187783026218], [92.76541463504414, 12.152137182836919], [92.76547621635346, 12.152086583516201], [92.76553779856116, 12.152035983307652], [92.76559937987051, 12.151985383967688], [92.7656682977208, 12.151968837178735], [92.76573721646939, 12.151952289510628], [92.76580613431967, 12.151935741841454], [92.76587505306829, 12.151919194171247], [92.76594397091854, 12.151902647378213], [92.76601288966715, 12.151886100584148], [92.76607874156738, 12.151845641639694], [92.76614459256928, 12.15180518356731], [92.76621044446951, 12.151764725488745], [92.7662334611037, 12.15175058491901], [92.76627330497982, 12.151682801154033], [92.76631314795763, 12.151615018249966], [92.76635299093542, 12.151547234450446], [92.76631052128371, 12.1514839399311], [92.76626805253032, 12.151420646274893], [92.76622558287866, 12.15135735172546], [92.76618311322699, 12.151294057160952], [92.76609736633817, 12.151271425359147], [92.76601162034765, 12.151248794433572], [92.76592587345884, 12.151226163506053], [92.76586154599967, 12.15125212891658], [92.76579721854048, 12.151278094324574], [92.76573289018299, 12.151304059730027], [92.7656685627238, 12.151330025132907], [92.76560480030493, 12.15137633025618], [92.76554103878439, 12.151422635371336], [92.76547727636552, 12.151468940478491], [92.76541351394667, 12.15151524557754], [92.7653497515278, 12.151561550668537], [92.76528599000724, 12.151607855751505], [92.76522222758835, 12.151654160826396], [92.76515846516949, 12.151700465893247], [92.76509740308639, 12.151762753080392], [92.76503634190158, 12.151825039374831], [92.76497527981844, 12.151887326532817], [92.76491421773531, 12.151949613676262], [92.7648531565505, 12.152011900805114], [92.76479209536569, 12.152074187041197], [92.76473103328259, 12.152136474140889], [92.76466997119947, 12.152198761226016], [92.76460891001464, 12.152261047418346], [92.76454784793152, 12.152323334474312], [92.76448678584842, 12.152385621515648], [92.76442572376527, 12.152447908542443], [92.76436466258048, 12.152510194676456], [92.76430360049737, 12.15257248167409], [92.76423237577345, 12.152611626744216], [92.76416115015118, 12.152650772686794], [92.76408992542724, 12.152689917745406], [92.76401869980498, 12.15272906367647], [92.76394747508105, 12.152768208723568], [92.76387624945882, 12.152807354643105], [92.76381955049301, 12.152856126326826], [92.76376285062892, 12.152904898001614], [92.76370065846518, 12.15295839429312], [92.76363846630143, 12.153011890573852], [92.76357627413766, 12.153065386843858], [92.76351408197392, 12.153118883103113], [92.76345188981017, 12.153172379351593], [92.76338969764642, 12.15322587558931], [92.76332750458437, 12.153279371816303], [92.76326531242061, 12.153332867154344], [92.76320311935855, 12.153386363359797], [92.7631409271948, 12.153439858676323], [92.76309305866825, 12.153490741392286], [92.7630451901417, 12.153541623220352], [92.76299165414405, 12.153598530239226], [92.76293811904468, 12.153655436367732], [92.762884583047, 12.153712343362228], [92.76283104794764, 12.153769249466386], [92.76277751194999, 12.153826156436544], [92.76272703291923, 12.153879814127983], [92.76267655388845, 12.153933471808582], [92.76262607395937, 12.153987129478342], [92.76257559492863, 12.154040787137301], [92.76252043926847, 12.154101610729667], [92.76246528360836, 12.15416243430814], [92.76241012884654, 12.154223257872696], [92.76235497408472, 12.154284080545155], [92.7622998184246, 12.154344904960064], [92.76224466276447, 12.154405728482903], [92.76218950710435, 12.154466551113648], [92.7621343514442, 12.154527374608676], [92.76207919578408, 12.1545881980898], [92.76202404102227, 12.154649020678814], [92.76196888536214, 12.154709844132126], [92.76191372970203, 12.15477066757152], [92.76185857404187, 12.154831490996997], [92.76179675917056, 12.154880714570732], [92.76173494429923, 12.154929938135346], [92.76167312852957, 12.154979161690877], [92.76161131365822, 12.155028385237285], [92.76154949878692, 12.15507760877457], [92.76148530427841, 12.155128727406689], [92.76142110976986, 12.155179846028934], [92.76135691526135, 12.15523096464137], [92.76129272075283, 12.15528208324401], [92.76122852534603, 12.155333201836779], [92.76116433083747, 12.155384319541588], [92.76110013543065, 12.155435438114713], [92.76103594092214, 12.155486555799877], [92.76095630886545, 12.15548652506376], [92.76087667591048, 12.155486494327643], [92.76079704385378, 12.155486463591526], [92.76071698330072, 12.15546512394165], [92.76063692364598, 12.155443785168208], [92.76055686309289, 12.155422445514908], [92.76047680343814, 12.155401105859893], [92.76039674288509, 12.15537976620316], [92.76031668323034, 12.155358426544733], [92.76023662267727, 12.155337086884577], [92.76015507720903, 12.155334794846903], [92.76007353174082, 12.155332502809204], [92.75999198627257, 12.155330210771492], [92.75991044170264, 12.155327918733756], [92.75982889623444, 12.155325626696005], [92.7597473507662, 12.15532333465823], [92.75966580529796, 12.155321042620455], [92.75958425982974, 12.155318750582628], [92.75950064823637, 12.155323989777077], [92.75941703574465, 12.155329229849588], [92.75933450482455, 12.155334401424325], [92.75925197480275, 12.155339572998985], [92.75916944388268, 12.155344745451695], [92.75908691296259, 12.155349917904315], [92.75900438294077, 12.155355089478645], [92.75892185202068, 12.15536026193105], [92.7588393219989, 12.155365433505176], [92.75875679107881, 12.155370605957401], [92.7586742601587, 12.155375777531336], [92.75859173013694, 12.15538094910517], [92.75850919921685, 12.155386121557092], [92.75844106829074, 12.155349935467822], [92.75837293736464, 12.15531374937363], [92.75830480733687, 12.155277563274511], [92.75823667641077, 12.155241376292283], [92.7581685454847, 12.155205190183318], [92.7581004145586, 12.155169004069432], [92.75805121742371, 12.1551089341962], [92.75800202118721, 12.155048865187595], [92.75795282405234, 12.154988795287275], [92.75790362781582, 12.154928726251509], [92.75785443157929, 12.154868657202206], [92.75780523534274, 12.15480858726119], [92.7577560391062, 12.154748517306574], [92.7577144138709, 12.154689729477543], [92.7576727895339, 12.154630942513673], [92.75763116429854, 12.154572154658664], [92.75758953906325, 12.154513367668853], [92.7575479138279, 12.154454579787853], [92.75750097685433, 12.154388289615156], [92.75745403898243, 12.15432199854782], [92.75740710200881, 12.154255708342134], [92.75739871623566, 12.154172087254029], [92.75739033136077, 12.15408846613964], [92.7573819455876, 12.154004844999005], [92.75737355981443, 12.153921223832059], [92.75736517404127, 12.153837602638857], [92.7573567882681, 12.15375398141933], [92.75738806401301, 12.15367354006638], [92.75741933975794, 12.153593098689116], [92.75745061550286, 12.153512656409365], [92.7574818912478, 12.153432214983452], [92.75751316699275, 12.153351773533213], [92.75751905095784, 12.153268363802916], [92.75752493492297, 12.153184953168273], [92.75753081888809, 12.153101543385674], [92.75753670285316, 12.15301813357693], [92.75754258681829, 12.15293472374203], [92.75754847078342, 12.152851313002783], [92.75755435474849, 12.152767903115596], [92.75756023871362, 12.15268449320225], [92.75756612267874, 12.152601083262761], [92.75757200664383, 12.152517672418913], [92.75757789060896, 12.152434262427121], [92.75757588646756, 12.152348886152499], [92.75757388232617, 12.152263509850497], [92.75757187818475, 12.152178133521065], [92.75756987404336, 12.152092757164244], [92.75756786990196, 12.15200738078007], [92.75756586576058, 12.151922004368465], [92.75756386161915, 12.151836627929459], [92.75756185747777, 12.151751251463086], [92.75755985333636, 12.151665874969297], [92.75756690151809, 12.151616874738613], [92.75757395059811, 12.151567873620735], [92.7575858326144, 12.15148527126423], [92.75759771373234, 12.151402668882053], [92.7576095957486, 12.151320066474264], [92.75762147686656, 12.151237464040841], [92.7576333588828, 12.151154861581771], [92.75764524089907, 12.151072259975228], [92.75765712291535, 12.150989657464875], [92.75766900493159, 12.150907054928885], [92.75768088694787, 12.150824452367248], [92.75769276896413, 12.150741849779974], [92.75770465098039, 12.150659247167054], [92.75771653299665, 12.150576644528511], [92.75775053153521, 12.150513028360281], [92.75778452917545, 12.150449413055076], [92.757818527714, 12.15038579685644], [92.75785252535425, 12.150322180642627], [92.75789165057813, 12.150248971042792], [92.75793077670035, 12.150175760544604], [92.75796990192423, 12.150102550904466], [92.7580090271481, 12.150029341244226], [92.75804815237198, 12.14995613068562], [92.75808727759588, 12.149882920985089], [92.75812640281976, 12.14980971126438], [92.75816552804363, 12.149736501523584], [92.75820465416585, 12.14966329088442], [92.75824377938974, 12.149590081103295], [92.75828290461361, 12.14951687130208], [92.75832202983749, 12.149443660602511], [92.75836115506138, 12.149370450761005], [92.75839747664325, 12.14930248811611], [92.75843379732683, 12.149234525453886], [92.75848789207662, 12.149184184648934], [92.7585419868264, 12.149133843834491], [92.75859608067785, 12.14908350301052], [92.75865017542762, 12.149033162177005], [92.75871433310523, 12.148973456248221], [92.75877849078283, 12.14891375030609], [92.75876819159807, 12.148828998178136], [92.75875789151502, 12.14874424602316], [92.7587475923303, 12.148659493841224], [92.75873729224725, 12.148574741632306], [92.75869023669605, 12.14850014487726], [92.75864318024654, 12.148425548101326], [92.7585961246953, 12.148350951304474], [92.75854906824577, 12.148276354486722], [92.7584952205327, 12.148211410810207], [92.75844137371791, 12.148146467996005], [92.75838752690316, 12.148081525165978], [92.75833368008841, 12.148016581441933], [92.75827983327365, 12.147951637701999], [92.7582259864589, 12.147886693946226], [92.75817213964415, 12.147821750174652], [92.75811829282937, 12.147756806387175], [92.75806444601461, 12.147691862583871], [92.75801059919986, 12.147626919642931], [92.75795675238508, 12.147561975807974], [92.75792232894341, 12.147490397146786], [92.75788790550172, 12.147418818466361], [92.75785348206001, 12.147347239766725], [92.75781905861835, 12.147275661047804], [92.75778463517663, 12.147204082309633], [92.75775021173497, 12.147132503552239], [92.7577669473487, 12.147089337264834], [92.75779537363755, 12.147016017878613], [92.7578237999264, 12.146942697593973], [92.75789425748908, 12.146905060443041], [92.75796471595008, 12.146867422408613], [92.75803517351277, 12.146829784368855], [92.75809795856459, 12.146829809836726], [92.75816074361643, 12.146829835304636], [92.75822352866827, 12.146829860772547], [92.75830437794217, 12.146841644505855], [92.75838522721604, 12.146853428238641], [92.75846607648992, 12.146865211970907], [92.7585469257638, 12.146876996580827], [92.7586277750377, 12.146888780312048], [92.75871103718644, 12.14687993856177], [92.75879429843688, 12.14687109768939], [92.75887756058562, 12.14686225681674], [92.75896082183603, 12.146853415943788], [92.75904408398476, 12.146844575070554], [92.75911158249691, 12.14683740805268], [92.75917908100905, 12.146830240156437], [92.75923195854159, 12.146759998802656], [92.75927102447667, 12.146708103987146], [92.75931009131007, 12.146656208283321], [92.75934915724515, 12.14660431344761], [92.7593611380761, 12.14652205644133], [92.75937311800872, 12.146439799409631], [92.75938509883969, 12.146357541474337], [92.7593970787723, 12.14627528439184], [92.75940905960323, 12.146193027283896], [92.75936774069343, 12.146130485869978], [92.75932642178364, 12.146067944441365], [92.7592851028738, 12.146005402998059], [92.75924378396402, 12.145942861540057], [92.7592024650542, 12.1458803200674], [92.7591611461444, 12.145817778580023], [92.7591101299211, 12.145752973060342], [92.7590591136978, 12.145688167524934], [92.75900809837282, 12.14562336285193], [92.7589570830478, 12.145558557284934], [92.75890606682451, 12.145493751702201], [92.75885505060121, 12.145428946103655], [92.75880403527623, 12.14536414136756], [92.75875301995126, 12.145299335737489], [92.75870200372796, 12.145234530091654], [92.75865666755217, 12.14516671392989], [92.75861133227473, 12.145098897750845], [92.75856599609898, 12.145031081554526], [92.75852065992324, 12.14496326534093], [92.75847532374746, 12.144895448231882], [92.75842998847004, 12.144827631983745], [92.75838465229427, 12.14475981571837], [92.75833931611851, 12.144691999435679], [92.7583156940198, 12.144626152962319], [92.75829207102277, 12.144560306472675], [92.75826844892406, 12.14449445996676], [92.75823913599804, 12.144412749434302], [92.75820982217368, 12.144331037998565], [92.75818050834934, 12.144249327415958], [92.75815119452498, 12.144167615930083], [92.75810375629142, 12.144094776999625], [92.75805631715961, 12.144021937171026], [92.75800887802775, 12.143949098200707], [92.75796143889593, 12.14387625833225], [92.75791400066242, 12.143803419322097], [92.75786656153056, 12.143730579413807], [92.75781912329704, 12.143657740363809], [92.75777168416518, 12.143584900415634], [92.75772424503337, 12.143512061325778], [92.7576682233973, 12.143456896284428], [92.75761220176122, 12.143401731231641], [92.75755617922687, 12.143346566167429], [92.75750015759078, 12.143291401091817], [92.75744413595473, 12.143236236004757], [92.75739438725431, 12.143188763195386], [92.75734463855385, 12.14314129037754], [92.75729488985343, 12.143093816672996], [92.757245141153, 12.14304634383823], [92.75718353379249, 12.142987554302604], [92.75712192643199, 12.142928764753961], [92.75706031817319, 12.142869975192369], [92.75699871081268, 12.14281118561776], [92.75695331444979, 12.142738849534572], [92.7569079171886, 12.142666512553502], [92.75686252082572, 12.142594176430963], [92.75681712446283, 12.142521840288822], [92.75677172720161, 12.142449503248782], [92.75672633083876, 12.142377167067316], [92.75668093447588, 12.14230483086622], [92.75663553811299, 12.142232493767251], [92.75659014175011, 12.142160157526869], [92.7565560470918, 12.142089116639921], [92.75652195153519, 12.142018075734017], [92.75648785687689, 12.141947034809208], [92.7564537622186, 12.14187599474362], [92.75641966756032, 12.1418049537809], [92.75638557290202, 12.141733912799197], [92.75635147824372, 12.141662871798552], [92.75633904286526, 12.141586028374741], [92.75632660838507, 12.141509185806957], [92.75631417300663, 12.141432342338796], [92.75630173852643, 12.141355499726663], [92.75628930314798, 12.141278656214126], [92.75627686866781, 12.141201813557643], [92.75626443418764, 12.141124970000796], [92.75628284695604, 12.141041359717352], [92.7563012606227, 12.140957749407638], [92.75631967339108, 12.140874138193464], [92.75633808615949, 12.140790527831282], [92.75637410411078, 12.14071897720933], [92.7564101211638, 12.140647427446368], [92.75644613821679, 12.140575876785968], [92.7564821561681, 12.140504326106345], [92.7565181732211, 12.140432776285753], [92.75655419117244, 12.140361225567684], [92.75655178997569, 12.14029183614209], [92.75654938877892, 12.140222445820202], [92.75654725438181, 12.140160757517293], [92.75654511998468, 12.140099068321907], [92.75651911196057, 12.140044819441293], [92.75649310393648, 12.139990569671408], [92.75646709591238, 12.139936320768733], [92.75642578418909, 12.1398617259846], [92.75638447336411, 12.139787131179567], [92.75634316164083, 12.139712536353654], [92.75630184991753, 12.139637941506853], [92.7562637559596, 12.139559279568067], [92.75622566200167, 12.139480618484251], [92.75618756714539, 12.139401956499041], [92.75614947318749, 12.139323295368778], [92.75611137922952, 12.139244633337068], [92.75607328527158, 12.139165971282154], [92.75603519131367, 12.13908731008221], [92.75599709645739, 12.139008647980809], [92.75595900249948, 12.138929986734428], [92.75592090854153, 12.138851324586579], [92.75587423207938, 12.138788780570177], [92.75582755651553, 12.138726236539057], [92.75578088005335, 12.138663692493292], [92.75573420359119, 12.138601147554606], [92.75568752802734, 12.138538603479429], [92.75564085156519, 12.138476059389607], [92.75557282304703, 12.138424977958248], [92.7555047954272, 12.138373896517056], [92.75543676690904, 12.138322815066081], [92.75536873928921, 12.138271733605334], [92.75530071077105, 12.138220652134793], [92.75527346756346, 12.138200195480252], [92.75520261025046, 12.138156904792435], [92.75513175293747, 12.138113613219316], [92.75506089562448, 12.138070322517414], [92.75499003920983, 12.13802703180844], [92.75491918189684, 12.137983741092468], [92.75484832458385, 12.137940449491209], [92.75477746727087, 12.137897158761167], [92.75470110687846, 12.137868877904337], [92.7546247473844, 12.13784059704448], [92.75454838699196, 12.137812316181646], [92.75447202749787, 12.137784036194024], [92.75439566710547, 12.137755755325186], [92.75431930671303, 12.137727474453305], [92.75424294721897, 12.137699193578461], [92.75416658682656, 12.13767091270059], [92.75408696465132, 12.13766033261983], [92.75400734337445, 12.137649753416891], [92.75392772119922, 12.137639174213545], [92.75384809902401, 12.137628594131526], [92.75376847774712, 12.13761801492734], [92.75368885557191, 12.137607435722696], [92.7536088031037, 12.137582220749758], [92.75352874973714, 12.137557004896163], [92.75344869726894, 12.137531789040201], [92.75336864480069, 12.137506573181861], [92.75328859233248, 12.137481358199345], [92.7532085389659, 12.137456142336234], [92.75312848649769, 12.137430926470717], [92.75308104197596, 12.137376668264412], [92.75303359655594, 12.137322409168823], [92.7529861520342, 12.137268150940404], [92.75296436339696, 12.137199213878462], [92.75294257386143, 12.137130275920455], [92.75292078432591, 12.13706133882284], [92.75289899479037, 12.136992400829133], [92.75287759242872, 12.136914549599359], [92.7528561909654, 12.1368366983468], [92.75283478860376, 12.136758846193278], [92.7528133871404, 12.136680994895224], [92.75279198477875, 12.136603143574423], [92.75277058331545, 12.136525292230898], [92.7527491809538, 12.13644743998635], [92.75272777859215, 12.136369588597343], [92.7527063762305, 12.136291737185553], [92.75268475557826, 12.136212953061802], [92.75266313582432, 12.136134168914769], [92.75264151607038, 12.136055384744392], [92.7526198954181, 12.135976599672542], [92.75259827476586, 12.135897815455614], [92.75257665501192, 12.135819031215354], [92.75255503435964, 12.135740246951835], [92.7525290775395, 12.135660198877295], [92.75250311982109, 12.135580149900457], [92.75247716300095, 12.135500101777827], [92.7524512052825, 12.135420052752874], [92.75242524756403, 12.135340004582153], [92.7523992898456, 12.13525995550911], [92.75237333302547, 12.135179907290286], [92.752347375307, 12.135099858169166], [92.75232141848687, 12.13501980990224], [92.75229546076841, 12.134939760733015], [92.75226950394828, 12.134859712418], [92.75224354622983, 12.134779663200675], [92.7522174016618, 12.134699038709883], [92.75219125799211, 12.134618415072906], [92.75216511432238, 12.134537790533326], [92.75213850622364, 12.134460037827937], [92.75211189812497, 12.1343822842216], [92.75208529002624, 12.134304531470844], [92.7520586819275, 12.134226777819165], [92.75203207382881, 12.134149025023028], [92.7520054657301, 12.134071271325944], [92.75197885763136, 12.13399351848444], [92.75195224953266, 12.133915764741987], [92.75192564143393, 12.133838011855104], [92.7518990333352, 12.133760258067323], [92.75185925234118, 12.133691941018268], [92.75181947134716, 12.133623623951673], [92.75177968945479, 12.133555305989367], [92.75173990846072, 12.133486988887784], [92.75170012746669, 12.133418671768643], [92.75166034647268, 12.133350354632023], [92.7516205645803, 12.13328203659967], [92.75158078358623, 12.133213719428024], [92.7515410025922, 12.133145402238837], [92.7515046082468, 12.13307154152586], [92.75146821390138, 12.132997680792414], [92.75143181865762, 12.132923819160283], [92.75139542431222, 12.132849958385895], [92.75135902996679, 12.132776097591039], [92.75132263562138, 12.132702236775712], [92.75128624127593, 12.132628375939928], [92.75124984603221, 12.132554514205433], [92.7512134516868, 12.132480653328697], [92.7511770573414, 12.132406792431503], [92.75116008008081, 12.132372337765059], [92.75111509155307, 12.132307232125273], [92.75107010302534, 12.132242127347839], [92.75102511449761, 12.13217702167626], [92.75098012596982, 12.132111916867032], [92.75093513744208, 12.132046811163635], [92.75086854622839, 12.132007233605067], [92.75080195501471, 12.131967656040622], [92.75073536380101, 12.131928077592073], [92.7506687725873, 12.131888500015872], [92.75059529039707, 12.131851179543533], [92.75052180820684, 12.131813859944229], [92.75044832511827, 12.131776539461432], [92.75037484292803, 12.131739218973406], [92.75032709567408, 12.131678631792674], [92.75027934931838, 12.13161804547638], [92.75023160296271, 12.131557458268103], [92.75018385660705, 12.131496871046037], [92.75013611025139, 12.131436283810181], [92.75010015787709, 12.131367716741172], [92.75006420640109, 12.13129914965453], [92.75002825402679, 12.131230582550256], [92.7499923016525, 12.131162015428334], [92.7499563492782, 12.131093448288768], [92.74992039690387, 12.13102488113158], [92.74991584154711, 12.130943018920709], [92.7499112870886, 12.130861156684725], [92.74990673173181, 12.1307792944236], [92.74990217727328, 12.130697432137312], [92.7498976219165, 12.130615569825897], [92.74989306745803, 12.130533707489331], [92.74988851210121, 12.13045184512765], [92.7498839567444, 12.130369982740818], [92.74987940138757, 12.130288120328833], [92.74987688879973, 12.130204250193412], [92.74987437531358, 12.130120380031578], [92.74987186272574, 12.130036509843347], [92.74986935013789, 12.12995263962878], [92.74986683755004, 12.129868770266054], [92.7498643249622, 12.129784899998677], [92.74986181237432, 12.129701029704927], [92.74985929978646, 12.129617159384779], [92.74985678719861, 12.129533289038232], [92.74984100290078, 12.129451421978032], [92.7498252177046, 12.129369554892682], [92.74980943340675, 12.12928768778219], [92.74979364910888, 12.129205820646561], [92.74977786481102, 12.129123953485793], [92.74976208051315, 12.129042086299885], [92.74974629621533, 12.128960219088839], [92.74973051191746, 12.128878351852615], [92.7497147276196, 12.12879648459129], [92.7496768645287, 12.128721890201826], [92.74963900233611, 12.128647295791486], [92.74960113924517, 12.12857270136028], [92.74956327705257, 12.128498107786477], [92.74952541396168, 12.128423513313532], [92.74948755176909, 12.128348918819707], [92.74944968867815, 12.12827432430502], [92.74941182558727, 12.128199729769454], [92.74939196653128, 12.128136974226141], [92.74937210657697, 12.128074218668033], [92.749352247521, 12.12801146309518], [92.74932675872313, 12.127930920870632], [92.74930127082355, 12.127850379500037], [92.749275782924, 12.127769837226852], [92.74925029502445, 12.127689295807595], [92.74922480712492, 12.127608753485735], [92.74919931922533, 12.127528212017829], [92.74917383132578, 12.127447669647319], [92.74914834342624, 12.127367128130748], [92.74912285552666, 12.127286585711577], [92.74905989530336, 12.12722653501892], [92.74899693597834, 12.127166485191033], [92.74893397665335, 12.127106435349608], [92.74887101643, 12.127046385494634], [92.74880805620671, 12.126986335626174], [92.74874509688169, 12.12692628574418], [92.74868213665839, 12.126866234970393], [92.74861917643507, 12.12680618506135], [92.74855621711005, 12.126746135138758], [92.74849325688675, 12.126686085202667], [92.74843029666341, 12.126626035253064], [92.74836733644011, 12.126565985289915], [92.74830437711512, 12.126505935313252], [92.74824141689177, 12.126445885323092], [92.74817845666847, 12.126385835319358], [92.74811549644517, 12.126325785302138], [92.74805253712016, 12.126265735271392], [92.74798957689683, 12.1262056852271], [92.74792661667352, 12.126145634291056], [92.74786365734852, 12.126085584219714], [92.74780069712519, 12.126025534134875], [92.74773773690187, 12.125965484036525], [92.74767477667855, 12.125905433924615], [92.74761181735354, 12.125845383799216], [92.74754885713024, 12.125785333660296], [92.7474858969069, 12.125725283507812], [92.74742293758193, 12.125665233341845], [92.7473599773586, 12.125605183162365], [92.7472970171353, 12.125545132969323], [92.74723405691195, 12.125485082762784], [92.74717109668865, 12.125425032542733], [92.74710813646531, 12.12536498230916], [92.74704517624201, 12.125304932062022], [92.74698221601868, 12.125244881801413], [92.74691925669367, 12.125184831527267], [92.74685629647037, 12.125124781239586], [92.74679346650278, 12.125107541579686], [92.74673063653516, 12.125090301040375], [92.74666780656757, 12.125073061378222], [92.74658657371303, 12.125050772510821], [92.74650533996022, 12.125028482763259], [92.74642410710571, 12.125006193013851], [92.74634287335289, 12.12498390326256], [92.74626164049836, 12.124961614387704], [92.74618040674554, 12.124939324632711], [92.74613489629662, 12.124865671554195], [92.74608938584771, 12.12479201845531], [92.74604387450044, 12.124718364457815], [92.7459983631532, 12.12464471131827], [92.74595285270428, 12.124571058158356], [92.74590734225536, 12.124497404978136], [92.74586183180647, 12.12442375177755], [92.7458163204592, 12.124350097678354], [92.74577081001028, 12.124276444437081], [92.74572529956137, 12.124202791175504], [92.7457225570048, 12.124117447131566], [92.74571981534655, 12.124032103938566], [92.74571707278999, 12.123946759840011], [92.74571433113174, 12.123861416592433], [92.7457115894735, 12.123776072439249], [92.74570884691693, 12.123690728258776], [92.74570610525869, 12.12360538492924], [92.74570336270212, 12.123520040694137], [92.74570062104387, 12.123434697310024], [92.7456978784873, 12.12334935302028], [92.74569513682906, 12.12326400958155], [92.7456923942725, 12.123178665237214], [92.74568965171595, 12.12309332086559], [92.74568691005769, 12.123007977344903], [92.74568416839944, 12.122922632918662], [92.74568142674119, 12.122837289343398], [92.74567868508295, 12.122751944862541], [92.74567864555708, 12.122667406618225], [92.74567860513288, 12.122582867468825], [92.74567856560701, 12.122498329170936], [92.74567852608114, 12.122413790846252], [92.74567848655526, 12.122329251616462], [92.74567844702939, 12.122244713238194], [92.74567840750352, 12.12216017395484], [92.74567836797765, 12.122075635522988], [92.74567832755348, 12.121988420929029], [92.74567828623098, 12.121901206306571], [92.74567824580677, 12.12181399165563], [92.74567820448428, 12.121726776976141], [92.74567816316177, 12.121639561389873], [92.74567812273757, 12.121552346653363], [92.74567808141506, 12.121465131888367], [92.7456780409909, 12.121377917094835], [92.74566813347161, 12.121293216810177], [92.74565822685065, 12.121208516498598], [92.74564831933141, 12.121123816160123], [92.74563841271043, 12.121039115794794], [92.74562850519118, 12.120954414524277], [92.74561859857023, 12.120869714105131], [92.74560869105093, 12.12078501365913], [92.74559878442999, 12.120700313186195], [92.74558887691073, 12.120615612686379], [92.74557897028977, 12.120530912159705], [92.74556906277051, 12.120446211606112], [92.74555915614957, 12.120361511025662], [92.7455492495286, 12.120276810418277], [92.74553934200934, 12.120192108905734], [92.74552943449007, 12.120107408244587], [92.7455195278691, 12.12002270755657], [92.74550962034985, 12.119938006841634], [92.74549971283056, 12.11985330609984], [92.74548980620963, 12.119768605331126], [92.74547989869035, 12.119683904535556], [92.74546999206939, 12.119599203713065], [92.74546008544843, 12.119514502863693], [92.74545017792917, 12.119429801109147], [92.74544027040992, 12.119345100206012], [92.74543036289064, 12.11926039927598], [92.74542045537139, 12.11917569831908], [92.74541054785209, 12.119090997335258], [92.74540121076303, 12.119028554956712], [92.74539187367397, 12.11896611256351], [92.74537960178888, 12.11888404727804], [92.74536733080211, 12.118801982845607], [92.74535505891703, 12.118719917509654], [92.74534278793023, 12.118637853026751], [92.74533051694345, 12.118555787640316], [92.74531824505833, 12.118473722228641], [92.74530597407156, 12.118391657670017], [92.74529370218647, 12.118309592207885], [92.74528143119969, 12.118227527598778], [92.7452691602129, 12.11814546208615], [92.74525688832782, 12.118063396548285], [92.74524461734103, 12.117981331863467], [92.74523234545592, 12.117899266275144], [92.74522007446917, 12.117817201539845], [92.74520780348239, 12.11773513590104], [92.74518974554853, 12.117654482542683], [92.74517168761469, 12.117573828281671], [92.74515362968086, 12.117493174874562], [92.74513557174701, 12.117412520564761], [92.74511751381314, 12.1173318671089], [92.74509945587934, 12.117251213628702], [92.74508139794547, 12.117170559245773], [92.74506334001163, 12.117089905716785], [92.7450452820778, 12.117009252163422], [92.74502722414395, 12.116928597707405], [92.74500916621011, 12.116847944105302], [92.74499110827628, 12.11676728960052], [92.74497305034242, 12.116686635949666], [92.74493534984657, 12.11661312990426], [92.74489765024906, 12.116539623838602], [92.74485995065153, 12.1164661177527], [92.74482225015568, 12.11639261076827], [92.74478454965987, 12.116319104641873], [92.7447468500623, 12.11624559849525], [92.74470914956649, 12.116172092328373], [92.74467144996892, 12.116098586141268], [92.74463374947311, 12.116025079933907], [92.74459604987557, 12.115951573706294], [92.74455835027804, 12.115878067458429], [92.74452064978222, 12.115804560312041], [92.74448294928635, 12.115731054023692], [92.74444524968884, 12.115657547715115], [92.74440754919299, 12.11558404138627], [92.74439025842038, 12.115498923823473], [92.74437296854612, 12.115413806233503], [92.74435567777351, 12.115328688616382], [92.74433838700097, 12.115243570972162], [92.74432109622836, 12.115158453300742], [92.74430380545576, 12.115073335602226], [92.74428651468317, 12.114988217876546], [92.74426922391059, 12.114903100123716], [92.744251933138, 12.114817982343764], [92.7442346423654, 12.114732864536636], [92.74421735159282, 12.114647746702373], [92.74420006082023, 12.11456262884101], [92.74418497900493, 12.114488383551938], [92.7441698962913, 12.114414138242232], [92.7441548135777, 12.114339892911902], [92.7441397317624, 12.114265648439202], [92.74412464994707, 12.11419140306755], [92.74410956813176, 12.114117157675226], [92.74409448631646, 12.114042912262304], [92.74408342266544, 12.113958395851567], [92.7440723599127, 12.11387388029238], [92.74406129715999, 12.113789363828133], [92.74405023350894, 12.11370484733717], [92.74403917075621, 12.113620331697692], [92.74402810710517, 12.113535815153181], [92.74401704435245, 12.113451298581916], [92.74400598070143, 12.113366781983883], [92.7439949179487, 12.11328226623741], [92.74398385429765, 12.113197749585854], [92.74395921081444, 12.11311930908726], [92.7439345682296, 12.113040868565587], [92.74390992474639, 12.112962428020886], [92.74388528126322, 12.112883986574804], [92.74386063867834, 12.112805545983985], [92.74383599519513, 12.112727105370139], [92.74381135261027, 12.112648664733253], [92.74378670912708, 12.11257022407329], [92.7437620656439, 12.112491783390311], [92.74373742216069, 12.112413342684242], [92.74371277867752, 12.112334901076842], [92.74368813519432, 12.11225646032472], [92.74366349171115, 12.112178019549518], [92.74363884822793, 12.112099578751302], [92.74359187622004, 12.112028217173808], [92.74354490511048, 12.111956856455574], [92.74349793310259, 12.111885494839942], [92.74345096199302, 12.111814134083529], [92.74340398998513, 12.111742772429741], [92.74335701797723, 12.111671411635212], [92.74331004596934, 12.111600049943284], [92.74326307485977, 12.111528689110614], [92.74321610285187, 12.111457327380531], [92.74316913084398, 12.11138596650972], [92.74312215883609, 12.111314604741496], [92.74307518772652, 12.111243243832506], [92.74302821571862, 12.111171882026127], [92.74298154374802, 12.111100976049379], [92.74295598847483, 12.111021136647087], [92.74293043409996, 12.110941297220917], [92.74290487882674, 12.110861456892524], [92.74287932445188, 12.110781617418606], [92.74285376917864, 12.110701777920822], [92.74282821480378, 12.110621938399158], [92.74280265953055, 12.110542097975285], [92.74277710515568, 12.110462258405887], [92.74275154988248, 12.110382418812609], [92.74273141953526, 12.110305590089245], [92.74271128828974, 12.110228761343821], [92.74269115704422, 12.110151932576262], [92.74267102669704, 12.110075104664931], [92.74265089634984, 12.10999827585316], [92.74263076510432, 12.109921447019278], [92.7426106347571, 12.109844618163324], [92.74259050351161, 12.109767789285245], [92.74251852150789, 12.109721868666913], [92.74244653860583, 12.109675947162337], [92.74237455660213, 12.109630026528215], [92.74230257459841, 12.109584105886192], [92.7422305916964, 12.109538184357966], [92.74215860969267, 12.109492263700117], [92.74212796456506, 12.109441051995136], [92.74209731853914, 12.10938983940194], [92.74206667341156, 12.109338627677314], [92.74206066278398, 12.109251397503039], [92.74205465125812, 12.109164167300268], [92.74204864063053, 12.109076937068997], [92.74204262910465, 12.10898970680928], [92.74203661847707, 12.108902476521028], [92.74203060695119, 12.108815246204289], [92.74202459632365, 12.108728015859091], [92.74201858569607, 12.108640785485358], [92.7420125750685, 12.10855355508314], [92.74200656444094, 12.108466324652435], [92.74195372463761, 12.10842792758451], [92.74190088483427, 12.108389530511063], [92.74184267759715, 12.108333810125542], [92.74178447125833, 12.108278090606746], [92.74172626402115, 12.108222371076348], [92.74171436044531, 12.108139888794154], [92.74170245776781, 12.10805740736487], [92.74169055419196, 12.10797492503175], [92.74167865151446, 12.107892443551487], [92.74166674793862, 12.107809961167426], [92.74165484526111, 12.107727479636212], [92.74164294168528, 12.107644997201225], [92.74163103810943, 12.107562514740742], [92.74161913543193, 12.107480033133118], [92.74160723185612, 12.107397550621695], [92.7415953282803, 12.107315068963118], [92.74158342470444, 12.107232586400768], [92.7415454996298, 12.107164804490676], [92.74150757545343, 12.107097023441764], [92.74146965037876, 12.107029241497271], [92.74143172530411, 12.106961459535615], [92.74138461495566, 12.106895941904268], [92.74133750460722, 12.106830424256842], [92.74129039425877, 12.10676490659336], [92.74124328391032, 12.106699388913798], [92.74117666305224, 12.10665704347271], [92.74111004219414, 12.106614698024904], [92.74104342133603, 12.106572352570394], [92.74097680047791, 12.106530007109155], [92.7409101787215, 12.106487660762893], [92.7408435578634, 12.106445315288232], [92.7407769370053, 12.106402969806878], [92.74071031614722, 12.106360624318782], [92.74065910678611, 12.10629930499057], [92.74060789742504, 12.106237985648276], [92.74055668806393, 12.106176666291885], [92.74050547960117, 12.106115347799765], [92.7404542702401, 12.106054028415258], [92.74040306087899, 12.105992709016668], [92.74035185151791, 12.105931389603981], [92.74032731673086, 12.105847029605139], [92.74030278104551, 12.105762669579704], [92.74027824625848, 12.105678309527619], [92.74025371147145, 12.105593949448892], [92.7402291766844, 12.105509588465171], [92.74020464189736, 12.105425228333164], [92.7401801071103, 12.10534086817453], [92.74015557232327, 12.105256507989242], [92.74013103753622, 12.105172147777301], [92.74010752503199, 12.10509029871534], [92.74008401162943, 12.105008448749997], [92.74006049822688, 12.104926599637885], [92.74003698572261, 12.104844750500709], [92.74001347321838, 12.10476290133847], [92.73998995981583, 12.104681051272788], [92.73996644641323, 12.104599202060387], [92.739942933909, 12.104517352822871], [92.73991942140475, 12.10443550356033], [92.7398959080022, 12.104353653394346], [92.73987239459962, 12.104271804081643], [92.73984888209539, 12.104189954743863], [92.73982536869283, 12.104108104502652], [92.73980185618858, 12.104026255114709], [92.73977834368435, 12.103944405701691], [92.7397548311801, 12.103862556263596], [92.73973131777753, 12.103780705922084], [92.73970780527327, 12.103698856433851], [92.73968193469143, 12.103622030179755], [92.73965606321121, 12.10354520302522], [92.73963019262938, 12.103468376726953], [92.7396043220475, 12.103391550406586], [92.73957845146562, 12.103314723185793], [92.73955258088375, 12.103237896821256], [92.73952670940358, 12.103161069556252], [92.7395008388217, 12.103084243147519], [92.73948038328439, 12.103007732921924], [92.73945992684871, 12.102931221796029], [92.7394372156417, 12.102846277626602], [92.739414505333, 12.102761333430205], [92.73939179502433, 12.10267638920676], [92.73936908381731, 12.102591444077989], [92.73934637261029, 12.102506499800578], [92.73932366230162, 12.10242155549613], [92.73930095109459, 12.102336611164711], [92.73927823988757, 12.102251666806284], [92.73925552957888, 12.102166722420835], [92.73923281927016, 12.102081778008401], [92.73921010806315, 12.101996832690592], [92.73918739685617, 12.101911888224127], [92.73916468654744, 12.101826943730678], [92.73914197534042, 12.101741999210208], [92.7391083594842, 12.101675086354062], [92.73907474362795, 12.101608173481148], [92.7390411277717, 12.101541260591468], [92.73900751191545, 12.10147434680669], [92.7389738960592, 12.101407433883486], [92.73894028020295, 12.101340520943552], [92.73890214761745, 12.101264618039236], [92.73886401503196, 12.101188714235004], [92.73882588334477, 12.101112811287573], [92.73878775075929, 12.101036907440262], [92.7387496181738, 12.100961004449717], [92.73871148558831, 12.100885100559251], [92.73867335300278, 12.10080919752559], [92.7386352204173, 12.100733294470366], [92.7385970878318, 12.10065739051526], [92.73855895614462, 12.100581487416932], [92.73852082355911, 12.10050558341866], [92.73848269097363, 12.100429680277214], [92.73844455838814, 12.100353776235838], [92.73840642580265, 12.100277873051267], [92.7383748509187, 12.100195926749201], [92.7383432751365, 12.100113979543604], [92.73831170025255, 12.100032033191287], [92.73828012447032, 12.099950085935424], [92.73824854868809, 12.099868139532852], [92.73821697380416, 12.09978619310513], [92.73818539802193, 12.099704245773927], [92.738153823138, 12.099622299295937], [92.73812224735576, 12.099540351914456], [92.73809067157352, 12.099458405386253], [92.7380590966896, 12.099376458832898], [92.73802752090737, 12.099294511376074], [92.73799594602345, 12.099212564772468], [92.73796437024122, 12.099130617265391], [92.73793279445897, 12.099048670611532], [92.73790192385425, 12.098978302487291], [92.73787105324949, 12.098907935222895], [92.73784018264477, 12.098837567061596], [92.73780931293835, 12.098767199760152], [92.73777844233359, 12.09869683156183], [92.73774757172887, 12.098626464223338], [92.73771670112413, 12.098556095987945], [92.73771130584252, 12.098472481147288], [92.73770591145926, 12.098388866280475], [92.73770051617765, 12.098305251387506], [92.73769512089605, 12.098221636468416], [92.73768972561444, 12.098138021523146], [92.73768433033285, 12.098054406551718], [92.73767893505128, 12.09797079155412], [92.73767353976969, 12.097887176530378], [92.73766814448808, 12.097803561480468], [92.73766274920648, 12.097719946404425], [92.73765735392487, 12.097636331302251], [92.73765195864328, 12.097552716173881], [92.73766018810959, 12.097467439150998], [92.73766841847423, 12.097382161222535], [92.73767664794055, 12.097296884145251], [92.73768487830519, 12.097211606162388], [92.73769310777149, 12.097126329030692], [92.73770133813613, 12.097041050993417], [92.73770956850078, 12.096955773807306], [92.73771779886542, 12.096870495715656], [92.73772602923005, 12.096785218475146], [92.73773425959466, 12.096699940329056], [92.73774248995929, 12.096614663034147], [92.73775072032393, 12.096529384833644], [92.73775895068857, 12.096444107484322], [92.73776718105321, 12.09635882922942], [92.73777541141783, 12.096273551825696], [92.73777204543048, 12.096187703454166], [92.73776867854477, 12.096101854176712], [92.73776531165909, 12.096016005750043], [92.73776194567174, 12.095930157295845], [92.73775857968434, 12.095844308814037], [92.73775521279869, 12.095758459426294], [92.737751845913, 12.095672610889387], [92.73774847992561, 12.095586762324887], [92.73774511393825, 12.095500913732817], [92.73774174705257, 12.095415064234837], [92.73773838016687, 12.095329215587642], [92.73773501417952, 12.095243366912877], [92.73773164729383, 12.0951575173322], [92.73772828130645, 12.095071668602312], [92.73772491442078, 12.09498581984489], [92.73772154843338, 12.094899971059876], [92.7377181815477, 12.094814121368898], [92.73771481556035, 12.094728272528783], [92.737711449573, 12.094642423661075], [92.7377080826873, 12.09455657388744], [92.73770471580161, 12.094470724964593], [92.73770134981422, 12.094384876014201], [92.73769798382686, 12.094299027036229], [92.73769461694118, 12.094213177152344], [92.73769125095383, 12.094127328119258], [92.73768788496643, 12.094041479058642], [92.73768451897908, 12.09395562997043], [92.73768115299171, 12.093869779976258], [92.73767778700433, 12.093783930832947], [92.73767501570168, 12.093713267944594], [92.73767224529733, 12.093642605037576], [92.73766947399469, 12.093571941233527], [92.73766670359038, 12.093501278289171], [92.73766393228769, 12.093430615326138], [92.73766389455848, 12.093345149015278], [92.73766385772754, 12.093259683555472], [92.73766381999828, 12.093174217189983], [92.73766378316736, 12.09308875167552], [92.73766374543813, 12.093003285255403], [92.73766370860722, 12.09291781968635], [92.73766367087798, 12.09283235321159], [92.73766363314873, 12.092746887587909], [92.73766359541948, 12.092661421058532], [92.73766355769024, 12.092575955380234], [92.73766351996099, 12.092490488796216], [92.73766580078349, 12.092426540800448], [92.73766808070769, 12.092362593667783], [92.73767036153018, 12.092298645641444], [92.73767346880278, 12.092211503013642], [92.73767657697364, 12.092124360357444], [92.73767968514453, 12.092037216794482], [92.73768279241709, 12.091950074081492], [92.73768590058798, 12.091862931340104], [92.73768900786054, 12.091775788570322], [92.73769211603144, 12.09168864489379], [92.73769522330399, 12.091601502067228], [92.73769833147487, 12.09151435921227], [92.73770143874744, 12.091427216328917], [92.73770454602003, 12.091340073417168], [92.73770765419088, 12.091252929598667], [92.73771076236177, 12.091165786630139], [92.73771386963435, 12.091078643633214], [92.73771697690694, 12.090991500607906], [92.7377200841795, 12.090904356675821], [92.73772319145205, 12.090817213593722], [92.73772629872461, 12.09073007048324], [92.7377294059972, 12.090642927344359], [92.73773251326976, 12.090555784177072], [92.73773562054232, 12.090468640103046], [92.73773872781489, 12.09038149687899], [92.73774183508745, 12.09029435362654], [92.73774494236004, 12.090207210345707], [92.7377480496326, 12.090120066158109], [92.73775115690516, 12.090032922820496], [92.73775426417771, 12.089945779454487], [92.7377521387638, 12.089859903578194], [92.73775001424812, 12.089774027674384], [92.73774788883415, 12.089688151742966], [92.73774576431852, 12.089602275784003], [92.73774363890456, 12.089516399797446], [92.73774151438892, 12.08943052378332], [92.73773938897496, 12.089344647741665], [92.73773726356097, 12.089258771672402], [92.73773513814702, 12.089172895575594], [92.73773301273306, 12.089087019451192], [92.73773088731909, 12.089001143299221], [92.73772876190512, 12.08891526711972], [92.73772663649115, 12.088829390912611], [92.73772451107723, 12.088743514677985], [92.73772238566325, 12.088657638415738], [92.73772026024929, 12.08857176212596], [92.73771813483532, 12.088485885808588], [92.73771600942136, 12.088400009463646], [92.73771388400739, 12.088314133091174], [92.73771175859342, 12.088228256691107], [92.73770963317946, 12.088142380263497], [92.73770750776549, 12.088056503808293], [92.73770988740272, 12.087970626447138], [92.7377122679382, 12.08788474818001], [92.7377146475754, 12.08779887076373], [92.7377170281109, 12.087712992441464], [92.73771940774809, 12.08762711497006], [92.73772178738525, 12.087541236592692], [92.73772416702246, 12.087455359066125], [92.73772654665964, 12.087369480633619], [92.73772892629682, 12.08728360305195], [92.73773130593399, 12.087197724564296], [92.7377336855712, 12.08711184692749], [92.7377360652084, 12.087025968384708], [92.73773844484556, 12.086940090692764], [92.73774082448277, 12.086854212094858], [92.73774320411997, 12.086768334347788], [92.73774558375713, 12.086682455694781], [92.73774796339434, 12.08659657789256], [92.73775034303152, 12.08651069918443], [92.7377527226687, 12.086424821327109], [92.73776979335405, 12.086340897887753], [92.73778686314108, 12.08625697530052], [92.73780393382644, 12.086173051808544], [92.73782100361345, 12.08608912916864], [92.73783807429878, 12.086005205624021], [92.73785514408583, 12.085921282931473], [92.73787221387285, 12.08583735933422], [92.7378892845582, 12.085753435710634], [92.73790635434524, 12.085669512939132], [92.73792342503057, 12.085585589262902], [92.7379404948176, 12.08550166643878], [92.73795756550294, 12.085417742709891], [92.73797463528999, 12.085333819833126], [92.73799170597532, 12.08524989605163], [92.73800643295607, 12.08517748990758], [92.73802116083519, 12.085105082865542], [92.73803588871426, 12.085032676682344], [92.73805061659334, 12.084960269601122], [92.73806148710659, 12.084873822916698], [92.73807235672153, 12.084787377082755], [92.73808322723478, 12.084700930342468], [92.73809409684972, 12.084614484452661], [92.73810496736296, 12.084528037656524], [92.73811583787621, 12.084441590832473], [92.73812670749115, 12.084355144858877], [92.73813757800444, 12.084268697978976], [92.7381464704274, 12.084183068870471], [92.73815536374873, 12.084097438856132], [92.73816425707003, 12.08401180969282], [92.73817314949302, 12.083926180502102], [92.73818204281436, 12.083840550405577], [92.73819093523736, 12.083754921160079], [92.73819982766032, 12.083669291887178], [92.73820872098165, 12.083583661708454], [92.73821761430295, 12.083498032380758], [92.73822650672597, 12.08341240302567], [92.73823540004729, 12.083326772764748], [92.7382442924703, 12.08324114335488], [92.73825318489325, 12.083155513917555], [92.73826207821459, 12.083069883574487], [92.73827097063759, 12.082984254082406], [92.7382798630606, 12.08289862456291], [92.73828875638189, 12.082812994137655], [92.73829764880489, 12.082727364563365], [92.73831820585187, 12.082653675251587], [92.7383387628988, 12.082579985919478], [92.73835931994579, 12.082506297445521], [92.73837987699274, 12.082432608072855], [92.73840043403972, 12.082358918679885], [92.73842099108666, 12.082285229266647], [92.73844059681775, 12.082214948965778], [92.73846020344713, 12.082144668646423], [92.7384798091782, 12.082074387430229], [92.7384994149093, 12.082004107074006], [92.7385148560507, 12.08193693278166], [92.73853029629382, 12.08186975847247], [92.73854573743522, 12.081802583267967], [92.73856117857663, 12.08173540892505], [92.73857955990398, 12.081655441287717], [92.73859794212966, 12.081575473626467], [92.73861632345698, 12.081495505062943], [92.73863470478433, 12.081415537353909], [92.73864498779939, 12.08137080212319], [92.73865527081443, 12.081326066884978], [92.73869936192521, 12.08128535304188], [92.73874345303598, 12.081244640071], [92.73878754414676, 12.081203926215535], [92.73883159034177, 12.081163254518028], [92.7388756356385, 12.081122582814313], [92.73889944009517, 12.081048776230853], [92.73892324545022, 12.080974968748658], [92.73894704990694, 12.080901162124539], [92.73897085436366, 12.080827354601618], [92.73899465882035, 12.0807535479368], [92.7390184641754, 12.080679740373196], [92.73904226863212, 12.08060593366764], [92.73906607308884, 12.080532126063336], [92.73901662622234, 12.080472527789343], [92.7389671784575, 12.080412928623636], [92.73898296275537, 12.080334578644939], [92.73899874795153, 12.080256227764883], [92.7390145322494, 12.080177877740333], [92.73903031744557, 12.080099526814402], [92.73904610264172, 12.080021176744001], [92.73906188783793, 12.079942825772207], [92.73907767213575, 12.079864475655944], [92.73909345733195, 12.079786124638296], [92.73910924252812, 12.079707774476157], [92.73914253678748, 12.079654127344261], [92.73917583104686, 12.079600479323185], [92.73922013416005, 12.079529093259023], [92.7392644363749, 12.079457708054234], [92.7393087394881, 12.07938632195198], [92.73935304260127, 12.079314936709112], [92.73939734571447, 12.079243550568782], [92.73944164792931, 12.079172165287874], [92.7394859510425, 12.079100779109465], [92.73953025415568, 12.079029393790481], [92.73957455726887, 12.078958007574021], [92.73961885948373, 12.07888662221696], [92.73966316259691, 12.078815235962434], [92.7397074657101, 12.078743850567319], [92.73975176882328, 12.078672464274716], [92.73978637013141, 12.078619059381474], [92.73982097054117, 12.07856565447757], [92.73986848063994, 12.07849232505418], [92.73991598984037, 12.078418996489145], [92.73996349993912, 12.07834566702559], [92.74001101003788, 12.078272337541987], [92.7400585192383, 12.0781990089167], [92.74010602933703, 12.078125679392906], [92.7401535394358, 12.078052349849049], [92.74020104953455, 12.07797902028508], [92.74024855873496, 12.077905691579476], [92.74029606883373, 12.077832361975343], [92.74034357893245, 12.077759032351157], [92.7403910890312, 12.077685703585315], [92.74043859912996, 12.077612373920928], [92.74046827138208, 12.077566576909712], [92.74049794363425, 12.077520779012255], [92.7405353027703, 12.077463117009685], [92.74057266100799, 12.077405455873093], [92.74061002014406, 12.077347793845679], [92.74067050730538, 12.077284490514211], [92.74073099536504, 12.077221187167808], [92.74079148252639, 12.077157884684889], [92.74085196968772, 12.07709458130855], [92.74091245684909, 12.077031277917214], [92.74097294490873, 12.076967974510953], [92.74103343207007, 12.076904671968174], [92.7410939192314, 12.07684136853198], [92.74115440729105, 12.076778065080822], [92.7412148944524, 12.076714761614666], [92.74127538161373, 12.076651459012028], [92.74133586967339, 12.076588155515976], [92.74139635683476, 12.07652485200496], [92.74145684399608, 12.076461548478946], [92.74151733115744, 12.076398245816451], [92.74157781921707, 12.076334942260551], [92.74163830637842, 12.07627163868968], [92.74169630430812, 12.076214511385475], [92.7417543013395, 12.076157384069083], [92.74181229926916, 12.076100256740503], [92.74186810800451, 12.076045285960793], [92.74192391584153, 12.075990315169822], [92.74197972457686, 12.075935344367554], [92.74203553331222, 12.075880372675572], [92.74209134204756, 12.075825401850722], [92.7421471498846, 12.075770431014627], [92.74220295861994, 12.07571546016722], [92.74227195731861, 12.07568052119746], [92.74234095601726, 12.075645582223096], [92.74240995471591, 12.07561064324419], [92.74247895251624, 12.075575704260714], [92.7425479512149, 12.075540765272711], [92.74261694991357, 12.075505826280128], [92.74269197451115, 12.0754678355888], [92.74276699910874, 12.075429845770522], [92.74284202370633, 12.075391855068418], [92.74291704740558, 12.075353865239377], [92.74299207200318, 12.07531587452651], [92.74306709660075, 12.07527788380821], [92.74313756224826, 12.07524220162203], [92.7432080278958, 12.075206519431092], [92.74327849264499, 12.075170838113813], [92.7433489582925, 12.075135155913372], [92.74341942394001, 12.075099473708185], [92.74346779552312, 12.07507498018184], [92.74351616710624, 12.075050485774824], [92.74359853812621, 12.075027569043156], [92.74368090914616, 12.075004651431021], [92.74376327926785, 12.074981734695422], [92.74384565028781, 12.074958817079407], [92.74392802130778, 12.074935900339865], [92.74401039232778, 12.074912982719917], [92.74409276334775, 12.074890065976444], [92.74417513436774, 12.074867148352592], [92.7442575044894, 12.074844231605224], [92.74433987550938, 12.074821314855873], [92.74442224652934, 12.07479839722613], [92.74450461754931, 12.074775480472846], [92.74458698856931, 12.0747525628392], [92.74466935869096, 12.074729646081984], [92.74475172971093, 12.074706728444406], [92.74483410073093, 12.074683811683323], [92.7449194757172, 12.074660143853311], [92.74500485070348, 12.07463647689972], [92.74509022568978, 12.074612809065561], [92.74517560067606, 12.074589141229326], [92.74526097656069, 12.074565473390981], [92.74534635154696, 12.074541805550563], [92.74543172653323, 12.07451813770802], [92.74551710151954, 12.074494469863403], [92.74560247650582, 12.074470802016712], [92.74568785149211, 12.074447134167922], [92.74577137594893, 12.074441011430459], [92.74585490040572, 12.074434887814437], [92.7459384239642, 12.074428765076693], [92.746021948421, 12.07442264146039], [92.7461054728778, 12.074416518722368], [92.74618899733461, 12.07441039510575], [92.74627252089307, 12.074404272367483], [92.7463560453499, 12.074398148750596], [92.74643956980668, 12.074392026012001], [92.74652309426351, 12.074385902394859], [92.74660661782198, 12.07437977965601], [92.74669014227881, 12.074373656916993], [92.74677093495882, 12.074386062271241], [92.74685172853717, 12.074398467624917], [92.74693252121718, 12.074410872978008], [92.7470133147955, 12.074423278330539], [92.74709410747555, 12.074435683682472], [92.7471453222265, 12.074443546612747], [92.74721115436378, 12.074437548613915], [92.74727698650108, 12.07443155061493], [92.74734281863837, 12.074425552615832], [92.74742471804281, 12.074436888025849], [92.74750661744726, 12.074448223435422], [92.74758851685172, 12.074459558844485], [92.74767041535783, 12.074470894253091], [92.74775231476231, 12.074482230539605], [92.74783421416674, 12.074493565947256], [92.74790834404233, 12.07451397126099], [92.74798247301958, 12.074534375694716], [92.74805660289512, 12.074554781005332], [92.74813073187238, 12.074575185435942], [92.74820486174792, 12.074595590743467], [92.74828899885576, 12.07461874996182], [92.74837313506528, 12.074641909178164], [92.74845727217308, 12.074665069270978], [92.74854140838261, 12.074688228483325], [92.74860874160471, 12.07474626354216], [92.74867607482685, 12.07480429771002], [92.74874340804895, 12.07486233274369], [92.7488107412711, 12.074920366886372], [92.7488780744932, 12.07497840189493], [92.74894540771534, 12.075036436012459], [92.74898120018953, 12.075102441954812], [92.74901699356201, 12.075168447880916], [92.74905278693448, 12.075234454669168], [92.74908857940866, 12.075300460562717], [92.74912437188286, 12.075366466439993], [92.74907552868424, 12.075425334111392], [92.74902668638393, 12.07548420089142], [92.7489917724621, 12.075526280709248], [92.74894100058054, 12.075587472691904], [92.748890228699, 12.075648664660553], [92.74883945681744, 12.075709856615259], [92.74883829799074, 12.075747745373537], [92.74883738709904, 12.075777529665372], [92.74883501734332, 12.075855030650606], [92.74883264758762, 12.075932531613425], [92.7488302778319, 12.076010032553802], [92.74882790807615, 12.076087534350219], [92.74882553832045, 12.076165035245737], [92.7488231676664, 12.076242536118839], [92.7488207979107, 12.076320036969499], [92.74888222381149, 12.076282758804858], [92.74894365061066, 12.076245479756597], [92.74900507651145, 12.076208201581615], [92.74906650331057, 12.076170922522946], [92.7491279292114, 12.076133644337569], [92.74919292142387, 12.076094201680409], [92.74925838974346, 12.076050160403659], [92.74932385806306, 12.07600611911963], [92.74938932548433, 12.075962077828402], [92.74945479380393, 12.07591803652992], [92.74950381397068, 12.075854778539208], [92.74955283323908, 12.075791521412002], [92.7496018525075, 12.075728264269861], [92.74965087177596, 12.075665006234328], [92.74969989104436, 12.075601748183846], [92.74974891031277, 12.075538490118467], [92.74979792958123, 12.075475232038112], [92.74984694884964, 12.075411974821254], [92.74989596811805, 12.075348716711014], [92.74994792397915, 12.075289357097079], [92.75000252088718, 12.07522698003214], [92.7500571177952, 12.07516460295271], [92.75011171470322, 12.075102226737185], [92.75016631161124, 12.075039849628672], [92.75022090851927, 12.074977472505656], [92.7502755063256, 12.074915095368086], [92.75033010323362, 12.074852718216025], [92.75038470014164, 12.074790341049399], [92.75043929704967, 12.0747279647467], [92.7504938939577, 12.074665587551053], [92.75054849086571, 12.074603210340852], [92.75062657602349, 12.074585164526646], [92.75070466118122, 12.074567117832775], [92.7507790497716, 12.07459788435297], [92.75085343836197, 12.07462865086963], [92.75092782785065, 12.074659418261222], [92.75100221644098, 12.074690184770821], [92.75107660503137, 12.07472095127687], [92.75114607085398, 12.074774630142507], [92.75121553757488, 12.074828308997382], [92.7512850033975, 12.074881986963037], [92.75135446922009, 12.074935665796385], [92.75142393594103, 12.074989344618984], [92.75149340176361, 12.075043023430819], [92.75156286758623, 12.075096701353486], [92.75163233340885, 12.075150380143809], [92.75170180012977, 12.075204058923367], [92.75177126595237, 12.075257737692164], [92.75184073177496, 12.075311416450209], [92.75191019759757, 12.075365095197505], [92.75197966342019, 12.075418773934038], [92.75204912924278, 12.075472452659808], [92.75211859596372, 12.0755261313748], [92.7521880617863, 12.075579810079057], [92.75225752760892, 12.075633487894107], [92.75232699343152, 12.07568716657685], [92.75239646015245, 12.075740845248818], [92.75246592687336, 12.075794523910034], [92.75253539179764, 12.075848201682032], [92.75260485851858, 12.075901880321748], [92.7526743252395, 12.075955558072259], [92.75274473519147, 12.075984213550123], [92.75281514514343, 12.076012869024908], [92.75288555509539, 12.076041524496627], [92.75295212474953, 12.076098050987449], [92.75301869530196, 12.076154577466312], [92.75308526495611, 12.076211103933266], [92.75315183461025, 12.076267630388289], [92.75321840426436, 12.076324156831388], [92.7532849748168, 12.076380684140974], [92.75335154447093, 12.076437210560195], [92.75341811412508, 12.076493736967496], [92.75346401623946, 12.076551008275397], [92.75350991745552, 12.076608279571083], [92.75355581956994, 12.076665550854495], [92.7535741622697, 12.076728837642026], [92.7535925049695, 12.076792123536139], [92.75361084766926, 12.076855410293735], [92.7536171268931, 12.076933946639974], [92.75362340611696, 12.077012482963198], [92.7536296853408, 12.07709101838494], [92.75363596546295, 12.077169554662072], [92.75364224558508, 12.077248090916177], [92.75364852480892, 12.077326627147254], [92.75365480403278, 12.077405162476886], [92.75366108415493, 12.07748369866187], [92.75366957143773, 12.077560550871022], [92.75367805872054, 12.077637403058139], [92.75368654690165, 12.077714255223183], [92.75369503418446, 12.077791107366192], [92.75370354931503, 12.077868206326047], [92.7537120635473, 12.077945304385256], [92.75372057867784, 12.078022403300672], [92.75372909291013, 12.078099502193938], [92.7537376071424, 12.078176600186547], [92.75374612227299, 12.078253699035411], [92.75375463650523, 12.07833079698362], [92.75376315163584, 12.078407895788072], [92.75377124725313, 12.078481201517016], [92.75377934287047, 12.078554507225897], [92.75378743848782, 12.078627812914691], [92.75379622940122, 12.078707414273685], [92.75380502031457, 12.078787016487473], [92.75381381122794, 12.078866617799141], [92.7538226021413, 12.078946219087145], [92.75383139305471, 12.079025820351486], [92.75384018486635, 12.079105422470608], [92.75384897667804, 12.079185023687609], [92.75385776759141, 12.079264624880947], [92.75385772986216, 12.079348764874933], [92.75385769213297, 12.079432904842443], [92.75385765350538, 12.079517044783518], [92.75385761577614, 12.07960118469818], [92.7538575771486, 12.079685324586356], [92.75385753941936, 12.079769464448107], [92.75385750079177, 12.079853604283397], [92.75385746306253, 12.079937744092286], [92.75385742443498, 12.08002188387469], [92.75385738670575, 12.080106023630654], [92.7538573480782, 12.080190163360209], [92.75385731034896, 12.08027430306329], [92.75385727172137, 12.080358442739918], [92.75392334730212, 12.08038936407542], [92.75398942198453, 12.080420284528929], [92.75405549756526, 12.080451205857306], [92.75412157224767, 12.080482126303664], [92.75418764782836, 12.080513047624855], [92.7542246242821, 12.08053035165179], [92.75425313052102, 12.08046256472964], [92.75428163675993, 12.080394777790302], [92.75431014389713, 12.080326989955383], [92.75433865013608, 12.080259202981745], [92.75436715637495, 12.080191415990946], [92.75433438583342, 12.080111981095097], [92.75430161619016, 12.080032547054081], [92.75426884564857, 12.079953112111095], [92.75423607510703, 12.079873677144537], [92.75420330456545, 12.079794242154405], [92.75417053492222, 12.079714808019116], [92.75413776438064, 12.079635372981848], [92.75415026623445, 12.07955595724636], [92.75416276898659, 12.079476540608905], [92.75417527173869, 12.079397124826308], [92.75418777359253, 12.079317709020149], [92.75420027544634, 12.07923829319039], [92.75421277730014, 12.079158876458713], [92.75422527915394, 12.079079460581882], [92.7542226390053, 12.078993958063613], [92.75421999795837, 12.078908455518068], [92.75421735780976, 12.078822952945183], [92.75421471676285, 12.078737449466578], [92.75421207571591, 12.078651946839127], [92.75420943556728, 12.078566444184336], [92.75420679452034, 12.078480941502256], [92.75420415437173, 12.078395438792862], [92.7542015142231, 12.078309936056192], [92.75419887317616, 12.078224432413723], [92.75419623302753, 12.078138929622435], [92.75419359287892, 12.078053426803821], [92.75417883086385, 12.07797156065798], [92.7541640679505, 12.077889693608645], [92.75414930593543, 12.077807827412755], [92.75413454392034, 12.077725961191803], [92.75411978190527, 12.077644094067407], [92.75410501989022, 12.077562227796392], [92.75409025787518, 12.077480361500353], [92.75407549586012, 12.077398494300871], [92.75406073384505, 12.077316627954769], [92.75404597182998, 12.077234761583643], [92.7540312098149, 12.077152894309062], [92.75401644779983, 12.077071027887875], [92.75400168578476, 12.0769891614417], [92.75398692376973, 12.076907294092006], [92.75397216175466, 12.076825427595784], [92.75395739973959, 12.076743561074485], [92.75394263772452, 12.076661693649742], [92.75392787570945, 12.076579827078382], [92.75390494082193, 12.076516538498772], [92.75388200593443, 12.076453250782672], [92.75385907104689, 12.076389962173154], [92.75381625823877, 12.076363366669325], [92.75377344543067, 12.076336770284444], [92.75370277317062, 12.076292867840381], [92.75363210180889, 12.076248966267572], [92.75356142954887, 12.076205063809107], [92.75349075728883, 12.076161161343455], [92.7534200859271, 12.076117258870601], [92.7533494136671, 12.076073356390559], [92.75327988675903, 12.076024258830808], [92.7532103607493, 12.075975162140505], [92.75314083384127, 12.075926064562738], [92.75307130783155, 12.075876967854432], [92.75300178182182, 12.07582787113712], [92.75293225401543, 12.07577877353237], [92.75286272800572, 12.075729676797044], [92.752793201996, 12.075680580052747], [92.75272367418961, 12.075631482420976], [92.7526541481799, 12.075582385658665], [92.75258462217018, 12.075533288887359], [92.75251509526211, 12.075484192107046], [92.75244556835408, 12.07543509531774], [92.75237604144603, 12.075385998519426], [92.75234391589485, 12.075363312845768], [92.75229113088874, 12.07529436244103], [92.75223834498433, 12.075225411140176], [92.75218555997824, 12.075156460699942], [92.75213277497214, 12.075087509363568], [92.75220624907757, 12.07511104363298], [92.75227972228464, 12.075134577900343], [92.75235319639003, 12.07515811216562], [92.75242666959713, 12.075181646428836], [92.75250014370253, 12.075205180689991], [92.75257514224897, 12.075242878019983], [92.75265013989711, 12.07528057534467], [92.75272513844355, 12.07531827266404], [92.75280013698999, 12.075355969978116], [92.75287513463809, 12.07539366640843], [92.75295013318454, 12.075431363711884], [92.75302513173098, 12.075469061010045], [92.75310012937912, 12.0755067583029], [92.75317512792556, 12.075544455590439], [92.75325012647198, 12.075582152872672], [92.75332512412014, 12.075619849271142], [92.75340012266658, 12.075657546542779], [92.75347301556198, 12.075696560586799], [92.7535459084574, 12.07573557550355], [92.7536188013528, 12.075774589536197], [92.75369169514654, 12.075813604441588], [92.75376458804196, 12.075852618462875], [92.75383748093736, 12.075891632478449], [92.75391037383278, 12.075930647366818], [92.75398326672817, 12.075969661371017], [92.75403911768434, 12.076032209558042], [92.75409496864052, 12.076094758608917], [92.75415081959667, 12.076157306766719], [92.75420667055283, 12.076219854909915], [92.75426252150898, 12.076282403916926], [92.75431837246515, 12.0763449520309], [92.75437422252298, 12.07640750013028], [92.75443007347916, 12.076470049093462], [92.75448592443531, 12.07653259716362], [92.75454177539149, 12.07659514521916], [92.75459762634762, 12.076657694138552], [92.7546534773038, 12.076720242164845], [92.75466262754327, 12.076798088980187], [92.75467177778276, 12.076875935772922], [92.75468092802222, 12.076953782543011], [92.75469007826173, 12.077031629290456], [92.7546992285012, 12.077109476015279], [92.754708379639, 12.077187322717469], [92.75471752987849, 12.077265169397029], [92.7547266810163, 12.077343016053954], [92.75473583125576, 12.077420862688246], [92.75474391519501, 12.077486173203562], [92.75475199823596, 12.077551482824507], [92.75476008217517, 12.077616793307943], [92.75477036339362, 12.07769985949882], [92.75478064461204, 12.077782926542353], [92.75479092583049, 12.07786599268168], [92.7548012070489, 12.077949058795244], [92.75481148826731, 12.078032125761439], [92.75482176948576, 12.078115191823452], [92.75483205070418, 12.078198257859704], [92.75484233282091, 12.078281324748636], [92.75485261403932, 12.07836439073335], [92.75486289525777, 12.078447456692288], [92.75487317737452, 12.078530523503868], [92.75488345859293, 12.078613589411269], [92.75489374070968, 12.078696655292909], [92.75490402282642, 12.078779722027202], [92.75491430404485, 12.07886278785729], [92.75494474884815, 12.078941693432443], [92.75497519365142, 12.079020598984325], [92.75500563845472, 12.079099504512953], [92.75503608325802, 12.079178410018336], [92.75506652806132, 12.079257315500465], [92.75509697196632, 12.07933622008093], [92.75512741676958, 12.079415125516546], [92.75515786067459, 12.079494030928906], [92.75518830547787, 12.079572936318009], [92.75521874938285, 12.079651841683855], [92.75524919418615, 12.079730747026458], [92.75530198278551, 12.079797061016942], [92.75535477048653, 12.07986337411257], [92.75540755908588, 12.079929688070168], [92.75546034678695, 12.079996001132935], [92.75551313538628, 12.080062315057683], [92.75556592308732, 12.080128628087602], [92.75562192945202, 12.080188313402042], [92.75567793581673, 12.080247999581541], [92.75573394218144, 12.080307684869366], [92.75578994854614, 12.080367371022287], [92.75584595491084, 12.08042705628346], [92.75591674035859, 12.080476050260549], [92.75598752490805, 12.080525044228667], [92.75605831035581, 12.080574039066223], [92.75612909490526, 12.080623033016417], [92.75619988035301, 12.080672027836046], [92.75627066580077, 12.080721022646733], [92.75634145035022, 12.080770016570032], [92.75641223579797, 12.08081901048431], [92.75648302034742, 12.08086800438967], [92.75655380579516, 12.080916999164494], [92.7566245903446, 12.080965993051876], [92.75669537579239, 12.081014987808773], [92.75677435657046, 12.081053438883446], [92.75685333734856, 12.081091889952633], [92.75693231812666, 12.081130341016262], [92.75701129890473, 12.081168792074395], [92.75709027968284, 12.08120724312702], [92.75716925956262, 12.081245694174072], [92.75724824034072, 12.081284145215653], [92.75732722111883, 12.081322596251663], [92.7574062018969, 12.081361047282188], [92.757485182675, 12.081399498307155], [92.75755636158486, 12.081425516189672], [92.7576275395964, 12.081451534069707], [92.75769871850625, 12.081477551947161], [92.7577698965178, 12.081503568943678], [92.75778429561348, 12.081584287673872], [92.75779869560748, 12.08166500637974], [92.75781309470315, 12.081745725061232], [92.75782749379886, 12.081826442840008], [92.75784189379287, 12.081907161472826], [92.75785629378687, 12.081987880081318], [92.75787069288255, 12.082068598665472], [92.75787065694993, 12.082150279969499], [92.75787062101735, 12.082231961248562], [92.75787058508473, 12.082313642502742], [92.7578705491521, 12.082395323731985], [92.7578705132195, 12.082477004936269], [92.75787047728687, 12.082558686115666], [92.75787044135426, 12.08264036727013], [92.75787040542167, 12.082722048399683], [92.75787036948905, 12.082803729504262], [92.75787033355644, 12.082885410583955], [92.75787029762382, 12.082967091638702], [92.75787026169121, 12.0830487726685], [92.75787022665692, 12.0831304536734], [92.7578701907243, 12.083212134653378], [92.75788632985672, 12.083295268502681], [92.75790246898912, 12.083378402326158], [92.7579186081215, 12.083461536123808], [92.75793474725388, 12.083544669895632], [92.75795088548796, 12.083627803641644], [92.75796702372206, 12.083710936483424], [92.75798316285444, 12.083794070177783], [92.75799930198683, 12.083877203846315], [92.75801544022092, 12.083960337489023], [92.7580315793533, 12.084043471105915], [92.75804771848568, 12.084126604697008], [92.75806385671979, 12.084209738262249], [92.75807999585217, 12.084292871801651], [92.7580961349846, 12.084376005315253], [92.75811227321864, 12.084459138803016], [92.75812841235106, 12.084542272264953], [92.75814455058511, 12.084625405701063], [92.7581606888192, 12.084708538232956], [92.75817682795159, 12.084791671617428], [92.75819296618569, 12.084874804976058], [92.75820910531807, 12.084957938308879], [92.75822524355215, 12.085041071615883], [92.75824138268455, 12.08512420489705], [92.7582662812893, 12.08520363654858], [92.758291179894, 12.085283067298105], [92.75831607849872, 12.085362498902487], [92.75834097710347, 12.085441929604864], [92.7583658757082, 12.08552136116207], [92.75839077341462, 12.085600791817324], [92.75841567201932, 12.085680223327383], [92.75846124624864, 12.085749760466511], [92.75850682137629, 12.085819298465992], [92.7585523956056, 12.085888835568976], [92.7585979707332, 12.085958373532302], [92.75864354496252, 12.08602791059918], [92.75868912009017, 12.086097448526335], [92.75873469521777, 12.086166985557059], [92.75878027034538, 12.086236523448108], [92.75882584457469, 12.086306060442661], [92.75887141970233, 12.086375598297566], [92.75891699393163, 12.086445135255977], [92.75896256905925, 12.086514673074738], [92.75900814328857, 12.086584209997003], [92.75904473885662, 12.08664004647323], [92.75908133352634, 12.08669588293779], [92.7591179290944, 12.086751719390683], [92.75907186977481, 12.086803477416261], [92.75902581045524, 12.086855236310218], [92.7589797511357, 12.086906994315745], [92.7589258378456, 12.086967578479008], [92.75887192455549, 12.087028162628506], [92.75881801036711, 12.087088746764326], [92.758764097077, 12.087149330886383], [92.75871446066597, 12.087222534083685], [92.75866482425496, 12.087295737260948], [92.75861518874227, 12.087368939539783], [92.75856555233125, 12.087442142676945], [92.7585159159202, 12.087515345794124], [92.75851591412358, 12.087518955134101], [92.75851588268254, 12.087591501188246], [92.7585158512415, 12.087664048101168], [92.75851581980048, 12.087736594115963], [92.75851578835945, 12.08780914011113], [92.75852076143285, 12.087894609069318], [92.75852573450628, 12.087980078878608], [92.75853070757967, 12.088065547782232], [92.7585356806531, 12.088151017536882], [92.7585406537265, 12.088236486385888], [92.75854562679993, 12.08832195608596], [92.75855059987333, 12.088407424880323], [92.75855557384506, 12.088492894525778], [92.75856054691846, 12.088578363265563], [92.75856552089019, 12.088663832856415], [92.75857049396362, 12.088749301541558], [92.7585272876934, 12.088822055441543], [92.75848408142316, 12.088894808443339], [92.75844087515296, 12.088967562303758], [92.75839766888274, 12.089040315265988], [92.7583544626125, 12.08911306908684], [92.75831125634231, 12.089185822887897], [92.75826805007209, 12.089258575790804], [92.75822484380186, 12.089331329552257], [92.75818163753162, 12.089404082415584], [92.75813843126143, 12.089476836137496], [92.75809522409287, 12.089549589839587], [92.75805201782266, 12.089622342643553], [92.75800881155243, 12.089695096306103], [92.75796560528221, 12.089767849070464], [92.75792239901197, 12.089840602693448], [92.75787919274178, 12.089913356296623], [92.75783598647156, 12.089986109001636], [92.75779278020133, 12.090058862565245], [92.75774957393112, 12.090131615230666], [92.75770636766089, 12.090204368754696], [92.75768623911034, 12.090282894156736], [92.75766611055974, 12.090361419535709], [92.75764598111088, 12.090439944891632], [92.75762585256028, 12.090518470224513], [92.7576057231114, 12.090596995534328], [92.75758559456082, 12.090675520821105], [92.75756546511194, 12.090754046084815], [92.75754533656138, 12.090832571325473], [92.75758664648804, 12.090895867060402], [92.7576279555164, 12.090959161901974], [92.75766926544301, 12.09102245760698], [92.75771057536967, 12.091085752418605], [92.75775188529633, 12.091149048093625], [92.75779319432468, 12.09121234287529], [92.75787191638796, 12.09124917888886], [92.75795063845126, 12.091286015775761], [92.75802936051457, 12.091322851779193], [92.75810808167955, 12.09135968777755], [92.75818680374283, 12.091396524649234], [92.75826552580614, 12.091433361515843], [92.75834424786942, 12.091470197498982], [92.75834421014017, 12.091556829148056], [92.75834417241092, 12.091643460769049], [92.75834413468168, 12.09173009236198], [92.75834409695246, 12.091816723048476], [92.75834405922322, 12.091903354585313], [92.75834402149397, 12.09198998609406], [92.75835525941817, 12.09207217119661], [92.7583664973424, 12.092154355395554], [92.75837773526658, 12.092236540447635], [92.75838897319079, 12.09231872459607], [92.75840021111499, 12.092400909597607], [92.75841144903917, 12.092483093695522], [92.7584226869634, 12.092565278646576], [92.75843392488758, 12.092647462693986], [92.75844516281181, 12.092729647594496], [92.75845640073601, 12.092811831591384], [92.75846763866022, 12.092894016441424], [92.75851124468073, 12.092958443042912], [92.75855485070127, 12.093022868750511], [92.7585984576201, 12.093087295320943], [92.7586420636406, 12.093151720997476], [92.75870863868462, 12.093208246509436], [92.75877521462698, 12.093264772009427], [92.75884178967101, 12.093321296619102], [92.75890836471503, 12.093377821216832], [92.75898072221453, 12.09334112515876], [92.75905307881571, 12.093304429974056], [92.75912543631522, 12.09326773390596], [92.75919779291641, 12.093231038711181], [92.75927015041593, 12.09319434263297], [92.75934250701711, 12.093157647428127], [92.75941486451661, 12.093120951339865], [92.75948722111778, 12.093084256124959], [92.75957318090734, 12.093076541310241], [92.75965914069685, 12.093068826495307], [92.75974510048641, 12.093061111680155], [92.75983105937763, 12.093053396864775], [92.75991701916716, 12.093045682049166], [92.76000297895672, 12.093037967233354], [92.76008893874624, 12.0930302524173], [92.7601153204695, 12.093095801555997], [92.76014170219278, 12.09316135067865], [92.76016808481434, 12.093226899785211], [92.7601944665376, 12.093292448875728], [92.76014221962238, 12.09332326945963], [92.76008997180882, 12.093354090039966], [92.76003772489359, 12.093384910616756], [92.75996340547348, 12.093428751405437], [92.75988908605342, 12.093472592186917], [92.75981476573502, 12.093516433839612], [92.75974044631492, 12.093560274606753], [92.75966612689486, 12.093604115366682], [92.75963069374677, 12.093638955374832], [92.75959526149703, 12.093673794500045], [92.75954229952282, 12.093725869159142], [92.75948933754862, 12.09377794468644], [92.7594363755744, 12.093830019325244], [92.7594153514035, 12.093882127332265], [92.7593943272326, 12.093934234450753], [92.75936247387092, 12.094013183892242], [92.75933061961095, 12.094092133310426], [92.75933594572227, 12.094167467306482], [92.75934127183359, 12.094242801281279], [92.75934659794491, 12.094318135234856], [92.75935192405625, 12.094393469167224], [92.75935725016753, 12.094468803078346], [92.75936257627885, 12.094544136968274], [92.75938705716698, 12.094615616526088], [92.75941153715678, 12.094687096064794], [92.75943601714658, 12.094758574706024], [92.75946049803473, 12.094830054206499], [92.75948643239697, 12.094905777992864], [92.75951658165455, 12.094824001326968], [92.7595467300138, 12.094742224636084], [92.75957687837305, 12.094660448798557], [92.75960702763061, 12.09457867205765], [92.75963717688816, 12.09449689529172], [92.75966732614575, 12.09441511850079], [92.75969184206816, 12.094348620160826], [92.75971635888888, 12.094282120925932], [92.75978752971392, 12.094233876975455], [92.7598586996406, 12.094185633894643], [92.75992987046563, 12.094137389926711], [92.76000104039231, 12.094089145950129], [92.76007221121735, 12.094040901964794], [92.76014338204236, 12.093992657970794], [92.76021455196907, 12.093944414846447], [92.76028572279408, 12.093896170835006], [92.76035689272075, 12.093847926814862], [92.76042806354579, 12.093799682786042], [92.76045606493152, 12.093780701036842], [92.76049571027994, 12.09371122307996], [92.76053535473005, 12.093641745105014], [92.7605750000785, 12.093572266233636], [92.76061464542693, 12.093502788222635], [92.76065429077536, 12.093433310193541], [92.76069393522546, 12.093363832146396], [92.7607335805739, 12.093294353202806], [92.76077322592234, 12.093224875119569], [92.76076521744157, 12.093155943370716], [92.76075720896083, 12.093087012482473], [92.76074920048006, 12.093018080698087], [92.7607411919993, 12.092949148895904], [92.76070562410396, 12.092883596207722], [92.76067005620858, 12.09281804438185], [92.76063448741492, 12.092752491661557], [92.76059891951957, 12.092686938925157], [92.76052889584315, 12.092639452730396], [92.76045887126845, 12.092591965648769], [92.76038884759207, 12.092544479437137], [92.76031882301733, 12.09249699321706], [92.76024839869234, 12.092490939406337], [92.76017797436732, 12.092484884717082], [92.76010755004229, 12.092478830906094], [92.76002371656504, 12.092500267826162], [92.75993988398608, 12.092521704744513], [92.75985605050882, 12.092543140782764], [92.75977221703157, 12.092564577697706], [92.75969526644603, 12.09260353130386], [92.75961831496217, 12.09264248578277], [92.7595413643766, 12.092681439377575], [92.75946441379104, 12.092720393845086], [92.75938746230719, 12.092759348306975], [92.75931051172162, 12.092798301884757], [92.75923356023775, 12.092837256335285], [92.75915660965222, 12.09287620990172], [92.75908543523393, 12.092833242133342], [92.75901426171396, 12.09279027523645], [92.7589430872957, 12.092747307454255], [92.75887191287741, 12.092704339665177], [92.7588508168413, 12.092631108981447], [92.75882971990683, 12.092557878277677], [92.75880862387069, 12.09248464755387], [92.75878752783456, 12.09241141680999], [92.75876643179842, 12.092338186046057], [92.75876384375212, 12.092254244259074], [92.75876125570579, 12.092170301567375], [92.75875866765945, 12.092086359727734], [92.75875607961311, 12.092002417861707], [92.75875349156676, 12.091918475969345], [92.75875090352044, 12.091834533172245], [92.7587483154741, 12.091750591227187], [92.75876002052227, 12.091684987298907], [92.75877172646872, 12.091619383354534], [92.75878343151686, 12.09155377851566], [92.75879513656504, 12.0914881745391], [92.75880927065771, 12.091408958201237], [92.7588234056487, 12.091329740961546], [92.7588375397414, 12.09125052457679], [92.75885167383406, 12.091171307290166], [92.75886580792674, 12.091092090858488], [92.75887743841473, 12.091026905759326], [92.7588890689027, 12.090961720644273], [92.75889104878961, 12.090950624855425], [92.75893930538835, 12.09088133853017], [92.7589875628854, 12.09081205218699], [92.75903581948417, 12.09074276670425], [92.75908407698121, 12.09067348032518], [92.75913233357996, 12.090604193928133], [92.75918059107704, 12.090534907513174], [92.75922884857411, 12.090465621080213], [92.75927710517284, 12.09039633550777], [92.7593253617716, 12.090327049038931], [92.75937361837035, 12.090257762552167], [92.75942187586739, 12.090188476047478], [92.75947013246616, 12.090119189524787], [92.75947679976218, 12.090113654788782], [92.75953379876528, 12.090066343815193], [92.75959079866668, 12.090019032833206], [92.75964779766977, 12.089971722721243], [92.7597047975712, 12.08992441172254], [92.75976179657427, 12.08987710071544], [92.7597805417193, 12.089861541777308], [92.75984406788128, 12.089808813721229], [92.75990759404321, 12.089756084776337], [92.75997112020515, 12.089703356699419], [92.76003464636709, 12.089650627733777], [92.76009817252903, 12.089597899636082], [92.7601379427433, 12.089564889670282], [92.76017771295757, 12.089531878822005], [92.76020254508695, 12.0894622820568], [92.76022737721637, 12.089392685273507], [92.76025221024409, 12.089323087593678], [92.76027704237349, 12.089253490774164], [92.76030187450289, 12.089183893936545], [92.7602771016623, 12.089114277756154], [92.76025232882171, 12.089044661557647], [92.76022755687941, 12.08897504621943], [92.76020278403882, 12.088905429984703], [92.76017801119824, 12.088835813731848], [92.76011603283354, 12.088774770591337], [92.76005405357049, 12.088713727436899], [92.75998862926835, 12.088653813005987], [92.7599232040679, 12.088593897683285], [92.75985777976577, 12.088533983225515], [92.75979235456529, 12.088474068754339], [92.7597085417493, 12.088452001701963], [92.75962472893328, 12.088429933769374], [92.75954091611727, 12.088407866713387], [92.75945710330126, 12.088385798777148], [92.75937329048527, 12.088363731717482], [92.75928947766924, 12.088341664656024], [92.75920566485325, 12.08831959759272], [92.75912185203723, 12.088297530527583], [92.75906905535305, 12.088245530353694], [92.75901625866885, 12.088193531048109], [92.75896346108634, 12.088141530853992], [92.75891066440214, 12.088089530649786], [92.75892821838112, 12.088027444681794], [92.7589457723601, 12.08796535782102], [92.7589627181796, 12.087905420384176], [92.75897966489745, 12.087845482055517], [92.7590462839589, 12.087798049461881], [92.75911290302038, 12.087750616859836], [92.75917952208185, 12.087703184249367], [92.7592461411433, 12.087655751630502], [92.75932185205377, 12.08760982194278], [92.75939756386254, 12.08756389136875], [92.75947327477301, 12.087517961665265], [92.75954898658178, 12.087472031075471], [92.75962469749226, 12.087426100477792], [92.75969063113915, 12.087386101701167], [92.75975656388775, 12.087346103796957], [92.75982249753467, 12.087306105008336], [92.75989392258289, 12.087262774444607], [92.75991875471229, 12.08719317796751], [92.75994358684169, 12.087123580593905], [92.75996841897107, 12.087053984080615], [92.75999325110048, 12.086984386670789], [92.76001808322988, 12.086914790121254], [92.75999514834238, 12.086845475520308], [92.75997221345486, 12.086776160901398], [92.75994927856732, 12.08670684626451], [92.75990797313226, 12.086634511665256], [92.75986666769718, 12.086562177046433], [92.7598253622621, 12.086489843286488], [92.7597840559287, 12.086417508628559], [92.75974275049364, 12.086345173951049], [92.75970144505854, 12.08627283925401], [92.75963848124198, 12.086213409154912], [92.75957551832371, 12.086153979921], [92.75951255450713, 12.086094550673845], [92.75944959069054, 12.086035121413534], [92.75938662687398, 12.085975692140032], [92.75932366305739, 12.085916262853324], [92.7592606992408, 12.08585683355341], [92.75921772293928, 12.085787785713306], [92.75917474573949, 12.085718736976974], [92.75913176943799, 12.085649689101212], [92.75908879223815, 12.085580641207676], [92.75904581503832, 12.085511592417884], [92.7590028387368, 12.085442544488675], [92.758959861537, 12.08537349566325], [92.7589168852355, 12.085304447698432], [92.75887390893398, 12.0852353997158], [92.75883093173415, 12.08516635083693], [92.75878795543265, 12.08509730281864], [92.75876427045188, 12.085040144018318], [92.75873172628576, 12.084961607415014], [92.75869918301794, 12.08488307078867], [92.75866663885184, 12.08480453326088], [92.75863409468572, 12.084725996588432], [92.75860155141794, 12.08464745989293], [92.75856900725182, 12.084568923174388], [92.75853646308572, 12.084490385554362], [92.7585039198179, 12.084411848789715], [92.75847137565178, 12.084333312002029], [92.75844461394114, 12.084263996732389], [92.75841785133223, 12.084194680566368], [92.7583910896216, 12.084125365260828], [92.75836432701263, 12.084056049058917], [92.758337565302, 12.083986733717461], [92.75831080269307, 12.083917417479624], [92.75830389914012, 12.083833172633996], [92.75829699468886, 12.083748927761881], [92.75829009023757, 12.08366468198481], [92.7582831866846, 12.083580437059656], [92.75827628223334, 12.08349619210799], [92.75826937868038, 12.08341194712976], [92.75826247512742, 12.08332770124666], [92.75825557157447, 12.08324345621539], [92.75824892314304, 12.083162331280375], [92.75824227471163, 12.083081206320768], [92.75823948544269, 12.082997065743138], [92.75823669527539, 12.08291292426064], [92.75823390510813, 12.082828783630124], [92.75823111583915, 12.08274464297312], [92.7582283256719, 12.082660501411286], [92.75822553640295, 12.08257636070142], [92.75822274623566, 12.082492219965106], [92.7582199569667, 12.082408079202304], [92.75821716679943, 12.082323937534658], [92.75821437753046, 12.082239796718984], [92.75821158826152, 12.082155655876871], [92.75820879899256, 12.082071514129877], [92.75820600972361, 12.081987373234828], [92.75818629439807, 12.081903132173819], [92.75816657817421, 12.08181889020788], [92.75814695807007, 12.081735058436422], [92.7581273388643, 12.081651226638732], [92.75810771876016, 12.081567393936364], [92.75808809955436, 12.08148356208617], [92.75806847945024, 12.081399730209691], [92.75802625324198, 12.081334627077519], [92.75798402703376, 12.08126952305109], [92.75794180172382, 12.081204419887225], [92.75789957551557, 12.081139315829118], [92.75785734930733, 12.081074212633588], [92.75777403595463, 12.08104189468958], [92.75769072170358, 12.081009575863247], [92.75760740835088, 12.08097725791144], [92.75752409409984, 12.080944939077323], [92.75744078074715, 12.080912621117692], [92.75735746649613, 12.080880302275775], [92.75727415314338, 12.08084798430832], [92.75720068802117, 12.080800119169908], [92.75712722379724, 12.080752254022908], [92.75705375867497, 12.080704388867334], [92.75698029355272, 12.080656522824818], [92.75690682932878, 12.08060865765212], [92.75683336420653, 12.080560792470884], [92.75675989908426, 12.080512927281113], [92.75668643486034, 12.080465062082766], [92.75661296973811, 12.080417196875846], [92.75653950461584, 12.08036933078197], [92.75646604039193, 12.080321465557937], [92.75639257526966, 12.080273600325356], [92.75633430874369, 12.080210645541003], [92.75627604311606, 12.080147691620299], [92.75621777659009, 12.080084737684762], [92.75615951006415, 12.08002178285601], [92.75610124443651, 12.079958828890893], [92.75604297791054, 12.079895873154106], [92.75598471228291, 12.07983291915937], [92.75592644575694, 12.07976996427141], [92.7558681801293, 12.079707010247045], [92.75580991360334, 12.079644055329467], [92.7557516479757, 12.079581100397093], [92.75569338234806, 12.07951814544991], [92.75563511672041, 12.07945519048793], [92.7555938148786, 12.079379841808322], [92.75555251213846, 12.079304493107532], [92.75551121029663, 12.07922914438552], [92.75546990845483, 12.0791537956423], [92.755428606613, 12.079078446877887], [92.75538730477119, 12.079003098092263], [92.75538105788671, 12.078915832546938], [92.7553748101039, 12.078828566094723], [92.75536856232108, 12.078741300492478], [92.7553623154366, 12.078654034861826], [92.75535606855212, 12.0785667692027], [92.75534982076934, 12.07847950263671], [92.75534357298653, 12.078392236920703], [92.75533732610204, 12.078304971176276], [92.75533107831923, 12.07821770452497], [92.75532483143475, 12.078130438723635], [92.75531876960319, 12.078045760747832], [92.75531270687335, 12.077961082745237], [92.75530664504181, 12.077876403837429], [92.75530058321029, 12.077791725781285], [92.75528133231373, 12.077706292247823], [92.7552620805189, 12.077620857808704], [92.75524282872404, 12.077535424220764], [92.75522357692918, 12.07744998972712], [92.75520432603265, 12.077364556084666], [92.75518507423779, 12.07727912153649], [92.75516582334126, 12.077193687839497], [92.75514657154639, 12.07710825323682], [92.75512731975157, 12.077022819485325], [92.7551080679567, 12.076937384828147], [92.75507250634953, 12.076863921436932], [92.75503694474237, 12.07679045890402], [92.75500138313524, 12.07671699547254], [92.75496582152809, 12.076643532020867], [92.7549079826002, 12.076576613764866], [92.75485014367231, 12.076509695492145], [92.75479230384613, 12.076442776324253], [92.75473446491826, 12.076375858018087], [92.75467662599037, 12.076308939695153], [92.75461878706248, 12.076242021355542], [92.75456094813461, 12.076175102999212], [92.75450310830838, 12.076108183747696], [92.7544452693805, 12.07604126535792], [92.75438743045262, 12.075974346951439], [92.7543300469706, 12.075915564609057], [92.75427266348854, 12.075856782253785], [92.75421528000652, 12.075797999885614], [92.7541578974228, 12.075739217504543], [92.75410051394077, 12.075680435110558], [92.75404313045873, 12.075621652703687], [92.7539857469767, 12.075562870283902], [92.75392836349464, 12.075504087851215], [92.75385322750599, 12.075462966405986], [92.75377809151729, 12.075421845832867], [92.75370295552862, 12.075380724374968], [92.75362781953993, 12.075339602910772], [92.75355268355126, 12.075298482318695], [92.75347754756258, 12.075257360841903], [92.75340241157392, 12.07521623935875], [92.75332727558522, 12.075175118747756], [92.75325213959655, 12.075133997251971], [92.75317700360786, 12.075092875749924], [92.75310186761921, 12.075051754241517], [92.75302686907276, 12.075015563408655], [92.75295187052632, 12.074979373449311], [92.75287687108155, 12.074943182606653], [92.75280187253512, 12.07490699175912], [92.75272687398868, 12.074870800906677], [92.75265187544224, 12.074834610927793], [92.75257687599746, 12.074798420065578], [92.75250187745102, 12.074762229198466], [92.75242687890459, 12.074726038326483], [92.75235188035815, 12.074689848328019], [92.75227688091339, 12.074653657446252], [92.75220188236695, 12.074617466559586], [92.75215107455281, 12.074553119873084], [92.75210026673865, 12.07448877404958], [92.7520494589245, 12.07442442733215], [92.7520090976188, 12.074373310810941], [92.75206193472715, 12.074330393656867], [92.75211477093721, 12.074287477374304], [92.75216760804562, 12.07424456020644], [92.75222044425567, 12.074201643910161], [92.75230678403257, 12.074210267578316], [92.75239312470778, 12.074218891246215], [92.75247946448468, 12.07422751491381], [92.7525658051599, 12.074236138581124], [92.7526521449368, 12.07424476224816], [92.75273848471373, 12.074253385914927], [92.75282482538896, 12.07426201045986], [92.75291116516586, 12.074270634126067], [92.75299750584108, 12.074279258670453], [92.75308384561797, 12.074287882336101], [92.75315846417703, 12.074318423128807], [92.7532330818378, 12.07434896303957], [92.75330770039687, 12.074379503825305], [92.75338231805763, 12.074410043729097], [92.7534568018694, 12.074456277865533], [92.7535312865795, 12.074502511993977], [92.7536057703913, 12.074548746114447], [92.75368025420308, 12.074594980226912], [92.75375473891317, 12.074641215209883], [92.75382922272495, 12.074687449306396], [92.75390370653675, 12.074733683394932], [92.75397819124684, 12.07477991835391], [92.75405267505862, 12.074826152426517], [92.75411694772058, 12.07488558329676], [92.7541812203825, 12.074945014153835], [92.75424549304446, 12.075004444997692], [92.7543097648081, 12.075063875828407], [92.75437403657173, 12.075123306645892], [92.75443830923369, 12.075182738328639], [92.75450258099733, 12.07524216911979], [92.75456685276095, 12.075301599897745], [92.75463112632121, 12.075361031540927], [92.75469539808485, 12.075420462292485], [92.75475966984847, 12.075479893909293], [92.75482394161212, 12.075539324634489], [92.75488821427406, 12.075598756224926], [92.75495248603771, 12.07565818692376], [92.75503515799328, 12.075653700743139], [92.75511783084718, 12.075649213684049], [92.75520050280281, 12.075644727503324], [92.75527055342866, 12.075622156048473], [92.75534060315618, 12.075599585470158], [92.75541065378205, 12.075577014889923], [92.75548070350958, 12.07555444430783], [92.7555669498617, 12.075544936974412], [92.7556531962138, 12.075535430519084], [92.75573944346424, 12.075525923184992], [92.75582568981636, 12.075516416729013], [92.75591193616846, 12.075506909394248], [92.75599818252057, 12.075497402059138], [92.75608442977101, 12.075487894723686], [92.75617067612315, 12.075478387387916], [92.75625692247525, 12.075468880051801], [92.75631760097775, 12.07546689741682], [92.75637827948022, 12.075464914781877], [92.75643895798272, 12.075462932146872], [92.7565118607596, 12.075460549822525], [92.75658476353648, 12.07545816837657], [92.75665766721168, 12.075455786052135], [92.75673056998856, 12.0754534037277], [92.75680347276544, 12.075451021403264], [92.7568902374455, 12.075466224533177], [92.75697700302385, 12.07548142854073], [92.75706376770387, 12.075496631668937], [92.75715053328223, 12.075511835674748], [92.75723729796225, 12.075527038801225], [92.75732406264227, 12.075542242805293], [92.75741082822061, 12.07555744680852], [92.75749759290068, 12.075572649932402], [92.7575015221317, 12.075573338627665], [92.75753483884895, 12.075521263071474], [92.7575681555662, 12.075469187505158], [92.75760569256869, 12.075410516613571], [92.75764322867283, 12.07535184658759], [92.75768076477698, 12.075293175670305], [92.75775120976324, 12.075241978498562], [92.75782165474952, 12.075190780438541], [92.75789209973578, 12.075139583247232], [92.75794413105535, 12.075186310062044], [92.75799616147661, 12.075233035990259], [92.75804819279617, 12.075279762788812], [92.75811249779748, 12.07532913719319], [92.75817680369707, 12.075378511588498], [92.75824110869839, 12.07542788597467], [92.75830541369969, 12.075477260351787], [92.75837058737187, 12.075527301454178], [92.75843576104405, 12.075577342547243], [92.75850093471621, 12.075627383630971], [92.7585661083884, 12.075677424705324], [92.75863128206056, 12.075727465770337], [92.75868713840663, 12.075780220318363], [92.75874299385436, 12.075832974855995], [92.7587988502004, 12.075885729383222], [92.75885470654647, 12.075938483900078], [92.75891056199418, 12.075991237528084], [92.75896641834025, 12.076043992024141], [92.75899853939985, 12.076110296386437], [92.75903066045949, 12.076176601610777], [92.7590627806208, 12.076242905940239], [92.7590949016804, 12.0763092102533], [92.75912702274002, 12.076375515428342], [92.75915914290131, 12.076441819708567], [92.75915910876532, 12.076520667141972], [92.75915907462937, 12.076599514552196], [92.75915904049337, 12.076678361939177], [92.75915900635738, 12.07675720930298], [92.75915897222139, 12.076836056643524], [92.75915893808542, 12.076914903960889], [92.75915890394944, 12.07699375125501], [92.75915886981345, 12.07707259852594], [92.7591588356775, 12.077151445773612], [92.75916288258782, 12.07723280619318], [92.75916692949818, 12.077314165709572], [92.75917097730687, 12.07739552607965], [92.75917502421723, 12.077476885546604], [92.75917907202587, 12.077558245867284], [92.75918311893624, 12.077639605284785], [92.75918716674492, 12.077720965555988], [92.75919121365527, 12.077802324924065], [92.75919526146394, 12.077883685145865], [92.75924196936715, 12.077952697252373], [92.75928867637202, 12.078021709341145], [92.75933538337688, 12.078090720533714], [92.7593820912801, 12.078159732586903], [92.75940639609844, 12.078195643654372], [92.75943742839989, 12.078125597698946], [92.7594684607014, 12.078055550846823], [92.75949949210457, 12.077985504854784], [92.75953052440607, 12.077915457965968], [92.75953055944035, 12.077835907320473], [92.75953059357634, 12.077756356651365], [92.75953062771232, 12.077676805958594], [92.75953066184832, 12.077597255242237], [92.75953069598427, 12.07751770450219], [92.75954129520633, 12.07743454250578], [92.75955189532668, 12.077351380483519], [92.7595624945487, 12.077268218435442], [92.75957309377075, 12.077185056361516], [92.7595836929928, 12.077101894261801], [92.75959429221483, 12.077018731257791], [92.75960489143688, 12.076935569106386], [92.7596154906589, 12.076852406929193], [92.75962608988095, 12.076769244726123], [92.75963668910296, 12.076686082497277], [92.75962754155842, 12.076599447791157], [92.75961839311559, 12.076512812178644], [92.75960924557104, 12.076426177416469], [92.7596000971282, 12.076339541747888], [92.75959094868533, 12.076252906929659], [92.75958180024249, 12.076166271205024], [92.7595147688543, 12.076112005823017], [92.75944773746612, 12.076057740430045], [92.75938070697623, 12.076003475904498], [92.75931367558806, 12.075949210489501], [92.75924664419988, 12.07589494506354], [92.75918328692119, 12.075841132900042], [92.75911992964254, 12.075787320725716], [92.75905657236386, 12.075733508540576], [92.75899321508517, 12.075679696344636], [92.7589298587048, 12.07562588501634], [92.75886650142616, 12.07557207279877], [92.75880314414748, 12.075518260570389], [92.75873978686879, 12.075464449209637], [92.75867642959012, 12.07541063695964], [92.75861307231145, 12.075356824698817], [92.75855028995457, 12.075294987889436], [92.75848750759766, 12.075233150187323], [92.75842472613907, 12.075171313349394], [92.7583619437822, 12.075109475618758], [92.75829916142533, 12.075047638752267], [92.7582363790684, 12.074985800993044], [92.75817984090105, 12.074930114056068], [92.75812330273371, 12.074874426229057], [92.75806676456635, 12.074818739268911], [92.75805107728654, 12.074771888529867], [92.75803539000675, 12.074725037782617], [92.75800825549527, 12.074643998110563], [92.75798112008547, 12.074562957535564], [92.75795398467568, 12.074481917814479], [92.7579268492659, 12.074400877190447], [92.75789971475444, 12.074319837420319], [92.75787257934465, 12.074238796747244], [92.75784544393485, 12.074157756928072], [92.75781830852507, 12.074076716205964], [92.75779117401362, 12.073995676337747], [92.75776403860382, 12.07391463556661], [92.75772886147561, 12.073836276658987], [92.75769368524571, 12.073757917728464], [92.75765850811752, 12.073679557896584], [92.75762333188759, 12.073601198920237], [92.75758815475939, 12.073522839920939], [92.75755297852952, 12.073444480898715], [92.75751780140128, 12.073366120975146], [92.75748262427308, 12.07328776190711], [92.7574474480432, 12.073209402816122], [92.75741227181328, 12.073131043702208], [92.75737709468508, 12.073052683686951], [92.75734191755687, 12.072974324527227], [92.75733563923136, 12.072891269168949], [92.75732936090581, 12.07280821290649], [92.7573230825803, 12.072725157496741], [92.75731680425478, 12.072642101182783], [92.75731052592927, 12.072559045721533], [92.75730424760376, 12.072475989356077], [92.7572979692782, 12.072392933843288], [92.7572916909527, 12.072309877426319], [92.75728992306821, 12.072231378375951], [92.75728815428542, 12.072152879302582], [92.75728638640093, 12.072074380206185], [92.75728461851648, 12.071995881086812], [92.757282850632, 12.071917381065981], [92.7572810827475, 12.071838881900604], [92.75727931486301, 12.0717603827122], [92.75727754697856, 12.07168188350082], [92.75727577909407, 12.071603384266439], [92.75727472626855, 12.07155661466094], [92.75727367254474, 12.071509845047299], [92.75730806095213, 12.071431564496889], [92.75734244846119, 12.071353283923631], [92.75737683686857, 12.071275003327473], [92.75741122437768, 12.07119672270848], [92.75742979704616, 12.0711544436803], [92.75744836971465, 12.071112163766959], [92.75750154099632, 12.071050197723626], [92.75755471317632, 12.070988230787512], [92.75760788445798, 12.07092626471554], [92.75766105573963, 12.070864298629193], [92.7577142270213, 12.07080233252852], [92.7577673992013, 12.070740365535093], [92.75782057048296, 12.070678399405784], [92.75788030305947, 12.07061514456999], [92.7579400365343, 12.070551889719273], [92.75799976911078, 12.070488634853582], [92.75805950168728, 12.070425379972981], [92.75811923426379, 12.07036212507747], [92.7581789677386, 12.070298870167008], [92.7582387003151, 12.070235615241613], [92.7582984328916, 12.070172360301292], [92.75836387336342, 12.07012818189031], [92.75842931473355, 12.070084002593527], [92.75849475520538, 12.070039824167976], [92.75856019657553, 12.069995645735096], [92.75862563704734, 12.069951467294953], [92.75869107751913, 12.069907288847507], [92.75875651888929, 12.069863109514353], [92.75882195936111, 12.069818931052339], [92.7588679971211, 12.069787851252684], [92.7589140348811, 12.069756771449391], [92.7589324386663, 12.069679939841112], [92.7589508415532, 12.06960310821081], [92.75898531889385, 12.069528543857666], [92.75901979713274, 12.06945397860529], [92.75905427447334, 12.069379414210646], [92.75908875271227, 12.069304848916808], [92.75912705777431, 12.06923742371381], [92.75916536193802, 12.069169998493843], [92.75920366700004, 12.069102572378446], [92.75924197206207, 12.069035147124547], [92.7592802771241, 12.06896772185369], [92.75931142261334, 12.068912898070057], [92.75934256900086, 12.068858073396758], [92.75937371538839, 12.068803249590696], [92.7594419999264, 12.068759347668916], [92.75951028356609, 12.068715446618368], [92.7595785681041, 12.06867154556067], [92.75964685264209, 12.068627644495784], [92.7597151371801, 12.068583743423673], [92.75978342171813, 12.068539842344398], [92.75985204312434, 12.068495724278053], [92.75992066453058, 12.068451606204443], [92.75997092796567, 12.068419291129599], [92.7600061706709, 12.068344475207061], [92.76004141337613, 12.068269659263619], [92.76007665608135, 12.068194843299286], [92.76011189878659, 12.068120027314079], [92.76014714059352, 12.068045212186423], [92.76018238329874, 12.067970396159435], [92.76021762600396, 12.067895580111568], [92.7602528687092, 12.067820764042812], [92.76028811141443, 12.067745947953167], [92.76031529712985, 12.067667025903084], [92.76034248284527, 12.067588103829772], [92.76036966945907, 12.067509180854758], [92.76039685517449, 12.067430258734971], [92.76042404088994, 12.067351336591953], [92.76045122660538, 12.067272414425691], [92.76047841232085, 12.067193492236148], [92.76050559803626, 12.067114569144955], [92.7605327837517, 12.067035646908938], [92.76055996946715, 12.066956724649716], [92.76058700426564, 12.066878240721943], [92.76064103792999, 12.06681853926474], [92.76069507249262, 12.066758836915731], [92.76074910615696, 12.066699135431938], [92.7608031407196, 12.066639433056354], [92.7608513407245, 12.06658617686053], [92.7608995416277, 12.066532919775666], [92.76094774253089, 12.066479663558711], [92.76099594343411, 12.066426407331159], [92.76105759660868, 12.06637324157521], [92.76111924888494, 12.066320076687209], [92.76118090205954, 12.066266910910167], [92.76123773756926, 12.066217899400156], [92.76129457307894, 12.06616888788119], [92.76130115413672, 12.06609156418016], [92.76130773429618, 12.066014241335274], [92.76131431445562, 12.065936917589642], [92.7613208946151, 12.065859593821695], [92.7613261964719, 12.065797291866751], [92.7613314983287, 12.065734989897342], [92.76140614473555, 12.065696035017186], [92.76148079204073, 12.065657079252949], [92.76155543844756, 12.065618124361496], [92.76163008575274, 12.065579168585899], [92.76170473215957, 12.06554021280464], [92.76177937856643, 12.065501257896202], [92.7618540258716, 12.065462302103658], [92.76192867227844, 12.065423346305428], [92.7619998799344, 12.065370264683775], [92.76207108759031, 12.065317183051603], [92.76214229524628, 12.065264101408946], [92.76221350290223, 12.065211019755768], [92.76227169037642, 12.065176389516752], [92.76232987785063, 12.065141758394775], [92.76238806532486, 12.065107128146815], [92.7624491768153, 12.06504932555228], [92.76251028830578, 12.064991523823746], [92.76257139979624, 12.064933721204325], [92.7626325112867, 12.064875918572412], [92.76269362187885, 12.064818116806487], [92.76275473336932, 12.064760314149638], [92.7628158448598, 12.06470251148032], [92.76287695635024, 12.064644709677044], [92.76293806784072, 12.064586906982804], [92.7629899356669, 12.064537847728012], [92.76301211327463, 12.064495061648195], [92.76303429088237, 12.064452274683067], [92.76306689793054, 12.064389367132128], [92.76309950408043, 12.064326460444887], [92.7631321111286, 12.064263552864395], [92.76316471817678, 12.06420064614764], [92.76319732522497, 12.064137738537644], [92.76323354080564, 12.06406786811581], [92.76325107951324, 12.063984967244275], [92.76326861911917, 12.063902065468648], [92.76328146862097, 12.063841331138956], [92.76329431812283, 12.063780597673956], [92.76330716762465, 12.063719863316695], [92.76335998227513, 12.063719883521653], [92.76341279602731, 12.06371990284814], [92.76344186101834, 12.063772646583134], [92.76347092511106, 12.0638253894293], [92.76349999010205, 12.063878133143506], [92.76354359881755, 12.063930128385818], [92.76358720663468, 12.063982123618041], [92.76367561074011, 12.06399006679637], [92.76376401484553, 12.06399800997443], [92.76385241805266, 12.06400595315225], [92.76394082215808, 12.064013896329865], [92.76396376063886, 12.064072663713782], [92.76398669911964, 12.064131431963279], [92.7640096376004, 12.064190199321434], [92.76406320593745, 12.064218845515896], [92.76411677517275, 12.064247492585746], [92.7641703435098, 12.064276138774051], [92.7642407435803, 12.06432287099723], [92.7643111445491, 12.064369603212295], [92.76438154461964, 12.064416334540697], [92.76441060961062, 12.064467571555388], [92.76443967460163, 12.064518807681763], [92.76446874049098, 12.064570044676824], [92.76444574900961, 12.06463896533774], [92.76442275752824, 12.064707885102479], [92.76439976514853, 12.06477680572795], [92.76437677366715, 12.064845725457218], [92.76444717463596, 12.064892457581127], [92.7645175765031, 12.064939189696869], [92.76458797747189, 12.064985921804455], [92.76466528109538, 12.064998003436989], [92.76474258561714, 12.065010085947431], [92.7648198892406, 12.065022167578869], [92.76489719286405, 12.06503425008823], [92.76497449738585, 12.065046332597044], [92.7650518010093, 12.065058414226854], [92.7651081667001, 12.065126549408152], [92.76516453239091, 12.065194684572148], [92.76522089808176, 12.065262819718816], [92.76527726377256, 12.065330954848195], [92.76533362946338, 12.065399089960234], [92.7653899951542, 12.065467225054944], [92.76544636084499, 12.065535360132378], [92.76550272653584, 12.065603495192446], [92.76555909222665, 12.0656716302352], [92.76561545791746, 12.065739765260638], [92.76567182360827, 12.065807900268785], [92.76572818929911, 12.065876035259581], [92.7657845540916, 12.065944169354605], [92.7658409197824, 12.066012304310771], [92.76589728547326, 12.066080439249596], [92.76595365116407, 12.066148574171159], [92.76601001685486, 12.066216709075354], [92.76606638254567, 12.066284843962233], [92.76612274823653, 12.066352978831773], [92.76617911392734, 12.06642111368405], [92.76623547961815, 12.066489248518973], [92.76629184530896, 12.066557383336567], [92.76634821099977, 12.066625518136874], [92.76640457669062, 12.066693652919826], [92.76646094238141, 12.066761787685465], [92.76651730807222, 12.066829922433774], [92.76657367376305, 12.066898057164781], [92.76663003945386, 12.066966191878462], [92.7666864051447, 12.067034326574802], [92.76674276993717, 12.067102461253866], [92.76679913562802, 12.067170595915576], [92.76685550131883, 12.067238730559957], [92.7669118661113, 12.067306865187025], [92.76696823180214, 12.067374999796803], [92.76702459749296, 12.067443134389215], [92.76708096318377, 12.067511268964312], [92.76713732887458, 12.067579403522132], [92.76719369456542, 12.067647538062573], [92.76725005935789, 12.067715672585713], [92.76730642504872, 12.067783807091512], [92.76736279073957, 12.067851941580034], [92.76741915643036, 12.067920076929648], [92.76747552122288, 12.067988211383515], [92.76755612256174, 12.068023581803201], [92.76763672479892, 12.068058953096637], [92.76771732613778, 12.068094323506973], [92.76779792747665, 12.068129693912638], [92.76787852971383, 12.068165065192105], [92.76795913105268, 12.068200435588434], [92.76803973328988, 12.068235806858574], [92.76812033462875, 12.068271178124009], [92.76820093596763, 12.06830654850633], [92.76828153730649, 12.068341919762464], [92.76836213954365, 12.06837729101389], [92.76844274088253, 12.068412661382204], [92.7685233422214, 12.068448031745888], [92.76860394356027, 12.068483402983308], [92.76868454579746, 12.068518774216097], [92.76876514713634, 12.068554144565734], [92.7688457484752, 12.068589514910714], [92.76892635071236, 12.068624886129458], [92.76900695205124, 12.068660256465089], [92.76908755339011, 12.068695627674545], [92.76916815562731, 12.068730998879307], [92.76924875696618, 12.068766369200944], [92.76932886602825, 12.068801524295182], [92.76940897598867, 12.068836679384816], [92.76948908505075, 12.0688718335914], [92.769495940993, 12.068874842316207], [92.7695418970063, 12.068800280395767], [92.76958785301963, 12.068725718454616], [92.7696338090329, 12.068651156492727], [92.76967976504622, 12.06857659451005], [92.76963831318574, 12.068500924767314], [92.76959686042696, 12.068425254124735], [92.7695554076682, 12.06834958433924], [92.7695139549094, 12.06827391365394], [92.76947250304893, 12.068198243825735], [92.76943105029014, 12.068122573976146], [92.76938959753133, 12.068046903226739], [92.76934814477258, 12.067971233334452], [92.76930669291208, 12.067895563420755], [92.76926524015332, 12.067819892607279], [92.76922378829285, 12.067744222650848], [92.76918233553405, 12.067668551794613], [92.76914088277526, 12.067592881795486], [92.76910175126316, 12.067521448607982], [92.76906262064941, 12.067450015401434], [92.76902348913731, 12.067378582175841], [92.76911170190158, 12.067390478344455], [92.76919991466585, 12.067402374512586], [92.7692881265318, 12.06741427068013], [92.76937633929609, 12.067426166847191], [92.76946455206034, 12.067438063013693], [92.7695527648246, 12.067449959179697], [92.76964097669058, 12.067461855345156], [92.76972918945485, 12.067473751510105], [92.76981740221909, 12.067485647674483], [92.76990561498337, 12.067497543838389], [92.76999382684934, 12.06750944000171], [92.77008203961358, 12.06752133616456], [92.77017025237787, 12.067533232326838], [92.77025846514215, 12.06754512848862], [92.77034667700808, 12.067557023771386], [92.77043488977236, 12.067568919932086], [92.77052310253664, 12.067580816092278], [92.77061131530091, 12.06759271225192], [92.77069952716685, 12.067604607532575], [92.77078773993114, 12.06761650369119], [92.77087595269542, 12.067628399849243], [92.77096416545967, 12.067640295128319], [92.77105237732563, 12.067652190406873], [92.77114059008991, 12.067664086563376], [92.77119014205925, 12.067736114432659], [92.77123969492699, 12.06780814316105], [92.77128924689639, 12.067880170991621], [92.77133879976408, 12.067952198802853], [92.77138835173346, 12.06802422659471], [92.77143790460114, 12.068096255245674], [92.77148745657055, 12.068168282998842], [92.77153700943828, 12.068240310732609], [92.77158656140762, 12.068312338447013], [92.77163611427535, 12.068384367020549], [92.77168566624475, 12.068456394696264], [92.7717352182141, 12.068528422352605], [92.77178477108183, 12.06860045086805], [92.77183432305122, 12.068672478485665], [92.77188387591892, 12.06874450608394], [92.7719334278883, 12.06881653366284], [92.77198298075598, 12.068888562100845], [92.77203253272539, 12.06896058964102], [92.77208208559311, 12.069032617161866], [92.77213163756247, 12.069104644663314], [92.77218119043019, 12.069176673023879], [92.77223074239959, 12.069248700486613], [92.77228029436894, 12.069320727930009], [92.77232984723666, 12.069392756232498], [92.77237939920606, 12.069464783637141], [92.77242895207375, 12.06953681102246], [92.77247850404314, 12.069608838388389], [92.77252805691083, 12.069680866613425], [92.77257760888023, 12.069752893940615], [92.77262716174795, 12.069824921248493], [92.7726767137173, 12.069896948536972], [92.77272626658502, 12.069968976684567], [92.77277581855442, 12.070041003934318], [92.77282537052378, 12.070113031164743], [92.7728749233915, 12.070185059254248], [92.7729244753609, 12.07025708644591], [92.77297402822859, 12.07032911361822], [92.77302358019797, 12.070401140771192], [92.77307313306567, 12.070473168783245], [92.77312268503506, 12.070545195897466], [92.77317223790278, 12.070617222992324], [92.77322178987214, 12.070689250067844], [92.77327134273986, 12.070761278002456], [92.77332089470926, 12.070833305039212], [92.77328589005755, 12.070911522515786], [92.77325088450756, 12.07098973996955], [92.77321587985591, 12.071067957400437], [92.77318087430591, 12.071146174808502], [92.77314586965424, 12.071224392193718], [92.77311086410425, 12.071302609556124], [92.77307585945255, 12.071380826017249], [92.77304085390256, 12.071459043333956], [92.77300584925091, 12.071537260627878], [92.7729708437009, 12.071615477898938], [92.77293583904924, 12.071693695147147], [92.77290083349925, 12.07177191237252], [92.77286582884754, 12.07185012957506], [92.77294542497164, 12.071879536566838], [92.77302502019735, 12.07190894267693], [92.77310461632143, 12.071938349662208], [92.77318421244549, 12.071967756644307], [92.77326380767124, 12.071997162744717], [92.77334340379532, 12.072026569720325], [92.77325958199617, 12.072038970791041], [92.77317576019699, 12.072051371861146], [92.77309193749952, 12.072063772930678], [92.77300811570034, 12.072076173999651], [92.7729433615414, 12.072105600292486], [92.77286589352624, 12.072140804141766], [92.77278842461278, 12.072176007986426], [92.77271095659762, 12.072211211826446], [92.77263348768416, 12.072246415661844], [92.77255601966901, 12.072281619492587], [92.7724768331767, 12.072317604259464], [92.7723976466844, 12.072353589021493], [92.77231846019212, 12.072389573778686], [92.77223927369981, 12.072425558531046], [92.77216008720755, 12.072461543278584], [92.77208090071524, 12.072497528021275], [92.77200171422294, 12.072533512759144], [92.77192252683233, 12.072569497492179], [92.77184334034001, 12.072605482220366], [92.77176415384774, 12.07264146694373], [92.77168496735544, 12.072677451662262], [92.77160578086315, 12.072713436375947], [92.77152659437085, 12.07274942108481], [92.77144740787854, 12.072785405788837], [92.77136822138627, 12.07282139048803], [92.77143851276062, 12.072831815016588], [92.77150880503326, 12.072842239544752], [92.7715790964076, 12.072852663194064], [92.77166105869415, 12.072864818261456], [92.77174302187899, 12.072876973328265], [92.77182498416552, 12.07288912839455], [92.77190694645203, 12.07290128346025], [92.77198890963687, 12.07291343852543], [92.7720708719234, 12.072925593590037], [92.7721401787442, 12.072964832035805], [92.772209485565, 12.073004070475832], [92.77227879238579, 12.073043308910123], [92.7723480992066, 12.073082547338613], [92.77241740602739, 12.07312178663986], [92.77248671284822, 12.073161025056898], [92.77255601966901, 12.073200263468188], [92.77260502186944, 12.073228006535928], [92.77265402317155, 12.07325574872235], [92.7727303503263, 12.073211966998759], [92.77280667748104, 12.073168184389536], [92.77288300373749, 12.073124402651644], [92.77295933089219, 12.073080620028096], [92.77303565804695, 12.073036838275904], [92.7731119852017, 12.072993055638044], [92.77318831145814, 12.072949273871528], [92.7732646386129, 12.072905492097822], [92.77334096576763, 12.072861710316955], [92.77341729292239, 12.07281792765052], [92.7734936191788, 12.072774145855353], [92.77356994633354, 12.072730363174593], [92.7736462734883, 12.072686581365101], [92.7737188546683, 12.072644571376964], [92.77379143584832, 12.072602560503766], [92.77386401702833, 12.072560550502434], [92.77393659820835, 12.072518539616057], [92.77400917938837, 12.072476529601557], [92.77408176056835, 12.072434518702012], [92.77415434174837, 12.072392508674334], [92.77422692292839, 12.072350497761608], [92.77429950410841, 12.072308487720749], [92.77437208528842, 12.072266476794857], [92.77445219884207, 12.072276548208679], [92.77453231329407, 12.072286619622107], [92.77461242684772, 12.07229669103514], [92.7746925404014, 12.072306762447843], [92.77477265485338, 12.072316833860139], [92.77485276840706, 12.07232690439361], [92.77493288196072, 12.072336975805143], [92.77501299641271, 12.072347047216294], [92.77509310996638, 12.072357117748632], [92.7751272719983, 12.07243396791504], [92.77516143403025, 12.07251081805944], [92.77519559516388, 12.072587668181741], [92.77522975719583, 12.07266451828202], [92.77526391922774, 12.072741368360239], [92.77529808036137, 12.072818218416447], [92.77533224239332, 12.07289506845057], [92.77536640352695, 12.072971918462647], [92.7754005655589, 12.073048768452688], [92.77546648393444, 12.073072841388665], [92.77553240230999, 12.073096914322479], [92.77559832068553, 12.073120987254105], [92.77568205355149, 12.073151565953044], [92.77576578641742, 12.073182144648445], [92.77584951928337, 12.07321272421883], [92.77593325214933, 12.07324330290726], [92.77599110185697, 12.073293945283643], [92.77604895156466, 12.07334458765043], [92.77610680217063, 12.073395230007666], [92.77616465187832, 12.073445872355308], [92.77622250158596, 12.073496514693357], [92.77630133054879, 12.073519963893478], [92.7763836108389, 12.073544439993118], [92.77646589112905, 12.07356891521205], [92.7765497111316, 12.073561598648565], [92.77663353203242, 12.073554281206421], [92.77671735203496, 12.073546964642528], [92.77680117293579, 12.07353964719999], [92.77688499293834, 12.073532329757247], [92.77696881294086, 12.0735250123143], [92.7770526338417, 12.073517694871137], [92.77713645384422, 12.073510377427835], [92.77721682341779, 12.073520799294256], [92.7772971929913, 12.07353122116027], [92.77737756256482, 12.073541643904306], [92.77745793213833, 12.073552065769519], [92.77753830171186, 12.07356248851278], [92.77761867038707, 12.073572910377179], [92.7776990399606, 12.0735833331196], [92.7777794095341, 12.07359375498317], [92.77785977910767, 12.073604177724816], [92.77794014868118, 12.073614599587586], [92.77801017145926, 12.073659821893703], [92.77808019513564, 12.07370504419221], [92.77815021791372, 12.073750265604616], [92.77822024069181, 12.0737954870094], [92.77826384491571, 12.073870080042028], [92.7783074491396, 12.07394467217546], [92.77828560750177, 12.074018113527911], [92.77826376496564, 12.074091555738656], [92.77824192332781, 12.074164997050804], [92.77822008079168, 12.074238438342814], [92.77817938531268, 12.074262705307563], [92.77813868893537, 12.07428697314858], [92.77806860417354, 12.07432876502556], [92.77799851941171, 12.07437055689603], [92.77792843554819, 12.074412348759973], [92.77785835078635, 12.07445414149582], [92.77778826602449, 12.074495933346723], [92.77772394754848, 12.074549246825912], [92.77765962997077, 12.074602560294492], [92.77759531149476, 12.074655874630919], [92.77753099391704, 12.074709188078266], [92.77746667544099, 12.074762502393446], [92.77752950091703, 12.074751282072894], [92.77759232639306, 12.074740061751909], [92.77766196109894, 12.074727625668617], [92.77773159670313, 12.074715188706348], [92.777801231409, 12.074702752621935], [92.77787086611488, 12.074690316536927], [92.77792366279908, 12.074746832771629], [92.77797645948326, 12.074803348994411], [92.77802925526913, 12.074859864326843], [92.77808205195335, 12.07491638052577], [92.77811723806472, 12.074986451038475], [92.77815242327777, 12.075056520654389], [92.77818760938911, 12.075126591130427], [92.77822279460216, 12.07519666158812], [92.77825797981521, 12.075266731149073], [92.77829316592658, 12.075336801570074], [92.77830500123044, 12.075417787447766], [92.77831683653433, 12.075498773300954], [92.7783286718382, 12.075579759129663], [92.77834050714205, 12.075660744933845], [92.77835234244591, 12.075741730713586], [92.7783641777498, 12.075822716468801], [92.77837601305366, 12.075903702199563], [92.77838784835751, 12.075984687905796], [92.77839968455972, 12.076065673587577], [92.77841151986357, 12.076146659244829], [92.77842335606576, 12.076227644877617], [92.77843519136961, 12.07630863048589], [92.77844496054834, 12.076346830125539], [92.77846572959771, 12.076428038820282], [92.77848649864707, 12.076509247490435], [92.77850726769647, 12.076590456135905], [92.77852803674583, 12.076671663878328], [92.77854880579518, 12.07675287247455], [92.77856957484454, 12.076834081046169], [92.77859034389394, 12.076915289593144], [92.7786111129433, 12.076996498115527], [92.77863188199265, 12.077077706613254], [92.77865265104204, 12.077158914207908], [92.7786734200914, 12.077240122656375], [92.77869418824247, 12.077321331080226], [92.77871495729183, 12.077402539479431], [92.77875504101812, 12.077477583021281], [92.7787951247444, 12.077552626542111], [92.77883520847068, 12.077627670041888], [92.778875292197, 12.077702714399052], [92.77891537592329, 12.077777757856769], [92.77895545964957, 12.077852801293455], [92.77899554337586, 12.0779278447091], [92.77903562710219, 12.078002888103725], [92.77907571082847, 12.078077931477349], [92.77911579455476, 12.078152974829903], [92.77915587828103, 12.078228018161427], [92.77919596290565, 12.07830306235034], [92.77923604663194, 12.078378105639793], [92.77927613035821, 12.078453148908228], [92.77931621408455, 12.078528192155622], [92.77937715309844, 12.078585326872082], [92.77943809211237, 12.078642461576354], [92.77949903202465, 12.078699597146883], [92.77955997103858, 12.078756731826756], [92.77962091005247, 12.078813866494453], [92.7796818490664, 12.078871001149924], [92.77974278808033, 12.078928135793245], [92.77980372709426, 12.078985270424365], [92.77986466700654, 12.079042405921715], [92.77992560602043, 12.07909954052846], [92.77998654503436, 12.079156675123004], [92.78004278585938, 12.079217994526212], [92.78009902668435, 12.07927931391539], [92.78015526750934, 12.079340632412062], [92.78021150833435, 12.079401951773187], [92.78026774915934, 12.079463271120213], [92.78032398998434, 12.07952459045321], [92.78038023080933, 12.079585909772158], [92.78043647163432, 12.079647229077048], [92.780492711561, 12.079708547489515], [92.78054895238597, 12.079769866766316], [92.78060519321099, 12.079831186029097], [92.78066143403596, 12.079892505277819], [92.78071767486098, 12.079953824512497], [92.78077391568596, 12.080015142854736], [92.78083015651094, 12.080076462061323], [92.78088639733595, 12.080137781253864], [92.78094379069945, 12.080187518429497], [92.78100118406297, 12.080237256474314], [92.78105857742646, 12.080286993631438], [92.78111597078995, 12.080336730779349], [92.78117200500242, 12.080279535825486], [92.78122803921491, 12.080222340859407], [92.78128407342739, 12.08016514588113], [92.78134010853817, 12.080107950012207], [92.78139614275065, 12.080050755009465], [92.78145217696313, 12.079993559994547], [92.78151080371353, 12.079933718277298], [92.78156943136223, 12.079873875668286], [92.78162805901093, 12.079814033924333], [92.78167525200439, 12.079765863787863], [92.78172244499784, 12.079717692764312], [92.78174710734564, 12.07963880762164], [92.78177176879512, 12.0795599224557], [92.78179643114295, 12.079481037266554], [92.78182109259242, 12.079402152054127], [92.78184575494025, 12.079323266818482], [92.78187041728806, 12.079244380681123], [92.78189507873758, 12.079165495399018], [92.78191974108537, 12.079086610093615], [92.78194440253486, 12.07900772476501], [92.78196906488269, 12.07892883941312], [92.78199372723049, 12.078849954038027], [92.78199222434901, 12.078770603951618], [92.78199072056924, 12.078691253841699], [92.78198921768777, 12.078611903708218], [92.78198771390795, 12.078532553551264], [92.78198621102652, 12.07845320424923], [92.78198470724669, 12.078373854045244], [92.78198320436526, 12.078294503817707], [92.78198170058545, 12.078215153566685], [92.78198019770397, 12.078135803292152], [92.78197052913659, 12.078057957744148], [92.78196085967086, 12.077980111295066], [92.78195119020513, 12.077902265701768], [92.78194152163775, 12.077824420085864], [92.78193185217201, 12.07774657356887], [92.78192218360462, 12.0776687279077], [92.78191251503722, 12.077590882223884], [92.7819028464698, 12.077513035639006], [92.78189317790242, 12.07743518990995], [92.78185645746856, 12.077371899775647], [92.781819737933, 12.077308609626385], [92.78178301749911, 12.077245318583703], [92.78174629706527, 12.077182028404568], [92.78170957663137, 12.077118738210421], [92.78163967871913, 12.077076027927982], [92.78156978080688, 12.07703331851718], [92.78149988289462, 12.076990608221116], [92.78142998498237, 12.076947897918282], [92.78136008796842, 12.07690518848705], [92.78129019005615, 12.076862478170552], [92.7812202921439, 12.076819768725693], [92.78115039423166, 12.076777058395573], [92.7810804963194, 12.076734348058682], [92.78101886021278, 12.07667831889593], [92.78095722320792, 12.076622288843003], [92.78089558710128, 12.076566258778398], [92.78084174657477, 12.076517315913522], [92.78082136469929, 12.07643193380117], [92.78080098192547, 12.076346550783134], [92.78078059915167, 12.076261168616341], [92.7807602172762, 12.076175786422285], [92.78073983450238, 12.076090403322624], [92.78071945262691, 12.07600502107413], [92.78069907075142, 12.075919638798435], [92.78067868797766, 12.075834255617085], [92.78065830610214, 12.075748873286953], [92.7806655501166, 12.075672682899743], [92.78067279413106, 12.075596492490854], [92.78068003814552, 12.075520302060301], [92.78068728215996, 12.075444110729611], [92.78069452617441, 12.0753679202557], [92.78070177018887, 12.075291729760123], [92.78070901420334, 12.075215539242866], [92.78073353731226, 12.07513418875173], [92.78075806131953, 12.0750528382359], [92.78078258532678, 12.07497148681692], [92.78080710843571, 12.074890136251664], [92.78083163244297, 12.074808785661702], [92.7808561555519, 12.074727435047022], [92.78088067955916, 12.074646083529215], [92.7809052026681, 12.07456473286512], [92.78092972577706, 12.07448338217632], [92.7809423785478, 12.074409257523854], [92.7809550313186, 12.07433513285087], [92.78096768408938, 12.074261008157375], [92.78098033686017, 12.074186882564955], [92.78099298963095, 12.074112757830433], [92.7810056424017, 12.074038633075414], [92.7810200298193, 12.073954344713005], [92.78103441813522, 12.073870056324045], [92.7810488055528, 12.073785767908598], [92.78106319297038, 12.073701479466624], [92.78110914628873, 12.073626463855364], [92.78115510050542, 12.073551447344629], [92.78120105382376, 12.073476431691347], [92.78124700804045, 12.073401415138592], [92.78129296225714, 12.073326399443301], [92.78133891647379, 12.073251382848563], [92.78138486979218, 12.07317636711125], [92.78143082400882, 12.073101350474465], [92.78147677732719, 12.073026334695143], [92.78152273154386, 12.072951318016349], [92.78155387523645, 12.072878146054576], [92.78158501982738, 12.072804973194334], [92.78161616441824, 12.07273180119256], [92.78164730811085, 12.072658629170801], [92.78167845180342, 12.072585457129094], [92.78170959639431, 12.072512284188905], [92.78174074008692, 12.072439112107187], [92.78177188377948, 12.072365940005518], [92.78180302837039, 12.072292767005358], [92.78183417206296, 12.072219594863679], [92.78185541721945, 12.072169679639984], [92.78187666237591, 12.072119764406974], [92.78193409257034, 12.072059667058458], [92.78199152186646, 12.07199957057491], [92.78204895206089, 12.071939473199448], [92.782106381357, 12.071879376688955], [92.78216381155143, 12.071819279286533], [92.78222124174587, 12.071759181870588], [92.78227867194028, 12.071699084441196], [92.7823361021347, 12.071638987876787], [92.78239353232914, 12.071578891298854], [92.78245096252358, 12.071518793829028], [92.782533642564, 12.071487180128196], [92.78261632260445, 12.07145556554518], [92.78269900174658, 12.071423951836893], [92.782781681787, 12.071392338124864], [92.78286436182745, 12.071360724409109], [92.78294704186787, 12.07132911068964], [92.78302972100998, 12.071297496966428], [92.7831124010504, 12.071265883239489], [92.78319711218174, 12.071262394028324], [92.78328182331303, 12.071258903938652], [92.78336653444433, 12.071255414727384], [92.7834512455756, 12.071251924637611], [92.7835359576052, 12.071248434547822], [92.7836206687365, 12.071244945336442], [92.7837053798678, 12.071241455246527], [92.78379009099909, 12.071237966035044], [92.78387480213038, 12.07123447682351], [92.7839566997382, 12.071252581719737], [92.78403859734601, 12.071270686614705], [92.78412049405553, 12.071288790630046], [92.78420239166334, 12.071306895522572], [92.78428428927116, 12.071325000413902], [92.784366186879, 12.071343104425566], [92.78444808358849, 12.071361208435984], [92.78452998119633, 12.071379313323638], [92.78461187880414, 12.071397418210044], [92.78469377641196, 12.071415522216823], [92.78477567312147, 12.071433626222355], [92.78485757072929, 12.071451731105109], [92.78492631700138, 12.071493740401845], [92.78499506417174, 12.07153574969203], [92.78506381044382, 12.071577758097169], [92.78513255671585, 12.071619767374173], [92.78520130388625, 12.071661776644588], [92.7852700501583, 12.071703785908387], [92.78533879643037, 12.071745794287164], [92.78540754360074, 12.071787803537832], [92.78547628987282, 12.0718298127819], [92.78554804819602, 12.071873662372052], [92.78561980562094, 12.07191751107656], [92.78567903064928, 12.071980807770439], [92.78573825567764, 12.072044103570924], [92.78579748160435, 12.072107400234891], [92.78585670663271, 12.072170696883912], [92.78591593166107, 12.072233993517969], [92.78597515668943, 12.072297289258636], [92.7860343817178, 12.072360585862784], [92.7860936076445, 12.072423882451982], [92.78615283267283, 12.07248717814779], [92.78621205770122, 12.072550474707066], [92.78627582550997, 12.072611763998793], [92.78633959331873, 12.072673053276475], [92.78640336112748, 12.072734341661693], [92.78646712893625, 12.072795630911362], [92.786530896745, 12.07285692014697], [92.78659466455376, 12.072918209368598], [92.78665843236253, 12.072979497697723], [92.7867222001713, 12.07304078689126], [92.78678596798005, 12.073102076070816], [92.78684887071117, 12.073155429357485], [92.78691177434065, 12.073208782633555], [92.78697467797011, 12.073262135898954], [92.78703758070122, 12.07331548915378], [92.78710048343238, 12.073368842397931], [92.7871633861635, 12.073422195631485], [92.78722628979295, 12.073475549732846], [92.78728919252411, 12.073528902945167], [92.78735209615357, 12.07358225702527], [92.78741499888471, 12.073635610216295], [92.7874354750833, 12.073662652240586], [92.78748705724523, 12.073730772935882], [92.78753863850882, 12.073798893613851], [92.78759022067075, 12.073867014274505], [92.78764180283268, 12.073935134917845], [92.78769338409629, 12.074003255543829], [92.78774496625823, 12.074071376152526], [92.78779654842016, 12.074139496743882], [92.78784813058209, 12.074207617317885], [92.78789971274402, 12.074275737874611], [92.78795129490595, 12.074343858413997], [92.78800287616956, 12.074411978936029], [92.7880544583315, 12.074480099440771], [92.78810604049343, 12.074548220806617], [92.78815762175704, 12.074616341276705], [92.78820920302067, 12.07468446172944], [92.78822649918314, 12.074727055560666], [92.78824379534562, 12.074769649385123], [92.78827556696056, 12.074847888551808], [92.78830733857554, 12.074926128574063], [92.78833910929222, 12.07500436769501], [92.78837088000887, 12.075082606793123], [92.78840265162384, 12.07516084586836], [92.78843442323878, 12.075239085799193], [92.78846619395547, 12.07531732482872], [92.78847533970335, 12.075394861084678], [92.78848551941215, 12.0754811676446], [92.78849569912096, 12.0755674741767], [92.78850587882977, 12.075653780680975], [92.78851605853855, 12.075740087157438], [92.78852623824736, 12.075826392727674], [92.78853641795617, 12.075912699148518], [92.78854659766495, 12.075999005541536], [92.78855677827208, 12.076085311906759], [92.78856695798085, 12.076171618244182], [92.78856487119447, 12.076248238044426], [92.78856278350973, 12.07632485782279], [92.78856069582501, 12.076401477579234], [92.78855860903863, 12.076478097313743], [92.78855652225221, 12.076554717026346], [92.78855443456749, 12.076631336717027], [92.78855259841104, 12.076698738098127], [92.78855048198025, 12.07677642943694], [92.78854836554943, 12.076854119874765], [92.78855706393632, 12.076940904710547], [92.78856576232323, 12.077027689518237], [92.78857446071011, 12.077114474297762], [92.788583159097, 12.077201259049207], [92.78859185748391, 12.07728804465093], [92.7886005558708, 12.077374829346093], [92.7886092533594, 12.07746161401314], [92.78861795174629, 12.07754839865207], [92.78862664923489, 12.077635183262847], [92.78863534762178, 12.077721967845532], [92.78864603757364, 12.077804836356895], [92.7886567266272, 12.077887704842624], [92.7886674165791, 12.077970573302691], [92.78864381783657, 12.078011668888418], [92.78862021909407, 12.078052764467838], [92.78857687358499, 12.078128248799045], [92.7885335280759, 12.078203733108953], [92.7884901816685, 12.078279217397592], [92.78844683615938, 12.078354701664946], [92.78841077419064, 12.078388395552494], [92.78835006065384, 12.078445122708022], [92.78828934801537, 12.07850184897307], [92.78822863447859, 12.078558576104566], [92.78816792094179, 12.078615303224014], [92.78810720830329, 12.078672029453033], [92.78804649476649, 12.078728756548461], [92.7879857812297, 12.078785483631854], [92.78792506769294, 12.078842210703211], [92.78786435505444, 12.07889893688418], [92.78780364151764, 12.078955663931504], [92.78781072383536, 12.079017836332914], [92.78781960547856, 12.079095805459986], [92.78782848712176, 12.079173773685904], [92.787837368765, 12.079251742767518], [92.7878462504082, 12.079329711826475], [92.78785513205143, 12.079407679984278], [92.78786401369464, 12.079485648997778], [92.78787289443954, 12.079563617988581], [92.78788177518442, 12.079641586078258], [92.78789065682766, 12.079719555023681], [92.78792212930362, 12.07974341653819], [92.78799175682299, 12.079796205431983], [92.78806138434234, 12.079848994315343], [92.78813101186171, 12.079901783188323], [92.78820063848273, 12.07995457117244], [92.7882702660021, 12.080007360024593], [92.78833989352145, 12.08006014886634], [92.78840952104082, 12.080112937697667], [92.78842351858955, 12.080114135866532], [92.78850875793024, 12.080121430290443], [92.78859399727092, 12.080128724714125], [92.78867923571327, 12.080136019137642], [92.78876447505395, 12.080143313560955], [92.78884971439464, 12.08015060886247], [92.78893495373532, 12.08015790328535], [92.78902019307601, 12.080165198586508], [92.78910543241669, 12.080172493008995], [92.78919067085904, 12.080179787431303], [92.78927591019972, 12.080187082731838], [92.78936114954041, 12.080194378032157], [92.78944638888109, 12.080201672453892], [92.78953162822178, 12.080208967753817], [92.78961686666413, 12.080216262175146], [92.78970210600481, 12.080223557474676], [92.78978734534549, 12.08023085189561], [92.78986681390879, 12.080216909572586], [92.78994628157376, 12.080202968127292], [92.79002575013705, 12.080189025802818], [92.79010521870035, 12.08017508347763], [92.79018468636535, 12.080161141151757], [92.79026415492864, 12.080147198825106], [92.7903017745761, 12.08014059835594], [92.79033966102321, 12.080061161688164], [92.79037754747031, 12.079981725875236], [92.79041543481574, 12.079902289160312], [92.79045332126283, 12.079822853300273], [92.79049120770995, 12.07974341653819], [92.7905286683556, 12.079664873110191], [92.79056612810297, 12.079586330537559], [92.79060048147606, 12.079514301462577], [92.79063483574747, 12.079442271489812], [92.79066919001887, 12.07937024237608], [92.79070354429031, 12.079298212364526], [92.79073789766339, 12.07922618321204], [92.7907722519348, 12.079154153161722], [92.79080079500464, 12.079094307743198], [92.79082933717615, 12.079034462311265], [92.790857880246, 12.078974616865947], [92.7909405530999, 12.078968613698054], [92.79102322685213, 12.07896260965155], [92.79110589970604, 12.078956605604958], [92.79118857255996, 12.078950602436668], [92.79127124541387, 12.078944599268201], [92.7913539191661, 12.078938595221201], [92.79143659202, 12.078932591174063], [92.79151926487393, 12.078926588005189], [92.79160193772783, 12.078920584836187], [92.79168461148006, 12.07891458078864], [92.79176728433399, 12.07890857761941], [92.79184995718789, 12.078902574450002], [92.79187902038228, 12.078981304328096], [92.79190808357667, 12.079060034183033], [92.79193714677103, 12.07913876401483], [92.79196620996542, 12.07921749382346], [92.79199527405815, 12.07929622360895], [92.79202433815085, 12.079374954249689], [92.79205340134524, 12.07945368398888], [92.79208246453963, 12.079532413704918], [92.79211152863233, 12.079611143397802], [92.79214059182672, 12.079689873067531], [92.79216965591941, 12.079768602714104], [92.7921987191138, 12.079847332337526], [92.79223502093274, 12.079923770130744], [92.79227132275169, 12.080000207902172], [92.79230762457065, 12.08007664565173], [92.79234392638959, 12.08015308337952], [92.79238022820853, 12.080229521085426], [92.79241652912917, 12.080305957891124], [92.79245283094811, 12.08038239555342], [92.79248913276705, 12.080458833193871], [92.792525434586, 12.080535270812517], [92.79256173640496, 12.080611708409306], [92.7925980382239, 12.080688145984315], [92.79259407755178, 12.080766275375897], [92.79259011687972, 12.080844403866289], [92.79258615620762, 12.080922533212275], [92.79258219553554, 12.08100066165706], [92.79257823396516, 12.081078790957449], [92.79257427329306, 12.081156919356623], [92.79257031172266, 12.081235048611404], [92.7925730408045, 12.081322735920276], [92.79257576898802, 12.081410423200447], [92.79257849806983, 12.081498110451879], [92.79258122625336, 12.081585797674597], [92.79258395533519, 12.081673484868588], [92.79258668351872, 12.08176117115542], [92.79258941260053, 12.08184885829196], [92.79259214078405, 12.081936545399769], [92.7925948698659, 12.082024232478865], [92.79259759804943, 12.082111919529222], [92.79258175446274, 12.082187810300994], [92.79256591087606, 12.08226370192967], [92.79255006818774, 12.082339592658412], [92.79253422460104, 12.082415483365619], [92.79251838101437, 12.082491374929754], [92.79250253832603, 12.082567265593934], [92.79248516131518, 12.082650505931692], [92.79246778430432, 12.08273374536517], [92.79245040639515, 12.082816985651162], [92.79241076014841, 12.082895511464447], [92.79237111390164, 12.08297403725468], [92.7923314685532, 12.083052562143454], [92.79229182230648, 12.083131087887619], [92.7922521760597, 12.083209613608744], [92.79221252981297, 12.083288139306829], [92.79217288356621, 12.083366664981876], [92.79213323821779, 12.08344518975545], [92.79209359286935, 12.083523715384414], [92.79205394662262, 12.083602240990341], [92.79201801221463, 12.083673415149603], [92.7919820769083, 12.083744590168328], [92.7919461425003, 12.083815764289728], [92.79191020809232, 12.083886939270602], [92.79187427368431, 12.083958113354143], [92.791838338378, 12.084029288297156], [92.79180240397, 12.084100462342835], [92.79175829040135, 12.084169153105588], [92.79171417683271, 12.084237843850746], [92.79167006416233, 12.08430653369984], [92.79162595059371, 12.084375224409692], [92.79158183702505, 12.084443915101925], [92.79160215422183, 12.084518176643162], [92.79162247052028, 12.084592437285355], [92.79164278771707, 12.084666698785384], [92.79166310491387, 12.084740960264764], [92.79168342121233, 12.084815221723558], [92.79170373751077, 12.084889482283325], [92.79172405470756, 12.084963743700888], [92.79170208461065, 12.085045598045866], [92.79168011451377, 12.085127453244187], [92.79165814531515, 12.085209307539102], [92.79163617521827, 12.085291161808968], [92.79161420512136, 12.085373016932177], [92.79159223592278, 12.085454871151954], [92.79157026582587, 12.085536725346683], [92.79154829572896, 12.085618580394806], [92.79152632653037, 12.085700434539472], [92.79149284092983, 12.085772743917515], [92.7914593553293, 12.085845053276016], [92.79142586972878, 12.085917362614975], [92.79139238412826, 12.085989671934392], [92.79135889852772, 12.086061981234307], [92.7913254138255, 12.086134290514643], [92.79129192822496, 12.08620659977545], [92.79131659057279, 12.086285705218298], [92.7913412529206, 12.086364810637727], [92.7913659152684, 12.086443916033797], [92.79139057761623, 12.086523022284878], [92.79141523996404, 12.086602127634169], [92.79143990231182, 12.086681232960062], [92.79146456465962, 12.086760338262586], [92.79148922700745, 12.086839443541688], [92.79152411397982, 12.086902732315846], [92.7915590000539, 12.086966021075003], [92.79159388612794, 12.087029308940807], [92.79162877310033, 12.087092597670054], [92.7916636600727, 12.087155886384302], [92.79174599246511, 12.087170640865628], [92.79182832575584, 12.087185396224495], [92.79191065814825, 12.087200150704193], [92.79199299054069, 12.087214905183052], [92.79207532383144, 12.087229660539514], [92.79215765622384, 12.087244415016768], [92.79223998861626, 12.087259169493183], [92.792322321907, 12.087273924847203], [92.7924046542994, 12.087288679322016], [92.79246357749386, 12.087299239439146], [92.7925225006883, 12.08730979867749], [92.79260383145919, 12.087283233245792], [92.79268516312835, 12.087256666933081], [92.79276649389924, 12.087230101496106], [92.7928478246701, 12.08720353605652], [92.79292915544099, 12.087176970614264], [92.79301048711021, 12.087150405169412], [92.79309181788108, 12.087123839721889], [92.79317314865196, 12.087097274271718], [92.79325448032112, 12.087070707940535], [92.793335811092, 12.087044142485137], [92.79341714186289, 12.087017577027053], [92.79349847353211, 12.086991010687958], [92.79357980430298, 12.086964445224607], [92.79366113507386, 12.086937879758649], [92.79374246584474, 12.08691131429002], [92.79382379751391, 12.086884748818782], [92.79390512828479, 12.086858183344885], [92.79397403715191, 12.086810743549023], [92.79404294691736, 12.08676330286632], [92.79411185578451, 12.086715862175208], [92.79418076465161, 12.086668422354103], [92.79424967441706, 12.086620981646172], [92.79431858328421, 12.086573540929857], [92.79438749215133, 12.086526100205095], [92.79445640101846, 12.086478659471936], [92.79452530988559, 12.086431218730354], [92.79459421875269, 12.086383777980362], [92.79466312761986, 12.086336337222], [92.79473203648696, 12.086288896455178], [92.79480094535411, 12.086241455679959], [92.79486985422123, 12.086194014896318], [92.794947939379, 12.08617789356607], [92.79502602543506, 12.086161771356412], [92.79510411059283, 12.0861456491458], [92.7951821957506, 12.086129527812627], [92.79526028090832, 12.086113406478448], [92.79533836696442, 12.086097284264909], [92.79541645212215, 12.086081162050405], [92.7954965117769, 12.086043732402892], [92.79557657232999, 12.0860063027501], [92.79565663198474, 12.085968873092103], [92.79573669163949, 12.08593144342884], [92.79581675129424, 12.085894013760374], [92.79589681184729, 12.08585658408664], [92.79597687150205, 12.085819154407703], [92.79604116033369, 12.085862110126653], [92.79610545006364, 12.08590506671715], [92.79616973889523, 12.085948022422345], [92.79623402772685, 12.085990978120645], [92.79627534394172, 12.086062177996663], [92.79631665925825, 12.086133377853752], [92.79635797457483, 12.086204576813502], [92.79639929078967, 12.086275776632691], [92.79641304669161, 12.08635412575058], [92.79642680259357, 12.086432473967097], [92.79644055849553, 12.086510823039097], [92.79640340956526, 12.0865853923257], [92.79636626063498, 12.086659960713112], [92.79632911170476, 12.08673452995814], [92.79629196277449, 12.086809098304025], [92.79625481384423, 12.086883667507504], [92.79621766491395, 12.086958236690194], [92.79618051688202, 12.087032804973727], [92.79614336795174, 12.087107374114852], [92.79610621902151, 12.087181942356786], [92.79606907009124, 12.087256511456347], [92.79603192116097, 12.087331079656755], [92.7959947722307, 12.087405648714753], [92.79594525529563, 12.087474189301243], [92.79589573925887, 12.08754272899182], [92.7958460426607, 12.087611518129957], [92.79579634606253, 12.087680307250396], [92.79574664946442, 12.08774909635314], [92.7957448914614, 12.087765482864869], [92.79573597298725, 12.087848627597152], [92.79572705451314, 12.087931772303545], [92.79571813603899, 12.088014917862557], [92.79570921756483, 12.088098062517272], [92.79570029819237, 12.088181207146187], [92.79569137971824, 12.088264351749263], [92.79568730136684, 12.08835022901612], [92.79568322301544, 12.088436107133827], [92.79567914466406, 12.088521984345558], [92.79567506631268, 12.08860786152972], [92.79567098796129, 12.088693738686315], [92.7956669096099, 12.088779616693756], [92.79566283125851, 12.088865493795213], [92.79565875290712, 12.088951370869111], [92.79565467455573, 12.089037248793835], [92.79565059620434, 12.089123125812595], [92.79564651785294, 12.089209002803774], [92.79564243950156, 12.089294880645802], [92.79563836115017, 12.089380757581843], [92.79563428369708, 12.089466634490329], [92.79563020534569, 12.089552511371231], [92.7956261269943, 12.089638389102983], [92.79562204954124, 12.089724265928748], [92.7956339674901, 12.089804723932183], [92.79564588543899, 12.08988518103304], [92.79565780338785, 12.089965638988065], [92.79566972043843, 12.090046096040528], [92.79568163838731, 12.090126553947158], [92.79570690440298, 12.090164301879051], [92.79573217041867, 12.090202048927207], [92.79577347405711, 12.090263756682935], [92.79581477769555, 12.09032546442444], [92.79586528816735, 12.090371807367257], [92.79591579774086, 12.090418149423664], [92.79596630821261, 12.090464492350426], [92.79601681778611, 12.090510834390779], [92.79609751254978, 12.090548952070053], [92.7961782073134, 12.090587068865501], [92.79625890207707, 12.090625186533948], [92.79633959773903, 12.090663304196912], [92.7964202925027, 12.090701421854456], [92.79650098726638, 12.090739538628188], [92.79658168203001, 12.090777656274856], [92.79666435398562, 12.090789542619984], [92.7967470250429, 12.090801428964575], [92.79682969699851, 12.090813315308646], [92.79691236805579, 12.090825201652184], [92.79699504001138, 12.090837087995236], [92.79707771106865, 12.090848974337717], [92.79716038302428, 12.090860860679664], [92.79724305408155, 12.090872746142695], [92.79730635746131, 12.090867792036514], [92.79736966173937, 12.090862837930258], [92.79743296511913, 12.0908578838239], [92.79751716510904, 12.090851295037965], [92.79760136599724, 12.090844705373497], [92.79768556598712, 12.090838115708863], [92.79776976597702, 12.090831526044065], [92.79785396596694, 12.090824936379102], [92.79793816685513, 12.090818346713984], [92.79802236684505, 12.090811757048703], [92.79810656683493, 12.09080516738323], [92.79818752929651, 12.090771288840719], [92.79826849085983, 12.090737410293933], [92.79834945332144, 12.090703530864452], [92.79843041578306, 12.090669652309078], [92.79851137734637, 12.090635773749405], [92.79859233980798, 12.090601895185431], [92.79867330137128, 12.090568016617182], [92.79875426383288, 12.090534138044646], [92.79883169411879, 12.090516723987605], [92.798909125303, 12.090499309051063], [92.79898655558893, 12.09048189411339], [92.79906398587482, 12.090464480053], [92.79914141616075, 12.09044706599143], [92.799218847345, 12.09042965105036], [92.79929627763092, 12.090412236108158], [92.79937894868819, 12.09042732331932], [92.79946161884715, 12.09044240965126], [92.79954428990442, 12.090457496860717], [92.7996269600634, 12.090472583190953], [92.79970963112069, 12.090487670398717], [92.79979230127964, 12.090502756727263], [92.799863156796, 12.090533122627273], [92.79993401231235, 12.090563488523859], [92.80000486782872, 12.090593854416985], [92.80007572334505, 12.090624219428271], [92.8001465788614, 12.090654585314503], [92.80021743437776, 12.090684950318906], [92.80028828989413, 12.09071531619823], [92.80034247447541, 12.090763241050245], [92.80039665905673, 12.090811165015305], [92.80045084363802, 12.09085908985016], [92.80050502821935, 12.09090701379802], [92.80055921280065, 12.090954938615672], [92.80061718198424, 12.091019361292343], [92.80067515206616, 12.091083784831886], [92.80073312124975, 12.091148207477552], [92.80079109043335, 12.091212630107659], [92.80084906051528, 12.09127705360065], [92.80090702969888, 12.091341476199768], [92.80096499888246, 12.09140589878331], [92.8010229689644, 12.091470322229751], [92.80108093814799, 12.09153474478228], [92.80113890733159, 12.091599167319323], [92.80119687651518, 12.091663589840795], [92.8012548465971, 12.091728013225165], [92.8013128157807, 12.09179243571562], [92.8013707849643, 12.091856858190594], [92.80142875504623, 12.0919212815284], [92.80148672422982, 12.091985703972291], [92.80152988019438, 12.092053964937632], [92.80157303615894, 12.092122226763923], [92.8016161921235, 12.092190487694404], [92.80165934808805, 12.092258748607444], [92.80170250495094, 12.092327010381497], [92.8017456609155, 12.09239527125969], [92.80178881688006, 12.092463532120492], [92.80183197284465, 12.092531792963864], [92.80187512880921, 12.092600054668187], [92.80191828477378, 12.092668315476688], [92.80192803239291, 12.092726380893637], [92.80193777911376, 12.092784446297978], [92.80195210814085, 12.09286980650393], [92.80196643716796, 12.092955167561014], [92.80198076619506, 12.093040527712477], [92.80199509522213, 12.0931258878367], [92.80200942424922, 12.093211248812068], [92.80202375327632, 12.093296608881765], [92.80201595679799, 12.093380747098534], [92.80200816031964, 12.093464885288826], [92.8020003647396, 12.093549023452645], [92.80199256915955, 12.093633160711647], [92.80198477268122, 12.093717298822515], [92.80197697620287, 12.093801436906908], [92.80196918062282, 12.093885574964816], [92.80196138414449, 12.093969712996271], [92.80195358856444, 12.09405385100124], [92.80194579298438, 12.09413798810139], [92.80193799650606, 12.094222126053424], [92.80193020092601, 12.09430626397898], [92.80192240444767, 12.094390401878023], [92.80190532208422, 12.094469819359139], [92.80188823972078, 12.094549236816668], [92.80187115825565, 12.094628654250597], [92.80185407679055, 12.09470807078256], [92.80183699442708, 12.094787488169326], [92.80181991296196, 12.094866905532507], [92.80180283059852, 12.094946322872088], [92.80177331914481, 12.09502680302058], [92.8017438076911, 12.095107282266493], [92.80171429623738, 12.09518776236654], [92.8016884490117, 12.095258250068937], [92.80166260178602, 12.095328738631126], [92.80163675456036, 12.09539922629635], [92.80161090733468, 12.095469713942997], [92.8015850592107, 12.09554020244945], [92.80155921198505, 12.095610690058951], [92.80151553050601, 12.095655075951651], [92.80147184812868, 12.095699461836972], [92.80141120825375, 12.095761078730272], [92.80135056837882, 12.095822695609412], [92.80128992940219, 12.09588431159596], [92.80122928952726, 12.095945928446666], [92.80116864965231, 12.096007545283172], [92.8011080097774, 12.096069162105469], [92.80104736990246, 12.096130778913606], [92.80098673092583, 12.096192394829114], [92.80092609105088, 12.096254011608842], [92.80086545117595, 12.096315628374345], [92.80079883480943, 12.096372336796673], [92.80073221754458, 12.096429045206953], [92.80066560117805, 12.096485753605199], [92.80059898481153, 12.096542461991458], [92.80053236754668, 12.096599171244026], [92.80046575118016, 12.09665587960619], [92.80039913481365, 12.096712587956358], [92.80033251754882, 12.096769296294465], [92.80026590118229, 12.096826004620574], [92.80019928481578, 12.096882712934612], [92.80013266755091, 12.096939421236662], [92.8000660511844, 12.096996129526655], [92.79999943391954, 12.097052837804636], [92.79993281755301, 12.097109546070557], [92.79986620028819, 12.097166254324494], [92.79979958392168, 12.097222962566356], [92.79973296755513, 12.097279670796222], [92.79966635118859, 12.097336379014042], [92.79959973392377, 12.097393088098192], [92.79953311755726, 12.097449796291977], [92.79946617600059, 12.097492396161536], [92.79939923534225, 12.097534995145923], [92.79933229378561, 12.097577595001908], [92.79926535312727, 12.097620193972745], [92.7991984115706, 12.097662793815141], [92.79913147091226, 12.09770539277238], [92.79906452935559, 12.097747992601228], [92.79898567613826, 12.09776153259776], [92.79890682292094, 12.097775072593608], [92.79882796970362, 12.097788612588792], [92.7987491164863, 12.097802152583265], [92.79867026326896, 12.097815692577088], [92.79859141005164, 12.097829232570188], [92.79850965527596, 12.097816104530189], [92.79842790050026, 12.097802975611126], [92.79834614662289, 12.09778984756983], [92.79826439184721, 12.097776718649506], [92.79818263707149, 12.097763590606888], [92.79810088229583, 12.097750461685292], [92.7980191275201, 12.097737332763034], [92.79793737364274, 12.097724204718519], [92.79785561886706, 12.097711076673319], [92.79777386409135, 12.09769794774914], [92.79769061990892, 12.09767476154219], [92.79760737572649, 12.097651576211572], [92.79752413154407, 12.097628390000603], [92.79744088736163, 12.097605204665964], [92.79735764228087, 12.09758201845096], [92.79727439809844, 12.097558832233961], [92.79719115391602, 12.097535646014938], [92.79710790973358, 12.09751245979388], [92.79702798931768, 12.097511535753053], [92.79694806800347, 12.097510610833885], [92.7968681475876, 12.097509686793058], [92.7967882262734, 12.097508761873838], [92.79670830585755, 12.097507836954657], [92.7966520273033, 12.097548501775371], [92.79659574964738, 12.097589165711549], [92.79653947109313, 12.097629830519898], [92.7964831925389, 12.09767049532205], [92.79643173344617, 12.09772381648111], [92.79638027435344, 12.097777137629572], [92.79632881436238, 12.097830459645753], [92.79627735526965, 12.097883780772943], [92.79622589617692, 12.097937101889498], [92.79620407520032, 12.098015745356564], [92.79618194161004, 12.098095515741404], [92.79615980801975, 12.098175286102428], [92.7961376753278, 12.09825505556127], [92.79611554173752, 12.098334825874685], [92.79614767447522, 12.098401729026794], [92.79617980721294, 12.098468632162133], [92.79621193995065, 12.098535535280782], [92.79624407179007, 12.098602438382636], [92.79627620452777, 12.09866934146775], [92.79634815059887, 12.098717572320778], [92.79642009577168, 12.098765803165092], [92.79649204184278, 12.098814034000718], [92.79656398791388, 12.098862264827627], [92.79663593398499, 12.098910495645836], [92.79670788005608, 12.098958726455317], [92.79677982522885, 12.09900695725612], [92.79685177040166, 12.099055188048224], [92.79692371647276, 12.099103419710003], [92.79697881464074, 12.099171232651038], [92.79703391280867, 12.099239045574897], [92.79708901187493, 12.099306859359897], [92.79714411004288, 12.099374672249306], [92.79719920821084, 12.09944248512155], [92.79725430637879, 12.099510297976558], [92.797282500004, 12.099584561482905], [92.79731069362917, 12.099658824090211], [92.79733888725437, 12.099733087555286], [92.79736708087957, 12.09980735012136], [92.79739527450474, 12.099881613545127], [92.79742346812995, 12.09995587606993], [92.79745166175515, 12.10003013945244], [92.7974093591901, 12.100085974877887], [92.79736705662505, 12.100141811170023], [92.79732475406, 12.100197646572163], [92.79728029194503, 12.100256333108758], [92.79723582983002, 12.100315019632427], [92.79719136771504, 12.100373706143248], [92.79714690560004, 12.100432392641194], [92.79710244348507, 12.10049107912624], [92.79703755008725, 12.100538521765301], [92.79697265758776, 12.100585963517599], [92.79690776418994, 12.100633406139844], [92.79684287079215, 12.100680847875259], [92.79677797739433, 12.10072829048067], [92.79671308489483, 12.100775732199281], [92.79664819149704, 12.100823174787797], [92.79658329809922, 12.100870616489562], [92.79652160270382, 12.100922256717903], [92.79645990641012, 12.100973896936269], [92.79639821101472, 12.101025537144661], [92.7963365156193, 12.101077176464699], [92.79627482022391, 12.101128816653118], [92.79621312393019, 12.101180456831575], [92.79615142853481, 12.101232097000045], [92.79608435402749, 12.101275470974477], [92.79601728041848, 12.101318844063545], [92.79595020591118, 12.101362218023896], [92.79588313230217, 12.10140559109888], [92.79581605779485, 12.10144896504516], [92.79573566756007, 12.101478323109703], [92.79565527732528, 12.101507681170963], [92.7955748861922, 12.101537040107361], [92.79549449595741, 12.101566398162223], [92.79541575413117, 12.10156960590543], [92.79533701230497, 12.101572813648652], [92.79525827047871, 12.10157602139177], [92.79517952775419, 12.101579229134902], [92.79510078592797, 12.101582436877957], [92.79502204410173, 12.101585643742645], [92.79494330227548, 12.101588851485662], [92.79486718802148, 12.101557011209124], [92.79479107286915, 12.101525170928781], [92.79471495861512, 12.10149333152299], [92.79463884346278, 12.101461491235066], [92.79456734026111, 12.101431579806361], [92.79449583616112, 12.101401668374347], [92.79442433295947, 12.101371756938962], [92.7943729097993, 12.101304396908214], [92.79432148574091, 12.101237035982154], [92.79427006258075, 12.101169675917488], [92.79421863852231, 12.101102314957485], [92.79416721446387, 12.101034954858827], [92.79411579130375, 12.100967594743183], [92.79406436724531, 12.10090023373224], [92.7940129440852, 12.10083287358268], [92.79396152002676, 12.100765512537768], [92.7939100959683, 12.100698152354214], [92.79384867994898, 12.100638812418154], [92.79378726392962, 12.100579472468889], [92.79372584791027, 12.100520132506443], [92.7936644309926, 12.1004607916525], [92.79360301497329, 12.100401450785364], [92.79354159895392, 12.100342109905048], [92.7934801829346, 12.100282769889906], [92.79341876691524, 12.100223428983243], [92.79336468833515, 12.100161140297], [92.79331060975504, 12.100098850717888], [92.79325653117493, 12.100036562002613], [92.79320245259484, 12.099974273272823], [92.7931483740147, 12.099911983650149], [92.79309429543461, 12.099849694891326], [92.79304021685451, 12.099787406117962], [92.7929861382744, 12.099725116451765], [92.79293205969431, 12.099662827649356], [92.792857104267, 12.099624000677064], [92.79278214973802, 12.09958517369911], [92.79270719431071, 12.099546345837178], [92.79263223978172, 12.099507518847926], [92.79255728435442, 12.099468691853051], [92.7924823298254, 12.099429864852565], [92.79240737439812, 12.099391037846393], [92.79233241986911, 12.0993522108346], [92.79225746444179, 12.099313382938814], [92.79218250991282, 12.099274555915732], [92.7921075544855, 12.099235728887043], [92.7920503075474, 12.09920607456878], [92.79197737961766, 12.099241649034292], [92.79190445168797, 12.099277222616731], [92.79183152375825, 12.099312797072766], [92.79175859582855, 12.09934837152408], [92.79168566700054, 12.099383945970676], [92.7916127390708, 12.099419519534145], [92.7915398111411, 12.099455093092894], [92.79146688321141, 12.099490667525304], [92.79138384743811, 12.099505942193092], [92.79130081166484, 12.099521216860014], [92.79121777589152, 12.099536491526058], [92.79113474011822, 12.099551766191237], [92.79105170434495, 12.099567040855526], [92.79096866857165, 12.09958231551895], [92.79088563279838, 12.099597590181508], [92.79080259702508, 12.09961286572153], [92.7907195612518, 12.099628140382345], [92.7906365254785, 12.099643415920651], [92.79055348970523, 12.09965869057971], [92.79047045393193, 12.099673966116235], [92.79038741815866, 12.099689240773552], [92.79031108651233, 12.099733027826913], [92.79023475396771, 12.09977681487306], [92.79015842232137, 12.099820601033729], [92.79008209067504, 12.099864387187198], [92.79000575813042, 12.09990817421182], [92.78992942648408, 12.099951960350962], [92.78985309483775, 12.099995747361247], [92.78977676319145, 12.10003953348605], [92.7897004306468, 12.100083320481986], [92.78962409900049, 12.100127106592401], [92.78954776735416, 12.100170893574022], [92.78947143480953, 12.100214680548467], [92.7893951031632, 12.100258466637358], [92.7893309904014, 12.100298214035254], [92.78926687763955, 12.100337961427249], [92.78920276487773, 12.100377708813328], [92.78913865211588, 12.100417457071844], [92.78907453935408, 12.100457204446117], [92.78901042659223, 12.100496951814447], [92.78894462050609, 12.100537748812158], [92.78887881352166, 12.100578546681962], [92.78881300743552, 12.10061934366718], [92.78874720134938, 12.10066014152453], [92.78868139526324, 12.10070093849733], [92.78861558827879, 12.100741736342226], [92.78854978219266, 12.100782533302532], [92.78848545922502, 12.100837657103348], [92.78842113625743, 12.100892781771169], [92.78835681418815, 12.10094790554921], [92.78829249122056, 12.101003030194285], [92.78822816825293, 12.10105815394958], [92.78814273038458, 12.10106942850322], [92.78805729251624, 12.101080703056338], [92.78797185554619, 12.101091977608986], [92.78788641767783, 12.10110325303953], [92.78780097980948, 12.101114528469592], [92.7877155419411, 12.101125803020816], [92.78763010407276, 12.101137078449936], [92.78754466710272, 12.10114835300023], [92.78745922923434, 12.101159628428357], [92.787373791366, 12.10117090297771], [92.78730946750007, 12.101227835228457], [92.78724514363414, 12.101284766588737], [92.7871808188699, 12.101341698815224], [92.78711649500401, 12.101398630151204], [92.78705217113809, 12.101455562353442], [92.78699243856158, 12.101517316699589], [92.78693270598508, 12.10157907103145], [92.78687297340856, 12.10164082534905], [92.78681324083206, 12.101702579652361], [92.78675350825557, 12.10176433481979], [92.7866937765774, 12.101826089094555], [92.78663904761703, 12.101885430523707], [92.78658431775834, 12.10194477193964], [92.78652958879796, 12.102004113342433], [92.78647485983761, 12.102063454732058], [92.78642012997891, 12.102122796986832], [92.78636540101854, 12.102182138350095], [92.78631067205818, 12.102241479700167], [92.78625594219949, 12.102300821037044], [92.78620121323911, 12.102360162360768], [92.78614515297548, 12.10242094679982], [92.78608909181357, 12.102481732103396], [92.78603303154992, 12.102542516514788], [92.78597697128629, 12.10260330091234], [92.7859975301299, 12.102631237681408], [92.78604845113178, 12.102700433126563], [92.78609937213368, 12.102769629432121], [92.78615029223721, 12.102838824841436], [92.78620121323911, 12.102908020232839], [92.78620652857064, 12.102915242888882], [92.7862306186916, 12.102989263903329], [92.7862547088126, 12.103063284018937], [92.78627879893357, 12.103137304992405], [92.78630288905455, 12.10321132594534], [92.78632697917551, 12.103285345999437], [92.78635106929647, 12.103359366911343], [92.78637515941747, 12.103433386924436], [92.78639924953845, 12.103507407795338], [92.7863250154583, 12.103556494162476], [92.78625078137816, 12.103605580520608], [92.78619178182696, 12.10364459312367], [92.78613278137739, 12.103683605721061], [92.78614079973961, 12.103729060976104], [92.78614881720354, 12.10377451534507], [92.78615913794783, 12.103833023670376], [92.78616945779382, 12.103891531982924], [92.78612728817944, 12.10394221598844], [92.78608511856507, 12.103992900862693], [92.78604294895068, 12.104043584848974], [92.78599380930798, 12.1041026464722], [92.78594467056362, 12.104161708082385], [92.78589553181926, 12.104220768801126], [92.78584639217662, 12.104279830385204], [92.78579725253395, 12.104338891956193], [92.7857217832703, 12.104362760057693], [92.78564631400664, 12.104386628157055], [92.785570844743, 12.104410496254282], [92.78549537637764, 12.104434364349382], [92.78541990711399, 12.104458232442383], [92.78534443785036, 12.10448210053321], [92.78526896858669, 12.104505968621924], [92.78519349932307, 12.104529191126572], [92.78511803095772, 12.104552413629223], [92.78504256169407, 12.104575636129837], [92.78496709243042, 12.104598858628442], [92.78489162316677, 12.104622081125026], [92.78481615480145, 12.104645303619623], [92.7847406855378, 12.104668526990503], [92.78468325354673, 12.104717098435824], [92.78462582065737, 12.104765669872318], [92.7845683886663, 12.104814241300007], [92.78451095577691, 12.104862812718842], [92.78450099615536, 12.104910801788431], [92.78449103563551, 12.104958790849421], [92.78447569600371, 12.105032699748387], [92.7844603563719, 12.105106608626908], [92.78444501674014, 12.105180516606628], [92.78442967710832, 12.105254425444247], [92.78441433747652, 12.105328334261435], [92.78439823427676, 12.105406674282758], [92.78438213107698, 12.105485014281092], [92.78436602787718, 12.105563355134842], [92.78434992467741, 12.105641695087224], [92.78433382237594, 12.105720035016667], [92.78431771917614, 12.105798374923097], [92.78427035460449, 12.105824698728615], [92.78422298913448, 12.105851023409853], [92.78414889968312, 12.105892200788862], [92.78407481113007, 12.105933377283131], [92.7840007216787, 12.105974554649444], [92.78397317124725, 12.106027956715288], [92.7839456199175, 12.10608135877047], [92.78391806948605, 12.106134760814992], [92.78387895863519, 12.10621057011034], [92.78383984778436, 12.106286378505809], [92.78392826536451, 12.10629883508032], [92.78401668204636, 12.10631129165422], [92.7841050996265, 12.10632374910588], [92.78419351630835, 12.106336205678634], [92.78425688796005, 12.106280293387284], [92.78432025871346, 12.106224381962623], [92.78438363036518, 12.106168469647864], [92.78444700111858, 12.106112558199793], [92.7845103727703, 12.106056645861639], [92.78457374352371, 12.106000734390173], [92.78462944535953, 12.105951589623457], [92.78468514719535, 12.10590244396938], [92.7846940962122, 12.105826715393762], [92.78470304433075, 12.105750987674984], [92.7847119933476, 12.10567525905639], [92.78472094236449, 12.105599531294688], [92.78472989138135, 12.105523802633181], [92.78473884039819, 12.10544807482854], [92.78474778941508, 12.105372346124073], [92.78475332124057, 12.105325533234799], [92.7847588530661, 12.105278719459003], [92.78482011367689, 12.10522977218607], [92.78488137428772, 12.105180824904194], [92.78494263489851, 12.105131877613323], [92.78500389461098, 12.105082931191836], [92.7850651552218, 12.105033983883027], [92.7851264158326, 12.104985036565287], [92.78519760282728, 12.105009917336416], [92.78526878982197, 12.105034797226862], [92.78535491939307, 12.105019568548878], [92.78544104896422, 12.10500433899166], [92.78552717763702, 12.104989110311909], [92.78561330720817, 12.104973880752974], [92.78569943677927, 12.104958652071465], [92.78578556635041, 12.104943423389143], [92.78587169502322, 12.104928194705916], [92.78595782459433, 12.104912966021827], [92.78602346269551, 12.104853581348006], [92.78608910169503, 12.104794195782667], [92.7861547397962, 12.10473481108245], [92.7862203778974, 12.104675426369026], [92.78628601599857, 12.10461604164241], [92.78635165499806, 12.104556656902588], [92.78641729309923, 12.104497272149574], [92.78646554610474, 12.104426475072016], [92.78651379911022, 12.104355677097324], [92.78656205121739, 12.104284879982247], [92.78661030422286, 12.104214081970076], [92.78665855722835, 12.104143283939115], [92.78670681023384, 12.104072486767741], [92.78675506323934, 12.104001689577629], [92.78680331624483, 12.103930892368739], [92.78685156925029, 12.103860094262755], [92.78689982225576, 12.103789297016347], [92.78694807526126, 12.103718498872817], [92.78699632826675, 12.103647701588892], [92.78707862652321, 12.103641698974744], [92.78716092388132, 12.103635697238813], [92.78724322213775, 12.10362969550274], [92.7873255203942, 12.103623692888211], [92.78740781775231, 12.103617690273518], [92.78749011600877, 12.103611687658683], [92.7875724142652, 12.103605685043748], [92.7876547116233, 12.103599682428658], [92.78773700987976, 12.103593679813455], [92.78781930813622, 12.103587677198075], [92.78790160549434, 12.10358167458258], [92.78798390375076, 12.103575671966968], [92.78804283413172, 12.103625408297365], [92.788101765411, 12.103675144618549], [92.78816069579193, 12.103724880930447], [92.78821962617288, 12.103774616354766], [92.78827855745217, 12.10382435264814], [92.78833748783312, 12.103874088932288], [92.7883757416912, 12.103946418867656], [92.78841399554922, 12.104018747905075], [92.7884522494073, 12.10409107780127], [92.78849050236703, 12.104163406799556], [92.78852875622509, 12.104235736656603], [92.78856701008316, 12.104308065615704], [92.78865065042264, 12.104327121276505], [92.7887342898638, 12.104346176057614], [92.78881793020328, 12.10436523171568], [92.78890156964442, 12.104384286494065], [92.7889852099839, 12.104403342149407], [92.78906884942506, 12.104422396925084], [92.78915248976455, 12.104441452577703], [92.789236130104, 12.104460507350671], [92.78931976954514, 12.104479562122238], [92.78940340988463, 12.104498617770812], [92.78948704932579, 12.10451767253967], [92.78957068966527, 12.10453672818552], [92.78965433000475, 12.10455578383001], [92.7897379694459, 12.104574838594784], [92.78982160978538, 12.10459389335821], [92.78990524922654, 12.104612948120261], [92.78998888956602, 12.104632003759319], [92.79007252900718, 12.10465105851866], [92.79015616934666, 12.104670114154995], [92.79024395271622, 12.10466863239159], [92.79033173608579, 12.104667149749819], [92.79041951945534, 12.104665667986362], [92.7905073028249, 12.104664185344577], [92.79059508619447, 12.104662703581134], [92.79068286956404, 12.104661221817652], [92.7907706529336, 12.104659740054183], [92.79085843630315, 12.104658258290728], [92.79094621967272, 12.104656776527221], [92.79102934078595, 12.10464822235126], [92.79111246279751, 12.104639667296638], [92.79119558391073, 12.104631113120131], [92.791278705024, 12.104622558943317], [92.79136182613722, 12.104614004766262], [92.79144494814878, 12.104605450588902], [92.79152806926201, 12.104596896411262], [92.79161119037526, 12.104588342233393], [92.79169431238682, 12.104579788055206], [92.79177743350006, 12.10457123387679], [92.79186055461331, 12.104562679698056], [92.79194367572654, 12.10455412551904], [92.7920267977381, 12.104545571339811], [92.79210991885132, 12.104537017160249], [92.79217266527561, 12.10453055958456], [92.79221861050914, 12.104494413143602], [92.79222560658856, 12.10441770042452], [92.7922326017697, 12.104340988561784], [92.7922395969508, 12.104264275798682], [92.79224659303021, 12.104187563013522], [92.79225358910968, 12.104110850206338], [92.79226058518911, 12.104034138255487], [92.79226758126855, 12.103957425404285], [92.79226930872883, 12.103938478631875], [92.79230910140097, 12.103884336581931], [92.7923488940731, 12.103830193642693], [92.79238868674523, 12.103776051570842], [92.7924319011003, 12.10371725337903], [92.79247511545537, 12.103658455174305], [92.79251833070875, 12.103599656956614], [92.79256154506378, 12.103540858726024], [92.79260475941885, 12.103482060482445], [92.79268551975954, 12.103500906277462], [92.79276628099852, 12.103519752071104], [92.79284704133917, 12.10353859698508], [92.79292780167987, 12.103557441897747], [92.79300856291886, 12.103576287687408], [92.79308932325951, 12.103595132597402], [92.7931700836002, 12.103613978384416], [92.79325084483918, 12.103632824170107], [92.79333160517987, 12.10365166907612], [92.79340451155, 12.103668681751932], [92.79347741702183, 12.103685694426687], [92.79353159800988, 12.103748987996726], [92.79358577989623, 12.103812281551779], [92.79363996088428, 12.103875574213477], [92.79369414277063, 12.103938867738542], [92.79374832375868, 12.104002161248609], [92.79380250474675, 12.104065454743676], [92.79385668663312, 12.104128748223756], [92.79391086762115, 12.104192040810482], [92.79396504950752, 12.104255334260563], [92.79401923049555, 12.104318627695656], [92.79409992975076, 12.10435480841582], [92.79418062990432, 12.104390989131046], [92.79426132915957, 12.104427169841362], [92.79434202841479, 12.10446335054683], [92.79442272767004, 12.10449953124735], [92.7945034278236, 12.104535712821326], [92.7945841270788, 12.10457189351205], [92.79461855411377, 12.104647987833848], [92.7946529802504, 12.104724082133918], [92.79468740728532, 12.104800177290691], [92.79472183342197, 12.104876271547454], [92.79475626045692, 12.104952365782527], [92.79479068659356, 12.105028459995934], [92.7947998503078, 12.10510530077739], [92.79480901402198, 12.105182142415066], [92.79481817683786, 12.1052589831523], [92.79488713062078, 12.105282258291922], [92.79495608440368, 12.105305533429522], [92.79502503728826, 12.105328807686744], [92.79509399107116, 12.105352082820286], [92.79516294485403, 12.105375357951804], [92.79524213314296, 12.105402087592015], [92.7953213214319, 12.105428817229528], [92.79540050972082, 12.105455546864384], [92.79547969800973, 12.10548227649658], [92.79555888629866, 12.105509006126104], [92.7956380745876, 12.105535735752907], [92.79571726287654, 12.105562466255405], [92.79579645116544, 12.105589195876888], [92.79588079758074, 12.105600723201015], [92.795965143996, 12.105612250524608], [92.7960494904113, 12.105623777847743], [92.79613383682661, 12.105635305170344], [92.79621818324188, 12.105646832492448], [92.79630252875884, 12.10565835981408], [92.79638687517415, 12.105669887135193], [92.79647122158941, 12.10568141357748], [92.79655556800472, 12.105692940897624], [92.79663991441998, 12.105704467338919], [92.79672426083529, 12.105715994658034], [92.79676902298759, 12.105791714481683], [92.7968137860382, 12.105867435162223], [92.79685854819049, 12.105943154942933], [92.79690331124108, 12.106018875580537], [92.7969480733934, 12.106094595318336], [92.79699283554567, 12.106170315034658], [92.79703759859629, 12.106246035607837], [92.79708236074856, 12.106321755281236], [92.7970823382907, 12.106397840321184], [92.79708231583281, 12.106473925339506], [92.79708229337491, 12.106550010336122], [92.79708227091706, 12.10662609531106], [92.79708224845916, 12.106702180264334], [92.79708222600127, 12.106778265195926], [92.79717105051826, 12.106789340126022], [92.79725987413694, 12.106800414177343], [92.79734869865389, 12.10681148910656], [92.79743752227257, 12.106822562278609], [92.79752630456873, 12.106833631936858], [92.7976150877632, 12.106844701594664], [92.79770387005938, 12.106855770373679], [92.79779265325385, 12.106866840030555], [92.79788143555001, 12.106877908808668], [92.79792428698569, 12.10694571889826], [92.79796713842136, 12.107013528092281], [92.79800998985704, 12.107081338147447], [92.7980528403944, 12.107149147307068], [92.7980956918301, 12.107216957327806], [92.79813854326576, 12.107284766452976], [92.79812367884277, 12.107367859440929], [92.79810881441975, 12.10745095240307], [92.79809394999675, 12.107534045339321], [92.79807908647209, 12.107617138249758], [92.79806422204906, 12.107700231134318], [92.79804935852437, 12.107783323993026], [92.79803449410136, 12.107866417704225], [92.79801963057669, 12.107949510511256], [92.79800476615368, 12.10803260329241], [92.79798990262898, 12.108115696047712], [92.79797503820596, 12.10819878877719], [92.7979601746813, 12.108281881480774], [92.79794531025826, 12.108364974158562], [92.79802570498462, 12.10832657531936], [92.79810609971096, 12.108288177353005], [92.79818649443733, 12.108249778502811], [92.79826688916367, 12.10821137964706], [92.79834401941228, 12.108178127803994], [92.79842114876257, 12.108144876835109], [92.79849827901118, 12.108111624983762], [92.79857540836149, 12.108078374006608], [92.7986525386101, 12.108045123025295], [92.79872966796039, 12.108011872039846], [92.798806798209, 12.107978620171947], [92.79888392755929, 12.10794536917823], [92.7989610578079, 12.107912117302048], [92.79903818715819, 12.107878866300048], [92.79911881993809, 12.10784410456315], [92.799199452718, 12.107809342821733], [92.79928002351416, 12.107772856031602], [92.799360593412, 12.107736369236486], [92.79944116420813, 12.107699881558064], [92.79952173410597, 12.107663394752972], [92.79960230490211, 12.107626907942894], [92.79968287479994, 12.10759042112784], [92.79976344559611, 12.107553934307825], [92.79984401549392, 12.107517447482799], [92.79992458629009, 12.107480960652785], [92.80000515618792, 12.107444473817795], [92.80008572698407, 12.107407986977845], [92.80016629688188, 12.107371500132881], [92.80024686767803, 12.107335013282931], [92.80031578283338, 12.107280038382749], [92.80038469888702, 12.107225062592887], [92.80045361404238, 12.107170087670072], [92.8005225291977, 12.107115112735933], [92.80059144525136, 12.107060137790496], [92.8006603604067, 12.107005162833724], [92.80072623476478, 12.10695588035328], [92.8007921091229, 12.106906597863738], [92.80085798348098, 12.1068573153651], [92.80092385694077, 12.106808033735694], [92.80098973129887, 12.106758751218877], [92.80105560565697, 12.106709468692962], [92.80112148001507, 12.106660186157963], [92.80115968536413, 12.106631604233415], [92.80119789071314, 12.106603021427448], [92.80122605559222, 12.10652524125713], [92.80125422136966, 12.106447461064155], [92.80128238714708, 12.106369679970179], [92.80131055202618, 12.106291899731911], [92.80133871690528, 12.106214119470986], [92.80136688268271, 12.106136339187428], [92.80139504846014, 12.106058558002857], [92.80142321333923, 12.105980777673983], [92.80145137821833, 12.105902997322476], [92.80148092740129, 12.105821396175921], [92.80151047568592, 12.10573979500442], [92.80159398666798, 12.105714942408094], [92.80167749765009, 12.10569008893115], [92.80176100863214, 12.105665236330205], [92.80184451961422, 12.10564038284863], [92.80192803059627, 12.10561553024307], [92.80201154247668, 12.105590676756876], [92.80209505345876, 12.105565824146682], [92.80217856444081, 12.105540970655857], [92.80226207542289, 12.105516118041047], [92.80234558640495, 12.105491265423947], [92.80236030619922, 12.10548688514446], [92.80240252611925, 12.105416770799197], [92.80244474514096, 12.105346656435499], [92.80248696506101, 12.105276542053431], [92.80252918408273, 12.105206427652966], [92.80257140400279, 12.105136313234091], [92.80261484293666, 12.105064174220896], [92.80265828276883, 12.10499203430983], [92.80270172170272, 12.104919894379313], [92.80274516063659, 12.104847755307633], [92.80277924631176, 12.104791149693058], [92.80281333108856, 12.104734544944817], [92.80284741586539, 12.104677939306209], [92.8029214954353, 12.104631909776701], [92.80299557410687, 12.10458588111756], [92.80306965367679, 12.104539851572175], [92.8031437323484, 12.104493822897194], [92.80321781191832, 12.104447793335943], [92.80329189058988, 12.104401764645099], [92.80336597015979, 12.104355735067983], [92.80344004883136, 12.104309705482956], [92.80351412840128, 12.10426367588999], [92.80358820707285, 12.104217647167415], [92.80366228664276, 12.104171617558585], [92.80373636531438, 12.104125588820184], [92.80381044398595, 12.10407956007383], [92.80388452355585, 12.104033530441209], [92.80395860312576, 12.103987500800661], [92.80403268179734, 12.103941472030519], [92.80411544897437, 12.103926389973726], [92.80419821704972, 12.103911307037777], [92.80428098422672, 12.103896224100962], [92.80436375140373, 12.103881142041677], [92.80444651858076, 12.103866059981486], [92.8045292866561, 12.103850977042129], [92.80461205383311, 12.103835894101918], [92.80469482101014, 12.10382081203921], [92.8047262997743, 12.103815075567493], [92.80479337338332, 12.103769440266325], [92.80486044699231, 12.10372380407903], [92.80492752060132, 12.103678168762228], [92.80499459421034, 12.103632533437677], [92.80506166781933, 12.103586898105316], [92.80512874142833, 12.103541261886813], [92.80519581503735, 12.103495626538868], [92.80526288864637, 12.103449991183135], [92.80532996225534, 12.103404354941235], [92.80539703586435, 12.103358719569918], [92.80547887508168, 12.103374763448189], [92.80556071519732, 12.10339080732548], [92.80564255441466, 12.103406851201816], [92.80572439363199, 12.103422895077198], [92.80580623284932, 12.103438938073234], [92.80588807296495, 12.103454981946683], [92.80596991218229, 12.103471025819164], [92.80605175139962, 12.103487068812326], [92.80613359061694, 12.103503112682887], [92.80621543073259, 12.10351915655248], [92.80629726994994, 12.10353519954274], [92.80636353417687, 12.103575247725898], [92.80642979750546, 12.10361529590305], [92.80649606173242, 12.103655344074157], [92.80656232595935, 12.103695393117656], [92.80662859018628, 12.103735441276768], [92.8066948535149, 12.1037754894299], [92.80676111774183, 12.103815537577015], [92.80681443455056, 12.103764126277584], [92.80686775135932, 12.10371271496828], [92.8069315928299, 12.103651154365583], [92.80699543340224, 12.103589594627028], [92.80698729197081, 12.103510619906974], [92.8069791514377, 12.103431645163624], [92.80697101000628, 12.103352671275259], [92.80696286857486, 12.10327369648518], [92.80695472714342, 12.103194721671795], [92.80694758913019, 12.10312547804555], [92.80694045111696, 12.103056233523024], [92.80702021342933, 12.103030774617165], [92.80709997484341, 12.10300531658727], [92.80717973715579, 12.102979858554919], [92.80725949946817, 12.10295440052015], [92.80733926178058, 12.102928941604624], [92.80741902319467, 12.10290348356502], [92.80749878550705, 12.102878025522976], [92.80757854781943, 12.102852566600157], [92.80765831013184, 12.102827108553265], [92.80773807154593, 12.102801650503944], [92.80781783385831, 12.102776192452216], [92.80790103043002, 12.102792376022828], [92.80798422700174, 12.10280855959251], [92.80806742357349, 12.1028247431612], [92.80815062104351, 12.10284092760724], [92.80823381761522, 12.10285711117397], [92.80831701418697, 12.102873294739696], [92.80840021075869, 12.102889479182798], [92.8084834073304, 12.10290566274659], [92.80856660390211, 12.102921847187732], [92.80864980047383, 12.102938030749563], [92.80873299704558, 12.102954215188745], [92.8088161945156, 12.102970399626974], [92.80889939108735, 12.10298658318583], [92.80898258765906, 12.103002767622074], [92.80906578423078, 12.103018951179008], [92.80913053838972, 12.103031547563134], [92.80919529165037, 12.103044143946649], [92.8092600458093, 12.103056740329553], [92.80931514846883, 12.103125196096057], [92.80937025112836, 12.103193652723345], [92.80942535288955, 12.103262108454734], [92.80948045465078, 12.103330564168619], [92.8095355573103, 12.103399019864932], [92.80959065996983, 12.103467476422072], [92.80964576173105, 12.103535932083336], [92.80969713189057, 12.103607414506563], [92.80974850115176, 12.10367889603234], [92.80979987131131, 12.103750378417361], [92.80985124147082, 12.103821860783212], [92.80990261073201, 12.103893342251611], [92.80995397999324, 12.103964824579243], [92.81000535015275, 12.104036306887716], [92.81005672031228, 12.104107789177105], [92.81010808957349, 12.104179270569006], [92.810159459733, 12.104250752820139], [92.81021082899419, 12.104322235052114], [92.81026219825542, 12.104393716386637], [92.81031356841494, 12.104465198580394], [92.81036493857445, 12.10453668075499], [92.81041630783568, 12.104608162032136], [92.81046767799519, 12.104679644168515], [92.81050440471726, 12.104759073524118], [92.81054113143935, 12.104838501977792], [92.81057785905972, 12.104917931286169], [92.81061458668012, 12.104997360570934], [92.8106513134022, 12.105076789832072], [92.81068804012428, 12.10515621819127], [92.81072476774467, 12.105235647405186], [92.81076149446673, 12.105315076595476], [92.8107982211888, 12.105394504883837], [92.8108349488092, 12.105473934026888], [92.8108716764296, 12.105553363146328], [92.81090840315166, 12.105632792242154], [92.81094512987376, 12.105712220436052], [92.81098185749416, 12.105791649484642], [92.81102810186667, 12.105862363636616], [92.8110743462392, 12.105933077769839], [92.81112058971337, 12.106003791006017], [92.81116683408588, 12.106074505101835], [92.8112130784584, 12.106145219178927], [92.8112593228309, 12.106215933237303], [92.81130556720342, 12.106286647276928], [92.8113518106776, 12.106357360419508], [92.81139805505012, 12.10642807442173], [92.81144429942263, 12.106498788405224], [92.81149054379514, 12.106569502370004], [92.81153678726932, 12.106640215437702], [92.81158303164185, 12.106710929365002], [92.81162927601436, 12.106781643273626]], [[92.77204708992458, 12.12605113488425], [92.77213653338077, 12.126046770751053], [92.77222508750485, 12.126033720508097], [92.77231187284615, 12.126012115894886], [92.77239602702197, 12.12598216945125], [92.77247671280246, 12.1259441806652], [92.77255312889042, 12.125898525433865], [92.77262451620943, 12.125845657820262], [92.77269016419208, 12.125786104783794], [92.77274942066148, 12.125720456519433], [92.77280169811944, 12.12564936557969], [92.77284647554309, 12.125573539848622], [92.77288330826633, 12.125493731124587], [92.77291182977662, 12.125410733363687], [92.7729317580029, 12.125325372140797], [92.77294289351916, 12.125238494988627], [92.77294512583263, 12.12515096524993], [92.77293843338376, 12.125063653294777], [92.77292288264788, 12.124977426859452], [92.77289862723691, 12.124893142263927], [92.77286590969592, 12.124811638263573], [92.7728250534185, 12.124733723753446], [92.77277646623972, 12.124660173376476], [92.7727206296566, 12.124591718740826], [92.77265809972631, 12.124529039636737], [92.77258949628637, 12.124472758766835], [92.77251550295476, 12.124423436475997], [92.7724368545533, 12.124381561968637], [92.77235433171805, 12.124347551551804], [92.77226875550913, 12.124321744243659], [92.77218097663115, 12.124304394747119], [92.77209186734824, 12.124295676962841], [92.77200231250093, 12.124295676962841], [92.77191320321798, 12.124304394747119], [92.77182542434001, 12.124321744243659], [92.77173984813108, 12.124347551551804], [92.77165732529582, 12.124381561968637], [92.7715786768944, 12.124423436475997], [92.77150468356275, 12.124472758766835], [92.77143608012281, 12.124529039636737], [92.77137355019252, 12.124591718740826], [92.77131771360939, 12.124660173376476], [92.77126912643062, 12.124733723753446], [92.7712282701532, 12.124811638263573], [92.77119555261226, 12.124893142263927], [92.77117129720125, 12.124977426859452], [92.77115574646537, 12.125063653294777], [92.7711490540165, 12.12515096524993], [92.77115128632998, 12.125238494988627], [92.77116242184624, 12.125325372140797], [92.77118235007251, 12.125410733363687], [92.77121087158278, 12.125493731124587], [92.77124770430605, 12.125573539848622], [92.7712924817297, 12.12564936557969], [92.77134475918768, 12.125720456519433], [92.77140401565708, 12.125786104783794], [92.7714696636397, 12.125845657820262], [92.7715410509587, 12.125898525433865], [92.77161746704667, 12.1259441806652], [92.77169815282717, 12.12598216945125], [92.771782307003, 12.126012115894886], [92.77186909234428, 12.126033720508097], [92.77195764646834, 12.126046770751053], [92.77204708992458, 12.12605113488425]], [[92.79136188632437, 12.143203142216315], [92.79130969869792, 12.14314947183388], [92.7912575119698, 12.143095802318818], [92.79120532434335, 12.143042131914727], [92.79115313761525, 12.142988462378039], [92.79110094998883, 12.142934791952321], [92.79103810564818, 12.14287839904477], [92.79097526130755, 12.142822006125298], [92.79091241696688, 12.142765613193856], [92.79084957262623, 12.142709220250467], [92.79080948710332, 12.142650680932283], [92.79076940068207, 12.142592141601249], [92.79072931515917, 12.142533603135579], [92.79068922873792, 12.142475063778797], [92.790649143215, 12.14241652440915], [92.79060043027208, 12.14234411357018], [92.79055171643087, 12.142271701833288], [92.79050300258965, 12.14219929095498], [92.7904542887484, 12.14212688005694], [92.79040557490717, 12.142054469139207], [92.79035686106593, 12.141982058201792], [92.79030814722474, 12.141909647244683], [92.7902594333835, 12.141837236267918], [92.79021071954226, 12.141764825271435], [92.79016200570102, 12.141692414255257], [92.79011329185983, 12.14162000321941], [92.79006457801859, 12.141547592163857], [92.79001586417736, 12.141475181088609], [92.78996715033612, 12.141402769993718], [92.78991843649489, 12.14133035800088], [92.78986972265369, 12.141257946866565], [92.78982100881245, 12.141185535712617], [92.78977229497123, 12.141113124538938], [92.78972358112999, 12.141040713345564], [92.78968218586337, 12.140964786606798], [92.78964079059679, 12.140888860724617], [92.78959939533019, 12.140812933942541], [92.78955800006356, 12.140737007138828], [92.78951660479694, 12.140661080313459], [92.78947520953034, 12.140585154344704], [92.78943381426376, 12.140509227476056], [92.78939241899714, 12.140433300585752], [92.78935182592606, 12.140372090085945], [92.78931123285503, 12.140310879572079], [92.78927063978396, 12.14024966904413], [92.7892428360276, 12.140171286561664], [92.78921503137293, 12.140092904056157], [92.78918722761657, 12.140014521527586], [92.78915942296192, 12.13993613897591], [92.78913161920555, 12.13985775640121], [92.78910381544918, 12.13977937380344], [92.78904844239672, 12.139737273369576], [92.78899307024264, 12.139695173807274], [92.78893769719019, 12.139653074238343], [92.78888232413777, 12.13961097378453], [92.78887100895847, 12.139538857267194], [92.78885969288083, 12.139466739852127], [92.7888483768032, 12.139394623295773], [92.78884031083027, 12.139314926732293], [92.78883224395899, 12.139235230145], [92.78882417798604, 12.139155533533824], [92.78881611201311, 12.139075837777048], [92.7888080460402, 12.138996141118216], [92.78879998006728, 12.138916444435518], [92.78879191409433, 12.138836747728977], [92.78876759220802, 12.138752789826391], [92.78874326942338, 12.138668831019062], [92.78871894753706, 12.138584873063513], [92.78869462475241, 12.1385009142033], [92.78867030196777, 12.138416956194838], [92.78864597918316, 12.138332997281701], [92.78862165729684, 12.138249039220316], [92.7885973345122, 12.138165080254254], [92.78857301262589, 12.138081122139932], [92.78854868984125, 12.137997163120957], [92.78852436795493, 12.137913204953723], [92.7885000451703, 12.137829245881786], [92.78854369880155, 12.137782052265067], [92.78858735243276, 12.137734858640027], [92.78858237127453, 12.137669951034782], [92.78857739011627, 12.13760504341371], [92.78863461100323, 12.137538867606876], [92.78869183189022, 12.13747269178358], [92.78874905277716, 12.13740651506562], [92.78880627366414, 12.137340339209477], [92.78886349455111, 12.137274163336844], [92.78892071543807, 12.137207987447825], [92.78897793632505, 12.137141811542332], [92.78903515721203, 12.137075634742185], [92.78909237809897, 12.137009458803842], [92.78914959808762, 12.13694328284905], [92.7892068189746, 12.136877106877833], [92.78926403986158, 12.136810930011901], [92.78932126074852, 12.136744754007822], [92.78937848163551, 12.136678577987269], [92.78943570252245, 12.136612401950304], [92.78949292340944, 12.136546225896875], [92.78955014429641, 12.136480048948796], [92.78960736518336, 12.13641387286252], [92.78966458607034, 12.13634769675978], [92.7897277070921, 12.136291490400628], [92.78979082811385, 12.136235284029583], [92.78985395003392, 12.136179076768427], [92.78991707105567, 12.13612286949545], [92.78998019207742, 12.136066663088833], [92.78997915182832, 12.135981862960113], [92.78997811247754, 12.135897062804357], [92.78997707222844, 12.135812263499885], [92.78997603197934, 12.135727463290188], [92.78997499173026, 12.135642663053481], [92.79000469542342, 12.135570748335521], [92.79003439821831, 12.13549883359812], [92.79006410101317, 12.13542691971956], [92.79009380470636, 12.13535500494337], [92.79012350839955, 12.135283090147741], [92.7901532120927, 12.135211175332723], [92.79016685301029, 12.1351345856162], [92.7901804930296, 12.135057996755933], [92.79019413304886, 12.13498140699539], [92.79020777396644, 12.134904817212863], [92.7902214139857, 12.134828227408288], [92.79023505400501, 12.134751638459957], [92.79024869402426, 12.134675048611363], [92.79026233404356, 12.134598458740774], [92.79027020598039, 12.134517796430645], [92.7902780770189, 12.134437134096087], [92.79028594895573, 12.134356471737155], [92.79029381999426, 12.134275809353783], [92.79030169193109, 12.13419514694597], [92.79030956296963, 12.134114484513796], [92.79031743490646, 12.13403382205717], [92.79038181536623, 12.134018902420172], [92.79044619582601, 12.134003981904108], [92.79050019894763, 12.133985476387974], [92.79055420117093, 12.133966970870567], [92.79059723047304, 12.133945556601391], [92.79064025887685, 12.133924143208764], [92.79068153287088, 12.133861922108572], [92.7907228059666, 12.133799700993837], [92.79078288798776, 12.133790554935784], [92.7908429691106, 12.1337814088774], [92.79090305113174, 12.133772262818736], [92.79095476893927, 12.13373927148764], [92.79100648584848, 12.133706280152486], [92.79105725503508, 12.133733919452874], [92.79110802422169, 12.133761558750415], [92.7911726418367, 12.133731446310422], [92.79123725855342, 12.133701334745263], [92.79130187616842, 12.133671222298478], [92.79136649288515, 12.133641110726536], [92.79140339388037, 12.13358239903571], [92.79144029397727, 12.133523687331945], [92.79147719497256, 12.133464975615254], [92.79151409506946, 12.133406263885625], [92.79158944934875, 12.133394793092346], [92.79166480362804, 12.13338332229857], [92.79172940866665, 12.133336544183917], [92.79179401460358, 12.133289765182793], [92.79185861964216, 12.13324298617345], [92.79194285825962, 12.133225037413895], [92.79202709687706, 12.133207088653094], [92.7920917091022, 12.133247682166663], [92.79215632132734, 12.13328827479581], [92.79222093445078, 12.133328868297001], [92.7922855466759, 12.133369461792007], [92.79235015890102, 12.133410054402617], [92.79241477112615, 12.13345064788526], [92.79246539298904, 12.133510522404626], [92.79251601575025, 12.133570396910505], [92.79256663761312, 12.133630271402913], [92.79261725947602, 12.133690145881884], [92.79266788223723, 12.133750020347435], [92.79271850410014, 12.1338098947995], [92.79279182369528, 12.133769602610116], [92.79286514329048, 12.133729311292878], [92.79293846288566, 12.133689019091307], [92.79301178248082, 12.133648726883642], [92.79308510117768, 12.133608434669895], [92.79315842077284, 12.133568142450054], [92.79323174036803, 12.133527850224107], [92.7933050599632, 12.13348755799209], [92.79329826330977, 12.133400905696448], [92.793291465758, 12.133314252494346], [92.79328466910457, 12.13322760014237], [92.79327787155282, 12.133140946883959], [92.79327107489938, 12.133054294475585], [92.79326427824594, 12.132967641160828], [92.79325748159249, 12.132880988696106], [92.79325068493905, 12.132794335325002], [92.79324388828562, 12.132707682803934], [92.7933186478802, 12.132660897544712], [92.79339340657644, 12.132614112277233], [92.79346816617102, 12.132567326123308], [92.79354292486728, 12.132520540839417], [92.79361768446185, 12.132473755547332], [92.79369244315814, 12.132426970247005], [92.79376720275272, 12.132380184060231], [92.79384196144896, 12.132333398743466], [92.79391225461993, 12.132322691982624], [92.79398254868924, 12.132311984343074], [92.7940528418602, 12.13230127758133], [92.79411692497766, 12.132251256772289], [92.79418100809507, 12.13220123595381], [92.79424509031418, 12.132151215125953], [92.79430917343161, 12.132101194288733], [92.79426218974562, 12.132040995377725], [92.79421520695793, 12.131980797331371], [92.79416822417028, 12.131920598393164], [92.79411828323036, 12.131863837801], [92.79406834318877, 12.131807077196722], [92.79401840224887, 12.131750316580385], [92.793976322466, 12.131711640943896], [92.79393424178483, 12.131672964423558], [92.79385961154766, 12.131721083922887], [92.7937849813105, 12.13176920429179], [92.7937103510733, 12.13181732377378], [92.79363572083614, 12.131865443247053], [92.79356109059897, 12.131913563589903], [92.79348646036179, 12.131961683045823], [92.79341183012463, 12.132009803371295], [92.79333719988746, 12.132057922809812], [92.79326256965025, 12.13210604223964], [92.7931879394131, 12.132154162539056], [92.79311330917591, 12.132202281951542], [92.79303793243875, 12.132213753674383], [92.79296255659986, 12.132225225396752], [92.79288717986272, 12.132236697118639], [92.79281180312553, 12.132248168840004], [92.79275537006107, 12.13219432850445], [92.79269893699662, 12.13214048815798], [92.79264250393216, 12.132086647800671], [92.79258606996936, 12.132032807432457], [92.7925296369049, 12.131978967053406], [92.79247320384044, 12.13192512666344], [92.79240024446969, 12.13188569048549], [92.79232728599726, 12.131846254301713], [92.79225432662652, 12.131806817233857], [92.79218136725578, 12.131767381038413], [92.79212582711669, 12.131775869354348], [92.79207028607932, 12.131784357670028], [92.79200255670017, 12.131744343580674], [92.79196907379459, 12.131694089051692], [92.79193559088897, 12.131643833635001], [92.79188856498219, 12.13159018112363], [92.79184153817705, 12.131536527723219], [92.79179451137195, 12.131482875190258], [92.79174748456678, 12.131429221768244], [92.79177037992844, 12.131375441866803], [92.79175204621181, 12.131292013835568], [92.79173371159686, 12.131208584899962], [92.79167631374179, 12.131172202308823], [92.79161891588672, 12.13113581971271], [92.7915697573794, 12.131169949584624], [92.79152059887211, 12.131204080330402], [92.79147144036482, 12.131238210193551], [92.79141346489301, 12.131196788179519], [92.7913554885229, 12.131155366159025], [92.79129751305109, 12.13111394413208], [92.79123478998302, 12.131106363032766], [92.79117206601663, 12.131098781054957], [92.79110934294852, 12.131091199076893], [92.79106943978363, 12.131132694002535], [92.7910295357204, 12.131174188921724], [92.79094325613059, 12.131182751908266], [92.79085697564251, 12.131191314894517], [92.7907947394613, 12.131230863591828], [92.7907325023818, 12.131270412283236], [92.79067026620059, 12.13130996096879], [92.79059593779735, 12.131295009562175], [92.79052160939412, 12.131280059032946], [92.79044728188917, 12.13126510762465], [92.79037295348594, 12.131250156215515], [92.7902986250827, 12.131235204805503], [92.79027132707786, 12.131290213413534], [92.79024402907301, 12.131345221131928], [92.79015741890319, 12.13133820914808], [92.79007080873339, 12.131331196285787], [92.78998419856362, 12.131324184301569], [92.78998284390416, 12.131251007244382], [92.78998149014302, 12.131177830167092], [92.78998013548357, 12.131104652191487], [92.78997878082411, 12.131031475074035], [92.79002017698903, 12.130999501301957], [92.79006157225564, 12.130967528404279], [92.7901087311131, 12.131001452785924], [92.79015948592667, 12.130933205290194], [92.79021024163853, 12.130864956898732], [92.79027292248581, 12.130822571379628], [92.79033560333305, 12.130780184975528], [92.79039828418033, 12.130737799442949], [92.79046096502759, 12.130695413025364], [92.79045397074479, 12.130650826567827], [92.79044697556365, 12.130606239224607], [92.79037468094626, 12.130568550583037], [92.7903023863288, 12.130530861936164], [92.79023009260969, 12.130493174162186], [92.79015779799226, 12.130455485504651], [92.79008550337483, 12.130417796841746], [92.79001320875737, 12.130380108173537], [92.78994091413993, 12.13034241950001], [92.78986861952252, 12.130304730821127], [92.78979632580338, 12.130267043015179], [92.78972403118594, 12.130229354325673], [92.78965173656853, 12.130191665630823], [92.78959405125255, 12.130149640968877], [92.78953636503826, 12.130107616300291], [92.78954317516643, 12.130042620767963], [92.7895499852946, 12.129977624341517], [92.78955679542275, 12.129912628777484], [92.78961892021286, 12.129850065097914], [92.78968104590129, 12.129787500525397], [92.7897431706914, 12.129724936816439], [92.78980529637982, 12.12966237221456], [92.78979979689363, 12.129578551064819], [92.7897942983058, 12.129494730767023], [92.78978879971794, 12.129410909564587], [92.78978330023176, 12.12932708833579], [92.78977780074561, 12.129243267080646], [92.78977230215774, 12.129159446677395], [92.7897668035699, 12.12907562536953], [92.78976130408374, 12.128991804035332], [92.78967947295125, 12.12895561699416], [92.78959764092042, 12.128919429069787], [92.78951580978791, 12.128883242018768], [92.78943397775713, 12.128847054084574], [92.78935214662464, 12.128810866145505], [92.78928309851864, 12.12886623973276], [92.78921405131098, 12.128921613308552], [92.78914500320496, 12.128976986872791], [92.78907595599726, 12.129032360425581], [92.78900690789128, 12.129087733966832], [92.7889378606836, 12.12914310749662], [92.7888688125776, 12.12919848101487], [92.78878515337348, 12.12919064867826], [92.78870149416939, 12.129182816341398], [92.7886292543492, 12.129136732194604], [92.78855701542732, 12.129090648918124], [92.7884847756071, 12.12904456563368], [92.78840847809676, 12.12903903170438], [92.78833218058641, 12.129033498653255], [92.78825588307608, 12.129027964723738], [92.78821302445388, 12.12908016686206], [92.78817016583166, 12.129132368111915], [92.7880940533743, 12.129105984248834], [92.78801794091689, 12.12907960038311], [92.78794182845948, 12.129053216514802], [92.7878657160021, 12.129026832643886], [92.78777977238224, 12.129004513367773], [92.78769382876236, 12.128982194089817], [92.78766157654873, 12.129037739780854], [92.78762932433509, 12.129093286338605], [92.78759707212143, 12.129148832006527], [92.78753699189691, 12.129157961536878], [92.78747691077407, 12.129167091066936], [92.78744123418258, 12.129223157528525], [92.78740555759106, 12.129279223978319], [92.78736988099956, 12.129335290416321], [92.78729823945736, 12.129353905159688], [92.78722659881342, 12.129372519023478], [92.78715495727121, 12.12939113376425], [92.78708331572899, 12.129409747625472], [92.78703608410797, 12.12948092099738], [92.78698885248697, 12.129552093472016], [92.78694161996765, 12.129623266805938], [92.78688162238815, 12.129672818239074], [92.78682162480861, 12.129722369662973], [92.7867616272291, 12.129771921077701], [92.78670162964958, 12.129821472483217], [92.78664163207009, 12.12987102387951], [92.78666622884087, 12.12992780246121], [92.78669082471338, 12.129984580152572], [92.78663512018258, 12.13004367467847], [92.7865794156518, 12.130102768313012], [92.78652371022272, 12.130161862812702], [92.78646446543142, 12.130211439615229], [92.78640521974181, 12.130261016408543], [92.7863459749505, 12.130310593192595], [92.78628672926091, 12.13036016996745], [92.78619919921626, 12.130358258000374], [92.7861116700699, 12.130356346911563], [92.78602414002526, 12.130354435822689], [92.78593660998061, 12.130352523855601], [92.78584908083425, 12.130350612766714], [92.78576155078962, 12.130348701677827], [92.7856792489399, 12.130327350352541], [92.78559694798852, 12.130305999903817], [92.78551464613882, 12.13028464857511], [92.78542722209536, 12.130294550055305], [92.7853397980519, 12.130304450656853], [92.78525237400848, 12.130314352136311], [92.78520600746506, 12.130377351322732], [92.78515964182, 12.130440349616016], [92.78511898496858, 12.130486916578937], [92.78507832811711, 12.130533482655514], [92.78503767126567, 12.1305800496022], [92.78495998765484, 12.130576986241735], [92.78488230404402, 12.130573922881283], [92.78482565358726, 12.130542005262777], [92.78476900402879, 12.130510087640442], [92.78470172380727, 12.130539775367938], [92.78466480304911, 12.130474818584295], [92.78462788229093, 12.130409861784825], [92.78459096243105, 12.13034490584777], [92.78455404167289, 12.130279949016646], [92.78451712091471, 12.130214992169696], [92.78443552514084, 12.130234825873915], [92.78435393026527, 12.130254659576657], [92.78427233449138, 12.130274493277973], [92.7841907387175, 12.130294326977777], [92.78413323755615, 12.13031983597844], [92.78407573639481, 12.130345345854902], [92.78401823523348, 12.13037085485068], [92.78394295012446, 12.130416209830365], [92.78386766591375, 12.13046156480234], [92.78379238080473, 12.130506920644871], [92.78375769685162, 12.130569274266858], [92.7837230128985, 12.130631626995985], [92.78368832804708, 12.1306939805888], [92.78361756865046, 12.13070170397744], [92.78354680835554, 12.130709427365852], [92.7834760489589, 12.130717149875771], [92.78339297186314, 12.130694392491165], [92.78330989386903, 12.130671635104573], [92.78322681677322, 12.130648877716087], [92.78314373877913, 12.130626120325616], [92.7830648505275, 12.130621920501335], [92.78298596227587, 12.130617719798726], [92.78290707492258, 12.130613519974307], [92.78282818667094, 12.130609320149837], [92.78274929841933, 12.130605120325303], [92.7826799960901, 12.130605375898062], [92.78261069376087, 12.130605630592568], [92.78254139143166, 12.13060588616534], [92.78247208910241, 12.130606140859834], [92.78240158482735, 12.130593277030524], [92.78233108055228, 12.130580414078842], [92.78226057627721, 12.130567550248287], [92.7821902822079, 12.130578250931837], [92.78211998903693, 12.130588951614994], [92.78204969496763, 12.130599653175945], [92.78200051400246, 12.130582028315201], [92.78195133303727, 12.130564402575018], [92.78187811405341, 12.130585795159414], [92.78180489506956, 12.130607187742092], [92.78172409699962, 12.130617437878266], [92.78164329892974, 12.13062768889235], [92.78156250085979, 12.130637939027736], [92.7814817027899, 12.130648190040993], [92.78140090471999, 12.130658440175628], [92.78140573585958, 12.130589469786612], [92.78141056699918, 12.130520498501468], [92.78141539813878, 12.130451528076716], [92.78142022927835, 12.130382556755885], [92.78143928074893, 12.130308852485463], [92.78145833311778, 12.130235148194647], [92.78147738458831, 12.13016144476174], [92.78149643695718, 12.130087740430161], [92.78151548842773, 12.13001403607824], [92.78147293163947, 12.129959963431029], [92.78143037395287, 12.129905889894584], [92.78138781716461, 12.129851817225413], [92.78132194280649, 12.129868316205972], [92.78125606844841, 12.129884815185486], [92.78119019409033, 12.129901314163995], [92.78117030718654, 12.129971263989889], [92.7811504202828, 12.130041213797412], [92.78113053337903, 12.13011116358659], [92.78111064557696, 12.130181113357372], [92.78109075867317, 12.130251063109847], [92.78104227480067, 12.130177357046557], [92.78099379092815, 12.130103650962877], [92.78094530705565, 12.130029943980585], [92.78089682318313, 12.129956237856128], [92.78084833931062, 12.12988253171134], [92.78082767536412, 12.129806496401807], [92.78080701051933, 12.129730460192393], [92.78078634567453, 12.129654424839503], [92.78076568082975, 12.129578389464944], [92.78074501598496, 12.12950235319043], [92.78072435114018, 12.129426317772504], [92.78065723620867, 12.12946698739228], [92.78059012127716, 12.129507656127572], [92.78052300634563, 12.12954832573492], [92.78045589141414, 12.129588994457844], [92.78038877648261, 12.129629664052802], [92.78032166155111, 12.12967033276331], [92.78024245349927, 12.129689571926084], [92.7801632454474, 12.129708811087484], [92.78008403739553, 12.129728049369232], [92.78000483024199, 12.12974728764957], [92.77992562219012, 12.129766526806797], [92.77984641413825, 12.129785765084412], [92.7797672060864, 12.129805004238841], [92.7796847164888, 12.129791276163425], [92.77960222689121, 12.12977754896555], [92.77951973639532, 12.129763820888721], [92.7794372467977, 12.12975009281118], [92.77935475720011, 12.129736364732953], [92.77927294583054, 12.129771387095852], [92.77919113535931, 12.129806409454119], [92.77910932398976, 12.129841431807819], [92.7790275126202, 12.129876454156914], [92.77897286091496, 12.129929635388056], [92.778918210108, 12.12998281573032], [92.77886355840275, 12.130035996940228], [92.7788089075958, 12.130089177261286], [92.77875425589055, 12.130142358449985], [92.77869960508363, 12.13019553874981], [92.77864495337835, 12.13024871991729], [92.77862781352273, 12.130325552558753], [92.7786106736671, 12.130402385178106], [92.7785935338115, 12.130479217775296], [92.77857639395587, 12.130556050350338], [92.77855925320195, 12.13063288290324], [92.7785421133463, 12.130709715434008], [92.77848181123791, 12.130772760196303], [92.77842150912953, 12.130835804065459], [92.77836120702113, 12.130898847919692], [92.77830090491274, 12.130961892637256], [92.77824060280435, 12.131024937339934], [92.77818030159429, 12.13108798114941], [92.77812614486074, 12.131145326824734], [92.7780719872289, 12.131202673365985], [92.77801783049534, 12.13126001901663], [92.7779636728635, 12.131317364654945], [92.77790951612998, 12.131374710280921], [92.77785535849814, 12.131432056772796], [92.7778012017646, 12.13148940237409], [92.77785658110523, 12.131553847766792], [92.77791196044586, 12.13161829402216], [92.77796733888819, 12.13168273938368], [92.77802271822883, 12.131747185607905], [92.77807809756945, 12.131811630938268], [92.77814066073744, 12.131856701118885], [92.77820322390538, 12.131901771291895], [92.77826578797168, 12.131946842335552], [92.77832835113963, 12.131991912493307], [92.77839091430758, 12.132036982643456], [92.77839825354347, 12.132122778208682], [92.77840559277932, 12.132208573746288], [92.7784129320152, 12.132294369256325], [92.7784202712511, 12.132380164738704], [92.77842761048694, 12.132465960193464], [92.77843494972284, 12.132551755620604], [92.77844228895869, 12.132637551020135], [92.77844962819456, 12.132723346392034], [92.77845696653213, 12.132809141736328], [92.77846430576798, 12.132894937052987], [92.77844288993161, 12.132955662720615], [92.77842147319694, 12.133016389252681], [92.77840005736054, 12.13307711489264], [92.7784296469677, 12.133150835962562], [92.77845923657483, 12.133224557012063], [92.77848882708031, 12.133298278041185], [92.77851841668745, 12.13337199904995], [92.77852055108455, 12.133450863934156], [92.77852268548168, 12.133529727916827], [92.77852482077712, 12.133608592754353], [92.77852695517423, 12.133687457568573], [92.77852908957132, 12.13376632148122], [92.77853122486675, 12.133845186248736], [92.77858760133736, 12.133901135797842], [92.77864397690963, 12.133957085335192], [92.77870035338024, 12.134013034860798], [92.77875672985085, 12.134068984374665], [92.77881310542314, 12.134124933876773], [92.77886948189375, 12.13418088336714], [92.77892585746602, 12.134236832845765], [92.77898223393663, 12.134292782312633], [92.77904185781699, 12.134345944219476], [92.779101480799, 12.134399105237403], [92.77916110467937, 12.134452267122999], [92.77922072855974, 12.134505428119756], [92.77928035154176, 12.134558589105916], [92.7793399754221, 12.134611750959694], [92.77940961911115, 12.134661915357649], [92.77947926190186, 12.134712078867949], [92.7795489055909, 12.134762243247025], [92.7796185483816, 12.134812406738432], [92.77968819207065, 12.134862571098614], [92.77975614962186, 12.13483710644487], [92.77982410807145, 12.134811640910481], [92.77989206562268, 12.134786176251865], [92.77996002317393, 12.13476071159083], [92.78003297625648, 12.134753712870518], [92.78010592933899, 12.134746714150001], [92.78017888242155, 12.134739715429294], [92.78025183550409, 12.13473271670841], [92.78032478858664, 12.134725717987335], [92.78040057405727, 12.134769007476185], [92.7804763595279, 12.134812296958012], [92.78055214499852, 12.134855586432842], [92.78062793136745, 12.134898876778827], [92.78070371683808, 12.134942166239561], [92.7807795023087, 12.134985455693284], [92.78085528777933, 12.135028745139948], [92.78093369633059, 12.135013880009694], [92.78101210578018, 12.1349990148786], [92.78109051433142, 12.134984149746693], [92.78116892288269, 12.134969284613947], [92.78124733143393, 12.13495441948041], [92.78132574088352, 12.134939554345996], [92.78140414943478, 12.134924689210768], [92.78147232437833, 12.134967073199249], [92.78154049932188, 12.135009456302749], [92.78160867516374, 12.135051840277733], [92.78167685010726, 12.135094223367771], [92.78174502505081, 12.135136607329269], [92.7818223304709, 12.135142137618985], [92.78189963589098, 12.135147667908575], [92.7819769413111, 12.135153198198061], [92.78205424762949, 12.135158728487447], [92.78213155304957, 12.13516425877668], [92.78220885846967, 12.135169789065836], [92.78228616388976, 12.135175319354879], [92.78236349356438, 12.135133089091878], [92.78244082234065, 12.13509085882215], [92.78251815201526, 12.135048628545752], [92.78259548168987, 12.135006398262677], [92.78267281046614, 12.134964167972898], [92.78275014014075, 12.134921937676438], [92.78282064172089, 12.134870875763216], [92.78289114419931, 12.134819812961982], [92.78296164577945, 12.134768750150927], [92.78303509024045, 12.134744986645492], [92.78310853470143, 12.13472122225964], [92.78318197826412, 12.134697458749931], [92.78325542272513, 12.134673694359883], [92.78330729953447, 12.13474155974021], [92.78335917634382, 12.134809425981475], [92.78341105315317, 12.134877291327237], [92.78346292996248, 12.134945156655697], [92.78351480677183, 12.135013022845106], [92.78356668358118, 12.135080888139012], [92.78360007845188, 12.135151763150771], [92.78363347242424, 12.135222637265421], [92.78366686729494, 12.135293512239434], [92.78370026216561, 12.135364386316377], [92.78373365703631, 12.135435261252693], [92.78376705100867, 12.13550613529194], [92.7837688512325, 12.13559248917952], [92.78377065145634, 12.1356788430391], [92.78377245168016, 12.135765196870667], [92.78377425100568, 12.135851549796028], [92.7837760512295, 12.135937903571653], [92.78377785055501, 12.13602425731929], [92.78377965077887, 12.136110611038912], [92.78381254079635, 12.136181412004724], [92.78384542991552, 12.136252212951721], [92.78387831993302, 12.136323013879874], [92.78391120905222, 12.136393814789251], [92.78394409906971, 12.136464615679811], [92.78397698818887, 12.136535416551519], [92.78400987820638, 12.136606217404447], [92.78404276732556, 12.13667701823852], [92.78409613354164, 12.13674175658602], [92.78414949975775, 12.136806494039515], [92.78420286687214, 12.136871232355501], [92.78425623308821, 12.136935969777547], [92.78430959930432, 12.137000708062057], [92.7843392850312, 12.137080445716727], [92.78436896985974, 12.137160183347515], [92.78439865558663, 12.13723992095441], [92.78442834041518, 12.137319658537477], [92.78445802524377, 12.137399395218425], [92.78448771097064, 12.137479132753747], [92.7845173966975, 12.137558870265186], [92.78454708152609, 12.137638607752788], [92.78457676725296, 12.13771834521652], [92.78455820087265, 12.137796390300974], [92.78453963539069, 12.137874434484328], [92.78452106990869, 12.137952479523046], [92.78450250442671, 12.138030523660687], [92.78448393804645, 12.138108568653669], [92.78446537256447, 12.138186612745574], [92.78444680618418, 12.138264657692845], [92.78445801805722, 12.138336052648885], [92.7844692299303, 12.138407446707538], [92.78448044180337, 12.138478841625322], [92.7844916536764, 12.138550235645743], [92.78448616137676, 12.138623596883331], [92.78448066907714, 12.138696958100692], [92.78447517677748, 12.138770320176087], [92.78446968447783, 12.138843681353068], [92.7844641930765, 12.138917042509807], [92.78445870077685, 12.13899040364638], [92.78448792207473, 12.139067925811895], [92.78451714337261, 12.139145447954828], [92.78454636467046, 12.139222969197004], [92.78457558596835, 12.139300491294811], [92.78460480816456, 12.139378013370075], [92.78463402946241, 12.139455535422758], [92.78466325076029, 12.139533056574695], [92.78469247295651, 12.139610578582252], [92.78472169425436, 12.139688100567277], [92.78475703667259, 12.139760385663719], [92.7847923781925, 12.13983267074054], [92.7848277206107, 12.139904956675986], [92.78486306213061, 12.139977241713561], [92.78489840454885, 12.14004952673157], [92.78493374606876, 12.140121811729923], [92.78493680393397, 12.14019539384744], [92.78493986269754, 12.140268975944641], [92.78494292146108, 12.14034255889974], [92.7849459793263, 12.14041614095628], [92.78494903808986, 12.14048972299249], [92.78495209595508, 12.140563305008369], [92.78498487368316, 12.140619238216829], [92.78501765230956, 12.140675171413505], [92.78505043003764, 12.140731104598467], [92.7850836524318, 12.140811897639063], [92.78511687392763, 12.140892690655157], [92.78515009632179, 12.140973484524975], [92.78518331871594, 12.141054277492051], [92.78521654021179, 12.14113507043461], [92.78524976260596, 12.141215863352667], [92.78528705077507, 12.141289363493295], [92.78532433894418, 12.141362863613683], [92.7853616271133, 12.141436363713755], [92.78539891438413, 12.141509862915331], [92.78543620165495, 12.141583362974831], [92.78547348982406, 12.141656863014052], [92.78551688563881, 12.141726209929434], [92.78556028145356, 12.141795556826738], [92.78560367726831, 12.141864903705976], [92.78564707308307, 12.141934249688958], [92.78569046889781, 12.14200359653209], [92.78573386471253, 12.142072943357169], [92.78577049172162, 12.142136115407107], [92.78580711783238, 12.14219928744207], [92.78584374394316, 12.142262458583845], [92.78588037095223, 12.142325630588848], [92.78591699796131, 12.14238880257885], [92.7859576206768, 12.142457427408551], [92.78599824429057, 12.142526053098772], [92.78603886700601, 12.142594677893118], [92.78607949061978, 12.142663303547957], [92.78612011333526, 12.142731928306935], [92.78616073605073, 12.142800553048216], [92.7862013596645, 12.142869178650004], [92.78624198237996, 12.142937803355919], [92.78628260599372, 12.14300642892234], [92.78632322870921, 12.143075053592884], [92.78636073427063, 12.143153609985587], [92.78639823983208, 12.14323216635511], [92.78643574539349, 12.143310722701466], [92.7864732509549, 12.14338927902464], [92.78651075651635, 12.143467834446461], [92.78654826207776, 12.143546390723301], [92.78658576763918, 12.143624946976963], [92.78662327320063, 12.143703503207407], [92.78666077876204, 12.14378205941471], [92.78669630892819, 12.143861308509079], [92.78673183909429, 12.143940558458064], [92.78676736836208, 12.144019807505236], [92.78680289852821, 12.144099057407047], [92.78683842779601, 12.144178306407058], [92.78687395796211, 12.144257555383493], [92.78690948812825, 12.144336805214543], [92.78694501739604, 12.144416054143766], [92.78697842574147, 12.144483838881131], [92.78701183408688, 12.144551623601231], [92.78704524243231, 12.144619408304104], [92.78707865167603, 12.144687192989688], [92.78711206002144, 12.144754977658021], [92.78715963300226, 12.144828678810127], [92.78720720598308, 12.144902380820001], [92.78725477806557, 12.144976081931306], [92.78730235104639, 12.145049783022193], [92.78734992402721, 12.145123484092684], [92.78739749700803, 12.14519718602096], [92.78744506909052, 12.145270887050652], [92.78749264207134, 12.145344588059936], [92.78753784888971, 12.14540852337473], [92.78758305570804, 12.145472459552433], [92.78762826252641, 12.145536394836554], [92.78767346844644, 12.145600330105292], [92.78771867526481, 12.145664265358702], [92.78776388208318, 12.145728201474958], [92.78780908890154, 12.145792136697654], [92.78775258397184, 12.145855610846535], [92.78769607904215, 12.145919084980239], [92.78763957411246, 12.145982558220638], [92.7875830691828, 12.146046032324088], [92.78752656335477, 12.146109506412397], [92.78747005842511, 12.146172980485607], [92.78741355349543, 12.146236453665423], [92.78735704856574, 12.146299927708366], [92.78730054363604, 12.146363401736131], [92.78722247644458, 12.146406149237562], [92.78714440925314, 12.146448896732096], [92.7870663420617, 12.146491645097989], [92.78698827397191, 12.146534393457047], [92.78691020678049, 12.146577140930985], [92.78683213958904, 12.146619888398103], [92.78677882188197, 12.146679233034781], [92.78672550417491, 12.146738576780013], [92.78667218556953, 12.146797921390244], [92.78661886786246, 12.146857265109052], [92.7865655492571, 12.146916609692779], [92.78659142073728, 12.146991300859334], [92.78661729221746, 12.147065992004896], [92.78664316369763, 12.147140683129505], [92.78666903517784, 12.147215374233186], [92.78669490665801, 12.147290065315875], [92.78672077813819, 12.14736475637761], [92.78674664872005, 12.14743944741838], [92.78677252020023, 12.147514138438234], [92.78683361013114, 12.147569357087324], [92.78689470096036, 12.147624576603217], [92.78695579089123, 12.147679795229408], [92.78701688082215, 12.147735013844173], [92.78707797165136, 12.147790233325667], [92.78713906158227, 12.147845451917519], [92.78717401592826, 12.147919732704088], [92.78720897117262, 12.147994013469944], [92.78724392551864, 12.148068294215049], [92.78727887986463, 12.148142574061243], [92.78731383510899, 12.148216854764925], [92.7873487903533, 12.148291135447845], [92.78738374469933, 12.148365416110066], [92.78746691432161, 12.148390124219747], [92.78755008304555, 12.148414831448948], [92.78763325266782, 12.148439538675857], [92.78771642139176, 12.14846424590048], [92.78779959101404, 12.148488954000998], [92.78788275973797, 12.148513661221013], [92.78796592936024, 12.148538369316979], [92.78801954800292, 12.148596380421962], [92.78807316664562, 12.148654390636162], [92.7881267861866, 12.148712401715866], [92.78818040482928, 12.148770412782962], [92.78823402347196, 12.148828422959186], [92.78828764211462, 12.14888643400099], [92.78834126165565, 12.14894444503015], [92.78839488029833, 12.149002455168448], [92.78844849894098, 12.149060466172289], [92.78852874634363, 12.14906809154864], [92.78860899374627, 12.149075716924735], [92.78868924114892, 12.149083342300653], [92.78876948855157, 12.14909096679814], [92.7888497359542, 12.149098592173587], [92.78888642674369, 12.149164094166132], [92.78892311753313, 12.149229596142533], [92.78895980832262, 12.149295098102842], [92.78899649911207, 12.149360600047016], [92.78903318990156, 12.149426101975061], [92.78907664051353, 12.149501856809263], [92.7891200911255, 12.149577611621913], [92.78916354173747, 12.149653366412961], [92.78920699234943, 12.149729121182496], [92.78925044296142, 12.149804875930416], [92.78929389357339, 12.14988063065681], [92.7893373441854, 12.149956385361614], [92.78938079479737, 12.15003214004488], [92.78944117865242, 12.150081818532131], [92.78950156250752, 12.150131497010106], [92.78956194636262, 12.150181176356972], [92.78962233021768, 12.150230854816437], [92.78968271407277, 12.150280533266589], [92.78972298285203, 12.150345232300893], [92.78976325163124, 12.150409931319471], [92.7898035204105, 12.15047462944411], [92.78984378918976, 12.150539328431227], [92.78988405796898, 12.150604027402608], [92.78993198039443, 12.150674184313793], [92.78997990371822, 12.150744341206469], [92.79002782614369, 12.15081449720243], [92.79007574856914, 12.150884654058123], [92.790109699497, 12.150961053068436], [92.79014365042484, 12.151037452056828], [92.79017760135267, 12.151113851023274], [92.7902115513822, 12.15119024908961], [92.79024550141175, 12.151266648012191], [92.79027945233962, 12.151343046912837], [92.79032000857974, 12.151407174866398], [92.79036056481986, 12.151471302804502], [92.79040112105999, 12.151535430727174], [92.79044167730011, 12.151599559512576], [92.79048223354027, 12.151663687404307], [92.7905227897804, 12.151727815280593], [92.79056334602052, 12.151791943141447], [92.79060029372818, 12.151861713337208], [92.7906372405375, 12.151931482636524], [92.79067418824512, 12.152001252795683], [92.79073219066638, 12.152055786406766], [92.79079019308766, 12.15211031912849], [92.79084819550891, 12.152164852717233], [92.79090619793017, 12.152219385416592], [92.79096420035145, 12.152273918982969], [92.79102220277271, 12.152328451659974], [92.79109373561879, 12.152362303944068], [92.79116526936319, 12.15239615622381], [92.79123680220926, 12.15243000849928], [92.79130833505532, 12.152463860770448], [92.79137986879972, 12.152497713915468], [92.79145140164579, 12.15253156617801], [92.791454775718, 12.15260253138881], [92.79145814889189, 12.152673496580643], [92.7914615229641, 12.152744461753544], [92.791464896138, 12.152815426907553], [92.79146827021019, 12.152886392042607], [92.79147885955078, 12.152968868383944], [92.79148944978965, 12.153051344699723], [92.7915000391302, 12.153133820111766], [92.7915106293691, 12.153216296376414], [92.79152121870968, 12.153298772615491], [92.79153180894856, 12.153381248828996], [92.79154239828911, 12.153463724138778], [92.791552988528, 12.15354620030114], [92.79156357786859, 12.153628676437942], [92.791587794652, 12.153701512759266], [92.79161201233374, 12.153774349938843], [92.79163622911717, 12.153847186220283], [92.79166044590062, 12.153920023359952], [92.79168466268403, 12.153992859601507], [92.79170888036579, 12.154065696701316], [92.79173309714922, 12.154138532903001], [92.7917354525319, 12.154220572401197], [92.79173780791456, 12.154302610995897], [92.79174016329725, 12.154384650443497], [92.7917425186799, 12.15446668898764], [92.79174487496088, 12.15454872838463], [92.79175904139295, 12.154629058822556], [92.79177320872327, 12.154709389236206], [92.7917873751553, 12.15478971962561], [92.79180154248566, 12.15487004999079], [92.79181570891768, 12.15495038033167], [92.79182987624804, 12.155030710648303], [92.79184404268007, 12.155111040940673], [92.79183871297548, 12.155180824316856], [92.79183338237257, 12.15525060767472], [92.791828052668, 12.155320391014289], [92.791909161555, 12.155321933968487], [92.79199027134031, 12.155323476922634], [92.79207138022733, 12.15532501987682], [92.79215249001264, 12.155326562830956], [92.79223359889963, 12.155328104906951], [92.79231470868497, 12.15532964786106], [92.79239581757196, 12.15533118993702], [92.7924698459379, 12.15532592966651], [92.79254387430385, 12.15532066851771], [92.79261790266979, 12.155315408246985], [92.79269193103572, 12.155310147097994], [92.79277186312969, 12.155313637845328], [92.79285179522368, 12.155317128592639], [92.79293172731764, 12.155320619339896], [92.79301165941165, 12.155324110087118], [92.79309159150561, 12.155327599956097], [92.79317152359961, 12.155331090703228], [92.79323393135898, 12.155384755994653], [92.79329633911841, 12.1554384203971], [92.79335874687783, 12.155492085666898], [92.79342115463726, 12.155545750047692], [92.79348488112352, 12.155601867158989], [92.79354860850808, 12.155657984258443], [92.79361233499434, 12.155714100467863], [92.79367606237894, 12.155770217543655], [92.79373978886518, 12.155826334607587], [92.79381992667335, 12.155844588326218], [92.79390006537986, 12.155862842043602], [92.79398020318801, 12.155881095759725], [92.79405668664963, 12.15586813655226], [92.79413317011122, 12.155855177344183], [92.79420965357284, 12.155842218135446], [92.79428613793277, 12.15582925892611], [92.79436262139438, 12.155816299716099], [92.794439104856, 12.155803340505503], [92.7945155883176, 12.155790381294272], [92.79459528415467, 12.155779047582264], [92.7946749799917, 12.155767713869798], [92.79475467582874, 12.155756380156822], [92.79482021421695, 12.155733056733455], [92.79488575260513, 12.155709734186177], [92.79495129099334, 12.15568641075871], [92.79501682938151, 12.155663087329184], [92.79509212706695, 12.155657212343229], [92.79516742475235, 12.155651338235336], [92.79524272333612, 12.155645463249114], [92.79531802102152, 12.155639588262762], [92.79539331870697, 12.155633713276298], [92.79547422637134, 12.155660837446671], [92.79555513403572, 12.155687961614323], [92.79563604170009, 12.155715085779214], [92.79571694936448, 12.15574220994133], [92.79579785702887, 12.155769334100674], [92.79586920931358, 12.155722450147147], [92.79594056159827, 12.155675566185327], [92.79601191298465, 12.155628683093425], [92.79608326526935, 12.155581799115103], [92.79616400674543, 12.155549061644304], [92.79624474732314, 12.155516324169511], [92.7963254887992, 12.155483586690698], [92.79639937882459, 12.155487051090496], [92.79647326974826, 12.15549051549028], [92.79654715977365, 12.155493979890029], [92.79662105069734, 12.155497445167901], [92.79669494072273, 12.155500909567534], [92.79677748511754, 12.155486510134796], [92.79686002951237, 12.155472109823092], [92.7969425739072, 12.155457710388804], [92.79702511830202, 12.15544331007555], [92.79710766269687, 12.155428910639694], [92.79717238361813, 12.155392973957996], [92.79723710543773, 12.15535703639325], [92.79730182635902, 12.155321099701831], [92.79736654817859, 12.155285163005566], [92.79743126909987, 12.155249226304441], [92.79751040708314, 12.155285938434556], [92.7975895450664, 12.155322651437757], [92.79766868215137, 12.155359363557732], [92.79774782013463, 12.155396075672655], [92.79783460098433, 12.155403836106375], [92.79792138183404, 12.155411595661715], [92.79800816268374, 12.155419356095013], [92.79809494353347, 12.155427115649895], [92.79818172438318, 12.155434876082712], [92.79826850523288, 12.155442635637147], [92.79834767645382, 12.155435861395091], [92.79842684767475, 12.155429088031047], [92.79850601889568, 12.155422313788636], [92.79858518921831, 12.155415539546096], [92.79866436043923, 12.155408765303354], [92.7987435316602, 12.155401991060433], [92.79881491897916, 12.155364937336165], [92.7988863071965, 12.155327883606743], [92.79895769451548, 12.155290829872156], [92.79902908183448, 12.155253776132403], [92.79910046915349, 12.155216722387486], [92.7991718573708, 12.155179668637416], [92.7992432446898, 12.155142614882193], [92.79931463200882, 12.155105561121792], [92.79935520531691, 12.155029850035458], [92.79939577862504, 12.154954138927598], [92.79943635193314, 12.154878428676364], [92.79947692524128, 12.154802717525413], [92.79951749854939, 12.154727006352925], [92.79955807185753, 12.154651295158846], [92.79959864516566, 12.15457558482142], [92.79963921847376, 12.154499873584276], [92.7996797917819, 12.154424162325595], [92.79975627704015, 12.154423573946069], [92.79983276319668, 12.154422984688393], [92.79990924845491, 12.154422396308881], [92.79998573461147, 12.154421807051179], [92.8000622198697, 12.154421217793502], [92.80014357489512, 12.15440152815546], [92.8002249308188, 12.154381837637791], [92.8003062858442, 12.154362147118622], [92.8003876417679, 12.154342456598052], [92.8004689967933, 12.154322766076007], [92.80055297669597, 12.154338574170293], [92.8006369574969, 12.154354383141815], [92.80072093739956, 12.154370191234205], [92.80080491820054, 12.154386000203857], [92.80088889810317, 12.154401808294379], [92.80094315724465, 12.154469369187561], [92.80099741638614, 12.154536930941743], [92.80105167552762, 12.154604491800615], [92.80110593377076, 12.154672052642322], [92.80116019291223, 12.154739613466843], [92.80121445205373, 12.15480717515239], [92.80126871119518, 12.154874735942636], [92.80135552079099, 12.154895517997614], [92.80144233128509, 12.154916300929141], [92.8015291408809, 12.154937082980837], [92.80161595137501, 12.154957865909145], [92.80170276097083, 12.15497864795761], [92.80178957146494, 12.15499943088262], [92.80187638106071, 12.155020212927866], [92.80194100047234, 12.155070225947092], [92.80200561988401, 12.155120238956954], [92.80207024019396, 12.155170251957376], [92.80213485960563, 12.155220264948435], [92.80219947901728, 12.155270277930054], [92.80226409842892, 12.155320290902297], [92.80234452639294, 12.155308680544994], [92.80242495435694, 12.155297069309004], [92.80250538321927, 12.155285458072559], [92.80258581118329, 12.155273847713728], [92.80266623914733, 12.155262236476238], [92.80274666711132, 12.155250626116416], [92.80282709597368, 12.155239014877907], [92.80290752393768, 12.15522740451708], [92.8029879519017, 12.155215794155719], [92.80306116639399, 12.155181734985245], [92.80313438178462, 12.155147674932204], [92.80320759627688, 12.155113614874788], [92.80328081076914, 12.155079555691236], [92.80335402526144, 12.155045496503282], [92.80342724065206, 12.155011436432812], [92.80350045514436, 12.15497737635798], [92.80349530150954, 12.155061959674127], [92.80349014697646, 12.155146543841543], [92.80348499334168, 12.155231127103875], [92.8034798397069, 12.155315711217488], [92.80347468607208, 12.15540029442607], [92.80346953153901, 12.155484878485895], [92.80346437790423, 12.155569461640686], [92.80345461142045, 12.155648286579579], [92.80344484403837, 12.155727111495114], [92.80343507755461, 12.155805937265443], [92.80342531107082, 12.155884762134262], [92.80341554368874, 12.15596358697976], [92.80340577720497, 12.156042411801865], [92.80338925808522, 12.156121486879819], [92.80337273806711, 12.156200562812465], [92.80335621894736, 12.156279637843449], [92.8033396989293, 12.156358712850883], [92.80332149636669, 12.15644357235187], [92.8033032947024, 12.15652843094762], [92.80328509213982, 12.156613290394437], [92.80326688957719, 12.156698148936028], [92.80327332061631, 12.156700931859456], [92.80319084898503, 12.156686972455288], [92.80310837645544, 12.156673012172243], [92.80302590482415, 12.156659052766626], [92.80294343229455, 12.15664509248208], [92.80286096066327, 12.156631133075011], [92.80277848903197, 12.156617173667179], [92.80269601650235, 12.156603214258622], [92.80261354487105, 12.156589254849328], [92.80253107234145, 12.156575295439309], [92.80244860071016, 12.15656133602855], [92.80236012114625, 12.156568173470275], [92.80227164158234, 12.156575010911823], [92.80218316112013, 12.156581848353179], [92.80209468155621, 12.15658868579437], [92.80202376944601, 12.156548500676413], [92.80195285823409, 12.156508316430552], [92.80188194612388, 12.15646813130042], [92.80181103401368, 12.156427946164218], [92.8017401228018, 12.156387761900138], [92.80166921069156, 12.156347576751827], [92.80168344090397, 12.156419734380071], [92.8016976711164, 12.15649189286695], [92.80171190043049, 12.156564050456073], [92.8017261306429, 12.156636208025617], [92.80171290205205, 12.156713431742995], [92.80169967346116, 12.156790655437957], [92.8016864448703, 12.156867879110528], [92.80167321627941, 12.156945101882505], [92.80165998679023, 12.157022325510205], [92.80164675819937, 12.1570995491155], [92.8016166224165, 12.157175160379554], [92.80158648663368, 12.157250770743953], [92.80155635085084, 12.157326381965044], [92.80152621506802, 12.157401992286456], [92.80150704501986, 12.15748392364162], [92.80148787407337, 12.157565854971516], [92.80146870402521, 12.157647785398021], [92.80144953307872, 12.157729716677435], [92.80143036303056, 12.157811647931636], [92.80138685851966, 12.157881769571718], [92.8013433549071, 12.157951890315124], [92.8012998503962, 12.158022011918261], [92.8012498869984, 12.158070289994589], [92.80119992360063, 12.158118567183973], [92.80114996020285, 12.15816684524277], [92.80109999680505, 12.158215122414623], [92.80103368586575, 12.15826805912481], [92.80096737492639, 12.15832099670265], [92.80090106398708, 12.158373933391795], [92.80083475304774, 12.158426870948556], [92.80076844210839, 12.158479807616594], [92.80074661394534, 12.158550551699307], [92.80072478578222, 12.1586212957632], [92.80070295761915, 12.158692039808281], [92.80068112945605, 12.158762783834531], [92.80065930219126, 12.158833527841953], [92.8006374740282, 12.158904271830583], [92.80060862642948, 12.158970822570412], [92.80057977883077, 12.15903737329355], [92.80055093033373, 12.159103924878238], [92.80052208183668, 12.15917047556807], [92.80049323423796, 12.159237026241273], [92.80045579425357, 12.159292519078514], [92.80041835516747, 12.159348011025989], [92.80038091518304, 12.159403503840025], [92.80034347519864, 12.159458995764346], [92.800312516559, 12.159530529931915], [92.80028155791938, 12.159602064958413], [92.80025059927974, 12.159673599087498], [92.8001986461136, 12.159724410358088], [92.80014669294744, 12.159775221618972], [92.8000947397813, 12.159826031991958], [92.80004278571684, 12.159876843233429], [92.8000622962265, 12.159953801683615], [92.80008180673615, 12.160030760111564], [92.8001013172458, 12.160107718517198], [92.80012082775546, 12.16018467690058], [92.80014033826512, 12.160261635261673], [92.80020189442168, 12.160299912457315], [92.80026344967989, 12.160338189647424], [92.80032500583638, 12.160376467710215], [92.8003865610946, 12.160414744889305], [92.80044811725112, 12.160453022941052], [92.80045251450446, 12.16053811911645], [92.80045691175779, 12.160623216142724], [92.80046130901108, 12.16070831226366], [92.8004657062644, 12.160793408357332], [92.80043625859109, 12.160869369833952], [92.80040681001944, 12.16094533216702], [92.80037736234613, 12.161021293600244], [92.80034791377447, 12.16109725588993], [92.80031846610112, 12.161173217279748], [92.80034498616496, 12.161242094564692], [92.80037150622877, 12.161310971831812], [92.80039802629258, 12.161379849959234], [92.8004245463564, 12.161448727190681], [92.80045106552191, 12.161517604404228], [92.80047758558572, 12.16158648159999], [92.80055109652207, 12.161627948940488], [92.80062460745837, 12.161669415396373], [92.8006981174964, 12.161710881845782], [92.80077162843273, 12.16175234916689], [92.80075828755244, 12.161828053948602], [92.80074494667214, 12.161903758708723], [92.80073160489356, 12.161979463447333], [92.80071826401327, 12.16205516816435], [92.80076694192188, 12.162115110892696], [92.8008156198305, 12.162175053607518], [92.80086429863744, 12.16223499630879], [92.80091297654606, 12.162294938996578], [92.80096165445468, 12.162354881670865], [92.80101033236329, 12.162414824331593], [92.8010308328164, 12.162498055563004], [92.80105133326948, 12.162581285890223], [92.80107183372257, 12.16266451706951], [92.80109233417568, 12.162747748222758], [92.80111283462877, 12.162830979349936], [92.8011333350819, 12.162914209572895], [92.80115383643329, 12.16299744064795], [92.80109493569674, 12.163032918785888], [92.80103603406188, 12.163068397797216], [92.80097713332533, 12.163103875925675], [92.80091823169045, 12.163139354049413], [92.8008526349118, 12.1631941962416], [92.80078703813312, 12.163249037544302], [92.80072144045613, 12.163303879713869], [92.80065584367746, 12.163358720993939], [92.80059566823151, 12.163414298151297], [92.80053549278558, 12.163469876175192], [92.80047531823794, 12.163525453309333], [92.800415142792, 12.163581031309985], [92.80035496734608, 12.163636608420857], [92.80027420610709, 12.163624735860433], [92.80019344576641, 12.163612864177612], [92.8001126845274, 12.163600991616105], [92.80003192418675, 12.163589119932228], [92.79995116294774, 12.163577247369679], [92.79987040260708, 12.163565375684746], [92.79978964136811, 12.163553503121117], [92.79972356848232, 12.163598834006331], [92.79965749469821, 12.163644164883785], [92.79959142181244, 12.163689495753555], [92.79952534802835, 12.163734826615539], [92.79945927514258, 12.163780156591676], [92.79939320135847, 12.163825487438215], [92.79931512518388, 12.163802313129503], [92.79923704900928, 12.163779137940619], [92.79915897373299, 12.163755963627862], [92.79908089755838, 12.163732788434931], [92.7990028213838, 12.163709614118105], [92.79892434456056, 12.163744394911806], [92.79884586773733, 12.163779175700965], [92.79876739181243, 12.163813956485546], [92.79868891498923, 12.163848737265608], [92.798610438166, 12.163883518919244], [92.79853196134276, 12.16391829969016], [92.79852684903047, 12.163992955347844], [92.7985217367182, 12.164067610984523], [92.7985166244059, 12.164142265722084], [92.79851151299196, 12.16421692131687], [92.79850640067968, 12.164291576890651], [92.79849857006535, 12.164351405833902], [92.79849073945103, 12.16441123476368], [92.79848290883669, 12.164471063680024], [92.79845803897804, 12.164543532601508], [92.7984331691194, 12.164616000625108], [92.79840829926076, 12.164688469507102], [92.79838342940212, 12.164760937491188], [92.79835855954347, 12.164833406333667], [92.79833368968482, 12.164905874278224], [92.79838245652665, 12.164952799641554], [92.7984312233685, 12.16499972499659], [92.79847999021031, 12.165046650343356], [92.79852875705215, 12.165093575681865], [92.79857528259735, 12.165143080117943], [92.79862180724423, 12.165192584544835], [92.79866833278943, 12.16524208896249], [92.79871485743631, 12.16529159337091], [92.79878593034496, 12.165312591512937], [92.79885700235529, 12.165333589653274], [92.79892807526394, 12.165354587791944], [92.79899914727427, 12.165375585928997], [92.79904848185137, 12.165428988385006], [92.79909781642846, 12.165482391708467], [92.79914715100553, 12.165535794143027], [92.79919648558261, 12.165589196566874], [92.79927288909417, 12.165619192122206], [92.79934929170739, 12.165649186796015], [92.79942569521896, 12.165679182344604], [92.79950209873047, 12.165709177889795], [92.79957850224206, 12.165739173431591], [92.79965490485525, 12.165769168091863], [92.79973130836682, 12.165799163626904], [92.79974374015201, 12.165878616038066], [92.79975617193725, 12.165958068425427], [92.79976860372244, 12.166037521667235], [92.79978103460935, 12.166116974007128], [92.79979346639458, 12.166196426323232], [92.79972971206054, 12.166252915273992], [92.7996659577265, 12.166309405090868], [92.79960220249417, 12.166365894895733], [92.79953844816013, 12.16642238381044], [92.79947469382613, 12.166478872713148], [92.799448603157, 12.166540674340899], [92.7994225124879, 12.166602476832415], [92.7993964227171, 12.166664278431426], [92.79941227528691, 12.166748565609945], [92.79942812785673, 12.16683285276172], [92.79944398042656, 12.166917139886765], [92.79945983299638, 12.16700142610693], [92.7994756855662, 12.167085713178505], [92.79949153813601, 12.16717000022335], [92.79953355952836, 12.167225924325653], [92.79957558002243, 12.167281847538048], [92.79961760141478, 12.167337771616786], [92.7996596219088, 12.167393694805646], [92.7997320180359, 12.16743046233765], [92.79980441416294, 12.167467229864593], [92.79987681029002, 12.167503997386433], [92.79994920641707, 12.16754076490317], [92.80002160344243, 12.167577532414873], [92.80009399956953, 12.167614299921432], [92.80016639569656, 12.167651067422918], [92.80023879182362, 12.167687834919313], [92.80031540464265, 12.167694655390337], [92.80039201746163, 12.167701475861183], [92.80046863028066, 12.16770829633181], [92.80054524220135, 12.167715116802313], [92.80062185502034, 12.167721937272624], [92.80069846783935, 12.167728757742744], [92.80078006181662, 12.167722018939141], [92.80086165579388, 12.167715279257184], [92.80094324887281, 12.167708540453212], [92.80102484285007, 12.16770180077095], [92.80109839421058, 12.167658139919503], [92.8011719464694, 12.167614478182808], [92.80124549782995, 12.167570817317012], [92.80120112285152, 12.167504659500338], [92.80115674697481, 12.16743850078905], [92.80111237199638, 12.167372342939437], [92.80106799611967, 12.167306184195173], [92.80102362114128, 12.16724002631261], [92.8010352354596, 12.167164896495315], [92.8010468497779, 12.167089766656787], [92.80105846409622, 12.167014636796988], [92.80112367280269, 12.16695993062622], [92.80118888150916, 12.166905224444156], [92.80125409021562, 12.166850518250845], [92.80124293134318, 12.166766801015958], [92.8012317724707, 12.166683082876599], [92.80122061359825, 12.166599365588965], [92.80120945472576, 12.166515647396846], [92.80119829585334, 12.166431930056481], [92.80121652985697, 12.166358153222873], [92.80123476386059, 12.16628437549058], [92.80125299786425, 12.166210598616008], [92.80127123186787, 12.16613682084279], [92.80135885713395, 12.166125539382051], [92.80144648240001, 12.166114257042706], [92.80145413245299, 12.166027934134428], [92.80146178160766, 12.165941612076248], [92.8014694316606, 12.165855289111864], [92.80147708081525, 12.165768966997591], [92.80148472996987, 12.165682643977167], [92.80149238002285, 12.165596320928676], [92.8015000300758, 12.165509998730297], [92.80150768012875, 12.165423675625766], [92.80154369358848, 12.165347598657581], [92.80157970704826, 12.165271520789503], [92.80161572050798, 12.165195443777758], [92.80165173396773, 12.165119365866119], [92.80168774742747, 12.165043288810864], [92.8017237608872, 12.164967210855677], [92.80176245491974, 12.164903565638271], [92.801801148054, 12.1648399212838], [92.80183984208652, 12.16477627603595], [92.80187853611908, 12.16471263077286], [92.80191722925332, 12.164648986372665], [92.80195592328586, 12.164585341079064], [92.80200074472698, 12.164512617506903], [92.80204556706639, 12.164439893036706], [92.80209038940579, 12.164367169424736], [92.80205670797251, 12.164334312729636], [92.80202302564095, 12.164301455152302], [92.80203838503569, 12.16424312694921], [92.80205374443042, 12.164184798733357], [92.80205654447914, 12.164097381027956], [92.80205934542619, 12.164009962415676], [92.80211890283123, 12.16394450271756], [92.80217846023625, 12.163879042125137], [92.80223801764129, 12.163813581516633], [92.80229757504628, 12.163748121770123], [92.80221724140539, 12.163725243390436], [92.80213690776448, 12.1637023641306], [92.80205657502188, 12.163679485746943], [92.80197624138096, 12.16365660736134], [92.80189590774005, 12.163633728973739], [92.80196890124675, 12.163585224467235], [92.80204189565181, 12.16353671995189], [92.80211488915853, 12.16348821542769], [92.80218788356358, 12.163439710016473], [92.80226087707028, 12.163391205474575], [92.80233387147534, 12.163342700923799], [92.80240686498209, 12.163294196364193], [92.8024798593871, 12.163245691795732], [92.80255285289385, 12.16319718721843], [92.80258424541975, 12.163243863489026], [92.80261563704735, 12.163290538873289], [92.80268229832964, 12.163243924081339], [92.80274896051024, 12.163197308403046], [92.80281562179255, 12.163150692716572], [92.80288228307484, 12.163104077021956], [92.80294894435711, 12.163057461319147], [92.80301560563942, 12.163010845608182], [92.80305358820627, 12.162971948828847], [92.8030915707731, 12.162933052043812], [92.80306962582901, 12.162859625499207], [92.80304768178324, 12.162786198934286], [92.80302573683919, 12.162712772349124], [92.80300379189512, 12.162639345743681], [92.80297921309061, 12.162559108174989], [92.80295463518446, 12.16247887146021], [92.80293005727826, 12.162398633843097], [92.80290547937211, 12.162318396201748], [92.80282155606332, 12.162287680188962], [92.80273763185622, 12.162256964172629], [92.80268731182723, 12.162300480138015], [92.8026369909, 12.162343996096238], [92.80256187557256, 12.162312128828738], [92.80248676024515, 12.162280262435546], [92.80241164491771, 12.162248395160399], [92.80233652959028, 12.162216527881435], [92.80230762809263, 12.162161788231437], [92.80227872749332, 12.16210704857018], [92.80224982599566, 12.16205230889765], [92.80226466436756, 12.161987797123134], [92.80227950184108, 12.161923286211096], [92.80229433931464, 12.161858774405244], [92.8023091767882, 12.161794262583772], [92.80236660518598, 12.161854009542616], [92.80242403358379, 12.161913755609874], [92.8024814628799, 12.161973502541873], [92.8025388912777, 12.162033248582299], [92.80260781002627, 12.162003321118267], [92.8026767287749, 12.161973393650863], [92.80274564752348, 12.161943466180087], [92.80281456627209, 12.161913538705916], [92.80287925485402, 12.161930231527833], [92.80294394343593, 12.161946923470532], [92.80300863201785, 12.161963616290326], [92.80308456391388, 12.161939185181577], [92.8031604949116, 12.161914754948702], [92.80323642680759, 12.161890323835465], [92.80331235780532, 12.161865892719973], [92.80338828970135, 12.161841461602243], [92.80346422069903, 12.161817030482274], [92.80354015259505, 12.161792599360014], [92.80360630183763, 12.161736249966053], [92.80367245197851, 12.161679900560157], [92.80373860122111, 12.161623551142316], [92.80380475046367, 12.161567201712527], [92.80387090060458, 12.161510852270807], [92.80393704984714, 12.16145450281714], [92.80401285058916, 12.16145896208896], [92.80408865133113, 12.16146342048255], [92.80416445117481, 12.161467878876053], [92.8042402519168, 12.16147233814763], [92.80428984431036, 12.161406744345053], [92.80433943580563, 12.161341151404432], [92.80438902819918, 12.161275557569452], [92.80443861969445, 12.161209964596477], [92.80448821208805, 12.161144370729131], [92.80448607499598, 12.161070465973424], [92.80448393880222, 12.16099656119717], [92.80448180171017, 12.160922656400357], [92.8044796646181, 12.160848750704847], [92.80447752752603, 12.160774845866966], [92.80447539043398, 12.16070094100854], [92.80450251147074, 12.160639671943017], [92.80452963160916, 12.16057840286341], [92.8045567526459, 12.160517132891515], [92.80458387368266, 12.160455863783639], [92.80458525618985, 12.160379399003974], [92.80458663779876, 12.160302935080448], [92.80458801940769, 12.160226470256761], [92.8045894019149, 12.160150005411118], [92.80464642786747, 12.160082903482115], [92.80470345382001, 12.160015801536206], [92.8047604806709, 12.1599486986952], [92.80481750662344, 12.159881596715397], [92.80480154176419, 12.159813912498242], [92.8047855778033, 12.159746229142014], [92.80476961384238, 12.159678544890395], [92.80475364988146, 12.159610860621537], [92.80476416915343, 12.15954133922165], [92.80477468752709, 12.159471818681773], [92.80478520679905, 12.159402297245565], [92.80479572607103, 12.159332776669329], [92.80480624534302, 12.159263255196734], [92.80485924324984, 12.15933090530576], [92.80491224025833, 12.159398555397548], [92.80496523816517, 12.159466205472148], [92.80501823517366, 12.159533855529496], [92.80507123308048, 12.159601505569668], [92.80512423008898, 12.15966915559263], [92.80519948196033, 12.159683517916156], [92.80527473472998, 12.159697879360742], [92.80534998660134, 12.159712241682705], [92.8054252384727, 12.159726604003916], [92.80550049124237, 12.159740965446149], [92.80557574311372, 12.15975532776582], [92.8056175201643, 12.159824151850263], [92.80565929721492, 12.159892975916907], [92.80570107426553, 12.159961799965766], [92.80574285131611, 12.16003062399676], [92.80578462836672, 12.160099448009959], [92.80587260577241, 12.160095963472543], [92.80596058317806, 12.160092478935088], [92.80604855968541, 12.160088993519432], [92.80613653709108, 12.160085508981876], [92.80622451449675, 12.16008202444428], [92.8063124919024, 12.160078539906635], [92.80640046840976, 12.1600750544908], [92.80648844581542, 12.160071569953066], [92.80656980443408, 12.160067540078087], [92.80665116395103, 12.160063509324907], [92.80673252256967, 12.160059479449801], [92.80681388208667, 12.160055448696493], [92.80689524070533, 12.160051418821272], [92.80696648788711, 12.1600220698415], [92.80703773506895, 12.159992719980345], [92.80710898314908, 12.159963370994134], [92.8071802303309, 12.159934021126505], [92.8072514775127, 12.15990467213378], [92.80732272469452, 12.159875322259674], [92.80739346163327, 12.159860405827303], [92.80743555399252, 12.159791851347538], [92.80747764725008, 12.159723296850105], [92.80751973960938, 12.159654742334986], [92.80756183286694, 12.159586187802198], [92.80760392522623, 12.159517633251776], [92.80765939619499, 12.159479159235305], [92.8077148671638, 12.159440685213275], [92.8077703381326, 12.159402211185672], [92.8078258091014, 12.159363737152509], [92.80787925706417, 12.159306711937063], [92.80793270592527, 12.159249686709352], [92.80798615388805, 12.159192660591277], [92.80803960274912, 12.159135635339114], [92.80809305071189, 12.15907861007475], [92.8081678929515, 12.159087249442148], [92.80824273519107, 12.159095888809292], [92.80831757743064, 12.159104528176142], [92.80839241967023, 12.159113167542726], [92.80846726190981, 12.15912180690903], [92.80854632353628, 12.159101783917027], [92.80862538516277, 12.159081760045396], [92.80870444678919, 12.159061737050378], [92.80878350841569, 12.159041713175732], [92.80884288705596, 12.158992365672866], [92.80890226659456, 12.158943018160878], [92.80896164523483, 12.158893670639706], [92.80902102477344, 12.158844323109399], [92.80908040341372, 12.158794975569906], [92.80906212179939, 12.158728088449244], [92.80904384108335, 12.158661201311713], [92.80902555946898, 12.15859431415735], [92.80900727785466, 12.158527426986218], [92.80906642383125, 12.158467692452351], [92.80912556980788, 12.158407958783213], [92.8091847157845, 12.158348224222554], [92.80924386176113, 12.158288489648434], [92.80930300773777, 12.158228755939069], [92.80936215371439, 12.158169021338118], [92.80944420852735, 12.158142749244604], [92.80952626244206, 12.158116478026644], [92.80960831725504, 12.158090205927925], [92.80969037116975, 12.158063934704801], [92.80977242598273, 12.15803766260088], [92.80981532143586, 12.157962178916215], [92.80985821688898, 12.157886694331937], [92.80990111234212, 12.157811210604375], [92.80994400869359, 12.157735726855387], [92.80998690414673, 12.157660243085028], [92.81002979959986, 12.157584758415053], [92.81007269505298, 12.157509274601793], [92.81015032566319, 12.15749501051569], [92.81022795537508, 12.157480746428837], [92.81030558598533, 12.157466482341206], [92.81038321569723, 12.157452218252775], [92.8104568937202, 12.157438663723688], [92.81053057174317, 12.157425109193928], [92.81060424976614, 12.15741155554162], [92.81067792689083, 12.15739800101046], [92.8107516049138, 12.1573844464786], [92.81082528293678, 12.157370891946067], [92.8108989115524, 12.157336230627752], [92.81097254016804, 12.157301569304934], [92.81104616878366, 12.157266907977599], [92.81111979739929, 12.157232246645773], [92.81119342601492, 12.157197584431215], [92.81126705463055, 12.15716292309033], [92.81134068324619, 12.157128261744955], [92.81141431186181, 12.157093600395026], [92.81149504615134, 12.157096486938316], [92.81157577954258, 12.157099374359758], [92.81165651383208, 12.157102260902985], [92.8117372481216, 12.157105147446199], [92.81181798241116, 12.157108033989363], [92.81189871580237, 12.157110921410677], [92.8119794500919, 12.157113807953777], [92.8119484932489, 12.157172191289215], [92.81191753640589, 12.157230574611816], [92.81188657956288, 12.157288957921592], [92.81189102802017, 12.157373556309675], [92.81189547737576, 12.15745815467089], [92.81189992583306, 12.157542753005158], [92.81190437518865, 12.157627351312518], [92.81190882364594, 12.157711949592997], [92.81189330524941, 12.157798243587465], [92.81187778685289, 12.15788453755393], [92.81186226935466, 12.157970831492406], [92.81184675095813, 12.158057125402841], [92.81183123256157, 12.158143419285315], [92.81187706999727, 12.158216127036342], [92.81192290653463, 12.158288834767497], [92.81196874397033, 12.15836154247878], [92.8120145805077, 12.158434250170178], [92.81206041794339, 12.158506957841691], [92.81210625537908, 12.15857966461518], [92.81215209191645, 12.15865237224695], [92.81219792935214, 12.158725079858808], [92.8122437658895, 12.158797787450819], [92.8122896033252, 12.158870495022935], [92.81236265073085, 12.158820317623482], [92.81243569813648, 12.158770141092754], [92.81250874554213, 12.15871996367436], [92.81258179294777, 12.158669786246511], [92.8126548403534, 12.158619608809174], [92.81272788775907, 12.158569432240546], [92.8128009351647, 12.158519254784277], [92.81287398257035, 12.158469077318555], [92.81294702997599, 12.158418899843369], [92.81302007738164, 12.15836872323688], [92.81309312478727, 12.15831854574275], [92.81316617219292, 12.158268368239167], [92.81323921959856, 12.158218190726068], [92.8133122670042, 12.158168014081717], [92.81338531440984, 12.158117836549724], [92.81345836181549, 12.158067659008255], [92.81353140922114, 12.15801748145732], [92.81360445662678, 12.15796730477507], [92.81367750403243, 12.157917127205206], [92.8137135363568, 12.157846449694697], [92.81374956778284, 12.157775772165397], [92.81378560010718, 12.157705094617333], [92.81383404714877, 12.157637997340426], [92.81388249329204, 12.157570899168409], [92.81393094033365, 12.157503801857661], [92.81397938737524, 12.157436704529955], [92.81402783351851, 12.157369606307165], [92.8140762805601, 12.15730250894563], [92.81414849073587, 12.157261111184116], [92.81422070091169, 12.157219712537989], [92.81429291108748, 12.1571783147636], [92.8143651212633, 12.157136916104585], [92.81443733143908, 12.157095518317295], [92.8145095416149, 12.15705411964543], [92.81458175179067, 12.157012721845229], [92.81465396196648, 12.156971323160477], [92.81460371200612, 12.156899522218922], [92.81455346204575, 12.156827721258015], [92.81450321208541, 12.156755920277734], [92.81445296212505, 12.156684119278026], [92.81440271216466, 12.15661231825898], [92.81442362674112, 12.156540386372995], [92.81449007332606, 12.156514184372316], [92.81455651901267, 12.156487983247242], [92.81462296559761, 12.156461781241397], [92.8146894112842, 12.15643557923297], [92.81476130525304, 12.156440358243444], [92.81483319832356, 12.156445137253831], [92.81490509229236, 12.156449915385977], [92.81497698536288, 12.156454694396183], [92.81504887933171, 12.156459473406315], [92.8151143377698, 12.156517726037825], [92.81517979530963, 12.156575977778385], [92.81524525374773, 12.156634230384373], [92.81531071128757, 12.156692482099412], [92.8153910646914, 12.156653368365752], [92.81547141809524, 12.15661425550452], [92.8155517723974, 12.156575141759358], [92.81563212580127, 12.156536028008434], [92.8157124792051, 12.156496915129924], [92.81579283260893, 12.156457801367486], [92.8158635282252, 12.156467301428222], [92.8159342229431, 12.156476800610463], [92.81600491855934, 12.156486300670522], [92.81607561327725, 12.156495799852078], [92.81614965332129, 12.156500192466009], [92.81622369336533, 12.156504585958041], [92.81629773430767, 12.156508978571834], [92.8163717743517, 12.156513372063726], [92.81644581439573, 12.156517764677366], [92.8165195642839, 12.156469081482097], [92.81659331327381, 12.15642039739976], [92.81666706316199, 12.156371714186692], [92.81674081215186, 12.156323030964732], [92.81681456204007, 12.156274346855664], [92.81688831102996, 12.15622566361583], [92.81696206091816, 12.156176979488938], [92.81703580990803, 12.15612829623133], [92.81701349575636, 12.156056364214448], [92.81699118250303, 12.15598443305629], [92.81696886835135, 12.15591250100049], [92.81694655419972, 12.155840568925289], [92.81691934063649, 12.155768943313273], [92.81689212617495, 12.155697318560199], [92.81686491261175, 12.155625692909648], [92.81683769815021, 12.155554068117961], [92.81681048458702, 12.155482442428838], [92.81681242584634, 12.155403043114248], [92.81681436710566, 12.15532364289778], [92.81681630746665, 12.155244243535803], [92.816818248726, 12.155164843271958], [92.81678450710561, 12.15509784019728], [92.81675076548524, 12.155030837105706], [92.81671702386483, 12.154963833997238], [92.81668328224444, 12.154896830871913], [92.81664954062407, 12.15482982772973], [92.8166157990037, 12.154762824570653], [92.81657061823647, 12.154705929217165], [92.81652543746925, 12.154649032973312], [92.81648025760033, 12.154592137595461], [92.81643507683312, 12.154535241327272], [92.81638989606591, 12.154478345925108], [92.81631948701227, 12.154438589039362], [92.8162490779586, 12.154398831269472], [92.81617866890498, 12.154359074371804], [92.81610825985129, 12.154319316590033], [92.81603785079763, 12.154279559680509], [92.81596744174401, 12.154239801886854], [92.81590095203994, 12.154207017707447], [92.81583446323417, 12.154174232645804], [92.8157679735301, 12.154141448458306], [92.81570148382605, 12.154108663388586], [92.81563889820019, 12.15406014133747], [92.81557631257434, 12.154011619277497], [92.81551372784683, 12.153963097208695], [92.815451142221, 12.153914575131001], [92.81538855659512, 12.15386605304449], [92.81532597096928, 12.153817530949127], [92.81526255080854, 12.15377004246341], [92.81519913154612, 12.153722553091008], [92.81513571138537, 12.15367506458831], [92.81507229212292, 12.153627575198987], [92.8150088719622, 12.15358008667934], [92.81494545180145, 12.153532597273047], [92.81488203253903, 12.153485108736456], [92.81481861237828, 12.153437619313177], [92.81474753677468, 12.15339432671213], [92.81467646117109, 12.153351033225869], [92.8146053864658, 12.153307740610737], [92.81453431086223, 12.153264447110354], [92.81446323525861, 12.153221154481127], [92.81439215965503, 12.153177860966686], [92.81436305962971, 12.153115699690895], [92.81433395960437, 12.153053537522423], [92.81430485868077, 12.1529913762176], [92.81427575865547, 12.152929214020084], [92.81425033273966, 12.152961335328639], [92.81422923850015, 12.15289822732057], [92.81420814336235, 12.152835119297514], [92.81420165033946, 12.152752905491703], [92.81419515641826, 12.152670691660461], [92.81418866339541, 12.152588477803826], [92.8142224292703, 12.152513004867414], [92.81425619604352, 12.15243753103144], [92.81428996281674, 12.152362058052205], [92.81432372958993, 12.152286585051572], [92.81435749546483, 12.152211112029539], [92.81439126223806, 12.15213563810788], [92.81442502901126, 12.152060165043052], [92.81440526697334, 12.15198681980247], [92.81438550583373, 12.151913475419837], [92.81436574469407, 12.151840130138812], [92.81434598355446, 12.151766784837571], [92.81432622241485, 12.151693440394318], [92.81430646127522, 12.151620095052646], [92.81430405648524, 12.151545226913006], [92.81430165259354, 12.151470359630464], [92.8142992478035, 12.151395491448689], [92.81429684301348, 12.151320624124047], [92.81429443822347, 12.151245755900149], [92.81423421606513, 12.151205079945672], [92.8141739939068, 12.15116440486314], [92.81411377174845, 12.151123728896222], [92.81405354959016, 12.15108305380126], [92.8139933274318, 12.151042377821913], [92.81393318881682, 12.150978315644666], [92.81387305020179, 12.15091425257381], [92.8138129124851, 12.150850190365698], [92.81375277387009, 12.150786127264016], [92.81369263525507, 12.150722065025054], [92.81360725308227, 12.150727313091952], [92.81352187090945, 12.150732561158698], [92.81343648873663, 12.150737810103557], [92.81335110656384, 12.150743058170137], [92.81326572439102, 12.15074830711478], [92.8131803422182, 12.150753555181119], [92.81311028620246, 12.150734937542303], [92.81304023018672, 12.150716319024012], [92.81297017506927, 12.150697701382574], [92.81290011905352, 12.15067908286169], [92.8128300630378, 12.150660465217694], [92.81274059802202, 12.15065464808183], [92.81265113210793, 12.1506488300677], [92.81256166709214, 12.150643012053404], [92.81247220207636, 12.15063719403902], [92.81238273616228, 12.15063137602447], [92.81229327114652, 12.150625558009805], [92.81223760614161, 12.15056145621361], [92.8121819411367, 12.15049735440197], [92.81212627703013, 12.150433252574935], [92.81207061202525, 12.150369150732406], [92.81201494702034, 12.150305048874456], [92.81195928201544, 12.15024094700105], [92.81195166520014, 12.150155501523663], [92.81194404838486, 12.150070055140722], [92.81193643156956, 12.149984609608476], [92.81192881475427, 12.14989916317065], [92.81192119793899, 12.149813717583534], [92.81191358112368, 12.149728271090813], [92.81199415371646, 12.149721496703291], [92.81207472630922, 12.149714721437352], [92.81215529890201, 12.149707946171285], [92.81223587059648, 12.149701171783217], [92.81231644318923, 12.149694397395008], [92.81239701578204, 12.14968762300661], [92.8124775883748, 12.14968084861802], [92.8125371969838, 12.149646945935746], [92.81259680469451, 12.149613043249161], [92.81265641330347, 12.149579139680085], [92.81271602101417, 12.149545236984862], [92.81265827461276, 12.149486220553793], [92.81260052731304, 12.149427204109609], [92.81254278091161, 12.149368187652373], [92.81248503361188, 12.149309171182006], [92.81252217805057, 12.149243188852257], [92.81255932248925, 12.149177205627971], [92.81259646692793, 12.149111223265477], [92.81256288790262, 12.149058065184256], [92.81252930887729, 12.14900490797059], [92.81249572985197, 12.1489517498681], [92.8125026846089, 12.148887380696959], [92.81250963936584, 12.14882301151026], [92.81251659412277, 12.148758642307975], [92.81246556981463, 12.148690811236493], [92.8124145455065, 12.148622981025888], [92.81236352119836, 12.148555149919789], [92.81234370615982, 12.148478179390098], [92.81232389022294, 12.148401208838193], [92.81230407518443, 12.148324238263985], [92.81234940956357, 12.148272652001172], [92.81239474484101, 12.148221064850157], [92.81236411318811, 12.148160314560583], [92.81233348243356, 12.148099565135317], [92.8123028507807, 12.148038814818007], [92.8122988667524, 12.147967612154499], [92.8122948818258, 12.147896408593795], [92.81229089689921, 12.147825205892223], [92.81237300381449, 12.14781415725599], [92.81245510983146, 12.147803108619323], [92.81244639257993, 12.1477179829025], [92.81243767532843, 12.14763285715845], [92.8124289580769, 12.147547730508975], [92.81242024082539, 12.147462604710487], [92.81244820897346, 12.14739026198723], [92.81247617801982, 12.147317918366102], [92.81250414706619, 12.147245575603534], [92.81253211521425, 12.147173232821272], [92.81256008336233, 12.147100890019377], [92.81258805151035, 12.147028547197829], [92.81261602055672, 12.146956203478396], [92.81264398870478, 12.146883860617486], [92.81272946789565, 12.146872051418175], [92.81281494798483, 12.146860241340129], [92.81290042717566, 12.146848431261523], [92.81298590636655, 12.146836622060649], [92.8130713864557, 12.146824811980986], [92.81315686564659, 12.146813002779068], [92.81324234483742, 12.146801193576577], [92.8133278249266, 12.146789383495376], [92.81341330411747, 12.146777573413665], [92.81348673510375, 12.146789445847848], [92.81356016609003, 12.146801318281495], [92.81363359797459, 12.146813190714584], [92.81370702896086, 12.146825062268986], [92.81378045994713, 12.146836934701057], [92.81380324840926, 12.146779312256776], [92.81382603687139, 12.146721688921813], [92.8138606741121, 12.146645465213599], [92.81389531135282, 12.146569240605364], [92.81392994859358, 12.1464930168535], [92.8139645858343, 12.146416793079792], [92.81399922307502, 12.146340568406062], [92.81403386031573, 12.14626434458873], [92.81395428305629, 12.146226116309661], [92.81387470579683, 12.146187887146908], [92.81379512853744, 12.14614965885686], [92.81371555127798, 12.146111429683103], [92.81363597401855, 12.146073201382062], [92.8135563967591, 12.14603497219735], [92.81363384141804, 12.145991188353015], [92.81371128517867, 12.145947404501506], [92.81378872983764, 12.145903620642745], [92.81386617359827, 12.145859836776832], [92.81394361825724, 12.14581605290372], [92.81402106201789, 12.14577226902337], [92.81405758751733, 12.145806440930436], [92.81409411301678, 12.145840612833114], [92.81417035393328, 12.145841226699568], [92.81424659484976, 12.145841840566062], [92.81432283576622, 12.145842455310719], [92.8143990766827, 12.145843069177213], [92.81445109452754, 12.145780388924397], [92.81450311327073, 12.145717708656825], [92.81455513111555, 12.145655028374456], [92.81451014438444, 12.145605641504096], [92.81446515855163, 12.145556254624564], [92.81442017182052, 12.145506866857657], [92.81437518508942, 12.14545747995978], [92.81443803841321, 12.145436729661483], [92.81450089173701, 12.145415979361545], [92.8145562629928, 12.14547359331882], [92.8146116333503, 12.145531207263666], [92.81466700460608, 12.145588821196005], [92.81473407462184, 12.145571790995248], [92.81480114373926, 12.145554761671587], [92.81486821375502, 12.145537732346844], [92.81483754077964, 12.145495914728091], [92.81480686690594, 12.14545409710275], [92.81485276093548, 12.145423187693439], [92.81489865496503, 12.145392277402323], [92.81488459902577, 12.145330220571342], [92.81487054398485, 12.14526816460406], [92.81485648804559, 12.145206107744148], [92.8148081568867, 12.145132869512654], [92.81475982482947, 12.145059631261073], [92.8147500349895, 12.144985479651423], [92.8147402442512, 12.144911327142923], [92.81468488018191, 12.144884744610529], [92.81462951611263, 12.144858162075526], [92.81462200170527, 12.144793892030455], [92.81461448729796, 12.144729621091688], [92.81455382496513, 12.144729056402422], [92.81449316263232, 12.144728491713156], [92.81441322964001, 12.144694225699228], [92.81433329664772, 12.144659958802668], [92.81425336365542, 12.14462569277991], [92.81417343066313, 12.144591425874522], [92.81409349767084, 12.144557159842961], [92.8140370960474, 12.144622139539395], [92.81398069532229, 12.144687118341777], [92.81396486071877, 12.144617181161705], [92.81394902521694, 12.144547243085034], [92.81389248345633, 12.144509037392892], [92.81383594169573, 12.144470831695251], [92.81377939993511, 12.144432625992168], [92.81372285817447, 12.144394420283563], [92.81368648808359, 12.14445212316127], [92.81362915670383, 12.144427320717446], [92.81357182532408, 12.144402517393079], [92.81351449394435, 12.144377714944635], [92.81356374228316, 12.144314878025153], [92.81361299062196, 12.144252040212606], [92.81360950156541, 12.144174464228772], [92.81360601161055, 12.14409688734413], [92.81360252255399, 12.14401931131508], [92.8135990325991, 12.143941734385209], [92.81361701507447, 12.143858237397449], [92.8136349975498, 12.143774740383469], [92.81365298002515, 12.143691243343346], [92.81367096250052, 12.143607746277025], [92.8136889449759, 12.143524249184525], [92.81360920062978, 12.143493917416281], [92.8135294562837, 12.143463584766389], [92.81344971193764, 12.143433252991237], [92.81336996759154, 12.143402921212626], [92.81329022324547, 12.143372589430554], [92.81321047889936, 12.143342257645047], [92.81313073545158, 12.143311925856079], [92.81305099110551, 12.14328159406364], [92.8129712467594, 12.14325126226775], [92.81289150241334, 12.143220930468415], [92.81281175806723, 12.143190598665631], [92.81273201372116, 12.143160266859374], [92.81265226937508, 12.14312993504967], [92.81257252502898, 12.143099603236504], [92.8124878327623, 12.143073346341334], [92.81240314049565, 12.143047089443554], [92.81231844822896, 12.143020832543167], [92.81223375596231, 12.142994575640223], [92.8121490627973, 12.142968318734683], [92.81206437053065, 12.142942061826535], [92.81197967826397, 12.142915804915818], [92.81189498599731, 12.142889548002517], [92.81181029373063, 12.142863291086584], [92.81172572543147, 12.142839348268804], [92.81164115713229, 12.1428154063271], [92.81155658883314, 12.142791463505047], [92.81147202053398, 12.142767520680803], [92.8113874522348, 12.14274357785441], [92.81130288393565, 12.142719635025893], [92.8112183156365, 12.142695692195199], [92.81113374733732, 12.142671749362343], [92.81104917903816, 12.142647806527338], [92.810964610739, 12.142623863690206], [92.81088004243983, 12.1425999208509], [92.81079547414068, 12.142575978009445], [92.81071846516464, 12.142553362152537], [92.81064145618859, 12.142530746293708], [92.81056444811085, 12.142508131311173], [92.8104874391348, 12.142485515448502], [92.81041043015877, 12.142462899583885], [92.81033342118272, 12.142440283717384], [92.81025516444674, 12.14241444391074], [92.8101769086091, 12.142388604979766], [92.81009865187312, 12.142362765168109], [92.81002039603544, 12.142336926232174], [92.80994213929945, 12.142311087293693], [92.80986948445762, 12.142292146758287], [92.80979682961573, 12.142273207099757], [92.80972417477389, 12.142254267439856], [92.80965151903368, 12.142235326900403], [92.80957886419183, 12.142216386359602], [92.80950620934996, 12.142197445817464], [92.80942194378306, 12.14218238524448], [92.80933767731783, 12.142167323792401], [92.8092534117509, 12.14215226233947], [92.80916914528568, 12.142137200885701], [92.80908487971878, 12.142122139431066], [92.80900310607848, 12.14211049863859], [92.80892133153982, 12.142098856967351], [92.8088395578995, 12.142087216173845], [92.80875778336089, 12.142075574501627], [92.80867600972059, 12.142063933707115], [92.80859423518194, 12.142052292033842], [92.80851246154162, 12.142040650360096], [92.80843068700302, 12.142029008685817], [92.80834891336269, 12.142017367889295], [92.80826713882405, 12.142005726213986], [92.80818536518375, 12.141994085416421], [92.80810359064513, 12.141982443740133], [92.80802191761612, 12.141971260493868], [92.80794024368882, 12.141960077247122], [92.8078585706598, 12.141948893999954], [92.80777689763082, 12.141937710752279], [92.8076952237035, 12.14192652750413], [92.8076135506745, 12.141915344255539], [92.80753187764549, 12.141904161006451], [92.80745020371816, 12.141892977756905], [92.80736853068917, 12.141881794506913], [92.80728685766017, 12.141870611256413], [92.80720518373283, 12.141859428005455], [92.80712351070383, 12.141848244754051], [92.80703968261648, 12.14183176847081], [92.80695585363078, 12.14181529130831], [92.80687202554344, 12.141798814144819], [92.80678819745606, 12.141782337858524], [92.80670436847039, 12.141765861571198], [92.80662054038302, 12.141749384404628], [92.80653671229564, 12.141732908115268], [92.80645288420827, 12.141716431824875], [92.80636905522259, 12.141699955533479], [92.8062852271352, 12.141683479241065], [92.80620139904784, 12.14166700294762], [92.80611757006217, 12.141650526653171], [92.80603374197479, 12.14163405035769], [92.80595258996865, 12.141619818793089], [92.80587143796254, 12.141605586349497], [92.80579028685472, 12.141591354783356], [92.80570913484856, 12.141577122338251], [92.80562798284244, 12.14156289077061], [92.80554683083628, 12.141548659202192], [92.80546567883016, 12.141534427633037], [92.80538452772234, 12.14152019606308], [92.8053033757162, 12.14150596449241], [92.80522222371005, 12.141491732920928], [92.80514047522259, 12.141474995783971], [92.80505872763342, 12.141458259524201], [92.80497697914593, 12.141441522385133], [92.80490666980528, 12.141456942192457], [92.80483636046462, 12.141472362877169], [92.80476605112396, 12.141487782682699], [92.80469574178329, 12.141503203365591], [92.80462543244263, 12.141518623169379], [92.80454502963143, 12.141530768086527], [92.80446462592192, 12.14154291300313], [92.80438422311074, 12.141555057919172], [92.80430381940123, 12.141567203712894], [92.804238118418, 12.141527261350468], [92.80417241743474, 12.141487319860227], [92.80410671555317, 12.141447377485765], [92.80404101456992, 12.141407435983565], [92.80397531358666, 12.141367493597157], [92.8039177279837, 12.141384734839944], [92.80386014327904, 12.141401976081623], [92.80380255767606, 12.14141921820041], [92.80374806048104, 12.14147088307459], [92.80369356328605, 12.14152254881697], [92.80363906609098, 12.141574213671111], [92.80356377110051, 12.141601153969802], [92.80348847700832, 12.141628093387531], [92.80341318201785, 12.141655033680776], [92.80333788702737, 12.1416819739713], [92.80325762435338, 12.141671823499664], [92.80317736078104, 12.141661672149406], [92.80309709810705, 12.141651521676993], [92.80303532815145, 12.141621406615945], [92.80297355819592, 12.141591291551487], [92.80291178734204, 12.141561176483608], [92.80285001738645, 12.141531061412305], [92.80280885029192, 12.141463384822732], [92.80276768409571, 12.14139570821592], [92.80272651700119, 12.141328031591959], [92.80271845641815, 12.141245974946694], [92.80271039493678, 12.141163918276161], [92.80276406119019, 12.141093624490669], [92.80281772744358, 12.141023330686666], [92.80287139279865, 12.140953037742317], [92.80292505815372, 12.140882743901203], [92.80297872440713, 12.140812450041503], [92.80291189424156, 12.14076860913214], [92.80284506497428, 12.140724769093765], [92.80277823480871, 12.140680928169974], [92.80271140554149, 12.140637088117174], [92.80264457537592, 12.140593248057158], [92.80258568002925, 12.140645973107741], [92.80252678468261, 12.140698699026068], [92.80246788933594, 12.140751424055773], [92.80240899309098, 12.140804149953237], [92.80235009774431, 12.140856874962065], [92.80229120239768, 12.14090959996041], [92.802232307051, 12.140962324948362], [92.80226441822914, 12.141029693409168], [92.802296528509, 12.14109706185294], [92.80232863968715, 12.141164430279654], [92.80229282295844, 12.141233279371436], [92.80225700622974, 12.141302128445432], [92.80222119039935, 12.141370976623378], [92.80218537367068, 12.141439825661765], [92.80211147915371, 12.141461978790687], [92.80203758463676, 12.14148413279603], [92.8019636901198, 12.14150628592129], [92.80188979560286, 12.141528439922919], [92.80181590108589, 12.141550593044501], [92.80174200656894, 12.141572747042439], [92.80166811205198, 12.141594900160332], [92.80161958416201, 12.141654389945147], [92.80157105537374, 12.14171388059492], [92.80152252748377, 12.141773370353159], [92.80147399959381, 12.141832860098154], [92.801461762743, 12.141914576691578], [92.80144952589222, 12.14199629413813], [92.80143728904142, 12.142078010681415], [92.8014250512923, 12.142159727199614], [92.80141281354317, 12.142241444570976], [92.80140057669237, 12.142323161039023], [92.80142189910396, 12.142370511930393], [92.80144322061723, 12.14241786281334], [92.80152390549942, 12.142411384199237], [92.80160459038161, 12.142404906463195], [92.8016852752638, 12.142398427848775], [92.80176596014599, 12.142391950112428], [92.80184664502818, 12.142385471497688], [92.80192732991038, 12.142378992882783], [92.80200801479255, 12.14237251426774], [92.80208869967474, 12.142366035652516], [92.80216938455695, 12.142359557037153], [92.80225006943911, 12.142353078421625], [92.80230662557278, 12.142406864011157], [92.80236318080814, 12.142460648711596], [92.80241973694177, 12.142514434279398], [92.80247629217713, 12.14256821895811], [92.80247292169818, 12.14263640024184], [92.80246955121925, 12.142704580629939], [92.80246618074027, 12.14277276187876], [92.80245323242377, 12.142853553421773], [92.80244028320895, 12.142934345818473], [92.80242733489246, 12.143015137312416], [92.80241438567762, 12.143095929660097], [92.80240143736113, 12.143176721105048], [92.80236896775517, 12.143244839879696], [92.80233649814926, 12.143312958636928], [92.8023040294416, 12.143381077376755], [92.80227155983567, 12.143449196099116], [92.80227618795601, 12.143511005712096], [92.80228081517804, 12.143572815310725], [92.80228544329839, 12.143634624895004], [92.80224715889761, 12.143699102478328], [92.80220887539515, 12.143763579167826], [92.80216152250158, 12.143728303084028], [92.80211416870969, 12.143693026995535], [92.80208078641542, 12.143764642684436], [92.80204740412114, 12.143836258354076], [92.80201402182688, 12.143907873126265], [92.80198063863426, 12.143979488757381], [92.80194725634, 12.144051104369236], [92.80187602083626, 12.144101426824195], [92.80180478443424, 12.144151750147863], [92.80173354893054, 12.14420207258379], [92.80169743216454, 12.144274056106562], [92.80166131539853, 12.14434604048807], [92.80162519863254, 12.144418023971914], [92.80158908186652, 12.144490008314493], [92.80155296510056, 12.144561991759417], [92.80147531652402, 12.144604866012427], [92.80139766794748, 12.144647741136756], [92.80132001937098, 12.14469061537595], [92.80124547088047, 12.144705227041566], [92.80117092149169, 12.144719838706358], [92.80109637300119, 12.144734450370372], [92.8010218236124, 12.144749062911773], [92.80097948601306, 12.144812698021758], [92.80093714841374, 12.144876333994755], [92.80089481171268, 12.144939969074322], [92.80085247501168, 12.145003604138658], [92.80081013741231, 12.145067239187844], [92.80076779981297, 12.145130875099966], [92.80072546311197, 12.145194510118719], [92.80064178324662, 12.145218061043602], [92.80055810248297, 12.145241611966398], [92.80047442261761, 12.145265162887146], [92.80039074185395, 12.145288713805781], [92.80030272312578, 12.145302238216479], [92.80021470349928, 12.145315762626486], [92.80012668477112, 12.145329287035848], [92.80003866514465, 12.145342811444483], [92.79995064641648, 12.14535633585243], [92.79986262678997, 12.145369860259692], [92.79980129161903, 12.145380999452817], [92.79973995554974, 12.145392138645448], [92.79967862037876, 12.145403276959417], [92.79959621971436, 12.145422896128377], [92.79951381905002, 12.145442515295835], [92.79943141838562, 12.145462134461896], [92.79934901772124, 12.145481753626504], [92.79926661705684, 12.145501372789676], [92.79918421639245, 12.145520992829587], [92.79910181572811, 12.145540611989869], [92.79901941506371, 12.14556023202688], [92.79893701439933, 12.145579851184223], [92.79887018782702, 12.145620319863236], [92.79880336035642, 12.145660789414316], [92.7987365337841, 12.145701258080988], [92.79867627479483, 12.145758509277098], [92.7986160158056, 12.145815761339042], [92.79855575681634, 12.14587301251052], [92.79849549782708, 12.145930264547847], [92.79843523883781, 12.145987515694708], [92.79837497984856, 12.146044767707417], [92.79831472085928, 12.146102019707838], [92.79825446187006, 12.146159271695943], [92.7981942028808, 12.146216522793518], [92.7981339429932, 12.146273774756992], [92.79807368400394, 12.14633102582995], [92.7980134250147, 12.146388276890592], [92.79795316602544, 12.146445527938907], [92.79787347108667, 12.146449127699944], [92.79779377704624, 12.146452727460893], [92.79771408210752, 12.146456327221829], [92.79763438716878, 12.146459926982688], [92.79755469312835, 12.14646352586532], [92.79747499818959, 12.146467125626064], [92.79739768378636, 12.146486400460427], [92.7973203693831, 12.14650567529339], [92.79724305587817, 12.146524950124952], [92.79716574147491, 12.14654422495513], [92.7970884270717, 12.14656349890568], [92.79701111266844, 12.146582773733057], [92.79701214034111, 12.146500444707353], [92.7970131671155, 12.146418115656205], [92.79701419478819, 12.146335785701385], [92.79701522156257, 12.146253456599323], [92.79704199495129, 12.146172786402156], [92.79706876923832, 12.146092116180535], [92.79709554262705, 12.146011445934501], [92.79717714199418, 12.146017082261327], [92.79725874136136, 12.146022717709851], [92.7973403407285, 12.146028354036474], [92.79739298020752, 12.145978064439355], [92.79744561878822, 12.145927774832746], [92.7974574540921, 12.145855388660225], [92.79746928939595, 12.14578300246806], [92.79748112469981, 12.1457106162562], [92.79751520408678, 12.145651900200036], [92.79754928437202, 12.145593184130922], [92.79758336375895, 12.145534468048883], [92.79752871115537, 12.145479930466953], [92.79747405855178, 12.145425391995664], [92.79749363104521, 12.145354890321586], [92.7975132026403, 12.145284389507035], [92.79753277513373, 12.145213887795617], [92.79755234762712, 12.145143386065524], [92.79750723423356, 12.145086838182724], [92.79746211994166, 12.145030290287915], [92.79738118981942, 12.145039933904728], [92.79730025969715, 12.145049577521212], [92.79721932957487, 12.145059221137338], [92.79713839945262, 12.145068864753133], [92.79705746933037, 12.145078508368561], [92.79697653920812, 12.145088151105417], [92.79689560908584, 12.145097794720183], [92.79682609834748, 12.14513589142992], [92.7967565885074, 12.145173987255971], [92.79668707776904, 12.145212083954844], [92.79661756703067, 12.145250180648233], [92.79663251230207, 12.145316238615464], [92.79658156165576, 12.145327426990487], [92.79653061100949, 12.14533861536504], [92.79651097204075, 12.145392073658051], [92.79649133307201, 12.145445531062112], [92.79650500093904, 12.145526552762746], [92.79651866880612, 12.145607573560497], [92.79653233667315, 12.145688595211807], [92.79649701491617, 12.145752250295994], [92.79646169405754, 12.145815905364964], [92.79642637230056, 12.14587956041872], [92.79636739880048, 12.145839840889415], [92.79630842530035, 12.14580012135422], [92.7962493520873, 12.145810772246353], [92.79619027797591, 12.145821423138052], [92.79613120476282, 12.145832074029334], [92.79606119635778, 12.145837010429252], [92.79599118795272, 12.14584194770727], [92.7959211786494, 12.145846884985186], [92.79585117024433, 12.145851821384825], [92.79579616280624, 12.145891686694611], [92.79574115626643, 12.14593155199842], [92.79566143527654, 12.145924706379539], [92.79558171518497, 12.145917860760468], [92.79552114807356, 12.145942721905271], [92.79546058096217, 12.145967582169533], [92.79540001385077, 12.145992443309668], [92.79535971542714, 12.145970058711184], [92.79531941610517, 12.145947674110817], [92.79532334443792, 12.145887257899108], [92.79532727366897, 12.145826840795461], [92.79525934845707, 12.145808979826276], [92.79519142234685, 12.145791118855922], [92.79512349713495, 12.145773257884345], [92.79506510484485, 12.145709157554196], [92.79500671165647, 12.145645056330372], [92.79494831846803, 12.145580955969345], [92.7948899252796, 12.14551685471467], [92.7948315329895, 12.145452754322767], [92.79477313980112, 12.145388653037227], [92.79471062693881, 12.145364201963934], [92.7946481140765, 12.145339750010224], [92.79460370047055, 12.145377241599867], [92.79455928596627, 12.145414734062458], [92.7945082948958, 12.14536772621368], [92.79445730292699, 12.14532071747838], [92.7944063118565, 12.145273708734774], [92.79434599447677, 12.145221251575938], [92.79428567709702, 12.145168794406771], [92.79422535971729, 12.1451163372273], [92.79416504233751, 12.145063880037473], [92.79410472495776, 12.145011422837303], [92.79416241746027, 12.14499877486486], [92.79422010906443, 12.144986126891858], [92.79420651036766, 12.144926069649664], [92.7941929116709, 12.144866012393972], [92.79413482211305, 12.144830172645365], [92.79407673255518, 12.14479433289195], [92.79404021424227, 12.144736845249957], [92.79400369503101, 12.144679356717322], [92.79396717671811, 12.144621869050496], [92.79392108416087, 12.144558505262093], [92.79387499070533, 12.144495140580386], [92.79387032934733, 12.144412352482732], [92.793865667091, 12.144329564359367], [92.79378197285259, 12.144305901823019], [92.79369827951254, 12.144282240162749], [92.79361458527413, 12.144258577622152], [92.79356294023013, 12.144207056437406], [92.79351129608443, 12.144155535242698], [92.79345965104044, 12.144104014037978], [92.79338700787669, 12.144097744479456], [92.79331436561124, 12.14409147579901], [92.79324172244746, 12.144085207118398], [92.793169080182, 12.144078938437659], [92.79309643701825, 12.144072669756742], [92.79307428186841, 12.14402143746801], [92.79305212582022, 12.143970205169396], [92.79300959328648, 12.143899180573186], [92.79296705985442, 12.14382815507983], [92.79292452732065, 12.143757130445733], [92.79288199478691, 12.143686104914492], [92.79289404478811, 12.143625247326119], [92.79290609568763, 12.143564388845638], [92.7929181465872, 12.143503531229479], [92.79287335658711, 12.143452835420312], [92.79282856658703, 12.143402139601504], [92.79278377658699, 12.143351443773051], [92.79279501540951, 12.143281673103004], [92.79280625423203, 12.143211902414665], [92.79281749305454, 12.143142131708082], [92.79282873187707, 12.14307236098319], [92.79283997069959, 12.143002590240005], [92.79278150744258, 12.142964147207861], [92.79272304418555, 12.142925705048373], [92.79266458092856, 12.142887262005123], [92.79258169786887, 12.14291738307055], [92.79249881480919, 12.142947503254366], [92.7924159317495, 12.142977624312985], [92.79235138599968, 12.142928753337157], [92.79228683935158, 12.142879882352386], [92.79220315858792, 12.142899627292183], [92.79211947872257, 12.14291937223054], [92.79203579795892, 12.142939117167437], [92.79195211809356, 12.142958861224642], [92.79186843732991, 12.142978606158612], [92.79179110945194, 12.143006659893151], [92.79171378247229, 12.14303471362475], [92.7916364545943, 12.143062768231601], [92.79155912761465, 12.143090821957298], [92.79148179973667, 12.143118875680043], [92.79142184347967, 12.143161008951493], [92.79136188632437, 12.143203142216315]], [[92.76647628380985, 12.100889876173824], [92.76656572726606, 12.10088551162928], [92.76665428139012, 12.100872460156237], [92.76674106673141, 12.100850853506632], [92.76682522090722, 12.100820904240344], [92.76690590668773, 12.100782911873587], [92.76698232277569, 12.100737252338961], [92.76705371009469, 12.100684379742267], [92.76711935807734, 12.100624821092604], [92.76717861454675, 12.10055916664055], [92.76723089200469, 12.100488069000168], [92.76727566942836, 12.100412236122228], [92.76731250215161, 12.100332419875953], [92.76734102366188, 12.100249414292275], [92.76736095188816, 12.100164045023904], [92.76737208740442, 12.100077159683433], [92.7673743197179, 12.099989621694988], [92.76736762726904, 12.099902301510673], [92.76735207653314, 12.09981606694856], [92.76732782112218, 12.099731774409307], [92.76729510358119, 12.099650262727392], [92.76725424730377, 12.099572340873973], [92.767205660125, 12.0994987835651], [92.76714982354189, 12.099430322477847], [92.76708729361158, 12.099367637466553], [92.76701869017164, 12.0993113512924], [92.76694469684003, 12.09926202435317], [92.76686604843857, 12.099220145899364], [92.76678352560332, 12.099186132277232], [92.76669794939438, 12.099160322536905], [92.76661017051642, 12.099142971405305], [92.7665210612335, 12.0991342527994], [92.7664315063862, 12.0991342527994], [92.76634239710324, 12.099142971405305], [92.76625461822528, 12.099160322536905], [92.76616904201634, 12.099186132277232], [92.76608651918109, 12.099220145899364], [92.76600787077967, 12.09926202435317], [92.76593387744802, 12.0993113512924], [92.76586527400808, 12.099367637466553], [92.76580274407779, 12.099430322477847], [92.76574690749467, 12.0994987835651], [92.76569832031589, 12.099572340873973], [92.76565746403847, 12.099650262727392], [92.76562474649752, 12.099731774409307], [92.76560049108652, 12.09981606694856], [92.76558494035064, 12.099902301510673], [92.76557824790176, 12.099989621694988], [92.76558048021525, 12.100077159683433], [92.76559161573151, 12.100164045023904], [92.76561154395777, 12.100249414292275], [92.76564006546806, 12.100332419875953], [92.7656768981913, 12.100412236122228], [92.76572167561497, 12.100488069000168], [92.76577395307295, 12.10055916664055], [92.76583320954235, 12.100624821092604], [92.76589885752497, 12.100684379742267], [92.76597024484398, 12.100737252338961], [92.76604666093193, 12.100782911873587], [92.76612734671244, 12.100820904240344], [92.76621150088825, 12.100850853506632], [92.76629828622956, 12.100872460156237], [92.76638684035362, 12.10088551162928], [92.76647628380985, 12.100889876173824]], [[92.77713103161318, 12.09566624884203], [92.77719728506034, 12.095692658847652], [92.77726353760917, 12.095719067972274], [92.7773297910563, 12.095745477972644], [92.77739604360518, 12.095771887092049], [92.77744523085855, 12.095721667074093], [92.77749441811191, 12.095671447046698], [92.77753749502473, 12.095602082891094], [92.77758057193755, 12.095532718717527], [92.77762364795205, 12.095463355404323], [92.77766672396658, 12.09539399119474], [92.77770980087939, 12.095324626967193], [92.77776987751065, 12.095385808274], [92.77782995504022, 12.095446989566785], [92.77789003167149, 12.095508170845578], [92.77795010830273, 12.095569352110388], [92.77802425794121, 12.09559867656414], [92.77809840847803, 12.095628001014724], [92.77817255811654, 12.095657325462078], [92.77824670775502, 12.095686649906211], [92.77827777149756, 12.095624893334604], [92.77830883434174, 12.095563136748723], [92.77833989808428, 12.0955013792702], [92.77837096182682, 12.095439622655782], [92.77844455630645, 12.095447936452416], [92.7785181498878, 12.095456249370443], [92.77858968992041, 12.095449760832297], [92.778661229953, 12.095443273172352], [92.77873276998561, 12.095436784633888], [92.77879008519565, 12.095409384676943], [92.77884740040572, 12.095381984717227], [92.77890767017479, 12.09542797543473], [92.77896793994383, 12.095473967022675], [92.77902820881455, 12.095519957724353], [92.77908847858359, 12.09556594841813], [92.77914019818776, 12.095557611787491], [92.77919191779192, 12.095549274278206], [92.77918913391285, 12.09547972036249], [92.77918634913549, 12.095410166428685], [92.77927597764464, 12.095410473859115], [92.77936560705211, 12.095410781289571], [92.77945523556129, 12.095411088720015], [92.77954486407042, 12.095411395272079], [92.77959935318061, 12.09540964116177], [92.7796538413925, 12.09540788792983], [92.77970779420843, 12.095356256298276], [92.77976174702441, 12.095304623778365], [92.77981569984038, 12.095252992126861], [92.77986965265636, 12.095201359587016], [92.77992636958844, 12.095223133584163], [92.77998308741884, 12.09524490757957], [92.78003980435095, 12.095266680694852], [92.78008000036664, 12.095204112409228], [92.78012019638237, 12.09514154323058], [92.78016039239805, 12.09507897491567], [92.78020058841373, 12.09501640658609], [92.78024078442947, 12.094953837363539], [92.78028098044516, 12.094891269004712], [92.78033742069616, 12.094834688510934], [92.78039386094713, 12.094778107126805], [92.78045030119813, 12.09472152660911], [92.78050674144909, 12.094664945201025], [92.78056363265438, 12.094632911735546], [92.78062052296131, 12.094600878266201], [92.78067741416658, 12.094568844793065], [92.7806357161677, 12.094523654127972], [92.78059401727053, 12.094478462576852], [92.78055231837337, 12.09443327189648], [92.78053716020125, 12.094349889414413], [92.78052200202914, 12.094266506906383], [92.78045020867165, 12.094319016246288], [92.78037841531413, 12.094371525575903], [92.7803066210583, 12.0944240348952], [92.78023482770081, 12.094476544204152], [92.7801503501315, 12.094497805288972], [92.78006587256218, 12.094519066372062], [92.77998139499283, 12.094540326575103], [92.77989691832185, 12.094561586776416], [92.77981244075251, 12.094582847854468], [92.7797279631832, 12.094604108052408], [92.7796434856139, 12.094625369127076], [92.77962590917704, 12.094703111477202], [92.7796083336385, 12.094780852926366], [92.77959075720166, 12.094858595231301], [92.77954639300305, 12.094811242935132], [92.77950202880442, 12.094763891508908], [92.7794576646058, 12.09471653919597], [92.77947227750052, 12.094670778490354], [92.77948689039523, 12.09462501689857], [92.77944428150471, 12.094570258099203], [92.77940167351244, 12.094515500166956], [92.77935906462189, 12.094460741345149], [92.77927731254113, 12.094492621993865], [92.77919556135872, 12.094524502638818], [92.77911380927796, 12.09455638327994], [92.77908633879659, 12.094502370207456], [92.77905886921351, 12.09444835800245], [92.77903139963044, 12.094394344908148], [92.77896664906474, 12.094382085413399], [92.77890189760078, 12.09436982503971], [92.77888043864525, 12.094297878119983], [92.77885897968974, 12.0942259303025], [92.7788645537361, 12.09414165093298], [92.77887012778243, 12.094057370658545], [92.77887570182875, 12.093973091235899], [92.7788812758751, 12.093888810908297], [92.77888684992142, 12.09380453143256], [92.77892065083064, 12.093727805104788], [92.77895445173984, 12.093651078754956], [92.77898825264901, 12.093574351504797], [92.77902205355824, 12.093497625110945], [92.77907850369067, 12.093460778866536], [92.77913495472144, 12.093423931738618], [92.7791914048539, 12.093387084605663], [92.7791948022823, 12.093304054027596], [92.77919820060902, 12.093221023423753], [92.77920159803745, 12.093137992794125], [92.77920499636416, 12.09305496213872], [92.77920839379256, 12.092971931457539], [92.77921179122094, 12.092888900750571], [92.77921518864936, 12.092805870017816], [92.77921858607775, 12.092722839259297], [92.77920159624078, 12.092639823407504], [92.7791846055055, 12.092556806651556], [92.77916761566856, 12.092473790748187], [92.77915062493327, 12.092390773940702], [92.77909086271235, 12.092392132798606], [92.77903109959314, 12.092393491656525], [92.77902744524654, 12.092314936130752], [92.77902379000166, 12.092236379703522], [92.7790201356551, 12.092157824131606], [92.7790164804102, 12.092079267658217], [92.77898531515804, 12.092004816728132], [92.77895414900757, 12.091930364898916], [92.77892298285711, 12.091855913927368], [92.77889181670665, 12.091781462056701], [92.77883472966867, 12.091732545690707], [92.77877764173235, 12.091683628437401], [92.77872055469435, 12.091634711175102], [92.77870007041093, 12.091573099479682], [92.77867958522918, 12.091511486891658], [92.77865910094577, 12.091449875167815], [92.77861488856243, 12.091376358665165], [92.77857067617907, 12.091302841263946], [92.77856514704851, 12.091217511301378], [92.77855961881627, 12.091132181311574], [92.77855408968567, 12.091046851294594], [92.77856522879522, 12.090968779364667], [92.77857636790473, 12.090890707411994], [92.77862262395534, 12.090823972787696], [92.77866887910764, 12.090757238146795], [92.77871867362215, 12.090693790417891], [92.77876846813666, 12.090630342673924], [92.7787930496361, 12.090572823159645], [92.77881763203384, 12.090515302754582], [92.77886453397316, 12.090457113883119], [92.77891143681074, 12.090398924120667], [92.77895833964837, 12.090340734345517], [92.77900524248598, 12.090282545436065], [92.7790521453236, 12.090224356514003], [92.77909904816123, 12.090166166700866], [92.77916976893029, 12.090163832818837], [92.77924048969935, 12.090161498936741], [92.77928913886187, 12.090218728670887], [92.77933778802439, 12.090275958392768], [92.77938643718691, 12.090333188102397], [92.77943508634945, 12.090390416921409], [92.7794837364103, 12.090447646606574], [92.77955866758309, 12.090440880375953], [92.77963020042915, 12.090455065480029], [92.77970173327522, 12.090469250583341], [92.77977326522299, 12.090483435685929], [92.77984479806906, 12.09049762078774], [92.77991633091514, 12.090511805888802], [92.77999093869444, 12.09048541820963], [92.78006554557541, 12.090459031406242], [92.78014015335472, 12.090432643721892], [92.78012358752254, 12.09036070189165], [92.78010702079207, 12.090288759163688], [92.78009045495993, 12.090216817294746], [92.7800157807053, 12.090216362288867], [92.78000984643454, 12.090153120853284], [92.78000391306209, 12.090089880281171], [92.77999797879131, 12.090026638815717], [92.78005499037081, 12.089969809586584], [92.780112001052, 12.089912980345366], [92.78016901263153, 12.089856151092073], [92.78024166028686, 12.089834831664495], [92.7803143079422, 12.089813511356793], [92.78038695469924, 12.089792191925792], [92.78045960235458, 12.089770871614693], [92.78048770614824, 12.089697288771207], [92.78051580994189, 12.089623706785886], [92.78054391373556, 12.089550123901905], [92.78048457641778, 12.089555501417392], [92.78049954235043, 12.089476856340495], [92.78051450828308, 12.08939821124048], [92.78052947421567, 12.089319566117338], [92.78054444014832, 12.089240920971065], [92.78048396736001, 12.089195203248217], [92.78042349367341, 12.08914948463915], [92.78035035553792, 12.089138884188946], [92.78027721830074, 12.089128284616718], [92.78020408016525, 12.089117685044055], [92.7801177484732, 12.0891010377323], [92.78003141678114, 12.089084390419513], [92.77994508508907, 12.089067743105685], [92.77990731901622, 12.089023099628703], [92.77986955294334, 12.088978456144316], [92.77987513237959, 12.088915383946112], [92.7798807109175, 12.088852311733074], [92.77982193325015, 12.088824555351849], [92.7797631555828, 12.08879679896771], [92.77970309601952, 12.08879498508323], [92.77964303645625, 12.08879317119871], [92.77958297689297, 12.088791357314175], [92.77953586295128, 12.088843693806977], [92.77948874811128, 12.08889603028955], [92.77944032352757, 12.088900432800772], [92.77939189894386, 12.08890483531189], [92.77937676233131, 12.088979621772927], [92.77936162482045, 12.089054408213022], [92.77932129585409, 12.089105644905816], [92.77928096688773, 12.0891568815888], [92.77933419566158, 12.08920374562119], [92.77938742443543, 12.089250608766955], [92.77939622972184, 12.089325067490837], [92.77940503410993, 12.089399526193983], [92.77941383849804, 12.089473983998012], [92.77942264378446, 12.089548442659707], [92.7793673569703, 12.089597865378812], [92.77933515416397, 12.089652469721003], [92.77930295135766, 12.089707073173646], [92.77929449192263, 12.089773989025174], [92.779248469434, 12.08980397993491], [92.77920244604707, 12.089833970841314], [92.77911911562634, 12.089819361441396], [92.77903578430734, 12.089804752040717], [92.7789593394733, 12.089829803754242], [92.77888289374094, 12.089854856343822], [92.77883684879441, 12.089800527857777], [92.77879080294957, 12.089746199360704], [92.77872742051807, 12.089748334729965], [92.77866403718825, 12.089750470099203], [92.77858559539935, 12.089709532669685], [92.7785071536104, 12.089668595233858], [92.77848157498102, 12.089594639045707], [92.7784559954533, 12.089520682837122], [92.77843041592558, 12.089446726608081], [92.7784048372962, 12.089372771237002], [92.77837925866677, 12.089298814967071], [92.77835367913904, 12.089224858676722], [92.77832810050967, 12.08915090236589], [92.77830252098195, 12.089076946034625], [92.77823072403116, 12.089108272180503], [92.77815892708041, 12.089139598322731], [92.77808712923134, 12.08917092446123], [92.77801533228056, 12.08920225059613], [92.77794353532981, 12.08923357672734], [92.77787173837902, 12.089264901976469], [92.77779994052995, 12.08929622810035], [92.77772814357915, 12.089327554220517], [92.77765344057846, 12.089371061885139], [92.77757873667943, 12.08941457042103], [92.77755275111319, 12.08948744975017], [92.777526765547, 12.08956032905945], [92.7775007808791, 12.08963320747048], [92.77747479621118, 12.089706086740055], [92.77744881064494, 12.08977896598977], [92.77749492566004, 12.089833724013413], [92.77754104067517, 12.089888482904241], [92.77758715479197, 12.089943240905468], [92.77763326980707, 12.089997998895486], [92.77771346690405, 12.089968920655329], [92.77777385704735, 12.090018296742043], [92.77783424719063, 12.090067671941268], [92.77782371624055, 12.090113061875478], [92.77781318529048, 12.09015845180199], [92.77784131423698, 12.090220271123295], [92.77786944318348, 12.0902820904303], [92.77789757302828, 12.090343909723005], [92.77792570197475, 12.090405729001438], [92.77798438082746, 12.090392726206607], [92.77804305968013, 12.090379723411127], [92.7780916890797, 12.090446625918549], [92.77814031847932, 12.090513527530836], [92.77818894787889, 12.090580430004787], [92.77814095089327, 12.090628751912515], [92.77809295390762, 12.090677072933138], [92.77808499483419, 12.090736133996076], [92.77807703576079, 12.090795194167596], [92.77806907578908, 12.090854255204455], [92.77809771587697, 12.090899688046179], [92.77812635596483, 12.090945120880182], [92.7781066172831, 12.090994955304836], [92.77808687770305, 12.091044789720193], [92.77799782231902, 12.091052853313164], [92.77790876783334, 12.09106091690588], [92.77781971244936, 12.091068981376734], [92.77773065706533, 12.091077044968992], [92.77768242741604, 12.09114910958068], [92.77763419686845, 12.091221175051361], [92.77758596721914, 12.091293239624221], [92.77763919599299, 12.091340390514551], [92.77769242566517, 12.091387541396562], [92.77774565443902, 12.09143469227029], [92.77775290563997, 12.09151204378808], [92.77781403779169, 12.091545483922438], [92.7778751690451, 12.091578923174218], [92.7779474555777, 12.091616188667668], [92.7780197421103, 12.091653454155914], [92.77809202864287, 12.09169071963897], [92.77808850724699, 12.09175135015158], [92.77808498585107, 12.09181197977208], [92.77801113085997, 12.091846459876091], [92.7779372758689, 12.091880939097257], [92.7778634208778, 12.091915419192375], [92.77789784252288, 12.091984112340544], [92.77793226326959, 12.092052805471104], [92.77796668491467, 12.092121499462362], [92.77800110566139, 12.092190192557606], [92.77803552730647, 12.092258885635205], [92.77803823932031, 12.09233056080488], [92.77804095223247, 12.09240223595532], [92.77804366424631, 12.092473911086586], [92.7780694360135, 12.09255425231644], [92.77809520778067, 12.092634593522158], [92.77812098044619, 12.092714935582135], [92.77814675221336, 12.092795276739587], [92.77817252398056, 12.092875617872929], [92.77815909506538, 12.092948745719136], [92.77814566525187, 12.09302187354532], [92.7781322363367, 12.093095001351529], [92.7780697953396, 12.093130591562709], [92.77800735434253, 12.093166181769144], [92.77794491334545, 12.0932017728492], [92.77788247234834, 12.09323736304613], [92.77782003135125, 12.093272953238355], [92.77777895947817, 12.093321529389701], [92.77773788760508, 12.09337010465384], [92.77776875281991, 12.093437410467631], [92.77779961803475, 12.093504717142842], [92.77783048235129, 12.093572022922741], [92.77787177520993, 12.093595037323302], [92.77791306717032, 12.093618050843448], [92.77799940245562, 12.093615121450847], [92.77808573774097, 12.093612191179801], [92.77817207302627, 12.0936092617871], [92.77825840831161, 12.093606332394359], [92.77834474359692, 12.093603403001616], [92.77841418696164, 12.093653043687643], [92.7784836312247, 12.09370268436446], [92.77855307458942, 12.093752325032066], [92.77852274207552, 12.093826922164782], [92.77849240956164, 12.093901519276647], [92.77846207794607, 12.093976115489358], [92.77843174543219, 12.094050712559634], [92.77840141291833, 12.09412530960911], [92.77837108130277, 12.094199906637733], [92.77834074968716, 12.094274502767188], [92.7783104171733, 12.094349099754236], [92.77824465959617, 12.09432808372459], [92.77817890112074, 12.094307067693316], [92.77811314354365, 12.094286051660374], [92.77804738506822, 12.09426503562578], [92.77797322285332, 12.094220747880518], [92.77789905974008, 12.094176459249523], [92.77782489752516, 12.09413217148958], [92.77775073441194, 12.094087883722297], [92.77770457807434, 12.09403517933723], [92.7776584208384, 12.093982474063424], [92.77761226360248, 12.093929769657592], [92.77756610636655, 12.093877064362987], [92.77751776622448, 12.093814743454788], [92.7774694260824, 12.09375242253202], [92.77742108683866, 12.093690102473156], [92.77737274759488, 12.093627781521343], [92.77732440835113, 12.093565460555041], [92.77727606820906, 12.09350313957421], [92.77722772896531, 12.093440818578836], [92.77719364598511, 12.09340176232425], [92.77715956210659, 12.093362706063951], [92.77712992668539, 12.093285616838605], [92.77710029216247, 12.0932085284694], [92.77707065674127, 12.093131439199563], [92.77702408089041, 12.09306118282896], [92.77697750503955, 12.09299092556149], [92.77693092918871, 12.092920669153953], [92.77688435243952, 12.092850411849575], [92.77683777658869, 12.092780155405132], [92.77679120073785, 12.092709898063834], [92.77674462488697, 12.09263964158247], [92.7766987281625, 12.092589847869856], [92.77665283053966, 12.092540053269575], [92.77660693381516, 12.092490259538412], [92.77656103709069, 12.092440464919619], [92.77648622359719, 12.092393372196494], [92.77641141100203, 12.09234628034344], [92.77633659750852, 12.092299188482093], [92.77626178401505, 12.092252096612437], [92.77618697052154, 12.092205003856158], [92.77611215792636, 12.09215791196995], [92.77603734443286, 12.09211082007545], [92.77597040557114, 12.092084615257827], [92.77590346670944, 12.092058409559295], [92.77583652784772, 12.092032204736547], [92.77576958898601, 12.09200599991124], [92.77570265012433, 12.091979795083367], [92.77563934315128, 12.091931584096095], [92.77557603527997, 12.091883372221778], [92.77551272830695, 12.091835161217128], [92.7754494204356, 12.091786949325435], [92.77538611346259, 12.091738738303405], [92.77532280559124, 12.091690527272688], [92.77526929744137, 12.091640998655667], [92.77521121237508, 12.091605902777122], [92.77515312820712, 12.091570807772365], [92.77509504314088, 12.091535711884662], [92.7750369580746, 12.091500615992326], [92.77497209611782, 12.091445390130323], [92.77490723505937, 12.091390164256934], [92.77484237310257, 12.091334938372144], [92.77477751204411, 12.091279712475933], [92.77471265008737, 12.091224486568333], [92.77464388854393, 12.091183720649743], [92.77457512610218, 12.09114295472497], [92.77450636455879, 12.091102188794004], [92.77443760211703, 12.091061421978408], [92.7743688405736, 12.091020656034997], [92.77430007813189, 12.090979890085341], [92.77423194001923, 12.090944223168279], [92.77416380280496, 12.090908557124852], [92.77409566469233, 12.090872890198273], [92.77402752657972, 12.090837223266936], [92.77395938936542, 12.090801557209222], [92.7738912512528, 12.090765890268369], [92.77384931070883, 12.090691711273024], [92.77380737016485, 12.090617532257081], [92.77376542962085, 12.090543352342186], [92.77372348907686, 12.090469173285125], [92.77367010399615, 12.0904202171516], [92.77361671801715, 12.09037126013075], [92.77356333293645, 12.090322303100931], [92.77348984805126, 12.090319900705861], [92.77341636226777, 12.090317497432371], [92.77334036479472, 12.09030036268911], [92.77326436822, 12.090283228823147], [92.77318837074695, 12.090266094077698], [92.77311237327392, 12.090248959331142], [92.77305400344171, 12.090212531631035], [92.7729956345078, 12.090176104804385], [92.77293726467558, 12.090139677094394], [92.77288053247214, 12.090084513317086], [92.77282379937036, 12.090029348650049], [92.77279025088775, 12.089963726731776], [92.77275670330349, 12.08989810479737], [92.77272315482088, 12.089832482846884], [92.77268960633828, 12.089766860880317], [92.77263908239175, 12.0896993600183], [92.77258855754691, 12.089631858260852], [92.77253803360038, 12.089564357364775], [92.77248750965389, 12.089496855573257], [92.77243440035595, 12.08944786763968], [92.77238129195634, 12.089398879697123], [92.77232818265844, 12.08934989174561], [92.77227775932323, 12.089293368053395], [92.77222733508968, 12.089236844349236], [92.77217691175449, 12.089180320633169], [92.77212648752095, 12.08912379690513], [92.77207606418573, 12.089067273165131], [92.77201431938299, 12.089017744940744], [92.77195257368194, 12.08896821670721], [92.77189082887921, 12.088918689342895], [92.77182908317815, 12.08886916109099], [92.77176733837541, 12.088819632829924], [92.77169576869841, 12.088793165928351], [92.77162419902142, 12.088766699024132], [92.77155263024274, 12.088740232117317], [92.77148106056575, 12.088713765207855], [92.77140949088871, 12.088687298295824], [92.77133792121175, 12.088660831381121], [92.77130260664127, 12.08873882229395], [92.77126729207082, 12.088816813184042], [92.77123197660207, 12.088894804051401], [92.77119666203158, 12.088972794895986], [92.77111455960791, 12.08894034878196], [92.7710324562859, 12.088907902664003], [92.77095035386218, 12.088875456542077], [92.77086825143846, 12.088843010416257], [92.77078614811644, 12.088810564286455], [92.77070404569272, 12.08877811815276], [92.7706238216463, 12.088753647837938], [92.77054359759985, 12.08872917664247], [92.77046337355338, 12.088704706323183], [92.77038314950694, 12.088680236001618], [92.77030292546048, 12.088655765677853], [92.77022270051573, 12.088631294473428], [92.77014247646929, 12.088606824145172], [92.77006225242282, 12.088582353814664], [92.76998202837639, 12.08855788348194], [92.76990180432995, 12.088533413146978], [92.76983113296822, 12.088479278517944], [92.76976046160651, 12.088425143877943], [92.76968979024478, 12.088371009227], [92.76961911888307, 12.088316874565129], [92.76954844662305, 12.08826273901386], [92.76947777526134, 12.088208604330044], [92.76940710389961, 12.088154469635324], [92.7693364325379, 12.0881003349296], [92.76926576117617, 12.088046200212935], [92.76918544370494, 12.088011544818071], [92.7691051253354, 12.087976888540274], [92.76902480786414, 12.08794223313643], [92.76894448949459, 12.08790757684969], [92.76886417202334, 12.08787292055847], [92.76878385455213, 12.087838265141126], [92.76870353618257, 12.087803608840913], [92.76862321871131, 12.0877689534146], [92.76854290034177, 12.087734297105417], [92.76846258287051, 12.087699641670149], [92.76838226450096, 12.087664985351983], [92.76830194702976, 12.087630329907707], [92.76821991736956, 12.087598234111793], [92.76813788681108, 12.087566138312061], [92.76805585715093, 12.087534043386869], [92.76797382659244, 12.087501947579389], [92.76789179693225, 12.08746985176808], [92.76781225111387, 12.087454145118922], [92.76773270439713, 12.087438437590466], [92.76765315857871, 12.087422730939474], [92.767573611862, 12.087407023409174], [92.76753972920612, 12.087480585801046], [92.76750584655022, 12.087554148172662], [92.76747196479266, 12.087627710524089], [92.76743808213678, 12.087701272855288], [92.76738891105306, 12.087770456353248], [92.76733973996937, 12.087839638954915], [92.76729056888564, 12.087908822417113], [92.76724139780195, 12.087978005861412], [92.76719222671822, 12.088047189287822], [92.76714305653283, 12.088116371817954], [92.76709388544914, 12.08818555520859], [92.76704471436543, 12.088254738581325], [92.76699554328174, 12.088323921057755], [92.76694637219802, 12.088393104394715], [92.76689616086522, 12.0884636799707], [92.76684594953238, 12.088534256406437], [92.76679573909793, 12.088604831945169], [92.76674552866342, 12.088675407465301], [92.76669531733063, 12.088745982966795], [92.76664510599781, 12.08881655844969], [92.766594894665, 12.088887134792326], [92.76654468423051, 12.08895771023797], [92.766494473796, 12.089028285664964], [92.76644426246321, 12.089098861951788], [92.76639405202872, 12.08916943734157], [92.76634384069591, 12.089240012712711], [92.76630119048285, 12.089300979326898], [92.7662585393715, 12.08936194680556], [92.76621588915845, 12.089422913391912], [92.76617323804705, 12.08948387996441], [92.76624792757302, 12.089524059376172], [92.76632261799732, 12.089564238781852], [92.76639730752333, 12.08960441818154], [92.76647199794763, 12.089644597575186], [92.76654668747359, 12.089684776962802], [92.76662137699957, 12.089724956344385], [92.76669606742387, 12.089765135719915], [92.76677075694988, 12.0898053150894], [92.76684544737415, 12.089845494452868], [92.76692013690014, 12.089885673810308], [92.76699482642611, 12.089925853161715], [92.76706951685043, 12.08996603250708], [92.76714420637639, 12.090006210968008], [92.76721889590239, 12.0900463903013], [92.76729358632669, 12.09008656962856], [92.76736827585266, 12.09012674894979], [92.76744296627697, 12.09016692826494], [92.76751765580295, 12.090207107574097], [92.76758829752025, 12.090248316349914], [92.76765893833927, 12.09028952511937], [92.7677295800566, 12.090330733882451], [92.76780022087557, 12.090371942639198], [92.76787086169456, 12.090413151389635], [92.76794150341188, 12.090454360133684], [92.7680121451292, 12.090495568871374], [92.76808278594818, 12.090536777602725], [92.76813966008545, 12.09059607586156], [92.76819653422271, 12.090655373228836], [92.76825340835998, 12.090714671461349], [92.76831028249725, 12.090773969680706], [92.76836715663451, 12.090833267008568], [92.76842403167011, 12.090892565201667], [92.76848090580738, 12.09095186250318], [92.76853777994465, 12.091011160669996], [92.76859465408191, 12.091070458823618], [92.76865152821918, 12.091129756085731], [92.76870840235645, 12.091189054213068], [92.76878009779759, 12.09121034542437], [92.76885179323874, 12.091231637512358], [92.76892348867987, 12.091252928720262], [92.7690130084929, 12.091258519649417], [92.7691025274076, 12.091264110578456], [92.76919204722059, 12.091269701507342], [92.7692815670336, 12.09127529243614], [92.76937108684662, 12.091280883364837], [92.7694606057613, 12.091286474293392], [92.76955012557428, 12.091292065221808], [92.7696396453873, 12.091297656150148], [92.76972916430199, 12.091303246199967], [92.76981868411502, 12.091308837128066], [92.76990523589433, 12.09131334412753], [92.76999178677531, 12.091317851126894], [92.77007833855461, 12.091322358126204], [92.77016488943563, 12.091326865125415], [92.77025144121494, 12.091331372124548], [92.77033799209592, 12.091335879123632], [92.77042454387522, 12.091340386122612], [92.77051109475623, 12.09134489224315], [92.7705904573183, 12.091366067495091], [92.77066981988041, 12.091387242745364], [92.77074918244251, 12.091408417115554], [92.7708285441063, 12.091429591484077], [92.77090790666836, 12.091450766729327], [92.77098726923047, 12.091471941094477], [92.77106663179254, 12.09149311633638], [92.7711245398907, 12.091548792800225], [92.77118244798886, 12.091604469252477], [92.77124035608702, 12.091660145693142], [92.77129826328688, 12.091715822122215], [92.77135617138504, 12.091771499418066], [92.77143403735388, 12.091789841845916], [92.77151190422101, 12.091808184272494], [92.77158977018983, 12.09182652669785], [92.77166763615867, 12.091844869121909], [92.7717455030258, 12.091863211544721], [92.77182336899465, 12.091881553087893], [92.771875641961, 12.091943905190071], [92.7719279149274, 12.092006257277719], [92.77198018789379, 12.092068609350813], [92.77203246086019, 12.092130960530998], [92.77208473472487, 12.09219331257501], [92.77215596663532, 12.092237625250807], [92.77222719944409, 12.092281938797631], [92.77229843135454, 12.092326251458708], [92.77236966326498, 12.092370564112471], [92.77244089607375, 12.09241487763726], [92.77251212798423, 12.092459190276317], [92.77258462472258, 12.092502613985184], [92.77265712146097, 12.09254603768703], [92.77272961819934, 12.09258946138179], [92.77280211583601, 12.092632885069502], [92.77287461257441, 12.092676308750164], [92.7729471093128, 12.092719732423818], [92.77301960605115, 12.092763156090372], [92.77306759585026, 12.09282898461978], [92.77311558475107, 12.092894813132968], [92.77316357365184, 12.092960640751555], [92.77321156345096, 12.093026469232338], [92.77325955325006, 12.093092297696927], [92.77334404519242, 12.093112444227234], [92.77342853713478, 12.093132590756026], [92.77351302907715, 12.09315273816166], [92.77359752101951, 12.093172884687425], [92.77368201296187, 12.093193032090031], [92.77376650490424, 12.093213178612743], [92.77383679627859, 12.093247456508754], [92.77390708765294, 12.09328173440035], [92.77397737992563, 12.093316013165937], [92.77404767129997, 12.093350291048756], [92.77411796267431, 12.093384569805565], [92.77418825404867, 12.093418847679565], [92.7742671126559, 12.093434553100115], [92.7743459703648, 12.093450258519697], [92.774424828972, 12.093465963938364], [92.7745036866809, 12.093481669356127], [92.77458254528814, 12.09349737565134], [92.77463959280024, 12.09355565345591], [92.77469664031234, 12.093613931247807], [92.77475368782449, 12.093672209027009], [92.77482897473013, 12.093708905917993], [92.77490426163577, 12.09374560280395], [92.77497954854141, 12.093782299684905], [92.77505483454875, 12.093818996560787], [92.7751301214544, 12.09385569343163], [92.77520540836004, 12.093892391175803], [92.77528069526566, 12.093929088036584], [92.77531772651666, 12.09399237776838], [92.7753547577676, 12.09405566748524], [92.77539178901856, 12.094118956308682], [92.7754288202695, 12.094182245995544], [92.77549486261259, 12.094238296966317], [92.77556090495563, 12.094294348803741], [92.77562694729869, 12.094350399750978], [92.77569298964174, 12.09440645068651], [92.7757590310865, 12.094462501610288], [92.77582507342954, 12.094518553400675], [92.77589111577261, 12.094574605179336], [92.77589005396395, 12.094647237157286], [92.77588899125698, 12.094719869115517], [92.77595931317403, 12.09476245887955], [92.77602963419278, 12.094805047758449], [92.77609995610986, 12.094847636630567], [92.77617027712861, 12.09489022549589], [92.7762405990457, 12.094932815232813], [92.77631092006445, 12.094975404084575], [92.77638124198151, 12.095017993807911], [92.77645825005925, 12.095053157751789], [92.77653525813699, 12.095088321691048], [92.7765663281677, 12.095152144321233], [92.77659739819845, 12.095215966936149], [92.77662846912747, 12.095279789535837], [92.77665953915823, 12.095343612120324], [92.7767207458701, 12.095338081884282], [92.77678195258198, 12.095332552526557], [92.77684315929386, 12.095327022290325], [92.7768911383132, 12.095383560518005], [92.77693911643422, 12.095440097855395], [92.77698709545352, 12.095496636059156], [92.77703507447286, 12.095553173372604], [92.77708305349218, 12.095609711552486], [92.77713103161318, 12.09566624884203]], [[92.74238009651249, 12.095571998645779], [92.7424695399687, 12.095567634014367], [92.74255809409276, 12.095554582281665], [92.74264487943404, 12.09553297520224], [92.74272903360988, 12.095503025340104], [92.74280971939037, 12.095465032217472], [92.74288613547833, 12.09541937177449], [92.74295752279734, 12.095366498125912], [92.74302317077999, 12.095306938291378], [92.74308242724939, 12.095241282533161], [92.74313470470734, 12.095170183478333], [92.74317948213098, 12.095094349091754], [92.7432163148543, 12.095014531257618], [92.74324483636455, 12.094931524022634], [92.7432647645908, 12.094846153055936], [92.74327590010705, 12.094759265987014], [92.74327813242054, 12.094671726257138], [92.7432714399717, 12.094584404335693], [92.74325588923581, 12.094498168058115], [92.74323163382482, 12.094413873842036], [92.74319891628386, 12.094332360538573], [92.74315806000642, 12.094254437135104], [92.74310947282763, 12.094180878362973], [92.74305363624451, 12.094112415913857], [92.74299110631422, 12.094049729655557], [92.7429225028743, 12.093993442361771], [92.74284850954267, 12.093944114441328], [92.74276986114123, 12.093902235154458], [92.74268733830597, 12.09386822085572], [92.74260176209707, 12.093842410601988], [92.74251398321906, 12.09382505912521], [92.74242487393614, 12.093816340345901], [92.74233531908884, 12.093816340345901], [92.74224620980591, 12.09382505912521], [92.74215843092792, 12.093842410601988], [92.74207285471901, 12.09386822085572], [92.74199033188376, 12.093902235154458], [92.74191168348231, 12.093944114441328], [92.74183769015066, 12.093993442361771], [92.74176908671075, 12.094049729655557], [92.74170655678043, 12.094112415913857], [92.74165072019736, 12.094180878362973], [92.74160213301857, 12.094254437135104], [92.74156127674111, 12.094332360538573], [92.74152855920015, 12.094413873842036], [92.74150430378917, 12.094498168058115], [92.74148875305328, 12.094584404335693], [92.74148206060444, 12.094671726257138], [92.74148429291789, 12.094759265987014], [92.74149542843418, 12.094846153055936], [92.74151535666041, 12.094931524022634], [92.7415438781707, 12.095014531257618], [92.74158071089398, 12.095094349091754], [92.74162548831764, 12.095170183478333], [92.74167776577559, 12.095241282533161], [92.74173702224499, 12.095306938291378], [92.74180267022764, 12.095366498125912], [92.74187405754665, 12.09541937177449], [92.7419504736346, 12.095465032217472], [92.7420311594151, 12.095503025340104], [92.74211531359093, 12.09553297520224], [92.74220209893218, 12.095554582281665], [92.74229065305629, 12.095567634014367], [92.74238009651249, 12.095571998645779]]]}}]}