{"type": "FeatureCollection", "features": [{"type": "Feature", "properties": {"premiumdata.sde.IN_Village_PCA.area": 18.46036203, "objectid": 61160, "id": "276654161613585", "name": "Mokhada", "subdistrict": "Mokhada", "district": "Palghar", "state": "Maharashtra", "country": "India", "censusname": "Mokhada", "villagename_locallang": null, "lgd_villagename": "Mokhada", "lgd_villagecode": 276317, "lgd_subdistrictcode": 4161, "lgd_districtcode": 665, "lgd_statecode": 27, "censuscode2001": "02687000", "censuscode2011": "551969", "censuscode2021": null, "level": "Village", "tru": "Rural", "no_hh": 1854, "tot_p": 8224, "tot_m": 4037, "tot_f": 4187, "per_tot_m": 49.08803502, "per_tot_f": 50.91196498, "p_06": 1282, "m_06": 657, "f_06": 625, "per_p_06": 15.5885214, "per_m_06": 51.24804992, "per_f_06": 48.75195008, "p_sc": 174, "m_sc": 89, "f_sc": 85, "per_p_sc": 2.11575875, "per_m_sc": 51.14942529, "per_f_sc": 48.85057471, "p_st": 5637, "m_st": 2730, "f_st": 2907, "per_p_st": 68.54328794, "per_m_st": 48.43001597, "per_f_st": 51.56998403, "p_lit": 4732, "m_lit": 2558, "f_lit": 2174, "per_p_lit": 57.53891051, "per_m_lit": 54.05748098, "per_f_lit": 45.94251902000001, "p_ill": 3492, "m_ill": 1479, "f_ill": 2013, "per_p_ill": 42.46108949, "per_m_ill": 42.35395189, "per_f_ill": 57.64604811, "tot_work_p": 3962, "tot_work_m": 2207, "tot_work_f": 1755, "per_tot_work_p": 48.17607004, "per_tot_work_m": 55.7041898, "per_tot_work_f": 44.2958102, "mainwork_p": 2462, "mainwork_m": 1469, "mainwork_f": 993, "per_mainwork_p": 29.93677043, "per_mainwork_m": 59.66693745, "per_mainwork_f": 40.33306255, "main_cl_p": 246, "main_cl_m": 172, "main_cl_f": 74, "per_main_cl_p": 9.99187652, "per_main_cl_m": 69.91869919, "per_main_cl_f": 30.08130081, "main_al_p": 1354, "main_al_m": 613, "main_al_f": 741, "per_main_al_p": 54.99593826, "per_main_al_m": 45.2732644, "per_main_al_f": 54.7267356, "main_hh_p": 93, "main_hh_m": 74, "main_hh_f": 19, "per_main_hh_p": 3.77741673, "per_main_hh_m": 79.56989247, "per_main_hh_f": 20.43010753, "main_ot_p": 769, "main_ot_m": 610, "main_ot_f": 159, "per_main_ot_p": 31.23476848, "per_main_ot_m": 79.32379714, "per_main_ot_f": 20.67620286, "margwork_p": 1500, "margwork_m": 738, "margwork_f": 762, "per_margwork_p": 18.23929961, "per_margwork_m": 49.2, "per_margwork_f": 50.8, "marg_cl_p": 137, "marg_cl_m": 70, "marg_cl_f": 67, "per_marg_cl_p": 9.13333333, "per_marg_cl_m": 51.09489051, "per_marg_cl_f": 48.90510949, "marg_al_p": 1037, "marg_al_m": 539, "marg_al_f": 498, "per_marg_al_p": 69.13333333, "per_marg_al_m": 51.97685632, "per_marg_al_f": 48.02314368, "marg_hh_p": 21, "marg_hh_m": 9, "marg_hh_f": 12, "per_marg_hh_p": 1.4, "per_marg_hh_m": 42.85714286, "per_marg_hh_f": 57.14285714, "marg_ot_p": 305, "marg_ot_m": 120, "marg_ot_f": 185, "per_marg_ot_p": 20.33333333, "per_marg_ot_m": 39.3442623, "per_marg_ot_f": 60.6557377, "margwork_3_6_p": 1303, "margwork_3_6_m": 699, "margwork_3_6_f": 604, "per_margwork_3_6_p": 86.86666667, "per_margwork_3_6_m": 53.64543361, "per_margwork_3_6_f": 46.35456639, "marg_cl_3_6_p": 128, "marg_cl_3_6_m": 67, "marg_cl_3_6_f": 61, "per_marg_cl_3_6_p": 8.53333333, "per_marg_cl_3_6_m": 52.34375, "per_marg_cl_3_6_f": 47.65625, "marg_al_3_6_p": 874, "marg_al_3_6_m": 514, "marg_al_3_6_f": 360, "per_marg_al_3_6_p": 58.26666667, "per_marg_al_3_6_m": 58.81006865000001, "per_marg_al_3_6_f": 41.18993135, "marg_hh_3_6_p": 19, "marg_hh_3_6_m": 9, "marg_hh_3_6_f": 10, "per_marg_hh_3_6_p": 1.26666667, "per_marg_hh_3_6_m": 47.36842105, "per_marg_hh_3_6_f": 52.63157895000001, "marg_ot_3_6_p": 282, "marg_ot_3_6_m": 109, "marg_ot_3_6_f": 173, "per_marg_ot_3_6_p": 18.8, "per_marg_ot_3_6_m": 38.65248227, "per_marg_ot_3_6_f": 61.34751773, "margwork_0_3_p": 197, "margwork_0_3_m": 39, "margwork_0_3_f": 158, "per_margwork_0_3_p": 13.13333333, "per_margwork_0_3_m": 19.79695431, "per_margwork_0_3_f": 80.20304569, "marg_cl_0_3_p": 9, "marg_cl_0_3_m": 3, "marg_cl_0_3_f": 6, "per_marg_cl_0_3_p": 0.6, "per_marg_cl_0_3_m": 33.33333333, "per_marg_cl_0_3_f": 66.66666667, "marg_al_0_3_p": 163, "marg_al_0_3_m": 25, "marg_al_0_3_f": 138, "per_marg_al_0_3_p": 10.86666667, "per_marg_al_0_3_m": 15.33742331, "per_marg_al_0_3_f": 84.66257669, "marg_hh_0_3_p": 2, "marg_hh_0_3_m": 0, "marg_hh_0_3_f": 2, "per_marg_hh_0_3_p": 0.13333333, "per_marg_hh_0_3_m": 0.0, "per_marg_hh_0_3_f": 100.0, "marg_ot_0_3_p": 23, "marg_ot_0_3_m": 11, "marg_ot_0_3_f": 12, "per_marg_ot_0_3_p": 1.53333333, "per_marg_ot_0_3_m": 47.82608696, "per_marg_ot_0_3_f": 52.17391304, "non_work_p": 4262, "non_work_m": 1830, "non_work_f": 2432, "per_non_work_p": 51.82392996, "per_non_work_m": 42.93758799, "per_non_work_f": 57.06241201, "per_hc_tot_tot": 100, "per_hc_tot_god": 41.4, "per_hc_tot_liv": 50.1, "per_hc_tot_dil": 8.4, "per_hc_res_tot": 91.8, "per_hc_res_god": 39.0, "per_hc_res_liv": 44.8, "per_hc_res_dil": 8.1, "per_hc_oth_tot": 8.2, "per_hc_oth_god": 2.4, "per_hc_oth_liv": 5.4, "per_hc_oth_dil": 0.3, "per_mt_grsbam": 6.6, "per_mt_plastic": 0.6, "per_mt_h_tiles": 16.0, "per_mt_m_tiles": 49.1, "per_mt_b_brick": 0.7, "per_mt_stone": 7.4, "per_mt_asbstos": 14.6, "per_mt_concrte": 4.9, "per_mt_oth": 0.2, "per_mw_grsbam": 21.0, "per_mw_plastic": 0.5, "per_mw_mud": 33.2, "per_mw_wood": 0.5, "per_mw_no_mrtr": 1.3, "per_mw_st_mrtr": 12.3, "per_mw_asbstos": 0.2, "per_mw_b_brick": 28.9, "per_mw_concrte": 1.0, "per_mw_oth": 1.1, "per_mf_mud": 63.4, "per_mf_wood": 0.6, "per_mf_b_brick": 0.3, "per_mf_stone": 0.1, "per_mf_cement": 9.2, "per_mf_fl_tile": 26.4, "per_mf_oth": 0.0, "per_dw_n_exrm": 15.8, "per_dw_1_room": 41.0, "per_dw_2_room": 31.7, "per_dw_3_room": 6.3, "per_dw_4_room": 2.6, "per_dw_5_room": 0.7, "per_dw_6_room": 1.9, "per_hhsize_1": 7.3, "per_hhsize_2": 12.1, "per_hhsize_3": 14.4, "per_hhsize_4": 17.2, "per_hhsize_5": 18.7, "per_hhsize_6_8": 24.5, "per_hhsize_9p": 5.9, "per_ow_owned": 83.8, "per_ow_rented": 13.7, "per_ow_oth": 2.5, "per_mc_none": 20.8, "per_mcouple_1": 65.9, "per_mcouple_2": 11.1, "per_mcouple_3": 1.6, "per_mcouple_4": 0.6, "per_mcouple_5p": 0.1, "per_dw_t_ts": 0.5, "per_dw_t_unts": 8.5, "per_dw_c_well": 2.8, "per_dw_unc_wel": 80.2, "per_dw_hpump": 1.2, "per_dw_tw_bore": 0.6, "per_dw_spring": 1.3, "per_dw_rivcan": 0.0, "per_dw_tank": 4.6, "per_dw_oth": 0.3, "per_loc_dw_wp": 9.7, "per_loc_dw_np": 50.9, "per_loc_dw_aw": 39.4, "per_light_elec": 58.0, "per_light_kero": 41.2, "per_light_solr": 0.1, "per_light_oil": 0.2, "per_light_oth": 0.0, "per_light_no": 0.5, "per_hh_latrine": 29.8, "per_fl_sewer": 2.0, "per_fl_septict": 21.7, "per_fl_othsys": 3.4, "per_pl_wslab": 2.0, "per_pl_without": 0.6, "per_ns_open": 0.2, "per_sl_ns_hum": 0.0, "per_sl_ns_anml": 0.0, "per_hh_no_lat": 70.2, "per_as_pub": 8.4, "per_as_open": 61.8, "per_hh_bathrm": 57.4, "per_hh_en_wrf": 16.9, "per_hh_no_btrm": 25.7, "per_wwoc_drain": 4.8, "per_wwoc_open": 26.7, "per_wwoc_nodrn": 68.5, "per_cook_fire": 59.5, "per_cook_resdu": 3.7, "per_cook_cwdng": 2.7, "per_cook_coal": 0.1, "per_cook_kero": 4.2, "per_cook_lpng": 28.5, "per_cook_elec": 0.0, "per_cook_biogs": 0.0, "per_cook_oth": 0.1, "per_cook_no": 1.2, "per_kf_inside": 95.9, "per_kf_in_has": 71.8, "per_kf_in_does": 24.2, "per_kf_outside": 2.8, "per_kf_out_has": 1.3, "per_kf_out_dos": 1.6, "per_kf_no_cook": 1.2, "per_hh_banking": 68.6, "per_hh_radio": 9.4, "per_hh_tv": 30.4, "per_hh_cmp_int": 1.4, "per_hh_cmp_wnt": 7.6, "per_hh_ph_ll": 2.0, "per_hh_ph_mob": 37.4, "per_hh_ph_bth": 3.4, "per_hh_bcycl": 4.3, "per_hh_2wheel": 14.3, "per_hh_4wheel": 5.9, "per_hh_tvcomp": 1.4, "per_hh_no_ast": 47.1, "per_hs_perma": 43.2, "per_hs_sperma": 48.9, "per_hs_temp": 6.6, "per_hs_servc": 1.0, "per_hs_nservc": 5.5, "per_hs_unclss": 1.3, "avghhsz_cy": 4.43581446, "st_areashape": 20993768.13807822, "st_lengthshape": 22919.57943391721}, "geometry": {"type": "Polygon", "coordinates": [[[73.34248428122825, 19.95072609363571], [73.34240431499829, 19.95076367721586], [73.34232434876834, 19.950801260787053], [73.34224438253838, 19.950838844349306], [73.34216441630839, 19.950876427902624], [73.34208445007843, 19.950914011446987], [73.34200448384848, 19.95095159498237], [73.34192451761854, 19.950989178508834], [73.34184455138855, 19.951026762026338], [73.34176458605693, 19.95106434553489], [73.34168461982696, 19.951101929034483], [73.34160465359697, 19.951139512525145], [73.34152468736703, 19.95117709600685], [73.34144472113708, 19.9512146794796], [73.34136475490712, 19.95125226294345], [73.34128478867713, 19.95128984639831], [73.34120482244717, 19.951327429844216], [73.34112485621722, 19.951365013281176], [73.34104488998726, 19.951402596709183], [73.34096492375731, 19.951440180128245], [73.34088495752732, 19.951477763538353], [73.34080499129738, 19.951515346939512], [73.34072502506741, 19.951552930331733], [73.34064505883747, 19.95159051371502], [73.34056509260748, 19.951628097089337], [73.34048512637752, 19.951665680454713], [73.3404051610459, 19.951703262966706], [73.3403251948159, 19.951740846314166], [73.34024522858594, 19.951778429652723], [73.340165262356, 19.951816012982295], [73.34008529612603, 19.951853596302914], [73.34000532989604, 19.951891179614577], [73.3399253636661, 19.951928762917294], [73.33984539743615, 19.951966346211066], [73.33976543120619, 19.952003929495884], [73.33968546497624, 19.952041512771757], [73.33960549874625, 19.952079096038677], [73.33952553251629, 19.952116679296672], [73.33944556628633, 19.952154262545704], [73.33936560005638, 19.952191845785777], [73.33928563382639, 19.952229429016892], [73.33920566759645, 19.952267012239066], [73.33912570136648, 19.952304595452283], [73.33904573603483, 19.95234217865657], [73.33896576980487, 19.952379761851898], [73.33888580357493, 19.95241734503826], [73.33880583734498, 19.952454928215726], [73.33872587111499, 19.9524925113842], [73.33864590488503, 19.95253009454373], [73.33856593865507, 19.9525676776943], [73.33848597242512, 19.952605260835927], [73.33840600619516, 19.9526428439686], [73.33832078212583, 19.952668244179524], [73.3382355580565, 19.9526936443864], [73.3381503348855, 19.952719044589156], [73.3380651108162, 19.95274444478783], [73.33797988674687, 19.952769844982402], [73.33789466267753, 19.952795245172894], [73.33780943860823, 19.952820645359328], [73.33772421543723, 19.952846045541637], [73.33763899136791, 19.952871445719865], [73.33755376729856, 19.952896845894006], [73.33746854322926, 19.952922246064066], [73.33738331915994, 19.95294764623003], [73.33729809598893, 19.952973046391932], [73.33721287191963, 19.952998446549714], [73.33712764785031, 19.953023846703413], [73.33704242378097, 19.953049246853027], [73.33695719971166, 19.95307464699856], [73.33687197564234, 19.95310004714002], [73.33678675247133, 19.953125447277355], [73.336701528402, 19.953150847410623], [73.33661630433271, 19.95317624753979], [73.33653108026337, 19.953201647664876], [73.33644585619406, 19.953227047785905], [73.33636063302303, 19.95325244790281], [73.33627540895372, 19.95327784801563], [73.3361901848844, 19.95330324812437], [73.3361049608151, 19.95332864822901], [73.33601973674577, 19.953354048329594], [73.33593451357477, 19.953379448426055], [73.33584928950543, 19.953404848518435], [73.33576406543614, 19.953430248606725], [73.33567884136681, 19.953455648690937], [73.33559361729748, 19.953481048771074], [73.33550839412648, 19.953506448847104], [73.33542317005717, 19.95353184891905], [73.33533794598783, 19.953557248986897], [73.33525272191855, 19.953582649050663], [73.33516749784921, 19.95360804911037], [73.33508227467821, 19.953633449165952], [73.33499705060888, 19.953658849217444], [73.33491182653957, 19.95368424926486], [73.33482660247024, 19.95370964930818], [73.3347413784009, 19.953735049347415], [73.33465615433161, 19.953760449382592], [73.33457093116061, 19.953785849413663], [73.33448570709128, 19.953811249440623], [73.33440048302195, 19.953836649463497], [73.33431525895266, 19.953862049482304], [73.33423003488332, 19.953887449497035], [73.33414481171232, 19.95391284950766], [73.33405958764301, 19.953938249514188], [73.33397436357367, 19.95396364951663], [73.33388913950435, 19.95398904951498], [73.33380391543506, 19.95401444950927], [73.33371869226404, 19.95403984949946], [73.33363346819472, 19.954065249485545], [73.33354824412538, 19.954090649467542], [73.33346302005607, 19.95411604944546], [73.33337779598675, 19.954141449419314], [73.33329257281574, 19.95416684938905], [73.33320734874641, 19.9541922493547], [73.33312212467712, 19.954217649316256], [73.33303690060778, 19.954243049273728], [73.33295167653849, 19.954268449227154], [73.33286645336749, 19.954293849176445], [73.33278122929815, 19.95431924912165], [73.33269600522883, 19.954344649062772], [73.33261078115952, 19.95437004899981], [73.33252555709018, 19.95439544893278], [73.33244033302086, 19.954420848861623], [73.33235510984984, 19.9544462487864], [73.33226988578055, 19.954471648707077], [73.33218466171122, 19.954497048623658], [73.33209943764189, 19.95452244853617], [73.33201421357258, 19.95454784844461], [73.33192899040158, 19.95457324834894], [73.33184376633226, 19.954598648249174], [73.33175854226296, 19.954624048145323], [73.33167331819362, 19.95464944803739], [73.33158809412429, 19.954674847925382], [73.33150287095329, 19.954700247809267], [73.33141764778229, 19.95472564768906], [73.331332423713, 19.954751047564777], [73.33124719964366, 19.954776447436398], [73.33116197557433, 19.95480184730396], [73.33107675240332, 19.9548272471674], [73.33099152833401, 19.954852647026758], [73.33090630426469, 19.95487804688202], [73.33082108019535, 19.95490344673321], [73.33073585612605, 19.954928846580327], [73.33065063295506, 19.954954246423323], [73.33056540888572, 19.954979646262235], [73.3304801848164, 19.955005046097064], [73.3303949607471, 19.955030445927807], [73.33030973667775, 19.955055845754483], [73.33022451260845, 19.955081245577034], [73.33013928943745, 19.955106645395514], [73.33005406536812, 19.955132045209897], [73.3299688412988, 19.9551574450202], [73.3298836172295, 19.955182844826428], [73.32979839316016, 19.955208244628547], [73.32971316998916, 19.955233644426585], [73.32962794591982, 19.955259044220522], [73.32954272185053, 19.955284444010378], [73.32945749778119, 19.955309843796137], [73.3293722737119, 19.95533524357785], [73.32928704964256, 19.955360642511042], [73.32920182557324, 19.95538604144018], [73.32911660150393, 19.955411441209588], [73.32903220657961, 19.95538367717833], [73.32894781255361, 19.95535591398657], [73.3288634176293, 19.955328149945526], [73.32877902360332, 19.955300385899594], [73.328694628679, 19.95527262184878], [73.32861023465298, 19.95524485863748], [73.32852583972867, 19.95521709457691], [73.3284414457027, 19.955189330511452], [73.32835705077838, 19.955161566441095], [73.32827265675238, 19.955133803210266], [73.32818826182806, 19.95510603913014], [73.32810386690375, 19.955078275045143], [73.32801947287777, 19.955050511799655], [73.32793507795346, 19.955022747704884], [73.32785068392744, 19.954994983605218], [73.32776628900312, 19.95496721950069], [73.32768189497715, 19.954939456235653], [73.32759750005283, 19.95491169212134], [73.32751310602683, 19.954883928846545], [73.32742871110251, 19.95485616472245], [73.32734431707652, 19.954828400593495], [73.32725992215222, 19.95480063645964], [73.32717552722787, 19.954772872320905], [73.32709113320189, 19.954745109021694], [73.32700673827757, 19.954717344873185], [73.3269223442516, 19.95468958071979], [73.32683794932726, 19.954661816561526], [73.32675355530128, 19.95463405324276], [73.32666916037697, 19.95460628907471], [73.32658476635095, 19.95457852574619], [73.32650037142663, 19.95455076156838], [73.32641597740066, 19.954522997385673], [73.32633158247634, 19.9544952331981], [73.32624718755203, 19.954467469005632], [73.32616279352602, 19.95443970565267], [73.32607839860171, 19.954411941450438], [73.32599400457573, 19.954384177243316], [73.32590960965142, 19.954356413031313], [73.3258252156254, 19.954328649658823], [73.32574082070109, 19.954300885437046], [73.32565642667511, 19.954273122054797], [73.3255720317508, 19.954245357823236], [73.32548763772479, 19.95421759358682], [73.32540324280048, 19.954189829345516], [73.32531884787615, 19.954162065099315], [73.32523445385019, 19.954134301692623], [73.32515005892587, 19.95410653743665], [73.32506566489985, 19.954078774020218], [73.32498126997554, 19.954051009754476], [73.32489687594956, 19.954023245483846], [73.32481248102525, 19.953995481208345], [73.32472808699924, 19.953967717772358], [73.32464369207491, 19.953939953487083], [73.32455929804894, 19.953912189196927], [73.32447490312464, 19.953884424901883], [73.32439050820031, 19.953856660601957], [73.3243061141743, 19.953828897141555], [73.32422171924999, 19.953801132831842], [73.32413732522402, 19.95377336936167], [73.3240529302997, 19.9537456050422], [73.32396853627368, 19.953717840717847], [73.32388414134937, 19.953690076388618], [73.32379974732339, 19.953662312898906], [73.32371535239908, 19.953634548559894], [73.32363095837306, 19.95360678421601], [73.32354656344876, 19.95357901986723], [73.32346216942277, 19.953551256357976], [73.32337777449845, 19.953523491999437], [73.32329337957415, 19.95349572763601], [73.32320898554813, 19.9534679641121], [73.32312459062382, 19.953440199738903], [73.32304019659783, 19.953412435360825], [73.32295580167353, 19.953384670977858], [73.32287140764751, 19.95335690743442], [73.32278701272321, 19.953329143041696], [73.32270261869722, 19.953301378644074], [73.3226182237729, 19.953273614241564], [73.32253382974689, 19.953245850678584], [73.32244943482259, 19.953218086266318], [73.32236503989827, 19.953190321849156], [73.32228064587228, 19.953162558271533], [73.32219625094798, 19.953134793844598], [73.32211185692196, 19.953107029412802], [73.32202746199766, 19.95307926497611], [73.32194306797167, 19.953051501378933], [73.32185867304736, 19.953023736932472], [73.32177427902134, 19.952995972481123], [73.32168988409704, 19.952968208024902], [73.32160549007105, 19.95294044440818], [73.32152109514672, 19.95291267994219], [73.3214367002224, 19.9528849154713], [73.32135230619642, 19.95285715183994], [73.32126791127212, 19.95282938735929], [73.32118351724608, 19.952801622873746], [73.32109912232178, 19.952773858383342], [73.3210147282958, 19.952746094732436], [73.32093033337149, 19.952718330232248], [73.32084593934547, 19.952690565727174], [73.32076154442117, 19.952662801217215], [73.32067715039518, 19.952635037546784], [73.32059275547087, 19.952607273027052], [73.32050836054657, 19.952579508502453], [73.32042396652054, 19.95255174481735], [73.32033957159624, 19.952523980282976], [73.32025517757025, 19.952496215743718], [73.32017078264593, 19.95246845119956], [73.32008638861993, 19.952440687494946], [73.32000199369561, 19.95241292294103], [73.31991759966964, 19.95238515838223], [73.31983320474532, 19.952357393818545], [73.3197488107193, 19.952329630094386], [73.31966441579499, 19.95230186552093], [73.31958002087069, 19.95227410094259], [73.3194956268447, 19.95224633720379], [73.31941123192038, 19.952218572615674], [73.31932683789438, 19.952190808022678], [73.31924244297007, 19.952163043424807], [73.31915804894409, 19.952135279666464], [73.31907365401977, 19.952107515058824], [73.31898925999376, 19.952079750446288], [73.31890486506944, 19.952051985828877], [73.31882047104347, 19.95202422205099], [73.31873607611915, 19.95199645742382], [73.31865168119484, 19.95196869279174], [73.31856728716883, 19.951940928999214], [73.31848289224452, 19.951913164357375], [73.31839849821854, 19.951885399710665], [73.31831410329423, 19.951857635059056], [73.31822970926821, 19.95182987124699], [73.3181453143439, 19.95180210658562], [73.31806092031792, 19.95177434191937], [73.3179765253936, 19.951746577248247], [73.31789213136759, 19.951718813416623], [73.31780773644327, 19.95169104873573], [73.31780105207925, 19.9516077968837], [73.31779436861353, 19.951524545832154], [73.31778768424951, 19.9514412938923], [73.3177810007838, 19.951358042752908], [73.31777431641977, 19.951274790725236], [73.31776763295406, 19.951191539498044], [73.31776094859002, 19.95110828738254], [73.31775426422598, 19.951025036067527], [73.31774757986196, 19.950941783864174], [73.31774089549795, 19.950858532461353], [73.31773421113391, 19.950775280170195], [73.31772752676987, 19.950692028679526], [73.31772084240585, 19.950608776300555], [73.31771415804181, 19.950525524722067], [73.3177074736778, 19.950442272255287], [73.31770078931378, 19.950359020588976], [73.31769410494974, 19.950275768034363], [73.3176874205857, 19.950192516280246], [73.31768073622166, 19.950109263637835], [73.31767405185767, 19.95002601179588], [73.31766736749363, 19.94994275906564], [73.31766068312959, 19.949859507135876], [73.31765399876555, 19.949776254317786], [73.31764731440153, 19.949693001455817], [73.31764063003752, 19.94960974939433], [73.31763394567348, 19.949526496444538], [73.31762726130945, 19.949443244295242], [73.31762057694542, 19.94935999125763], [73.31761389258138, 19.949276739020497], [73.31760720821734, 19.94919348589509], [73.31760052385334, 19.949110233570163], [73.3175938394893, 19.94902698035692], [73.31758715512527, 19.948943727944172], [73.31758047076123, 19.948860474643084], [73.31757378639719, 19.94877722214255], [73.3175671020332, 19.948693968753652], [73.31756041766916, 19.948610716165287], [73.31755373330512, 19.948527462688606], [73.3175470489411, 19.94844421001242], [73.31754036457706, 19.948360956447914], [73.31753368021305, 19.948277703683917], [73.31752699584902, 19.948194450031608], [73.31752031148498, 19.948111197179802], [73.31751362712095, 19.94802794343968], [73.3175069427569, 19.947944689655618], [73.31750025839291, 19.947861436672138], [73.31749357402886, 19.947778182800267], [73.31748688966483, 19.94769492972893], [73.3174802053008, 19.947611675769274], [73.31747352093677, 19.947528422610137], [73.31746683657273, 19.947445168562684], [73.31746015220872, 19.947361915315728], [73.3174534678447, 19.947278661180455], [73.31744678348066, 19.94719540784569], [73.31744009911661, 19.947112153622623], [73.31743341475259, 19.947028900200046], [73.31742673038859, 19.94694564588917], [73.31742004602454, 19.946862392378787], [73.31741336166051, 19.946779137980062], [73.31740667729647, 19.94669588438191], [73.31739999293244, 19.946612629895387], [73.31739330856844, 19.946529376209426], [73.3173866242044, 19.946446121635095], [73.31737993984036, 19.9463628678613], [73.31737325547634, 19.946279613199188], [73.31736657111229, 19.946196359337595], [73.31735988674829, 19.946113104587674], [73.31737711194384, 19.946032145797037], [73.31739433624112, 19.945951187809325], [73.31741156053836, 19.94587022893565], [73.31742878573394, 19.945789270020462], [73.31744601092952, 19.945708311063775], [73.31746323612509, 19.94562735291], [73.31748046042235, 19.945546393870288], [73.31749768561792, 19.94546543478904], [73.3175149108135, 19.9453844756663], [73.31753213511074, 19.94530351734649], [73.31754936030632, 19.9452225581407], [73.3175665855019, 19.94514159889341], [73.31758380979915, 19.94506064044906], [73.31760103499472, 19.94497968111875], [73.3176182601903, 19.944898721746924], [73.31763548538588, 19.944817762333585], [73.31765270968312, 19.944736803723185], [73.3176699348787, 19.94465584422682], [73.31768716007427, 19.944574884688944], [73.31770438526985, 19.944493925109594], [73.31772161046543, 19.944412966333118], [73.317738835661, 19.944332006670702], [73.31775606085655, 19.944251046966816], [73.31777328605213, 19.944170087221377], [73.3177905112477, 19.94408912827886], [73.31780773644327, 19.94400816845045], [73.31780773644327, 19.943923970151015], [73.31780773644327, 19.943839772651177], [73.31780773644327, 19.943755574261967], [73.31780773644327, 19.943671375827897], [73.31780773644327, 19.94358717819333], [73.31780773644327, 19.94350297966945], [73.31780773644327, 19.94341878110068], [73.31780773644327, 19.943334583331435], [73.31780773644327, 19.94325038467287], [73.31780773644327, 19.943166185969403], [73.31780773644327, 19.94308198806547], [73.31780773644327, 19.942997789272212], [73.31780773644327, 19.942913590434046], [73.31780773644327, 19.942829391550983], [73.31780773644327, 19.942745193467488], [73.31780773644327, 19.942660994494645], [73.31780773644327, 19.942576795476878], [73.31780773644327, 19.942492597258717], [73.31780773644327, 19.94240839815116], [73.31780773644327, 19.94232419899873], [73.31780773644327, 19.942240000645853], [73.31780773644327, 19.94215580140364], [73.31780773644327, 19.942071602116535], [73.31780773644327, 19.941987403628968], [73.31780773644327, 19.94190320425208], [73.31782173219543, 19.94182163614206], [73.31783572704921, 19.941740068834356], [73.31784972190303, 19.94165850064008], [73.31786371765517, 19.941576932403677], [73.31787771340727, 19.94149536412513], [73.31789170826109, 19.941413796648895], [73.3179057031149, 19.9413322282861], [73.31791969886706, 19.941250659881167], [73.31793369461916, 19.9411690914341], [73.31794768947297, 19.941087523789346], [73.31796168432679, 19.94100595525803], [73.3179756800789, 19.940924386684568], [73.31798967583104, 19.940842818068997], [73.31800367068486, 19.94076125025571], [73.31801766553865, 19.940679681555867], [73.31803166129079, 19.9405981128139], [73.3180456561446, 19.940516544029805], [73.31805965099842, 19.940434976048003], [73.31807364675053, 19.94035340717964], [73.31808764160435, 19.94027183826915], [73.31810163735649, 19.940190269316542], [73.31811563221028, 19.94010870116623], [73.31812962796242, 19.940027132129348], [73.31814362281624, 19.939945563050344], [73.31815761856834, 19.939863993929215], [73.31817161342215, 19.939782425610385], [73.31818560917431, 19.939700856404997], [73.31819960402808, 19.939619287157488], [73.31821359978022, 19.93953771786784], [73.31822759463404, 19.939456149380508], [73.31824159038617, 19.93937458000661], [73.31825558523998, 19.93929301059057], [73.31826958099212, 19.939211441132418], [73.31828357584592, 19.939129872476588], [73.31829757159804, 19.93904830293418], [73.31831156645185, 19.93896673334964], [73.31832556220397, 19.93888516372297], [73.31833955705778, 19.938803594898637], [73.3183535519116, 19.938722025187708], [73.31836754766374, 19.93864045543468], [73.31835657025094, 19.938557905210708], [73.31834559373651, 19.938475355788075], [73.31833461632371, 19.93839280547785], [73.31832363980928, 19.938310255968943], [73.31831266329482, 19.938227705572398], [73.31830168678034, 19.93814515513275], [73.31829071026591, 19.938062605494398], [73.31827973285311, 19.937980054968417], [73.31826875633868, 19.937897505243793], [73.31825777982421, 19.93781495463154], [73.31824680241145, 19.93773240397615], [73.31823582589699, 19.937649854122093], [73.3182248484842, 19.937567303380405], [73.31821387107145, 19.9374847525956], [73.31820289455699, 19.93740220345657], [73.31819191714422, 19.93731965258545], [73.31818094062976, 19.937237102515674], [73.318169963217, 19.937154551558308], [73.31815898670253, 19.937072000557762], [73.31814801018805, 19.936989450358563], [73.31813703367362, 19.936906899271772], [73.31812605715916, 19.936824348986278], [73.31811507974639, 19.93674179781317], [73.31810410323193, 19.936659246596918], [73.3180931267175, 19.936576696182012], [73.31808215020303, 19.936494144879518], [73.31807117368855, 19.93641159437832], [73.31806019717409, 19.936329042989517], [73.31804922065966, 19.93624649071307], [73.31803824414519, 19.936163940082476], [73.31802726763071, 19.936081388564237], [73.31801629111628, 19.935998837847347], [73.31800531460182, 19.935916286242865], [73.31799433808735, 19.935833734595203], [73.31798336157291, 19.9357511837489], [73.31797238505845, 19.935668632014995], [73.317961408544, 19.93558608108241], [73.31795043202955, 19.935503529262185], [73.31793945461675, 19.93542097739883], [73.31792847810232, 19.935338426336838], [73.31791750158784, 19.935255874387224], [73.31790652507338, 19.935173322394462], [73.31789554855895, 19.935090771203043], [73.31788457204449, 19.935008219124022], [73.31787359553002, 19.934925667846322], [73.31786261901559, 19.934843115680994], [73.31785164250111, 19.934760563472537], [73.31784066598665, 19.934678012065426], [73.31782968947218, 19.934595459770712], [73.31781871295775, 19.93451290827735], [73.31780773644327, 19.934430355896325], [73.31780773644327, 19.934346772347773], [73.31780773644327, 19.934263187910496], [73.31780773644327, 19.934179604273474], [73.31780773644327, 19.934096019747777], [73.31780773644327, 19.934012436022325], [73.31780773644327, 19.93392885140817], [73.31780773644327, 19.933845267594272], [73.31780773644327, 19.93376168289167], [73.31780773644327, 19.93367809898934], [73.31780773644327, 19.933594514198298], [73.31780773644327, 19.933510930207508], [73.31780773644327, 19.93342734532803], [73.31780773644327, 19.93334376124881], [73.31780773644327, 19.933260176280893], [73.31780773644327, 19.933176592113238], [73.31780773644327, 19.933093007056872], [73.31780773644327, 19.933009422800772], [73.31780773644327, 19.932925837655965], [73.31780773644327, 19.93284225331143], [73.31780773644327, 19.932758668078154], [73.31780773644327, 19.932675083645215], [73.31780773644327, 19.932591498323504], [73.31780773644327, 19.93250791380212], [73.31780773644327, 19.932424328391978], [73.31780773644327, 19.932340743782163], [73.31780773644327, 19.932257158283573], [73.31780773644327, 19.932173573585313], [73.31780773644327, 19.932089987998292], [73.31780773644327, 19.932006403211574], [73.31780773644327, 19.931922817536147], [73.31780773644327, 19.931839232660984], [73.31780773644327, 19.931755646897127], [73.31780773644327, 19.931672061933533], [73.31780773644327, 19.931588476081238], [73.31783572704921, 19.93150953412829], [73.31786371765517, 19.931430592135914], [73.31789170826109, 19.931351650104084], [73.31791969886706, 19.93127270803283], [73.31794768857465, 19.931193766766626], [73.3179756791806, 19.93111482461647], [73.31800366978653, 19.931035882426897], [73.31803166039245, 19.930956940197873], [73.31805965099842, 19.930877997929414], [73.31808764160435, 19.9307990556215], [73.31811563221028, 19.930720113274173], [73.31814362281624, 19.930641170887384], [73.31817161342215, 19.930562228461167], [73.31819960402808, 19.930483285995525], [73.31822759463404, 19.930404344334917], [73.31825558523998, 19.930325401790384], [73.31828357584592, 19.930246459206412], [73.31831156645185, 19.930167516583], [73.31833955705778, 19.93008857392015], [73.31836754766374, 19.93000963121786], [73.31842861783169, 19.929949028814956], [73.31848968799966, 19.929888426388796], [73.31855075906594, 19.92982782393938], [73.31861182923387, 19.92976722146673], [73.31867289940186, 19.929706618970865], [73.3187339695698, 19.929646016451745], [73.31879503973778, 19.929585413909354], [73.31885610990572, 19.929524811343757], [73.31891718097198, 19.929464208754904], [73.31897825113997, 19.92940360614282], [73.3190393213079, 19.929343003507483], [73.31910039147589, 19.929282400848898], [73.31916146164386, 19.9292217981671], [73.31922253271013, 19.929161195462054], [73.31928360287807, 19.92910059273374], [73.31934467304605, 19.929039989982197], [73.31940574321399, 19.928979387207434], [73.31946681338196, 19.92891878440939], [73.31952788354991, 19.92885818158814], [73.3195889546162, 19.928797578743648], [73.31965002478417, 19.928736975875914], [73.31971109495211, 19.928676372984906], [73.31977216512009, 19.928615770070696], [73.31983323528803, 19.928555167133243], [73.3198943063543, 19.928494564172546], [73.31995537652227, 19.928433961188567], [73.32001644669022, 19.928373358181396], [73.32007751685819, 19.92831275515098], [73.32013858702616, 19.928252152097322], [73.32019965719411, 19.928191549020408], [73.3202607282604, 19.928130945920262], [73.32032179842835, 19.928070342796886], [73.32038286859631, 19.928009739650264], [73.32043325150735, 19.927941322081676], [73.32048363531668, 19.927872903638956], [73.32053401822769, 19.927804486011123], [73.32058440113873, 19.927736068353667], [73.32063478404973, 19.927667650666635], [73.32068516696079, 19.927599232105397], [73.32073554987178, 19.927530814359116], [73.32078593278283, 19.92746239658318], [73.32083631569384, 19.92739397793313], [73.32088669860488, 19.927325560097973], [73.32093708151588, 19.927257142233184], [73.32098746532526, 19.927188723494265], [73.32103784823626, 19.927120305570245], [73.3210882311473, 19.92705188761663], [73.32113861405831, 19.926983469633374], [73.32118899696935, 19.92691505077599], [73.32123937988035, 19.926846632733483], [73.3212897627914, 19.926778214661375], [73.32134014570241, 19.926709795715123], [73.32139052861345, 19.926641377583806], [73.32141973643658, 19.926563577502197], [73.3214489433614, 19.926485777382297], [73.32147815118458, 19.926407977224077], [73.32150735900773, 19.92633017618306], [73.32153656593256, 19.926252375948263], [73.32156577375568, 19.926174575675173], [73.32159498068054, 19.926096775363803], [73.32162418850368, 19.926018975014113], [73.32165339542851, 19.92594117462613], [73.32168260325166, 19.92586337419984], [73.32171181107482, 19.925785573735304], [73.32174101889795, 19.925707772387874], [73.32177022582277, 19.92562997184674], [73.32179943364594, 19.925552171267274], [73.32182864057077, 19.9254743706495], [73.32185784839392, 19.925396569993435], [73.32188705621705, 19.9253187692991], [73.32191626404021, 19.92524096772192], [73.32194547096505, 19.92516316779552], [73.32197467878821, 19.925085366141765], [73.32200388661133, 19.92500756529423], [73.32203309443449, 19.9249297644084], [73.32206230225765, 19.92485196348426], [73.32202822646396, 19.92477416252188], [73.32199415156862, 19.92469636152117], [73.32196007667325, 19.924618560482152], [73.32192600087959, 19.924540758560326], [73.3218919250859, 19.924462957444735], [73.32185784929223, 19.924385156290846], [73.32182377439686, 19.92430735509865], [73.3217896986032, 19.924229553868205], [73.32175562370787, 19.924151752599435], [73.32172154791417, 19.92407395129237], [73.32168747301883, 19.923996149947], [73.32165339722512, 19.923918347718825], [73.32161932143147, 19.92384054629688], [73.3215852456378, 19.92376274483667], [73.32155117074244, 19.923684943338138], [73.32151709494876, 19.92360714180131], [73.3214830200534, 19.923529340226192], [73.32144894425973, 19.923451538612817], [73.32141486936436, 19.92337373696112], [73.32138079357071, 19.923295934426566], [73.32134671777705, 19.92321813269831], [73.32131264288168, 19.92314033093172], [73.32127856708802, 19.92306252912685], [73.3212218196132, 19.9229976421795], [73.32116507124006, 19.922932754360943], [73.32110832376524, 19.92286786651576], [73.32105157629044, 19.922802980333024], [73.3209948279173, 19.92273809243457], [73.32093807954419, 19.92267320450948], [73.32088133206939, 19.922608317402286], [73.32082458369624, 19.922543429423925], [73.32076783622144, 19.922478543108042], [73.3207110878483, 19.92241365507641], [73.32065434037348, 19.922348767862722], [73.32059759200034, 19.92228387977781], [73.32054084362723, 19.922218992510864], [73.32048409615243, 19.922154105217228], [73.32042734777929, 19.922089217052434], [73.32037060030447, 19.922024329705582], [73.32031385193133, 19.921959442332046], [73.32025710355823, 19.92189455408735], [73.32020035608342, 19.921829666660585], [73.32014360771028, 19.921764779207155], [73.32008686023546, 19.92169989088256], [73.32003011186234, 19.9216350033759], [73.31997336348923, 19.921570115842577], [73.31991661601438, 19.92150522743807], [73.31985986764127, 19.921440339851532], [73.31980312016645, 19.921375452238323], [73.31974637179333, 19.921310563753938], [73.3196896243185, 19.921245676087448], [73.31963287594537, 19.92118078839436], [73.31957612757226, 19.921115900674604], [73.31951938009745, 19.92105101208368], [73.31946263172432, 19.920986124310694], [73.3194058842495, 19.920921236511045], [73.31934913587637, 19.920856347840225], [73.31929238750325, 19.920791459987345], [73.31923564002841, 19.920726572107796], [73.31917889165531, 19.920661683357086], [73.3191221441805, 19.920596795424306], [73.31906539580736, 19.92053190746489], [73.31900864743422, 19.92046701863428], [73.3189518999594, 19.920402130621582], [73.3188951515863, 19.920337242582285], [73.31883840411149, 19.920272353671766], [73.31878165573835, 19.920207465579175], [73.31872490736521, 19.920142577459977], [73.3186681598904, 19.920077689314116], [73.3186114115173, 19.920012800297076], [73.31855466404245, 19.919947912098], [73.31849791656764, 19.919883023872252], [73.31844116819454, 19.91981813477532], [73.31838441982138, 19.919753246496345], [73.31832767234658, 19.91968835819072], [73.31827092397344, 19.9196234690139], [73.31821417560033, 19.91955858065499], [73.31815742812553, 19.919493692269494], [73.31810067975238, 19.919428803012767], [73.31804393137925, 19.919363914573978], [73.31798718390444, 19.919299026108586], [73.31793043553132, 19.919234136771976], [73.31787368805648, 19.91916924825329], [73.31781693968337, 19.919104359708], [73.31776019131024, 19.91903947029151], [73.31770344383543, 19.91897458169294], [73.31764669546229, 19.918909693067757], [73.31758994798747, 19.918844804415958], [73.31753319961437, 19.91877991489293], [73.31747645213956, 19.918715026187837], [73.31741970376642, 19.918650137456158], [73.31736295539328, 19.918585247853233], [73.31730620791848, 19.918520359068257], [73.31724945954537, 19.91845547025668], [73.31719271117223, 19.91839058141844], [73.31713596279909, 19.918325692553605], [73.31710486222565, 19.918249667904746], [73.31707376075387, 19.918173643219333], [73.31704266018042, 19.91809761934192], [73.31701155960697, 19.918021594583408], [73.31698045903353, 19.91794556978834], [73.31694935846005, 19.917869544956687], [73.31691825788661, 19.91779352093311], [73.31688715731316, 19.91771749602838], [73.31685605673972, 19.917641471087073], [73.31682495616627, 19.91756544610924], [73.31679385559279, 19.91748942109487], [73.31676275501935, 19.9174133968885], [73.31673165444592, 19.917337371801015], [73.31670055387247, 19.917261346676977], [73.31666945329899, 19.917185321516392], [73.31663835272555, 19.91710929716383], [73.3166072521521, 19.91703327193013], [73.31657615157864, 19.916957246659887], [73.31659014643246, 19.91687829739955], [73.31660414218459, 19.91679934809981], [73.31661813793673, 19.916720398760635], [73.3166321327905, 19.91664145022663], [73.31664612764432, 19.916562500808627], [73.31666012339647, 19.91648355135122], [73.31667411825029, 19.91640460185439], [73.31668811400239, 19.916325652318132], [73.3167021088562, 19.916246702742487], [73.31671610460835, 19.9161677531274], [73.31673009946213, 19.916088803472917], [73.31674409431595, 19.91600985462358], [73.31675809006809, 19.915930904890256], [73.31677208492191, 19.915851955117517], [73.31678608067402, 19.91577300530538], [73.31680007552782, 19.915694055453816], [73.31683324941298, 19.91561608022181], [73.31686642419642, 19.91553810495134], [73.31689959808153, 19.915460130487034], [73.31693277196665, 19.9153821551397], [73.31696594675009, 19.915304179753882], [73.31699912063523, 19.915226204329656], [73.31703229452035, 19.915148228866972], [73.31706546840549, 19.915070253365815], [73.3170986422906, 19.914992278670827], [73.31713181617575, 19.91491430393739], [73.31716499095918, 19.91483632747633], [73.3171981648443, 19.914758351821426], [73.31723133872944, 19.91468037612807], [73.31726451261456, 19.914602401240852], [73.3172976864997, 19.914524425470596], [73.31733086038481, 19.914446450506478], [73.31736403516825, 19.91436847381474], [73.3173972090534, 19.914290497929155], [73.31743038293851, 19.914212522849713], [73.31746355682363, 19.914134546887247], [73.31749673070878, 19.914056570886313], [73.31752990459388, 19.913978594846952], [73.31756307847903, 19.913900618769123], [73.31759625236414, 19.913822642652885], [73.31762942624928, 19.913744667342776], [73.3176626001344, 19.913666691149647], [73.31769577401954, 19.91358871491803], [73.31778115259908, 19.913614364653977], [73.31786653117864, 19.913640014385724], [73.31795190975816, 19.9136656641133], [73.31803728833775, 19.913691313836726], [73.31812266691728, 19.91371696355602], [73.31820804549682, 19.913742613271125], [73.31829342317803, 19.913768262982074], [73.31837880175762, 19.913793912688885], [73.31846418033714, 19.913819562391524], [73.3185495589167, 19.913845212089992], [73.31863493749624, 19.913870861784325], [73.31872031607581, 19.91389651147447], [73.31880569465534, 19.913922161160457], [73.31889107323491, 19.91394781084232], [73.31897645181445, 19.913973459675407], [73.319061830394, 19.913999109348914], [73.31914720897355, 19.914024759018258], [73.31923258755307, 19.914050408683483], [73.31931796523432, 19.91407605834451], [73.31940334381387, 19.914101708001372], [73.31948872239342, 19.914127357654078], [73.31957410097299, 19.91415300730266], [73.31965947955251, 19.91417865694706], [73.31974485813207, 19.914204306587294], [73.31983023671161, 19.914229956223384], [73.31991561529118, 19.91425560585529], [73.3200009938707, 19.914281255483044], [73.32008637245028, 19.914306905106667], [73.32017175102982, 19.914332554726087], [73.32025712960935, 19.914358204341365], [73.32034250729058, 19.914383853952504], [73.32042788587015, 19.914409503559448], [73.32051326444969, 19.914435153162245], [73.32059864302924, 19.914460802760907], [73.32068402160878, 19.91448645235538], [73.32076940018835, 19.914512101945682], [73.32085477876788, 19.914537751531874], [73.32094015734744, 19.914563401113856], [73.32102553592698, 19.914589050691692], [73.32111091450655, 19.914614700265393], [73.32119629308608, 19.914640349834904], [73.32128167166562, 19.91466599940026], [73.32136705024519, 19.91469164896148], [73.32145242792642, 19.914717297673896], [73.32153780650594, 19.914742947226795], [73.32162318508551, 19.91476859677552], [73.32170856366506, 19.914794246320064], [73.32179394224461, 19.914819895860493], [73.32187932082415, 19.914845545396712], [73.32196469940372, 19.9148711949288], [73.32205007798325, 19.914896844456738], [73.3221354565628, 19.914922493980487], [73.32222083514235, 19.91494814350007], [73.32230621372187, 19.914973793015537], [73.32239159230144, 19.91499944252681], [73.32247696998267, 19.915025092033922], [73.32256234856222, 19.915050741536913], [73.32264772714178, 19.915076391035704], [73.32273310572131, 19.91510204053032], [73.32281848430088, 19.91512769002083], [73.32290386288042, 19.915153339507143], [73.32298924145998, 19.915178988989304], [73.32307462003952, 19.91520463846732], [73.32315999861905, 19.91523028794115], [73.32324537719862, 19.91525593741082], [73.32333075577816, 19.915281586876358], [73.32341613435771, 19.915307236337718], [73.32350151203896, 19.915332885794907], [73.32358689061849, 19.915358535247975], [73.32367226919804, 19.915384184696833], [73.32375764777758, 19.915409834141553], [73.32384302635715, 19.915435482737525], [73.32392840493668, 19.915461132173913], [73.32401378351625, 19.91548678160618], [73.32409916209578, 19.91551243103425], [73.32418454067532, 19.91553808045816], [73.32426991925489, 19.91556372987793], [73.32435529783442, 19.915589379293532], [73.32444067641399, 19.915615028704973], [73.32452605409522, 19.915640678112265], [73.32461143267476, 19.915666327515375], [73.32469681125433, 19.915691976914335], [73.32478218983385, 19.915717626309146], [73.32486756841341, 19.915743275699786], [73.32495294699295, 19.915768925086255], [73.32503832557252, 19.9157945744686], [73.32511713297576, 19.91583162159832], [73.32519594037898, 19.915868668719387], [73.32527474778226, 19.915905715831755], [73.32535355428719, 19.915942762935458], [73.3254323616904, 19.91597981003051], [73.32551116909364, 19.916016856272243], [73.3255899764969, 19.91605390334989], [73.32566878390014, 19.9160909504189], [73.3257475913034, 19.916127997479208], [73.32582639780831, 19.91616504453083], [73.32590520521157, 19.916202091573783], [73.32598401261481, 19.91623913860805], [73.32606282001807, 19.91627618563365], [73.32614162742131, 19.916313232650563], [73.32622043482453, 19.916350279658797], [73.3262992422278, 19.91638732665834], [73.32637804873274, 19.916424373649214], [73.32645685613598, 19.916461419786827], [73.3265356635392, 19.916498466760345], [73.32661447094247, 19.916535513725172], [73.3266932783457, 19.916572560681363], [73.32677208574897, 19.916609607628835], [73.3268508931522, 19.916646654567632], [73.32692969965713, 19.916683701497742], [73.32700850706037, 19.916720748419188], [73.32708731446363, 19.91675779533198], [73.32716612186687, 19.916794842236047], [73.3272449292701, 19.916831889131448], [73.32732373667336, 19.91686893517361], [73.3274025431783, 19.916905982051645], [73.32748135058154, 19.916943028921008], [73.32756015798479, 19.91698007578169], [73.32763896538803, 19.917017122633734], [73.32771777279125, 19.91705416947704], [73.32779658019453, 19.917091216311693], [73.32787538759774, 19.917128263137656], [73.32795419410269, 19.917165309954946], [73.32803300150591, 19.917202356763582], [73.32811180890918, 19.917239403563517], [73.32819061631241, 19.91727645035475], [73.32826942371568, 19.917313496292753], [73.32834823111891, 19.917350543066647], [73.32842703762384, 19.91738758983186], [73.32850584502708, 19.91742463658839], [73.32858465243034, 19.91746168333624], [73.32866345983358, 19.91749873007545], [73.32875157108822, 19.917486895795214], [73.32883968144456, 19.91747506151409], [73.32892779269919, 19.917463227232098], [73.32901590305553, 19.91745139294919], [73.32910401431016, 19.917439557820828], [73.32919212466648, 19.91742772353618], [73.32928023592115, 19.917415889250638], [73.32936834627746, 19.917404054964205], [73.32945645753209, 19.917392220676884], [73.32954456878676, 19.91738038638871], [73.32963267914306, 19.91736855209962], [73.3297207903977, 19.91735671780965], [73.32980890075405, 19.917344883518794], [73.32989701200869, 19.917333048382453], [73.32998512236502, 19.917321214089814], [73.33007323361966, 19.91730937979631], [73.330161343976, 19.917297545501903], [73.33024945523064, 19.917285711206617], [73.33023267200616, 19.91720287027024], [73.33021588878172, 19.917120030135063], [73.33019910645558, 19.91703718911186], [73.33018232323114, 19.916954348889877], [73.33016554000667, 19.916871507779906], [73.33014875678222, 19.916788667471106], [73.3301319744561, 19.91670582627435], [73.33011519123161, 19.91662298503418], [73.33009840800719, 19.91654014459518], [73.33008162478271, 19.916457303268224], [73.33006484155827, 19.916374462742432], [73.33004805923214, 19.916291621328696], [73.3300312760077, 19.916208780716115], [73.33001449278322, 19.91612593921556], [73.32999770955878, 19.916043097671626], [73.32998092723264, 19.915960256928845], [73.32996414400816, 19.91587741529812], [73.32994736078372, 19.9157945744686], [73.3299305775593, 19.915711732751028], [73.32991379433481, 19.915628891834704], [73.32989701200869, 19.915546050030397], [73.32988022878425, 19.915463208182654], [73.32986344555977, 19.915380367136144], [73.32984666233533, 19.915297525201634], [73.32982988000919, 19.915214684068307], [73.32981309678472, 19.91513184204702], [73.32979631356028, 19.915049000826905], [73.32977953033584, 19.914966158718812], [73.32976274711137, 19.914883316567327], [73.32974596478523, 19.914800475217035], [73.3297291815608, 19.91471763297877], [73.32971239833631, 19.91463479154169], [73.32969561511187, 19.914551949216634], [73.32967883278575, 19.914469106848184], [73.3296620495613, 19.914386265280918], [73.32964526633683, 19.914303422825686], [73.32962848311239, 19.914220581171666], [73.32961169988792, 19.91413773862961], [73.32959491756178, 19.914054896888807], [73.32957813433734, 19.913972054259997], [73.32956135111287, 19.91388921158775], [73.32954456788843, 19.91380636971678], [73.32952778556229, 19.913723526957796], [73.32951100233785, 19.913640685], [73.32949421911337, 19.91355784215423], [73.32947743588893, 19.91347500010965], [73.32946065266447, 19.913392157177096], [73.32944387033832, 19.913309314201147], [73.32942708711388, 19.91322647202639], [73.32941030388946, 19.913143628963663], [73.32939352066498, 19.91306078670213], [73.32937673833884, 19.91297794355261], [73.3293599551144, 19.912895101204327], [73.32934317188993, 19.912812257968003], [73.32932318078161, 19.912730807445676], [73.32930318877494, 19.91264935688139], [73.32928319766661, 19.912567906275132], [73.32926320565997, 19.91248645562697], [73.32924321455164, 19.912405004092218], [73.329223222545, 19.91232355336014], [73.32920323143665, 19.912242102586138], [73.32918323943001, 19.912160651770154], [73.32916324832168, 19.912079200912267], [73.32914325631504, 19.911997750012418], [73.32912326520669, 19.911916299070636], [73.32910327320006, 19.911834848086897], [73.32908328209172, 19.911753396216614], [73.32906329008509, 19.91167194514901], [73.32904329897674, 19.911590494039437], [73.32902330697007, 19.911509042887957], [73.32900331586177, 19.91142759169449], [73.32898332475342, 19.911346140459134], [73.3289633327468, 19.91126468918179], [73.32894334163845, 19.911183237862545], [73.32892334963178, 19.911101786501323], [73.32890335852348, 19.911020334253557], [73.3288833665168, 19.910938882808487], [73.3288633754085, 19.910857431321432], [73.32884338340183, 19.910775979792483], [73.32882339229349, 19.91069452822155], [73.32880340028684, 19.910613076608712], [73.32878340917851, 19.9105316249539], [73.32876341717187, 19.910450173257185], [73.32874342606353, 19.910368720673908], [73.3287234340569, 19.910287268893278], [73.32870344294855, 19.910205817070736], [73.32868345094192, 19.91012436520624], [73.32866345983358, 19.910042913299822], [73.32870751501173, 19.909971904257784], [73.32875157108822, 19.909900894339263], [73.32879562626637, 19.909829885233474], [73.32883968144456, 19.9097588752512], [73.32888373662271, 19.909687866081658], [73.32892779269919, 19.909616856035647], [73.32897184787736, 19.909545846802345], [73.32901590305553, 19.90947483669258], [73.32905995913198, 19.909403827395575], [73.32910401431016, 19.909332817222026], [73.32914806948833, 19.909261807861284], [73.32919212466648, 19.909190797623978], [73.32923618074295, 19.909119788199472], [73.32928023592115, 19.90904877789847], [73.3293242910993, 19.90897776841019], [73.32936834627746, 19.908906758045422], [73.32941240235394, 19.9088357484934], [73.32945645753209, 19.908764738064896], [73.32950051271027, 19.908693728449123], [73.32954456878676, 19.908622717956867], [73.32958862396491, 19.908551708277344], [73.32963267914306, 19.908480697721348], [73.32967673432123, 19.90840968797809], [73.3297207903977, 19.90833867735833], [73.3297648455759, 19.908267667551332], [73.32980890075405, 19.908196656867847], [73.32985295683054, 19.90812564699708], [73.32989701200869, 19.908054636249847], [73.32994106718684, 19.90798362631536], [73.32998512236502, 19.90791261550436], [73.3300291784415, 19.90784160550616], [73.33007323361966, 19.907770594631398], [73.33011728879781, 19.907699583724803], [73.330161343976, 19.90762857363094], [73.33020540005245, 19.90755756350525], [73.33024945523064, 19.907486552503], [73.33032066288656, 19.9074378592742], [73.33039187144084, 19.907389166875003], [73.33046307909676, 19.907340473616244], [73.33053428675272, 19.907291780342447], [73.33060549530697, 19.907243087053676], [73.33067670296292, 19.90719439459457], [73.33074791151716, 19.907145701275812], [73.3308191191731, 19.90709700794209], [73.33089032682904, 19.907048315438026], [73.33096153538331, 19.90699962207432], [73.33103274303926, 19.90695092869564], [73.33110395069518, 19.90690223530195], [73.33117515924947, 19.90685354273795], [73.33124636690538, 19.906804849314298], [73.33131757545962, 19.90675615587567], [73.33138878311559, 19.90670746326671], [73.33145999077153, 19.90665876979811], [73.33153119932578, 19.90661007631452], [73.3316024069817, 19.906561382815937], [73.33167361463767, 19.90651269014704], [73.33174482319191, 19.90646399661848], [73.33181603084786, 19.906415303074947], [73.33188723940212, 19.90636661036108], [73.33195844705807, 19.906317916787582], [73.332029654714, 19.906269223199104], [73.33210086326825, 19.906220529595632], [73.3321720709242, 19.90617183682183], [73.33224327858017, 19.906123143188378], [73.33231448713441, 19.90607444953997], [73.33238569479033, 19.9060257567212], [73.3324569033446, 19.905977063042783], [73.33252811100053, 19.905928369349432], [73.33259931865649, 19.905879675641057], [73.33267052721074, 19.90583098276232], [73.33274173486669, 19.90578228902402], [73.33282213138966, 19.90574792888879], [73.33290252701433, 19.90571356790145], [73.33298292353732, 19.905679207751323], [73.333063319162, 19.905644847593713], [73.33314371568495, 19.90561048742866], [73.33322411130962, 19.90557612641147], [73.33330450783262, 19.905541766231483], [73.33338490345729, 19.905507406044027], [73.33346529998025, 19.905473045849117], [73.33354569560491, 19.90543868480211], [73.33362609212791, 19.905404324592276], [73.33370648775258, 19.905369964374984], [73.33378688427557, 19.905335604150228], [73.33386727990023, 19.905301243073335], [73.33394767642321, 19.905266882833665], [73.33402807204787, 19.905232522586516], [73.33410846857088, 19.905198162331924], [73.33418886419554, 19.905163801225225], [73.3342692607185, 19.905129440955697], [73.33434965634316, 19.905095080678716], [73.33443005286617, 19.905060720394264], [73.33451044849083, 19.905026359257693], [73.33459084501384, 19.90499199895832], [73.3346712406385, 19.904957638651492], [73.33475163716146, 19.904923278337193], [73.33483203278612, 19.904888917170815], [73.33491242930913, 19.904854556841595], [73.3349928249338, 19.904820196504932], [73.33507322145675, 19.904785836160777], [73.33515361708142, 19.90475147496451], [73.33523401360443, 19.904717114605457], [73.33531493204858, 19.904686681017658], [73.3353958495944, 19.904656247424047], [73.33547676803859, 19.904625813824545], [73.33555768648277, 19.904595380219227], [73.33563860492691, 19.904564946608023], [73.33571952247277, 19.90453451299099], [73.33580044091694, 19.904504079368078], [73.33588135936108, 19.904473644894672], [73.33596227690693, 19.904443211260094], [73.33604319535111, 19.904412777619616], [73.33612411379525, 19.90438234397333], [73.33620503223943, 19.904351910321147], [73.33628594978528, 19.90432147666315], [73.33636686822942, 19.904291042999258], [73.33642017874996, 19.904353700983318], [73.33647349016881, 19.904416358097905], [73.33652680068937, 19.904479016032347], [73.33658011120991, 19.904541673941942], [73.33663342173043, 19.904604330982128], [73.33668673314926, 19.904666988842095], [73.33674004366982, 19.904729646677303], [73.33679335419036, 19.904792303643013], [73.33684666560922, 19.904854961428594], [73.33689997612973, 19.9049176183447], [73.33695328665029, 19.90498027608065], [73.33700659806912, 19.905042933791755], [73.33705990858967, 19.90510559063346], [73.33711321911022, 19.905168248294935], [73.33716652963075, 19.905230905931653], [73.33721984104959, 19.905293562698898], [73.33727315157013, 19.90535622028597], [73.33727315157013, 19.905439581816324], [73.33727315157013, 19.9055229433028], [73.33727315157013, 19.90560630390069], [73.33727315157013, 19.905689665299278], [73.33727315157013, 19.90577302665399], [73.33727315157013, 19.905856387964757], [73.33727315157013, 19.905939748386967], [73.33727315157013, 19.906023109609887], [73.33727315157013, 19.90610647078894], [73.33727315157013, 19.906189831924028], [73.33727315157013, 19.90627319301522], [73.33727315157013, 19.906356553217847], [73.33727315157013, 19.90643991422118], [73.33727315157013, 19.906523275180586], [73.33727315157013, 19.90660663609611], [73.33727315157013, 19.906689996967682], [73.33727315157013, 19.90677335695071], [73.33727315157013, 19.90685671773447], [73.33727315157013, 19.90694007847428], [73.33727315157013, 19.907023439170207], [73.33727315157013, 19.907106798977527], [73.33727315157013, 19.907190159585607], [73.33727315157013, 19.907273520149733], [73.33731846618632, 19.907344531247606], [73.33736377990421, 19.907415541468918], [73.33740909452038, 19.907486552503], [73.33745440823827, 19.907557562660596], [73.33749972285446, 19.90762857363094], [73.33754503657234, 19.907699583724803], [73.33759035118854, 19.907770594631398], [73.33763566490641, 19.907841604661506], [73.33768097952259, 19.90791261550436], [73.33772629324048, 19.907983625470745], [73.33777160785667, 19.908054636249847], [73.33781692157456, 19.90812564615248], [73.33786223619073, 19.908196656867847], [73.33790754990862, 19.908267666706713], [73.33795286452481, 19.90833867735833], [73.3379981782427, 19.908409687133474], [73.33804349285889, 19.908480697721348], [73.33808880657674, 19.908551707432743], [73.33813412119295, 19.908622717956867], [73.33817943491081, 19.908693727604483], [73.33822474952703, 19.908764738064896], [73.33827006324488, 19.90883574764876], [73.3383153778611, 19.908906758045422], [73.33836069157894, 19.908977767565545], [73.33840600619516, 19.90904877789847], [73.33845131991302, 19.909119787354847], [73.33849663452924, 19.909190797623978], [73.33854194824708, 19.90926180701663], [73.33858726286327, 19.909332817222026], [73.33863257658116, 19.909403826550935], [73.33871888940861, 19.909403826550935], [73.33880520223605, 19.909403826550935], [73.3388915150635, 19.909403826550935], [73.33897782699262, 19.909403826550935], [73.33906413982007, 19.909403826550935], [73.33915045264752, 19.909403826550935], [73.33923676547496, 19.909403826550935], [73.3393230783024, 19.909403826550935], [73.33940939112986, 19.909403826550935], [73.33949570395727, 19.909403826550935], [73.33958201588644, 19.909403826550935], [73.33966832871388, 19.909403826550935], [73.33975464154132, 19.909403826550935], [73.33984095436874, 19.909403826550935], [73.33992726719617, 19.909403826550935], [73.34001358002362, 19.909403826550935], [73.34009989285107, 19.909403826550935], [73.3401862047802, 19.909403826550935], [73.34027251760764, 19.909403826550935], [73.3403588304351, 19.909403826550935], [73.34044514326253, 19.909403826550935], [73.34049845378308, 19.909341170566808], [73.34055176520194, 19.90927851540249], [73.34060507572248, 19.909215859368732], [73.34065838624299, 19.909153204154784], [73.34071169676355, 19.909090548071426], [73.34076500818239, 19.90902789196322], [73.34081831870293, 19.90896523667483], [73.34087162922346, 19.908902580516983], [73.3409249406423, 19.908839925178977], [73.34097825116285, 19.9087772689715], [73.3410315616834, 19.908714613583857], [73.34108487310223, 19.908651957326747], [73.34113818362279, 19.90858930104487], [73.3411914941433, 19.908526645582775], [73.34124480466386, 19.908463989251228], [73.3412981160827, 19.908401333739516], [73.34135142660325, 19.90833867735833], [73.34135142660325, 19.90825752268728], [73.34135142660325, 19.9081763679746], [73.34135142660325, 19.908095213220296], [73.34135142660325, 19.908014059268993], [73.34135142660325, 19.907932904431433], [73.34135142660325, 19.907851749552222], [73.34135142660325, 19.907770594631398], [73.34135142660325, 19.907689439668943], [73.34135142660325, 19.90760828466489], [73.34135142660325, 19.90752712961918], [73.34135142660325, 19.90744597537645], [73.34135142660325, 19.907364820247487], [73.34135142660325, 19.90728366507691], [73.34135142660325, 19.907202509864682], [73.34135142660325, 19.90712135461083], [73.34135142660325, 19.907040199315347], [73.34135142660325, 19.906959043978237], [73.34135142660325, 19.906877889444154], [73.34135142660325, 19.90679673402379], [73.34135142660325, 19.906715578561798], [73.34135142660325, 19.90663442305818], [73.34143639105945, 19.90660779409746], [73.34152135461733, 19.90658116513225], [73.34160631907353, 19.906554535317905], [73.34169128352973, 19.906527906343726], [73.34177624708761, 19.90650127736507], [73.34186121154382, 19.906474648381934], [73.34194617510173, 19.906448018549664], [73.34203113955789, 19.906421389557572], [73.34209293197137, 19.906479489861987], [73.34215472348649, 19.906537589300452], [73.34221651589992, 19.9065956895622], [73.34227830741507, 19.906653788957993], [73.3423400998285, 19.906711889177082], [73.34240189224195, 19.90676998937482], [73.34246368375709, 19.906828088706607], [73.34252547617054, 19.90688618886169], [73.34258726768569, 19.906944288150783], [73.34264906009913, 19.90700238826321], [73.34271085251258, 19.907060488354286], [73.34277264402772, 19.907118587579372], [73.34283443644117, 19.907176687627793], [73.3428962279563, 19.90723478681022], [73.34295802036975, 19.90729288681593], [73.3430198118849, 19.907350985955716], [73.34308160429833, 19.907409085918772], [73.34314339671178, 19.9074671858605], [73.34320518822692, 19.90752528493627], [73.34326698064037, 19.907583384835316], [73.34332877215549, 19.907641483868424], [73.34339056456895, 19.907699583724803], [73.34344285011174, 19.907765131540415], [73.34349513565455, 19.907830680173504], [73.34354742119733, 19.90789622793483], [73.34359970674012, 19.907961776513584], [73.34365199228293, 19.908027324220598], [73.34370427782572, 19.908092871900426], [73.3437565633685, 19.90815842039773], [73.3438088489113, 19.908223968023247], [73.34386113445413, 19.908289515621586], [73.34391341999692, 19.908355064037433], [73.34396570553972, 19.908420611581462], [73.3440179910825, 19.908486159942985], [73.34407027752363, 19.908551707432743], [73.34412256306642, 19.908617254895297], [73.34417484860923, 19.908682803175346], [73.34422713415202, 19.908748350583593], [73.3442794196948, 19.90881389880933], [73.3443317052376, 19.908879446163265], [73.3443839907804, 19.908944993490024], [73.34443627632318, 19.909010541634277], [73.34448856186597, 19.90907608890676], [73.34454084740878, 19.909141636152064], [73.3445931329516, 19.909207184214843], [73.3446454184944, 19.909272731405817], [73.34469770403719, 19.909338279414285], [73.34474998957998, 19.909403826550935], [73.34483495403619, 19.90939051188188], [73.34491991759405, 19.909377198056333], [73.34500488205026, 19.909363883385037], [73.34508984560817, 19.909350569557265], [73.34517481006435, 19.909337254883717], [73.34525977362226, 19.909323941053692], [73.34534473807845, 19.909310626377906], [73.34542970253466, 19.909297312545654], [73.34551466609254, 19.90928399786763], [73.34559963054873, 19.909270683188485], [73.34568459410661, 19.90925736935286], [73.34576955856282, 19.90924405467148], [73.34585452212073, 19.909230740833593], [73.34593948657692, 19.909217426149983], [73.3460244501348, 19.909204112309855], [73.34610941459101, 19.909190797623978], [73.34612684280583, 19.909108862955097], [73.34614427191897, 19.90902692908843], [73.3461617001338, 19.908944994334664], [73.34617912834862, 19.908863059538472], [73.34619655746177, 19.908781124699853], [73.3462139856766, 19.908699190663416], [73.34623141389142, 19.908617255739912], [73.34624884300457, 19.908535320773982], [73.34626627121939, 19.908453385765622], [73.34628369943424, 19.90837145155947], [73.34630112854737, 19.90828951646624], [73.34631855676217, 19.90820758133057], [73.34633598587533, 19.90812564699708], [73.34635341409015, 19.908043711776553], [73.346370842305, 19.907961776513584], [73.34638827141812, 19.907879841208185], [73.34640569963298, 19.907797906704996], [73.3464231278478, 19.90771597131474], [73.34644055696093, 19.90763403588203], [73.34645798517577, 19.90755210040689], [73.34647541339059, 19.90747016573395], [73.34649284250375, 19.907388230173954], [73.34651027071857, 19.90730629457153], [73.34652769893339, 19.90722435892665], [73.34654512804654, 19.907142424084007], [73.34656255626136, 19.907060488354286], [73.34656255626136, 19.906977127677873], [73.34656255626136, 19.906893766957594], [73.34656255626136, 19.906810407038], [73.34656255626136, 19.906727046229875], [73.34656255626136, 19.906643685377784], [73.34656255626136, 19.90656032448181], [73.34656255626136, 19.906476963541895], [73.34656255626136, 19.90639360255809], [73.34656255626136, 19.906310242374982], [73.34656255626136, 19.9062268813033], [73.34656255626136, 19.906143520187733], [73.34656255626136, 19.90606015902822], [73.34656255626136, 19.905976797824803], [73.34656255626136, 19.90589343657748], [73.34656255626136, 19.905810076130855], [73.34656255626136, 19.905726714795673], [73.34656255626136, 19.9056433534166], [73.34656255626136, 19.90555999199356], [73.34656255626136, 19.90547663052664], [73.34656255626136, 19.90539326901578], [73.34656255626136, 19.90530990830569], [73.34656255626136, 19.90522654670699], [73.34656255626136, 19.905143185064404], [73.34661919863328, 19.905079274779865], [73.34667584190352, 19.9050153644695], [73.34673248427544, 19.904951453288703], [73.34678912754569, 19.90488754292671], [73.3468457699176, 19.904823632538903], [73.34690241228952, 19.904759722125295], [73.34695905555976, 19.904695810841233], [73.34701569793171, 19.904631900376], [73.34707234120194, 19.90456798988495], [73.34712898357387, 19.904504079368078], [73.3471856259458, 19.904440167980763], [73.34724226921604, 19.904376257412274], [73.34729891158796, 19.90431234681797], [73.3473555548582, 19.904248436197882], [73.34741219723011, 19.9041845247073], [73.34746883960204, 19.90412061403556], [73.34752548287229, 19.904056703338007], [73.3475821252442, 19.903992792614677], [73.34763876851444, 19.903928881020843], [73.34769541088637, 19.903864970245845], [73.34776750158622, 19.903913387527584], [73.34783959228609, 19.903961804794513], [73.34791168298597, 19.9040102228913], [73.34798377368584, 19.9040586401286], [73.3480558643857, 19.90410705735105], [73.34812795508556, 19.90415547455873], [73.34820004578543, 19.904203891751592], [73.3482721364853, 19.90425230892963], [73.34834422718517, 19.904300726937528], [73.34841631788504, 19.904349144085923], [73.34848840858491, 19.904397561219525], [73.34856049928477, 19.904445978338305], [73.34863258998463, 19.904494395442274], [73.3487046806845, 19.904542813376075], [73.34877677138438, 19.904591230450418], [73.34884886208425, 19.90463964750995], [73.34892095278408, 19.90468806455466], [73.34899304348394, 19.90473648158457], [73.34906513418382, 19.90478489859965], [73.34913722488368, 19.904833316444552], [73.34920931558355, 19.904881733430003], [73.34928140628341, 19.904930150400656], [73.34932456224797, 19.90500116170557], [73.34936771911086, 19.90507217382323], [73.34941087507542, 19.905143185064404], [73.34945403193831, 19.90521419711835], [73.34949718790287, 19.905285208295776], [73.34954034476576, 19.90535622028597], [73.34958350073032, 19.905427231399646], [73.34962665669488, 19.90549824332613], [73.34966981355777, 19.90556925437606], [73.34971296952233, 19.90564026623882], [73.34975612638522, 19.905711277225002], [73.34979928234976, 19.90578228902402], [73.34984243921265, 19.905853299946482], [73.34988559517721, 19.905924311681723], [73.34992875114177, 19.90599532254047], [73.34997190800466, 19.906066334211975], [73.35001506396922, 19.90613734500698], [73.35005822083212, 19.906208356614734], [73.35010137679667, 19.906279367346016], [73.35014453365957, 19.906350378890043], [73.35018768962414, 19.906421389557572], [73.35027363054904, 19.906443427082316], [73.35035957057563, 19.906465465448658], [73.35044551150054, 19.906487502967266], [73.35053145242546, 19.906509541327463], [73.35061739335038, 19.906531578839942], [73.350703333377, 19.906553617193982], [73.3507892743019, 19.906575654700312], [73.35087521522682, 19.906597693048248], [73.35096115615175, 19.906619730548435], [73.35104709617833, 19.90664176889021], [73.35113303710325, 19.90666380638428], [73.35121897802816, 19.90668584471991], [73.35130491805478, 19.90670788220782], [73.3513908589797, 19.90672992053732], [73.35147679990462, 19.90675195801911], [73.35156274082952, 19.906773996342466], [73.35164868085612, 19.906796033818097], [73.35173462178102, 19.906818072135334], [73.35182056270595, 19.906840109604847], [73.35190650273256, 19.9068621479159], [73.35199244365748, 19.906884185379294], [73.3520783845824, 19.906906223684214], [73.35216432550732, 19.906928261141463], [73.3522502655339, 19.906950299440236], [73.35233620645882, 19.906972336891343], [73.35242214738373, 19.906994375183984], [73.35250808830864, 19.90701641262896], [73.35259402833526, 19.907038450915483], [73.35267996926018, 19.907060488354286], [73.35274247134271, 19.907001720999325], [73.35280497342522, 19.906942953622533], [73.35286747640606, 19.906884185379294], [73.35292997848859, 19.906825417958824], [73.35299248057109, 19.906766650516577], [73.3530549826536, 19.906707883052473], [73.35311748563446, 19.90664911472191], [73.35317998771697, 19.906590347214166], [73.35324248979953, 19.906531579684593], [73.35330499188204, 19.906472812133178], [73.35336749486285, 19.9064140437153], [73.3534299969454, 19.906355276120234], [73.35349249902792, 19.906296508503335], [73.35355500111044, 19.906237740864604], [73.35361750409128, 19.906178972359417], [73.3536800061738, 19.90612020467705], [73.35374250825632, 19.906061436972852], [73.35380501033886, 19.906002669246835], [73.35386751331968, 19.905943900654318], [73.35393001540218, 19.905885132884638], [73.35399251748474, 19.90582636509314], [73.35405501956727, 19.905767597279787], [73.35411752254811, 19.905708828599998], [73.35418002463061, 19.90565006074298], [73.35424252671314, 19.905591292864155], [73.35430502879565, 19.905532524963515], [73.3543675317765, 19.905473756196386], [73.35443003385902, 19.905414988252094], [73.35449253594153, 19.90535622028597], [73.3545069979193, 19.9054378080594], [73.35452145989709, 19.90551939579072], [73.35453592187481, 19.90560098348], [73.35455038385258, 19.905682571127226], [73.35456484583037, 19.90576415873235], [73.3545793078081, 19.905845746295416], [73.35459376978586, 19.905927333816425], [73.3546082317636, 19.906008920450716], [73.35462269374138, 19.906090507887555], [73.35463715571915, 19.906172095282358], [73.3546516176969, 19.906253682635086], [73.35466607967466, 19.906335269945743], [73.3546805416524, 19.906416857214303], [73.35469500363017, 19.906498444440818], [73.35470946560795, 19.906580031625268], [73.35472392758568, 19.906661618767625], [73.35473838956345, 19.906743205867933], [73.35475285154124, 19.90682479292617], [73.35476731351896, 19.906906379942306], [73.35478177549673, 19.906987966916397], [73.35479623747447, 19.907069553848416], [73.35481069945224, 19.90715114073835], [73.35482516143001, 19.907232727586212], [73.35483962340776, 19.907314313547385], [73.35485408538553, 19.907395900311116], [73.35486854736327, 19.907477487032786], [73.35488300934105, 19.907559073712346], [73.35489747131881, 19.90764066034987], [73.35491193329655, 19.90772224694531], [73.35492639527433, 19.90780383349865], [73.3549408572521, 19.907885420009958], [73.35495531922983, 19.907967006479183], [73.3549697812076, 19.908048592906308], [73.35498424318534, 19.908130179291398], [73.35499870516311, 19.9082117656344], [73.35501316714088, 19.90829335193531], [73.35502762911862, 19.90837493819417], [73.3550420910964, 19.90845652441096], [73.35505655307414, 19.90853811058565], [73.3550710150519, 19.90861969587368], [73.35508547702968, 19.908701281964213], [73.35509993900742, 19.908782868012697], [73.3551144009852, 19.908864454019113], [73.35512886296293, 19.908946039983427], [73.3551433249407, 19.90902762590571], [73.35515778691848, 19.909109211785893], [73.35517224889621, 19.909190797623978], [73.35516146012966, 19.90927448738263], [73.35515067136309, 19.90935817794164], [73.35513988259653, 19.909441867611715], [73.35512909382999, 19.909525558082173], [73.3551183041651, 19.9096092476637], [73.35510751539854, 19.90969293804561], [73.35509672663197, 19.909776627538616], [73.35508593786543, 19.909860317831953], [73.35507514909885, 19.9099440072364], [73.35506436033228, 19.910027697441205], [73.35505357156573, 19.91011138675709], [73.35504278279916, 19.910195076028682], [73.35503199313429, 19.91027876694528], [73.35502120436772, 19.910362455283746], [73.35501041470285, 19.910446145267155], [73.35499962593627, 19.91052983436169], [73.35498883716973, 19.910613524256544], [73.35497804840317, 19.910697213262516], [73.35496725873828, 19.910780903913437], [73.35495646997173, 19.91086459198624], [73.35494568030684, 19.91094828254861], [73.35493489154027, 19.91103197053284], [73.35492410277372, 19.911115659317424], [73.35491331310882, 19.911199349746976], [73.35490252434228, 19.911283037598384], [73.35489173467738, 19.911366727094737], [73.35488094591084, 19.911450415702227], [73.35487015624597, 19.91153410511002], [73.35485936747939, 19.911617793628952], [73.35484857871283, 19.911701482948185], [73.35483778994629, 19.911785171378558], [73.35482700117971, 19.911868859764656], [73.35481621151484, 19.911952549795686], [73.35480542274827, 19.912036237248596], [73.3547946330834, 19.91211992634644], [73.35478384431683, 19.912203614555416], [73.35477305465196, 19.912287303564714], [73.35476226588538, 19.91237099168512], [73.3547514762205, 19.912454680605894], [73.35474068745397, 19.91253836863772], [73.35472989778906, 19.91262205746992], [73.35471910902251, 19.912705745413184], [73.35470832025595, 19.9127894333122], [73.35469753059107, 19.912873122011543], [73.35468674182451, 19.912956809821985], [73.35467595305796, 19.913040498432782], [73.35466516429139, 19.913124186154654], [73.35465437462652, 19.91320787467688], [73.35464358585995, 19.913291562310192], [73.35463279619508, 19.913375250743858], [73.3546220074285, 19.913458938288635], [73.35461121776363, 19.913542626633717], [73.35460042899706, 19.91362631408992], [73.35458964023051, 19.91371000150183], [73.35457885056562, 19.913793689714076], [73.35456806179907, 19.91387737703745], [73.3545572730325, 19.913961065161114], [73.35454648426591, 19.914044752395913], [73.35453569460105, 19.914128440431007], [73.35452490583451, 19.914212127577237], [73.35451411616961, 19.91429581552378], [73.35450332740307, 19.91437950258145], [73.35449253863649, 19.91446319043941], [73.3544817498699, 19.91454687740852], [73.35447096110337, 19.91463056433333], [73.3544601714385, 19.91471425290306], [73.35444938267193, 19.914797938894697], [73.35443859300706, 19.91488162653124], [73.35442780424049, 19.91496531327892], [73.35441701457562, 19.915049000826905], [73.35440622580904, 19.915132687486025], [73.35439543614417, 19.915216374945423], [73.3543846473776, 19.91530006151597], [73.35437385861105, 19.915383748042235], [73.35436306894618, 19.915467435368775], [73.35435228017961, 19.915551121806462], [73.35434149141304, 19.915634809044445], [73.3543307026465, 19.915718495393563], [73.3543199129816, 19.915802182542972], [73.35430912421505, 19.915885868803517], [73.35429833455014, 19.915969555864354], [73.3542875457836, 19.91605324203633], [73.35427675611874, 19.91613692900862], [73.35426596735216, 19.916220615091998], [73.3542551785856, 19.916304301131113], [73.35424438892072, 19.91638798797052], [73.35423360015415, 19.916471673921063], [73.35422281138761, 19.91655536067191], [73.35421202262104, 19.91663904653384], [73.35420123295617, 19.916722733196117], [73.3541904441896, 19.916806418969493], [73.35417965452471, 19.916890105543196], [73.35416886575814, 19.91697379122801], [73.35415807609327, 19.917057477713104], [73.35414728732673, 19.917141163309346], [73.35413649856017, 19.917224848861277], [73.35412570889528, 19.917308535213536], [73.35411492012872, 19.917392220676884], [73.35410413046384, 19.91747590694056], [73.35409334169728, 19.91755959231536], [73.35408255293073, 19.917643278490438], [73.35407176416416, 19.91772696377665], [73.35406097449929, 19.917810649863146], [73.35405018573272, 19.9178943350608], [73.35403939606785, 19.91797802105871], [73.35402860730127, 19.918061706167766], [73.35401781853473, 19.91814539123254], [73.35400702886983, 19.91822907709759], [73.35399624010329, 19.918312762073775], [73.35398545043839, 19.91839644785024], [73.35397466167184, 19.918480132737844], [73.35396387200696, 19.91856381842574], [73.3539530832404, 19.91864750322477], [73.35394229357551, 19.91873118882405], [73.35393150480895, 19.918814873534497], [73.35392071604238, 19.918898558200656], [73.35390992637751, 19.91898224366708], [73.35389913761097, 19.919065928244642], [73.3538883488444, 19.919149613622483], [73.35387756007782, 19.91923329811147], [73.35386677041295, 19.919316983400716], [73.35385598164636, 19.91940066780112], [73.3538451919815, 19.91948435300179], [73.35383440321496, 19.91956803731361], [73.35382361355006, 19.919651722425723], [73.35381282478352, 19.91973540664892], [73.35380203601694, 19.91981909082787], [73.35379124635207, 19.919902775807056], [73.3537804575855, 19.919986459897423], [73.35376966881896, 19.920070144788053], [73.35375888005238, 19.920153828789793], [73.35374809038751, 19.92023751359185], [73.35373730162094, 19.920321197504993], [73.35372651195607, 19.920404882218456], [73.3537157231895, 19.920488566043016], [73.35370493352463, 19.920572250667878], [73.35369414475805, 19.92065593440389], [73.3536833559915, 19.920739618095567], [73.35367256632661, 19.920823302587547], [73.35366177756006, 19.920906986190637], [73.35365098879349, 19.92099067059403], [73.35364019912862, 19.921074354108562], [73.35362941036205, 19.921158038423332], [73.3536186215955, 19.921241721849267], [73.3536078319306, 19.92132540607544], [73.35359704316406, 19.92140908941279], [73.35358625439748, 19.92149277355038], [73.35357546473261, 19.92157645679913], [73.35356467596604, 19.92166014000357], [73.35355388630117, 19.921743824008278], [73.3535430975346, 19.92182750712413], [73.35353230876805, 19.921911191040227], [73.35352151910318, 19.92199487406751], [73.35351073033661, 19.92207855789501], [73.35349994157005, 19.922162240833682], [73.35348915190517, 19.922245924572593], [73.3534783631386, 19.922329607422668], [73.35346757437206, 19.922413290228445], [73.35345678470715, 19.922496973834477], [73.3534459959406, 19.922580656551656], [73.35343520627573, 19.922664340069062], [73.35342441750916, 19.922748022697643], [73.35341362784429, 19.922831706126463], [73.35340283907772, 19.92291538866646], [73.35339204941285, 19.92299907200667], [73.35338126064627, 19.923082754458058], [73.3533704709814, 19.923166437709686], [73.35335968221483, 19.923250120072474], [73.3533764654393, 19.923332957840355], [73.35339324866374, 19.923415794720288], [73.35341003188822, 19.923498632401337], [73.35342681511266, 19.923581469194453], [73.35344359833712, 19.923664306788687], [73.35346038156156, 19.9237471443395], [73.35347716478604, 19.92382998100238], [73.35349394801047, 19.92391281846639], [73.3535107312349, 19.923995655042454], [73.35352751445939, 19.924078492419632], [73.35354429768383, 19.924161329753407], [73.35356108000995, 19.924244166199244], [73.35357786323443, 19.924327002601622], [73.35359464645887, 19.92440983896063], [73.35361142968334, 19.924492676120757], [73.35362821290778, 19.92457551239295], [73.35364499613222, 19.92465834946625], [73.3536617793567, 19.92474118649614], [73.35367856258114, 19.92482402263808], [73.3536953458056, 19.924906859581153], [73.35371212903004, 19.924989695636267], [73.35372891225451, 19.92507253249252], [73.35374569547895, 19.925155369305333], [73.35376247870342, 19.925238205230194], [73.35377926192785, 19.925321041956227], [73.353796044254, 19.92540387779426], [73.35381282747844, 19.925486714433426], [73.35382961070292, 19.92556955102922], [73.35384639302904, 19.925652386737017], [73.35386317625348, 19.925735223245944], [73.35387995857963, 19.925818058866952], [73.35389674180406, 19.925900895289047], [73.35391352502855, 19.925983731667724], [73.35393030735467, 19.926066567158493], [73.35394709057911, 19.926149403450353], [73.3539638738036, 19.92623223885428], [73.35398065702803, 19.926315075059314], [73.3539974402525, 19.92639791122091], [73.35401422257861, 19.9264807464946], [73.3540310058031, 19.926563582569383], [73.35404778812922, 19.926646417756242], [73.35406457135366, 19.926729253744192], [73.3540813536798, 19.926812088844187], [73.35409813690428, 19.926894924745334], [73.35411492012872, 19.926977760603023], [73.35413170245485, 19.92706059641732], [73.35414848567929, 19.927143432188206], [73.35416526800543, 19.92722626707113], [73.35418205122991, 19.927309102755174], [73.35419883445435, 19.927391938395786], [73.35421561678048, 19.927474773148486], [73.35423240000496, 19.92755760870227], [73.35424918233107, 19.92764044336814], [73.35426596555554, 19.927723278835092], [73.35429292489553, 19.927802129781572], [73.35431988333718, 19.92788097984419], [73.35434684267719, 19.927959830712005], [73.35437380201718, 19.928038680695973], [73.35440076135717, 19.928117531485093], [73.35442771979886, 19.928196381390347], [73.35445467913885, 19.92827523210079], [73.35448163847884, 19.928354082771886], [73.3545085969205, 19.928432932559158], [73.3545355562605, 19.928511783151563], [73.3545625147022, 19.928590632860097], [73.35458947404217, 19.92866948337384], [73.35461643338218, 19.928748333003725], [73.35464339272217, 19.92882718343877], [73.35467035206216, 19.92890603383447], [73.35469731050381, 19.928984883346338], [73.35472426984381, 19.929063733663348], [73.35475122828551, 19.929142583096496], [73.35477818762548, 19.929221433334817], [73.35480514606716, 19.929300282689304], [73.35483210540714, 19.92937913284895], [73.35485906474715, 19.929457982124724], [73.35488602408712, 19.929536832205674], [73.35491298342713, 19.929615682247285], [73.35493994186882, 19.929694531405058], [73.35496690120881, 19.929773381367973], [73.35499385965048, 19.92985223044702], [73.35502081899045, 19.929931080331258], [73.35504777743212, 19.930009929331646], [73.35507473677211, 19.930088779137197], [73.3551020778961, 19.930168747040018], [73.35512941991844, 19.930248714902405], [73.35515676104242, 19.930328682724298], [73.35518410306472, 19.93040865050571], [73.3552114441887, 19.930488618246706], [73.3552387853127, 19.930568585947178], [73.35526612733499, 19.93064855360723], [73.35529346845897, 19.930728521226765], [73.35532080958296, 19.930808488805845], [73.35534815160526, 19.93088845634448], [73.35537549272924, 19.930968423842604], [73.35540283475156, 19.931048390455775], [73.35543017587555, 19.931128357873], [73.35545751699955, 19.931208325249717], [73.35548485902184, 19.931288292585965], [73.35551220014582, 19.931368259881772], [73.35553954126982, 19.931448227137082], [73.35556688329211, 19.931528194351948], [73.3555942244161, 19.931608161526306], [73.35562156643839, 19.931688128660195], [73.35564890756238, 19.931768095753654], [73.35567624868636, 19.9318480628066], [73.3557035907087, 19.931928029819108], [73.35573093183268, 19.93200799679112], [73.35575827295663, 19.93208796372265], [73.35578561497897, 19.932167930613737], [73.35581295610295, 19.932247897464325], [73.35584029812524, 19.93232786427446], [73.35586763924924, 19.9324078310441], [73.35589498037322, 19.93248779777327], [73.35592232239551, 19.932567764461997], [73.35594966351951, 19.932647731110215], [73.35597700464349, 19.932727697718], [73.35600434666583, 19.932807663440794], [73.35603168778978, 19.932887629967592], [73.3560590298121, 19.932967596453906], [73.3560863709361, 19.9330475628998], [73.35611371206008, 19.933127529305168], [73.35614105408237, 19.933207495670114], [73.35616839520637, 19.93328746199455], [73.35619573633035, 19.933367428278494], [73.35622307835264, 19.933447394522005], [73.35625041947664, 19.93352736072501], [73.35627776149894, 19.93360732688757], [73.35630510262291, 19.933687293009623], [73.35631662351645, 19.93377032545199], [73.35632814351166, 19.933853357850683], [73.35633966440517, 19.933936390205762], [73.35635118529868, 19.93401942251718], [73.3563627052939, 19.93410245478495], [73.3563742261874, 19.934185487853632], [73.35638574618261, 19.934268520034113], [73.35639726707612, 19.93435155217097], [73.35640878796966, 19.934434584264224], [73.35642030796484, 19.934517616313794], [73.35643182885838, 19.934600648319766], [73.3564433497519, 19.934683680282046], [73.35645486974711, 19.93476671220073], [73.3564663906406, 19.93484974407575], [73.35647791063582, 19.934932775907146], [73.35648943152933, 19.935015807694878], [73.35650095242286, 19.935098839439], [73.35651247241805, 19.935181871983946], [73.35652399331158, 19.935264903640757], [73.3565355142051, 19.93534793525394], [73.35654703420032, 19.93543096682346], [73.35655855509381, 19.93551399834937], [73.35657007508902, 19.93559702983162], [73.35658159598253, 19.93568006127024], [73.35659311687604, 19.935763092665187], [73.35660463687125, 19.935846124016535], [73.35661615776479, 19.935929155324196], [73.35662767865831, 19.936012186588258], [73.35663919865351, 19.936095217808646], [73.35665071954702, 19.93617824982988], [73.35666223954225, 19.936261280963006], [73.35667376043574, 19.93634431205244], [73.35668528132925, 19.93642734309829], [73.35669680132446, 19.936510374100454], [73.356708322218, 19.936593405059003], [73.35671984311152, 19.936676435973876], [73.35673136310672, 19.93675946684514], [73.35674288400024, 19.936842497672725], [73.35675440399545, 19.9369255284567], [73.35676592488895, 19.93700855919699], [73.35677744578246, 19.937091589893665], [73.35678896577767, 19.93717462139118], [73.35680048667119, 19.93725765200053], [73.35681200756473, 19.93734068256628], [73.35682352755992, 19.937423713088357], [73.35683504845345, 19.937506743566782], [73.35684656844866, 19.937589774001598], [73.35685808934215, 19.937672804392722], [73.35686961023566, 19.937755834740237], [73.35688113023087, 19.937838865044075], [73.35689265112438, 19.937921895304317], [73.35690417201792, 19.938004925520854], [73.3569156920131, 19.938087955693796], [73.35692721290665, 19.938170986667537], [73.35693873290185, 19.938254016753138], [73.35695025379536, 19.938337046795116], [73.35696177468887, 19.93842007679344], [73.35697329468408, 19.938503106748133], [73.35698481557759, 19.93858613665916], [73.35698481557759, 19.938670041396055], [73.35698481557759, 19.93875394693284], [73.35698481557759, 19.938837851580605], [73.35698481557759, 19.938921757028222], [73.35698481557759, 19.93900566158684], [73.35698481557759, 19.939089566100865], [73.35698481557759, 19.939173471414787], [73.35698481557759, 19.939257375839677], [73.35698481557759, 19.93934128106443], [73.35698481557759, 19.93942518540018], [73.35698481557759, 19.939509090535786], [73.35698481557759, 19.939592994782387], [73.35698481557759, 19.939676898984363], [73.35698481557759, 19.939760803986285], [73.35698481557759, 19.939844708099127], [73.35698481557759, 19.939928613011894], [73.35698481557759, 19.940012517035576], [73.35698481557759, 19.940096421014733], [73.35698481557759, 19.940180325793737], [73.35698481557759, 19.940264229683724], [73.35698481557759, 19.940348134373583], [73.35698481557759, 19.94043203817444], [73.35698481557759, 19.940515941930702], [73.35698481557759, 19.940599846486826], [73.35698481557759, 19.940683750153934], [73.35698481557759, 19.94076765462091], [73.35698481557759, 19.940851558198872], [73.35698481557759, 19.940935461732256], [73.35698481557759, 19.941019366065497], [73.35698481557759, 19.941103269509735], [73.35698481557759, 19.94118717375382], [73.35698481557759, 19.94127107710889], [73.35698481557759, 19.94135498126383], [73.35698481557759, 19.94143888452974], [73.35698481557759, 19.94152278775105], [73.35698481557759, 19.94160669177228], [73.35698481557759, 19.94169059490443], [73.35698481557759, 19.941774498836516], [73.35698481557759, 19.941858401879497], [73.35698481557759, 19.941942304877948], [73.35698481557759, 19.942026208676246], [73.35698481557759, 19.942110111585542], [73.35698481557759, 19.94219401529468], [73.35698481557759, 19.94227791811482], [73.35698481557759, 19.942361820890365], [73.35698481557759, 19.94244572446577], [73.35698481557759, 19.942529627152172], [73.35698481557759, 19.942613530638408], [73.35698481557759, 19.94269743323564], [73.35698481557759, 19.942781335788265], [73.35698481557759, 19.942865239140804], [73.35698481557759, 19.942949141604263], [73.35698481557759, 19.94303304486763], [73.35698481557759, 19.94311694724193], [73.35698481557759, 19.94320085041614], [73.35698481557759, 19.94328475270127], [73.35698481557759, 19.94336865494187], [73.35698481557759, 19.943452557982294], [73.35698481557759, 19.943536460133714], [73.35698481557759, 19.943620363084978], [73.35698481557759, 19.943704265147243], [73.35698481557759, 19.943788167164925], [73.35698481557759, 19.94387206998243], [73.35698481557759, 19.943955971910956], [73.35698481557759, 19.944039874639305], [73.35698481557759, 19.94412377647866], [73.35697650077132, 19.94420779733932], [73.35696818686338, 19.944291817310827], [73.35695987205712, 19.944375838082053], [73.35695155725085, 19.94445985880858], [73.35694324334288, 19.94454387864597], [73.35693492853662, 19.94462789928309], [73.35692661373035, 19.944711919875466], [73.35691829892409, 19.94479593957871], [73.35690998501612, 19.944879960081714], [73.35690167020984, 19.944963980539985], [73.35689335540357, 19.945048000109097], [73.35688504149564, 19.945132020477956], [73.35687672668938, 19.94521603995766], [73.35686841188307, 19.945300060237056], [73.35686009797513, 19.945384080471797], [73.35685178316886, 19.945468099817358], [73.35684346836261, 19.94555211996266], [73.35683515445463, 19.945636140063208], [73.35682683964836, 19.94572015927465], [73.3568185248421, 19.945804179285812], [73.35681021093416, 19.945888199252266], [73.35680189612786, 19.94597221832955], [73.35679358132158, 19.946056238206584], [73.35678526651532, 19.94614025803887], [73.35677695260739, 19.946224276982026], [73.35676863780112, 19.946308296724926], [73.35676032299484, 19.946392316423083], [73.35675200908688, 19.946476335232106], [73.35674369428061, 19.946560354840827], [73.35673537947436, 19.94664437440485], [73.35672706556637, 19.946728393079734], [73.35671875076011, 19.946812412554348], [73.35671043595384, 19.946896431139805], [73.3567021220459, 19.946980450524972], [73.35669380723964, 19.947064469865403], [73.35668549243337, 19.947148488316717], [73.3566771785254, 19.94723250756775], [73.35666886371914, 19.947316526774067], [73.35666054891287, 19.947400545091238], [73.35665223410659, 19.947484564208093], [73.35664392019862, 19.947568583280276], [73.35663560539236, 19.947652601463293], [73.3566272905861, 19.947736620446026], [73.35661897667815, 19.94782063938402], [73.35661066187188, 19.94790465743293], [73.35660234706562, 19.947988676281483], [73.35659403315765, 19.94807269508537], [73.35658571835138, 19.9481567130001], [73.35657740354512, 19.948240731714534], [73.35656908963713, 19.94832475038424], [73.35656077483088, 19.948408768164814], [73.35655246002462, 19.948492786745106], [73.35654414611666, 19.94857680528068], [73.35653583131041, 19.9486608229271], [73.35652751650414, 19.948744841373248], [73.35651920169785, 19.948828858930245], [73.3565108877899, 19.94891287728692], [73.35650257298363, 19.9489968955989], [73.35649425817736, 19.94908091302174], [73.3564859442694, 19.949164931244294], [73.35647762946313, 19.949248949422095], [73.35646931465686, 19.949332966710777], [73.35646100074892, 19.949416984799164], [73.35645268594263, 19.949501002842837], [73.35644437113636, 19.949585019997375], [73.35643605722841, 19.949669037951594], [73.35642774242216, 19.949753055861084], [73.35641942761589, 19.949837072881454], [73.35641111370792, 19.94992109070153], [73.35640279890164, 19.950005108476887], [73.35639448409538, 19.950089125363103], [73.35638616928911, 19.950173143048985], [73.35637785538114, 19.95025716069019], [73.35636954057487, 19.950341177442233], [73.35636122576861, 19.950425194993986], [73.35635291186067, 19.950509212500982], [73.3563445970544, 19.950593229118926], [73.35633628224814, 19.950677246536483], [73.35632796834017, 19.950761263064923], [73.3563196535339, 19.95084528039307], [73.35631133872764, 19.9509292976765], [73.35630302481967, 19.951013314070785], [73.3562947100134, 19.951097331264737], [73.35628639520712, 19.951181348413982], [73.3562780812992, 19.95126536467411], [73.35626976649293, 19.951349381733923], [73.35626145168665, 19.95143339874899], [73.35625313688038, 19.951517414874974], [73.35624482297241, 19.951601431800576], [73.35623650816615, 19.951685448681513], [73.35622819335988, 19.95176946467329], [73.35621987945191, 19.951853481464763], [73.35621156464565, 19.951937498211493], [73.35620324983938, 19.952021514069102], [73.35619493593144, 19.952105530726406], [73.35618662112518, 19.952189547338993], [73.35617830631891, 19.952273563062434], [73.35616999241094, 19.952357579585534], [73.35616167760467, 19.952441595219565], [73.3561533627984, 19.952525611653225], [73.35614504889043, 19.952609628042165], [73.35613673408416, 19.952693643542002], [73.3561284192779, 19.952777659841505], [73.35612010447163, 19.952861676096255], [73.35611179056369, 19.952945691461895], [73.3561034757574, 19.953029707627234], [73.35609516095113, 19.953113723747837], [73.35608684704319, 19.953197738979313], [73.35607853223692, 19.95328175501043], [73.35600010392272, 19.95324079953348], [73.35592167560853, 19.953199843201478], [73.35584324729432, 19.953158887703268], [73.35576481898013, 19.953117932194424], [73.35568639066594, 19.953076975830555], [73.35560796235174, 19.95303602030045], [73.35552953313923, 19.952995063915324], [73.35545110482504, 19.95295410836396], [73.35537267651085, 19.952913151957574], [73.35529424819666, 19.952872196384966], [73.35521581988246, 19.952831240801707], [73.35513739156823, 19.952790284363438], [73.35505896325405, 19.952749328758948], [73.35498053493986, 19.95270837229941], [73.354902107524, 19.95266741667366], [73.35482367831148, 19.952626460192874], [73.35474525089559, 19.952585504545866], [73.3546668216831, 19.952544548043807], [73.35458839426721, 19.952503592375553], [73.35450996505469, 19.95246263585224], [73.35443153674049, 19.952421679318313], [73.35435310842631, 19.952380723618163], [73.35427468011211, 19.95233976790739], [73.35419625179793, 19.95229881134157], [73.35411782348369, 19.95225785560954], [73.35403939516951, 19.952216899866844], [73.35396096685531, 19.952175943269168], [73.35388253854113, 19.95213498750523], [73.35380411022693, 19.952094030886293], [73.35372568191275, 19.952053075101094], [73.35364725359857, 19.9520121193053], [73.35356882528434, 19.951971163498868], [73.35349039607185, 19.951930206837403], [73.35341196775762, 19.951889251009714], [73.35333353944344, 19.95184829432699], [73.35325511112924, 19.95180733847804], [73.35317668281506, 19.951766381774068], [73.35309825450086, 19.951725425903874], [73.35301982618667, 19.951684470023043], [73.35294139787248, 19.951643513287177], [73.35286296955826, 19.951602557385076], [73.35278454124406, 19.951561601472363], [73.35270611292987, 19.951520645549028], [73.35262768461568, 19.951479689615066], [73.3525492563015, 19.951438733670475], [73.35247082708898, 19.951397776870845], [73.35239239877478, 19.951356820905005], [73.35231396956226, 19.951315864084116], [73.35223554124808, 19.951274908097016], [73.35215711293388, 19.951233952099255], [73.3520786846197, 19.95119299609091], [73.3520002563055, 19.951152040071918], [73.35191311343473, 19.951132380706166], [73.35182597146226, 19.95111272218237], [73.35173882859151, 19.951093063656106], [73.35165168572074, 19.951073404283], [73.35156454284999, 19.95105374490748], [73.35147740087754, 19.951034086373863], [73.35139025800677, 19.951014427837816], [73.351303115136, 19.95099476845494], [73.35121597226524, 19.950975109069585], [73.35112883029277, 19.950955450526198], [73.35104168742201, 19.950935791135944], [73.35095454455124, 19.950916131743284], [73.35086740257881, 19.950896473192543], [73.35078025970803, 19.95087681379495], [73.35069311683728, 19.950857155239323], [73.35060597396651, 19.95083749583683], [73.35051883199404, 19.950817837276304], [73.35043168912327, 19.950798178713338], [73.35034454535418, 19.95077851930349], [73.35025740428007, 19.950758860735615], [73.3501702614093, 19.950739201320882], [73.35008311764021, 19.95071954190372], [73.34999597566774, 19.950699883328515], [73.34990883279697, 19.950680223906428], [73.34982169082454, 19.950660565326313], [73.34973454795377, 19.95064090589934], [73.34964740418468, 19.95062124646994], [73.34956026311055, 19.950601587882446], [73.34947312023976, 19.95058192844816], [73.349385977369, 19.950562269011378], [73.34929883539657, 19.950542610416583], [73.34921169162747, 19.950522950974904], [73.34912454965504, 19.950503292375195], [73.34903740678426, 19.95048363292867], [73.34895026391351, 19.950463973479653], [73.34886312194104, 19.950444314872602], [73.34877597817197, 19.950424655418686], [73.34868883709784, 19.950404996806753], [73.34860169422707, 19.95038533734794], [73.34851455045796, 19.950365677886705], [73.34842740848553, 19.950346019267418], [73.34834026561477, 19.950326359801263], [73.3482531236423, 19.950306701177077], [73.34816598077154, 19.950287041706023], [73.34807883700248, 19.950267382232568], [73.34799169592834, 19.950247723601002], [73.34790455305757, 19.950228064122633], [73.34781740928847, 19.95020840464178], [73.34773026821433, 19.9501887460029], [73.34764312534357, 19.950169086517157], [73.3475559824728, 19.950149427029004], [73.34746883960204, 19.950129767538357], [73.3473816976296, 19.95011010888968], [73.34729455475883, 19.95009044939415], [73.34720741188806, 19.95007078989619], [73.3471202699156, 19.950051131240148], [73.34703312704482, 19.95003147173729], [73.34694598417407, 19.95001181223195], [73.3468588413033, 19.949992152724178], [73.34677169933087, 19.949972494058365], [73.3466845564601, 19.949952834545723], [73.34659741358934, 19.949933175030587], [73.34651027071857, 19.94991351551302], [73.3464231287461, 19.949893856837413], [73.34633598587533, 19.949874197314962], [73.34625039259844, 19.949893128112784], [73.34616479932151, 19.94991205890834], [73.34607920514632, 19.949930990546054], [73.3459936118694, 19.94994992133706], [73.34590801859251, 19.94996885212582], [73.34582242531565, 19.94998778291229], [73.34573683203872, 19.950006713696514], [73.34565123876182, 19.950025644478444], [73.34556564458659, 19.95004457610252], [73.3454800513097, 19.950063506879925], [73.34539445803281, 19.95008243765506], [73.34530886475589, 19.950101368427894], [73.34522327147899, 19.950120299198492], [73.34513767730378, 19.95013923081122], [73.34505208402689, 19.95015816157725], [73.34496649074998, 19.950177092341026], [73.34488089657474, 19.950196023946923], [73.34479530419617, 19.95021495470617], [73.34470971091926, 19.95023388546314], [73.34462411584573, 19.950252817062218], [73.34453852346715, 19.950271747814657], [73.34445293019024, 19.95029067856481], [73.34436733601504, 19.95030961015708], [73.34428174363643, 19.950328540902703], [73.34419615035955, 19.95034747164606], [73.34411055528602, 19.950366403231513], [73.34402496290743, 19.950385333970317], [73.3439393696305, 19.950404264706854], [73.34385377545532, 19.950423196285502], [73.34376818307673, 19.95044212701751], [73.34368258890149, 19.95046105859164], [73.3435969956246, 19.95047999016348], [73.34351140234772, 19.95049892088867], [73.34342580907081, 19.950517851611544], [73.3433402157939, 19.950536783176616], [73.343254622517, 19.95055571389499], [73.3431690283418, 19.950574645455468], [73.34308343506488, 19.950593576169307], [73.34299784178798, 19.95061250688086], [73.34291224851108, 19.950631437590122], [73.34282665523416, 19.950650369141556], [73.34274106195726, 19.950669299846314], [73.34265546778205, 19.95068823139318], [73.34256987450514, 19.95070716293777], [73.34248428122825, 19.95072609363571]], [[73.33698401172794, 19.93180527172725], [73.33707345518418, 19.931801075380193], [73.33716200930824, 19.93178852687461], [73.33724879464953, 19.931767752884387], [73.33733294882532, 19.93173895777665], [73.33741363460585, 19.931702429523472], [73.3374900506938, 19.93165852956813], [73.33756143801277, 19.931607694514266], [73.33762708599542, 19.931550431059257], [73.33768634246483, 19.931487306704803], [73.33773861992279, 19.931418948912867], [73.33778339734644, 19.93134603834993], [73.33782023006974, 19.931269297908777], [73.33784875158001, 19.931189491019527], [73.33786867980626, 19.931107411516113], [73.33787981532254, 19.93102387434665], [73.33788204763601, 19.930939709662134], [73.33787535518715, 19.930855754371393], [73.33785980445126, 19.93077284285141], [73.33783554904026, 19.9306917985024], [73.33780283149932, 19.930613427835887], [73.33776197522187, 19.93053850865154], [73.33771338804311, 19.93046778581421], [73.33765755146, 19.930401962808762], [73.33759502152971, 19.930341693294466], [73.33752641808977, 19.930287576037788], [73.33745242475811, 19.93024014984471], [73.33737377635667, 19.930199885115538], [73.33729125352141, 19.930167182155422], [73.33720567731251, 19.930142366951543], [73.33711789843454, 19.930125684416762], [73.33702878915159, 19.930117301767527], [73.33693923430428, 19.930117301767527], [73.33685012502137, 19.930125684416762], [73.33676234614339, 19.930142366951543], [73.33667676993447, 19.930167182155422], [73.33659424709921, 19.930199885115538], [73.33651559869776, 19.93024014984471], [73.33644160536615, 19.930287576037788], [73.3363730019262, 19.930341693294466], [73.33631047199592, 19.930401962808762], [73.33625463541279, 19.93046778581421], [73.33620604823402, 19.93053850865154], [73.3361651919566, 19.930613427835887], [73.3361324744156, 19.9306917985024], [73.33610821900464, 19.93077284285141], [73.33609266826876, 19.930855754371393], [73.33608597581988, 19.930939709662134], [73.33608820813336, 19.93102387434665], [73.33609934364962, 19.931107411516113], [73.3361192718759, 19.931189491019527], [73.33614779338615, 19.931269297908777], [73.33618462610943, 19.93134603834993], [73.33622940353308, 19.931418948912867], [73.33628168099104, 19.931487306704803], [73.33634093746043, 19.931550431059257], [73.33640658544309, 19.931607694514266], [73.3364779727621, 19.93165852956813], [73.33655438885006, 19.931702429523472], [73.33663507463055, 19.93173895777665], [73.33671922880637, 19.931767752884387], [73.33680601414767, 19.93178852687461], [73.33689456827175, 19.931801075380193], [73.33698401172794, 19.93180527172725]]]}}]}