{"type": "FeatureCollection", "features": [{"type": "Feature", "properties": {"premiumdata.sde.IN_Village_PCA.area": 49.81614559, "objectid": 112810, "id": "274723975645060", "name": "Bhingara", "subdistrict": "Jalgaon (Jamod)", "district": "Buldhana", "state": "Maharashtra", "country": "India", "censusname": "Bhingara", "villagename_locallang": null, "lgd_villagename": "Bhingara", "lgd_villagecode": 528157, "lgd_subdistrictcode": 3975, "lgd_districtcode": 472, "lgd_statecode": 27, "censuscode2001": "00315400", "censuscode2011": "528157", "censuscode2021": null, "level": "Village", "tru": "Rural", "no_hh": 278, "tot_p": 1780, "tot_m": 883, "tot_f": 897, "per_tot_m": 49.60674157, "per_tot_f": 50.39325843, "p_06": 430, "m_06": 206, "f_06": 224, "per_p_06": 24.15730337, "per_m_06": 47.90697674, "per_f_06": 52.09302326, "p_sc": 0, "m_sc": 0, "f_sc": 0, "per_p_sc": 0.0, "per_m_sc": 0.0, "per_f_sc": 0.0, "p_st": 1780, "m_st": 883, "f_st": 897, "per_p_st": 100.0, "per_m_st": 49.60674157, "per_f_st": 50.39325843, "p_lit": 708, "m_lit": 407, "f_lit": 301, "per_p_lit": 39.7752809, "per_m_lit": 57.48587571, "per_f_lit": 42.51412429, "p_ill": 1072, "m_ill": 476, "f_ill": 596, "per_p_ill": 60.2247191, "per_m_ill": 44.40298507, "per_f_ill": 55.59701493, "tot_work_p": 758, "tot_work_m": 440, "tot_work_f": 318, "per_tot_work_p": 42.58426966, "per_tot_work_m": 58.0474934, "per_tot_work_f": 41.9525066, "mainwork_p": 587, "mainwork_m": 363, "mainwork_f": 224, "per_mainwork_p": 32.97752809, "per_mainwork_m": 61.83986371, "per_mainwork_f": 38.16013629, "main_cl_p": 180, "main_cl_m": 154, "main_cl_f": 26, "per_main_cl_p": 30.66439523, "per_main_cl_m": 85.55555556, "per_main_cl_f": 14.44444444, "main_al_p": 404, "main_al_m": 206, "main_al_f": 198, "per_main_al_p": 68.82453152, "per_main_al_m": 50.99009901, "per_main_al_f": 49.00990099, "main_hh_p": 0, "main_hh_m": 0, "main_hh_f": 0, "per_main_hh_p": 0.0, "per_main_hh_m": 0.0, "per_main_hh_f": 0.0, "main_ot_p": 3, "main_ot_m": 3, "main_ot_f": 0, "per_main_ot_p": 0.51107325, "per_main_ot_m": 100.0, "per_main_ot_f": 0.0, "margwork_p": 171, "margwork_m": 77, "margwork_f": 94, "per_margwork_p": 9.60674157, "per_margwork_m": 45.02923977, "per_margwork_f": 54.97076023, "marg_cl_p": 31, "marg_cl_m": 26, "marg_cl_f": 5, "per_marg_cl_p": 18.12865497, "per_marg_cl_m": 83.87096774000001, "per_marg_cl_f": 16.12903226, "marg_al_p": 137, "marg_al_m": 50, "marg_al_f": 87, "per_marg_al_p": 80.11695906, "per_marg_al_m": 36.49635036, "per_marg_al_f": 63.50364964, "marg_hh_p": 2, "marg_hh_m": 0, "marg_hh_f": 2, "per_marg_hh_p": 1.16959064, "per_marg_hh_m": 0.0, "per_marg_hh_f": 100.0, "marg_ot_p": 1, "marg_ot_m": 1, "marg_ot_f": 0, "per_marg_ot_p": 0.58479532, "per_marg_ot_m": 100.0, "per_marg_ot_f": 0.0, "margwork_3_6_p": 155, "margwork_3_6_m": 75, "margwork_3_6_f": 80, "per_margwork_3_6_p": 90.64327485, "per_margwork_3_6_m": 48.38709677, "per_margwork_3_6_f": 51.61290323, "marg_cl_3_6_p": 31, "marg_cl_3_6_m": 26, "marg_cl_3_6_f": 5, "per_marg_cl_3_6_p": 18.12865497, "per_marg_cl_3_6_m": 83.87096774000001, "per_marg_cl_3_6_f": 16.12903226, "marg_al_3_6_p": 123, "marg_al_3_6_m": 48, "marg_al_3_6_f": 75, "per_marg_al_3_6_p": 71.92982456, "per_marg_al_3_6_m": 39.02439024, "per_marg_al_3_6_f": 60.97560976, "marg_hh_3_6_p": 0, "marg_hh_3_6_m": 0, "marg_hh_3_6_f": 0, "per_marg_hh_3_6_p": 0.0, "per_marg_hh_3_6_m": 0.0, "per_marg_hh_3_6_f": 0.0, "marg_ot_3_6_p": 1, "marg_ot_3_6_m": 1, "marg_ot_3_6_f": 0, "per_marg_ot_3_6_p": 0.58479532, "per_marg_ot_3_6_m": 100.0, "per_marg_ot_3_6_f": 0.0, "margwork_0_3_p": 16, "margwork_0_3_m": 2, "margwork_0_3_f": 14, "per_margwork_0_3_p": 9.35672515, "per_margwork_0_3_m": 12.5, "per_margwork_0_3_f": 87.5, "marg_cl_0_3_p": 0, "marg_cl_0_3_m": 0, "marg_cl_0_3_f": 0, "per_marg_cl_0_3_p": 0.0, "per_marg_cl_0_3_m": 0.0, "per_marg_cl_0_3_f": 0.0, "marg_al_0_3_p": 14, "marg_al_0_3_m": 2, "marg_al_0_3_f": 12, "per_marg_al_0_3_p": 8.1871345, "per_marg_al_0_3_m": 14.28571429, "per_marg_al_0_3_f": 85.71428571, "marg_hh_0_3_p": 2, "marg_hh_0_3_m": 0, "marg_hh_0_3_f": 2, "per_marg_hh_0_3_p": 1.16959064, "per_marg_hh_0_3_m": 0.0, "per_marg_hh_0_3_f": 100.0, "marg_ot_0_3_p": 0, "marg_ot_0_3_m": 0, "marg_ot_0_3_f": 0, "per_marg_ot_0_3_p": 0.0, "per_marg_ot_0_3_m": 0.0, "per_marg_ot_0_3_f": 0.0, "non_work_p": 1022, "non_work_m": 443, "non_work_f": 579, "per_non_work_p": 57.41573034, "per_non_work_m": 43.34637965, "per_non_work_f": 56.65362035, "per_hc_tot_tot": 100, "per_hc_tot_god": 85.4, "per_hc_tot_liv": 14.2, "per_hc_tot_dil": 0.4, "per_hc_res_tot": 98.8, "per_hc_res_god": 84.6, "per_hc_res_liv": 13.8, "per_hc_res_dil": 0.4, "per_hc_oth_tot": 1.2, "per_hc_oth_god": 0.8, "per_hc_oth_liv": 0.4, "per_hc_oth_dil": 0.0, "per_mt_grsbam": 5.8, "per_mt_plastic": 2.1, "per_mt_h_tiles": 72.9, "per_mt_m_tiles": 12.5, "per_mt_b_brick": 0.4, "per_mt_stone": 1.7, "per_mt_asbstos": 4.2, "per_mt_concrte": 0.4, "per_mt_oth": 0.0, "per_mw_grsbam": 80.8, "per_mw_plastic": 0.4, "per_mw_mud": 7.1, "per_mw_wood": 5.0, "per_mw_no_mrtr": 0.4, "per_mw_st_mrtr": 0.0, "per_mw_asbstos": 2.1, "per_mw_b_brick": 4.2, "per_mw_concrte": 0.0, "per_mw_oth": 0.0, "per_mf_mud": 99.2, "per_mf_wood": 0.0, "per_mf_b_brick": 0.0, "per_mf_stone": 0.0, "per_mf_cement": 0.0, "per_mf_fl_tile": 0.0, "per_mf_oth": 0.8, "per_dw_n_exrm": 20.4, "per_dw_1_room": 31.7, "per_dw_2_room": 43.3, "per_dw_3_room": 3.8, "per_dw_4_room": 0.4, "per_dw_5_room": 0.4, "per_dw_6_room": 0.0, "per_hhsize_1": 1.2, "per_hhsize_2": 6.7, "per_hhsize_3": 9.2, "per_hhsize_4": 14.2, "per_hhsize_5": 13.3, "per_hhsize_6_8": 39.2, "per_hhsize_9p": 16.2, "per_ow_owned": 69.2, "per_ow_rented": 28.7, "per_ow_oth": 2.1, "per_mc_none": 14.6, "per_mcouple_1": 45.0, "per_mcouple_2": 25.0, "per_mcouple_3": 7.9, "per_mcouple_4": 7.5, "per_mcouple_5p": 0.0, "per_dw_t_ts": 1.2, "per_dw_t_unts": 37.1, "per_dw_c_well": 0.0, "per_dw_unc_wel": 25.4, "per_dw_hpump": 0.0, "per_dw_tw_bore": 0.0, "per_dw_spring": 35.8, "per_dw_rivcan": 0.0, "per_dw_tank": 0.0, "per_dw_oth": 0.4, "per_loc_dw_wp": 0.0, "per_loc_dw_np": 30.8, "per_loc_dw_aw": 69.2, "per_light_elec": 5.0, "per_light_kero": 43.8, "per_light_solr": 51.2, "per_light_oil": 0.0, "per_light_oth": 0.0, "per_light_no": 0.0, "per_hh_latrine": 52.1, "per_fl_sewer": 0.0, "per_fl_septict": 0.0, "per_fl_othsys": 37.5, "per_pl_wslab": 13.8, "per_pl_without": 0.8, "per_ns_open": 0.0, "per_sl_ns_hum": 0.0, "per_sl_ns_anml": 0.0, "per_hh_no_lat": 47.9, "per_as_pub": 0.0, "per_as_open": 47.9, "per_hh_bathrm": 15.4, "per_hh_en_wrf": 32.5, "per_hh_no_btrm": 52.1, "per_wwoc_drain": 0.8, "per_wwoc_open": 22.5, "per_wwoc_nodrn": 76.7, "per_cook_fire": 62.1, "per_cook_resdu": 37.5, "per_cook_cwdng": 0.0, "per_cook_coal": 0.0, "per_cook_kero": 0.0, "per_cook_lpng": 0.0, "per_cook_elec": 0.0, "per_cook_biogs": 0.0, "per_cook_oth": 0.0, "per_cook_no": 0.4, "per_kf_inside": 91.7, "per_kf_in_has": 79.6, "per_kf_in_does": 12.1, "per_kf_outside": 7.9, "per_kf_out_has": 0.0, "per_kf_out_dos": 7.9, "per_kf_no_cook": 0.4, "per_hh_banking": 11.7, "per_hh_radio": 5.0, "per_hh_tv": 2.9, "per_hh_cmp_int": 0.0, "per_hh_cmp_wnt": 34.6, "per_hh_ph_ll": 1.2, "per_hh_ph_mob": 60.4, "per_hh_ph_bth": 0.0, "per_hh_bcycl": 9.6, "per_hh_2wheel": 5.0, "per_hh_4wheel": 3.8, "per_hh_tvcomp": 0.4, "per_hh_no_ast": 35.0, "per_hs_perma": 5.8, "per_hs_sperma": 87.1, "per_hs_temp": 7.1, "per_hs_servc": 4.6, "per_hs_nservc": 2.5, "per_hs_unclss": 0.0, "avghhsz_cy": 6.4028777, "st_areashape": 57555707.2059572, "st_lengthshape": 37660.76406896083}, "geometry": {"type": "Polygon", "coordinates": [[[76.49629202862423, 21.191303881794948], [76.49621973131185, 21.191325005309224], [76.49614743489778, 21.191346127982907], [76.4960751375854, 21.191367251491155], [76.49600284027301, 21.19138837415882], [76.49593054385895, 21.191409496823447], [76.49585824654655, 21.191430620322624], [76.49577919480157, 21.191465903762623], [76.49570014305655, 21.191501186356675], [76.49562109041322, 21.19153646977983], [76.49554203866825, 21.191571752356985], [76.49546298692323, 21.191607035763287], [76.49540037165298, 21.191656783961527], [76.49533775638274, 21.191706532142987], [76.49527514111249, 21.191756279470138], [76.49521252584223, 21.191806027618114], [76.49514991057198, 21.19185577574936], [76.49509624791187, 21.19191325544098], [76.49504258435344, 21.19197073511024], [76.49498892169329, 21.192028214757155], [76.49493525813484, 21.19208569521926], [76.49488159547471, 21.192143174821457], [76.49482793191626, 21.19220065440129], [76.49477426925615, 21.19225813395877], [76.49472788025487, 21.192322246165276], [76.49468149125359, 21.19238635918154], [76.49463510315064, 21.19245047133244], [76.49458871414937, 21.192514583455488], [76.49454232514813, 21.192578696388306], [76.49449593614685, 21.192642808455762], [76.49444954714556, 21.192706921332945], [76.49440315814428, 21.19277103334474], [76.49435677004134, 21.192835145328747], [76.49431038104005, 21.192899258122488], [76.49426399203878, 21.192963370050837], [76.49421342946472, 21.193022150880317], [76.49416286689062, 21.193080932523973], [76.49411230431653, 21.193139714144266], [76.49406174174246, 21.193198494903573], [76.49401117916837, 21.193257275639535], [76.49396061659431, 21.19331605718964], [76.49389318096424, 21.193367484116997], [76.49382574533416, 21.19341891186398], [76.49375830970412, 21.193470338755496], [76.49369087407405, 21.19352176562915], [76.49362343754568, 21.193573193322408], [76.4935560019156, 21.19362462016026], [76.49348856628552, 21.193676046980187], [76.49342113065548, 21.19372747378224], [76.49334199626547, 21.193753211884452], [76.49326286277376, 21.193778949982175], [76.49318372838376, 21.193804688912973], [76.49311444402085, 21.193827223351153], [76.49304515965791, 21.19384975694836], [76.49296901845445, 21.193819672786223], [76.49289287725095, 21.193789589455495], [76.49281673604747, 21.193759505281104], [76.492740594844, 21.19372942110056], [76.49266445453884, 21.19369933775147], [76.49258831333536, 21.19366925439624], [76.49251217213188, 21.19363917019735], [76.49243603092837, 21.19360908682987], [76.4923598897249, 21.193579002618737], [76.49229424533553, 21.193540195242008], [76.49222860094613, 21.193501387855086], [76.49216295745506, 21.193462581295545], [76.49209731306567, 21.19342377388824], [76.49203166867626, 21.19338496647075], [76.49196831948247, 21.193326262003435], [76.491904968492, 21.193267557512787], [76.49184161929814, 21.19320885383636], [76.491778269206, 21.19315015013664], [76.49171491911385, 21.193091446413572], [76.49165156902168, 21.193032741829644], [76.49158821892954, 21.19297403805995], [76.4915248688374, 21.19291533426694], [76.49146151874525, 21.192856630450578], [76.49139816865308, 21.192797926610925], [76.49133481856093, 21.192739222747942], [76.49127146846878, 21.192680518024083], [76.49120811837665, 21.19262181411448], [76.49114476828447, 21.192563110181524], [76.49108141819234, 21.19250440622527], [76.49101806810019, 21.192445701408108], [76.49095471800804, 21.19238699740522], [76.49088328487494, 21.192340065343497], [76.49081185174185, 21.19229313326687], [76.49074041771047, 21.192246201175305], [76.49066898457741, 21.19219926906887], [76.49059755144431, 21.192152336947533], [76.49059491039739, 21.192151453316253], [76.49051473845323, 21.192124590922322], [76.49043456740736, 21.192097729361087], [76.49035439546321, 21.192070867794964], [76.49027422351905, 21.192044005386418], [76.49020030834085, 21.192041021139364], [76.49012639316264, 21.192038036054676], [76.49005247798443, 21.192035051807505], [76.49000222443081, 21.19196857335176], [76.48995197087719, 21.19190209402854], [76.48990171732355, 21.191835615512986], [76.48985146376992, 21.19176913612997], [76.48980121111464, 21.191702657554597], [76.48975095756101, 21.19163617811176], [76.48970070400739, 21.19156969947659], [76.48965045045375, 21.19150321997395], [76.48960019690013, 21.19143674127895], [76.4895499433465, 21.19137026171646], [76.4894996897929, 21.191303782961693], [76.48944943623925, 21.19123730333941], [76.48939918358393, 21.191170824524793], [76.48934893003033, 21.191104344842717], [76.48929867647671, 21.191037865968294], [76.4892484229231, 21.190971386226412], [76.48919816936946, 21.190904907292182], [76.48914791581583, 21.19083842749049], [76.48909766226221, 21.190771948496444], [76.48904740870859, 21.190705468634917], [76.48899715605326, 21.1906389895811], [76.48894690249963, 21.19057250965977], [76.488896648946, 21.190506030546107], [76.48884639539241, 21.190439550564992], [76.48879614183878, 21.190373071391523], [76.48875088201983, 21.190303677424822], [76.48870562220087, 21.1902342834255], [76.48866036148357, 21.19016488855606], [76.48861510076631, 21.190095494491597], [76.48856984094735, 21.190026100394544], [76.48852458112839, 21.189956706264923], [76.4884793204111, 21.189887312102694], [76.48843406059214, 21.18981791790791], [76.48838879987488, 21.18974852284296], [76.48834354005592, 21.189679128582988], [76.48829828023696, 21.18960973429046], [76.48825301951966, 21.18954033996531], [76.48820775970071, 21.189470945607617], [76.48816249898344, 21.18940155037975], [76.4881172391645, 21.189332155956855], [76.4880719784472, 21.189262761501418], [76.48802671862823, 21.18919336701337], [76.48798145880927, 21.18912397249277], [76.48793619809202, 21.18905457793955], [76.48789093737471, 21.18898518251619], [76.48784567755577, 21.18891578789781], [76.4878004177368, 21.18884639324688], [76.48775258154963, 21.188778871401905], [76.48770474626076, 21.1887113495261], [76.48765691097185, 21.18864382761943], [76.48760907478469, 21.188576304844343], [76.48756123859748, 21.188508782876013], [76.48751340330861, 21.188441260876804], [76.4874655671214, 21.18837373884678], [76.4874177309342, 21.18830621678588], [76.487369894747, 21.188238694694167], [76.48732205855984, 21.18817117257158], [76.48727422237262, 21.188103650418125], [76.48722638618543, 21.188036128233882], [76.48717854999822, 21.187968606018753], [76.48713071470935, 21.187901083772807], [76.48708287852214, 21.18783356149599], [76.48703504233497, 21.18776603918834], [76.48698720614777, 21.187698516849828], [76.4869393708589, 21.187630994480504], [76.4868915346717, 21.187563472080303], [76.48684369848449, 21.18749594964929], [76.4868002047534, 21.187428893726132], [76.4867567110223, 21.187361837772556], [76.48671321729117, 21.187294780950985], [76.48666972356006, 21.18722772493657], [76.48662622982896, 21.187160668891764], [76.48658273609783, 21.18709361281649], [76.48653924146842, 21.18702655587324], [76.4864957477373, 21.18695949973714], [76.48645225400618, 21.186892443570656], [76.4864087602751, 21.18682538737372], [76.48636526654396, 21.186758330308795], [76.48632177281284, 21.186691274051018], [76.48627827908176, 21.186624217762848], [76.48622242812559, 21.186562691258953], [76.48616657806774, 21.18650116556708], [76.48611072711157, 21.18643963901198], [76.48605487615542, 21.186378113268873], [76.48599902519925, 21.186316586662592], [76.4859431751414, 21.186255060868266], [76.48588732418527, 21.186193533373107], [76.48583147412742, 21.186132007527586], [76.48577562317125, 21.186070480818866], [76.48571977221508, 21.186008954084496], [76.48566392215724, 21.185947428162134], [76.48560807120109, 21.185885900538963], [76.48555222114325, 21.185824374565396], [76.4854963710854, 21.185762847728597], [76.48544052102756, 21.18570132086623], [76.48538467007138, 21.18563979397821], [76.48531485570247, 21.18558804439781], [76.48524504133351, 21.185536293961697], [76.48517522876122, 21.185484544345062], [76.48510541439231, 21.185432793872728], [76.48503560002334, 21.185381043382268], [76.4849657865527, 21.185329292873675], [76.48489597308209, 21.185277542346995], [76.48482615961149, 21.185225791802182], [76.48475634614087, 21.185174041239232], [76.48468653177191, 21.185122290658185], [76.48461671830128, 21.185070540896632], [76.48454690393237, 21.18501879027937], [76.48447709046174, 21.18496703964395], [76.48440810433951, 21.184917562253705], [76.48433911911557, 21.184868085684503], [76.48427013389163, 21.184818608261132], [76.48420114866771, 21.1847691316588], [76.48413216254546, 21.1847196542023], [76.48406317732153, 21.18467017756687], [76.48399419030098, 21.184620700077275], [76.48392520507707, 21.184571223408714], [76.48385621985314, 21.1845217467236], [76.48378723283257, 21.1844722691843], [76.48371824760865, 21.184422792466073], [76.4836492623847, 21.184373315731293], [76.48358027626247, 21.184323838142316], [76.48351129103854, 21.184274361374403], [76.48344230401797, 21.18422488375235], [76.48337331879404, 21.184175406951322], [76.48330433357013, 21.18412593013373], [76.48323534744787, 21.18407645329959], [76.48316636132564, 21.184026975611264], [76.48309737610171, 21.183977498744007], [76.48302838997948, 21.183928021022567], [76.48295940475553, 21.18387854412219], [76.4828904186333, 21.183829067205252], [76.48282143251103, 21.18377959027175], [76.48274773382684, 21.183732037318595], [76.4826740351426, 21.183684484350177], [76.48260033556006, 21.183636930528795], [76.48252663687582, 21.183589377529778], [76.48245293819161, 21.1835418236778], [76.48237923950738, 21.18349427064816], [76.48230554082316, 21.183446717603253], [76.48223184124063, 21.1833991637054], [76.4821581425564, 21.18335161062987], [76.48208444387215, 21.183304057539086], [76.48201074518795, 21.183256504432975], [76.48193704650372, 21.183208951311556], [76.48186334692117, 21.183161397337265], [76.48178964823697, 21.183113844185254], [76.48171594955274, 21.18306629101796], [76.48164098514228, 21.183020842766776], [76.4815660207318, 21.182975394501664], [76.48149105721969, 21.18292994706014], [76.4814160928092, 21.182884498767088], [76.48134112839875, 21.182839050460018], [76.4812661639883, 21.18279360213898], [76.48119119957782, 21.18274815380401], [76.4811162360657, 21.182702706292638], [76.48104127165522, 21.18265725792972], [76.48096630724477, 21.182611809552817], [76.48089134283431, 21.182566361161918], [76.48081637842384, 21.18252091275709], [76.48074141491172, 21.18247546433827], [76.48066645050123, 21.182430015905467], [76.48059148609079, 21.182384567458705], [76.48052044192823, 21.182335556596612], [76.48044939866399, 21.18228654655592], [76.48037835539972, 21.182237536498935], [76.48030731123718, 21.182188526425747], [76.4802362670746, 21.18213951633629], [76.48016522381039, 21.18209050623057], [76.48009417964779, 21.182041496108653], [76.4800784043331, 21.181966923396338], [76.4800626299167, 21.18189235064639], [76.48004685460201, 21.18181777702125], [76.48003107928731, 21.181743204196078], [76.4800295278968, 21.18166774512649], [76.48002797560801, 21.181592286018354], [76.48002642421748, 21.181516826871746], [76.4800248719287, 21.181441367686602], [76.48002332053818, 21.18136590846296], [76.4800217682494, 21.181290449200798], [76.48002021685889, 21.18121498990015], [76.4800186645701, 21.181139530560976], [76.48001711317957, 21.181064071183282], [76.48001556089076, 21.180988611767106], [76.48000500478786, 21.1809070418095], [76.47999444778664, 21.180825470969282], [76.47998389078542, 21.180743900921673], [76.47997333468253, 21.18066233082911], [76.47996277768131, 21.18058075985386], [76.47995222157842, 21.180499189671302], [76.4799416654755, 21.1804176194437], [76.4799311084743, 21.180336048333487], [76.47992055237137, 21.180254478015897], [76.47990999626849, 21.180172907653336], [76.47989943926726, 21.18009133640813], [76.47988888316436, 21.180009765955546], [76.47987832706144, 21.17992819545796], [76.47986777006022, 21.179846624077772], [76.47985721395733, 21.179765053490218], [76.47984665785444, 21.17968348285765], [76.4798361017515, 21.179601911342456], [76.47982554564861, 21.17952034061989], [76.47982544054572, 21.179438357734817], [76.47982533454453, 21.179356373966673], [76.47982522944163, 21.17927439099066], [76.47982512344045, 21.179192407131612], [76.47982501833756, 21.179110424064728], [76.47982491233633, 21.17902844011474], [76.47982480723343, 21.178946456956954], [76.47982470123225, 21.178864472916082], [76.47982459612936, 21.17878248966741], [76.47982449012817, 21.17870050553561], [76.47982438502527, 21.17861852219602], [76.47982427902407, 21.178536537973322], [76.47982417392119, 21.17845455454284], [76.47982406791996, 21.178372570229264], [76.4798239628171, 21.178290586707877], [76.47982385681587, 21.178208602303375], [76.47982375171298, 21.17812661869109], [76.47982364571179, 21.178044634195675], [76.4798235397106, 21.17796265049249], [76.47982343370938, 21.177880665906216], [76.47982332770819, 21.177798682112126], [76.4798206722882, 21.177717111232557], [76.47981801596991, 21.177635540307964], [76.47981536054992, 21.177553969338412], [76.47981270423165, 21.17747239832386], [76.47981004881166, 21.177390827264325], [76.47980739249334, 21.177309256159788], [76.47980473707338, 21.177227685010266], [76.47980208075506, 21.17714611381576], [76.47979942533512, 21.177064542576254], [76.4797967690168, 21.176982971291764], [76.47979411359681, 21.176901399962272], [76.47979145727852, 21.1768198285878], [76.47978880185853, 21.176738257168324], [76.47978614554026, 21.176656685703865], [76.47978349012027, 21.17657511419438], [76.47978083470029, 21.17649354263995], [76.47977817928033, 21.17641197104052], [76.47977552386034, 21.17633039939609], [76.47977286844035, 21.17624882770669], [76.47976859425623, 21.17616851999483], [76.47976431917381, 21.176088211401744], [76.47976004409136, 21.176007903602677], [76.47975576990724, 21.175927595760033], [76.47975149482481, 21.1758472870361], [76.47974722064069, 21.175766979106236], [76.47974294555824, 21.175686670295075], [76.47973867137412, 21.175606362277986], [76.47973439718999, 21.17552605421731], [76.47973012300587, 21.175445745275344], [76.47972584882174, 21.17536543712747], [76.47972157463762, 21.175285128935947], [76.4797173004535, 21.175204819863183], [76.47971302626938, 21.17512451158447], [76.47970875208526, 21.175044203262125], [76.47970447790114, 21.174963894058564], [76.479700203717, 21.17488358564902], [76.47969592953288, 21.174803276358233], [76.47969165534876, 21.17472296786149], [76.47968738116468, 21.174642659321137], [76.47968310698054, 21.174562349899542], [76.47967883279642, 21.17448204127199], [76.4796714971538, 21.174402155622055], [76.47966416061287, 21.17432226909131], [76.47965682497028, 21.17424238335508], [76.47964948842935, 21.174162496738038], [76.47964215278674, 21.174082610915526], [76.47963481624582, 21.17400272421219], [76.47962748060318, 21.173922838303394], [76.47962014406225, 21.173842951513766], [76.47961280841966, 21.173763065518674], [76.47960547187874, 21.173683178642765], [76.47959813533781, 21.173603292561378], [76.4795907996952, 21.173523406436843], [76.47958346315427, 21.17344351943152], [76.47957612751168, 21.173363633220685], [76.47956879097076, 21.17328374612908], [76.47956145532812, 21.173203859831954], [76.47955411878719, 21.173123972654054], [76.47954678224626, 21.173044086270643], [76.47953944570537, 21.17296419900646], [76.47953210916444, 21.17288431253677], [76.4795247726235, 21.172804425186293], [76.47951743608257, 21.17272453863032], [76.47951275316501, 21.172642494178564], [76.47950807114574, 21.172560449681264], [76.47950338822818, 21.172478405138467], [76.4794987062089, 21.1723963605502], [76.47949402418963, 21.17231431675407], [76.47948934127206, 21.172232272074776], [76.4794846583545, 21.172150227349977], [76.47947997633521, 21.172068182579654], [76.47947529341765, 21.171986137763877], [76.47947061050009, 21.171904092902555], [76.47946592758251, 21.171822047995725], [76.47946124466492, 21.17174000304344], [76.47945656174734, 21.171657958045607], [76.47945187882976, 21.171575913002265], [76.47944719591221, 21.17149386875114], [76.47944251299464, 21.171411823616797], [76.47943783007703, 21.171329778436988], [76.47943314715947, 21.171247733211644], [76.47942846424189, 21.171165687940803], [76.47942582768655, 21.17108542940564], [76.47942319023286, 21.171005170826916], [76.47942055277919, 21.170924912204654], [76.47941791622385, 21.170844654376566], [76.47941527966846, 21.170764395667224], [76.47941264221478, 21.170684136914343], [76.47941000565943, 21.170603878117916], [76.47940736820577, 21.17052361927795], [76.4794047316504, 21.170443360394454], [76.47940209419673, 21.17036310146742], [76.47939945764139, 21.170282843334533], [76.4793968201877, 21.170202584320414], [76.47939418363232, 21.170122325262763], [76.47939154617865, 21.17004206616156], [76.4793889096233, 21.16996180701681], [76.47938627216962, 21.169881547828542], [76.47938363471594, 21.16980128859672], [76.4793809981606, 21.16972103015907], [76.47937836160524, 21.169640770840168], [76.47937572415158, 21.16956051147774], [76.47937308759619, 21.169480252071768], [76.47936975933808, 21.169397194723953], [76.47936643018164, 21.169314137329522], [76.47936310102519, 21.169231079050757], [76.47935977276708, 21.169148021563064], [76.47935644361064, 21.169064964028713], [76.47935311535248, 21.168981906447776], [76.47934978709436, 21.1688988488202], [76.47934645793792, 21.1688157903083], [76.47934312878148, 21.168732732587497], [76.47933980052335, 21.16864967482004], [76.4793364713669, 21.168566617005926], [76.47933314310879, 21.16848355914524], [76.47932981485063, 21.168400501237915], [76.47932648569419, 21.168317442446256], [76.47932315653775, 21.168234384445686], [76.47931982827964, 21.16815132639848], [76.47931649912319, 21.168068268304634], [76.47931317086505, 21.167985210164186], [76.47930984170861, 21.167902151139405], [76.4793065134505, 21.167819092905702], [76.47930318519238, 21.167736034625385], [76.47930054414545, 21.167654706994856], [76.47929790399681, 21.167573379319634], [76.47929526294988, 21.167492051599716], [76.47929262190296, 21.16741072383508], [76.47928998085601, 21.167329395188034], [76.47928733980908, 21.16724806733401], [76.47928469876214, 21.167166739435284], [76.47928205771522, 21.16708541149185], [76.47927941666829, 21.167004083503723], [76.47927677562132, 21.166922755470893], [76.47927413457438, 21.166841427393365], [76.47927149352745, 21.166760099271137], [76.47926885248052, 21.166678771104213], [76.47926621143358, 21.16659744289258], [76.47926357038665, 21.166516113798536], [76.47926092933972, 21.166434785497522], [76.47925828829278, 21.166353457151786], [76.47925564724585, 21.16627212876137], [76.47925300619892, 21.166190800326234], [76.47924590771156, 21.16611103836924], [76.47923881012248, 21.16603127720689], [76.47923171253342, 21.165951515163894], [76.47922461404605, 21.165871753077884], [76.47921751645698, 21.165791991786595], [76.47921041796963, 21.165712229614584], [76.47920331948222, 21.165632467399597], [76.47919622189315, 21.16555270597934], [76.4791891234058, 21.165472943678363], [76.47918202581673, 21.165393182172103], [76.47917492822769, 21.16531341978515], [76.47916782974029, 21.165233657355195], [76.47916073215123, 21.16515389571997], [76.47915363366387, 21.16507413320404], [76.47914653607481, 21.164994370645147], [76.47913943848576, 21.16491460888092], [76.47913233999837, 21.164834846236047], [76.479125241511, 21.164755083548137], [76.47911814392194, 21.164675321654986], [76.47911104633286, 21.164595558881096], [76.47910657002782, 21.164512947810266], [76.47910209462106, 21.16443033753105], [76.47909761831603, 21.164347726367975], [76.47909314290925, 21.164265115996535], [76.47908866660421, 21.164182504741234], [76.47908419119747, 21.16409989427756], [76.4790797157907, 21.16401728293002], [76.47907524038396, 21.16393467153639], [76.47907076497722, 21.163852060934374], [76.47906628957048, 21.163769449448495], [76.47906181416374, 21.163686838754256], [76.47905733875702, 21.163604227176165], [76.47905286335023, 21.1635216163897], [76.4790483879435, 21.16343900471936], [76.47904391253675, 21.163356393002918], [76.47903943713001, 21.163273782078114], [76.47903496172327, 21.163191170269446], [76.4790304863165, 21.163108559252418], [76.47902601090976, 21.163025947351528], [76.47902153550302, 21.162943336242265], [76.47901706009628, 21.16286072424915], [76.47900810748614, 21.16277837944629], [76.47899915397771, 21.16269603459766], [76.4789902013676, 21.162613689703175], [76.47898124785917, 21.16253134476288], [76.47897229524905, 21.162449000614515], [76.47896334174062, 21.162366655582584], [76.47895438913048, 21.162284310504837], [76.47894543562204, 21.162201965381314], [76.47893648301194, 21.162119620211953], [76.4789275295035, 21.16203727499677], [76.47891857689335, 21.161954929735774], [76.47890962338492, 21.161872584429002], [76.4789006707748, 21.161790239076378], [76.47889171816468, 21.1617078945157], [76.47888276555457, 21.161625549071452], [76.47887381294443, 21.161543203581402], [76.47886486033431, 21.16146085804553], [76.47885590772421, 21.16137851246387], [76.47885707194082, 21.161296247259404], [76.4788582352591, 21.161213982009254], [76.4788593994757, 21.161131716713367], [76.47886056369231, 21.16104945220948], [76.4788617279089, 21.16096718682212], [76.47886289212555, 21.160884921389073], [76.47886405634215, 21.16080265591029], [76.47886522055876, 21.160720390385787], [76.47886638477536, 21.16063812481556], [76.47886754899197, 21.160555860037356], [76.47886871320857, 21.160473594375706], [76.47886987742517, 21.160391328668293], [76.47887104164178, 21.160309062915196], [76.4788722058584, 21.160226797116348], [76.478873370075, 21.160144531271804], [76.47887453429163, 21.16006226621928], [76.47887569850823, 21.15998000028329], [76.47887686272485, 21.159897734301598], [76.47887802694144, 21.159815468274147], [76.47887254811651, 21.15973255294567], [76.47886707018992, 21.15964963840847], [76.47886159226331, 21.15956672298711], [76.47885611343838, 21.159483807519294], [76.4788506346135, 21.159400892005035], [76.47884515668689, 21.15931797728207], [76.47883967876028, 21.159235061674934], [76.47883419993535, 21.159152146021338], [76.47882872200876, 21.15906923115905], [76.47882324408215, 21.158986315412584], [76.47881776615556, 21.158903399619643], [76.47881228822895, 21.158820484618047], [76.47880681030236, 21.15873756873226], [76.47880133237575, 21.15865465279997], [76.47879585444915, 21.158571736821298], [76.47879037652255, 21.158488821633895], [76.47878489859592, 21.158405905562336], [76.47877423828847, 21.158325026031072], [76.47876357887931, 21.158244146455647], [76.47875291947014, 21.158163266836013], [76.47874225916266, 21.158082386334424], [76.47873159885518, 21.158001506626412], [76.478720939446, 21.157920626874226], [76.47871027913855, 21.15783974707784], [76.47869961883107, 21.157758867237263], [76.47868895852358, 21.157677987352496], [76.47867829821612, 21.15759710742355], [76.47866763790863, 21.15751622661267], [76.47865697760115, 21.15743534659534], [76.4786463172937, 21.157354466533814], [76.4786356569862, 21.15727358642813], [76.47862499667875, 21.15719270627823], [76.47861433637125, 21.157111826084165], [76.47860367606377, 21.157030945845925], [76.47859301575632, 21.156950064725706], [76.47858235544882, 21.156869184399074], [76.47857169514133, 21.156788304028257], [76.47856103483387, 21.156707423613284], [76.47855726819789, 21.156625026796892], [76.47855350246022, 21.15654263077241], [76.47854973582423, 21.156460233864344], [76.47854597008656, 21.15637783774816], [76.4785422043489, 21.15629544074837], [76.47853843861122, 21.156213044540483], [76.47853467287356, 21.15613064744895], [76.47853090713586, 21.156048250311578], [76.47852714139819, 21.155965853966112], [76.47852337566053, 21.15588345673704], [76.47851960992286, 21.155801060299876], [76.4785158441852, 21.15571866297905], [76.47851207844752, 21.155636266450195], [76.47850831270986, 21.155553869037668], [76.47850454697216, 21.155471471579315], [76.4785007812345, 21.155389074912858], [76.47849701549683, 21.15530667736279], [76.47849324975917, 21.155224280604617], [76.4784894840215, 21.155141882962823], [76.47848571828384, 21.155059486112986], [76.47848195254613, 21.154977088379464], [76.47847818501185, 21.154895130432614], [76.47847441657922, 21.154813171602633], [76.47847064814663, 21.154731213565046], [76.4784668806123, 21.154649255482095], [76.478463113078, 21.154567297353772], [76.47845934464539, 21.154485338342297], [76.4784555762128, 21.15440338012324], [76.47845180867846, 21.154321421858832], [76.47844804024584, 21.154239462711292], [76.47844427271156, 21.154157504356146], [76.47844050427894, 21.154075545955635], [76.47843673674463, 21.153993587509753], [76.478432968312, 21.15391162818072], [76.47842920077771, 21.153829669644143], [76.47842543324342, 21.15374771106217], [76.4784216648108, 21.15366575159704], [76.47841789637816, 21.153583792924334], [76.47841412884388, 21.15350183420626], [76.47841036041126, 21.153419875442832], [76.47840659197864, 21.153337915796264], [76.47840282354603, 21.153255956942115], [76.4783990605033, 21.15317399050252], [76.47839529656225, 21.15309202317975], [76.47839153262122, 21.153010056649432], [76.47838776957852, 21.152928090073722], [76.47838400653576, 21.152846122614836], [76.47838024349306, 21.15276415594837], [76.47837648045034, 21.152682189236568], [76.47837271740758, 21.152600221641567], [76.47836895436488, 21.152518254839006], [76.47836519132213, 21.152436287991055], [76.47836142827943, 21.152354320259978], [76.47835766523669, 21.15227235332129], [76.47835390219397, 21.152190386337235], [76.47835013915125, 21.15210841847003], [76.47834637610853, 21.15202645139524], [76.47834261306579, 21.15194448427508], [76.47833885002308, 21.151862516271773], [76.47833508698034, 21.151780549060856], [76.47833132393762, 21.151698581804585], [76.47832756089488, 21.151616613665162], [76.47832379785217, 21.15153464631814], [76.4783207561566, 21.151451821860793], [76.47831771446107, 21.151368998194908], [76.47831467276553, 21.151286173644905], [76.47831163106996, 21.1512033498864], [76.47830858937442, 21.151120525243755], [76.47830554767884, 21.15103770139257], [76.47830250598332, 21.15095487665729], [76.47829946428777, 21.150872052713503], [76.4782964225922, 21.150789227885582], [76.47829338089666, 21.150706403011327], [76.47829033920108, 21.150623578928535], [76.47828729750556, 21.15054075396165], [76.47828425581001, 21.150457929786263], [76.47828121411445, 21.150375104726724], [76.4782781724189, 21.150292280458658], [76.47827513072333, 21.150209455306474], [76.4782720890278, 21.150126630945813], [76.47826904733222, 21.150043805700985], [76.47826145566978, 21.14996299197751], [76.47825386400731, 21.149882177372128], [76.47824627234483, 21.149801363560435], [76.47823868068237, 21.149720549704675], [76.4782310890199, 21.149639735804804], [76.47822349735743, 21.149558921023054], [76.47821590569495, 21.149478107034955], [76.47820831403253, 21.1493972930028], [76.47820072237005, 21.149316478926536], [76.47819313070758, 21.14923566396841], [76.47818553904511, 21.149154849803953], [76.47817794738265, 21.149074035595405], [76.47817035572017, 21.14899322050495], [76.4781627640577, 21.14891240620821], [76.47815517239526, 21.148831591867374], [76.47814758073278, 21.148750777482444], [76.47813998907031, 21.148669962215635], [76.47813239740785, 21.148589147742516], [76.47813290765093, 21.148505570958022], [76.47813341789401, 21.148421994964178], [76.4781339281371, 21.148338418085363], [76.4781344383802, 21.14825484115944], [76.47813494862325, 21.148171264186313], [76.47813545886632, 21.148087688003812], [76.4781359691094, 21.148004110936377], [76.4781364793525, 21.147920533821793], [76.47813698959558, 21.147836956660022], [76.47813749983865, 21.1477533802889], [76.47813801008175, 21.147669803032834], [76.47813852032483, 21.147586225729594], [76.47813903056792, 21.14750264837919], [76.478139540811, 21.147419071819424], [76.47814005105405, 21.147335494374737], [76.47814056129714, 21.14725191688285], [76.47814462797044, 21.14716956339868], [76.47814869554206, 21.147087209868737], [76.47815276221534, 21.147004856292995], [76.47815682978694, 21.1469225026715], [76.47816089646022, 21.14684014984203], [76.47816496403185, 21.146757796128924], [76.47816903070512, 21.146675442370032], [76.47817309827674, 21.146593088565364], [76.47817716495004, 21.146510734714912], [76.47818123252162, 21.14642838081871], [76.47818529919492, 21.146346026876678], [76.47818936676654, 21.14626367288885], [76.47819343433812, 21.14618131885526], [76.47819750101142, 21.146098965613703], [76.47820156768472, 21.146016611488577], [76.47820563525634, 21.145934257317624], [76.47820970192963, 21.14585190310087], [76.47821376950124, 21.14576954883834], [76.47821783617452, 21.145687194530066], [76.47822190374612, 21.145604840175977], [76.47822597041942, 21.1455224857761], [76.47823003799103, 21.14544013133044], [76.47823410466432, 21.14535777767682], [76.4782381722359, 21.145275423139598], [76.47824223801092, 21.14519306855661], [76.4782463055825, 21.14511071392781], [76.4782503722558, 21.145028359253235], [76.47825443892908, 21.144946004532862], [76.47825850560238, 21.14486364976675], [76.47826257317398, 21.144781294954814], [76.47826663984726, 21.144698940097104], [76.47827070652056, 21.144616586031454], [76.47827477319386, 21.144534231082165], [76.47827883986716, 21.144451876087093], [76.47828290654043, 21.144369521046286], [76.47828697321373, 21.144287165959664], [76.4783238993618, 21.14421211843851], [76.47836082550988, 21.144137071717136], [76.47839775255626, 21.14406202411994], [76.47843467870432, 21.14398697732259], [76.4784716048524, 21.143911929649356], [76.47850853100046, 21.143836882775926], [76.47854545714856, 21.143761835026663], [76.4785823832966, 21.143686788077233], [76.47861931034299, 21.143611740251927], [76.47865623649103, 21.14353669322644], [76.47869316263912, 21.143461645325107], [76.47873008878719, 21.14338659738576], [76.47876701493527, 21.14331155024625], [76.47880394198167, 21.14323650223086], [76.47884086812971, 21.143161455015306], [76.47887779427779, 21.14308640692389], [76.47891472042586, 21.14301135963232], [76.4789516465739, 21.142936311464865], [76.47898857272199, 21.14286126409724], [76.47902549976838, 21.142786215853757], [76.47906242591642, 21.14271116841013], [76.47909935206452, 21.142636120090618], [76.47913627821258, 21.142561072570928], [76.47917320436066, 21.142486024175387], [76.47921013140706, 21.142410975741846], [76.4792470575551, 21.142335928108135], [76.47928398370316, 21.142260879598556], [76.47932090985125, 21.142185831888792], [76.4793578359993, 21.14211078330317], [76.47939476214738, 21.142035735517418], [76.47943168919377, 21.14196068685578], [76.47946861534183, 21.14188563899395], [76.47950554148991, 21.141810590256284], [76.47954246763797, 21.141735542318475], [76.47957939378603, 21.14166049350477], [76.47962933652259, 21.141595348895073], [76.47967927925912, 21.141530203418903], [76.47972922199565, 21.141465058751944], [76.47977916473218, 21.141399913218446], [76.47982910746872, 21.14133476849421], [76.47987905020524, 21.141269622903465], [76.4799289929418, 21.141204478121917], [76.47997893567833, 21.141139332473884], [76.48002887841486, 21.141074187635073], [76.48007882115138, 21.141009041929752], [76.48012876388792, 21.14094389703364], [76.48017870662449, 21.14087875127103], [76.48022864936101, 21.140813606317653], [76.48027859209755, 21.14074846049777], [76.48032853483407, 21.140683315487067], [76.48037847757061, 21.140618169609894], [76.48042842030713, 21.140553024541955], [76.4804783630437, 21.140487878607495], [76.48052830578023, 21.14042273348224], [76.48057824851676, 21.140357587490502], [76.48062819125329, 21.140292442308002], [76.48067813398981, 21.140227296258978], [76.48072393189965, 21.140156862449704], [76.48076972980947, 21.140086429444846], [76.48081552861758, 21.14001599556863], [76.4808613265274, 21.139945562496827], [76.48090712533552, 21.13987512855364], [76.48095292324534, 21.139804695414842], [76.48099872115516, 21.139734261404726], [76.481044519065, 21.139663827361122], [76.48109031697477, 21.139593394121906], [76.4811361148846, 21.139522960011348], [76.48118191279443, 21.139452525867277], [76.48122771070425, 21.13938209168976], [76.48127350861407, 21.139311658316633], [76.48131930652386, 21.139241224072162], [76.48136510443368, 21.139170789794214], [76.4814109023435, 21.139100356320633], [76.48145670025333, 21.139029921975716], [76.48150249816311, 21.1389594875973], [76.48154829607294, 21.138889053185455], [76.48159409398276, 21.13881861874011], [76.48163989189258, 21.138748184261257], [76.4816856898024, 21.138677749748968], [76.4817314877122, 21.13860731604103], [76.48177728562202, 21.138536881461796], [76.48182308353185, 21.13846644684905], [76.48186888144166, 21.138396012202822], [76.48191467935145, 21.13832557836102], [76.48196047726128, 21.13825514364782], [76.48199502197552, 21.138180542170087], [76.4820295675881, 21.138105940654768], [76.48206411320064, 21.138031338264046], [76.4820986579149, 21.137956736673615], [76.48213320262919, 21.13788213504567], [76.48216774824172, 21.137807533380116], [76.48220229295598, 21.137732931677053], [76.48223683767021, 21.137658329936414], [76.48227138328281, 21.137583727320344], [76.48230592889534, 21.137509125504593], [76.4823404736096, 21.137434523651294], [76.48237501922218, 21.137359921760442], [76.48240956393643, 21.13728531983202], [76.48244410954901, 21.137210717028186], [76.48247865426326, 21.13713611502469], [76.4825131998758, 21.1370615129836], [76.48254774459005, 21.136986910904994], [76.48258229020263, 21.136912308788794], [76.48261683491688, 21.13683770663505], [76.48265138052946, 21.13676310360589], [76.4826859252437, 21.136688501377083], [76.48272046995797, 21.13661389911067], [76.4827597811331, 21.136545254133505], [76.48279909230826, 21.136476609124518], [76.4828384043817, 21.136407963245883], [76.48287771645518, 21.136339318173338], [76.48291702763032, 21.136270673069], [76.48295633970378, 21.13620202793283], [76.48299565087892, 21.136133382764893], [76.4830349629524, 21.136064736727278], [76.48307427412755, 21.135996091495755], [76.4831135853027, 21.135927446232415], [76.48315289647785, 21.135858800937296], [76.48319220855129, 21.13579015477251], [76.48323151972644, 21.135721509413806], [76.48327083090157, 21.135652864023292], [76.48333187232349, 21.135592348602934], [76.48339291374536, 21.135531833995756], [76.48345395606553, 21.135471318526], [76.48351499748739, 21.135410803031483], [76.48357603890926, 21.135350287512303], [76.48363708033114, 21.135289772806285], [76.48369812265133, 21.13522925723766], [76.4837591640732, 21.135168741644346], [76.48382020549506, 21.13510822686421], [76.48388124691694, 21.135047711221482], [76.48394228833881, 21.13498719555402], [76.48400333065901, 21.134926679861877], [76.48406437208088, 21.134866164982903], [76.48412541350274, 21.134805649241336], [76.48419994133198, 21.134759190757542], [76.48427446916119, 21.134712732259196], [76.48434899699045, 21.13466627290836], [76.48442352481969, 21.1346198143809], [76.4844980526489, 21.134573355000956], [76.48457258047813, 21.134526896444342], [76.48464710830737, 21.1344804370353], [76.48472163613658, 21.134433978449565], [76.48479616396583, 21.13438751984926], [76.48487069179508, 21.1343410612344], [76.4849452196243, 21.134294602604978], [76.48501974835183, 21.134248143123116], [76.48509427618109, 21.134201684464582], [76.48516880401031, 21.13415522579147], [76.48524333183954, 21.134108767103804], [76.48531785966875, 21.13406230840157], [76.48539238839632, 21.134015848846897], [76.48546691622555, 21.133969390115542], [76.48554144405477, 21.13392293136962], [76.485615971884, 21.133876472609145], [76.48569049971323, 21.133830013834103], [76.48576502754248, 21.133783555044506], [76.48583955537171, 21.133737096240367], [76.48591408409924, 21.133690636583726], [76.48598861192849, 21.13364417775044], [76.48606313975772, 21.13359771890259], [76.48613766758695, 21.133551260040207], [76.48621219541617, 21.133504801163234], [76.48627756761604, 21.133447994238086], [76.48634293891756, 21.13339118812904], [76.4864083102191, 21.133334381998267], [76.48647368152065, 21.133277575845675], [76.4865390537205, 21.13322076967135], [76.48660442502205, 21.133163963475223], [76.48666979722192, 21.133107157257363], [76.48673516852347, 21.1330503510177], [76.48680054072331, 21.132993544756296], [76.48686591292315, 21.132936738473095], [76.48693128512302, 21.132879932168155], [76.48699665732286, 21.13282312584141], [76.48706202862442, 21.13276631949293], [76.48712740082425, 21.13270951312265], [76.4871927721258, 21.13265270673062], [76.48725814432568, 21.132595900316804], [76.48732351562722, 21.132539093881245], [76.48738888782705, 21.13248228742389], [76.48745425912861, 21.132425480944793], [76.48751963132845, 21.132368674443892], [76.48757673543443, 21.13230617185036], [76.4876338386421, 21.132243670068366], [76.4876909427481, 21.13218116742209], [76.48774804595575, 21.1321186655874], [76.48780515006175, 21.132056163726336], [76.4878622541677, 21.131993661001044], [76.48791935737539, 21.131931159087284], [76.48797646148135, 21.131868655471358], [76.48803356468902, 21.13180615350489], [76.4880906678967, 21.131743651512064], [76.48814777200266, 21.131681148655005], [76.48820487521033, 21.131618646609482], [76.48826197931632, 21.131556142861793], [76.48831908252397, 21.131493640763562], [76.48837618573164, 21.131431137801048], [76.48843328893933, 21.131368634812226], [76.48847477403746, 21.13129489794263], [76.48851626003392, 21.13122116019847], [76.48855774513204, 21.13114742325556], [76.48859923112849, 21.131073685438057], [76.48864071622661, 21.130999948421792], [76.48868220222306, 21.13092621053092], [76.48872368732123, 21.13085247344131], [76.48876517241935, 21.13077873631498], [76.48880665751749, 21.130704998314073], [76.48884814261562, 21.13063126111444], [76.48888962861209, 21.130557523040178], [76.48893111371021, 21.130483785767176], [76.48897259970667, 21.130410047619584], [76.4890140848048, 21.130336310273226], [76.48905557080124, 21.130262572052278], [76.48909705589938, 21.13018883463255], [76.48913854099753, 21.130115097176166], [76.48918002699398, 21.130041358845183], [76.4892215120921, 21.12996762131546], [76.48926299808856, 21.12989388291112], [76.48930448318669, 21.129820145308013], [76.48934596918313, 21.129746406830357], [76.48938745428129, 21.129672669153894], [76.48942450170193, 21.129600625713504], [76.48946154822423, 21.129528583075988], [76.48949859564485, 21.129456539565563], [76.48953564216718, 21.129384496858062], [76.48957268868949, 21.129312453277628], [76.48960973521181, 21.12924041050009], [76.48964678263245, 21.12916836684963], [76.48968382915477, 21.129096324002084], [76.4897208765754, 21.129024280281616], [76.48975792309771, 21.12895223736407], [76.48979497051833, 21.12888019357355], [76.48983201704067, 21.12880815058601], [76.4898690644613, 21.12873610672551], [76.4899061109836, 21.128664063667905], [76.48994315840426, 21.128592019737404], [76.48998020492655, 21.12851997660979], [76.49001725234719, 21.128447932609266], [76.49005429886952, 21.12837588941168], [76.49009134629014, 21.128303845341094], [76.4901287000363, 21.12822913160021], [76.49016605378242, 21.12815441865958], [76.4902034084269, 21.128079704843394], [76.49024076217304, 21.12800499098952], [76.49027811591917, 21.127930277935942], [76.49031546966532, 21.127855564006822], [76.49035282341146, 21.12778085004004], [76.49039017715762, 21.127706136873513], [76.49042753090377, 21.127631422831403], [76.49046488464991, 21.127556708751676], [76.49050223839605, 21.127481994634277], [76.49053959214218, 21.127407281317197], [76.49057694588832, 21.127332567124494], [76.49061429963447, 21.127257852894186], [76.4906516533806, 21.127183139464133], [76.49068900712679, 21.127108425158482], [76.49072636087291, 21.127033710815226], [76.49076371461906, 21.126958997272222], [76.4908010683652, 21.126884282853677], [76.49082684821724, 21.126807619360612], [76.49085262896757, 21.12673095582793], [76.49087840881957, 21.12665429309353], [76.4909041886716, 21.126577629481552], [76.49092996942194, 21.12650096582997], [76.49095574927398, 21.126424302138705], [76.490981529126, 21.126347639245772], [76.49100730897801, 21.12627097547526], [76.49103308972835, 21.126194311665106], [76.49105886958039, 21.126117647815338], [76.49108464943242, 21.126040984763847], [76.49111042928443, 21.12596432083478], [76.49113620913646, 21.125887656866123], [76.49116198898847, 21.12581099285777], [76.49118776884049, 21.12573432964775], [76.49121354869254, 21.125657665560173], [76.49123932854452, 21.12558100143296], [76.49124712771784, 21.125505882431813], [76.49125492778946, 21.125430763392668], [76.49126272696277, 21.12535564515338], [76.49127052613606, 21.125280526038093], [76.49127832530934, 21.125205406884778], [76.49128612448263, 21.125130287693413], [76.49135665391054, 21.12517597661009], [76.49142718333846, 21.125221665512726], [76.49149771366467, 21.12526735440129], [76.49156824309259, 21.12531304327577], [76.49163877252046, 21.125358732136196], [76.49170930194838, 21.12540442098252], [76.49177983227459, 21.1254501106527], [76.4918503617025, 21.125495799470887], [76.4919208911304, 21.125541488274987], [76.49199142055828, 21.125587177065004], [76.49206195088452, 21.125632866678874], [76.4921324803124, 21.125678555440754], [76.49220300974032, 21.125724244188547], [76.49227353916824, 21.12576993292223], [76.49234406859611, 21.125815621641866], [76.49241459892235, 21.125861310347425], [76.49248512835022, 21.125906999038907], [76.49255565777814, 21.125952687716307], [76.49262618720606, 21.125998376379638], [76.49269671753227, 21.126044065866807], [76.49276724696017, 21.126089754501997], [76.49283777638806, 21.12613544312309], [76.49291714074678, 21.12617340845018], [76.49299650420718, 21.12621137376758], [76.49307586856592, 21.126249339913166], [76.49315523202633, 21.12628730521111], [76.49323459638507, 21.12632527049936], [76.49331395984545, 21.12636323577787], [76.49339332420416, 21.126401201884565], [76.49347268766456, 21.12643916714363], [76.49355205202329, 21.126477132392978], [76.4936314154837, 21.126515097632602], [76.49371077984243, 21.12655306286251], [76.49379014330283, 21.126591028082686], [76.49386950766156, 21.1266289941311], [76.49394887112197, 21.126666959331835], [76.49403599872139, 21.126681138881022], [76.49412312632076, 21.12669531842882], [76.49421025392017, 21.1267094979753], [76.49429738151959, 21.126723678358324], [76.494384509119, 21.12673785790209], [76.49447163671839, 21.126752038282405], [76.4945587643178, 21.126766217823462], [76.49464589191722, 21.12678039736313], [76.49473301951663, 21.12679457773938], [76.49482014711602, 21.12680875727636], [76.49490727471543, 21.126822937649898], [76.49499440231484, 21.126837117184174], [76.49508152901593, 21.12685129671709], [76.49516865661535, 21.126865477086564], [76.49525578421472, 21.12687965745468], [76.49534291181413, 21.126893836983538], [76.49543003941355, 21.126908017348942], [76.49551716701296, 21.126922196875036], [76.49560429461236, 21.126936377237758], [76.49569142221178, 21.12695055676116], [76.49577854981119, 21.126964737121142], [76.4958656774106, 21.126978916641843], [76.49595280500999, 21.126993096999108], [76.4960399326094, 21.127007276517123], [76.49612827922265, 21.12701409227123], [76.49621662493759, 21.127020908025035], [76.49630497155084, 21.127027723778532], [76.49639331816408, 21.1270345395317], [76.49648166387902, 21.127041355284536], [76.49657001049226, 21.127048171037092], [76.4966583571055, 21.12705498678933], [76.49674670371874, 21.12706180254125], [76.4968350494337, 21.127068618292864], [76.49692339604694, 21.12707543404416], [76.49701174266018, 21.127082249795137], [76.49710008837509, 21.127089066383736], [76.49718843498837, 21.12709588213409], [76.49727678160163, 21.12710269788414], [76.49736512731653, 21.127109513633872], [76.49745347392978, 21.127116329383284], [76.49754182054302, 21.127123145132394], [76.49763016715629, 21.127129960881184], [76.4977185128712, 21.12713677662967], [76.49780685948444, 21.127143592377823], [76.49789520609768, 21.127150408125683], [76.49798355181264, 21.12715722387319], [76.49807189842588, 21.127164039620414], [76.49816024503912, 21.12717085536732], [76.49824859075407, 21.127177671113923], [76.49833693736731, 21.127184487698155], [76.49842528398057, 21.127191304282047], [76.4985136296955, 21.127198120027707], [76.49860197630873, 21.127204935773047], [76.49869032292199, 21.127211752355997], [76.49877866953523, 21.127218568100716], [76.49886701525018, 21.12722538384512], [76.49895536186342, 21.127232200427162], [76.49904370847666, 21.12723901700886], [76.49913205419158, 21.127245832752322], [76.49922040080486, 21.127252648495478], [76.4993087474181, 21.127259465076236], [76.49939709313301, 21.127266280818755], [76.49948543974625, 21.127273096560966], [76.49957378635953, 21.12727991314081], [76.49966213297277, 21.1272867288824], [76.49975047868767, 21.127293544623672], [76.49983882530093, 21.127300361202547], [76.49992717191418, 21.127307176943184], [76.50001551762912, 21.127313992683526], [76.50010386424236, 21.127320809261462], [76.50019253604576, 21.127324579118028], [76.50028120784911, 21.127328348974494], [76.50036988055083, 21.127332118830846], [76.5004585523542, 21.12733588868712], [76.50054722415759, 21.127339658543306], [76.50063589596094, 21.127343428399367], [76.50072456866266, 21.12734719825536], [76.50081324046603, 21.12735096811123], [76.50090191226943, 21.127354737967032], [76.50099058407282, 21.127358507822734], [76.5010792567745, 21.127362277678312], [76.50116792857786, 21.127366047533823], [76.50125660038125, 21.127369817389244], [76.50134527218464, 21.12737358724454], [76.50143394488634, 21.12737735709976], [76.5015226166897, 21.12738112695489], [76.50161128849308, 21.127384896809893], [76.50169996029648, 21.12738866666483], [76.50178863299817, 21.12739243651968], [76.50187730480152, 21.127396206374392], [76.50196597660492, 21.12739997622905], [76.50205464840832, 21.12740374608361], [76.50214332111001, 21.127407516775975], [76.5022319929134, 21.127411286630302], [76.50232066471675, 21.127415057322516], [76.50240933652015, 21.127418827176655], [76.50249800922184, 21.12742259703074], [76.50258668102524, 21.127426367722638], [76.50267535282859, 21.12743013757652], [76.50276389437627, 21.12742168452329], [76.50285243502563, 21.127413232307493], [76.50294097657327, 21.1274047792533], [76.50302951722261, 21.12739632703657], [76.5031180587703, 21.127387874819334], [76.50320659941964, 21.12737942176369], [76.5032951409673, 21.12737096954551], [76.50338368251496, 21.127362517326834], [76.50347222316432, 21.127354064269753], [76.50356076471196, 21.127345612050124], [76.50364930536131, 21.127337159830024], [76.50373784690899, 21.12732870677149], [76.50382638755835, 21.127320254550398], [76.50391492910599, 21.127311802328848], [76.50400347065367, 21.127303349268878], [76.50409201130303, 21.127294897046337], [76.50418055285067, 21.127286443985398], [76.50426909350003, 21.127277991761925], [76.5043576350477, 21.127269539537945], [76.50444617659535, 21.12726108647556], [76.5045347172447, 21.127252634250624], [76.50462325879238, 21.127244181187283], [76.50471179944172, 21.12723572896137], [76.50480034098938, 21.12722727673501], [76.50488888163872, 21.12721882450813], [76.5049774231864, 21.127210371442853], [76.50506596473406, 21.127201918377096], [76.50515450538339, 21.12719346614879], [76.50524304693107, 21.127185013919988], [76.50533158758043, 21.127176561690728], [76.50542012912807, 21.127168109460957], [76.50550866977743, 21.127159657230745], [76.50559721132511, 21.127151205000022], [76.50568575287275, 21.127142752768826], [76.5057742935221, 21.127134300537136], [76.50586283506978, 21.127125847467042], [76.50595137571914, 21.12711739523441], [76.50603991726678, 21.127108943001307], [76.50612845791613, 21.12710049076767], [76.50621699946382, 21.1270920385336], [76.50630078263539, 21.12706752227577], [76.50638456490869, 21.127043006851864], [76.5064683480803, 21.127018491423875], [76.5065521312519, 21.12699397515392], [76.50663591442351, 21.126969458879902], [76.50671969669678, 21.126944943439753], [76.5068034798684, 21.126920427995582], [76.50688726303999, 21.12689591170938], [76.50697104531328, 21.126871396257105], [76.5070548284849, 21.126846879962823], [76.50713861165649, 21.126822364502416], [76.5072223948281, 21.12679784820003], [76.5073061771014, 21.1267733327315], [76.50738996027299, 21.126748816421006], [76.50747829880139, 21.126734013454364], [76.50756663732982, 21.126719209648257], [76.50765497585823, 21.126704406678662], [76.50774331438663, 21.126689602869632], [76.50783165291503, 21.126674799897035], [76.50791999144343, 21.126659996923], [76.50800832997187, 21.12664519310954], [76.50809666850027, 21.1266303901325], [76.50818500702867, 21.126615587154014], [76.50827334645541, 21.126600784174062], [76.50836168498381, 21.126585980354687], [76.50845002351221, 21.126571177371762], [76.50853836204065, 21.12655637438737], [76.50862670056905, 21.12654157140148], [76.50871503909745, 21.1265267675762], [76.50880337762585, 21.126511964587344], [76.50889171615427, 21.126497161597047], [76.5089800546827, 21.126482358605255], [76.5090683932111, 21.126467555611995], [76.5091567317395, 21.12645275261725], [76.50923577360305, 21.12641575936886], [76.50931481546658, 21.126378765273298], [76.50939385643179, 21.12634177200645], [76.50947289829534, 21.12630477873038], [76.50955194015884, 21.126267784607123], [76.50963098202239, 21.126230791312576], [76.50971002298759, 21.12619379800882], [76.50978906485113, 21.126156804695828], [76.50986810671468, 21.126119810535666], [76.50994714857822, 21.126082817204225], [76.51002618954342, 21.12604582386354], [76.51010523140697, 21.126008829675676], [76.51018427327051, 21.12597183631654], [76.51026331513404, 21.125934842110233], [76.51034235609927, 21.125897848732638], [76.5104213979628, 21.125860855345806], [76.5104742719021, 21.125793303929584], [76.51052714584142, 21.125725751644623], [76.5105800197807, 21.12565820016685], [76.51063289372, 21.125590648658314], [76.51068576765934, 21.12552309628103], [76.51073864159864, 21.125455544710942], [76.51079151553795, 21.12538799311008], [76.51084438947724, 21.12532044064052], [76.51089726341658, 21.125252888978075], [76.51095013645757, 21.1251853372849], [76.51100301039686, 21.125117784723027], [76.51105588433617, 21.12505023296829], [76.51110875827547, 21.124982681182793], [76.51116163221481, 21.12491512852857], [76.51121450615409, 21.124847576681535], [76.51126738009341, 21.124780024803727], [76.51132025403271, 21.124712472057166], [76.51137312797204, 21.124644920117817], [76.51142061830782, 21.12457713184645], [76.51146810954194, 21.124509343544105], [76.51151559987775, 21.124441555210765], [76.51156309111188, 21.124373766008528], [76.5116105814477, 21.124305977613208], [76.51165807178351, 21.124238189186922], [76.5117055621193, 21.124170400729632], [76.51175305245513, 21.124102612241366], [76.51180054279095, 21.124034823722106], [76.51184803402506, 21.123967034333905], [76.51189552436088, 21.123899245752675], [76.51194301469668, 21.123831457140493], [76.51195254402522, 21.123751528245027], [76.51196207245543, 21.12367160014443], [76.51197160178398, 21.12359167116281], [76.51198113021418, 21.12351174297607], [76.51199065954272, 21.12343181390832], [76.51200018797293, 21.123351885635426], [76.51200971730148, 21.123271956481485], [76.5120192457317, 21.123192028122435], [76.51202877506023, 21.123112098882338], [76.51203830349046, 21.12303217043715], [76.512047832819, 21.12295224111093], [76.5120573612492, 21.122872312579574], [76.51206689057776, 21.12279238316718], [76.51207641900797, 21.122712454549667], [76.51208594833648, 21.122632525051117], [76.51209547676672, 21.12255259634746], [76.51210500609523, 21.122472666762782], [76.51211402248578, 21.1223925527838], [76.51212303797793, 21.122312438761554], [76.51213205347014, 21.122232325534], [76.51214106986063, 21.12215221142524], [76.51215008625114, 21.122072097273165], [76.51215910174335, 21.12199198307782], [76.51216811813384, 21.121911868839216], [76.51217713452434, 21.121831754557334], [76.51218615091484, 21.121751641070134], [76.51219516640704, 21.12167152670169], [76.51220418279755, 21.12159141229], [76.51221319918804, 21.121511297835006], [76.51222221468025, 21.12143118333678], [76.51223123107074, 21.12135106879524], [76.51224024746125, 21.121270955048402], [76.51224926385179, 21.12119084042031], [76.51225828024228, 21.121110725748988], [76.51226729663279, 21.12103061103436], [76.51227587015384, 21.120950348794064], [76.51228444457325, 21.120870086510365], [76.51229301809431, 21.120789824183216], [76.51230159161537, 21.12070956097467], [76.51231016513647, 21.120629298560655], [76.51231873865754, 21.120549036103206], [76.5123273121786, 21.12046877360236], [76.51233588569967, 21.12038851105803], [76.51234445922073, 21.120308248470295], [76.51235303274183, 21.12022798500116], [76.5123616062629, 21.120147722326582], [76.51237017978396, 21.120067459608542], [76.51237875330503, 21.11998719684708], [76.51238732682609, 21.119906934042202], [76.51239590034719, 21.119826671193874], [76.51240447386824, 21.119746407464152], [76.51241304738932, 21.11966614452897], [76.51242162091039, 21.119585881550343], [76.51243019443145, 21.11950561852832], [76.51243564091702, 21.119427426941307], [76.51244108650428, 21.11934923615105], [76.51244653298986, 21.1192710444816], [76.51245197857709, 21.11919285360894], [76.51245742416437, 21.11911466185706], [76.51246287064994, 21.119036470063975], [76.51246831623718, 21.118958279067655], [76.51247376272275, 21.118880087192128], [76.51247920831001, 21.118801896113382], [76.51248465389725, 21.11872370415543], [76.5124900994845, 21.118645512156256], [76.51249554507176, 21.118567320953836], [76.51250099065899, 21.118489128872234], [76.51250643624627, 21.118410937587413], [76.5125118818335, 21.118332745423388], [76.51259410103822, 21.11830774420137], [76.51267632114123, 21.118282742137154], [76.5127585403459, 21.118257740068767], [76.5128407595506, 21.118232737996127], [76.51292297875531, 21.118207736757267], [76.51300519885831, 21.11818273467622], [76.513087418063, 21.118157732590923], [76.5131696372677, 21.118132731339443], [76.51325185647238, 21.11810772924575], [76.51333407657542, 21.118082727147822], [76.51341629578009, 21.11805772588368], [76.51349851498479, 21.118032723777354], [76.51358073418946, 21.118007722504792], [76.51366295429249, 21.117982720390007], [76.51374517349718, 21.117957718271047], [76.51382958908276, 21.117937879812306], [76.51391400466831, 21.117918042188933], [76.51399842025388, 21.117898204562888], [76.51408283673776, 21.11787836609625], [76.5141672523233, 21.11785852762691], [76.5142516679089, 21.1178386899929], [76.51433608349447, 21.117818851518283], [76.51442049908, 21.117799013040994], [76.51450491466558, 21.117779174561072], [76.51458933025113, 21.117759336916464], [76.5146737458367, 21.117739498431213], [76.51475816232059, 21.117719659943326], [76.51484257790615, 21.117699822290767], [76.51492699349171, 21.11767998379755], [76.51501140907729, 21.117660145301713], [76.51509582466282, 21.11764030764119], [76.51518024024841, 21.117620469140007], [76.51526465583399, 21.11760063063622], [76.51534907141952, 21.117580792129722], [76.51543348790341, 21.1175609536206], [76.51551790348898, 21.117541115108846], [76.51560231907453, 21.117521276594395], [76.51568673466011, 21.117501438077337], [76.51577115024568, 21.117481599557582], [76.51585371170849, 21.11744905713926], [76.515936272273, 21.11741651471384], [76.5160188337358, 21.11738397144322], [76.51610139519863, 21.117351429003488], [76.51618395576314, 21.117318886556642], [76.51626651722594, 21.117286343264624], [76.51634907868876, 21.117253800803468], [76.51643163925328, 21.1172212583352], [76.51651420071609, 21.11718871585977], [76.51659676217889, 21.1171561733772], [76.51667932274339, 21.117123630887495], [76.5167618833079, 21.117091088390637], [76.51684444566902, 21.117058545048682], [76.51692700713186, 21.117026002537553], [76.51700956769636, 21.116993460019298], [76.51709212915917, 21.116960917493895], [76.517174690622, 21.11692837496138], [76.5172572511865, 21.1168958324217], [76.51733981264931, 21.116863289874885], [76.51742237411212, 21.116830747320932], [76.51750493467661, 21.11679820475983], [76.51758749613946, 21.116765662191604], [76.51767005760226, 21.116733119616264], [76.51775261816675, 21.11670057703375], [76.5178351796296, 21.1166680344441], [76.51792334478316, 21.116652116779385], [76.51801150993668, 21.11663619827498], [76.51809967509026, 21.116620280606856], [76.51818784114214, 21.116604362099043], [76.51827600629571, 21.11658844358952], [76.51836417144926, 21.116572525916258], [76.51845233660283, 21.11655660824133], [76.51854050175636, 21.11654069056466], [76.51862866690992, 21.11652477288627], [76.51871683296183, 21.116508854368213], [76.51880499811539, 21.116492936686413], [76.51889316326896, 21.116477019002946], [76.51898132842251, 21.116461101317725], [76.51906722443164, 21.116466063915006], [76.51915312044079, 21.11647102651211], [76.51923901644996, 21.116475989109063], [76.51932491245911, 21.116480951705835], [76.51941080756995, 21.11648591430244], [76.51949670357908, 21.11649087606091], [76.51958259958825, 21.116495838657187], [76.5196684955974, 21.1165008012533], [76.51975439160657, 21.116505763011233], [76.5198402876157, 21.116510725607014], [76.51992618362486, 21.11651568820263], [76.52001207963401, 21.116520649960105], [76.52009797474484, 21.11652561255539], [76.520183870754, 21.116530574312495], [76.52026976676312, 21.11653553690745], [76.52035566277229, 21.11654049866425], [76.52044155878146, 21.11654546125886], [76.52051916423883, 21.116561387314945], [76.52059676969625, 21.1165773133693], [76.52067437515365, 21.116593240259963], [76.52075198061101, 21.11660916631091], [76.5208295851701, 21.11662509236015], [76.52090719062753, 21.116641019245687], [76.5209847960849, 21.116656946129517], [76.52106240154228, 21.116672872173616], [76.52111387141481, 21.11673120312868], [76.52116534128734, 21.116789534060814], [76.52121681115983, 21.116847864969998], [76.52126828013407, 21.116906195018295], [76.52131975000657, 21.116964525881613], [76.5213712198791, 21.117022856722], [76.52142268975162, 21.117081187539455], [76.52145423049954, 21.117157497400676], [76.52148577034916, 21.117233806384636], [76.52151731109713, 21.117310116167364], [76.52154885094676, 21.117386425072855], [76.52158039169467, 21.11746273477706], [76.5216119315443, 21.11753904360403], [76.52164347229225, 21.117615353229738], [76.52167501304021, 21.117691662816185], [76.52170655288982, 21.117767971525424], [76.52173809363775, 21.117844281033374], [76.52176963348738, 21.117920589664067], [76.52180117423534, 21.11799689909351], [76.52183271498326, 21.118073208483704], [76.52186425483289, 21.11814951699664], [76.52189579558085, 21.118225826308322], [76.52192733543046, 21.118302134742788], [76.52195887617837, 21.118378443975963], [76.521990416028, 21.118454752331882], [76.52202195677596, 21.11853106148655], [76.52205133797396, 21.118602310032497], [76.52208071917197, 21.11867355770626], [76.52211010036997, 21.11874480618375], [76.52213948156796, 21.11881605462703], [76.52216886186763, 21.11888730219812], [76.52219824306563, 21.11895855057297], [76.52222762426364, 21.119029798075605], [76.52225700546163, 21.119101046381996], [76.52228638665963, 21.119172294654174], [76.52231576695931, 21.119243542054168], [76.5223451481573, 21.119314790257913], [76.52237358702257, 21.119392861235607], [76.52240202498952, 21.119470931334245], [76.5224304638548, 21.119549002229792], [76.52245890272005, 21.11962707224623], [76.52248734158532, 21.119705143059594], [76.52251577955228, 21.119783212993877], [76.52254421841751, 21.119861283725037], [76.5225726572828, 21.119939353577145], [76.52260109614807, 21.120017424226123], [76.52262953501331, 21.120095494834008], [76.52265797298027, 21.120173564562837], [76.52268641184554, 21.12025163508859], [76.52271484981249, 21.120329704735234], [76.52274328867777, 21.12040777517876], [76.52277172754302, 21.12048584474323], [76.52280016640829, 21.120563915104572], [76.52282860437525, 21.120641984586868], [76.52285704324048, 21.120720054866023], [76.52288556295413, 21.12079507992483], [76.52291408266778, 21.120870104945674], [76.52294260327973, 21.120945130766525], [76.52297112389168, 21.121020155711456], [76.52299964360533, 21.121095180618457], [76.52302816331897, 21.121170205487513], [76.52305668393093, 21.12124523031859], [76.52308520454287, 21.12132025594973], [76.52311372425652, 21.121395280704906], [76.52314224486847, 21.12147030542216], [76.52317076458212, 21.121545330101462], [76.52319928429576, 21.1216203547428], [76.52322780490772, 21.12169538018415], [76.52325632551967, 21.121770404749615], [76.52328484523332, 21.121845429277112], [76.52331167431758, 21.121915938823918], [76.52333850430017, 21.121986449175157], [76.52336533338443, 21.122056958654913], [76.52339216246872, 21.12212746810116], [76.52340851629849, 21.122207160728905], [76.52342487012821, 21.12228685331388], [76.52344122395797, 21.122366546693943], [76.5234575768894, 21.12244623919327], [76.52347392982082, 21.12252593164975], [76.52349028365059, 21.122605624063393], [76.52350663658201, 21.12268531643423], [76.52352299041176, 21.1227650096002], [76.5235393442415, 21.1228447018854], [76.52355569717292, 21.122924394127764], [76.52357205100269, 21.123004086327306], [76.52358840393411, 21.12308377848405], [76.52360475776386, 21.123163471435895], [76.5236211106953, 21.123243163507006], [76.52363746452502, 21.123322855535257], [76.52365809253891, 21.123403096380724], [76.5236787205528, 21.12348333802074], [76.52369934856664, 21.123563578779404], [76.52371997658052, 21.123643819494646], [76.52374060459438, 21.123724061004413], [76.52376123260827, 21.123804301632802], [76.52378186062214, 21.123884543055727], [76.523802488636, 21.123964783597323], [76.52382311664987, 21.124045024095498], [76.52384374466375, 21.124125265388177], [76.5238643726776, 21.124205505799484], [76.52388500069148, 21.12428574616741], [76.52390562870532, 21.12436598732985], [76.52392625671921, 21.124446227610918], [76.52395731417353, 21.1245209608548], [76.52398837162784, 21.124595694061046], [76.52401942908217, 21.124670427229624], [76.52405048653648, 21.124745160360543], [76.5240815439908, 21.124819893453793], [76.52411260144511, 21.124894626509384], [76.52414365889942, 21.12496935952732], [76.52417471635376, 21.125044093345505], [76.52420577380806, 21.125118826288112], [76.52423683126239, 21.125193559193047], [76.52426788961502, 21.12526829289826], [76.52429894706935, 21.125343024889943], [76.52433000452366, 21.125417757681866], [76.52436106287631, 21.12549249127412], [76.52439212033062, 21.125567223152792], [76.52442317778494, 21.125641955831753], [76.52445423523926, 21.12571668847306], [76.52448529359187, 21.125791421076695], [76.5245163510462, 21.125866153642683], [76.52454740939883, 21.12594088617099], [76.52457846685316, 21.126015618661615], [76.52461868083516, 21.12608753480137], [76.52465889481715, 21.12615945090623], [76.52469910879918, 21.126231366976192], [76.52473932278119, 21.12630328301127], [76.52477953586488, 21.12637519817357], [76.52481974984688, 21.126447114138905], [76.52485996382892, 21.126519030069367], [76.5249001778109, 21.12659094596495], [76.5249403917929, 21.126662861825643], [76.52498060577494, 21.126734777651468], [76.52502081975693, 21.126806693442408], [76.52506103373894, 21.12687860919846], [76.52510124682263, 21.12695052408172], [76.52514146080463, 21.127022439768034], [76.52518167388833, 21.127094355419448], [76.52522188787033, 21.12716627103599], [76.5252635517332, 21.1272350410187], [76.5253052146978, 21.127303810969504], [76.52534687856068, 21.127372580888416], [76.52538854242356, 21.12744135077544], [76.5254302053881, 21.12751012063056], [76.52547186835265, 21.12757888961585], [76.52551353221554, 21.12764765940718], [76.52555519607841, 21.127716429166618], [76.52559685994129, 21.12778519889416], [76.52563852290588, 21.127853968589804], [76.52568018676872, 21.127922738253545], [76.52573665935908, 21.127983927147614], [76.52579313194943, 21.128045116016434], [76.52584960453976, 21.128106304859998], [76.52590607713009, 21.128167493678305], [76.52596254972042, 21.128228682471363], [76.52601902231075, 21.12828987123914], [76.52607549490108, 21.12835105998169], [76.52613196749144, 21.128412248698982], [76.52618844008177, 21.128473437391037], [76.5262449126721, 21.12853462605784], [76.52630138526243, 21.128595814699388], [76.52635785785276, 21.12865700331568], [76.52641433044309, 21.128718191906707], [76.52647080393176, 21.128779380472494], [76.52652727652209, 21.12884056901304], [76.52658374911242, 21.128901757528293], [76.52664022170275, 21.12896294601832], [76.52669669429311, 21.129024134483092], [76.52675316688344, 21.129085322922624], [76.52680963947377, 21.129146511336888], [76.5268801985461, 21.12919364945826], [76.52695075672008, 21.129240787564683], [76.52702131579237, 21.129287926493976], [76.52709187396638, 21.129335064570412], [76.52716243303865, 21.129382203469735], [76.52723299121266, 21.129429341516197], [76.52730355028497, 21.129476480385584], [76.52737410935728, 21.129523618402047], [76.52744466753127, 21.12957075640351], [76.52751522660358, 21.129617895227934], [76.52758578477757, 21.129665033199426], [76.5276563438499, 21.129712171993866], [76.52772690292217, 21.12975930993538], [76.52779746109616, 21.12980644786195], [76.52786802016847, 21.12985358661139], [76.52793857834247, 21.129900724507987], [76.52800913741478, 21.129947863227464], [76.52807969558877, 21.129995001094073], [76.52815025466109, 21.130042139783594], [76.52822572572136, 21.130082241635407], [76.52830119678164, 21.130122344314312], [76.52837666784191, 21.130162446144432], [76.5284521389022, 21.130202548801623], [76.52852760996248, 21.130242650610054], [76.52860308012443, 21.13028275240764], [76.52867855118471, 21.13032285503229], [76.52875402224502, 21.130362956808188], [76.52882949330528, 21.130403059411158], [76.52890496436557, 21.130443161165324], [76.52898043542585, 21.13048326290868], [76.52905590648612, 21.130523365479107], [76.5291313775464, 21.13056346720077], [76.52920684860668, 21.130603568911543], [76.52928231966696, 21.130643671449437], [76.52935779072725, 21.130683773138543], [76.52943326178752, 21.13072387565471], [76.52950873194946, 21.130763977322125], [76.52958420300975, 21.130804078978702], [76.52965967407003, 21.13084418146231], [76.5297351451303, 21.130884283097195], [76.52981061619062, 21.13092438555914], [76.5298860872509, 21.130964487172292], [76.52995476974259, 21.131010262271957], [76.53002345223423, 21.131056037357432], [76.53009213382761, 21.1311018124288], [76.53016081631928, 21.13114758748602], [76.53022949881097, 21.131193362529107], [76.53029818130265, 21.131239137558072], [76.53036686289599, 21.131284911735], [76.53043554538768, 21.131330686735687], [76.53050422787936, 21.131376461722233], [76.53057291037103, 21.13142223669466], [76.5306415919644, 21.13146801165294], [76.53071027445607, 21.131513786597086], [76.53077895694774, 21.131559561527133], [76.53084979719276, 21.13160903664426], [76.53092063743773, 21.131658510906988], [76.53099147768273, 21.131707985991127], [76.5310623179277, 21.13175746105871], [76.53113315817268, 21.1318069352719], [76.5312039984177, 21.131856410306458], [76.53127483866267, 21.131905885324553], [76.53134567890767, 21.131955360326085], [76.53141651915266, 21.132004834473246], [76.53148735939766, 21.132054309441788], [76.53155819964265, 21.13210378439379], [76.53162903988765, 21.1321532584914], [76.53169988013262, 21.132202733410402], [76.53177072037764, 21.132252208312877], [76.5318415597243, 21.132301682360957], [76.53191239996929, 21.13235115723042], [76.53198324021427, 21.132400632083357], [76.53205408045926, 21.13245010608188], [76.53212492070428, 21.13249958090183], [76.53219576094925, 21.132549055705226], [76.53226660119422, 21.13259852965421], [76.53233744143922, 21.132648004424606], [76.5324082816842, 21.132697479178475], [76.53247912192921, 21.132746953915856], [76.53254996217419, 21.132796427798784], [76.53262080241919, 21.132845902503114], [76.53269164266416, 21.132895377190955], [76.53276248290918, 21.13294485102436], [76.53283332315415, 21.13299432567913], [76.53290112350022, 21.13304673045291], [76.53296892384631, 21.133099135208138], [76.53303672509067, 21.13315153994483], [76.53310452543674, 21.133203944663023], [76.53317232578284, 21.133256349362654], [76.5332401261289, 21.133308754043803], [76.53330792737326, 21.133361158706386], [76.53337572861764, 21.133413563350473], [76.5334435289637, 21.13346596797601], [76.53351132930977, 21.133518372583037], [76.53357912965588, 21.133570777171503], [76.53364693090023, 21.133623181741484], [76.5337147312463, 21.133675586292913], [76.5337825315924, 21.133727990825847], [76.53385033193845, 21.133780395340207], [76.53391813318285, 21.13383279983604], [76.53398593352892, 21.133885204313376], [76.53405373387498, 21.133937608772165], [76.53412153422104, 21.133990013212454], [76.53418933456712, 21.134042417634195], [76.53425713491318, 21.134094822037422], [76.53432493525924, 21.13414722642209], [76.53439273560534, 21.134199630788263], [76.53446053684969, 21.13425203597378], [76.5345283371958, 21.13430444030289], [76.53459613754185, 21.134356844613478], [76.53466393788791, 21.134409248905513], [76.53473173823399, 21.13446165317904], [76.53479953947837, 21.13451405827193], [76.53486733982443, 21.134566462508385], [76.5349351401705, 21.134618866726303], [76.53499512068203, 21.13467982411244], [76.53505510209186, 21.134740782311415], [76.53511508260338, 21.134801739647415], [76.53517506401322, 21.134862697796212], [76.53523504452475, 21.134923655082076], [76.53529502593457, 21.134984613180773], [76.53535500644611, 21.135045570416487], [76.53541498785593, 21.135106528465005], [76.53547496836747, 21.13516748565058], [76.53553494977729, 21.135228443648987], [76.53559493028881, 21.135289400784423], [76.53565491169864, 21.13535035873267], [76.53571489221018, 21.135411315817954], [76.53577487362, 21.135472273716086], [76.53583485413154, 21.135533230751204], [76.53589483464303, 21.13559418776129], [76.53595481605285, 21.135655145584206], [76.53601479656439, 21.135716102544137], [76.53607477797422, 21.13577706031688], [76.53613475848574, 21.135838017226686], [76.53619473989558, 21.135898974949317], [76.5362547204071, 21.135959931808973], [76.53631470181693, 21.136020889481422], [76.53637468232846, 21.136081846290928], [76.53643466373829, 21.13614280391328], [76.53649464424983, 21.136203760672647], [76.53655462565965, 21.13626471824481], [76.53661460617118, 21.136325674954037], [76.536674587581, 21.13638663247609], [76.53673456809253, 21.13644758913514], [76.53679164345242, 21.136509557928456], [76.53684871971063, 21.136571527533683], [76.53690579507051, 21.13663349627513], [76.53696287132874, 21.136695464990677], [76.53701994668862, 21.136757433680305], [76.53707702294683, 21.13681940318192], [76.53713409830671, 21.13688137181972], [76.53719117456492, 21.136943340431618], [76.53724824992482, 21.137005309017603], [76.53730532618302, 21.137067278415543], [76.53736240154291, 21.137129246949694], [76.53741947780112, 21.137191215457943], [76.537476553161, 21.137253183940317], [76.53753362941923, 21.137315153234596], [76.5375907047791, 21.137377121665114], [76.53764710909749, 21.137441534988728], [76.53770351341588, 21.13750594828433], [76.53775991773422, 21.13757036155195], [76.5378163220526, 21.13763477479157], [76.53787272726929, 21.13769918800323], [76.53792913158767, 21.137763600348976], [76.53798553590606, 21.137828013504592], [76.53804194022442, 21.13789242663223], [76.5380983445428, 21.13795683973187], [76.53815474886119, 21.138021252803494], [76.53821115317955, 21.138085665847182], [76.53826755749793, 21.138150078862814], [76.5383239618163, 21.138214491850462], [76.53838036613466, 21.138278904810118], [76.53843677135137, 21.138343317741757], [76.53849317566974, 21.138407729807525], [76.53854957998811, 21.138472142683202], [76.5386059843065, 21.138536555530866], [76.53866238862484, 21.138600968350513], [76.53871879294324, 21.138665381142175], [76.5387832120306, 21.138711721099977], [76.53884763201624, 21.138758061881173], [76.53891205110357, 21.138804401810017], [76.53897647108923, 21.138850741724347], [76.53904089017658, 21.138897081624226], [76.53910531016223, 21.138943422347435], [76.53916972924955, 21.138989762218305], [76.53923414923521, 21.139036102912545], [76.53929856832256, 21.13908244275445], [76.53937439870894, 21.139114434136648], [76.53945022999365, 21.139146426349807], [76.53952606038004, 21.13917841771819], [76.53960189166476, 21.13921040991752], [76.53967772205114, 21.139242401272124], [76.53975355333586, 21.13927439345763], [76.53982938372228, 21.139306384798388], [76.53990240058518, 21.139311081028097], [76.53997541834642, 21.139315778095526], [76.54004843520933, 21.139320474324926], [76.5401355538256, 21.139307107037485], [76.54022267244184, 21.139293738910954], [76.54030979105809, 21.13928037162107], [76.54039690967437, 21.139267004330016], [76.54048402829062, 21.139253637037704], [76.54057114690686, 21.139240269744235], [76.54061298055133, 21.139167131674984], [76.54065481419579, 21.139093993569645], [76.54069664784026, 21.139020855428196], [76.54073848148472, 21.138947716412783], [76.54078031512918, 21.138874578199136], [76.54082214877369, 21.13880143994941], [76.54085299781883, 21.138724497744455], [76.54088384686399, 21.138647554661702], [76.5409146959092, 21.13857061237685], [76.54094554585268, 21.138493669214164], [76.54097639489784, 21.138416726849403], [76.54100724394301, 21.13833978360685], [76.54103809298817, 21.13826284116219], [76.54106894203338, 21.138185897839705], [76.54109979107854, 21.13810895531515], [76.54113064012371, 21.138032011912806], [76.54116148916887, 21.137955069308344], [76.54119233821403, 21.137878125826067], [76.54120740924957, 21.13779919989661], [76.5412224811834, 21.137720273087233], [76.54123755221893, 21.137641347073686], [76.54125262415278, 21.137562420180227], [76.54126769518828, 21.137483494082648], [76.54128276712211, 21.137404567105122], [76.54129783815766, 21.137325640923436], [76.54131291009148, 21.137246713861842], [76.54132798112698, 21.137167787596127], [76.54134305216252, 21.137088861288362], [76.54135812409636, 21.137009934100668], [76.5413731951319, 21.13693100770881], [76.5413882661674, 21.136852080437045], [76.54140333720294, 21.13677315396116], [76.54141840913678, 21.136694226605325], [76.54143348017227, 21.136615300045342], [76.54144855120782, 21.13653637260544], [76.54146362224331, 21.136457445961415], [76.54146718406344, 21.136377326132916], [76.5414707449852, 21.136297207098952], [76.54147430680534, 21.136217087183798], [76.5414778677271, 21.136136968063262], [76.54148142954722, 21.136056848061482], [76.54148499046897, 21.13597672885428], [76.5414885522891, 21.135896608765904], [76.5414921132109, 21.135816489472077], [76.54149567413265, 21.135736369297085], [76.54149923595277, 21.135656249078746], [76.54150279687455, 21.135576129655014], [76.54150635869468, 21.135496009350053], [76.54150991961643, 21.13541588983968], [76.54151348143655, 21.13533576944812], [76.54151704325663, 21.13525564985112], [76.54152060507674, 21.135175529372948], [76.54151540472957, 21.135096701712886], [76.5415102052807, 21.13501787401093], [76.54150500583184, 21.134939047104915], [76.54149980548468, 21.13486021931908], [76.54149460513747, 21.13478139149135], [76.54148940568861, 21.13470256362167], [76.54148420534145, 21.134623736547987], [76.54147900499426, 21.13454490859446], [76.54147380464708, 21.134466080599044], [76.5414686042999, 21.134387252561652], [76.54146340395273, 21.134308425320256], [76.54145820360552, 21.134229597199077], [76.54145300325837, 21.134150769035926], [76.54144544393526, 21.13407309042138], [76.54143788371381, 21.133995410928254], [76.54143032349238, 21.133917732232288], [76.54142276327093, 21.13384005349562], [76.54141520304951, 21.13376237471823], [76.54140764282809, 21.133684695062247], [76.54140008260664, 21.133607016203445], [76.54139252238522, 21.133529337303937], [76.54138496216378, 21.133451657525857], [76.54137740194238, 21.133373978544935], [76.54146022840818, 21.13340577928078], [76.54154305577232, 21.133437580847716], [76.54162588223815, 21.13346938156992], [76.54170870960228, 21.133501182285308], [76.54179153606813, 21.133532982993863], [76.54187436343227, 21.133564784533522], [76.54195718989808, 21.13359658522844], [76.54204001726222, 21.133628386754435], [76.54212284372804, 21.133660187435712], [76.54220567109218, 21.133691988110158], [76.54228849755803, 21.133723788777786], [76.54237132492217, 21.133755590276493], [76.54245415138799, 21.13378739093047], [76.54253697875212, 21.133819192415537], [76.54261980521797, 21.133850993055876], [76.54270263258212, 21.133882793689395], [76.54278545904793, 21.13391459431608], [76.54286828641207, 21.13394639577386], [76.54295111287789, 21.1339781963869], [76.54303394024203, 21.134009997831026], [76.54311676670787, 21.134041798430424], [76.54319959407202, 21.134073599860915], [76.54328242053784, 21.13410540044666], [76.54336524700363, 21.13413720102559], [76.54344807436779, 21.134169002435623], [76.54353090083363, 21.1342008030009], [76.54361372819777, 21.134232603559358], [76.54369655466358, 21.134264404110997], [76.54377938202774, 21.134296205493715], [76.54386220849358, 21.134328006031716], [76.54394503585772, 21.134359807400795], [76.54402786232353, 21.13439160792513], [76.54411068968767, 21.134423408442675], [76.54419351615348, 21.134455208953376], [76.54427634351764, 21.134487010295153], [76.54435916998348, 21.1345188107922], [76.54444199734762, 21.134550612120353], [76.54452482381343, 21.134582412603763], [76.54460765117757, 21.134614213080354], [76.54469047764339, 21.134646013550114], [76.54477330500754, 21.134677814850964], [76.54485613147338, 21.134709615307084], [76.54493895883752, 21.134741416594284], [76.54502178530333, 21.134773217036752], [76.54510175961813, 21.134802492910367], [76.54518173393292, 21.134831768778223], [76.54526170824776, 21.13486104464026], [76.54534168256255, 21.13489032049651], [76.54542165687734, 21.134919596347], [76.54550163119214, 21.13494887219171], [76.54558160460864, 21.134978147192722], [76.54566157982173, 21.135007423025883], [76.54574155503485, 21.135036698853227], [76.54582152934965, 21.135065974674784], [76.54590150366444, 21.135095250490565], [76.54598147708094, 21.135124525462686], [76.54606145229403, 21.135153801266913], [76.54614142660886, 21.135183077065367], [76.54622140092366, 21.13521235202011], [76.54630137523846, 21.135241627807023], [76.54638134955324, 21.1352709027502], [76.54646132386804, 21.135300178525537], [76.54652842891808, 21.13535095363224], [76.54659553396813, 21.13540172872157], [76.54666263901817, 21.135452503793502], [76.54672974496651, 21.13550327884806], [76.54679685091484, 21.13555405388521], [76.5468639559649, 21.13560482806706], [76.54693106101494, 21.135655603069416], [76.54699816696332, 21.135706378054394], [76.54706527201331, 21.13575715218407], [76.5471323779617, 21.13580792713424], [76.54719948391003, 21.13585870206702], [76.54726658896007, 21.13590947614451], [76.54733369490846, 21.135960251042505], [76.54740079995847, 21.1360110250852], [76.54747378448205, 21.136056941066474], [76.54754676810732, 21.136102857033524], [76.54761975263087, 21.136148772986342], [76.54769273715445, 21.13619468892491], [76.54776572077971, 21.136240604011405], [76.54783870530329, 21.136286519921562], [76.54791168982686, 21.136332435817447], [76.5479846734521, 21.136378351699147], [76.54805765797569, 21.136424267566607], [76.54813064160093, 21.13647018341986], [76.54820362612452, 21.136516099258877], [76.5482766106481, 21.13656201508367], [76.54834959427335, 21.13660793005634], [76.54842257879692, 21.136653845852685], [76.5484729635046, 21.13671724900858], [76.54852334821224, 21.136780652137354], [76.54857373291989, 21.13684405607689], [76.54862411762757, 21.136907459151416], [76.5486745023352, 21.136970862198808], [76.54872488704287, 21.137034265219086], [76.54877527175051, 21.137097668212228], [76.54882565645818, 21.137161071178248], [76.54887604116584, 21.13722447495504], [76.54892642587349, 21.13728787786681], [76.54897681058115, 21.137351280751446], [76.54902719528882, 21.13741468360897], [76.54906244697717, 21.137489196657565], [76.54909769776725, 21.137563708830797], [76.54913294945563, 21.137638221804433], [76.54916820024569, 21.137712733902745], [76.54920345193409, 21.137787246801462], [76.54926972514414, 21.137831491514252], [76.54933599835424, 21.13787573705172], [76.54940227066601, 21.137919981738058], [76.54946854387612, 21.137964226411217], [76.54953481708617, 21.13800847190907], [76.54960109029628, 21.138052716555805], [76.54966736260805, 21.138096961189333], [76.54973363581814, 21.138141206647507], [76.54979990902821, 21.138185451254625], [76.54987075376476, 21.138225923755684], [76.54994159850135, 21.138266395407815], [76.55001244413621, 21.138306867886786], [76.5500832888728, 21.138347340354652], [76.55015413360937, 21.13838781197363], [76.55022497834592, 21.138428284419437], [76.55030125429671, 21.138461814270627], [76.55037753024749, 21.138495343276336], [76.55045380529994, 21.138528872274502], [76.55053008125071, 21.138562402102895], [76.55060635720149, 21.138595931923717], [76.55068263315226, 21.138629460899097], [76.55075890910305, 21.138662990704766], [76.55083518415549, 21.138696519664993], [76.55091146010626, 21.13873004945545], [76.55098773605705, 21.1387635784005], [76.55107164499279, 21.138763758541987], [76.55115555303021, 21.13876393868348], [76.55123946196596, 21.13876411882501], [76.55132337000337, 21.138764298128613], [76.55140727893912, 21.138764478270126], [76.55149118787489, 21.138764658411617], [76.5515750959123, 21.13876483771526], [76.55165900484805, 21.138765017856752], [76.55174291288546, 21.13876519716038], [76.55182682182121, 21.138765377301873], [76.55191073075696, 21.138765556605502], [76.55199463879437, 21.138765735909143], [76.55207854773012, 21.138765916050623], [76.55216245576757, 21.138766095354264], [76.55224636470328, 21.13876627549574], [76.55233542368056, 21.13876927841255], [76.55242448175954, 21.13877228132931], [76.55251354073678, 21.13877528424599], [76.55260259971406, 21.138778287162637], [76.55269165869133, 21.13878129007918], [76.55278071677029, 21.13878429299571], [76.55286977574755, 21.138787295912135], [76.55295883472483, 21.138790298828514], [76.55304789370207, 21.13879330174485], [76.55313695178104, 21.138796304661103], [76.5532260107583, 21.138799307577326], [76.55331506973558, 21.13880231049345], [76.5534041278145, 21.13880531340956], [76.55349318679178, 21.138808316325555], [76.55358224576905, 21.138811319241498], [76.55367130474633, 21.138814322157415], [76.55376036282527, 21.138817325073248], [76.55384942180255, 21.138820327989038], [76.55393848077983, 21.138823330904742], [76.55402753975706, 21.138826333820404], [76.55411659783606, 21.13882933673598], [76.55420565681328, 21.138832339651504], [76.55429471579056, 21.138835342566992], [76.55438377386952, 21.13883834548239], [76.55447283284678, 21.13884134839776], [76.55456189182406, 21.138844351313033], [76.55465095080133, 21.138847354228275], [76.55474000888027, 21.138850355467714], [76.55482906785755, 21.138853358382793], [76.55491812683482, 21.138856361297858], [76.55500718581207, 21.138859364212834], [76.55509624389104, 21.13886236628989], [76.55518530286828, 21.13886536920474], [76.55527495293701, 21.138862975419123], [76.55536460210742, 21.13886058247128], [76.55545425217615, 21.13885818868559], [76.55554390134658, 21.13885579573767], [76.55563355141528, 21.1388534019519], [76.55572320148401, 21.138851008166053], [76.5558128506544, 21.13884861521806], [76.55590250072315, 21.138846221432125], [76.55599214989356, 21.138843828484053], [76.55608179996229, 21.13884143469804], [76.55617144913269, 21.138839040912018], [76.55626109920142, 21.138836647125945], [76.55635074927015, 21.13883425333986], [76.55644039844054, 21.13883185955371], [76.55653004850927, 21.138829466605394], [76.55661969767968, 21.138827072819158], [76.55670934774841, 21.138824679032894], [76.55679899781714, 21.13882228524659], [76.55688864698755, 21.138819891460237], [76.55697829705628, 21.138817497673884], [76.55706794622667, 21.138815103887467], [76.5571575962954, 21.13881271010101], [76.5572472454658, 21.138810316314494], [76.55733689553455, 21.138807922527988], [76.55742654560328, 21.13880552874142], [76.55751619477368, 21.1388031349548], [76.55760584484241, 21.13880074116814], [76.5576954940128, 21.138798347381456], [76.55778514408154, 21.138795953594745], [76.55787443931571, 21.138793877359678], [76.55796373365159, 21.138791801962423], [76.55805302888578, 21.138789726565175], [76.55814232411994, 21.13878765033002], [76.55823161845584, 21.138785574932676], [76.55832091369001, 21.138783498697467], [76.55841020892422, 21.13878142246221], [76.55849950326007, 21.138779347064837], [76.55858879849428, 21.13877727082953], [76.55867809283014, 21.138775195432043], [76.55876738806434, 21.138773120034557], [76.55885668329853, 21.13877104379917], [76.55894597763441, 21.13876896840161], [76.55903527286857, 21.13876689216616], [76.55912456810276, 21.13876481676856], [76.55921386243864, 21.13876274053305], [76.55930315767282, 21.138760665135397], [76.559392452907, 21.138758588899833], [76.55948174724288, 21.13875651350209], [76.55957104247705, 21.13875443810435], [76.55966033771126, 21.138752361868686], [76.55974963204714, 21.138750286470856], [76.55983892728132, 21.138748210235143], [76.55992822161721, 21.138746134837298], [76.56001751685137, 21.13874405943938], [76.56010681208556, 21.138741983203587], [76.56019610642144, 21.13873990780563], [76.56028540165562, 21.138737831569788], [76.5603746968898, 21.13873575617174], [76.56046399122567, 21.138733680773708], [76.56055328645985, 21.13873160537565], [76.5606401975653, 21.138736239621345], [76.56072710867072, 21.13874087386694], [76.56081402067447, 21.138745508112383], [76.56090093177988, 21.138750142357647], [76.56098784288528, 21.138754776602795], [76.56107475399071, 21.138759410847808], [76.56116166509617, 21.138764045092664], [76.56124857620156, 21.138768679337357], [76.56133548820532, 21.138773313581932], [76.56142239931073, 21.138777947826355], [76.56150931041616, 21.138782582070615], [76.56159622152155, 21.138787216314746], [76.56168313262701, 21.138791849720853], [76.56177004373242, 21.138796483964708], [76.56185695573616, 21.138801118208406], [76.56194386684159, 21.138805752451926], [76.562030777947, 21.138810386695347], [76.56211768905244, 21.13881502010074], [76.56220460015787, 21.138819654343855], [76.56229151126328, 21.138824287748957], [76.56237842326702, 21.13882892199179], [76.56246533437243, 21.138833555396598], [76.56255224547785, 21.13883818963914], [76.5626391565833, 21.138842823881504], [76.56272606768871, 21.138847458123767], [76.56281297879413, 21.13885209152799], [76.56289989079788, 21.13885672576996], [76.56298680190328, 21.13886135917389], [76.5630737130087, 21.138865993415568], [76.56315951559307, 21.138873467187764], [76.56324531727914, 21.138880940959552], [76.5633311198635, 21.138888414730985], [76.56341692154953, 21.138895888502063], [76.5635027241339, 21.138903362272742], [76.56358852671826, 21.138910836043017], [76.56367432840432, 21.13891830981295], [76.5637601309887, 21.13892578358251], [76.56384593357305, 21.138933257351695], [76.56393173525909, 21.138940731120456], [76.56401753784345, 21.138948204888887], [76.5641033404278, 21.138955678656934], [76.56418914211388, 21.1389631524246], [76.56427494469824, 21.138970626191874], [76.56436074638427, 21.13897809995879], [76.56444654896863, 21.13898557288744], [76.564532351553, 21.138993046653606], [76.56461815323904, 21.13900051958152], [76.56470395582339, 21.13900799334692], [76.56478975840776, 21.139015467111953], [76.56487556009382, 21.139022940038732], [76.56496136267819, 21.139030413803017], [76.56504716436422, 21.13903788672903], [76.56513296694858, 21.139045360492563], [76.56522011431093, 21.139041199650702], [76.56530726077494, 21.13903703964661], [76.5653944081373, 21.139032879642443], [76.56548155549964, 21.139028718800226], [76.56556870196367, 21.13902455879579], [76.56565584932602, 21.13902039795337], [76.56574299668834, 21.139016237110805], [76.5658301431524, 21.139012077106017], [76.56591729051472, 21.139007916263264], [76.56600443787707, 21.139003755420372], [76.5660915843411, 21.138999595415235], [76.56617873170345, 21.138995434572088], [76.5662658790658, 21.138991274566713], [76.5663530264281, 21.138987113723363], [76.56644017289217, 21.138982953717758], [76.56652732025448, 21.138978792874152], [76.56661446761684, 21.138974632030447], [76.56670161408086, 21.13897047118664], [76.56678876144322, 21.13896631034269], [76.56687590880557, 21.13896214949864], [76.56696305526958, 21.138957989492322], [76.56705020263193, 21.138953828648006], [76.56713734999428, 21.13894966780361], [76.56722449645831, 21.13894550695908], [76.56731164382063, 21.138941346114443], [76.56738591024013, 21.138913068119653], [76.56746017576131, 21.13888479095732], [76.56753444218077, 21.138856512951754], [76.56760870860025, 21.13882823494077], [76.56768297412142, 21.13879995776229], [76.56775724054093, 21.138771679740522], [76.5678315069604, 21.13874340171337], [76.56790577248157, 21.13871512451868], [76.56798003890104, 21.138686846480727], [76.56799304111647, 21.1387671946363], [76.56800604423022, 21.138847543586213], [76.56801904644564, 21.138927891654678], [76.56803204866107, 21.139008239679555], [76.56804505177482, 21.139088588498748], [76.56805805399023, 21.139168936436516], [76.56807105620565, 21.139249284330713], [76.56808405931938, 21.139329633019198], [76.56809706153479, 21.139409980826258], [76.56811006375021, 21.13949032858976], [76.56812306686396, 21.139570677147535], [76.56813606907939, 21.139651024823902], [76.56814907219311, 21.139731372456705], [76.56816207530686, 21.139811720883785], [76.56817507752228, 21.139892068429443], [76.56816994185381, 21.13997463793784], [76.56816480618531, 21.140057207400236], [76.56815967051683, 21.14013977597874], [76.56815453484836, 21.140222345349112], [76.56814939917989, 21.140304914673457], [76.56814426440971, 21.140387483951788], [76.56813912874124, 21.140470053184124], [76.56813399307276, 21.140552622370432], [76.56812885830259, 21.140635190672892], [76.56812372263411, 21.14071775976718], [76.56811858696564, 21.14080032881548], [76.56811345219546, 21.14088289781776], [76.56810831652699, 21.140965466773988], [76.56810318085853, 21.141048035684236], [76.56809804608834, 21.14113060371061], [76.56809291131817, 21.14121317252884], [76.56808777564969, 21.141295741301054], [76.56807341518156, 21.141378367001238], [76.56805905471343, 21.141460991817485], [76.5680446942453, 21.141543617425512], [76.56803033377717, 21.141626242149595], [76.56801597330903, 21.14170886766546], [76.56800161284089, 21.14179149229744], [76.5679872523728, 21.14187411772116], [76.56797289190467, 21.141956742260923], [76.56795853143653, 21.142039367592496], [76.56794417096839, 21.14212199287799], [76.56792981050026, 21.142204617279543], [76.56791545003213, 21.142287242472875], [76.567901089564, 21.142369866782268], [76.56788672909587, 21.14245249188345], [76.56787236862773, 21.142535116100685], [76.56785800815959, 21.142617741109696], [76.56784364769146, 21.14270036523482], [76.56782928722333, 21.142782990151687], [76.5678149267552, 21.14286561418461], [76.56780056628708, 21.142948239009318], [76.56778620581893, 21.143030863787946], [76.56777184535079, 21.143113487682644], [76.56775748578099, 21.143196112369097], [76.56774312531286, 21.14327873617165], [76.56772876574303, 21.143361360765955], [76.56771440527488, 21.143443984476363], [76.56770004480676, 21.14352660897847], [76.56768568523695, 21.143609232596727], [76.56767132476882, 21.143691857006715], [76.56764483614604, 21.14376900106495], [76.56761834842156, 21.14384614508301], [76.56759185979878, 21.14392328906092], [76.56756537207434, 21.144000432160816], [76.56753888345156, 21.144077576058372], [76.56751239572708, 21.14415471991575], [76.5674859071043, 21.144231863732962], [76.5674594193798, 21.14430900751], [76.56743293075704, 21.144386151246874], [76.56740644213426, 21.14446329494357], [76.5673799544098, 21.14454043776228], [76.56735346668532, 21.144617581378636], [76.56732697806254, 21.144694724954814], [76.56730049033807, 21.144771868490828], [76.56727400171528, 21.14484901198667], [76.5672475130925, 21.144926155442327], [76.56722102536806, 21.145003298020004], [76.56719453764357, 21.145080441395336], [76.5671680490208, 21.14515758473049], [76.56714156129631, 21.14523472802546], [76.56711507267353, 21.1453118712803], [76.56708858405077, 21.145389014494928], [76.56706209632631, 21.14546615766939], [76.56703560860183, 21.145543299965826], [76.56700911997905, 21.145620443059933], [76.56698263225456, 21.145697586113904], [76.56695614363178, 21.145774729127673], [76.56692598718769, 21.14585284565665], [76.56689583074362, 21.145930961306593], [76.56686567429952, 21.146009077753178], [76.56683551785542, 21.146087194158593], [76.56680536141134, 21.146165309684957], [76.56677520496724, 21.14624342600796], [76.56674504762485, 21.146321543127602], [76.56671489118077, 21.14639965769257], [76.5666847347367, 21.146477773891974], [76.56665457829261, 21.146555890050212], [76.56662442184852, 21.14663400616723], [76.56659426540442, 21.146712122243063], [76.56656410896032, 21.146790238277703], [76.56653395251625, 21.146868353433327], [76.56650379517383, 21.14694646938558], [76.56647363872973, 21.147024585296634], [76.56644348228568, 21.147102700328674], [76.56641332494324, 21.14718081615733], [76.56638316760086, 21.1472589319448], [76.56635301115676, 21.14733704685326], [76.56632285471267, 21.147415162558328], [76.56629269826861, 21.147493278222207], [76.56626254182451, 21.14757139300704], [76.56623238448208, 21.14764950858853], [76.56620222803802, 21.147727624128848], [76.56617207159393, 21.147805738790098], [76.56614191425155, 21.147883854247976], [76.56611175780745, 21.147961969664674], [76.56608160136335, 21.148040083364545], [76.56605144402096, 21.14811819869884], [76.56602128667853, 21.148196313991964], [76.56599113023444, 21.148274428406037], [76.56596097379037, 21.148352543616745], [76.56593438814954, 21.148431736213475], [76.5659078025087, 21.14851092960566], [76.56588121686788, 21.148590122117707], [76.56585463122704, 21.1486693154252], [76.56582804558622, 21.148748507852556], [76.56580145994535, 21.14882770107537], [76.56577487430451, 21.148906893418033], [76.56574828866368, 21.148986086556167], [76.56572170302285, 21.149065278814142], [76.56569511738202, 21.149144471029786], [76.5656685317412, 21.149223664040864], [76.56564194610034, 21.14930285617183], [76.56561536045952, 21.14938204909823], [76.56558877481868, 21.14946124114449], [76.56556218917785, 21.149540433986196], [76.56553560353701, 21.149619626785604], [76.56550901789619, 21.149698819542618], [76.56548243225537, 21.149778011419496], [76.56545584661453, 21.14985720409182], [76.5654292609737, 21.14993639588402], [76.56540267533286, 21.150015587633852], [76.56537608969202, 21.15009478017917], [76.56534950405118, 21.15017397184429], [76.56532291841036, 21.150253164304925], [76.5652963318712, 21.150332355885404], [76.56526974623037, 21.150411548261296], [76.56524316058955, 21.150490739757082], [76.5652165749487, 21.1505699320483], [76.56518998930787, 21.150649123459377], [76.56516340366703, 21.15072831482808], [76.5651368180262, 21.15080750699229], [76.56511023238536, 21.150886698276302], [76.56508364674454, 21.150965890355806], [76.56505706110372, 21.15104508155514], [76.56503047546288, 21.151124273549954], [76.56500388982205, 21.15120346466458], [76.56497730418121, 21.15128265657469], [76.56495071854037, 21.15136184760466], [76.56492413289953, 21.151441039430054], [76.56489754725871, 21.151520230375322], [76.56487096161788, 21.151599421278213], [76.56484437597705, 21.1516786129766], [76.56481779033622, 21.151757803794787], [76.56479120379706, 21.15183699540847], [76.56476461815622, 21.151916186141964], [76.56473803251538, 21.151995377670954], [76.56471144687455, 21.152074568319744], [76.56468486123372, 21.15215375976404], [76.56465827559289, 21.15223295032814], [76.56463168995207, 21.152312140849926], [76.56460510431123, 21.152391332167166], [76.5645785186704, 21.15247052260422], [76.56455193302956, 21.152549713836756], [76.56452534738872, 21.15262890418912], [76.56449876084956, 21.15270809533695], [76.56447217520873, 21.15278728560461], [76.5644455895679, 21.15286647666775], [76.56441900392707, 21.1529456668507], [76.56439241828625, 21.153024856991355], [76.56436583174711, 21.153104047927414], [76.56433924610627, 21.153183237983335], [76.56431266046545, 21.15326242883469], [76.56428607482458, 21.153341618805932], [76.56425948828544, 21.15342080957263], [76.5642329026446, 21.153499999459118], [76.56420631700378, 21.1535791901411], [76.56417973136294, 21.153658379942897], [76.56415314572212, 21.153737570540187], [76.56412656008129, 21.15381676025728], [76.56409997444045, 21.153895949932057], [76.56407338790129, 21.153975140402252], [76.56404680226045, 21.154054329992327], [76.56402021661962, 21.154133519540046], [76.5639936300805, 21.154212709045428], [76.56396704443964, 21.154291899346212], [76.5639404587988, 21.154371088766876], [76.56391387225966, 21.15445027898296], [76.56388728661884, 21.15452946831892], [76.56386214187572, 21.15460886789472], [76.5638369971326, 21.154688268265787], [76.56381185238946, 21.15476766775644], [76.56378670764634, 21.154847068042343], [76.56376156290322, 21.154926467447847], [76.5637364181601, 21.155005866810793], [76.56371127341701, 21.155085266968914], [76.5636861286739, 21.155164666246712], [76.56366098393077, 21.155244066319685], [76.56363583918765, 21.155323465512332], [76.56361069444453, 21.155402864662385], [76.5635855497014, 21.15548226376983], [76.56356040495828, 21.15556166283473], [76.56353526021516, 21.155641062694812], [76.56351011547204, 21.155720461674537], [76.56348497072895, 21.155799861449456], [76.56345982598583, 21.155879260344033], [76.56343468124271, 21.155958659196042], [76.56340953739789, 21.1560380588432], [76.5633843926548, 21.156117457610012], [76.56335924791168, 21.15619685717206], [76.56333410316856, 21.156276255853705], [76.56330895842544, 21.156355654492806], [76.56328381368232, 21.156435053927076], [76.5632586689392, 21.156514452481016], [76.56323352419608, 21.15659385183012], [76.56320837945296, 21.156673250298883], [76.56318323470983, 21.156752649562826], [76.56315808996673, 21.15683204794644], [76.56313294522363, 21.156911446287474], [76.56310780048051, 21.15699084542366], [76.56308265573738, 21.15707024367953], [76.56305751099426, 21.157149642730555], [76.56303236625114, 21.157229040901225], [76.56300722150802, 21.15730843902934], [76.5629820767649, 21.15738783795263], [76.56295693202178, 21.157467235995583], [76.56293178727869, 21.1575466348337], [76.56290664343385, 21.15762603279149], [76.56288149869073, 21.157705430706685], [76.56285635394761, 21.157784829417057], [76.56283121010281, 21.157864227247103], [76.56280606535971, 21.15794362587229], [76.56278092061659, 21.158023023617172], [76.56275577587347, 21.158102421319434], [76.56273063113036, 21.158181819816914], [76.56270548638724, 21.158261217433992], [76.56268034164412, 21.15834061584628], [76.5626551977993, 21.158420013378233], [76.56263005305622, 21.158499411705336], [76.56260490831309, 21.158578809152125], [76.56257976356997, 21.15865820655632], [76.56255461882685, 21.15873760475568], [76.56252947408373, 21.1588170020747], [76.56250432934061, 21.158896400188883], [76.56247918549582, 21.15897579742275], [76.562454041651, 21.159055194614005], [76.5624288969079, 21.159134592600456], [76.56240375216477, 21.159213989706533], [76.56237860742166, 21.15929338760781], [76.56235346267854, 21.159372784628722], [76.56232831793542, 21.159452181607065], [76.5623031731923, 21.159531579380563], [76.56227802934751, 21.159610976273733], [76.56225288460439, 21.159690373962064], [76.56222774075957, 21.15976977077006], [76.56220259601646, 21.159849168373217], [76.56217745127334, 21.15992856593378], [76.56215230653022, 21.160007962614017], [76.5621271626854, 21.160087360089406], [76.56210201794232, 21.160166756684482], [76.5620768731992, 21.160246154074695], [76.56205172935437, 21.160325550584595], [76.56198896137055, 21.16038394059416], [76.56192619248836, 21.160442330580683], [76.56186342450454, 21.160500719706473], [76.56180065562235, 21.160559109646915], [76.56173788763851, 21.16061749956436], [76.56167511965467, 21.160675889458762], [76.5616123516708, 21.16073427933015], [76.56154958368698, 21.16079266917846], [76.5614868148048, 21.160851059003754], [76.56142404682097, 21.160909448806034], [76.56136127883713, 21.16096783774753], [76.56129850995497, 21.161026227503733], [76.56123574197112, 21.16108461723692], [76.56117297308896, 21.161143006947068], [76.5611102051051, 21.161201395796414], [76.56104743622295, 21.161259785460494], [76.56098466734076, 21.161318175101496], [76.56092189935693, 21.161376563881774], [76.56085913047478, 21.16143495347672], [76.56079636249092, 21.161493342210935], [76.56071272664302, 21.161523834226593], [76.56062909079513, 21.161554326236], [76.56054545584553, 21.161584818239124], [76.56046181999763, 21.161615310235977], [76.56037818414973, 21.16164580222651], [76.56029454830184, 21.161676294210793], [76.56021091245394, 21.16170678618879], [76.56012727660604, 21.161737278160505], [76.56004364165648, 21.161767769288186], [76.55996000580858, 21.161798261247355], [76.55987636996068, 21.161828753200204], [76.55979273411278, 21.16185924514679], [76.55970909826488, 21.161889737087094], [76.55962546241697, 21.161920229021124], [76.55954182746738, 21.161950720111122], [76.55945819161948, 21.161981212032558], [76.55937455577158, 21.162011703947748], [76.55929091992368, 21.16204219585664], [76.55921159509087, 21.16207723247468], [76.559132270258, 21.162112269084417], [76.55905294542517, 21.16214730568588], [76.55897362059231, 21.162182342279014], [76.55889429486116, 21.16221737886389], [76.5588149700283, 21.162252414602726], [76.55873564519543, 21.16228745117101], [76.55865632036262, 21.162322487730965], [76.55857699552975, 21.16235752344494], [76.5584976706969, 21.16239255998833], [76.55841834586406, 21.16242759568569], [76.5583390210312, 21.162462632212502], [76.55825969530005, 21.162497668730992], [76.5581803704672, 21.162532705241226], [76.55810104563432, 21.16256774090541], [76.5580217208015, 21.16260277739905], [76.55793815412387, 21.162627754393665], [76.55785458834455, 21.162652731384068], [76.55777102166692, 21.162677709208], [76.5576874549893, 21.162702686189956], [76.55760388831169, 21.16272766400543], [76.5575203225324, 21.162752640978965], [76.55743675585478, 21.162777617948283], [76.55735318917716, 21.16280259575114], [76.55726962339787, 21.162827572712025], [76.55718605672024, 21.162852549668713], [76.55710249004262, 21.16287752745891], [76.557018923365, 21.162902504407164], [76.55693535758567, 21.16292748135118], [76.55685179090806, 21.162952459128718], [76.55676822423044, 21.16297743606435], [76.55668465755282, 21.16300241299573], [76.55660109177353, 21.163027389922902], [76.5565175250959, 21.163052367683573], [76.55643183569929, 21.16305954451655], [76.55634614540432, 21.163066721349235], [76.55626045600769, 21.163073898181537], [76.55617476571273, 21.163081075013473], [76.5560890763161, 21.163088251845075], [76.55600338602115, 21.16309542867631], [76.55591769662448, 21.163102605507213], [76.55583200632957, 21.163109782337813], [76.5557463169329, 21.163116959168004], [76.55566062663797, 21.163124135997865], [76.5555749372413, 21.163131312827367], [76.55548924694638, 21.163138489656543], [76.55540355754972, 21.16314566648535], [76.55531786725479, 21.163152844151554], [76.55523217785813, 21.163160020979685], [76.5551464875632, 21.16316719864519], [76.55506079816654, 21.16317437547261], [76.55497510787161, 21.16318155313743], [76.55488941847496, 21.163188729964162], [76.55480226572271, 21.163193566175092], [76.55471511207219, 21.163198402385834], [76.55462795931996, 21.16320323859646], [76.55454080656772, 21.16320807480692], [76.55445365291716, 21.16321291101723], [76.55436650016492, 21.163217747227332], [76.55427934651439, 21.163222583437335], [76.55419219376216, 21.16322741964716], [76.55410504100992, 21.163232255856833], [76.55401788735935, 21.16323709206633], [76.55393073460712, 21.16324192827567], [76.55384358185488, 21.16324676448487], [76.55375642820432, 21.163251600693908], [76.5536692754521, 21.163256436902763], [76.55358212180155, 21.163261273111484], [76.55349496904932, 21.163266108482304], [76.55340781629708, 21.16327094385297], [76.55332066264653, 21.16327578006123], [76.5532335098943, 21.16328061626931], [76.55314635714205, 21.163285452477254], [76.55305920349153, 21.163290288684994], [76.55297205073929, 21.16329512405491], [76.55288489708873, 21.16329996026233], [76.5527977443365, 21.163304795631927], [76.55270973728642, 21.163320682316247], [76.55262173023635, 21.163336568998883], [76.55253372408461, 21.163352455679828], [76.55244571703453, 21.16336834235907], [76.55235770998446, 21.163384229036556], [76.55226970293438, 21.163400115712385], [76.55218169588431, 21.1634160023865], [76.55209368973257, 21.16343188905892], [76.55200568268249, 21.1634477757296], [76.55191767563241, 21.163463663236346], [76.55182966858234, 21.163479549903627], [76.55174166153226, 21.163495437406937], [76.55165365448224, 21.16351132407082], [76.55156564833045, 21.163527210732976], [76.55147764128037, 21.163543098231184], [76.5513896342303, 21.16355898488993], [76.55130162718027, 21.163574871546984], [76.5512136201302, 21.163590759040066], [76.55112561397841, 21.163606645693722], [76.55103760692835, 21.163622533183407], [76.55094959987831, 21.163638419833614], [76.55089370220975, 21.163699512716995], [76.55083780364286, 21.163760605575156], [76.5507819059743, 21.163821698408093], [76.55072600830576, 21.163882790378107], [76.5506701106372, 21.163943883160623], [76.55061421207034, 21.164004975917898], [76.55055831440178, 21.16406606864996], [76.55050241673322, 21.164127161356806], [76.55044651906466, 21.164188254038397], [76.55039062139612, 21.1642493466948], [76.55033472372756, 21.164310439325998], [76.550278826059, 21.164371531931955], [76.55022292749211, 21.1644326245127], [76.55016702982356, 21.164493717068225], [76.55011113215501, 21.16455480876082], [76.55005523448649, 21.16461590042817], [76.54999933591961, 21.16467699290804], [76.54994343735274, 21.16473808536268], [76.54990747240203, 21.16481309902478], [76.54987150834963, 21.164888111811123], [76.54983554339888, 21.164963125397172], [76.54979957844817, 21.165038138945206], [76.54976361349748, 21.165113151617483], [76.54972764854675, 21.165188165089464], [76.54969168359605, 21.165263178523393], [76.54965571954362, 21.165338191081627], [76.54961975459294, 21.165413204439503], [76.5495837896422, 21.16548821775939], [76.54954782558981, 21.165563230203503], [76.54951186063909, 21.16563824344735], [76.54947589568839, 21.165713256653156], [76.54943993163599, 21.165788268983203], [76.54940396668526, 21.16586328211296], [76.54937958730677, 21.16594244942682], [76.54935520882661, 21.166021615860636], [76.54933082944808, 21.166100783089778], [76.54930645096792, 21.16617994943889], [76.54928207158942, 21.166259116583355], [76.54925769221093, 21.16633828368546], [76.54923331373072, 21.1664174499075], [76.54920893435222, 21.16649661692488], [76.54918455587207, 21.166575783062218], [76.54916017649357, 21.166654949994896], [76.54913579801338, 21.166734116047518], [76.54911141863488, 21.166813282895518], [76.54908704015472, 21.166892449701127], [76.54906266167451, 21.16697161562669], [76.54903828229602, 21.16705078234757], [76.54901390381586, 21.16712994818843], [76.54898952443736, 21.167209114824615], [76.54893421157206, 21.167272879354208], [76.54887889870675, 21.167336643856306], [76.54882358584145, 21.167400408330924], [76.54876827297615, 21.16746417277809], [76.54871296011083, 21.167527936360056], [76.54865764724552, 21.167591700752247], [76.54860233438022, 21.167655465116958], [76.54854702151493, 21.167719229454203], [76.54849170864962, 21.167782993763943], [76.54843639578431, 21.167846758046228], [76.548381082919, 21.16791052230103], [76.5483257700537, 21.167974285690637], [76.54827045718841, 21.16803804989047], [76.5482151443231, 21.168101814062833], [76.54815983145778, 21.168165578207706], [76.54810451859248, 21.168229342325112], [76.5480492057272, 21.168293106415035], [76.54799389286188, 21.16835687047748], [76.54793857999657, 21.168420634512433], [76.54788326713125, 21.16848439851993], [76.54782795426598, 21.168548161662216], [76.54777264140067, 21.16861192561474], [76.54771732853536, 21.168675689539786], [76.54766201567004, 21.168739453437365], [76.54761539849672, 21.168808555115668], [76.54756878132333, 21.16887765676166], [76.54752216415, 21.168946758375437], [76.54747554697666, 21.16901585995689], [76.54742892980327, 21.169084961506105], [76.54738231352826, 21.169154063023054], [76.54733569635488, 21.169223164507677], [76.54728907918155, 21.169292265960074], [76.5472424629065, 21.16936136738017], [76.54719584573317, 21.169430468768002], [76.54714922855977, 21.169499570123545], [76.54710261138645, 21.16956867144685], [76.54705599511139, 21.16963777273784], [76.54700937793807, 21.169706873996592], [76.54696276076467, 21.169775975223033], [76.54691614448967, 21.169845076417243], [76.54686952731629, 21.169914177579155], [76.54682291014295, 21.16998327870879], [76.54677629386791, 21.17005237980616], [76.54672967669455, 21.170121480871217], [76.54668305952119, 21.17019058190405], [76.54662304128044, 21.170252516473084], [76.54656302303968, 21.170314451853848], [76.5465030047989, 21.170376386371], [76.54644298655816, 21.170438321699947], [76.54638296831739, 21.17050025616523], [76.54632295007661, 21.1705621906046], [76.54626293183587, 21.17062412501807], [76.54620291359508, 21.170686059405583], [76.54614289535434, 21.170747994604874], [76.54608287711358, 21.170809928940546], [76.5460228588728, 21.170871864087957], [76.54596284063206, 21.170933798371774], [76.54590282239128, 21.170995733467354], [76.54584280415051, 21.1710576676993], [76.54578278590976, 21.171119601905296], [76.54572276766899, 21.1711815360854], [76.54566274942825, 21.171243470239563], [76.54560273118747, 21.171305405205505], [76.5455427129467, 21.17136733930781], [76.54548269470595, 21.17142927422186], [76.54542267646518, 21.17149120827231], [76.5453626582244, 21.171553142296833], [76.54530263998366, 21.171615077133126], [76.54524262174289, 21.171677011105782], [76.54518260350216, 21.17173894589019], [76.54512258526137, 21.171800879811002], [76.54506256791893, 21.17186281454353], [76.54500254967816, 21.171924748412486], [76.54494253143741, 21.17198668225549], [76.54488251319663, 21.17204861691027], [76.54482249495587, 21.17211055070143], [76.54476247671512, 21.17217248530432], [76.54470245847435, 21.172234419881317], [76.54464244023357, 21.172296354432337], [76.54458242289112, 21.172358288119785], [76.54452240465038, 21.17242022178128], [76.54446238730795, 21.172482156254542], [76.54440236906716, 21.172544089864168], [76.5443423508264, 21.172606024285574], [76.54428233258565, 21.17266795868103], [76.54422231434488, 21.17272989305058], [76.54416229700243, 21.172791826556494], [76.5441084564759, 21.172856646662925], [76.544054615051, 21.172921466740934], [76.54400077362612, 21.172986286790557], [76.54394693220127, 21.173051106811762], [76.54389309167473, 21.17311592680457], [76.54383925024986, 21.173180747606665], [76.54378540972328, 21.173245566704985], [76.54373156829843, 21.173310387450265], [76.54367772777188, 21.17337520732945], [76.54362388724532, 21.173440027180238], [76.54357004582045, 21.173504847840317], [76.54351620529388, 21.173569666796592], [76.54346236386901, 21.173634487399852], [76.54340852334249, 21.17369930713702], [76.54335468191762, 21.173764127683462], [76.54330084139104, 21.173828946526143], [76.54324699996619, 21.173893767015777], [76.54319315943964, 21.173958586639323], [76.54313931891308, 21.174023406234475], [76.5430854774882, 21.174088226638858], [76.54303163696164, 21.174153045339533], [76.54297779553677, 21.174217865687154], [76.54292395501024, 21.174282684330986], [76.54287011358537, 21.174347504621785], [76.5428162730588, 21.174412324046497], [76.54276243163393, 21.17447714428044], [76.5427085911074, 21.174541962810704], [76.54265475058082, 21.17460678215019], [76.54260090915596, 21.174671602298957], [76.54254706862939, 21.17473642158164], [76.54249322720453, 21.174801241673563], [76.542439386678, 21.17486606006178], [76.54238554615142, 21.17493088009692], [76.54233170472656, 21.174995700103633], [76.54227786420002, 21.175060519244266], [76.54222402367346, 21.175125338356533], [76.54219062161624, 21.175201684497157], [76.54215721955903, 21.175278029760754], [76.54212381750183, 21.17535437582258], [76.54209041544462, 21.175430721845004], [76.5420570133874, 21.17550706699037], [76.54202361133021, 21.175583412933968], [76.541990209273, 21.17565975883816], [76.5419568072158, 21.175736103865276], [76.54192340515857, 21.175812449690646], [76.54189000310137, 21.175888794638972], [76.54185660104417, 21.17596514038553], [76.54182319898696, 21.176041486092682], [76.54178979692972, 21.17611783092278], [76.54175639487251, 21.17619417655111], [76.5417229928153, 21.176270522140037], [76.5416895907581, 21.17634686685187], [76.54165618870088, 21.176423212361982], [76.54162278664367, 21.176499557832667], [76.54158938458647, 21.17657590242631], [76.54155598252926, 21.176652247818183], [76.54152258047205, 21.176728593170644], [76.54148917841485, 21.176804937646057], [76.54145577635764, 21.1768812829197], [76.54142237430042, 21.176957627316277], [76.54138897224321, 21.177033972511097], [76.54135557018601, 21.1771103176665], [76.5413221690271, 21.177186661944877], [76.5412887669699, 21.177263007021466], [76.54125536491269, 21.17733935205863], [76.54122196285547, 21.177415696218763], [76.54118856079828, 21.17749204117713], [76.54115521174165, 21.177569537024176], [76.54112186178675, 21.17764703366831], [76.54108851273013, 21.177724529434126], [76.54105516277522, 21.177802025997057], [76.54102181371861, 21.177879521681657], [76.54098846466201, 21.177957017325696], [76.54095511470709, 21.178034513766747], [76.54092176565048, 21.178112009329556], [76.54088841569555, 21.1781895056894], [76.54085506663893, 21.17826700117099], [76.54082171668402, 21.178344497449586], [76.5407883667291, 21.17842199284996], [76.5407550176725, 21.178499488209724], [76.54072166771755, 21.178576984366508], [76.54068831866097, 21.17865447964505], [76.54065496870604, 21.178731974882986], [76.54062161875112, 21.17880947091793], [76.54058826969451, 21.178886966074632], [76.54055491973959, 21.178964462028357], [76.54052157068298, 21.179041957103856], [76.54048822072805, 21.179119452138693], [76.54045487077312, 21.179196947970613], [76.54042152171652, 21.179274442924232], [76.5403881717616, 21.179351938674923], [76.540354822705, 21.179429433547323], [76.5403351693632, 21.179508206612997], [76.5403155160214, 21.179586979636664], [76.54029586267964, 21.179665752618387], [76.54027620843954, 21.17974452555816], [76.54025655509774, 21.179823298455954], [76.54023690085765, 21.179902071311776], [76.54021724751584, 21.179980844125666], [76.54019759327575, 21.180059616897573], [76.54017793993395, 21.180138389627494], [76.54015828569385, 21.180217162315458], [76.54013863235208, 21.180295934961503], [76.54011897811196, 21.18037470756555], [76.5400993247702, 21.180453480127632], [76.5400796714284, 21.18053225181012], [76.54006001718831, 21.18061102428831], [76.54004036384651, 21.1806897967245], [76.54002070960641, 21.180768569118722], [76.54000105626461, 21.180847341470976], [76.53998140202452, 21.180926113781293], [76.53996174868276, 21.181004886049614], [76.53994209444262, 21.18108365827598], [76.53992244110087, 21.181162430460425], [76.53990278686076, 21.181241202602838], [76.53988313351897, 21.181319974703303], [76.53986347927888, 21.181398746761847], [76.53984382593707, 21.181477518778383], [76.53983122796355, 21.181557999508446], [76.53981862998998, 21.18163847935709], [76.53980603201646, 21.181718959999547], [76.53979343404289, 21.181799440598216], [76.53978083606937, 21.18187992031546], [76.5397682380958, 21.181960400826483], [76.53975564012228, 21.182040880456114], [76.53974304214871, 21.18212136087952], [76.53973044417519, 21.182201841259136], [76.53971784620163, 21.18228232075733], [76.5397052482281, 21.18236280104937], [76.53969265025455, 21.18244328129755], [76.539680052281, 21.18252376066434], [76.53966745430746, 21.182604240824904], [76.53965485633393, 21.18268472094167], [76.53964225746206, 21.182765200177023], [76.5396296594885, 21.18284568020618], [76.53961706061665, 21.18292616019155], [76.53960446264313, 21.18300663929548], [76.53959186466956, 21.183087119193207], [76.53957926669602, 21.183167598209522], [76.53956666782416, 21.183248078019627], [76.53955406985061, 21.18332855778592], [76.53954147187709, 21.183409036670813], [76.53952887300522, 21.183489516349525], [76.53953082684095, 21.18357179769173], [76.5395327806767, 21.18365407815058], [76.53953473451244, 21.183736359401237], [76.53953668834816, 21.18381864060609], [76.53953864218393, 21.18390092092754], [76.53954059691797, 21.18398320204081], [76.53954255075374, 21.18406548310829], [76.53954450458947, 21.18414776329235], [76.53954645842519, 21.184230044268247], [76.53954841226096, 21.184312325198338], [76.53955036609672, 21.184394605245053], [76.53955231993244, 21.184476886083534], [76.53955427376818, 21.18455916687624], [76.53955622760394, 21.18464144678558], [76.53955818143966, 21.1847237274867], [76.53956013617375, 21.18480600814203], [76.53956209000947, 21.184888287913942], [76.53956404474354, 21.184970568477677], [76.53956599857926, 21.18505284899562], [76.53956795241501, 21.185135128630158], [76.53956990714906, 21.185217409056506], [76.53957186188312, 21.18529968943705], [76.53957381571887, 21.185381968934202], [76.53957577045293, 21.18546424922316], [76.53957772428868, 21.18554652946633], [76.53957967812444, 21.185628808826106], [76.53958163196015, 21.185711088977687], [76.53958358669423, 21.18579336908346], [76.53958554052996, 21.185875648305824], [76.539587495264, 21.185957928320008], [76.53958944909976, 21.18604020828839], [76.53959140293551, 21.186122487373368], [76.53959335766956, 21.18620476725015], [76.5395948937887, 21.18628545564407], [76.53959642990785, 21.18636614399399], [76.53959796602697, 21.186446832299836], [76.53959950214612, 21.186527521399245], [76.53960103826525, 21.18660820961699], [76.53960257438439, 21.186688897790702], [76.53960411050352, 21.186769585920388], [76.53960564662266, 21.186850274005998], [76.53960718274179, 21.186930962047594], [76.53960871886093, 21.187011650882724], [76.53961025498006, 21.1870923388362], [76.5396117910992, 21.187173026745675], [76.53961332721835, 21.187253714611067], [76.53961486333748, 21.187334402432413], [76.5396164003549, 21.187415090209715], [76.53961793737238, 21.18749577878058], [76.53961947349151, 21.18757646646983], [76.53962101050895, 21.187657154115], [76.53962254662808, 21.187737841716125], [76.53956650433076, 21.187714027348953], [76.53948349730356, 21.187683567534773], [76.53940049027638, 21.187653108551963], [76.53931748324916, 21.187622648725224], [76.53923447622198, 21.187592189729855], [76.53915146919479, 21.18756172989056], [76.53906846216758, 21.187531270045046], [76.53898545514039, 21.187500811030812], [76.5389024481132, 21.187470351172728], [76.53881944018767, 21.18743989130837], [76.5387364340588, 21.187409432275306], [76.5386534270316, 21.187378972398392], [76.53857042000438, 21.187348512515168], [76.53848741297718, 21.18731805262571], [76.53840440594999, 21.187287592729966], [76.53832139892279, 21.187257132827913], [76.53823839189559, 21.187226672919614], [76.53817278703207, 21.18720259881618], [76.53809321246757, 21.187175442365074], [76.53801363880139, 21.187148285909018], [76.53793406423691, 21.187121128610343], [76.53785448967241, 21.18709397214427], [76.53777491600623, 21.187066815673226], [76.5376953414417, 21.187039658359605], [76.53761576777556, 21.187012501878563], [76.53753619321104, 21.186985345392557], [76.53745661864654, 21.186958188063958], [76.53737704498036, 21.18693103156794], [76.53729747041588, 21.186903875066974], [76.53721789585138, 21.18687671856101], [76.53713832218519, 21.18684956205003], [76.53705874762068, 21.1868224055341], [76.53697750668134, 21.18679314832346], [76.5368962666403, 21.186763891944633], [76.53681502570096, 21.186734634722413], [76.53673378565993, 21.186705378332007], [76.53665254472057, 21.186676121098213], [76.53657130378123, 21.186646863858613], [76.53649006374019, 21.18661760745084], [76.53640882280085, 21.186588350199667], [76.53632758186147, 21.1865590929427], [76.53624634182044, 21.18652983567995], [76.5361651008811, 21.186500578411408], [76.53608386084007, 21.18647132197467], [76.53600261990073, 21.18644206469454], [76.53592546719422, 21.186405885500825], [76.53584831358941, 21.18636970546064], [76.53577116088293, 21.18633352624918], [76.53569400817642, 21.186297346191285], [76.53561685457161, 21.186261166124496], [76.53553970186513, 21.18622498688651], [76.53546254915865, 21.18618880763963], [76.53538539555385, 21.186152627546306], [76.53530824284734, 21.18611644828172], [76.5352362707251, 21.186069110505773], [76.53516429950116, 21.18602177271466], [76.5350923273789, 21.1859744349084], [76.53502035615499, 21.18592709792455], [76.53494838403273, 21.18587976008797], [76.5348764119105, 21.185832422236228], [76.53480444068653, 21.185785084369318], [76.53473246856431, 21.18573774648726], [76.53466049644207, 21.185690408590045], [76.53458852521813, 21.18564307151526], [76.53451655309587, 21.185595733587714], [76.53444458187194, 21.185548395645007], [76.5343726097497, 21.18550105768716], [76.53429973931215, 21.185452561308946], [76.5342268679763, 21.185404064914827], [76.53415399753878, 21.185355569342402], [76.53408112710123, 21.185307072916505], [76.53400825666372, 21.185258576474652], [76.53393538532788, 21.185210080016887], [76.53386251489033, 21.185161583543216], [76.53378964445281, 21.185113087053672], [76.53371677401526, 21.185064591385803], [76.53364390267942, 21.185016094864412], [76.5335710322419, 21.184967598327095], [76.53349816180436, 21.18491910177392], [76.53342529046851, 21.1848706052048], [76.53335242003097, 21.18482210861975], [76.53327954959344, 21.184773612856436], [76.53320667915591, 21.18472511623958], [76.53313380782005, 21.184676619606854], [76.53306093738254, 21.18462812295818], [76.53299490132767, 21.184578726702487], [76.53292886527285, 21.184529330430294], [76.53286282921799, 21.18447993414159], [76.53279679406145, 21.184430537836366], [76.5327307580066, 21.18438114151467], [76.53266472195175, 21.184331745176436], [76.53259868589689, 21.184282348821714], [76.53253264984205, 21.184232952450504], [76.5324666137872, 21.184183556062766], [76.53240057863066, 21.184134159658516], [76.5323345425758, 21.184084763237806], [76.53226850652096, 21.18403536680054], [76.5322024704661, 21.18398597034679], [76.53213647842868, 21.183930984493145], [76.53207048639129, 21.183875998619015], [76.53200449435387, 21.183821012724483], [76.5319385023165, 21.183766026809455], [76.5318725102791, 21.18371104087402], [76.5318065182417, 21.183656054918085], [76.53174052620429, 21.183601068941748], [76.53167453416688, 21.183546082944954], [76.53160854212948, 21.183491096927675], [76.53154255009207, 21.18343611088998], [76.53147655805469, 21.1833811248318], [76.53141056601729, 21.183326138753202], [76.5313445739799, 21.183271152654132], [76.53127858194247, 21.18321616653463], [76.53121258990507, 21.18316118039465], [76.53114659786766, 21.183106194234256], [76.53108060583025, 21.18305120805337], [76.53101461379285, 21.18299622185208], [76.53094862175548, 21.18294123563033], [76.530889102978, 21.18288428433693], [76.53082958509886, 21.182827333859226], [76.53077006632137, 21.18277038335959], [76.53071054844224, 21.182713432838003], [76.53065102966475, 21.182656480619265], [76.53059151178563, 21.182599530053842], [76.53053199390648, 21.182542579466446], [76.53047247602731, 21.18248562885712], [76.53041295724987, 21.182428677388227], [76.53035343937071, 21.182371725897415], [76.53029392149155, 21.182314775222288], [76.53023440271409, 21.182257823687607], [76.53017488483493, 21.1822008729686], [76.5301153669558, 21.18214392139002], [76.53005584907665, 21.182086969789527], [76.5299963311975, 21.18203001816708], [76.52994024667937, 21.181976351679637], [76.52988416126293, 21.18192268433509], [76.52982807674476, 21.18186901780867], [76.52977199132832, 21.18181535042516], [76.52972075322114, 21.181834599018398], [76.52963760515847, 21.18186575777807], [76.52955445709576, 21.181896916531166], [76.52947130993138, 21.18192807527772], [76.52938816186868, 21.181959234017697], [76.52930501380597, 21.181990392751125], [76.52922186574331, 21.182021551477934], [76.52913871857889, 21.182052709360626], [76.52905557051622, 21.182083868074308], [76.52897242245352, 21.182115026781464], [76.52888927439079, 21.182146185482054], [76.52880612632809, 21.18217734417608], [76.52872297916372, 21.182208502025883], [76.528639831101, 21.18223966070678], [76.52855668303835, 21.1822708193811], [76.52847469739561, 21.182301767805946], [76.52839271085458, 21.18233271622434], [76.52831072521185, 21.182363664636274], [76.52822873867082, 21.18239461304172], [76.5281467530281, 21.182425561440674], [76.52806476648708, 21.182456509833155], [76.52798278084434, 21.182487458219132], [76.52790079430332, 21.182518406598664], [76.52781880866058, 21.182549354971716], [76.52773682301785, 21.18258030333828], [76.52765483647683, 21.182611251698383], [76.5275728508341, 21.182642200051973], [76.52749086429307, 21.18267314839911], [76.52740887865035, 21.182704096739773], [76.52732689210931, 21.18273504507396], [76.52724490646658, 21.18276599340166], [76.52716291992557, 21.182796941722884], [76.52708093428282, 21.182827890037593], [76.5269989477418, 21.182858838345865], [76.52691696209908, 21.18288978664766], [76.52683497645637, 21.182920734942982], [76.52675298991532, 21.182951683231817], [76.52667100427261, 21.18298263151417], [76.52658901773157, 21.183013579790014], [76.52650703208887, 21.18304452805941], [76.5264250455478, 21.18307547715997], [76.52634305990512, 21.183106425416373], [76.52626107336405, 21.18313737366634], [76.52617908772136, 21.18316832190983], [76.52610117504014, 21.18319954572247], [76.52602326235892, 21.183230770366134], [76.52594534967768, 21.18326199416562], [76.52586743699646, 21.183293218796106], [76.52578952431524, 21.18332444258237], [76.52571161163402, 21.183355667199663], [76.52563369805446, 21.18338689181037], [76.52555578537324, 21.18341811557684], [76.52547787269202, 21.18344933933672], [76.5253999600108, 21.18348056392764], [76.52532204732958, 21.183511787674362], [76.52524413464835, 21.183543012252052], [76.52516622196713, 21.183574235985596], [76.5250840368984, 21.183607878740688], [76.52500185093139, 21.1836415223257], [76.52491966586268, 21.18367516506549], [76.52483748079396, 21.18370880779762], [76.52475529572523, 21.18374245052208], [76.52467310975823, 21.18377609407652], [76.5245909246895, 21.183809736785673], [76.52450873962079, 21.18384337948718], [76.52442655365377, 21.183877023018646], [76.52434436858505, 21.183910665704822], [76.52426218351633, 21.183944308383367], [76.52417999844761, 21.18397795105425], [76.52409781248059, 21.184011594555056], [76.52401562741188, 21.184045237210622], [76.52393344234316, 21.184078879858543], [76.52385125637615, 21.18411252333641], [76.52376907130743, 21.184146165969015], [76.5236868862387, 21.18417980859396], [76.52360470027169, 21.184213452048823], [76.52352251520297, 21.184247094658463], [76.52344033013426, 21.184280737260433], [76.52335814506554, 21.18431437985478], [76.52327595909853, 21.184348023279036], [76.5231937740298, 21.18438166585804], [76.52311329037022, 21.184414925642074], [76.523032807609, 21.184448185418574], [76.52295232394943, 21.184481445187632], [76.52287184028988, 21.184514704949212], [76.52279135752862, 21.18454796386568], [76.52271087386904, 21.184581223612284], [76.52263039020949, 21.184614483351393], [76.52254990744822, 21.184647743083037], [76.52246942378865, 21.1846810028072], [76.5223889401291, 21.18471426252384], [76.52230845646952, 21.184747522233042], [76.52222797370827, 21.184780781934762], [76.52214749004872, 21.184814041628965], [76.52206700638914, 21.18484730131571], [76.52198652362789, 21.184880560157346], [76.52190603996834, 21.18491381982913], [76.52186233782808, 21.184930019132672], [76.52178189908427, 21.184959619292897], [76.52170145944216, 21.184989220284773], [76.52162102069836, 21.18501882043314], [76.52154058105624, 21.185048421413207], [76.52146014231243, 21.185078021549728], [76.52137970356864, 21.185107621680324], [76.52129926392652, 21.185137222642556], [76.52121882518273, 21.185166822761303], [76.52113838554061, 21.18519642371173], [76.5210579467968, 21.18522602381861], [76.52097750805302, 21.18525562391956], [76.52089706841089, 21.185285224852176], [76.5208166296671, 21.185314824941283], [76.52073619002496, 21.18534442502446], [76.52065575128118, 21.18537402510171], [76.52057531163905, 21.18540362601061], [76.52049487289526, 21.185433226076], [76.52041443415143, 21.185462826135478], [76.52033399450934, 21.18549242702663], [76.52025355576555, 21.18552202707424], [76.52017311612342, 21.185551627953522], [76.52009267737964, 21.18558122798927], [76.5200860289482, 21.185584018880597], [76.52000774975433, 21.185616810174462], [76.51992946966216, 21.18564960146106], [76.5198511904683, 21.18568239274033], [76.51977291127446, 21.18571518401236], [76.51969463208059, 21.18574797527714], [76.51961635198842, 21.185780767372208], [76.51953807279455, 21.185813558622435], [76.5194597936007, 21.185846349865358], [76.51938151350853, 21.185879141101015], [76.51930323431466, 21.18591193232941], [76.51922495512082, 21.185944723550502], [76.51914667502862, 21.185977515601973], [76.5190683958348, 21.18601030680851], [76.51899011664091, 21.186043098007808], [76.51891183744708, 21.18607588919984], [76.51883355735487, 21.18610868038456], [76.51875527816102, 21.18614147156204], [76.51867699896715, 21.186174262732255], [76.51859871887498, 21.18620705473276], [76.51852043968115, 21.18623984588842], [76.51844188650114, 21.186270125916394], [76.51836333332112, 21.18630040510054], [76.51828478014109, 21.186330685116104], [76.51820622696108, 21.186360964287886], [76.51812767378105, 21.18639124429105], [76.51804912060103, 21.1864215234504], [76.51797056831931, 21.186451802603564], [76.51789201513928, 21.18648208258809], [76.51781346195926, 21.186512362566432], [76.51773490877925, 21.186542641701], [76.51765635559923, 21.18657292166695], [76.51757780241921, 21.186603200789072], [76.51749924923918, 21.186633480742607], [76.51742069605916, 21.18666375985238], [76.51739751144001, 21.18667215005437], [76.5173168023033, 21.18670133525569], [76.51723609226826, 21.18673052128883], [76.51715538313158, 21.18675970647862], [76.5170746739949, 21.186788891662655], [76.51699396395988, 21.186818077678552], [76.51691325482315, 21.186847262851032], [76.51683254478814, 21.186876448017774], [76.51675183565146, 21.186905633178764], [76.51667112651474, 21.18693481833399], [76.51659041647972, 21.186964004321048], [76.51650970734303, 21.18699318946471], [76.51642899820635, 21.18702237460265], [76.51634828817133, 21.18705156057243], [76.5162675790346, 21.187080745698843], [76.5161868689996, 21.18710993165707], [76.5161061598629, 21.187139116771956], [76.51602545072618, 21.187168301881076], [76.51594474069117, 21.18719748782202], [76.51586403155447, 21.187226672919614], [76.51578265227455, 21.187256100913398], [76.51570127299466, 21.18728552806376], [76.51561989371477, 21.187314955208223], [76.51553851353655, 21.18734438318445], [76.51545713425664, 21.18737381115481], [76.51537575497674, 21.18740323828169], [76.5153580033684, 21.187410280756104], [76.51528107703736, 21.187441023732614], [76.51520414980803, 21.18747176670276], [76.51512722347697, 21.18750250966651], [76.51505029714593, 21.187533252623847], [76.51497336991656, 21.187563996412415], [76.51489644358551, 21.187594739356964], [76.51481951725451, 21.187625482295143], [76.51474259002512, 21.1876562260645], [76.51466566369409, 21.18768696898989], [76.51458873646475, 21.18771771190888], [76.5145118101337, 21.187748454821463], [76.51443488380266, 21.187779197727668], [76.51435795657328, 21.187809941465055], [76.51428103024229, 21.187840684358463], [76.51421061849365, 21.187881294886665], [76.51414020674505, 21.187921904566142], [76.51406979409813, 21.187962515072027], [76.51399938234954, 21.18800312472919], [76.51392897060094, 21.188043735212748], [76.51386401252444, 21.188097307362952], [76.51379905444793, 21.188150880331296], [76.51373409637141, 21.188204452442633], [76.5136691382949, 21.188258024534594], [76.51360418021838, 21.188311597444695], [76.5135392221419, 21.188365169497818], [76.51347426406538, 21.188418741531486], [76.51340930598887, 21.188472314383333], [76.51334434791235, 21.188525886378198], [76.51327938983584, 21.188579458353626], [76.51321443175932, 21.18863303114724], [76.51314947368282, 21.188686603083827], [76.5130845156063, 21.188740175001023], [76.51301955752983, 21.188793747736387], [76.51295459945331, 21.188847319614702], [76.51288775311806, 21.188887275713476], [76.51282090678282, 21.18892723180142], [76.51275406044758, 21.18896718787856], [76.51268721411236, 21.18900714394493], [76.51262036867544, 21.189047100000458], [76.5125535223402, 21.18908705688279], [76.51248667600494, 21.189127012916728], [76.51242078008731, 21.189158584742543], [76.51235488506795, 21.18919015656163], [76.51228898915026, 21.18922172921154], [76.51226617104372, 21.18922736529948], [76.51218587064048, 21.18924696387432], [76.51210557113558, 21.18926656244657], [76.5120252707323, 21.18928616101625], [76.51194497122738, 21.189305758745725], [76.51186467082415, 21.189325357310175], [76.51178427340281, 21.18934286861989], [76.51170387508323, 21.189360379927518], [76.51162347766193, 21.189377891233082], [76.51154308024064, 21.189395402536565], [76.51146268192102, 21.189412913837984], [76.51138228449972, 21.189430425137317], [76.51130188707842, 21.18944793643454], [76.51122148875879, 21.18946544856732], [76.5111410913375, 21.18948295986044], [76.51106874641442, 21.189500073300845], [76.51099640149131, 21.189517186739273], [76.5109240556699, 21.189534300175744], [76.51085171074682, 21.189551413610232], [76.51077936582374, 21.189568527042695], [76.51073800020154, 21.189585328893557], [76.51066336547278, 21.189615807580132], [76.51058873164233, 21.18964628626041], [76.51051409691358, 21.18967676493439], [76.51044979820051, 21.189712852868993], [76.51038550038572, 21.1897489399572], [76.51032120167262, 21.189785027874173], [76.51025690295954, 21.18982111494476], [76.51019260514475, 21.18985720200653], [76.51012830643168, 21.18989328989708], [76.51005956105794, 21.189930531961036], [76.50999081478585, 21.189967774015564], [76.50992206941211, 21.19000501522315], [76.50985332314005, 21.190042257258956], [76.5097882033668, 21.190070425813936], [76.50972308269519, 21.190098594363548], [76.50965796292193, 21.190126762070207], [76.50959284225038, 21.190154930609083], [76.50951835664196, 21.1901950346053], [76.50944387013523, 21.19023513942827], [76.50936938452683, 21.19027524340276], [76.5092948980201, 21.19031534736637], [76.50922041241168, 21.190355451319103], [76.50914592590495, 21.19039555609851], [76.50907144029651, 21.190435660029465], [76.5089969537898, 21.19047576478711], [76.5089224681814, 21.190515868696306], [76.50886457176132, 21.190564038434456], [76.5088066762396, 21.190612208156917], [76.50874877981954, 21.190660378701274], [76.50869734048973, 21.190726614849222], [76.50864590115991, 21.190792850129935], [76.50859446093182, 21.190859086218545], [76.50855905742814, 21.19092382302327], [76.50852365392447, 21.190988559799653], [76.50848825042083, 21.191053296547675], [76.50846509993762, 21.191126460069604], [76.50844194945442, 21.19119962439292], [76.50841879897126, 21.19127278784241], [76.50839564848806, 21.191345952093272], [76.5083724989032, 21.19141911547032], [76.50835023056563, 21.191495914697935], [76.50832796222804, 21.19157271472318], [76.50830569389046, 21.19164951387097], [76.50828342555288, 21.191726313816385], [76.50826115721533, 21.191803112884358], [76.50823888977604, 21.19187991191237], [76.50821662143845, 21.191956711738094], [76.50819435310092, 21.192033510686286], [76.50817208566163, 21.19211030959461], [76.50814981732404, 21.192187109300566], [76.50812754898645, 21.192263908129053], [76.5081052806489, 21.19234070775518], [76.50808301320963, 21.192417506503837], [76.508060066644, 21.19249205132981], [76.50803712007841, 21.192566596118183], [76.50801417351279, 21.19264114003139], [76.50799122694715, 21.192715684744535], [76.50794056466009, 21.192783395754923], [76.50788990327132, 21.192851105896725], [76.50786192883507, 21.192875586972356], [76.50781767333261, 21.19291431244263], [76.50777687724228, 21.19292431626955], [76.50772590862967, 21.19293684450393], [76.50765839215126, 21.192936793412734], [76.5075908756728, 21.19293674232154], [76.50750416579001, 21.192927639710906], [76.50746560830139, 21.192905023892113], [76.50742704991444, 21.192882407232293], [76.50739568164303, 21.19284394391031], [76.50736431247333, 21.192805479740773], [76.50734017204668, 21.19275347051243], [76.50731603072173, 21.19270146042816], [76.5073015525743, 21.192619005767217], [76.50728707352856, 21.19253655022271], [76.5072725944828, 21.19245409546973], [76.50725811543705, 21.19237163983318], [76.50725093340637, 21.192302722541463], [76.50724375047733, 21.192233805217622], [76.50723656844664, 21.19216488702404], [76.50722938641596, 21.19209596963593], [76.50722457683592, 21.192026677823684], [76.50721976815419, 21.191957386816522], [76.50721495947249, 21.19188809493932], [76.50721014989246, 21.19180496725809], [76.50720534121074, 21.191721839530068], [76.50720053163072, 21.19163871091778], [76.50719572294898, 21.19155558309625], [76.50719091336896, 21.19147245522798], [76.50719413921914, 21.19139865699966], [76.50719736596764, 21.191324857896927], [76.50720059271616, 21.191251059594894], [76.50720140479316, 21.191179505945577], [76.50720221687021, 21.19110795142402], [76.50720302894722, 21.191036397705428], [76.50720384102422, 21.19096484311459], [76.50720465310123, 21.190893289326674], [76.50720546517823, 21.19082173466655], [76.5071994671271, 21.19074605743666], [76.50719346997425, 21.190670380168033], [76.50718747192312, 21.190594702860626], [76.50718147387195, 21.190519025514483], [76.50718050638638, 21.190449442324407], [76.50717953979914, 21.19037985993909], [76.5071785723136, 21.190310276683498], [76.50717760572635, 21.19024069423266], [76.50717663824078, 21.190171110911507], [76.5071682345013, 21.190095976098288], [76.50715983076182, 21.19002084124685], [76.50715142702235, 21.189945706357218], [76.50714302328286, 21.189870571429395], [76.50713461954338, 21.1897954356258], [76.5071262158039, 21.18972030062158], [76.50711781206438, 21.189645165579154], [76.50710940832491, 21.18957003049855], [76.50708849913838, 21.189502235933006], [76.5070675890535, 21.189434441336395], [76.50704667986696, 21.18936664670865], [76.50702576978209, 21.189298851212246], [76.50700485969722, 21.189231056522342], [76.50698395051064, 21.189163261801344], [76.50695806286079, 21.189099324116732], [76.50693217521093, 21.189035386404473], [76.50690500297023, 21.18896827422405], [76.5068778298312, 21.188901162013153], [76.50683932085158, 21.188826592761153], [76.50680081187201, 21.18875202347152], [76.50676221216257, 21.18870378948632], [76.50672361335141, 21.188655555485433], [76.50668501364197, 21.188607321468755], [76.50662478070386, 21.18855083721827], [76.50656454776573, 21.18849435294617], [76.5065042537422, 21.188451351277877], [76.50644395882036, 21.18840834875948], [76.506366815097, 21.188369833180285], [76.50628967047534, 21.188331316753498], [76.50621893353659, 21.188307153208147], [76.50614819659788, 21.18828299049646], [76.50607745965914, 21.188258826943212], [76.50600670834734, 21.188237701315494], [76.50593595703558, 21.188216574847218], [76.50586520572382, 21.18819544921348], [76.50578805301731, 21.188175815320502], [76.5057108994125, 21.18815618058733], [76.50563374670602, 21.188136546689147], [76.5055565931012, 21.18811691195076], [76.5054794403947, 21.18809727804736], [76.50540228678993, 21.188077643303757], [76.50531759991313, 21.188055551910697], [76.50523291303635, 21.18803345967679], [76.50514822615955, 21.188011368277127], [76.50506353928279, 21.187989276036618], [76.50497885240603, 21.18796718463034], [76.50489416552922, 21.187945093220808], [76.50480947865245, 21.187923000970386], [76.50472479177569, 21.18790090955421], [76.50464010489888, 21.187878818134767], [76.50455541802212, 21.187856725874408], [76.50447073114533, 21.18783463444836], [76.50438604426854, 21.187812543019007], [76.50430135739177, 21.187790451586356], [76.50421667051499, 21.187768360150397], [76.5041319836382, 21.18774626871112], [76.50404729676143, 21.18772417726856], [76.50396979910188, 21.187702224862726], [76.5038923014423, 21.18768027161599], [76.50381480378275, 21.187658319203628], [76.50373730612317, 21.187636365950407], [76.50365980936195, 21.187614413531506], [76.50358231170237, 21.187592461109325], [76.50350481404281, 21.18757050784633], [76.50342731638325, 21.187548555417674], [76.50334981872369, 21.187526602985706], [76.50327232106413, 21.18750465055051], [76.50318995273909, 21.18748131859857], [76.50310758441407, 21.18745798580534], [76.50302521608904, 21.187434653846037], [76.50294284776402, 21.187411321883047], [76.50286292824646, 21.187402229820773], [76.50278300872888, 21.187393136920374], [76.5027030892113, 21.18738404485702], [76.50262316969372, 21.187374952793082], [76.50254325017619, 21.187365860728598], [76.50246333065863, 21.187356768663538], [76.50238341114105, 21.187347676597945], [76.50230915460301, 21.18734579955327], [76.50223489896334, 21.187343923346187], [76.50216064242531, 21.18734204713908], [76.5020863867856, 21.187340170931936], [76.50201213024759, 21.18733829472478], [76.50196691264946, 21.187345812954767], [76.5019216950513, 21.187353331184347], [76.50185839077325, 21.187363856370123], [76.50179508649515, 21.187374381555145], [76.50175291238922, 21.18739208239182], [76.50168817889151, 21.18741922875201], [76.50162344449551, 21.18744637510721], [76.50155871099784, 21.187473520619818], [76.50149407002661, 21.187521364688887], [76.50142942905539, 21.18756920874241], [76.50136478808419, 21.187617051942894], [76.50130014711296, 21.187664895965465], [76.50123550614175, 21.18771273997255], [76.50118604669886, 21.187764646276044], [76.50113658635759, 21.187816553398914], [76.50108712691471, 21.187868459665985], [76.50103766747178, 21.1879203659148], [76.50098944231407, 21.187985876263628], [76.50094121715635, 21.188051385745847], [76.50089299199864, 21.1881168960366], [76.50084476684093, 21.188182405460715], [76.50081100455928, 21.188248636856102], [76.50077724317596, 21.1883148673842], [76.50074348089433, 21.188381098720235], [76.50070971951101, 21.188447329188982], [76.50067595722938, 21.18851356046567], [76.50064219584605, 21.188579790875057], [76.50061805631772, 21.188655065498196], [76.50059391678941, 21.18873034008297], [76.50056977815942, 21.18880561462943], [76.50054563863111, 21.18888088913755], [76.5005215000011, 21.188956163607298], [76.5004973604728, 21.189031438038768], [76.50048673789456, 21.189106456969203], [76.50047611531632, 21.18918147669917], [76.5004654927381, 21.18925649555346], [76.50045487015986, 21.18933151520727], [76.50044424758161, 21.189406533985395], [76.50043940476394, 21.189489345572756], [76.50043456194621, 21.189572156276153], [76.50042971823022, 21.189654967770743], [76.50043611782829, 21.189729543305432], [76.50044251652808, 21.189804117964922], [76.50044891612616, 21.189878693424383], [76.50045531482593, 21.189953268008622], [76.500461714424, 21.190027843392823], [76.50046811312377, 21.190102417901794], [76.50048500684102, 21.19017133203171], [76.50050190055822, 21.190240246129477], [76.50051879427548, 21.190309159357575], [76.50053568889102, 21.190378073391095], [76.50057715063295, 21.19043773972803], [76.5006186123749, 21.19049740604084], [76.50066007411682, 21.190557071492044], [76.50070153585875, 21.190616737756702], [76.50074299760072, 21.190676403997294], [76.50080325299669, 21.19073444029625], [76.50086350839271, 21.19079247573483], [76.50092376468702, 21.190850511988245], [76.50098402008302, 21.19090854738124], [76.50104427547903, 21.190966583589045], [76.50110453087501, 21.191024618936495], [76.50116507552855, 21.19108040203197], [76.50122562018205, 21.19113618426884], [76.50128616483556, 21.19119196732223], [76.50134670948911, 21.191247749516982], [76.5014072541426, 21.191303531690686], [76.50146779789783, 21.19135931384333], [76.50152834255134, 21.19141509681246], [76.50158888720483, 21.191470879760576], [76.50164943185838, 21.191526662687608], [76.50170140209248, 21.191587951768415], [76.50175337322496, 21.191649240823775], [76.50180534345908, 21.191710529016163], [76.50185731459152, 21.191771818020683], [76.50190928482567, 21.191833106999788], [76.50196125595811, 21.191894395953472], [76.50201322619225, 21.1919556840442], [76.5020651973247, 21.19201697294706], [76.50211716755881, 21.19207826182451], [76.50215330139282, 21.192146082847994], [76.5021894352268, 21.19221390300281], [76.50222556906078, 21.19228172396403], [76.50226170289477, 21.19234954405658], [76.50227458563427, 21.19241279604551], [76.50228746837375, 21.192476048844895], [76.50230035111326, 21.192539300779654], [76.50229225908917, 21.192617618763627], [76.50228416706508, 21.19269593586852], [76.5022760741427, 21.192774253769443], [76.50225357224313, 21.192828459914], [76.50223107034358, 21.192882666876226], [76.50220856844402, 21.192936872981026], [76.50216356194997, 21.192991047238614], [76.50211855545592, 21.193045220638776], [76.50207354896189, 21.193099394856674], [76.50201687065734, 21.193136637787788], [76.50196019145449, 21.19317388070949], [76.50190351314994, 21.19321112362183], [76.50184683394711, 21.19324836652479], [76.50177448093918, 21.19327992909457], [76.50170212793124, 21.19331149165759], [76.50162977402499, 21.19334305505145], [76.50155742101707, 21.193374617601037], [76.50153973498574, 21.193379175593112], [76.50146610277687, 21.19339807676899], [76.50139247056798, 21.193416977942476], [76.5013188383591, 21.193435879113544], [76.5012452061502, 21.19345478111975], [76.50117157394128, 21.193473682285948], [76.50109121514757, 21.193487932492275], [76.50101085545552, 21.193502182697227], [76.50093049666177, 21.193516432063227], [76.50085013786801, 21.193530682265422], [76.50076977817595, 21.193544932466253], [76.5006894193822, 21.19355918182813], [76.50060602248621, 21.19357008431022], [76.50052262559016, 21.193580986791517], [76.50043922869413, 21.19359189010958], [76.50035583089976, 21.193602793426844], [76.50027243400376, 21.19361369590571], [76.50018903710773, 21.19362459922132], [76.5001056402117, 21.193635501698598], [76.50001777599375, 21.193638287412504], [76.49992991087748, 21.193641073126347], [76.49984204665955, 21.19364385800257], [76.49975588295246, 21.19364658927511], [76.49966971834702, 21.19364932138517], [76.4995835546399, 21.19365205265761], [76.4994973900345, 21.19365478476758], [76.49941122632738, 21.193657516039906], [76.49935942767148, 21.1935909947611], [76.49930762901555, 21.193524472614772], [76.49925583125797, 21.193457951276066], [76.49920403260204, 21.19339142990741], [76.49915223394613, 21.193324907671254], [76.4991004352902, 21.193258386242704], [76.49904863753264, 21.193191864784193], [76.4989968388767, 21.193125342458217], [76.49894504022082, 21.19305882093982], [76.49889502382241, 21.19299461105828], [76.4988450065257, 21.192930400311305], [76.4987949901273, 21.192866190373998], [76.498777933815, 21.19280992719229], [76.49876421294738, 21.19276478680945], [76.49875049207971, 21.192719645575266], [76.4987264756206, 21.192640619905106], [76.49870246005982, 21.192561594192718], [76.49867844360068, 21.19248256843804], [76.49865442803987, 21.19240354347867], [76.49863041247906, 21.192324517639495], [76.49860639601992, 21.19224549175803], [76.49858237956083, 21.192166465834337], [76.498558364, 21.192087439868345], [76.4985343475409, 21.19200841386013], [76.49851033198009, 21.19192938780966], [76.49848631552095, 21.19185036171689], [76.49846229996015, 21.191771336419443], [76.49843828350103, 21.191692310242196], [76.49841426704191, 21.19161328402265], [76.49839025058279, 21.191534257760868], [76.49836623412368, 21.191455231456807], [76.4982976531416, 21.19142700118567], [76.49822907126128, 21.191398770071547], [76.49816049027919, 21.19137053978962], [76.49809190929716, 21.191342309502264], [76.49802332741679, 21.191314079209548], [76.49795474643474, 21.191285848911402], [76.49790949919218, 21.191267223863534], [76.49786425194964, 21.191248597975733], [76.49778224474736, 21.191234353416466], [76.49770023754509, 21.191220108018246], [76.4976182303428, 21.191205863456233], [76.4975362231405, 21.191191618892834], [76.4974542159382, 21.19117737432807], [76.49737220873591, 21.191163129761936], [76.49728911816538, 21.191173957039435], [76.4972060275949, 21.191184784316164], [76.49712293612603, 21.19119561159209], [76.4970398455555, 21.191206438867212], [76.49695675498502, 21.191217266141546], [76.4968736644145, 21.19122809341509], [76.49679057294564, 21.191238920687837], [76.49670748237514, 21.1912497471222], [76.49662439180463, 21.191260574393368], [76.4965413012341, 21.191271400826178], [76.49645820976527, 21.191282228095755], [76.49637511919475, 21.19129305452695], [76.49629202862423, 21.191303881794948]], [[76.5036650429468, 21.17954376513064], [76.503754486403, 21.179539602914076], [76.50384304052707, 21.17952715647023], [76.50392982586837, 21.17950655144257], [76.50401398004419, 21.17947799053579], [76.50409466582467, 21.17944175937964], [76.50417108191265, 21.17939821647727], [76.50424246923166, 21.179347794881], [76.50430811721431, 21.17929099716656], [76.5043673736837, 21.179228386219698], [76.50441965114166, 21.179160584398645], [76.50446442856531, 21.179088266833514], [76.50450126128855, 21.179012150537172], [76.50452978279884, 21.17893299273046], [76.50454971102512, 21.178851580790624], [76.50456084654137, 21.178768723037564], [76.50456307885486, 21.178685242870422], [76.50455638640598, 21.178601970391362], [76.5045408356701, 21.178519733191454], [76.50451658025914, 21.178439347974326], [76.50448386271815, 21.178361614692356], [76.50444300644072, 21.17828730481963], [76.50439441926194, 21.17821715716345], [76.50433858267883, 21.17815186948768], [76.50427605274854, 21.17809209013587], [76.5042074493086, 21.178038413005098], [76.50413345597698, 21.177991372519834], [76.50405480757553, 21.17795143525506], [76.50397228474027, 21.17791899826064], [76.50388670853135, 21.17789438487288], [76.50379892965337, 21.177877838013064], [76.50370982037045, 21.177869523537776], [76.50362026552315, 21.177869523537776], [76.5035311562402, 21.177877838013064], [76.50344337736223, 21.17789438487288], [76.5033578011533, 21.17791899826064], [76.50327527831803, 21.17795143525506], [76.50319662991662, 21.177991372519834], [76.50312263658496, 21.178038413005098], [76.50305403314503, 21.17809209013587], [76.50299150321474, 21.17815186948768], [76.50293566663161, 21.17821715716345], [76.50288707945285, 21.17828730481963], [76.50284622317542, 21.178361614692356], [76.50281350563446, 21.178439347974326], [76.50278925022347, 21.178519733191454], [76.50277369948759, 21.178601970391362], [76.5027670070387, 21.178685242870422], [76.5027692393522, 21.178768723037564], [76.50278037486845, 21.178851580790624], [76.50280030309473, 21.17893299273046], [76.502828824605, 21.179012150537172], [76.50286565732827, 21.179088266833514], [76.50291043475193, 21.179160584398645], [76.5029627122099, 21.179228386219698], [76.5030219686793, 21.17929099716656], [76.50308761666193, 21.179347794881], [76.50315900398093, 21.17939821647727], [76.50323542006889, 21.17944175937964], [76.5033161058494, 21.17947799053579], [76.50340026002522, 21.17950655144257], [76.5034870453665, 21.17952715647023], [76.50357559949056, 21.179539602914076], [76.5036650429468, 21.17954376513064]], [[76.50209266151785, 21.137321624985788], [76.5021821049741, 21.137317461581926], [76.50227065909816, 21.137305011587664], [76.50235744443944, 21.13728440068229], [76.50244159861525, 21.137255831628366], [76.50252228439577, 21.137219590137065], [76.50259870048373, 21.137176034813866], [76.50267008780271, 21.137125598834608], [76.50273573578536, 21.13706878491842], [76.50279499225476, 21.1370061561116], [76.50284726971273, 21.136938334949964], [76.50289204713638, 21.13686599675617], [76.50292887985965, 21.13678985874766], [76.50295740136993, 21.136710678361272], [76.5029773295962, 21.136629243198847], [76.50298846511245, 21.136546361810833], [76.50299069742596, 21.136462857831308], [76.50298400497708, 21.136379561599195], [76.50296845424118, 21.136297300941678], [76.50294419883019, 21.136216892795243], [76.50291148128925, 21.136139137340468], [76.50287062501182, 21.13606480627153], [76.50282203783304, 21.135994638606483], [76.50276620124991, 21.135929332308084], [76.50270367131962, 21.135869535904924], [76.5026350678797, 21.135815843463458], [76.50256107454804, 21.13576878956053], [76.50248242614659, 21.135728840904203], [76.50239990331133, 21.135696394657586], [76.50231432710243, 21.13567177424921], [76.50222654822446, 21.13565522266962], [76.5021374389415, 21.135646905822753], [76.50204788409421, 21.135646905822753], [76.50195877481129, 21.13565522266962], [76.5018709959333, 21.13567177424921], [76.50178541972438, 21.135696394657586], [76.50170289688913, 21.135728840904203], [76.50162424848767, 21.13576878956053], [76.50155025515606, 21.135815843463458], [76.50148165171612, 21.135869535904924], [76.50141912178583, 21.135929332308084], [76.50136328520271, 21.135994638606483], [76.50131469802393, 21.13606480627153], [76.50127384174651, 21.136139137340468], [76.50124112420552, 21.136216892795243], [76.50121686879456, 21.136297300941678], [76.50120131805868, 21.136379561599195], [76.5011946256098, 21.136462857831308], [76.50119685792329, 21.136546361810833], [76.50120799343954, 21.136629243198847], [76.50122792166582, 21.136710678361272], [76.5012564431761, 21.13678985874766], [76.50129327589934, 21.13686599675617], [76.501338053323, 21.136938334949964], [76.50139033078095, 21.1370061561116], [76.50144958725036, 21.13706878491842], [76.501515235233, 21.137125598834608], [76.50158662255203, 21.137176034813866], [76.50166303863999, 21.137219590137065], [76.50174372442046, 21.137255831628366], [76.50182787859629, 21.13728440068229], [76.50191466393758, 21.137305011587664], [76.50200321806166, 21.137317461581926], [76.50209266151785, 21.137321624985788]], [[76.5150202269401, 21.12818927140813], [76.51510967039631, 21.128185107747747], [76.5151982245204, 21.12817265698645], [76.51528500986169, 21.12815204481121], [76.51536916403751, 21.128123473997153], [76.51544984981801, 21.12808723027305], [76.51552626590596, 21.128043672266433], [76.51559765322497, 21.127993233179808], [76.51566330120758, 21.127936415763383], [76.51572255767698, 21.127873783098064], [76.51577483513498, 21.12780595775802], [76.51581961255863, 21.12773361510756], [76.51585644528188, 21.127657472408288], [76.51588496679216, 21.127578287143706], [76.51590489501844, 21.12749684696421], [76.5159160305347, 21.127413960470044], [76.51591826284817, 21.127330451346037], [76.5159115703993, 21.12724714998229], [76.51589601966342, 21.12716488425689], [76.51587176425242, 21.12708447115674], [76.51583904671146, 21.127006710911743], [76.51579819043404, 21.12693237526352], [76.51574960325527, 21.126862203275667], [76.51569376667214, 21.126796892954044], [76.51563123674185, 21.12673709286705], [76.51556263330193, 21.126683397117795], [76.51548863997027, 21.12663634031607], [76.51540999156886, 21.126596389198685], [76.51532746873359, 21.126563940953204], [76.51524189252467, 21.126539319028083], [76.51515411364669, 21.12652276642884], [76.51506500436375, 21.126514449069617], [76.51497544951643, 21.126514449069617], [76.51488634023353, 21.12652276642884], [76.51479856135555, 21.126539319028083], [76.51471298514663, 21.126563940953204], [76.51463046231136, 21.126596389198685], [76.51455181390992, 21.12663634031607], [76.51447782057829, 21.126683397117795], [76.51440921713835, 21.12673709286705], [76.51434668720808, 21.126796892954044], [76.51429085062495, 21.126862203275667], [76.51424226344618, 21.12693237526352], [76.51420140716876, 21.127006710911743], [76.51416868962777, 21.12708447115674], [76.5141444342168, 21.12716488425689], [76.51412888348092, 21.12724714998229], [76.51412219103204, 21.127330451346037], [76.51412442334552, 21.127413960470044], [76.51413555886178, 21.12749684696421], [76.51415548708805, 21.127578287143706], [76.51418400859832, 21.127657472408288], [76.51422084132159, 21.12773361510756], [76.51426561874524, 21.12780595775802], [76.5143178962032, 21.127873783098064], [76.5143771526726, 21.127936415763383], [76.51444280065525, 21.127993233179808], [76.51451418797426, 21.128043672266433], [76.5145906040622, 21.12808723027305], [76.51467128984271, 21.128123473997153], [76.51475544401853, 21.12815204481121], [76.51484222935981, 21.12817265698645], [76.51493078348389, 21.128185107747747], [76.5150202269401, 21.12818927140813]]]}}]}