{"type": "FeatureCollection", "features": [{"type": "Feature", "properties": {"premiumdata.sde.IN_Village_PCA.area": 252.30901814, "objectid": 639953, "id": "122331705654063", "name": "Data Partially Available", "subdistrict": "Sangram SDO", "district": "Kurung Kumey", "state": "Arunachal Pradesh", "country": "India", "censusname": null, "villagename_locallang": null, "lgd_villagename": null, "lgd_villagecode": null, "lgd_subdistrictcode": 1705, "lgd_districtcode": 233, "lgd_statecode": 12, "censuscode2001": null, "censuscode2011": null, "censuscode2021": null, "level": "Village", "tru": "Rural", "no_hh": null, "tot_p": null, "tot_m": null, "tot_f": null, "per_tot_m": 0.0, "per_tot_f": 0.0, "p_06": null, "m_06": null, "f_06": null, "per_p_06": 0.0, "per_m_06": 0.0, "per_f_06": 0.0, "p_sc": null, "m_sc": null, "f_sc": null, "per_p_sc": 0.0, "per_m_sc": 0.0, "per_f_sc": 0.0, "p_st": null, "m_st": null, "f_st": null, "per_p_st": 0.0, "per_m_st": 0.0, "per_f_st": 0.0, "p_lit": null, "m_lit": null, "f_lit": null, "per_p_lit": 0.0, "per_m_lit": 0.0, "per_f_lit": 0.0, "p_ill": null, "m_ill": null, "f_ill": null, "per_p_ill": 0.0, "per_m_ill": 0.0, "per_f_ill": 0.0, "tot_work_p": null, "tot_work_m": null, "tot_work_f": null, "per_tot_work_p": 0.0, "per_tot_work_m": 0.0, "per_tot_work_f": 0.0, "mainwork_p": null, "mainwork_m": null, "mainwork_f": null, "per_mainwork_p": 0.0, "per_mainwork_m": 0.0, "per_mainwork_f": 0.0, "main_cl_p": null, "main_cl_m": null, "main_cl_f": null, "per_main_cl_p": 0.0, "per_main_cl_m": 0.0, "per_main_cl_f": 0.0, "main_al_p": null, "main_al_m": null, "main_al_f": null, "per_main_al_p": 0.0, "per_main_al_m": 0.0, "per_main_al_f": 0.0, "main_hh_p": null, "main_hh_m": null, "main_hh_f": null, "per_main_hh_p": 0.0, "per_main_hh_m": 0.0, "per_main_hh_f": 0.0, "main_ot_p": null, "main_ot_m": null, "main_ot_f": null, "per_main_ot_p": 0.0, "per_main_ot_m": 0.0, "per_main_ot_f": 0.0, "margwork_p": null, "margwork_m": null, "margwork_f": null, "per_margwork_p": 0.0, "per_margwork_m": 0.0, "per_margwork_f": 0.0, "marg_cl_p": null, "marg_cl_m": null, "marg_cl_f": null, "per_marg_cl_p": 0.0, "per_marg_cl_m": 0.0, "per_marg_cl_f": 0.0, "marg_al_p": null, "marg_al_m": null, "marg_al_f": null, "per_marg_al_p": 0.0, "per_marg_al_m": 0.0, "per_marg_al_f": 0.0, "marg_hh_p": null, "marg_hh_m": null, "marg_hh_f": null, "per_marg_hh_p": 0.0, "per_marg_hh_m": 0.0, "per_marg_hh_f": 0.0, "marg_ot_p": null, "marg_ot_m": null, "marg_ot_f": null, "per_marg_ot_p": 0.0, "per_marg_ot_m": 0.0, "per_marg_ot_f": 0.0, "margwork_3_6_p": null, "margwork_3_6_m": null, "margwork_3_6_f": null, "per_margwork_3_6_p": 0.0, "per_margwork_3_6_m": 0.0, "per_margwork_3_6_f": 0.0, "marg_cl_3_6_p": null, "marg_cl_3_6_m": null, "marg_cl_3_6_f": null, "per_marg_cl_3_6_p": 0.0, "per_marg_cl_3_6_m": 0.0, "per_marg_cl_3_6_f": 0.0, "marg_al_3_6_p": null, "marg_al_3_6_m": null, "marg_al_3_6_f": null, "per_marg_al_3_6_p": 0.0, "per_marg_al_3_6_m": 0.0, "per_marg_al_3_6_f": 0.0, "marg_hh_3_6_p": null, "marg_hh_3_6_m": null, "marg_hh_3_6_f": null, "per_marg_hh_3_6_p": 0.0, "per_marg_hh_3_6_m": 0.0, "per_marg_hh_3_6_f": 0.0, "marg_ot_3_6_p": null, "marg_ot_3_6_m": null, "marg_ot_3_6_f": null, "per_marg_ot_3_6_p": 0.0, "per_marg_ot_3_6_m": 0.0, "per_marg_ot_3_6_f": 0.0, "margwork_0_3_p": null, "margwork_0_3_m": null, "margwork_0_3_f": null, "per_margwork_0_3_p": 0.0, "per_margwork_0_3_m": 0.0, "per_margwork_0_3_f": 0.0, "marg_cl_0_3_p": null, "marg_cl_0_3_m": null, "marg_cl_0_3_f": null, "per_marg_cl_0_3_p": 0.0, "per_marg_cl_0_3_m": 0.0, "per_marg_cl_0_3_f": 0.0, "marg_al_0_3_p": null, "marg_al_0_3_m": null, "marg_al_0_3_f": null, "per_marg_al_0_3_p": 0.0, "per_marg_al_0_3_m": 0.0, "per_marg_al_0_3_f": 0.0, "marg_hh_0_3_p": null, "marg_hh_0_3_m": null, "marg_hh_0_3_f": null, "per_marg_hh_0_3_p": 0.0, "per_marg_hh_0_3_m": 0.0, "per_marg_hh_0_3_f": 0.0, "marg_ot_0_3_p": null, "marg_ot_0_3_m": null, "marg_ot_0_3_f": null, "per_marg_ot_0_3_p": 0.0, "per_marg_ot_0_3_m": 0.0, "per_marg_ot_0_3_f": 0.0, "non_work_p": null, "non_work_m": null, "non_work_f": null, "per_non_work_p": 0.0, "per_non_work_m": 0.0, "per_non_work_f": 0.0, "per_hc_tot_tot": null, "per_hc_tot_god": null, "per_hc_tot_liv": null, "per_hc_tot_dil": null, "per_hc_res_tot": null, "per_hc_res_god": null, "per_hc_res_liv": null, "per_hc_res_dil": null, "per_hc_oth_tot": null, "per_hc_oth_god": null, "per_hc_oth_liv": null, "per_hc_oth_dil": null, "per_mt_grsbam": null, "per_mt_plastic": null, "per_mt_h_tiles": null, "per_mt_m_tiles": null, "per_mt_b_brick": null, "per_mt_stone": null, "per_mt_asbstos": null, "per_mt_concrte": null, "per_mt_oth": null, "per_mw_grsbam": null, "per_mw_plastic": null, "per_mw_mud": null, "per_mw_wood": null, "per_mw_no_mrtr": null, "per_mw_st_mrtr": null, "per_mw_asbstos": null, "per_mw_b_brick": null, "per_mw_concrte": null, "per_mw_oth": null, "per_mf_mud": null, "per_mf_wood": null, "per_mf_b_brick": null, "per_mf_stone": null, "per_mf_cement": null, "per_mf_fl_tile": null, "per_mf_oth": null, "per_dw_n_exrm": null, "per_dw_1_room": null, "per_dw_2_room": null, "per_dw_3_room": null, "per_dw_4_room": null, "per_dw_5_room": null, "per_dw_6_room": null, "per_hhsize_1": null, "per_hhsize_2": null, "per_hhsize_3": null, "per_hhsize_4": null, "per_hhsize_5": null, "per_hhsize_6_8": null, "per_hhsize_9p": null, "per_ow_owned": null, "per_ow_rented": null, "per_ow_oth": null, "per_mc_none": null, "per_mcouple_1": null, "per_mcouple_2": null, "per_mcouple_3": null, "per_mcouple_4": null, "per_mcouple_5p": null, "per_dw_t_ts": null, "per_dw_t_unts": null, "per_dw_c_well": null, "per_dw_unc_wel": null, "per_dw_hpump": null, "per_dw_tw_bore": null, "per_dw_spring": null, "per_dw_rivcan": null, "per_dw_tank": null, "per_dw_oth": null, "per_loc_dw_wp": null, "per_loc_dw_np": null, "per_loc_dw_aw": null, "per_light_elec": null, "per_light_kero": null, "per_light_solr": null, "per_light_oil": null, "per_light_oth": null, "per_light_no": null, "per_hh_latrine": null, "per_fl_sewer": null, "per_fl_septict": null, "per_fl_othsys": null, "per_pl_wslab": null, "per_pl_without": null, "per_ns_open": null, "per_sl_ns_hum": null, "per_sl_ns_anml": null, "per_hh_no_lat": null, "per_as_pub": null, "per_as_open": null, "per_hh_bathrm": null, "per_hh_en_wrf": null, "per_hh_no_btrm": null, "per_wwoc_drain": null, "per_wwoc_open": null, "per_wwoc_nodrn": null, "per_cook_fire": null, "per_cook_resdu": null, "per_cook_cwdng": null, "per_cook_coal": null, "per_cook_kero": null, "per_cook_lpng": null, "per_cook_elec": null, "per_cook_biogs": null, "per_cook_oth": null, "per_cook_no": null, "per_kf_inside": null, "per_kf_in_has": null, "per_kf_in_does": null, "per_kf_outside": null, "per_kf_out_has": null, "per_kf_out_dos": null, "per_kf_no_cook": null, "per_hh_banking": null, "per_hh_radio": null, "per_hh_tv": null, "per_hh_cmp_int": null, "per_hh_cmp_wnt": null, "per_hh_ph_ll": null, "per_hh_ph_mob": null, "per_hh_ph_bth": null, "per_hh_bcycl": null, "per_hh_2wheel": null, "per_hh_4wheel": null, "per_hh_tvcomp": null, "per_hh_no_ast": null, "per_hs_perma": null, "per_hs_sperma": null, "per_hs_temp": null, "per_hs_servc": null, "per_hs_nservc": null, "per_hs_unclss": null, "avghhsz_cy": null, "st_areashape": 252309018.14035368, "st_lengthshape": 125198.03705303917}, "geometry": {"type": "Polygon", "coordinates": [[[93.60180065726284, 27.89571244736341], [93.59716365168258, 27.895260289654825], [93.59236652499621, 27.894792516466357], [93.58672163122672, 27.89321703036302], [93.58077963854164, 27.89269186296798], [93.57632314312953, 27.894004775884202], [93.57513474477216, 27.894792516466357], [93.57305504697308, 27.896893129196126], [93.57216374842965, 27.9000439706543], [93.56919275118878, 27.90266960298087], [93.56414205704714, 27.905557724237052], [93.55938846271941, 27.906607930816985], [93.55404066876388, 27.906870481067504], [93.55255517059261, 27.909233403060107], [93.54958417425006, 27.912908957780395], [93.54542477865185, 27.915271748654973], [93.54067118432413, 27.915534277082244], [93.53621468891201, 27.91317149273722], [93.53235239402603, 27.909495946938538], [93.52849009824175, 27.907133030680793], [93.52433070264354, 27.90792067490364], [93.52017130794366, 27.91028357475027], [93.51779451033063, 27.912908957780395], [93.51452641417417, 27.91369656073889], [93.5088815204047, 27.910021032783593], [93.50353372644913, 27.907395579656892], [93.49699753413623, 27.905557724237052], [93.49491783633714, 27.903719837595748], [93.49372943797977, 27.898993700361327], [93.48946532576892, 27.89056868428722], [93.48870475006562, 27.88804779667789], [93.48737374415688, 27.886703300132254], [93.48756388785816, 27.884014255366623], [93.48794417526064, 27.880652855900298], [93.48908503836643, 27.87628288109451], [93.4898456131714, 27.87392974477227], [93.49041604427512, 27.870568032333164], [93.48718360045567, 27.863844294540527], [93.4852821625449, 27.863003798380355], [93.48204971782712, 27.863003798380355], [93.47938770511142, 27.863508096858627], [93.47197209716963, 27.864684784976717], [93.46778893394566, 27.86602955563992], [93.46417620272372, 27.867542401795934], [93.46151418910965, 27.869223317992127], [93.45809160158895, 27.870736120353097], [93.45510648193354, 27.874572037307495], [93.45302678413441, 27.873784150406888], [93.45176765692318, 27.867389075842745], [93.45043070865886, 27.86449993634437], [93.45087635837976, 27.863317993584847], [93.45102490738837, 27.86292400953588], [93.45028215875192, 27.860166082680916], [93.45028215875192, 27.858327425527847], [93.44983650903102, 27.853861985918172], [93.44864811067369, 27.850841143045717], [93.44820246095279, 27.844142451796547], [93.44567711433113, 27.840333208128303], [93.4430032169042, 27.83823149867141], [93.44211191836078, 27.83494749648621], [93.43936019988075, 27.827551403919564], [93.44434016516851, 27.82575176194928], [93.44701406259546, 27.82273013628924], [93.44849956076673, 27.822336004795552], [93.44968795912406, 27.82010256756115], [93.45072780847276, 27.81813184888811], [93.45176765692318, 27.817080784675337], [93.45444155345179, 27.815766939904517], [93.456224151437, 27.814715852007616], [93.45726400078571, 27.81300781327317], [93.45959374015254, 27.810057918570344], [93.46573134099074, 27.806700977070932], [93.46736538906897, 27.804861413841305], [93.46810813860378, 27.802102010994506], [93.46795958869681, 27.79960534739296], [93.46870233733328, 27.7976342576256], [93.47003928559761, 27.796320176860522], [93.47152478466717, 27.794611849702868], [93.47197043348974, 27.79211501403185], [93.47226753330365, 27.789880955434374], [93.47226753330365, 27.78712117143895], [93.47226753330365, 27.782258526217174], [93.47122768485328, 27.779761406849733], [93.46944508686809, 27.777132798961794], [93.46766248888287, 27.773978385328977], [93.4661769907116, 27.770561000544824], [93.46543424117684, 27.768852267901128], [93.4661769907116, 27.767669283673605], [93.46989073658895, 27.76438314828039], [93.47018783550456, 27.76254286902344], [93.47548828914296, 27.76089507453735], [93.47738895629918, 27.75842826225791], [93.48035995354006, 27.75027777253773], [93.48333094988256, 27.743704353349045], [93.49432363760762, 27.731082275265326], [93.50026563029267, 27.713461514196357], [93.50383082626307, 27.706622839512544], [93.50799022186128, 27.70609676961192], [93.51482351398809, 27.707148906876508], [93.52195390592884, 27.708990121083648], [93.53297986096376, 27.713392280037862], [93.53246704510744, 27.720058823342804], [93.5323203951373, 27.721965182900572], [93.51789964376161, 27.735184675106517], [93.5094775696637, 27.74290444166317], [93.52946504161623, 27.763843696853698], [93.54557095341318, 27.782365781721275], [93.54850073055891, 27.785734738713902], [93.55868527768469, 27.792100416365482], [93.56372928117409, 27.795252583906233], [93.57990961569742, 27.81238470182893], [93.59228281189318, 27.833323959041007], [93.59799351983362, 27.856166784882415], [93.60180065726284, 27.880913179103096], [93.60180065726284, 27.882710067546824], [93.60180065726284, 27.89571244736341]], [[93.53507146772861, 27.890157114404328], [93.53498368885063, 27.890172798533467], [93.53489811264171, 27.890196128611805], [93.53481558980646, 27.890226874382545], [93.534736941405, 27.890264729366347], [93.53466294807339, 27.890309317213394], [93.53459434463345, 27.890360195673544], [93.53453181470314, 27.89041685818483], [93.53447597812003, 27.89047874181339], [93.53442739094126, 27.890545232017875], [93.5343865346638, 27.89061566741357], [93.53435381712285, 27.890689347712662], [93.53432956171184, 27.890765541664027], [93.53431401097599, 27.89084349102358], [93.53430731852713, 27.890922421669902], [93.5343095508406, 27.89100154916229], [93.53432068635686, 27.89108008668041], [93.53434061458314, 27.89115725375791], [93.53436913609339, 27.89123228422198], [93.53440596881667, 27.89130443175093], [93.53445074624032, 27.89137297860762], [93.53450302369828, 27.89143724516652], [93.53456228016768, 27.89149659150146], [93.53462792815033, 27.891550427706633], [93.53469931546934, 27.891598220247996], [93.53477573155729, 27.891639492756582], [93.53485641733779, 27.8916738347619], [93.53494057151362, 27.89170090645522], [93.5350273568549, 27.89172043710134], [93.53511591097897, 27.891732234565843], [93.53520535443518, 27.89173617975709], [93.53529479789138, 27.891732234565843], [93.53538335201547, 27.89172043710134], [93.53547013735677, 27.89170090645522], [93.53555429153255, 27.8916738347619], [93.5356349773131, 27.891639492756582], [93.53571139340104, 27.891598220247996], [93.53578278072001, 27.891550427706633], [93.53584842870266, 27.89149659150146], [93.53590768517208, 27.89143724516652], [93.53595996263003, 27.89137297860762], [93.53600474005368, 27.89130443175093], [93.53604157277697, 27.89123228422198], [93.53607009428725, 27.89115725375791], [93.53609002251349, 27.89108008668041], [93.53610115802978, 27.89100154916229], [93.53610339034323, 27.890922421669902], [93.53609669789438, 27.89084349102358], [93.5360811471585, 27.890765541664027], [93.5360568917475, 27.890689347712662], [93.53602417420655, 27.89061566741357], [93.5359833179291, 27.890545232017875], [93.53593473075036, 27.89047874181339], [93.53587889416723, 27.89041685818483], [93.53581636423695, 27.890360195673544], [93.53574776079701, 27.890309317213394], [93.53567376746535, 27.890264729366347], [93.5355951190639, 27.890226874382545], [93.53551259622864, 27.890196128611805], [93.53542702001975, 27.890172798533467], [93.53533924114174, 27.890157114404328], [93.53525013185883, 27.89014923343429], [93.53516057701152, 27.89014923343429], [93.53507146772861, 27.890157114404328]], [[93.518552727058, 27.886795905632674], [93.51846494817998, 27.886811590248744], [93.51837937197108, 27.88683492105138], [93.51829684913582, 27.886865667776682], [93.51821820073438, 27.88690352393574], [93.51814420740276, 27.886948113167062], [93.51807560396283, 27.886998993206856], [93.51801307403252, 27.887055657477298], [93.51795723744941, 27.887117543027138], [93.51790865027063, 27.88718403529593], [93.51786779399319, 27.887254472878446], [93.51783507645223, 27.887328155465095], [93.51781082104124, 27.887404351782056], [93.51779527030534, 27.887482303561693], [93.51778857785649, 27.887561236658605], [93.51779081017, 27.887640366607695], [93.51780194568624, 27.887718906564192], [93.5178218739125, 27.887796076037528], [93.51785039542276, 27.887871108831074], [93.51788722814607, 27.887943258600064], [93.5179320055697, 27.88801180758495], [93.51798428302766, 27.88807607613918], [93.51804353949706, 27.88813542431668], [93.51810918747971, 27.8881892621934], [93.51818057479872, 27.88823705621858], [93.51825699088668, 27.888278330008596], [93.51833767666717, 27.88831267308019], [93.518421830843, 27.888339745614044], [93.51850861618429, 27.88835927686654], [93.51859717030835, 27.888371074697304], [93.51868661376456, 27.88837502001105], [93.51877605722075, 27.888371074697304], [93.51886461134482, 27.88835927686654], [93.51895139668612, 27.888339745614044], [93.51903555086194, 27.88831267308019], [93.51911623664245, 27.888278330008596], [93.5191926527304, 27.88823705621858], [93.5192640400494, 27.8881892621934], [93.51932968803206, 27.88813542431668], [93.51938894450146, 27.88807607613918], [93.51944122195941, 27.88801180758495], [93.51948599938306, 27.887943258600064], [93.51952283210635, 27.887871108831074], [93.51955135361663, 27.887796076037528], [93.51957128184287, 27.887718906564192], [93.51958241735916, 27.887640366607695], [93.51958464967261, 27.887561236658605], [93.51957795722377, 27.887482303561693], [93.51956240648788, 27.887404351782056], [93.51953815107689, 27.887328155465095], [93.51950543353594, 27.887254472878446], [93.51946457725847, 27.88718403529593], [93.5194159900797, 27.887117543027138], [93.51936015349662, 27.887055657477298], [93.51929762356629, 27.886998993206856], [93.51922902012636, 27.886948113167062], [93.51915502679473, 27.88690352393574], [93.5190763783933, 27.886865667776682], [93.51899385555802, 27.88683492105138], [93.51890827934913, 27.886811590248744], [93.51882050047112, 27.886795905632674], [93.5187313911882, 27.88678802441791], [93.5186418363409, 27.88678802441791], [93.518552727058, 27.886795905632674]], [[93.49834995049143, 27.87839242719999], [93.49826217161342, 27.878408113033196], [93.49817659540453, 27.878431445646385], [93.49809407256927, 27.878462194757713], [93.49801542416782, 27.878500053854545], [93.4979414308362, 27.878544646546146], [93.49787282739626, 27.878595530534408], [93.49781029746593, 27.878652199202193], [93.49775446088285, 27.878714089554585], [93.49770587370408, 27.87878058698342], [93.49766501742661, 27.878851030032177], [93.49763229988567, 27.878924718336865], [93.49760804447466, 27.879000920566998], [93.49759249373878, 27.879078878396065], [93.49758580128994, 27.879157817618534], [93.49758803360339, 27.879236953708496], [93.49759916911968, 27.879315499760107], [93.49761909734592, 27.8793926752222], [93.4976476188562, 27.879467713838743], [93.49768445157949, 27.879539869206937], [93.49772922900314, 27.87960842351164], [93.4977815064611, 27.879672697053504], [93.4978407629305, 27.879732049836814], [93.49790641091315, 27.87978589189165], [93.49797779823216, 27.879833689625993], [93.4980542143201, 27.879874966619134], [93.49813490010061, 27.879909312355945], [93.49821905427643, 27.879936386990806], [93.49830583961773, 27.879955919759094], [93.4983943937418, 27.879967718505448], [93.498483837198, 27.87997166412537], [93.4985732806542, 27.879967718505448], [93.49866183477828, 27.879955919759094], [93.49874862011956, 27.879936386990806], [93.49883277429537, 27.879909312355945], [93.49891346007587, 27.879874966619134], [93.49898987616383, 27.879833689625993], [93.49906126348283, 27.87978589189165], [93.49912691146548, 27.879732049836814], [93.4991861679349, 27.879672697053504], [93.49923844539285, 27.87960842351164], [93.4992832228165, 27.879539869206937], [93.4993200555398, 27.879467713838743], [93.49934857705007, 27.8793926752222], [93.49936850527632, 27.879315499760107], [93.49937964079257, 27.879236953708496], [93.49938187310606, 27.879157817618534], [93.49937518065721, 27.879078878396065], [93.49935962992132, 27.879000920566998], [93.49933537451032, 27.878924718336865], [93.49930265696936, 27.878851030032177], [93.49926180069193, 27.87878058698342], [93.49921321351314, 27.878714089554585], [93.49915737693003, 27.878652199202193], [93.49909484699972, 27.878595530534408], [93.4990262435598, 27.878544646546146], [93.49895225022817, 27.878500053854545], [93.49887360182673, 27.878462194757713], [93.49879107899147, 27.878431445646385], [93.49870550278257, 27.878408113033196], [93.49861772390456, 27.87839242719999], [93.49852861462165, 27.878384545373635], [93.49843905977434, 27.878384545373635], [93.49834995049143, 27.87839242719999]], [[93.51588937315752, 27.87844910153246], [93.51590050867381, 27.87852764815539], [93.51592043690006, 27.878604824178876], [93.51594895841033, 27.878679863341265], [93.51598579113363, 27.878752019234337], [93.51603056855727, 27.878820574037704], [93.51608284601522, 27.878884848047107], [93.51614210248464, 27.878944201262147], [93.51620775046729, 27.878998043708688], [93.51627913778624, 27.879045841790674], [93.51635555387422, 27.879087119084076], [93.51643623965474, 27.879121465070735], [93.51652039383058, 27.879148539902577], [93.51660717917181, 27.879168072812924], [93.51669573329592, 27.879179871645114], [93.51678517675214, 27.879183817293736], [93.51687462020833, 27.879179871645114], [93.51696317433239, 27.879168072812924], [93.51704995967368, 27.879148539902577], [93.51713411384951, 27.879121465070735], [93.51721479963001, 27.879087119084076], [93.51729121571796, 27.879045841790674], [93.51736260303697, 27.878998043708688], [93.51742825101962, 27.878944201262147], [93.51748750748902, 27.878884848047107], [93.51753978494698, 27.878820574037704], [93.51758456237063, 27.878752019234337], [93.51762139509393, 27.878679863341265], [93.5176499166042, 27.878604824178876], [93.51766984483044, 27.87852764815539], [93.5176809803467, 27.87844910153246], [93.51768321266017, 27.878369964866856], [93.5176765202113, 27.878291025070144], [93.51766096947544, 27.878213066673997], [93.51763671406447, 27.87813686388957], [93.5176039965235, 27.878063175048897], [93.51756314024605, 27.877992731487712], [93.51751455306726, 27.877926233575177], [93.51745871648414, 27.87786434277261], [93.51739618655387, 27.87780767369261], [93.51732758311393, 27.87775678933424], [93.5172535897823, 27.877712196318257], [93.51717494138086, 27.87767433694605], [93.5170924185456, 27.877643587611054], [93.51700684233667, 27.877620254828177], [93.5169190634587, 27.87760456888084], [93.51682995417578, 27.877596686997144], [93.51674039932847, 27.877596686997144], [93.51665129004556, 27.87760456888084], [93.51656351116755, 27.877620254828177], [93.51647793495864, 27.877643587611054], [93.51639541212339, 27.87767433694605], [93.51631676372195, 27.877712196318257], [93.5162427703903, 27.87775678933424], [93.51617416695036, 27.87780767369261], [93.51611163702006, 27.87786434277261], [93.51605580043694, 27.877926233575177], [93.5160072132582, 27.877992731487712], [93.51596635698075, 27.878063175048897], [93.5159336394398, 27.87813686388957], [93.5159093840288, 27.878213066673997], [93.5158938332929, 27.878291025070144], [93.51588714084407, 27.878369964866856], [93.51588937315752, 27.87844910153246]], [[93.57280312433309, 27.875398529859154], [93.57271534545512, 27.875414216125947], [93.57262976924622, 27.87543754938405], [93.57254724641096, 27.875468299345297], [93.57246859800951, 27.87550615948856], [93.57239460467787, 27.87555075341273], [93.57232600123793, 27.875601638807392], [93.57226347130764, 27.87565830904155], [93.5722076347245, 27.87572020110461], [93.57215904754577, 27.875786700371474], [93.57211819126832, 27.87585714536729], [93.57208547372737, 27.875930835708793], [93.57206121831636, 27.876007040045202], [93.57204566758048, 27.876085000029082], [93.5720389751316, 27.87616394143349], [93.5720412074451, 27.876243079710846], [93.57205234296137, 27.876321627933557], [93.57207227118762, 27.876398805528844], [93.5721007926979, 27.876473846219543], [93.57213762542119, 27.876546003582185], [93.57218240284485, 27.876614559781824], [93.5722346803028, 27.876678835100293], [93.5722939367722, 27.87673818952419], [93.57235958475485, 27.876792033067293], [93.57243097207383, 27.876839832122837], [93.57250738816178, 27.87688111025692], [93.57258807394231, 27.876915456943102], [93.5726722281181, 27.87694253232635], [93.57275901345939, 27.87696206563453], [93.57284756758345, 27.876973864707058], [93.5729370110397, 27.876977810436046], [93.57302645449589, 27.876973864707058], [93.57311500861996, 27.87696206563453], [93.57320179396126, 27.87694253232635], [93.57328594813708, 27.876915456943102], [93.57336663391757, 27.87688111025692], [93.57344305000552, 27.876839832122837], [93.57351443732453, 27.876792033067293], [93.57358008530719, 27.87673818952419], [93.5736393417766, 27.876678835100293], [93.57369161923455, 27.876614559781824], [93.5737363966582, 27.876546003582185], [93.57377322938149, 27.876473846219543], [93.57380175089173, 27.876398805528844], [93.57382167911801, 27.876321627933557], [93.57383281463427, 27.876243079710846], [93.57383504694775, 27.87616394143349], [93.57382835449887, 27.876085000029082], [93.57381280376299, 27.876007040045202], [93.57378854835203, 27.875930835708793], [93.57375583081104, 27.87585714536729], [93.57371497453362, 27.875786700371474], [93.57366638735483, 27.87572020110461], [93.57361055077172, 27.87565830904155], [93.57354802084143, 27.875601638807392], [93.57347941740149, 27.87555075341273], [93.57340542406986, 27.87550615948856], [93.57332677566842, 27.875468299345297], [93.57324425283316, 27.87543754938405], [93.57315867662425, 27.875414216125947], [93.57307089774626, 27.875398529859154], [93.57298178846335, 27.875390647814967], [93.57289223361605, 27.875390647814967], [93.57280312433309, 27.875398529859154]], [[93.51540347082708, 27.87140654013814], [93.51531569194911, 27.871422226982965], [93.51523011574018, 27.871445561100884], [93.51514759290492, 27.871476312195263], [93.51506894450351, 27.871514173733644], [93.51499495117186, 27.87155876930104], [93.51492634773192, 27.871609656570843], [93.51486381780163, 27.871666328893266], [93.51480798121851, 27.871728223237024], [93.51475939403973, 27.871794724954377], [93.5147185377623, 27.871865172546112], [93.51468582022132, 27.87193886560312], [93.51466156481035, 27.872015072747658], [93.51464601407447, 27.872093035604355], [93.5146393216256, 27.87217197991781], [93.51464155393909, 27.872251121111443], [93.51465268945535, 27.872329672228688], [93.51467261768161, 27.87240685266799], [93.5147011391919, 27.87248189612399], [93.51473797191514, 27.872554056145727], [93.5147827493388, 27.872622614871684], [93.51483502679675, 27.87268689255876], [93.51489428326616, 27.87274624916992], [93.51495993124881, 27.87280009469726], [93.51503131856782, 27.87284789551421], [93.51510773465577, 27.87288917516945], [93.51518842043627, 27.87292352312135], [93.51527257461208, 27.87295059950239], [93.5153593599534, 27.87297013353041], [93.51544791407746, 27.872981933037714], [93.51553735753365, 27.872985878912093], [93.51562680098989, 27.872981933037714], [93.51571535511395, 27.87297013353041], [93.51580214045525, 27.87295059950239], [93.51588629463106, 27.87292352312135], [93.51596698041156, 27.87288917516945], [93.51604339649953, 27.87284789551421], [93.51611478381852, 27.87280009469726], [93.51618043180116, 27.87274624916992], [93.51623968827056, 27.87268689255876], [93.51629196572853, 27.872622614871684], [93.5163367431522, 27.872554056145727], [93.51637357587545, 27.87248189612399], [93.51640209738572, 27.87240685266799], [93.516422025612, 27.872329672228688], [93.51643316112826, 27.872251121111443], [93.51643539344175, 27.87217197991781], [93.51642870099288, 27.872093035604355], [93.51641315025698, 27.872015072747658], [93.51638889484597, 27.87193886560312], [93.51635617730503, 27.871865172546112], [93.5163153210276, 27.871794724954377], [93.51626673384884, 27.871728223237024], [93.51621089726572, 27.871666328893266], [93.51614836733542, 27.871609656570843], [93.51607976389549, 27.87155876930104], [93.51600577056384, 27.871514173733644], [93.51592712216242, 27.871476312195263], [93.51584459932715, 27.871445561100884], [93.51575902311822, 27.871422226982965], [93.51567124424025, 27.87140654013814], [93.5155821349573, 27.87139865780348], [93.51549258011, 27.87139865780348], [93.51540347082708, 27.87140654013814]], [[93.56151333769246, 27.86951554479332], [93.56142555881449, 27.86953123191194], [93.5613399826056, 27.869554566437085], [93.56125745977033, 27.86958531806815], [93.56117881136888, 27.869623180267332], [93.56110481803724, 27.869667776613113], [93.5610362145973, 27.869718664771067], [93.56097368466702, 27.86977533808259], [93.56091784808388, 27.86983723350662], [93.56086926090511, 27.869903736384646], [93.56082840462769, 27.869974185205933], [93.56079568708674, 27.870047879549094], [93.56077143167573, 27.870124088023726], [93.56075588093985, 27.870202052241176], [93.56074918849097, 27.870280997932486], [93.56075142080446, 27.870360140507422], [93.56076255632073, 27.870438692995638], [93.56078248454699, 27.870515874782058], [93.56081100605726, 27.870590919547848], [93.56084783878053, 27.870663080829036], [93.56089261620419, 27.870731640751618], [93.56094489366217, 27.87079591956058], [93.56100415013157, 27.87085527720775], [93.56106979811419, 27.870909123674906], [93.5611411854332, 27.870956925326162], [93.56121760152115, 27.870998205701902], [93.56129828730165, 27.871032554253325], [93.56138244147748, 27.87105963110694], [93.56146922681876, 27.8710791654759], [93.56155778094283, 27.871090965189158], [93.56164722439907, 27.871094911132428], [93.56173666785526, 27.871090965189158], [93.56182522197935, 27.8710791654759], [93.56191200732063, 27.87105963110694], [93.56199616149645, 27.871032554253325], [93.56207684727694, 27.870998205701902], [93.56215326336489, 27.870956925326162], [93.5622246506839, 27.870909123674906], [93.56229029866655, 27.87085527720775], [93.56234955513597, 27.87079591956058], [93.56240183259392, 27.870731640751618], [93.56244661001757, 27.870663080829036], [93.56248344274083, 27.870590919547848], [93.5625119642511, 27.870515874782058], [93.56253189247738, 27.870438692995638], [93.56254302799364, 27.870360140507422], [93.56254526030712, 27.870280997932486], [93.56253856785824, 27.870202052241176], [93.56252301712236, 27.870124088023726], [93.5624987617114, 27.870047879549094], [93.5624660441704, 27.869974185205933], [93.56242518789298, 27.869903736384646], [93.56237660071422, 27.86983723350662], [93.56232076413109, 27.86977533808259], [93.5622582342008, 27.869718664771067], [93.56218963076086, 27.869667776613113], [93.56211563742924, 27.869623180267332], [93.56203698902779, 27.86958531806815], [93.56195446619253, 27.869554566437085], [93.56186888998361, 27.86953123191194], [93.56178111110563, 27.86951554479332], [93.56169200182272, 27.86950766232108], [93.56160244697541, 27.86950766232108], [93.56151333769246, 27.86951554479332]], [[93.56978341504765, 27.868437267932634], [93.56982024777093, 27.86850943064815], [93.56986502519459, 27.86857799193346], [93.56991730265254, 27.86864227202009], [93.56997655912194, 27.86870163084709], [93.57004220710459, 27.86875547838453], [93.5701135944236, 27.868803280985947], [93.57019001051157, 27.868844562182204], [93.57027069629206, 27.868878911416353], [93.57035485046788, 27.868905988808184], [93.57044163580917, 27.868925523565427], [93.57053018993324, 27.86893732351323], [93.57061963338944, 27.86894126953492], [93.57070907684567, 27.86893732351323], [93.57079763096975, 27.868925523565427], [93.57088441631103, 27.868905988808184], [93.57096857048683, 27.868878911416353], [93.57104925626736, 27.868844562182204], [93.57112567235532, 27.868803280985947], [93.57119705967429, 27.86875547838453], [93.57126270765694, 27.86870163084709], [93.57132196412634, 27.86864227202009], [93.5713742415843, 27.86857799193346], [93.57141901900795, 27.86850943064815], [93.57145585173124, 27.868437267932634], [93.5714843732415, 27.868362221675216], [93.57150430146775, 27.868285038354685], [93.57151543698404, 27.868206484305123], [93.57151766929753, 27.868127340157123], [93.57151097684866, 27.868048392896654], [93.57149542611276, 27.867970427129574], [93.57147117070177, 27.867894217140197], [93.57143845316082, 27.867820521332277], [93.57139759688337, 27.86775007111073], [93.57134900970462, 27.86768356691089], [93.5712931731215, 27.867621670256625], [93.5712306431912, 27.86756499581865], [93.57116203975127, 27.867514106649242], [93.57108804641962, 27.867469509417077], [93.57100939801818, 27.867431646465338], [93.57092687518292, 27.867400894223056], [93.57084129897402, 27.867377559234086], [93.57075352009603, 27.86736187180371], [93.5706644108131, 27.86735398917481], [93.57057485596579, 27.86735398917481], [93.57048574668288, 27.86736187180371], [93.5703979678049, 27.867377559234086], [93.57031239159596, 27.867400894223056], [93.5702298687607, 27.867431646465338], [93.57015122035926, 27.867469509417077], [93.57007722702764, 27.867514106649242], [93.57000862358771, 27.86756499581865], [93.56994609365742, 27.867621670256625], [93.5698902570743, 27.86768356691089], [93.56984166989552, 27.86775007111073], [93.5698008136181, 27.867820521332277], [93.56976809607711, 27.867894217140197], [93.56974384066615, 27.867970427129574], [93.56972828993027, 27.868048392896654], [93.56972159748139, 27.868127340157123], [93.56972382979488, 27.868206484305123], [93.56973496531113, 27.868285038354685], [93.5697548935374, 27.868362221675216], [93.56978341504765, 27.868437267932634]], [[93.51538912113875, 27.867624108258997], [93.51547767526283, 27.867612308168187], [93.51556446060411, 27.867592773174195], [93.51564861477993, 27.867565695454207], [93.51572930056044, 27.867531345803762], [93.51580571664839, 27.867490064107205], [93.5158771039674, 27.867442260926456], [93.51594275195, 27.86738841273643], [93.51600200841942, 27.86732905319004], [93.5160542858774, 27.867264772324404], [93.51609906330106, 27.867196210208192], [93.51613589602432, 27.867124046618112], [93.5161644175346, 27.86704899945121], [93.51618434576086, 27.86697181519529], [93.51619548127712, 27.866893260193724], [93.5161977135906, 27.866814115086584], [93.51619102114174, 27.866735166869354], [93.51617547040584, 27.86665720015743], [93.51615121499485, 27.866580989244486], [93.51611849745389, 27.866507292543425], [93.51607764117647, 27.866436841468104], [93.5160290539977, 27.8663703364623], [93.51597321741458, 27.866308439057917], [93.5159106874843, 27.86625176393312], [93.51584208404435, 27.866200874147005], [93.5157680907127, 27.8661562763744], [93.51568944231128, 27.866118412963793], [93.51560691947603, 27.866087660348857], [93.5155213432671, 27.866064325077108], [93.51543356438913, 27.866048637456583], [93.51534445510617, 27.866040754732154], [93.51525490025887, 27.866040754732154], [93.51516579097596, 27.866048637456583], [93.51507801209797, 27.866064325077108], [93.51499243588906, 27.866087660348857], [93.5149099130538, 27.866118412963793], [93.51483126465234, 27.8661562763744], [93.51475727132073, 27.866200874147005], [93.51468866788079, 27.86625176393312], [93.5146261379505, 27.866308439057917], [93.51457030136737, 27.8663703364623], [93.5145217141886, 27.866436841468104], [93.51448085791118, 27.866507292543425], [93.51444814037019, 27.866580989244486], [93.51442388495923, 27.86665720015743], [93.51440833422335, 27.866735166869354], [93.51440164177447, 27.866814115086584], [93.51440387408795, 27.866893260193724], [93.5144150096042, 27.86697181519529], [93.51443493783049, 27.86704899945121], [93.51446345934076, 27.867124046618112], [93.51450029206401, 27.867196210208192], [93.51454506948767, 27.867264772324404], [93.51459734694562, 27.86732905319004], [93.51465660341502, 27.86738841273643], [93.51472225139767, 27.867442260926456], [93.51479363871668, 27.867490064107205], [93.51487005480465, 27.867531345803762], [93.51495074058514, 27.867565695454207], [93.51503489476096, 27.867592773174195], [93.51512168010225, 27.867612308168187], [93.51521023422633, 27.867624108258997], [93.51529967768252, 27.86762805432851], [93.51538912113875, 27.867624108258997]], [[93.5041948873966, 27.867602052674], [93.50418819494772, 27.86752310503082], [93.50417264421182, 27.86744513888581], [93.50414838880083, 27.867368928527007], [93.50411567125988, 27.86729523236181], [93.50407481498242, 27.86722478179875], [93.50402622780368, 27.867158277276552], [93.50397039122055, 27.867096380322245], [93.50390786129026, 27.867039705609496], [93.50383925785033, 27.86698881619344], [93.50376526451868, 27.866944218745076], [93.50368661611722, 27.866906355609807], [93.50360409328196, 27.866875603218446], [93.50351851707306, 27.86685226811636], [93.50343073819509, 27.866836580609917], [93.50334162891215, 27.866828697942825], [93.50325207406485, 27.866828697942825], [93.50316296478194, 27.866836580609917], [93.50307518590395, 27.86685226811636], [93.50298960969502, 27.866875603218446], [93.50290708685976, 27.866906355609807], [93.50282843845831, 27.866944218745076], [93.5027544451267, 27.86698881619344], [93.50268584168677, 27.867039705609496], [93.50262331175647, 27.867096380322245], [93.50256747517335, 27.867158277276552], [93.50251888799457, 27.86722478179875], [93.50247803171715, 27.86729523236181], [93.50244531417617, 27.867368928527007], [93.50242105876517, 27.86744513888581], [93.50240550802931, 27.86752310503082], [93.50239881558043, 27.867602052674], [93.50240104789393, 27.86768119720565], [93.50241218341017, 27.86775975163605], [93.50243211163645, 27.86783693533073], [93.5024606331467, 27.867911981951913], [93.50249746587, 27.867984145017264], [93.50254224329363, 27.86805270663498], [93.5025945207516, 27.868116987033204], [93.502653777221, 27.86817634614796], [93.50271942520365, 27.868230193946417], [93.50279081252266, 27.868277996779568], [93.50286722861063, 27.868319278175935], [93.50294791439111, 27.868353627576642], [93.50303206856694, 27.868380705099703], [93.50311885390822, 27.868400239951647], [93.5032074080323, 27.86841203995665], [93.5032968514885, 27.868415985997473], [93.50338629494473, 27.86841203995665], [93.5034748490688, 27.868400239951647], [93.50356163441009, 27.868380705099703], [93.50364578858589, 27.868353627576642], [93.5037264743664, 27.868319278175935], [93.50380289045437, 27.868277996779568], [93.50387427777335, 27.868230193946417], [93.503939925756, 27.86817634614796], [93.5039991822254, 27.868116987033204], [93.50405145968335, 27.86805270663498], [93.504096237107, 27.867984145017264], [93.50413306983029, 27.867911981951913], [93.50416159134058, 27.86783693533073], [93.50418151956681, 27.86775975163605], [93.50419265508309, 27.86768119720565], [93.5041948873966, 27.867602052674]], [[93.55044917461356, 27.86538653107917], [93.55053595995484, 27.865406066470893], [93.55062451407892, 27.86541786680194], [93.55071395753512, 27.865421812951794], [93.55080340099131, 27.86541786680194], [93.55089195511539, 27.865406066470893], [93.55097874045667, 27.86538653107917], [93.5510628946325, 27.86535945280794], [93.551143580413, 27.86532510245812], [93.55121999650095, 27.865283819921103], [93.55129138381996, 27.865236015767117], [93.55135703180261, 27.865182166480782], [93.55141628827201, 27.865122805725893], [93.55146856572996, 27.865058523551536], [93.55151334315362, 27.864989960039455], [93.55155017587691, 27.8649177949802], [93.55157869738719, 27.864842746285433], [93.55159862561342, 27.864765560458117], [93.55160976112973, 27.86468700385723], [93.55161199344317, 27.864607857138783], [93.55160530099432, 27.864528907314263], [93.55158975025844, 27.86445093901503], [93.55156549484745, 27.864374726550533], [93.55153277730649, 27.864301028349104], [93.55149192102904, 27.864230575839507], [93.55144333385027, 27.864164069479788], [93.55138749726717, 27.864102170815247], [93.55132496733685, 27.864045494536622], [93.55125636389695, 27.863994603714495], [93.55118237056529, 27.86395000503393], [93.55110372216384, 27.8639121408525], [93.55102119932859, 27.863881387611475], [93.5509356231197, 27.863858051864653], [93.55084784424169, 27.86384236392475], [93.55075873495878, 27.86383448103984], [93.55066918011147, 27.86383448103984], [93.55058007082856, 27.86384236392475], [93.55049229195053, 27.863858051864653], [93.55040671574166, 27.863881387611475], [93.55032419290639, 27.8639121408525], [93.55024554450493, 27.86395000503393], [93.55017155117332, 27.863994603714495], [93.5501029477334, 27.864045494536622], [93.55004041780309, 27.864102170815247], [93.54998458121997, 27.864164069479788], [93.5499359940412, 27.864230575839507], [93.54989513776374, 27.864301028349104], [93.5498624202228, 27.864374726550533], [93.54983816481179, 27.86445093901503], [93.54982261407591, 27.864528907314263], [93.54981592162707, 27.864607857138783], [93.54981815394055, 27.86468700385723], [93.54982928945681, 27.864765560458117], [93.54984921768305, 27.864842746285433], [93.54987773919333, 27.8649177949802], [93.54991457191662, 27.864989960039455], [93.54995934934027, 27.865058523551536], [93.55001162679822, 27.865122805725893], [93.55007088326762, 27.865182166480782], [93.55013653125027, 27.865236015767117], [93.55020791856928, 27.865283819921103], [93.55028433465723, 27.86532510245812], [93.55036502043774, 27.86535945280794], [93.55044917461356, 27.86538653107917]], [[93.49637474292952, 27.865365337490122], [93.4964632970536, 27.865353537153364], [93.49655008239489, 27.865334001752174], [93.49663423657071, 27.865306923467802], [93.4967149223512, 27.865272573101354], [93.49679133843917, 27.86523129054435], [93.49686272575818, 27.865183486367158], [93.49692837374083, 27.865129637054743], [93.49698763021023, 27.865070276271076], [93.49703990766818, 27.865005994065587], [93.49708468509182, 27.86493743052024], [93.49712151781512, 27.864865265426026], [93.49715003932539, 27.86479021669486], [93.49716996755164, 27.864713030830128], [93.49718110306789, 27.864634474191174], [93.49718333538138, 27.864555327434356], [93.49717664293254, 27.86447637757157], [93.49716109219665, 27.86439840923455], [93.49713683678566, 27.864322196733095], [93.4971041192447, 27.864248498495957], [93.49706326296725, 27.864178045952237], [93.49701467578846, 27.864111539560255], [93.49695883920539, 27.86404964086574], [93.49689630927506, 27.86399296455961], [93.49682770583513, 27.863942073712828], [93.4967537125035, 27.86389747501064], [93.49667506410206, 27.86385961081086], [93.4965925412668, 27.863828857554925], [93.4965069650579, 27.86380552179678], [93.49641918617989, 27.86378983384928], [93.49633007689698, 27.863781950960583], [93.49624052204967, 27.863781950960583], [93.49615141276675, 27.86378983384928], [93.49606363388875, 27.86380552179678], [93.49597805767985, 27.863828857554925], [93.49589553484459, 27.86385961081086], [93.49581688644315, 27.86389747501064], [93.49574289311153, 27.863942073712828], [93.49567428967158, 27.86399296455961], [93.49561175974127, 27.86404964086574], [93.49555592315818, 27.864111539560255], [93.4955073359794, 27.864178045952237], [93.49546647970195, 27.864248498495957], [93.49543376216099, 27.864322196733095], [93.49540950675001, 27.86439840923455], [93.49539395601411, 27.86447637757157], [93.49538726356526, 27.864555327434356], [93.49538949587873, 27.864634474191174], [93.49540063139501, 27.864713030830128], [93.49542055962125, 27.86479021669486], [93.49544908113153, 27.864865265426026], [93.49548591385482, 27.86493743052024], [93.49553069127847, 27.865005994065587], [93.49558296873643, 27.865070276271076], [93.49564222520583, 27.865129637054743], [93.49570787318848, 27.865183486367158], [93.49577926050749, 27.86523129054435], [93.49585567659544, 27.865272573101354], [93.49593636237594, 27.865306923467802], [93.49602051655177, 27.865334001752174], [93.49610730189306, 27.865353537153364], [93.49619585601712, 27.865365337490122], [93.49628529947331, 27.865369283641922], [93.49637474292952, 27.865365337490122]], [[93.53591405512576, 27.86139820772759], [93.53595088784905, 27.861470375130338], [93.53599566527271, 27.861538940869035], [93.53604794273066, 27.86160322513093], [93.53610719920006, 27.86166258781357], [93.53617284718271, 27.861716438848624], [93.5362442345017, 27.86176424455509], [93.53632065058964, 27.861805528432757], [93.53640133637018, 27.861839879898078], [93.536485490546, 27.86186695904869], [93.53657227588724, 27.861886495074835], [93.53666083001136, 27.8618982957891], [93.53675027346756, 27.861902242067117], [93.53683971692375, 27.8618982957891], [93.53692827104783, 27.861886495074835], [93.53701505638911, 27.86186695904869], [93.53709921056493, 27.861839879898078], [93.53717989634544, 27.861805528432757], [93.53725631243339, 27.86176424455509], [93.5373276997524, 27.861716438848624], [93.53739334773505, 27.86166258781357], [93.53745260420445, 27.86160322513093], [93.5375048816624, 27.861538940869035], [93.53754965908605, 27.861470375130338], [93.53758649180935, 27.86139820772759], [93.53761501331962, 27.861323156595613], [93.53763494154586, 27.861245968261727], [93.53764607706212, 27.86116740910977], [93.53764830937561, 27.861088259821074], [93.53764161692673, 27.861009307432752], [93.53762606619088, 27.860931336601524], [93.53760181077989, 27.8608551216621], [93.53756909323893, 27.860781421067408], [93.53752823696148, 27.86071096626995], [93.53747964978271, 27.860644457750492], [93.53742381319958, 27.86058255707589], [93.53736128326929, 27.860525878956757], [93.53729267982935, 27.86047498648201], [93.53721868649772, 27.860430386353176], [93.53714003809628, 27.860392520942156], [93.53705751526103, 27.86036176670245], [93.5369719390521, 27.860338430197842], [93.53688416017413, 27.860322741748504], [93.53679505089121, 27.860314858607648], [93.53670549604391, 27.860314858607648], [93.536616386761, 27.860322741748504], [93.53652860788297, 27.860338430197842], [93.53644303167408, 27.86036176670245], [93.53636050883881, 27.860392520942156], [93.53628186043737, 27.860430386353176], [93.53620786710573, 27.86047498648201], [93.53613926366579, 27.860525878956757], [93.5360767337355, 27.86058255707589], [93.53602089715237, 27.860644457750492], [93.53597230997363, 27.86071096626995], [93.53593145369618, 27.860781421067408], [93.53589873615523, 27.8608551216621], [93.53587448074423, 27.860931336601524], [93.53585893000835, 27.861009307432752], [93.5358522375595, 27.861088259821074], [93.53585446987294, 27.86116740910977], [93.53586560538923, 27.861245968261727], [93.53588553361548, 27.861323156595613], [93.53591405512576, 27.86139820772759]], [[93.54861792297426, 27.860329262851216], [93.54856933579548, 27.860395771564075], [93.54852847951805, 27.860466226566427], [93.5484957619771, 27.860539927375438], [93.5484715065661, 27.860616142536497], [93.54845595583022, 27.86069411359442], [93.54844926338134, 27.860773066212367], [93.54845149569483, 27.860852215731203], [93.54846263121108, 27.860930775111594], [93.54848255943735, 27.861007963669937], [93.54851108094763, 27.861083015020135], [93.54854791367089, 27.86115518263279], [93.54859269109454, 27.861223748570843], [93.54864496855252, 27.86128803301968], [93.54870422502194, 27.861347395874944], [93.54876987300459, 27.86140124706662], [93.54884126032356, 27.861449052912064], [93.54891767641152, 27.861490336909796], [93.54899836219205, 27.861524688474997], [93.54908251636783, 27.861551767704388], [93.54916930170913, 27.861571303787336], [93.54925785583319, 27.8615831045359], [93.54934729928942, 27.861587050825392], [93.54943674274563, 27.8615831045359], [93.5495252968697, 27.861571303787336], [93.54961208221098, 27.861551767704388], [93.54969623638681, 27.861524688474997], [93.54977692216731, 27.861490336909796], [93.54985333825528, 27.861449052912064], [93.54992472557427, 27.86140124706662], [93.54999037355692, 27.861347395874944], [93.55004963002632, 27.86128803301968], [93.55010190748428, 27.861223748570843], [93.55014668490793, 27.86115518263279], [93.55018351763123, 27.861083015020135], [93.55021203914146, 27.861007963669937], [93.55023196736775, 27.860930775111594], [93.550243102884, 27.860852215731203], [93.55024533519749, 27.860773066212367], [93.55023864274861, 27.86069411359442], [93.55022309201271, 27.860616142536497], [93.55019883660175, 27.860539927375438], [93.55016611906078, 27.860466226566427], [93.55012526278335, 27.860395771564075], [93.55007667560457, 27.860329262851216], [93.55002083902146, 27.86026736199661], [93.54995830909115, 27.860210683712694], [93.54988970565122, 27.860159791089927], [93.54981571231961, 27.86011519083143], [93.54973706391816, 27.86007732531027], [93.5496545410829, 27.86004657098118], [93.54956896487397, 27.860023234408697], [93.54948118599599, 27.86000754591375], [93.54939207671308, 27.85999966274993], [93.54930252186577, 27.85999966274993], [93.54921341258283, 27.86000754591375], [93.54912563370485, 27.860023234408697], [93.54904005749596, 27.86004657098118], [93.5489575346607, 27.86007732531027], [93.54887888625926, 27.86011519083143], [93.54880489292759, 27.860159791089927], [93.54873628948766, 27.860210683712694], [93.54867375955737, 27.86026736199661], [93.54861792297426, 27.860329262851216]], [[93.50471222177879, 27.860289919414857], [93.50476449923676, 27.860225634374082], [93.5048092766604, 27.86015706780461], [93.50484610938369, 27.86008489952745], [93.50487463089397, 27.860009847486143], [93.50489455912025, 27.85993265821702], [93.50490569463649, 27.85985409811322], [93.50490792694997, 27.859774947865542], [93.5049012345011, 27.859695994520607], [93.50488568376521, 27.859618022744694], [93.50486142835422, 27.859541806881825], [93.50482871081327, 27.859468105394185], [93.50478785453585, 27.859397649743077], [93.50473926735707, 27.859331140417797], [93.50468343077395, 27.85926923899321], [93.50462090084366, 27.85921256018739], [93.50455229740372, 27.859161667096014], [93.50447830407207, 27.85911706642679], [93.50439965567062, 27.859079200557005], [93.50431713283537, 27.859048445944705], [93.50423155662646, 27.859025109157333], [93.5041437777485, 27.85900942051795], [93.50405466846554, 27.85900153728155], [93.50396511361825, 27.85900153728155], [93.50387600433532, 27.85900942051795], [93.50378822545734, 27.859025109157333], [93.50370264924842, 27.859048445944705], [93.50362012641317, 27.859079200557005], [93.50354147801171, 27.85911706642679], [93.5034674846801, 27.859161667096014], [93.50339888124016, 27.85921256018739], [93.50333635130987, 27.85926923899321], [93.50328051472675, 27.859331140417797], [93.50323192754797, 27.859397649743077], [93.50319107127055, 27.859468105394185], [93.50315835372956, 27.859541806881825], [93.5031340983186, 27.859618022744694], [93.50311854758272, 27.859695994520607], [93.50311185513384, 27.859774947865542], [93.50311408744732, 27.85985409811322], [93.50312522296358, 27.85993265821702], [93.50314515118986, 27.860009847486143], [93.5031736727001, 27.86008489952745], [93.50321050542338, 27.86015706780461], [93.50325528284704, 27.860225634374082], [93.50330756030499, 27.860289919414857], [93.50336681677439, 27.860349282816756], [93.50343246475704, 27.86040313450431], [93.50350385207605, 27.860450940789992], [93.50358026816401, 27.860492225167874], [93.5036609539445, 27.860526577049413], [93.50374510812033, 27.860553656528133], [93.50383189346162, 27.860573192790987], [93.5039204475857, 27.860584993648235], [93.50400989104189, 27.860588939974065], [93.50409933449814, 27.860584993648235], [93.5041878886222, 27.860573192790987], [93.50427467396348, 27.860553656528133], [93.50435882813927, 27.860526577049413], [93.5044395139198, 27.860492225167874], [93.50451593000777, 27.860450940789992], [93.50458731732674, 27.86040313450431], [93.50465296530939, 27.860349282816756], [93.50471222177879, 27.860289919414857]], [[93.47164464777384, 27.860520910506605], [93.47163795532498, 27.860441957704985], [93.47162240458908, 27.860363986465682], [93.47159814917812, 27.86028777112734], [93.47156543163713, 27.860214070146856], [93.47152457535971, 27.860143614980643], [93.47147598818094, 27.86007710611307], [93.47142015159783, 27.860015205114472], [93.47135762166752, 27.85995852669867], [93.4712890182276, 27.859907633957548], [93.47121502489598, 27.85986303359526], [93.47113637649453, 27.859825167986052], [93.47105385365926, 27.859794413585384], [93.47096827745034, 27.85977107695863], [93.47088049857236, 27.859755388427168], [93.47079138928945, 27.859747505245043], [93.47070183444214, 27.859747505245043], [93.4706127251592, 27.859755388427168], [93.47052494628122, 27.85977107695863], [93.4704393700723, 27.859794413585384], [93.47035684723703, 27.859825167986052], [93.47027819883563, 27.85986303359526], [93.47020420550396, 27.859907633957548], [93.47013560206403, 27.85995852669867], [93.47007307213374, 27.860015205114472], [93.47001723555063, 27.86007710611307], [93.46996864837185, 27.860143614980643], [93.46992779209442, 27.860214070146856], [93.46989507455346, 27.86028777112734], [93.46987081914247, 27.860363986465682], [93.46985526840659, 27.860441957704985], [93.46984857595771, 27.860520910506605], [93.46985080827119, 27.86060006020958], [93.46986194378745, 27.860678619772738], [93.46988187201373, 27.860755808510657], [93.469910393524, 27.860830860035456], [93.46994722624726, 27.860903027815965], [93.46999200367091, 27.860971593913558], [93.4700442811289, 27.86103587851193], [93.4701035375983, 27.861095241505293], [93.47016918558091, 27.86114909282222], [93.47024057289993, 27.86119689877892], [93.47031698898788, 27.86123818287265], [93.47039767476838, 27.8612725345178], [93.4704818289442, 27.861299613810164], [93.4705686142855, 27.861319149938545], [93.47065716840957, 27.861330950714574], [93.47074661186579, 27.86133489701328], [93.470836055322, 27.861330950714574], [93.47092460944607, 27.861319149938545], [93.47101139478735, 27.861299613810164], [93.47109554896318, 27.8612725345178], [93.47117623474368, 27.86123818287265], [93.47125265083164, 27.86119689877892], [93.47132403815064, 27.86114909282222], [93.47138968613329, 27.861095241505293], [93.47144894260269, 27.86103587851193], [93.47150122006065, 27.860971593913558], [93.4715459974843, 27.860903027815965], [93.47158283020757, 27.860830860035456], [93.47161135171783, 27.860755808510657], [93.4716312799441, 27.860678619772738], [93.47164241546037, 27.86060006020958], [93.47164464777384, 27.860520910506605]], [[93.5455017768481, 27.858354347509074], [93.54557316416711, 27.8584021546983], [93.54564958025507, 27.8584434398565], [93.54573026603555, 27.85847779238732], [93.54581442021139, 27.858504872377864], [93.54590120555267, 27.858524409009956], [93.54598975967674, 27.85853621009025], [93.54607920313298, 27.858540156490655], [93.54616864658918, 27.85853621009025], [93.54625720071324, 27.858524409009956], [93.54634398605452, 27.858504872377864], [93.54642814023036, 27.85847779238732], [93.54650882601085, 27.8584434398565], [93.54658524209881, 27.8584021546983], [93.54665662941781, 27.858354347509074], [93.54672227740046, 27.858300494803668], [93.54678153386988, 27.858241130279758], [93.54683381132783, 27.85817684402396], [93.54687858875147, 27.85810827615858], [93.54691542147474, 27.858036106517368], [93.54694394298501, 27.85796105305757], [93.54696387121129, 27.85788386232954], [93.54697500672754, 27.85780530074093], [93.54697723904104, 27.857726148997283], [93.54697054659216, 27.857647194160094], [93.54695499585627, 27.857569220910516], [93.5469307404453, 27.857493003607164], [93.54689802290433, 27.85741930072653], [93.5468571666269, 27.857348843743825], [93.54680857944813, 27.85728233316154], [93.546752742865, 27.857220430566976], [93.5466902129347, 27.857163750689935], [93.54662160949478, 27.857112856636682], [93.54654761616315, 27.85706825512455], [93.54646896776171, 27.8570303885391], [93.54638644492645, 27.856999633345534], [93.54630086871751, 27.856976296117107], [93.54621308983954, 27.856960607181183], [93.54612398055663, 27.856952723795782], [93.54603442570932, 27.856952723795782], [93.54594531642638, 27.856960607181183], [93.5458575375484, 27.856976296117107], [93.54577196133947, 27.856999633345534], [93.54568943850421, 27.8570303885391], [93.5456107901028, 27.85706825512455], [93.54553679677115, 27.857112856636682], [93.54546819333122, 27.857163750689935], [93.54540566340091, 27.857220430566976], [93.5453498268178, 27.85728233316154], [93.54530123963902, 27.857348843743825], [93.5452603833616, 27.85741930072653], [93.54522766582065, 27.857493003607164], [93.54520341040966, 27.857569220910516], [93.54518785967376, 27.857647194160094], [93.54518116722488, 27.857726148997283], [93.54518339953837, 27.85780530074093], [93.54519453505462, 27.85788386232954], [93.5452144632809, 27.85796105305757], [93.54524298479119, 27.858036106517368], [93.54527981751444, 27.85810827615858], [93.54532459493808, 27.85817684402396], [93.54537687239608, 27.858241130279758], [93.54543612886548, 27.858300494803668], [93.5455017768481, 27.858354347509074]], [[93.512477544759, 27.858326076172357], [93.51256609888306, 27.858314275069187], [93.51265288422434, 27.858294738399234], [93.51273703840016, 27.85826765835621], [93.51281772418066, 27.858233305758777], [93.51289414026861, 27.858192020520555], [93.51296552758762, 27.85814421323866], [93.51303117557028, 27.858090360428854], [93.51309043203968, 27.858030995789886], [93.51314270949763, 27.85796670940946], [93.51318748692128, 27.85789814141117], [93.51322431964458, 27.857825971630064], [93.51325284115485, 27.857750918024774], [93.51327276938109, 27.857673727147134], [93.51328390489735, 27.857595165406227], [93.51328613721084, 27.857516013509162], [93.51327944476196, 27.857437058518926], [93.51326389402611, 27.857359085118194], [93.51323963861512, 27.85728286766711], [93.51320692107416, 27.857209164643617], [93.5131660647967, 27.857138707524328], [93.51311747761794, 27.857072196813114], [93.51306164103481, 27.85701029409857], [93.51299911110452, 27.85695361411166], [93.51293050766458, 27.85690271995976], [93.51285651433295, 27.856858118361163], [93.51277786593151, 27.85682025170232], [93.51269534309625, 27.85678949644914], [93.51260976688737, 27.856766159175486], [93.51252198800935, 27.856750470209143], [93.51243287872644, 27.856742586808462], [93.51234332387914, 27.856742586808462], [93.51225421459623, 27.856750470209143], [93.5121664357182, 27.856766159175486], [93.51208085950933, 27.85678949644914], [93.51199833667405, 27.85682025170232], [93.51191968827261, 27.856858118361163], [93.51184569494096, 27.85690271995976], [93.51177709150106, 27.85695361411166], [93.51171456157073, 27.85701029409857], [93.51165872498764, 27.857072196813114], [93.51161013780887, 27.857138707524328], [93.51156928153141, 27.857209164643617], [93.51153656399046, 27.85728286766711], [93.51151230857946, 27.857359085118194], [93.51149675784357, 27.857437058518926], [93.51149006539474, 27.857516013509162], [93.51149229770817, 27.857595165406227], [93.51150343322448, 27.857673727147134], [93.51152336145071, 27.857750918024774], [93.511551882961, 27.857825971630064], [93.51158871568428, 27.85789814141117], [93.51163349310794, 27.85796670940946], [93.51168577056589, 27.858030995789886], [93.51174502703529, 27.858090360428854], [93.51181067501794, 27.85814421323866], [93.51188206233695, 27.858192020520555], [93.5119584784249, 27.858233305758777], [93.5120391642054, 27.85826765835621], [93.51212331838123, 27.858294738399234], [93.51221010372248, 27.858314275069187], [93.51229865784659, 27.858326076172357], [93.51238810130279, 27.85833002258042], [93.512477544759, 27.858326076172357]], [[93.46926736956215, 27.85780073959559], [93.46935592368621, 27.857788938435192], [93.46944270902752, 27.857769401670563], [93.46952686320333, 27.857742321496293], [93.46960754898382, 27.85770796873243], [93.46968396507178, 27.857666683294138], [93.46975535239079, 27.85761887578052], [93.46982100037344, 27.85756502270978], [93.46988025684286, 27.857505657783125], [93.4699325343008, 27.857441371091173], [93.46997731172445, 27.857372802760565], [93.47001414444775, 27.857300632629762], [93.47004266595802, 27.857225578660735], [93.47006259418426, 27.85714838740902], [93.4700737297005, 27.857069825287414], [93.47007596201401, 27.856990673006774], [93.47006926956516, 27.856911717633942], [93.47005371882926, 27.85683374385535], [93.47002946341829, 27.856757526034915], [93.46999674587732, 27.85668382265427], [93.46995588959987, 27.856613365193578], [93.46990730242109, 27.856546854160037], [93.46985146583798, 27.85648495114555], [93.46978893590767, 27.856428270883946], [93.46972033246774, 27.856377376485447], [93.46964633913612, 27.85633277467069], [93.46956769073468, 27.856294907828357], [93.46948516789942, 27.85626415242613], [93.46939959169052, 27.856240815039378], [93.4693118128125, 27.856225125997017], [93.4692227035296, 27.85621724255817], [93.4691331486823, 27.85621724255817], [93.46904403939938, 27.856225125997017], [93.46895626052137, 27.856240815039378], [93.46887068431248, 27.85626415242613], [93.4687881614772, 27.856294907828357], [93.46870951307577, 27.85633277467069], [93.46863551974414, 27.856377376485447], [93.46856691630421, 27.856428270883946], [93.46850438637388, 27.85648495114555], [93.4684485497908, 27.856546854160037], [93.46839996261203, 27.856613365193578], [93.46835910633456, 27.85668382265427], [93.46832638879361, 27.856757526034915], [93.46830213338262, 27.85683374385535], [93.46828658264673, 27.856911717633942], [93.46827989019789, 27.856990673006774], [93.46828212251134, 27.857069825287414], [93.46829325802763, 27.85714838740902], [93.46831318625388, 27.857225578660735], [93.46834170776415, 27.857300632629762], [93.46837854048744, 27.857372802760565], [93.46842331791109, 27.857441371091173], [93.46847559536904, 27.857505657783125], [93.46853485183844, 27.85756502270978], [93.4686004998211, 27.85761887578052], [93.4686718871401, 27.857666683294138], [93.46874830322807, 27.85770796873243], [93.46882898900856, 27.857742321496293], [93.46891314318438, 27.857769401670563], [93.46899992852568, 27.857788938435192], [93.46908848264975, 27.85780073959559], [93.46917792610594, 27.857804686022774], [93.46926736956215, 27.85780073959559]], [[93.53445074713865, 27.856233084092086], [93.5345030245966, 27.856297371500553], [93.53456228106602, 27.85635673708888], [93.53462792904865, 27.85641059075988], [93.53469931636764, 27.856458398806303], [93.5347757324556, 27.856499684704744], [93.53485641823612, 27.85653403785152], [93.53494057241191, 27.856561118327626], [93.53502735775321, 27.856580655309997], [93.53511591187727, 27.856592456601888], [93.5352053553335, 27.856596403073066], [93.5352947987897, 27.856592456601888], [93.53538335291378, 27.856580655309997], [93.53547013825506, 27.856561118327626], [93.53555429243089, 27.85653403785152], [93.53563497821138, 27.856499684704744], [93.53571139429934, 27.856458398806303], [93.53578278161835, 27.85641059075988], [93.535848429601, 27.85635673708888], [93.5359076860704, 27.856297371500553], [93.53595996352836, 27.856233084092086], [93.53600474095201, 27.856164514997293], [93.5360415736753, 27.856092344062077], [93.53607009518554, 27.85601728925656], [93.53609002341183, 27.85594009714452], [93.53610115892808, 27.855861534147294], [93.53610339124157, 27.855782380984472], [93.53609669879269, 27.855703424731633], [93.5360811480568, 27.85562545008402], [93.53605689264583, 27.855549231414123], [93.53602417510486, 27.85547552721202], [93.53598331882743, 27.855405068966036], [93.53593473164865, 27.855338557191246], [93.53587889506554, 27.855276653486797], [93.53581636513523, 27.855219972593517], [93.5357477616953, 27.855169077627778], [93.5356737683637, 27.855124475315936], [93.53559511996224, 27.855086608051568], [93.53551259712698, 27.85505585230657], [93.53542702091805, 27.855032514659722], [93.53533924204007, 27.855016825442508], [93.53525013275716, 27.855008941915763], [93.53516057790985, 27.855008941915763], [93.53507146862691, 27.855016825442508], [93.53498368974893, 27.855032514659722], [93.53489811354004, 27.85505585230657], [93.53481559070478, 27.855086608051568], [93.53473694230333, 27.855124475315936], [93.53466294897167, 27.855169077627778], [93.53459434553174, 27.855219972593517], [93.53453181560145, 27.855276653486797], [93.53447597901832, 27.855338557191246], [93.53442739183954, 27.855405068966036], [93.53438653556212, 27.85547552721202], [93.53435381802117, 27.855549231414123], [93.53432956261018, 27.85562545008402], [93.53431401187429, 27.855703424731633], [93.53430731942541, 27.855782380984472], [93.53430955173891, 27.855861534147294], [93.53432068725516, 27.85594009714452], [93.53434061548143, 27.85601728925656], [93.53436913699171, 27.856092344062077], [93.534405969715, 27.856164514997293], [93.53445074713865, 27.856233084092086]], [[93.56934488806867, 27.85506128324886], [93.56938966549232, 27.85512985304142], [93.56944194295028, 27.855194141104075], [93.56950119941968, 27.855253507296492], [93.56956684740233, 27.855307361515486], [93.56963823472134, 27.855355170048433], [93.5697146508093, 27.855396456367], [93.56979533658979, 27.855430809863346], [93.56987949076562, 27.855457890615014], [93.5699662761069, 27.855477427796234], [93.57005483023097, 27.85548922920822], [93.57014427368718, 27.855493175719538], [93.57023371714338, 27.85548922920822], [93.57032227126749, 27.855477427796234], [93.57040905660877, 27.855457890615014], [93.57049321078456, 27.855430809863346], [93.5705738965651, 27.855396456367], [93.57065031265304, 27.855355170048433], [93.57072169997201, 27.855307361515486], [93.57078734795466, 27.855253507296492], [93.57084660442408, 27.855194141104075], [93.57089888188203, 27.85512985304142], [93.57094365930568, 27.85506128324886], [93.57098049202897, 27.854989111579243], [93.57100901353925, 27.85491405600995], [93.57102894176549, 27.8548368631124], [93.57104007728178, 27.854758299315762], [93.57104230959526, 27.854679145347482], [93.57103561714638, 27.854600188291197], [93.5710200664105, 27.8545222128501], [93.5709958109995, 27.854445993404607], [93.57096309345856, 27.854372288452552], [93.5709222371811, 27.854301829489582], [93.57087365000235, 27.854235317037972], [93.57081781341923, 27.854173412703645], [93.57075528348895, 27.854116731233592], [93.57068668004901, 27.854065835749953], [93.57061268671735, 27.854021232984238], [93.5705340383159, 27.85398336533455], [93.57045151548064, 27.853952609276597], [93.57036593927175, 27.85392927139228], [93.57027816039374, 27.853913582015437], [93.57018905111083, 27.85390569840848], [93.57009949626352, 27.85390569840848], [93.57001038698061, 27.853913582015437], [93.56992260810263, 27.85392927139228], [93.56983703189371, 27.853952609276597], [93.56975450905846, 27.85398336533455], [93.569675860657, 27.854021232984238], [93.56960186732539, 27.854065835749953], [93.56953326388545, 27.854116731233592], [93.56947073395514, 27.854173412703645], [93.56941489737203, 27.854235317037972], [93.56936631019326, 27.854301829489582], [93.56932545391584, 27.854372288452552], [93.56929273637485, 27.854445993404607], [93.56926848096384, 27.8545222128501], [93.569252930228, 27.854600188291197], [93.56924623777913, 27.854679145347482], [93.5692484700926, 27.854758299315762], [93.56925960560886, 27.8548368631124], [93.56927953383514, 27.85491405600995], [93.56930805534539, 27.854989111579243], [93.56934488806867, 27.85506128324886]], [[93.53020353583152, 27.85499083267594], [93.53026279230093, 27.8549314663397], [93.53031506975888, 27.854867178121285], [93.53035984718254, 27.85479860816259], [93.53039667990582, 27.854726436318103], [93.53042520141611, 27.854651380566985], [93.53044512964235, 27.854574187482406], [93.5304562651586, 27.854495623495428], [93.53045849747208, 27.854416469335387], [93.5304518050232, 27.8543375120878], [93.53043625428735, 27.85425953645783], [93.53041199887636, 27.85418331682767], [93.53037928133541, 27.85410961169701], [93.53033842505795, 27.85403915256336], [93.53028983787917, 27.853972639950594], [93.53023400129605, 27.853910735466286], [93.53017147136576, 27.85385405385892], [93.53010286792582, 27.853803158251967], [93.53002887459421, 27.85375855537824], [93.52995022619275, 27.853720687636773], [93.5298677033575, 27.853689931504334], [93.5297821271486, 27.853666593563474], [93.5296943482706, 27.853650904148598], [93.52960523898768, 27.853643020522544], [93.52951568414038, 27.853643020522544], [93.52942657485747, 27.853650904148598], [93.52933879597946, 27.853666593563474], [93.52925321977055, 27.853689931504334], [93.5291706969353, 27.853720687636773], [93.52909204853384, 27.85375855537824], [93.5290180552022, 27.853803158251967], [93.52894945176226, 27.85385405385892], [93.52888692183197, 27.853910735466286], [93.52883108524888, 27.853972639950594], [93.5287824980701, 27.85403915256336], [93.52874164179265, 27.85410961169701], [93.5287089242517, 27.85418331682767], [93.5286846688407, 27.85425953645783], [93.5286691181048, 27.8543375120878], [93.52866242565597, 27.854416469335387], [93.52866465796943, 27.854495623495428], [93.5286757934857, 27.854574187482406], [93.52869572171196, 27.854651380566985], [93.52872424322223, 27.854726436318103], [93.52876107594552, 27.85479860816259], [93.52880585336916, 27.854867178121285], [93.52885813082713, 27.8549314663397], [93.52891738729653, 27.85499083267594], [93.52898303527918, 27.85504468702544], [93.52905442259815, 27.8550924956742], [93.52913083868616, 27.855133782092786], [93.52921152446665, 27.85516813567236], [93.52929567864247, 27.855195216489676], [93.52938246398372, 27.855214753718197], [93.52947101810783, 27.855226555158772], [93.52956046156403, 27.855230501679657], [93.52964990502022, 27.855226555158772], [93.5297384591443, 27.855214753718197], [93.5298252444856, 27.855195216489676], [93.52990939866142, 27.85516813567236], [93.5299900844419, 27.855133782092786], [93.53006650052986, 27.8550924956742], [93.53013788784887, 27.85504468702544], [93.53020353583152, 27.85499083267594]], [[93.56094176662664, 27.853644608208317], [93.56102592080246, 27.853671689406138], [93.56111270614375, 27.853691226909206], [93.56120126026781, 27.85370302851563], [93.56129070372405, 27.85370697509198], [93.56138014718024, 27.85370302851563], [93.56146870130432, 27.853691226909206], [93.56155548664562, 27.853671689406138], [93.56163964082144, 27.853644608208317], [93.56172032660194, 27.85361025414601], [93.56179674268989, 27.85356896714725], [93.5618681300089, 27.85352115782667], [93.56193377799156, 27.85346730272044], [93.56199303446095, 27.853407935549978], [93.56204531191891, 27.853343646428193], [93.56209008934256, 27.853275075505945], [93.56212692206581, 27.853202902647347], [93.56215544357609, 27.853127845841556], [93.56217537180237, 27.85305065167228], [93.56218650731863, 27.85297208658132], [93.5621887396321, 27.852892931309025], [93.56218204718323, 27.852813972952006], [93.56216649644735, 27.8527359962263], [93.56214224103638, 27.852659775525147], [93.5621095234954, 27.85258606935882], [93.56206866721797, 27.85251560923514], [93.56202008003919, 27.852449095687774], [93.56196424345607, 27.852387190333623], [93.56190171352578, 27.85233050792977], [93.56183311008584, 27.85227961160769], [93.56175911675419, 27.8522350081072], [93.56168046835278, 27.852197139833667], [93.56159794551752, 27.85216638326904], [93.5615123693086, 27.85214304500027], [93.56142459043062, 27.852127355364914], [93.56133548114771, 27.85211947162811], [93.5612459263004, 27.85211947162811], [93.56115681701745, 27.852127355364914], [93.56106903813948, 27.85214304500027], [93.56098346193055, 27.85216638326904], [93.56090093909529, 27.852197139833667], [93.56082229069388, 27.8522350081072], [93.56074829736222, 27.85227961160769], [93.56067969392228, 27.85233050792977], [93.56061716399199, 27.852387190333623], [93.56056132740888, 27.852449095687774], [93.56051274023011, 27.85251560923514], [93.56047188395269, 27.85258606935882], [93.56043916641173, 27.852659775525147], [93.56041491100073, 27.8527359962263], [93.56039936026484, 27.852813972952006], [93.56039266781598, 27.852892931309025], [93.56039490012945, 27.85297208658132], [93.56040603564571, 27.85305065167228], [93.56042596387198, 27.853127845841556], [93.56045448538225, 27.853202902647347], [93.56049131810552, 27.853275075505945], [93.56053609552917, 27.853343646428193], [93.56058837298716, 27.853407935549978], [93.56064762945653, 27.85346730272044], [93.56071327743918, 27.85352115782667], [93.56078466475817, 27.85356896714725], [93.56086108084614, 27.85361025414601], [93.56094176662664, 27.853644608208317]], [[93.50855273251914, 27.853642827522236], [93.5085895652424, 27.8535706549084], [93.50861808675269, 27.85349559835718], [93.50863801497896, 27.85341840444973], [93.5086491504952, 27.85333983962526], [93.50865138280871, 27.853260684621432], [93.50864469035983, 27.853181726532192], [93.50862913962393, 27.853103750071003], [93.50860488421294, 27.853027529628328], [93.508572166672, 27.852953823712006], [93.50853131039457, 27.852883363827274], [93.50848272321579, 27.852816850505498], [93.50842688663266, 27.852754945361315], [93.50836435670237, 27.852698263149733], [93.50829575326244, 27.85264736700024], [93.50822175993079, 27.85260276365103], [93.50814311152938, 27.852564895505942], [93.50806058869412, 27.85253413904565], [93.50797501248518, 27.85251080085601], [93.5078872336072, 27.852495111273896], [93.50779812432427, 27.8524872275638], [93.50770856947696, 27.8524872275638], [93.50761946019405, 27.852495111273896], [93.50753168131607, 27.85251080085601], [93.50744610510714, 27.85253413904565], [93.50736358227188, 27.852564895505942], [93.50728493387047, 27.85260276365103], [93.50721094053881, 27.85264736700024], [93.50714233709888, 27.852698263149733], [93.50707980716858, 27.852754945361315], [93.50702397058546, 27.852816850505498], [93.50697538340668, 27.852883363827274], [93.50693452712926, 27.852953823712006], [93.50690180958829, 27.853027529628328], [93.50687755417732, 27.853103750071003], [93.50686200344143, 27.853181726532192], [93.50685531099255, 27.853260684621432], [93.50685754330604, 27.85333983962526], [93.50686867882229, 27.85341840444973], [93.50688860704857, 27.85349559835718], [93.50691712855885, 27.8535706549084], [93.50695396128211, 27.853642827522236], [93.50699873870575, 27.853711398211885], [93.50705101616371, 27.853775687115622], [93.50711027263311, 27.85383505408473], [93.50717592061577, 27.853888909008305], [93.50724730793478, 27.853936718166704], [93.50732372402274, 27.853978005025432], [93.50740440980323, 27.854012358971215], [93.50748856397905, 27.85403944007721], [93.50757534932033, 27.854058977514004], [93.50766390344441, 27.85407077908039], [93.50775334690061, 27.854074725643347], [93.50784279035685, 27.85407077908039], [93.50793134448091, 27.854058977514004], [93.5080181298222, 27.85403944007721], [93.50810228399803, 27.854012358971215], [93.50818296977852, 27.853978005025432], [93.50825938586648, 27.853936718166704], [93.50833077318549, 27.853888909008305], [93.50839642116811, 27.85383505408473], [93.50845567763751, 27.853775687115622], [93.5085079550955, 27.853711398211885], [93.50855273251914, 27.853642827522236]], [[93.57255356426235, 27.85117361761238], [93.572598341686, 27.851242189863605], [93.57265061914394, 27.85130648023136], [93.57270987561336, 27.851365848552398], [93.57277552359601, 27.851419704702383], [93.57284691091502, 27.851467514949523], [93.57292332700298, 27.85150880274846], [93.57300401278347, 27.85154315747661], [93.5730881669593, 27.851570239199287], [93.57317495230059, 27.851589777081003], [93.57326350642465, 27.851601578916146], [93.57335294988086, 27.85160552556897], [93.57344239333705, 27.851601578916146], [93.57353094746112, 27.851589777081003], [93.57361773280242, 27.851570239199287], [93.57370188697824, 27.85154315747661], [93.57378257275873, 27.85150880274846], [93.5738589888467, 27.851467514949523], [93.5739303761657, 27.851419704702383], [93.57399602414836, 27.851365848552398], [93.57405528061776, 27.85130648023136], [93.57410755807571, 27.851242189863605], [93.57415233549936, 27.85117361761238], [93.57418916822265, 27.851101443355], [93.57421768973292, 27.851026385094585], [93.57423761795917, 27.850949189429254], [93.57424875347546, 27.85087062281565], [93.57425098578891, 27.850791466009294], [93.57424429334007, 27.850712506121987], [93.57422874260418, 27.85063452788509], [93.57420448719319, 27.850558305706762], [93.57417176965224, 27.850484598111986], [93.57413091337477, 27.850414136622728], [93.57408232619599, 27.850347621786362], [93.57402648961292, 27.85028571523248], [93.57396395968259, 27.850229031730105], [93.57389535624264, 27.85017813442164], [93.57382136291103, 27.85013353005674], [93.57374271450958, 27.850095661049327], [93.57366019167432, 27.850064903888626], [93.57357461546542, 27.85004156516755], [93.57348683658742, 27.850025875228148], [93.5733977273045, 27.850017991338554], [93.5733081724572, 27.850017991338554], [93.57321906317429, 27.850025875228148], [93.57313128429628, 27.85004156516755], [93.57304570808738, 27.850064903888626], [93.57296318525212, 27.850095661049327], [93.57288453685068, 27.85013353005674], [93.57281054351905, 27.85017813442164], [93.57274194007913, 27.850229031730105], [93.5726794101488, 27.85028571523248], [93.5726235735657, 27.850347621786362], [93.57257498638693, 27.850414136622728], [93.57253413010947, 27.850484598111986], [93.57250141256853, 27.850558305706762], [93.57247715715754, 27.85063452788509], [93.57246160642164, 27.850712506121987], [93.57245491397279, 27.850791466009294], [93.57245714628628, 27.85087062281565], [93.57246828180254, 27.850949189429254], [93.57248821002878, 27.851026385094585], [93.57251673153905, 27.851101443355], [93.57255356426235, 27.85117361761238]], [[93.48167424988613, 27.851118239540895], [93.48176280401023, 27.851106437653147], [93.4818495893515, 27.851086899684333], [93.48193374352732, 27.851059817840948], [93.48201442930784, 27.85102546295966], [93.4820908453958, 27.850984174976684], [93.48216223271477, 27.850936364516436], [93.48222788069742, 27.850882508126368], [93.48228713716684, 27.850823139540726], [93.48233941462479, 27.850758848886386], [93.48238419204844, 27.850690276329544], [93.48242102477172, 27.85061810175047], [93.48244954628201, 27.85054304315548], [93.48246947450825, 27.85046584714606], [93.48248061002452, 27.850387280182265], [93.48248284233799, 27.850308123023087], [93.48247614988914, 27.85022916278383], [93.48246059915327, 27.850151184199365], [93.48243634374226, 27.85007496168129], [93.48240362620132, 27.850001253757988], [93.48236276992385, 27.84993079195467], [93.4823141827451, 27.849864276821823], [93.48225834616198, 27.84980236999197], [93.48219581623171, 27.849745686236993], [93.48212721279177, 27.849694788701683], [93.4820532194601, 27.849650184137946], [93.48197457105866, 27.849612314961757], [93.4818920482234, 27.84958155766396], [93.48180647201451, 27.849558218838858], [93.4817186931365, 27.849542528829524], [93.48162958385359, 27.8495346449048], [93.48154002900628, 27.8495346449048], [93.48145091972337, 27.849542528829524], [93.48136314084539, 27.849558218838858], [93.48127756463647, 27.84958155766396], [93.4811950418012, 27.849612314961757], [93.48111639339974, 27.849650184137946], [93.48104240006813, 27.849694788701683], [93.4809737966282, 27.849745686236993], [93.4809112666979, 27.84980236999197], [93.48085543011479, 27.849864276821823], [93.48080684293602, 27.84993079195467], [93.48076598665855, 27.850001253757988], [93.48073326911761, 27.85007496168129], [93.4807090137066, 27.850151184199365], [93.48069346297075, 27.85022916278383], [93.48068677052187, 27.850308123023087], [93.48068900283536, 27.850387280182265], [93.48070013835161, 27.85046584714606], [93.4807200665779, 27.85054304315548], [93.48074858808813, 27.85061810175047], [93.48078542081143, 27.850690276329544], [93.48083019823508, 27.850758848886386], [93.48088247569304, 27.850823139540726], [93.48094173216244, 27.850882508126368], [93.48100738014509, 27.850936364516436], [93.48107876746408, 27.850984174976684], [93.48115518355206, 27.85102546295966], [93.48123586933255, 27.851059817840948], [93.48132002350837, 27.851086899684333], [93.48140680884966, 27.851106437653147], [93.48149536297373, 27.851118239540895], [93.48158480642994, 27.851122186211306], [93.48167424988613, 27.851118239540895]], [[93.49072042942598, 27.84689459318152], [93.490632650548, 27.846910283573962], [93.49054707433912, 27.846933622968916], [93.49046455150385, 27.84696438101768], [93.4903859031024, 27.847002251118532], [93.49031190977075, 27.847046856771343], [93.49024330633081, 27.8470977555494], [93.49018077640052, 27.847154440688463], [93.4901249398174, 27.84721634902983], [93.49007635263862, 27.847282865786806], [93.4900354963612, 27.847353329310536], [93.49000277882026, 27.847427039033576], [93.48997852340925, 27.847503263412772], [93.48996297267337, 27.847581243901242], [93.48995628022449, 27.847660206068475], [93.48995851253797, 27.84773936516045], [93.48996964805423, 27.847817934042645], [93.48998957628051, 27.847895131936973], [93.4900180977908, 27.847970192364716], [93.49005493051403, 27.848042368706096], [93.49009970793769, 27.84811094293732], [93.49015198539568, 27.848175235161467], [93.49021124186508, 27.848234605196772], [93.4902768898477, 27.848288462901856], [93.49034827716672, 27.84833627452956], [93.49042469325467, 27.848377563520657], [93.49050537903516, 27.84841191924081], [93.49058953321098, 27.848439001745483], [93.49067631855227, 27.84845854019137], [93.49076487267635, 27.848470342367275], [93.49085431613258, 27.848474289134106], [93.49094375958879, 27.848470342367275], [93.49103231371285, 27.84845854019137], [93.49111909905415, 27.848439001745483], [93.49120325322995, 27.84841191924081], [93.49128393901046, 27.848377563520657], [93.49136035509841, 27.84833627452956], [93.49143174241742, 27.848288462901856], [93.49149739040007, 27.848234605196772], [93.49155664686947, 27.848175235161467], [93.49160892432742, 27.84811094293732], [93.49165370175109, 27.848042368706096], [93.49169053447434, 27.847970192364716], [93.49171905598462, 27.847895131936973], [93.49173898421088, 27.847817934042645], [93.49175011972714, 27.84773936516045], [93.49175235204063, 27.847660206068475], [93.49174565959177, 27.847581243901242], [93.49173010885588, 27.847503263412772], [93.49170585344491, 27.847427039033576], [93.49167313590392, 27.847353329310536], [93.4916322796265, 27.847282865786806], [93.49158369244773, 27.84721634902983], [93.49152785586462, 27.847154440688463], [93.49146532593431, 27.8470977555494], [93.49139672249437, 27.847046856771343], [93.49132272916275, 27.847002251118532], [93.4912440807613, 27.84696438101768], [93.49116155792605, 27.846933622968916], [93.49107598171712, 27.846910283573962], [93.49098820283915, 27.84689459318152], [93.49089909355624, 27.846886709064297], [93.49080953870893, 27.846886709064297], [93.49072042942598, 27.84689459318152]], [[93.57809980774228, 27.846956186338517], [93.57810204005574, 27.847035345944356], [93.57811317557203, 27.84711391533657], [93.57813310379825, 27.84719111373204], [93.57816162530854, 27.847266174647007], [93.57819845803182, 27.847338351456933], [93.57824323545549, 27.847406926133296], [93.57829551291343, 27.847471218774796], [93.57835476938284, 27.847530589195504], [93.57842041736549, 27.847584447250235], [93.57849180468446, 27.847632259188284], [93.57856822077242, 27.847673548447453], [93.57864890655296, 27.84770790439061], [93.57873306072877, 27.847734987071092], [93.57881984607003, 27.847754525643808], [93.57890840019414, 27.847766327896352], [93.57899784365033, 27.847770274688756], [93.57908728710653, 27.847766327896352], [93.57917584123061, 27.847754525643808], [93.57926262657189, 27.847734987071092], [93.57934678074771, 27.84770790439061], [93.57942746652822, 27.847673548447453], [93.57950388261618, 27.847632259188284], [93.57957526993518, 27.847584447250235], [93.57964091791783, 27.847530589195504], [93.57970017438723, 27.847471218774796], [93.57975245184518, 27.847406926133296], [93.57979722926883, 27.847338351456933], [93.57983406199213, 27.847266174647007], [93.57986258350236, 27.84719111373204], [93.57988251172866, 27.84711391533657], [93.5798936472449, 27.847035345944356], [93.57989587955839, 27.846956186338517], [93.57988918710952, 27.846877223658705], [93.57987363637366, 27.846799242664044], [93.57984938096266, 27.846723017790044], [93.57981666342171, 27.84664930758852], [93.57977580714426, 27.84657884360736], [93.57972721996548, 27.846512326418633], [93.57967138338236, 27.846450417675356], [93.57960885345206, 27.84639373216838], [93.57954025001213, 27.846342833059914], [93.57946625668052, 27.846298227117547], [93.57938760827908, 27.84626035677089], [93.57930508544379, 27.846229598522452], [93.57921950923487, 27.846206258975986], [93.57913173035689, 27.846190568481717], [93.57904262107398, 27.846182684313277], [93.57895306622667, 27.846182684313277], [93.57886395694376, 27.846190568481717], [93.57877617806575, 27.846206258975986], [93.57869060185686, 27.846229598522452], [93.5786080790216, 27.84626035677089], [93.57852943062016, 27.846298227117547], [93.5784554372885, 27.846342833059914], [93.57838683384855, 27.84639373216838], [93.57832430391828, 27.846450417675356], [93.57826846733516, 27.846512326418633], [93.57821988015641, 27.84657884360736], [93.57817902387896, 27.84664930758852], [93.578146306338, 27.846723017790044], [93.578122050927, 27.846799242664044], [93.57810650019113, 27.846877223658705], [93.57809980774228, 27.846956186338517]], [[93.52792672699782, 27.846242697229084], [93.5280152811219, 27.84623089481074], [93.52810206646318, 27.846211355963536], [93.528186220639, 27.84618427290258], [93.5282669064195, 27.846149916476765], [93.52834332250747, 27.846108626637555], [93.52841470982646, 27.84606081402781], [93.52848035780912, 27.846006955216463], [93.52853961427851, 27.845947583961685], [93.52859189173648, 27.845883290416985], [93.52863666916012, 27.84581471477726], [93.52867350188342, 27.84574253695337], [93.52870202339369, 27.845667474983923], [93.52872195161994, 27.845590275503948], [93.52873308713619, 27.84551170500798], [93.52873531944968, 27.84543254429009], [93.52872862700085, 27.845353580501005], [93.52871307626495, 27.845275598410847], [93.52868882085394, 27.845199372466027], [93.528656103313, 27.845125661229034], [93.52861524703555, 27.845055196257984], [93.52856665985676, 27.84498867813482], [93.52851082327365, 27.84492676852185], [93.52844829334335, 27.844870082218552], [93.52837968990342, 27.844819182395074], [93.5283056965718, 27.844774575826087], [93.52822704817035, 27.844736704947422], [93.5281445253351, 27.844705946266913], [93.52805894912619, 27.844682606392585], [93.52797117024818, 27.844666915677877], [93.52788206096527, 27.844659031398713], [93.52779250611796, 27.844659031398713], [93.52770339683505, 27.844666915677877], [93.52761561795705, 27.844682606392585], [93.52753004174815, 27.844705946266913], [93.5274475189129, 27.844736704947422], [93.52736887051145, 27.844774575826087], [93.52729487717978, 27.844819182395074], [93.52722627373988, 27.844870082218552], [93.52716374380957, 27.84492676852185], [93.52710790722648, 27.84498867813482], [93.5270593200477, 27.845055196257984], [93.52701846377025, 27.845125661229034], [93.52698574622929, 27.845199372466027], [93.5269614908183, 27.845275598410847], [93.52694594008241, 27.845353580501005], [93.52693924763356, 27.84543254429009], [93.52694147994703, 27.84551170500798], [93.5269526154633, 27.845590275503948], [93.52697254368954, 27.845667474983923], [93.52700106519983, 27.84574253695337], [93.52703789792311, 27.84581471477726], [93.52708267534676, 27.845883290416985], [93.52713495280472, 27.845947583961685], [93.52719420927413, 27.846006955216463], [93.52725985725678, 27.84606081402781], [93.52733124457579, 27.846108626637555], [93.52740766066374, 27.846149916476765], [93.52748834644424, 27.84618427290258], [93.52757250062005, 27.846211355963536], [93.52765928596136, 27.84623089481074], [93.52774784008542, 27.846242697229084], [93.52783728354161, 27.846246644076956], [93.52792672699782, 27.846242697229084]], [[93.56350474726882, 27.84469765768906], [93.56348919653293, 27.84477564019473], [93.56348250408409, 27.844854604404578], [93.56348473639754, 27.84493376554427], [93.56349587191383, 27.845012336458865], [93.56351580014008, 27.845089536350198], [93.56354432165035, 27.845164598719634], [93.56358115437365, 27.845236776928125], [93.56362593179729, 27.84530535293325], [93.56367820925526, 27.845369646820544], [93.56373746572466, 27.845429018391687], [93.56380311370731, 27.84548287749002], [93.56387450102628, 27.845530690354526], [93.56395091711424, 27.84557198041376], [93.56403160289477, 27.84560633702262], [93.5641157570706, 27.84563342022792], [93.56420254241183, 27.845652959179233], [93.56429109653594, 27.845664761660473], [93.56438053999216, 27.84566870852936], [93.56446998344835, 27.845664761660473], [93.56455853757241, 27.845652959179233], [93.5646453229137, 27.84563342022792], [93.56472947708953, 27.84560633702262], [93.56481016287003, 27.84557198041376], [93.56488657895798, 27.845530690354526], [93.56495796627699, 27.84548287749002], [93.56502361425964, 27.845429018391687], [93.56508287072904, 27.845369646820544], [93.565135148187, 27.84530535293325], [93.56517992561065, 27.845236776928125], [93.56521675833395, 27.845164598719634], [93.56524527984419, 27.845089536350198], [93.56526520807046, 27.845012336458865], [93.56527634358672, 27.84493376554427], [93.5652785759002, 27.844854604404578], [93.56527188345132, 27.84477564019473], [93.56525633271548, 27.84469765768906], [93.56523207730449, 27.844621431338048], [93.56519935976353, 27.844547719708316], [93.56515850348607, 27.84447725436181], [93.56510991630729, 27.844410735884193], [93.56505407972416, 27.844348825941378], [93.56499154979389, 27.844292139336027], [93.56492294635395, 27.84424123924131], [93.56484895302232, 27.844196632434645], [93.56477030462088, 27.844158761354198], [93.56468778178562, 27.844128002509787], [93.56460220557669, 27.84410466251112], [93.56451442669872, 27.844088971712818], [93.56442531741581, 27.84408108739162], [93.56433576256849, 27.84408108739162], [93.56424665328558, 27.844088971712818], [93.56415887440757, 27.84410466251112], [93.56407329819866, 27.844128002509787], [93.56399077536341, 27.844158761354198], [93.56391212696197, 27.844196632434645], [93.56383813363033, 27.84424123924131], [93.56376953019038, 27.844292139336027], [93.56370700026008, 27.844348825941378], [93.56365116367697, 27.844410735884193], [93.56360257649823, 27.84447725436181], [93.56356172022078, 27.844547719708316], [93.56352900267981, 27.844621431338048], [93.56350474726882, 27.84469765768906]], [[93.47039784634663, 27.84464057411302], [93.47031006746862, 27.844624883392257], [93.4702209581857, 27.844616999110013], [93.4701314033384, 27.844616999110013], [93.47004229405549, 27.844624883392257], [93.46995451517748, 27.84464057411302], [93.46986893896857, 27.844663913996396], [93.46978641613332, 27.84469467268884], [93.46970776773188, 27.844732543582158], [93.46963377440025, 27.844777150168447], [93.46956517096032, 27.84482805001167], [93.46950264103002, 27.84488473633694], [93.4694468044469, 27.844946645973863], [93.46939821726812, 27.84501316412283], [93.46935736099068, 27.84508362912119], [93.46932464344972, 27.845157340386724], [93.46930038803873, 27.84523356636108], [93.46928483730284, 27.845311548481483], [93.46927814485399, 27.84539051230114], [93.46928037716748, 27.84546967304974], [93.46929151268374, 27.84554824357613], [93.46931144090998, 27.84562544308601], [93.46933996242025, 27.845700505084583], [93.46937679514355, 27.84577268293646], [93.4694215725672, 27.84584125860275], [93.46947385002515, 27.845905552172372], [93.46953310649457, 27.84596492345015], [93.46959875447722, 27.846018782282336], [93.46967014179621, 27.846066594910642], [93.46974655788418, 27.84610788476586], [93.46982724366467, 27.846142241204955], [93.46991139784049, 27.846169324276406], [93.46999818318179, 27.846188863131207], [93.47008673730585, 27.84620066555413], [93.47017618076205, 27.846204612403515], [93.47026562421824, 27.84620066555413], [93.47035417834235, 27.846188863131207], [93.47044096368361, 27.846169324276406], [93.47052511785944, 27.846142241204955], [93.47060580363994, 27.84610788476586], [93.47068221972789, 27.846066594910642], [93.4707536070469, 27.846018782282336], [93.47081925502955, 27.84596492345015], [93.47087851149895, 27.845905552172372], [93.4709307889569, 27.84584125860275], [93.47097556638056, 27.84577268293646], [93.47101239910384, 27.845700505084583], [93.47104092061413, 27.84562544308601], [93.47106084884037, 27.84554824357613], [93.47107198435666, 27.84546967304974], [93.4710742166701, 27.84539051230114], [93.47106752422127, 27.845311548481483], [93.47105197348537, 27.84523356636108], [93.47102771807438, 27.845157340386724], [93.47099500053343, 27.84508362912119], [93.47095414425597, 27.84501316412283], [93.47090555707719, 27.844946645973863], [93.47084972049412, 27.84488473633694], [93.47078719056378, 27.84482805001167], [93.47071858712388, 27.844777150168447], [93.47064459379223, 27.844732543582158], [93.47056594539077, 27.84469467268884], [93.47048342255552, 27.844663913996396], [93.47039784634663, 27.84464057411302]], [[93.4741779211296, 27.84248122475948], [93.47409014225158, 27.84249691579035], [93.47400456604268, 27.84252025613498], [93.47392204320742, 27.842551015435266], [93.47384339480598, 27.84258888707707], [93.47376940147436, 27.842633494544856], [93.47370079803443, 27.842684395394013], [93.4736382681041, 27.842741082839567], [93.47358243152101, 27.84280299370001], [93.47353384434223, 27.84286951316356], [93.47349298806478, 27.84293997955451], [93.47346027052383, 27.843013692276827], [93.47343601511284, 27.84308991975765], [93.47342046437694, 27.84316790341918], [93.4734137719281, 27.843246868799447], [93.47341600424156, 27.843326031112486], [93.47342713975785, 27.843404603191683], [93.4734470679841, 27.84348180422728], [93.47347558949436, 27.843556867709324], [93.47351242221765, 27.84362904698768], [93.4735571996413, 27.843697624009256], [93.47360947709926, 27.843761918849548], [93.47366873356866, 27.843821291300724], [93.47373438155131, 27.843875151197388], [93.47380576887032, 27.8439229647706], [93.47388218495828, 27.843964255441847], [93.47396287073877, 27.84399861255995], [93.4740470249146, 27.84402569616669], [93.47413381025589, 27.844045235407634], [93.47422236437995, 27.844057038063806], [93.47431180783616, 27.844060984991206], [93.47440125129235, 27.844057038063806], [93.47448980541643, 27.844045235407634], [93.47457659075772, 27.84402569616669], [93.47466074493354, 27.84399861255995], [93.47474143071403, 27.843964255441847], [93.474817846802, 27.8439229647706], [93.47488923412101, 27.843875151197388], [93.47495488210366, 27.843821291300724], [93.47501413857306, 27.843761918849548], [93.47506641603101, 27.843697624009256], [93.47511119345467, 27.84362904698768], [93.47514802617795, 27.843556867709324], [93.47517654768822, 27.84348180422728], [93.47519647591447, 27.843404603191683], [93.47520761143072, 27.843326031112486], [93.47520984374421, 27.843246868799447], [93.47520315129537, 27.84316790341918], [93.47518760055948, 27.84308991975765], [93.47516334514849, 27.843013692276827], [93.47513062760754, 27.84293997955451], [93.47508977133008, 27.84286951316356], [93.4750411841513, 27.84280299370001], [93.47498534756818, 27.842741082839567], [93.47492281763789, 27.842684395394013], [93.47485421419796, 27.842633494544856], [93.47478022086634, 27.84258888707707], [93.4747015724649, 27.842551015435266], [93.47461904962962, 27.84252025613498], [93.47453347342073, 27.84249691579035], [93.47444569454272, 27.84248122475948], [93.4743565852598, 27.84247334032142], [93.4742670304125, 27.84247334032142], [93.4741779211296, 27.84248122475948]], [[93.52972367467136, 27.84009582884865], [93.52963589579339, 27.840111520224557], [93.52955031958446, 27.840134861082415], [93.5294677967492, 27.840165621059114], [93.52938914834776, 27.84020349353364], [93.52931515501614, 27.84024810198236], [93.5292465515762, 27.84029900395077], [93.52918402164592, 27.840355692642856], [93.52912818506279, 27.840417604864676], [93.529079597884, 27.840484125790965], [93.52903874160656, 27.840554593731408], [93.5290060240656, 27.840628308074635], [93.5289817686546, 27.84070453723166], [93.52896621791876, 27.84078252260803], [93.52895952546989, 27.84086148972473], [93.52896175778336, 27.840940653778524], [93.52897289329962, 27.841019227585537], [93.52899282152589, 27.84109643031879], [93.52902134303613, 27.841171495451476], [93.52905817575943, 27.841243676317017], [93.52910295318308, 27.841312254846645], [93.52915523064104, 27.841376551100772], [93.52921448711044, 27.841435924857553], [93.52928013509309, 27.84148978593858], [93.5293515224121, 27.841537600563257], [93.52942793850005, 27.84157889214246], [93.52950862428055, 27.84161325001614], [93.52959277845638, 27.841640334218418], [93.52967956379767, 27.841659873889032], [93.52976811792173, 27.84167167680475], [93.52985756137792, 27.841675623818976], [93.52994700483414, 27.84167167680475], [93.53003555895825, 27.841659873889032], [93.53012234429949, 27.841640334218418], [93.53020649847531, 27.84161325001614], [93.53028718425584, 27.84157889214246], [93.5303636003438, 27.841537600563257], [93.53043498766277, 27.84148978593858], [93.53050063564542, 27.841435924857553], [93.53055989211482, 27.841376551100772], [93.53061216957279, 27.841312254846645], [93.53065694699643, 27.841243676317017], [93.53069377971973, 27.841171495451476], [93.53072230123, 27.84109643031879], [93.53074222945625, 27.841019227585537], [93.53075336497254, 27.840940653778524], [93.53075559728599, 27.84086148972473], [93.53074890483715, 27.84078252260803], [93.53073335410126, 27.84070453723166], [93.53070909869027, 27.840628308074635], [93.5306763811493, 27.840554593731408], [93.53063552487185, 27.840484125790965], [93.53058693769312, 27.840417604864676], [93.53053110111, 27.840355692642856], [93.5304685711797, 27.84029900395077], [93.53039996773975, 27.84024810198236], [93.53032597440811, 27.84020349353364], [93.53024732600667, 27.840165621059114], [93.53016480317142, 27.840134861082415], [93.53007922696251, 27.840111520224557], [93.5299914480845, 27.84009582884865], [93.52990233880159, 27.840087944237247], [93.52981278395427, 27.840087944237247], [93.52972367467136, 27.84009582884865]], [[93.56083319534311, 27.840103787333053], [93.56088547280106, 27.84016808430343], [93.56094472927046, 27.84022745872161], [93.56101037725311, 27.84028132040263], [93.5610817645721, 27.840329135559948], [93.56115818066006, 27.840370427599165], [93.56123886644058, 27.84040478585555], [93.56132302061636, 27.840431870359538], [93.56140980595765, 27.840451410247816], [93.56149836008177, 27.840463213295042], [93.56158780353796, 27.84046716035321], [93.56167724699417, 27.840463213295042], [93.56176580111823, 27.840451410247816], [93.56185258645951, 27.840431870359538], [93.56193674063533, 27.84040478585555], [93.56201742641584, 27.840370427599165], [93.5620938425038, 27.840329135559948], [93.5621652298228, 27.84028132040263], [93.56223087780545, 27.84022745872161], [93.56229013427485, 27.84016808430343], [93.56234241173281, 27.840103787333053], [93.56238718915645, 27.84003520803949], [93.56242402187976, 27.839963026369883], [93.56245254339, 27.839887960401], [93.56247247161627, 27.839810756807754], [93.56248360713252, 27.839732182125463], [93.56248583944603, 27.83965301718983], [93.56247914699715, 27.839574049193505], [93.56246359626128, 27.839496062948395], [93.56243934085029, 27.839419832942227], [93.56240662330931, 27.83934611777787], [93.56236576703189, 27.839275649052453], [93.56231717985311, 27.83920912738517], [93.56226134326998, 27.83914721447369], [93.56219881333969, 27.839090525150123], [93.56213020989976, 27.8390396226147], [93.56205621656814, 27.838995013669102], [93.5619775681667, 27.838957140772695], [93.56189504533144, 27.83892638045336], [93.5618094691225, 27.838903039335484], [93.56172169024453, 27.838887347784812], [93.56163258096161, 27.838879463085576], [93.5615430261143, 27.838879463085576], [93.5614539168314, 27.838887347784812], [93.56136613795339, 27.838903039335484], [93.5612805617445, 27.83892638045336], [93.56119803890923, 27.838957140772695], [93.56111939050778, 27.838995013669102], [93.56104539717613, 27.8390396226147], [93.5609767937362, 27.839090525150123], [93.5609142638059, 27.83914721447369], [93.56085842722278, 27.83920912738517], [93.56080984004404, 27.839275649052453], [93.56076898376658, 27.83934611777787], [93.56073626622563, 27.839419832942227], [93.56071201081463, 27.839496062948395], [93.56069646007874, 27.839574049193505], [93.56068976762987, 27.83965301718983], [93.56069199994336, 27.839732182125463], [93.56070313545965, 27.839810756807754], [93.56072306368588, 27.839887960401], [93.56075158519617, 27.839963026369883], [93.56078841791945, 27.84003520803949], [93.56083319534311, 27.840103787333053]], [[93.57480776878856, 27.838385055711207], [93.57488418487651, 27.83842634849037], [93.57496487065701, 27.838460707362426], [93.57504902483284, 27.83848779235176], [93.57513581017412, 27.83850733259022], [93.5752243642982, 27.838519135848927], [93.57531380775438, 27.83852308297782], [93.57540325121059, 27.838519135848927], [93.57549180533466, 27.83850733259022], [93.57557859067595, 27.83848779235176], [93.57566274485177, 27.838460707362426], [93.57574343063227, 27.83842634849037], [93.57581984672024, 27.838385055711207], [93.57589123403923, 27.838337239697072], [93.57595688202188, 27.838283377050878], [93.57601613849128, 27.838224001568737], [93.57606841594924, 27.838159703446202], [93.57611319337289, 27.83809112292374], [93.57615002609619, 27.838018939960683], [93.57617854760646, 27.83794387264667], [93.57619847583271, 27.83786666767], [93.57620961134896, 27.8377880915797], [93.57621184366245, 27.8377089252255], [93.5762051512136, 27.83762995581416], [93.57618960047772, 27.837551968171592], [93.57616534506671, 27.837475736799448], [93.57613262752577, 27.837402020314194], [93.57609177124831, 27.837331550326063], [93.57604318406953, 27.837265027466785], [93.57598734748642, 27.837203113445902], [93.57592481755611, 27.837146423106514], [93.57585621411619, 27.837095519658998], [93.57578222078457, 27.837050909914048], [93.57570357238313, 27.837013036339002], [93.57562104954786, 27.83698227546849], [93.57553547333897, 27.83695893393237], [93.57544769446095, 27.83694324210051], [93.57535858517804, 27.836935357259993], [93.57526903033073, 27.836935357259993], [93.57517992104782, 27.83694324210051], [93.57509214216981, 27.83695893393237], [93.57500656596092, 27.83698227546849], [93.57492404312566, 27.837013036339002], [93.57484539472422, 27.837050909914048], [93.57477140139255, 27.837095519658998], [93.57470279795265, 27.837146423106514], [93.57464026802234, 27.837203113445902], [93.57458443143923, 27.837265027466785], [93.57453584426047, 27.837331550326063], [93.57449498798302, 27.837402020314194], [93.57446227044206, 27.837475736799448], [93.57443801503106, 27.837551968171592], [93.57442246429518, 27.83762995581416], [93.57441577184633, 27.8377089252255], [93.5744180041598, 27.8377880915797], [93.57442913967608, 27.83786666767], [93.57444906790232, 27.83794387264667], [93.5744775894126, 27.838018939960683], [93.57451442213589, 27.83809112292374], [93.57455919955954, 27.838159703446202], [93.5746114770175, 27.838224001568737], [93.5746707334869, 27.838283377050878], [93.57473638146955, 27.838337239697072], [93.57480776878856, 27.838385055711207]], [[93.5691641587116, 27.838361506356677], [93.56925271283569, 27.83834970308082], [93.56933949817696, 27.838330162814003], [93.56942365235277, 27.83830307778528], [93.56950433813327, 27.838268718863315], [93.56958075422122, 27.838227426024165], [93.56965214154023, 27.838179609940553], [93.56971778952288, 27.838125747216097], [93.5697770459923, 27.8380663716477], [93.56982932345024, 27.838002073431742], [93.5698741008739, 27.837933492809665], [93.56991093359719, 27.837861309741715], [93.56993945510747, 27.837786242318646], [93.56995938333371, 27.83770903722979], [93.56997051885, 27.837630461025373], [93.56997275116345, 27.837551294556164], [93.5699660587146, 27.837472325030046], [93.56995050797872, 27.837394337274183], [93.56992625256773, 27.837318105791294], [93.56989353502676, 27.837244389198972], [93.56985267874931, 27.837173919108427], [93.56980409157055, 27.837107396152508], [93.56974825498745, 27.837045482041667], [93.56968572505713, 27.836988791619955], [93.56961712161723, 27.836937888098447], [93.56954312828556, 27.836893278288702], [93.56946447988412, 27.836855404658618], [93.56938195704886, 27.836824643743427], [93.56929638083997, 27.836801302173402], [93.56920860196196, 27.83678561031877], [93.56911949267905, 27.836777725466778], [93.56902993783174, 27.836777725466778], [93.56894082854883, 27.83678561031877], [93.56885304967082, 27.836801302173402], [93.56876747346193, 27.836824643743427], [93.56868495062666, 27.836855404658618], [93.56860630222522, 27.836893278288702], [93.56853230889361, 27.836937888098447], [93.56846370545367, 27.836988791619955], [93.56840117552336, 27.837045482041667], [93.56834533894025, 27.837107396152508], [93.56829675176148, 27.837173919108427], [93.56825589548401, 27.837244389198972], [93.56822317794307, 27.837318105791294], [93.56819892253206, 27.837394337274183], [93.56818337179618, 27.837472325030046], [93.56817667934735, 27.837551294556164], [93.56817891166082, 27.837630461025373], [93.56819004717708, 27.83770903722979], [93.56820997540332, 27.837786242318646], [93.56823849691361, 27.837861309741715], [93.56827532963689, 27.837933492809665], [93.56832010706054, 27.838002073431742], [93.5683723845185, 27.8380663716477], [93.5684316409879, 27.838125747216097], [93.56849728897055, 27.838179609940553], [93.56856867628956, 27.838227426024165], [93.56864509237751, 27.838268718863315], [93.56872577815801, 27.83830307778528], [93.56880993233383, 27.838330162814003], [93.56889671767512, 27.83834970308082], [93.56898527179919, 27.838361506356677], [93.5690747152554, 27.838365453491296], [93.5691641587116, 27.838361506356677]], [[93.50392107281314, 27.837121480968328], [93.5040096269372, 27.837109677557574], [93.5040964122785, 27.837090137067435], [93.50418056645432, 27.837063051729192], [93.50426125223481, 27.837028692414478], [93.50433766832278, 27.8369873991034], [93.50440905564179, 27.83693958247333], [93.50447470362441, 27.836885719133246], [93.50453396009381, 27.83682634288624], [93.50458623755179, 27.836762043935426], [93.50463101497544, 27.836693462529546], [93.5046678476987, 27.83662127863661], [93.50469636920899, 27.836546210355646], [93.50471629743525, 27.836469004384426], [93.50472743295151, 27.83639042728195], [93.504729665265, 27.836311259907948], [93.50472297281613, 27.8362322894793], [93.50470742208023, 27.836154300832174], [93.50468316666924, 27.836078068478052], [93.50465044912829, 27.836004351043215], [93.50460959285087, 27.835933880147287], [93.50456100567209, 27.83586735643113], [93.50450516908897, 27.835805441612678], [93.50444263915867, 27.835748750543075], [93.50437403571874, 27.835697846439853], [93.50430004238709, 27.83565323612027], [93.50422139398567, 27.83561536205736], [93.50413887115042, 27.8355846007906], [93.50405329494149, 27.83556125895382], [93.5039655160635, 27.835545566919816], [93.50387640678056, 27.8355376819777], [93.50378685193326, 27.8355376819777], [93.50369774265035, 27.835545566919816], [93.50360996377236, 27.83556125895382], [93.50352438756343, 27.8355846007906], [93.50344186472817, 27.83561536205736], [93.50336321632673, 27.83565323612027], [93.50328922299511, 27.835697846439853], [93.50322061955518, 27.835748750543075], [93.50315808962488, 27.835805441612678], [93.50310225304176, 27.83586735643113], [93.50305366586298, 27.835933880147287], [93.50301280958556, 27.836004351043215], [93.50298009204458, 27.836078068478052], [93.50295583663362, 27.836154300832174], [93.50294028589772, 27.8362322894793], [93.50293359344884, 27.836311259907948], [93.50293582576234, 27.83639042728195], [93.50294696127858, 27.836469004384426], [93.50296688950488, 27.836546210355646], [93.50299541101515, 27.83662127863661], [93.5030322437384, 27.836693462529546], [93.50307702116206, 27.836762043935426], [93.50312929862001, 27.83682634288624], [93.50318855508942, 27.836885719133246], [93.50325420307207, 27.83693958247333], [93.50332559039107, 27.8369873991034], [93.50340200647904, 27.837028692414478], [93.50348269225952, 27.837063051729192], [93.50356684643535, 27.837090137067435], [93.50365363177663, 27.837109677557574], [93.5037421859007, 27.837121480968328], [93.50383162935691, 27.83712542814807], [93.50392107281314, 27.837121480968328]], [[93.47246662692005, 27.832392848754253], [93.47237884804208, 27.832408541244167], [93.47229327183318, 27.83243188375908], [93.47221074899792, 27.832462645919563], [93.47213210059647, 27.832500521082867], [93.47205810726483, 27.83254513269854], [93.47198950382489, 27.83259603828076], [93.47192697389458, 27.832652730997456], [93.47187113731147, 27.832714647614765], [93.47182255013273, 27.832781173263722], [93.47178169385528, 27.832851646207125], [93.47174897631433, 27.832925365783723], [93.47172472090332, 27.83300160035272], [93.47170917016743, 27.833079591265786], [93.47170247771857, 27.83315856398886], [93.47170471003206, 27.833237733663026], [93.47171584554833, 27.833316313048492], [93.47173577377458, 27.83339352126289], [93.47176429528486, 27.833468591724994], [93.47180112800815, 27.83354077771521], [93.4718459054318, 27.83360936111371], [93.47189818288976, 27.83367366193272], [93.47195743935916, 27.833733039904907], [93.47202308734181, 27.83378690480998], [93.47209447466079, 27.833834722829362], [93.47217089074874, 27.833876017340238], [93.47225157652927, 27.833910377653226], [93.47233573070507, 27.833937463778465], [93.47242251604635, 27.83395700483636], [93.47251107017041, 27.833968808590065], [93.47260051362666, 27.8339727558845], [93.47268995708285, 27.833968808590065], [93.47277851120693, 27.83395700483636], [93.47286529654822, 27.833937463778465], [93.47294945072404, 27.833910377653226], [93.47303013650453, 27.833876017340238], [93.47310655259248, 27.833834722829362], [93.4731779399115, 27.83378690480998], [93.47324358789415, 27.833733039904907], [93.47330284436356, 27.83367366193272], [93.47335512182151, 27.83360936111371], [93.47339989924517, 27.83354077771521], [93.47343673196845, 27.833468591724994], [93.4734652534787, 27.83339352126289], [93.47348518170497, 27.833316313048492], [93.47349631722123, 27.833237733663026], [93.47349854953471, 27.83315856398886], [93.47349185708583, 27.833079591265786], [93.47347630634998, 27.83300160035272], [93.47345205093899, 27.832925365783723], [93.473419333398, 27.832851646207125], [93.47337847712058, 27.832781173263722], [93.4733298899418, 27.832714647614765], [93.47327405335868, 27.832652730997456], [93.47321152342839, 27.83259603828076], [93.47314291998845, 27.83254513269854], [93.47306892665682, 27.832500521082867], [93.47299027825538, 27.832462645919563], [93.47290775542012, 27.83243188375908], [93.4728221792112, 27.832408541244167], [93.47273440033322, 27.832392848754253], [93.47264529105031, 27.832384963583046], [93.472555736203, 27.832384963583046], [93.47246662692005, 27.832392848754253]], [[93.51310524885197, 27.83242092507494], [93.513080993441, 27.832497159998297], [93.5130654427051, 27.83257515127386], [93.51305875025625, 27.832654124364037], [93.51306098256971, 27.832733294406204], [93.51307211808599, 27.832811874156977], [93.51309204631222, 27.832889082730283], [93.51312056782251, 27.83296415354129], [93.5131574005458, 27.833036339867068], [93.51320217796945, 27.83310492358436], [93.5132544554274, 27.833169224702306], [93.51331371189681, 27.833228602950474], [93.51337935987947, 27.833282468105946], [93.51345074719848, 27.833330286347614], [93.51352716328643, 27.83337158105044], [93.51360784906691, 27.833405941523168], [93.51369200324274, 27.833433027774294], [93.51377878858403, 27.833452568923025], [93.51386734270811, 27.833464372731587], [93.5139567861643, 27.833468320044368], [93.5140462296205, 27.833464372731587], [93.51413478374458, 27.833452568923025], [93.51422156908586, 27.833433027774294], [93.51430572326169, 27.833405941523168], [93.51438640904217, 27.83337158105044], [93.51446282513015, 27.833330286347614], [93.51453421244915, 27.833282468105946], [93.5145998604318, 27.833228602950474], [93.5146591169012, 27.833169224702306], [93.51471139435917, 27.83310492358436], [93.5147561717828, 27.833036339867068], [93.5147930045061, 27.83296415354129], [93.51482152601638, 27.832889082730283], [93.51484145424263, 27.832811874156977], [93.51485258975887, 27.832733294406204], [93.51485482207237, 27.832654124364037], [93.51484812962353, 27.83257515127386], [93.51483257888763, 27.832497159998297], [93.51480832347663, 27.83242092507494], [93.51477560593568, 27.832347205155628], [93.51473474965823, 27.832276731884654], [93.51468616247945, 27.832210205926486], [93.51463032589633, 27.83214828902136], [93.51456779596603, 27.832091596041135], [93.5144991925261, 27.83204069022232], [93.51442519919449, 27.831996078399275], [93.51434655079304, 27.831958203059923], [93.51426402795778, 27.831927440756445], [93.51417845174888, 27.831904098132995], [93.51409067287086, 27.831888405570144], [93.51400156358795, 27.83188052036231], [93.51391200874066, 27.83188052036231], [93.51382289945774, 27.831888405570144], [93.51373512057974, 27.831904098132995], [93.51364954437084, 27.831927440756445], [93.51356702153558, 27.831958203059923], [93.51348837313414, 27.831996078399275], [93.51341437980251, 27.83204069022232], [93.51334577636257, 27.832091596041135], [93.51328324643225, 27.83214828902136], [93.51322740984916, 27.832210205926486], [93.51317882267038, 27.832276731884654], [93.51313796639292, 27.832347205155628], [93.51310524885197, 27.83242092507494]], [[93.47760050865027, 27.829618381034116], [93.47751272977229, 27.829634073925188], [93.4774271535634, 27.82965741703689], [93.47734463072813, 27.82968817998376], [93.47726598232668, 27.829726056115362], [93.47719198899505, 27.829770668871493], [93.4771233855551, 27.829821575755105], [93.47706085562481, 27.829878269921156], [93.47700501904168, 27.829940188121352], [93.47695643186294, 27.83000671547104], [93.4769155755855, 27.830077190216084], [93.47688285804453, 27.830150911677354], [93.47685860263354, 27.830227148195306], [93.47684305189766, 27.83030514110221], [93.47683635944878, 27.83038411584424], [93.47683859176226, 27.830463287542408], [93.47684972727855, 27.830541868936802], [93.4768696555048, 27.830619079125068], [93.47689817701506, 27.83069415150638], [93.47693500973837, 27.830766339342066], [93.47697978716202, 27.830834924493956], [93.47703206461998, 27.830899226956866], [93.47709132108938, 27.830958606447094], [93.47715696907203, 27.83101247272927], [93.477228356391, 27.83106029197117], [93.47730477247894, 27.831101587537773], [93.47738545825949, 27.831135948729205], [93.47746961243527, 27.83116303554694], [93.47755639777655, 27.83118257710441], [93.47764495190063, 27.8311943811599], [93.47773439535686, 27.831198328555246], [93.47782383881307, 27.8311943811599], [93.47791239293714, 27.83118257710441], [93.47799917827842, 27.83116303554694], [93.47808333245425, 27.831135948729205], [93.47816401823475, 27.831101587537773], [93.4782404343227, 27.83106029197117], [93.47831182164171, 27.83101247272927], [93.47837746962436, 27.830958606447094], [93.47843672609376, 27.830899226956866], [93.47848900355172, 27.830834924493956], [93.47853378097537, 27.830766339342066], [93.47857061369865, 27.83069415150638], [93.47859913520891, 27.830619079125068], [93.47861906343518, 27.830541868936802], [93.47863019895144, 27.830463287542408], [93.47863243126491, 27.83038411584424], [93.47862573881604, 27.83030514110221], [93.4786101880802, 27.830227148195306], [93.4785859326692, 27.830150911677354], [93.4785532151282, 27.830077190216084], [93.47851235885078, 27.83000671547104], [93.47846377167201, 27.829940188121352], [93.47840793508888, 27.829878269921156], [93.4783454051586, 27.829821575755105], [93.47827680171866, 27.829770668871493], [93.47820280838704, 27.829726056115362], [93.4781241599856, 27.82968817998376], [93.47804163715034, 27.82965741703689], [93.47795606094141, 27.829634073925188], [93.47786828206344, 27.829618381034116], [93.47777917278053, 27.829610495661328], [93.47768961793321, 27.829610495661328], [93.47760050865027, 27.829618381034116]], [[93.50022627689674, 27.826932071646603], [93.50023741241299, 27.827010655597643], [93.50025734063927, 27.827087868297884], [93.5002858621495, 27.82716294312166], [93.5003226948728, 27.827235133305972], [93.50036747229645, 27.82730372068926], [93.5004197497544, 27.82736802524425], [93.50047900622381, 27.827427406666384], [93.50054465420646, 27.82748127470111], [93.50061604152546, 27.82752909549881], [93.50069245761343, 27.82757039240897], [93.50077314339391, 27.82760475471835], [93.50085729756975, 27.827631842417368], [93.50094408291103, 27.827651384610633], [93.5010326370351, 27.827663189050156], [93.5011220804913, 27.827667136573933], [93.50121152394749, 27.827663189050156], [93.50130007807161, 27.827651384610633], [93.50138686341286, 27.827631842417368], [93.50147101758868, 27.82760475471835], [93.5015517033692, 27.82757039240897], [93.50162811945717, 27.82752909549881], [93.50169950677615, 27.82748127470111], [93.5017651547588, 27.827427406666384], [93.5018244112282, 27.82736802524425], [93.50187668868615, 27.82730372068926], [93.5019214661098, 27.827235133305972], [93.50195829883309, 27.82716294312166], [93.50198682034338, 27.827087868297884], [93.50200674856961, 27.827010655597643], [93.5020178840859, 27.826932071646603], [93.50202011639935, 27.826852897372632], [93.50201342395052, 27.8267739200612], [93.50199787321462, 27.82669592461686], [93.50197361780363, 27.826619685618624], [93.50194090026268, 27.826545961758875], [93.50190004398522, 27.826475484721016], [93.50185145680648, 27.82640895520691], [93.50179562022336, 27.826347034992278], [93.50173309029306, 27.826290338981774], [93.50166448685313, 27.82623943044196], [93.50159049352148, 27.826194816234388], [93.50151184512004, 27.82615693887057], [93.50142932228476, 27.826126174922834], [93.50134374607588, 27.826102831051706], [93.50125596719786, 27.826087137650077], [93.50116685791495, 27.826079252020758], [93.50107730306765, 27.826079252020758], [93.50098819378474, 27.826087137650077], [93.50090041490677, 27.826102831051706], [93.50081483869782, 27.826126174922834], [93.50073231586256, 27.82615693887057], [93.50065366746112, 27.826194816234388], [93.5005796741295, 27.82623943044196], [93.50051107068957, 27.826290338981774], [93.50044854075928, 27.826347034992278], [93.50039270417615, 27.82640895520691], [93.50034411699737, 27.826475484721016], [93.50030326071993, 27.826545961758875], [93.50027054317897, 27.826619685618624], [93.50024628776798, 27.82669592461686], [93.50023073703211, 27.8267739200612], [93.50022404458323, 27.826852897372632], [93.50022627689674, 27.826932071646603]], [[93.52116486171589, 27.826097131727124], [93.52112400543842, 27.826167609010596], [93.52109128789748, 27.826241333127324], [93.52106703248649, 27.826317572391286], [93.52105148175059, 27.826395568107515], [93.52104478930171, 27.82647454569418], [93.5210470216152, 27.826553720244135], [93.52105815713149, 27.82663230446907], [93.52107808535774, 27.826709517438488], [93.52110660686802, 27.826784592523932], [93.5211434395913, 27.82685678295984], [93.52118821701495, 27.82692537058223], [93.5212404944729, 27.82698967536136], [93.5212997509423, 27.827049056990486], [93.52136539892496, 27.827102925212927], [93.52143678624394, 27.82715074617734], [93.5215132023319, 27.82719204323145], [93.52159388811242, 27.82722640566061], [93.52167804228822, 27.827253493454016], [93.52176482762951, 27.827273035715393], [93.52185338175362, 27.827284840196096], [93.5219428252098, 27.82728878773364], [93.52203226866601, 27.827284840196096], [93.52212082279007, 27.827273035715393], [93.52220760813138, 27.827253493454016], [93.52229176230719, 27.82722640566061], [93.52237244808768, 27.82719204323145], [93.52244886417564, 27.82715074617734], [93.52252025149465, 27.827102925212927], [93.5225858994773, 27.827049056990486], [93.52264515594672, 27.82698967536136], [93.52269743340466, 27.82692537058223], [93.52274221082831, 27.82685678295984], [93.52277904355161, 27.826784592523932], [93.52280756506185, 27.826709517438488], [93.52282749328812, 27.82663230446907], [93.52283862880438, 27.826553720244135], [93.52284086111787, 27.82647454569418], [93.522834168669, 27.826395568107515], [93.52281861793313, 27.826317572391286], [93.52279436252215, 27.826241333127324], [93.52276164498116, 27.826167609010596], [93.52272078870374, 27.826097131727124], [93.52267220152495, 27.82603060198113], [93.52261636494184, 27.825968681550677], [93.52255383501154, 27.825911985342508], [93.52248523157161, 27.825861076625294], [93.52241123823998, 27.825816462262193], [93.52233258983854, 27.82577858476636], [93.52225006700328, 27.82574782071139], [93.52216449079435, 27.8257244767589], [93.52207671191637, 27.82570878330258], [93.52198760263346, 27.825700897645792], [93.52189804778617, 27.825700897645792], [93.52180893850321, 27.82570878330258], [93.52172115962524, 27.8257244767589], [93.52163558341634, 27.82574782071139], [93.52155306058108, 27.82577858476636], [93.52147441217963, 27.825816462262193], [93.52140041884797, 27.825861076625294], [93.52133181540805, 27.825911985342508], [93.52126928547774, 27.825968681550677], [93.52121344889463, 27.82603060198113], [93.52116486171589, 27.826097131727124]], [[93.47791269926265, 27.826017214835044], [93.47789714852675, 27.825939218846994], [93.4778728931158, 27.825862979317286], [93.47784017557481, 27.825789254943597], [93.47779931929739, 27.825718777414444], [93.47775073211861, 27.825652247436576], [93.47769489553549, 27.825590326790294], [93.4776323656052, 27.825533630384545], [93.47756376216526, 27.825482721489855], [93.47748976883365, 27.82543810697129], [93.47741112043221, 27.825400229343416], [93.47732859759694, 27.825369465181243], [93.477243021388, 27.825346121147383], [93.47715524251004, 27.82533042763636], [93.47706613322713, 27.82532254195208], [93.4769765783798, 27.82532254195208], [93.47688746909687, 27.82533042763636], [93.47679969021888, 27.825346121147383], [93.47671411401, 27.825369465181243], [93.47663159117474, 27.825400229343416], [93.4765529427733, 27.82543810697129], [93.47647894944164, 27.825482721489855], [93.4764103460017, 27.825533630384545], [93.47634781607141, 27.825590326790294], [93.4762919794883, 27.825652247436576], [93.47624339230951, 27.825718777414444], [93.47620253603209, 27.825789254943597], [93.47616981849113, 27.825862979317286], [93.47614556308014, 27.825939218846994], [93.47613001234426, 27.826017214835044], [93.47612331989538, 27.82609619269703], [93.47612555220887, 27.82617536752293], [93.47613668772512, 27.826253952021748], [93.4761566159514, 27.82633116526028], [93.47618513746168, 27.826406240607394], [93.47622197018497, 27.826478431294973], [93.47626674760862, 27.82654701915639], [93.47631902506657, 27.82661132415966], [93.47637828153597, 27.826670705995763], [93.47644392951862, 27.826724574406008], [93.47651531683759, 27.826772395537084], [93.47659173292556, 27.826813692735133], [93.47667241870609, 27.82684805528406], [93.47675657288187, 27.826875143171915], [93.47684335822316, 27.826894685501422], [93.47693191234724, 27.82690649002323], [93.47702135580347, 27.826910437574526], [93.47711079925968, 27.82690649002323], [93.47719935338374, 27.826894685501422], [93.47728613872502, 27.826875143171915], [93.47737029290084, 27.82684805528406], [93.47745097868135, 27.826813692735133], [93.47752739476931, 27.826772395537084], [93.47759878208831, 27.826724574406008], [93.47766443007096, 27.826670705995763], [93.47772368654036, 27.82661132415966], [93.47777596399831, 27.82654701915639], [93.47782074142197, 27.826478431294973], [93.47785757414526, 27.826406240607394], [93.4778860956555, 27.82633116526028], [93.47790602388179, 27.826253952021748], [93.47791715939803, 27.82617536752293], [93.47791939171152, 27.82609619269703], [93.47791269926265, 27.826017214835044]], [[93.52537612154701, 27.825350144227908], [93.52543537801641, 27.825409526753912], [93.52550102599906, 27.825463395790003], [93.52557241331805, 27.82551121747667], [93.52564882940601, 27.825552515154538], [93.52572951518653, 27.82558687810274], [93.52581366936234, 27.82561396630525], [93.52590045470362, 27.825633508861824], [93.52598900882768, 27.82564531352079], [93.52607845228391, 27.82564926111794], [93.52616789574012, 27.82564531352079], [93.52625644986419, 27.825633508861824], [93.52634323520547, 27.82561396630525], [93.5264273893813, 27.82558687810274], [93.52650807516179, 27.825552515154538], [93.52658449124975, 27.82551121747667], [93.52665587856876, 27.825463395790003], [93.52672152655141, 27.825409526753912], [93.52678078302081, 27.825350144227908], [93.52683306047878, 27.825285838477527], [93.52687783790242, 27.825217249819204], [93.52691467062571, 27.82514505829294], [93.52694319213596, 27.825069982073575], [93.52696312036224, 27.82499276793796], [93.52697425587849, 27.824914182526108], [93.52697648819198, 27.82483500678034], [93.5269697957431, 27.824756028000778], [93.5269542450072, 27.82467803110656], [93.52692998959624, 27.82460179069111], [93.52689727205527, 27.824528065460907], [93.52685641577784, 27.824457587112928], [93.52680782859906, 27.824391056362145], [93.52675199201595, 27.82432913499647], [93.52668946208564, 27.824272437932006], [93.52662085864571, 27.82422152844589], [93.52654686531409, 27.82417691340898], [93.52646821691265, 27.82413903534107], [93.52638569407739, 27.824108270821466], [93.52630011786846, 27.824084926516395], [93.52621233899048, 27.824069232823046], [93.52612322970757, 27.82406134704718], [93.52603367486027, 27.82406134704718], [93.52594456557732, 27.824069232823046], [93.52585678669935, 27.824084926516395], [93.52577121049045, 27.824108270821466], [93.52568868765519, 27.82413903534107], [93.52561003925373, 27.82417691340898], [93.52553604592208, 27.82422152844589], [93.52546744248215, 27.824272437932006], [93.52540491255185, 27.82432913499647], [93.52534907596873, 27.824391056362145], [93.52530048878995, 27.824457587112928], [93.52525963251253, 27.824528065460907], [93.52522691497158, 27.82460179069111], [93.52520265956059, 27.82467803110656], [93.5251871088247, 27.824756028000778], [93.52518041637582, 27.82483500678034], [93.52518264868932, 27.824914182526108], [93.52519378420557, 27.82499276793796], [93.52521371243184, 27.825069982073575], [93.52524223394212, 27.82514505829294], [93.5252790666654, 27.825217249819204], [93.52532384408906, 27.825285838477527], [93.52537612154701, 27.825350144227908]], [[93.54018029095396, 27.824075756105508], [93.54013170377517, 27.82414228704954], [93.54009084749775, 27.82421276560221], [93.54005812995679, 27.824286491046525], [93.54003387454581, 27.824362731683408], [93.54001832380992, 27.82444072880418], [93.54001163136104, 27.824519707813124], [93.54001386367453, 27.82459888378886], [93.54002499919078, 27.824677469428938], [93.54004492741707, 27.824754683788818], [93.54007344892734, 27.82482976022624], [93.54011028165063, 27.824901951962207], [93.54015505907428, 27.82497054081972], [93.54020733653223, 27.82503484675688], [93.54026659300163, 27.82509422945537], [93.54033224098428, 27.825148098647944], [93.54040362830325, 27.82519592047351], [93.54048004439123, 27.82523721827131], [93.54056073017175, 27.825271581319292], [93.54064488434754, 27.82529866960053], [93.54073166968882, 27.825318212213844], [93.5408202238129, 27.825330016907095], [93.54090966726913, 27.825333964515732], [93.54099911072534, 27.825330016907095], [93.5410876648494, 27.825318212213844], [93.5411744501907, 27.82529866960053], [93.54125860436652, 27.825271581319292], [93.54133929014701, 27.82523721827131], [93.54141570623497, 27.82519592047351], [93.54148709355398, 27.825148098647944], [93.54155274153663, 27.82509422945537], [93.54161199800603, 27.82503484675688], [93.54166427546399, 27.82497054081972], [93.54170905288764, 27.824901951962207], [93.54174588561094, 27.82482976022624], [93.54177440712118, 27.824754683788818], [93.54179433534745, 27.824677469428938], [93.5418054708637, 27.82459888378886], [93.54180770317718, 27.824519707813124], [93.5418010107283, 27.82444072880418], [93.54178545999243, 27.824362731683408], [93.54176120458146, 27.824286491046525], [93.54172848704049, 27.82421276560221], [93.54168763076306, 27.82414228704954], [93.54163904358427, 27.824075756105508], [93.54158320700115, 27.82401383455998], [93.54152067707086, 27.82395713733088], [93.54145207363094, 27.823906227696874], [93.54137808029931, 27.82386161253038], [93.54129943189787, 27.823823734352445], [93.54121690906261, 27.823792969743494], [93.54113133285368, 27.82376962537065], [93.5410435539757, 27.823753931631735], [93.54095444469279, 27.823746045832916], [93.54086488984548, 27.823746045832916], [93.54077578056254, 27.823753931631735], [93.54068800168456, 27.82376962537065], [93.54060242547565, 27.823792969743494], [93.5405199026404, 27.823823734352445], [93.54044125423896, 27.82386161253038], [93.5403672609073, 27.823906227696874], [93.54029865746737, 27.82395713733088], [93.54023612753707, 27.82401383455998], [93.54018029095396, 27.824075756105508]], [[93.5280836833392, 27.82116842906932], [93.52799590446124, 27.82118412318199], [93.5279103282523, 27.82120746811082], [93.52782780541705, 27.82123823345243], [93.52774915701563, 27.82127611253242], [93.52767516368398, 27.821320728761425], [93.52760656024404, 27.82137163960782], [93.52754403031375, 27.821428338187193], [93.52748819373063, 27.82149026120738], [93.52743960655187, 27.821556793735873], [93.52739875027444, 27.82162727396697], [93.52736603273344, 27.821701001167092], [93.52734177732249, 27.821777243619678], [93.5273262265866, 27.821855242597998], [93.52731953413773, 27.821934223487833], [93.52732176645121, 27.822013401349178], [93.52733290196747, 27.822091988860848], [93.52735283019373, 27.822169205059634], [93.52738135170401, 27.822244283285052], [93.52741818442728, 27.822316476740298], [93.52746296185093, 27.82238506723133], [93.52751523930888, 27.822449374700003], [93.52757449577828, 27.822508758812745], [93.52764014376093, 27.822562629288228], [93.52771153107994, 27.822610452252754], [93.5277879471679, 27.82265175103412], [93.5278686329484, 27.822686114900485], [93.52795278712422, 27.82271320382683], [93.5280395724655, 27.822732746905583], [93.52812812658958, 27.82274455188], [93.52821757004578, 27.822748499582648], [93.528307013502, 27.82274455188], [93.52839556762609, 27.822732746905583], [93.52848235296737, 27.82271320382683], [93.5285665071432, 27.822686114900485], [93.5286471929237, 27.82265175103412], [93.52872360901165, 27.822610452252754], [93.52879499633066, 27.822562629288228], [93.52886064431327, 27.822508758812745], [93.52891990078267, 27.822449374700003], [93.52897217824066, 27.82238506723133], [93.52901695566432, 27.822316476740298], [93.52905378838757, 27.822244283285052], [93.52908230989784, 27.822169205059634], [93.52910223812412, 27.822091988860848], [93.52911337364039, 27.822013401349178], [93.52911560595386, 27.821934223487833], [93.52910891350498, 27.821855242597998], [93.5290933627691, 27.821777243619678], [93.52906910735811, 27.821701001167092], [93.52903638981715, 27.82162727396697], [93.52899553353973, 27.821556793735873], [93.52894694636096, 27.82149026120738], [93.52889110977783, 27.821428338187193], [93.52882857984754, 27.82137163960782], [93.5287599764076, 27.821320728761425], [93.52868598307596, 27.82127611253242], [93.52860733467453, 27.82123823345243], [93.52852481183928, 27.82120746811082], [93.52843923563036, 27.82118412318199], [93.52835145675238, 27.82116842906932], [93.52826234746944, 27.821160543082744], [93.52817279262212, 27.821160543082744], [93.5280836833392, 27.82116842906932]], [[93.52061696574937, 27.818528856627005], [93.52061919806285, 27.818608036971675], [93.5206303335791, 27.818686626948146], [93.52065026180539, 27.81876384556875], [93.52067878331563, 27.818838926148935], [93.52071561603891, 27.818911121868453], [93.52076039346257, 27.818979714510778], [93.52081267092052, 27.819044023996405], [93.52087192738992, 27.81910340997168], [93.52093757537257, 27.81915728213679], [93.52100896269158, 27.819205106601263], [93.52108537877955, 27.81924640667793], [93.52116606456003, 27.819280771622108], [93.52125021873586, 27.81930786139808], [93.52133700407714, 27.81932740508983], [93.52142555820122, 27.819339210434485], [93.52151500165742, 27.81934315826094], [93.52160444511365, 27.819339210434485], [93.52169299923771, 27.81932740508983], [93.52177978457901, 27.81930786139808], [93.5218639387548, 27.819280771622108], [93.52194462453534, 27.81924640667793], [93.52202104062329, 27.819205106601263], [93.52209242794225, 27.81915728213679], [93.5221580759249, 27.81910340997168], [93.52221733239432, 27.819044023996405], [93.52226960985227, 27.818979714510778], [93.52231438727593, 27.818911121868453], [93.52235121999921, 27.818838926148935], [93.5223797415095, 27.81876384556875], [93.52239966973576, 27.818686626948146], [93.52241080525202, 27.818608036971675], [93.5224130375655, 27.818528856627005], [93.52240634511662, 27.81844987326004], [93.52239079438074, 27.81837187183539], [93.52236653896975, 27.818295626991574], [93.5223338214288, 27.818221897479138], [93.52229296515134, 27.81815141503749], [93.52224437797258, 27.818084880422337], [93.52218854138947, 27.81802295546004], [93.52212601145919, 27.81796625510244], [93.52205740801925, 27.817915342659298], [93.52198341468758, 27.81787072503099], [93.52190476628614, 27.817832844762982], [93.52182224345088, 27.81780207845647], [93.521736667242, 27.817778732795503], [93.52164888836403, 27.817763038190645], [93.52155977908107, 27.817755151956703], [93.52147022423377, 27.817755151956703], [93.52138111495086, 27.817763038190645], [93.52129333607287, 27.817778732795503], [93.52120775986396, 27.81780207845647], [93.52112523702868, 27.817832844762982], [93.52104658862724, 27.81787072503099], [93.52097259529563, 27.817915342659298], [93.52090399185569, 27.81796625510244], [93.52084146192539, 27.81802295546004], [93.52078562534227, 27.818084880422337], [93.5207370381635, 27.81815141503749], [93.52069618188608, 27.818221897479138], [93.52066346434509, 27.818295626991574], [93.52063920893413, 27.81837187183539], [93.52062365819823, 27.81844987326004], [93.52061696574937, 27.818528856627005]], [[93.54747600704296, 27.817773033033927], [93.54743515076554, 27.817843515721147], [93.54740243322455, 27.817917245490534], [93.54737817781358, 27.817993490600042], [93.5473626270777, 27.81807149229646], [93.54735593462883, 27.818150475938687], [93.54735816694232, 27.818229656559275], [93.54736930245858, 27.818308246809593], [93.54738923068484, 27.818385465699247], [93.54741775219512, 27.81846054654105], [93.54745458491838, 27.81853274251218], [93.54749936234204, 27.81860133539349], [93.54755163979999, 27.818665645103206], [93.54761089626939, 27.81872503128543], [93.54767654425204, 27.818778903638297], [93.54774793157105, 27.81882672826938], [93.547824347659, 27.818868028489973], [93.5479050334395, 27.818902393553905], [93.54798918761533, 27.818929483424302], [93.54807597295661, 27.818949027184114], [93.54816452708069, 27.818960832569914], [93.54825397053688, 27.81896478041013], [93.54834341399311, 27.818960832569914], [93.5484319681172, 27.818949027184114], [93.54851875345848, 27.818929483424302], [93.5486029076343, 27.818902393553905], [93.5486835934148, 27.818868028489973], [93.54876000950274, 27.81882672826938], [93.54883139682177, 27.818778903638297], [93.54889704480438, 27.81872503128543], [93.54895630127378, 27.818665645103206], [93.54900857873177, 27.81860133539349], [93.54905335615543, 27.81853274251218], [93.54909018887868, 27.81846054654105], [93.54911871038895, 27.818385465699247], [93.54913863861523, 27.818308246809593], [93.5491497741315, 27.818229656559275], [93.54915200644497, 27.818150475938687], [93.54914531399609, 27.81807149229646], [93.54912976326021, 27.817993490600042], [93.5491055078492, 27.817917245490534], [93.54907279030826, 27.817843515721147], [93.54903193403084, 27.817773033033927], [93.54898334685207, 27.817706498186908], [93.54892751026894, 27.81764457300883], [93.54886498033865, 27.817587872453654], [93.54879637689871, 27.8175369598331], [93.54872238356707, 27.817492342049363], [93.54864373516564, 27.81745446164938], [93.54856121233038, 27.817423695235654], [93.54847563612147, 27.81740034949333], [93.54838785724348, 27.81738465483374], [93.54829874796054, 27.81737676857233], [93.54820919311322, 27.81737676857233], [93.54812008383031, 27.81738465483374], [93.54803230495234, 27.81740034949333], [93.54794672874341, 27.817423695235654], [93.54786420590816, 27.81745446164938], [93.54778555750673, 27.817492342049363], [93.54771156417509, 27.8175369598331], [93.54764296073515, 27.817587872453654], [93.54758043080487, 27.81764457300883], [93.54752459422173, 27.817706498186908], [93.54747600704296, 27.817773033033927]], [[93.51428215865516, 27.817725147556516], [93.51428439096865, 27.81764596656806], [93.51427769851976, 27.81756698255889], [93.5142621477839, 27.817488980500052], [93.51423789237289, 27.81741273503631], [93.51420517483194, 27.817339004924374], [93.51416431855452, 27.81726852190971], [93.51411573137574, 27.81720198675358], [93.51405989479261, 27.8171400612878], [93.51399736486233, 27.817083360469162], [93.51392876142239, 27.8170324476121], [93.51385476809074, 27.81698782962103], [93.51377611968933, 27.816949949045046], [93.51369359685407, 27.816919182488387], [93.51360802064514, 27.816895836637606], [93.51352024176717, 27.81688014190512], [93.51343113248421, 27.816872255607095], [93.51334157763691, 27.816872255607095], [93.513252468354, 27.81688014190512], [93.51316468947601, 27.816895836637606], [93.5130791132671, 27.816919182488387], [93.51299659043184, 27.816949949045046], [93.51291794203041, 27.81698782962103], [93.51284394869877, 27.8170324476121], [93.51277534525883, 27.817083360469162], [93.51271281532853, 27.8171400612878], [93.51265697874541, 27.81720198675358], [93.51260839156664, 27.81726852190971], [93.51256753528922, 27.817339004924374], [93.51253481774823, 27.81741273503631], [93.51251056233727, 27.817488980500052], [93.51249501160137, 27.81756698255889], [93.51248831915251, 27.81764596656806], [93.51249055146599, 27.817725147556516], [93.51250168698225, 27.817803738171975], [93.51252161520853, 27.81788095742043], [93.5125501367188, 27.817956038611065], [93.51258696944205, 27.818028234917588], [93.51263174686571, 27.81809682811763], [93.51268402432366, 27.81816113812614], [93.51274328079306, 27.818220524584273], [93.51280892877571, 27.81827439718741], [93.51288031609472, 27.818322222040734], [93.51295673218269, 27.818363522453208], [93.51303741796318, 27.818397887676802], [93.513121572139, 27.818424977673047], [93.51320835748028, 27.81844452152366], [93.51329691160436, 27.81845632696433], [93.51338635506056, 27.81846027482288], [93.5134757985168, 27.81845632696433], [93.51356435264086, 27.81844452152366], [93.51365113798215, 27.818424977673047], [93.51373529215797, 27.818397887676802], [93.51381597793848, 27.818363522453208], [93.51389239402643, 27.818322222040734], [93.51396378134544, 27.81827439718741], [93.51402942932805, 27.818220524584273], [93.51408868579746, 27.81816113812614], [93.51414096325544, 27.81809682811763], [93.5141857406791, 27.818028234917588], [93.51422257340235, 27.817956038611065], [93.51425109491264, 27.81788095742043], [93.5142710231389, 27.817803738171975], [93.51428215865516, 27.817725147556516]], [[93.52380544781546, 27.81524045810367], [93.52371766893744, 27.815256153073133], [93.52363209272856, 27.81527949927641], [93.52354956989329, 27.81531026629762], [93.52347092149184, 27.815348147445555], [93.52339692816022, 27.815392766110303], [93.5233283247203, 27.815443679736095], [93.52326579478996, 27.815500381410864], [93.52320995820688, 27.815562307811646], [93.52316137102811, 27.815628843972373], [93.52312051475064, 27.81569932805129], [93.5230877972097, 27.815773059276484], [93.52306354179869, 27.815849305891472], [93.52304799106281, 27.81592730912806], [93.52304129861398, 27.816006294329835], [93.52304353092741, 27.816085476513873], [93.5230546664437, 27.816164068315995], [93.52307459466995, 27.816241288730406], [93.52310311618022, 27.816316371054718], [93.52313994890352, 27.81638856845137], [93.52318472632717, 27.816457162687136], [93.52323700378513, 27.816521473666686], [93.52329626025453, 27.81658086102153], [93.52336190823718, 27.81663473443811], [93.52343329555617, 27.81668256001354], [93.52350971164414, 27.816723861049642], [93.52359039742464, 27.816758226792167], [93.52367455160046, 27.816785317197464], [93.52376133694175, 27.816804861343172], [93.52384989106582, 27.816816666962065], [93.52393933452203, 27.816820614880246], [93.52402877797822, 27.816816666962065], [93.52411733210229, 27.816804861343172], [93.52420411744357, 27.816785317197464], [93.5242882716194, 27.816758226792167], [93.5243689573999, 27.816723861049642], [93.52444537348785, 27.81668256001354], [93.52451676080686, 27.81663473443811], [93.52458240878951, 27.81658086102153], [93.52464166525891, 27.816521473666686], [93.52469394271687, 27.816457162687136], [93.52473872014052, 27.81638856845137], [93.52477555286382, 27.816316371054718], [93.52480407437409, 27.816241288730406], [93.52482400260033, 27.816164068315995], [93.52483513811659, 27.816085476513873], [93.52483737043008, 27.816006294329835], [93.52483067798123, 27.81592730912806], [93.52481512724535, 27.815849305891472], [93.52479087183436, 27.815773059276484], [93.5247581542934, 27.81569932805129], [93.52471729801594, 27.815628843972373], [93.52466871083718, 27.815562307811646], [93.52461287425407, 27.815500381410864], [93.52455034432376, 27.815443679736095], [93.52448174088381, 27.815392766110303], [93.52440774755219, 27.815348147445555], [93.52432909915075, 27.81531026629762], [93.52424657631549, 27.81527949927641], [93.5241610001066, 27.815256153073133], [93.52407322122859, 27.81524045810367], [93.52398411194568, 27.815232571686565], [93.52389455709837, 27.815232571686565], [93.52380544781546, 27.81524045810367]], [[93.53812747523975, 27.815256498689774], [93.5381931232224, 27.815310372763378], [93.53826451054141, 27.815358198922045], [93.53834092662936, 27.81539950046182], [93.53842161240986, 27.815433866623437], [93.53850576658569, 27.815460957359107], [93.53859255192697, 27.815480501743178], [93.53868110605103, 27.815492307506037], [93.53877054950723, 27.815496255472357], [93.53885999296344, 27.815492307506037], [93.53894854708751, 27.815480501743178], [93.5390353324288, 27.815460957359107], [93.53911948660462, 27.815433866623437], [93.53920017238512, 27.81539950046182], [93.53927658847307, 27.815358198922045], [93.53934797579208, 27.815310372763378], [93.53941362377473, 27.815256498689774], [93.53947288024413, 27.815197110610676], [93.53952515770209, 27.81513279884684], [93.53956993512574, 27.8150642037746], [93.53960676784902, 27.81499200549747], [93.53963528935931, 27.814916922257552], [93.53965521758555, 27.81483970090143], [93.53966635310181, 27.81476110814089], [93.53966858541528, 27.814681924991223], [93.53966189296645, 27.814602938826237], [93.53964634223057, 27.814524934638396], [93.53962208681956, 27.814448687093606], [93.53958936927862, 27.81437495496927], [93.53954851300115, 27.8143044700308], [93.53949992582238, 27.81423793305869], [93.5394440892393, 27.814176005902702], [93.53938155930896, 27.814119303536504], [93.53931295586904, 27.814068389289833], [93.53923896253741, 27.81402377008097], [93.53916031413597, 27.813985888471088], [93.5390777913007, 27.8139551210747], [93.53899221509182, 27.813931774586724], [93.5389044362138, 27.813916079425855], [93.53881532693089, 27.813908192912557], [93.53872577208358, 27.813908192912557], [93.53863666280067, 27.813916079425855], [93.53854888392266, 27.813931774586724], [93.53846330771377, 27.8139551210747], [93.53838078487851, 27.813985888471088], [93.53830213647707, 27.81402377008097], [93.53822814314545, 27.814068389289833], [93.5381595397055, 27.814119303536504], [93.53809700977519, 27.814176005902702], [93.53804117319208, 27.81423793305869], [93.53799258601332, 27.8143044700308], [93.53795172973587, 27.81437495496927], [93.5379190121949, 27.814448687093606], [93.53789475678391, 27.814524934638396], [93.53787920604803, 27.814602938826237], [93.53787251359918, 27.814681924991223], [93.53787474591263, 27.81476110814089], [93.53788588142893, 27.81483970090143], [93.53790580965517, 27.814916922257552], [93.53793433116545, 27.81499200549747], [93.53797116388873, 27.8150642037746], [93.5380159413124, 27.81513279884684], [93.53806821877035, 27.815197110610676], [93.53812747523975, 27.815256498689774]], [[93.56920426220084, 27.81315798075177], [93.56926351867025, 27.81321736994591], [93.56932916665286, 27.813271245031007], [93.56940055397187, 27.813319072087687], [93.56947697005984, 27.81336037440289], [93.56955765584033, 27.81339474120977], [93.56964181001615, 27.813421832454086], [93.56972859535745, 27.813441377205102], [93.56981714948151, 27.813453183189658], [93.56990659293774, 27.813457131230123], [93.56999603639395, 27.813453183189658], [93.57008459051802, 27.813441377205102], [93.5701713758593, 27.813421832454086], [93.57025553003513, 27.81339474120977], [93.57033621581562, 27.81336037440289], [93.5704126319036, 27.813319072087687], [93.57048401922259, 27.813271245031007], [93.57054966720524, 27.81321736994591], [93.57060892367464, 27.81315798075177], [93.57066120113261, 27.813093667780436], [93.57070597855625, 27.81302507142025], [93.5707428112795, 27.812952871787587], [93.57077133278979, 27.81287778713791], [93.57079126101607, 27.812800564331926], [93.57080239653232, 27.81272197009576], [93.5708046288458, 27.812642785459417], [93.57079793639693, 27.812563797811425], [93.57078238566103, 27.812485792159055], [93.57075813025007, 27.812409543182696], [93.5707254127091, 27.812335809674018], [93.57068455643167, 27.81226532341222], [93.57063596925289, 27.812198785190837], [93.57058013266978, 27.81213685687219], [93.57051760273947, 27.81208015344139], [93.57044899929954, 27.812029238238793], [93.57037500596793, 27.81198461819221], [93.57029635756648, 27.811946735871103], [93.57021383473122, 27.81191596789705], [93.57012825852229, 27.811892620970745], [93.5700404796443, 27.811876925515218], [93.5699513703614, 27.81186903885387], [93.56986181551409, 27.81186903885387], [93.56977270623115, 27.811876925515218], [93.56968492735318, 27.811892620970745], [93.56959935114423, 27.81191596789705], [93.56951682830898, 27.811946735871103], [93.56943817990758, 27.81198461819221], [93.56936418657591, 27.812029238238793], [93.56929558313598, 27.81208015344139], [93.56923305320569, 27.81213685687219], [93.56917721662256, 27.812198785190837], [93.56912862944378, 27.81226532341222], [93.56908777316636, 27.812335809674018], [93.56905505562541, 27.812409543182696], [93.56903080021442, 27.812485792159055], [93.56901524947854, 27.812563797811425], [93.56900855702966, 27.812642785459417], [93.56901078934315, 27.81272197009576], [93.5690219248594, 27.812800564331926], [93.56904185308566, 27.81287778713791], [93.56907037459595, 27.812952871787587], [93.56910720731922, 27.81302507142025], [93.56915198474286, 27.813093667780436], [93.56920426220084, 27.81315798075177]], [[93.5299470030375, 27.813095807468127], [93.53003555716161, 27.813084001444743], [93.53012234250288, 27.8130644566294], [93.53020649667869, 27.813037365295926], [93.53028718245918, 27.81300299837599], [93.53036359854714, 27.81296169592486], [93.53043498586615, 27.812913868710833], [93.5305006338488, 27.812859993448424], [93.53055989031822, 27.812800604058875], [93.53061216777616, 27.81273629087593], [93.53065694519982, 27.812667694290074], [93.5306937779231, 27.812595494419803], [93.53072229943338, 27.81252040952307], [93.53074222765962, 27.812443186463], [93.5307533631759, 27.81236459196827], [93.53075559548937, 27.81228540707137], [93.53074890304052, 27.812206419163477], [93.53073335230462, 27.812128413254435], [93.53070909689364, 27.812052164027154], [93.53067637935268, 27.811978430275904], [93.53063552307523, 27.811907943782156], [93.53058693589645, 27.811841405341838], [93.53053109931336, 27.81177947681943], [93.53046856938305, 27.811722773202067], [93.53039996594315, 27.811671857831936], [93.53032597261148, 27.811627237638536], [93.53024732421004, 27.811589355192794], [93.53016480137478, 27.81155858711755], [93.53007922516588, 27.811535240114413], [93.52999144628787, 27.811519544607233], [93.52990233700496, 27.81151165791992], [93.52981278215766, 27.81151165791992], [93.52972367287475, 27.811519544607233], [93.52963589399673, 27.811535240114413], [93.52955031778784, 27.81155858711755], [93.52946779495257, 27.811589355192794], [93.52938914655113, 27.811627237638536], [93.5293151532195, 27.811671857831936], [93.52924654977957, 27.811722773202067], [93.52918401984928, 27.81177947681943], [93.52912818326617, 27.811841405341838], [93.52907959608739, 27.811907943782156], [93.52903873980992, 27.811978430275904], [93.52900602226897, 27.812052164027154], [93.52898176685798, 27.812128413254435], [93.52896621612209, 27.812206419163477], [93.52895952367325, 27.81228540707137], [93.52896175598674, 27.81236459196827], [93.52897289150299, 27.812443186463], [93.52899281972924, 27.81252040952307], [93.52902134123951, 27.812595494419803], [93.5290581739628, 27.812667694290074], [93.52910295138645, 27.81273629087593], [93.5291552288444, 27.812800604058875], [93.5292144853138, 27.812859993448424], [93.52928013329645, 27.812913868710833], [93.52935152061546, 27.81296169592486], [93.52942793670343, 27.81300299837599], [93.52950862248392, 27.813037365295926], [93.52959277665974, 27.8130644566294], [93.52967956200104, 27.813084001444743], [93.52976811612511, 27.813095807468127], [93.52985755958132, 27.813099755521556], [93.5299470030375, 27.813095807468127]], [[93.53102914776476, 27.809389258520703], [93.53096661783447, 27.809445963356218], [93.53091078125135, 27.809507893209048], [93.53086219407257, 27.809574433078822], [93.53082133779515, 27.809644921086832], [93.53078862025416, 27.809718656422117], [93.5307643648432, 27.809794907287458], [93.53074881410731, 27.809872914872347], [93.53074212165843, 27.809951904477142], [93.53074435397191, 27.810031091075203], [93.53075548948817, 27.810109687258453], [93.53077541771445, 27.81018691197754], [93.5308039392247, 27.810261998487373], [93.53084077194798, 27.810334199908723], [93.53088554937163, 27.810402797968333], [93.53093782682959, 27.81046711253296], [93.53099708329898, 27.810526503198425], [93.53106273128164, 27.81058037961825], [93.53113411860065, 27.810628207859796], [93.5312105346886, 27.810669511198288], [93.5312912204691, 27.81070387885655], [93.53137537464492, 27.810730970772042], [93.53146215998622, 27.810750516007303], [93.5315507141103, 27.810762322284333], [93.53164015756649, 27.810766270422565], [93.53172960102272, 27.810762322284333], [93.5318181551468, 27.810750516007303], [93.53190494048808, 27.810730970772042], [93.53198909466386, 27.81070387885655], [93.5320697804444, 27.810669511198288], [93.53214619653235, 27.810628207859796], [93.53221758385132, 27.81058037961825], [93.53228323183397, 27.810526503198425], [93.53234248830339, 27.81046711253296], [93.53239476576134, 27.810402797968333], [93.53243954318499, 27.810334199908723], [93.53247637590829, 27.810261998487373], [93.53250489741856, 27.81018691197754], [93.53252482564483, 27.810109687258453], [93.53253596116109, 27.810031091075203], [93.53253819347456, 27.809951904477142], [93.5325315010257, 27.809872914872347], [93.5325159502898, 27.809794907287458], [93.53249169487881, 27.809718656422117], [93.53245897733785, 27.809644921086832], [93.53241812106043, 27.809574433078822], [93.53236953388166, 27.809507893209048], [93.53231369729855, 27.809445963356218], [93.53225116736826, 27.809389258520703], [93.53218256392832, 27.80933834205675], [93.53210857059666, 27.809293720904783], [93.53202992219522, 27.80925583764521], [93.53194739935996, 27.809225068908933], [93.53186182315106, 27.80920172140425], [93.53177404427308, 27.809186025559917], [93.53168493499014, 27.809178138703157], [93.53159538014283, 27.809178138703157], [93.53150627085992, 27.809186025559917], [93.53141849198194, 27.80920172140425], [93.53133291577302, 27.809225068908933], [93.53125039293775, 27.80925583764521], [93.53117174453631, 27.809293720904783], [93.53109775120468, 27.80933834205675], [93.53102914776476, 27.809389258520703]], [[93.52745136639726, 27.809374821292884], [93.52753992052133, 27.80936301486506], [93.52762670586262, 27.809343469380163], [93.52771086003841, 27.80931637711859], [93.52779154581893, 27.809282009021334], [93.52786796190689, 27.80924070515527], [93.52793934922587, 27.809192876302824], [93.52800499720853, 27.80913899919479], [93.52806425367793, 27.809079607770716], [93.52811653113592, 27.809015292384572], [93.52816130855956, 27.80894669344877], [93.52819814128281, 27.808874491105147], [93.5282266627931, 27.808799403636225], [93.52824659101938, 27.808722177930736], [93.52825772653563, 27.80864358074359], [93.52825995884912, 27.808564393134073], [93.52825326640024, 27.808485402520315], [93.52823771566435, 27.80840739393906], [93.52821346025335, 27.80833114209977], [93.52818074271241, 27.808257405822648], [93.52813988643499, 27.808186916914288], [93.5280912992562, 27.808120376194616], [93.52803546267309, 27.808058445550756], [93.52797293274278, 27.808001739990967], [93.52790432930286, 27.807950822876656], [93.5278303359712, 27.807906201154783], [93.52775168756976, 27.807868317411295], [93.5276691647345, 27.807837548282066], [93.5275835885256, 27.80781420047916], [93.52749580964762, 27.807798504434327], [93.52740670036468, 27.807790617476833], [93.52731714551737, 27.807790617476833], [93.52722803623446, 27.807798504434327], [93.52714025735649, 27.80781420047916], [93.52705468114755, 27.807837548282066], [93.52697215831229, 27.807868317411295], [93.52689350991085, 27.807906201154783], [93.52681951657922, 27.807950822876656], [93.5267509131393, 27.808001739990967], [93.526688383209, 27.808058445550756], [93.52663254662588, 27.808120376194616], [93.5265839594471, 27.808186916914288], [93.52654310316967, 27.808257405822648], [93.5265103856287, 27.80833114209977], [93.52648613021773, 27.80840739393906], [93.52647057948184, 27.808485402520315], [93.52646388703296, 27.808564393134073], [93.52646611934647, 27.80864358074359], [93.52647725486271, 27.808722177930736], [93.52649718308898, 27.808799403636225], [93.52652570459922, 27.808874491105147], [93.52656253732253, 27.80894669344877], [93.52660731474617, 27.809015292384572], [93.52665959220413, 27.809079607770716], [93.52671884867353, 27.80913899919479], [93.52678449665618, 27.809192876302824], [93.52685588397519, 27.80924070515527], [93.52693230006315, 27.809282009021334], [93.52701298584364, 27.80931637711859], [93.52709714001948, 27.809343469380163], [93.52718392536076, 27.80936301486506], [93.52727247948482, 27.809374821292884], [93.52736192294103, 27.809378769481576], [93.52745136639726, 27.809374821292884]], [[93.53549929038267, 27.805780259746452], [93.53541151150469, 27.805795956082893], [93.53532593529576, 27.805819304319538], [93.5352434124605, 27.805850074020427], [93.53516476405906, 27.805887958467668], [93.53509077072744, 27.805932581018546], [93.5350221672875, 27.805983499078728], [93.53495963735722, 27.806040205691996], [93.5349038007741, 27.806102137486402], [93.53485521359532, 27.80616867944223], [93.53481435731786, 27.806239169660113], [93.53478163977691, 27.806312907307113], [93.53475738436592, 27.806389160562997], [93.53474183363006, 27.80646717059349], [93.53473514118119, 27.80654616267473], [93.53473737349466, 27.806625351755404], [93.53474850901092, 27.806703950402756], [93.53476843723719, 27.80678117754296], [93.53479695874745, 27.806856266406847], [93.53483379147073, 27.80692847009186], [93.53487856889438, 27.80699707030211], [93.53493084635234, 27.80706138688315], [93.53499010282174, 27.807120779410596], [93.53505575080439, 27.807174657519578], [93.5351271381234, 27.807222487260617], [93.53520355421135, 27.807263791894037], [93.53528423999185, 27.807298160629845], [93.53536839416768, 27.807325253394712], [93.53545517950897, 27.80734479924274], [93.53554373363305, 27.807356605889908], [93.53563317708924, 27.80736055415194], [93.53572262054544, 27.807356605889908], [93.53581117466955, 27.80734479924274], [93.53589796001083, 27.807325253394712], [93.53598211418662, 27.807298160629845], [93.53606279996716, 27.807263791894037], [93.53613921605512, 27.807222487260617], [93.53621060337407, 27.807174657519578], [93.53627625135674, 27.807120779410596], [93.53633550782614, 27.80706138688315], [93.53638778528409, 27.80699707030211], [93.53643256270773, 27.80692847009186], [93.53646939543104, 27.806856266406847], [93.5364979169413, 27.80678117754296], [93.53651784516755, 27.806703950402756], [93.53652898068384, 27.806625351755404], [93.5365312129973, 27.80654616267473], [93.53652452054845, 27.80646717059349], [93.53650896981256, 27.806389160562997], [93.53648471440157, 27.806312907307113], [93.5364519968606, 27.806239169660113], [93.53641114058317, 27.80616867944223], [93.53636255340442, 27.806102137486402], [93.5363067168213, 27.806040205691996], [93.536244186891, 27.805983499078728], [93.53617558345107, 27.805932581018546], [93.53610159011942, 27.805887958467668], [93.53602294171797, 27.805850074020427], [93.53594041888272, 27.805819304319538], [93.53585484267381, 27.805795956082893], [93.5357670637958, 27.805780259746452], [93.53567795451289, 27.805772372642487], [93.53558839966558, 27.805772372642487], [93.53549929038267, 27.805780259746452]], [[93.57024345398274, 27.80580834215462], [93.57021919857175, 27.80588459576463], [93.57020364783591, 27.805962606157426], [93.57019695538703, 27.80604159860554], [93.57019918770051, 27.806120788053985], [93.57021032321677, 27.806199387066375], [93.57023025144304, 27.806276614565242], [93.57025877295328, 27.80635170377786], [93.57029560567658, 27.80642390779822], [93.57034038310023, 27.80649250832707], [93.57039266055818, 27.80655682520679], [93.57045191702758, 27.806616218010106], [93.57051756501023, 27.80667009636932], [93.57058895232925, 27.80671792633249], [93.5706653684172, 27.806759231157763], [93.5707460541977, 27.80679360005317], [93.57083020837352, 27.806820692943884], [93.5709169937148, 27.806840238882682], [93.57100554783888, 27.806852045584684], [93.57109499129507, 27.806855993865053], [93.5711844347513, 27.806852045584684], [93.57127298887539, 27.806840238882682], [93.57135977421667, 27.806820692943884], [93.57144392839245, 27.80679360005317], [93.57152461417299, 27.806759231157763], [93.57160103026095, 27.80671792633249], [93.57167241757992, 27.80667009636932], [93.57173806556257, 27.806616218010106], [93.57179732203197, 27.80655682520679], [93.57184959948992, 27.80649250832707], [93.57189437691358, 27.80642390779822], [93.57193120963687, 27.80635170377786], [93.57195973114715, 27.806276614565242], [93.5719796593734, 27.806199387066375], [93.57199079488969, 27.806120788053985], [93.57199302720316, 27.80604159860554], [93.57198633475429, 27.805962606157426], [93.5719707840184, 27.80588459576463], [93.57194652860741, 27.80580834215462], [93.57191381106645, 27.805734604165153], [93.571872954789, 27.8056641136199], [93.57182436761026, 27.80559757135504], [93.57176853102713, 27.80553563927301], [93.57170600109684, 27.805478932396394], [93.5716373976569, 27.80542801409973], [93.57156340432526, 27.805383391341618], [93.57148475592382, 27.80534550671843], [93.57140223308855, 27.805314736874642], [93.57131665687966, 27.805291388529568], [93.57122887800168, 27.805275692120244], [93.57113976871874, 27.8052678049796], [93.57105021387142, 27.8052678049796], [93.5709611045885, 27.805275692120244], [93.57087332571054, 27.805291388529568], [93.5707877495016, 27.805314736874642], [93.57070522666635, 27.80534550671843], [93.5706265782649, 27.805383391341618], [93.57055258493328, 27.80542801409973], [93.57048398149334, 27.805478932396394], [93.57042145156306, 27.80553563927301], [93.57036561497993, 27.80559757135504], [93.57031702780115, 27.8056641136199], [93.57027617152373, 27.805734604165153], [93.57024345398274, 27.80580834215462]], [[93.54171214938043, 27.805338352992756], [93.5418007035045, 27.805326546126203], [93.5418874888458, 27.80530699991507], [93.54197164302158, 27.80527990664689], [93.54205232880211, 27.805245537272658], [93.54212874489006, 27.805204231871894], [93.54220013220905, 27.805156401242296], [93.5422657801917, 27.805102522132437], [93.5423250366611, 27.805043128501627], [93.54237731411905, 27.804978810725796], [93.5424220915427, 27.804910209241136], [93.54245892426599, 27.804838004214815], [93.54248744577627, 27.804762913955976], [93.54250737400255, 27.804685685381138], [93.5425185095188, 27.80460708527366], [93.54252074183229, 27.804527894721925], [93.54251404938341, 27.80444890117328], [93.54249849864753, 27.804370889693587], [93.54247424323653, 27.804294635021172], [93.54244152569558, 27.804220896004384], [93.54240066941816, 27.804150404477067], [93.54235208223938, 27.804083861285086], [93.54229624565626, 27.804021928340234], [93.54223371572597, 27.803965220673543], [93.54216511228603, 27.803914301667476], [93.54209111895437, 27.80386967828767], [93.54201247055293, 27.803831793136673], [93.54192994771766, 27.8038010228642], [93.54184437150879, 27.803777674193828], [93.5417565926308, 27.80376197756582], [93.54166748334785, 27.80375409031532], [93.54157792850054, 27.80375409031532], [93.54148881921763, 27.80376197756582], [93.54140104033966, 27.803777674193828], [93.54131546413073, 27.8038010228642], [93.54123294129546, 27.803831793136673], [93.54115429289402, 27.80386967828767], [93.54108029956241, 27.803914301667476], [93.54101169612247, 27.803965220673543], [93.54094916619218, 27.804021928340234], [93.54089332960905, 27.804083861285086], [93.54084474243028, 27.804150404477067], [93.54080388615286, 27.804220896004384], [93.54077116861187, 27.804294635021172], [93.5407469132009, 27.804370889693587], [93.54073136246501, 27.80444890117328], [93.54072467001615, 27.804527894721925], [93.54072690232964, 27.80460708527366], [93.54073803784588, 27.804685685381138], [93.54075796607216, 27.804762913955976], [93.5407864875824, 27.804838004214815], [93.5408233203057, 27.804910209241136], [93.54086809772936, 27.804978810725796], [93.54092037518731, 27.805043128501627], [93.54097963165671, 27.805102522132437], [93.54104527963936, 27.805156401242296], [93.54111666695836, 27.805204231871894], [93.54119308304632, 27.805245537272658], [93.54127376882683, 27.80527990664689], [93.54135792300265, 27.80530699991507], [93.54144470834393, 27.805326546126203], [93.541533262468, 27.805338352992756], [93.5416227059242, 27.805342301328132], [93.54171214938043, 27.805338352992756]], [[93.55262593807404, 27.803799044298216], [93.5526915860567, 27.803852924054453], [93.5527629733757, 27.803900755257864], [93.55283938946367, 27.803942061154157], [93.55292007524416, 27.803976430940754], [93.55300422941998, 27.80400352453399], [93.55309101476124, 27.804023070979618], [93.55317956888534, 27.804034877987778], [93.55326901234154, 27.804038826370522], [93.55335845579775, 27.804034877987778], [93.55344700992181, 27.804023070979618], [93.5535337952631, 27.80400352453399], [93.55361794943893, 27.803976430940754], [93.55369863521942, 27.803942061154157], [93.55377505130738, 27.803900755257864], [93.5538464386264, 27.803852924054453], [93.55391208660905, 27.803799044298216], [93.55397134307844, 27.80373964995485], [93.5540236205364, 27.8036753314074], [93.55406839796005, 27.80360672909973], [93.55410523068335, 27.80353452320718], [93.55413375219361, 27.80345943204749], [93.55415368041986, 27.803382202546146], [93.5541648159361, 27.80330360149572], [93.5541670482496, 27.80322440999393], [93.55416035580076, 27.803145415497607], [93.55414480506487, 27.803067403082053], [93.55412054965387, 27.802991147494822], [93.55408783211293, 27.80291740759341], [93.55404697583548, 27.802846915220393], [93.55399838865668, 27.80278037123017], [93.55394255207356, 27.802718437542314], [93.55388002214328, 27.80266172919533], [93.55381141870335, 27.802610809578404], [93.55373742537172, 27.80256618566327], [93.55365877697028, 27.8025283000578], [93.55357625413502, 27.80249752941618], [93.55349067792612, 27.8024741804657], [93.55340289904811, 27.802458483649392], [93.5533137897652, 27.80245059630428], [93.55322423491789, 27.80245059630428], [93.55313512563498, 27.802458483649392], [93.55304734675697, 27.8024741804657], [93.55296177054807, 27.80249752941618], [93.55287924771281, 27.8025283000578], [93.55280059931137, 27.80256618566327], [93.55272660597971, 27.802610809578404], [93.5526580025398, 27.80266172919533], [93.55259547260948, 27.802718437542314], [93.55253963602641, 27.80278037123017], [93.55249104884763, 27.802846915220393], [93.55245019257016, 27.80291740759341], [93.5524174750292, 27.802991147494822], [93.55239321961822, 27.803067403082053], [93.55237766888233, 27.803145415497607], [93.5523709764335, 27.80322440999393], [93.55237320874694, 27.80330360149572], [93.55238434426323, 27.803382202546146], [93.55240427248948, 27.80345943204749], [93.55243279399976, 27.80353452320718], [93.55246962672304, 27.80360672909973], [93.55251440414669, 27.8036753314074], [93.55256668160465, 27.80373964995485], [93.55262593807404, 27.803799044298216]], [[93.55660524930556, 27.800650385785392], [93.55651747042758, 27.80066608286285], [93.55643189421865, 27.80068943220185], [93.55634937138339, 27.80072020335548], [93.55627072298195, 27.800758089591348], [93.55619672965032, 27.800802714249013], [93.5561281262104, 27.80085363471324], [93.5560655962801, 27.800910344003807], [93.55600975969699, 27.8009722787222], [93.5559611725182, 27.80103882381975], [93.55592031624077, 27.80110931736573], [93.5558875986998, 27.801183058494136], [93.55586334328883, 27.801259315350233], [93.55584779255295, 27.801337329063923], [93.55584110010408, 27.80141632487468], [93.55584333241757, 27.801495517694214], [93.55585446793381, 27.801574120052557], [93.55587439616008, 27.801651350839013], [93.55590291767032, 27.801726443248214], [93.55593975039362, 27.801798650342313], [93.55598452781727, 27.8018672537915], [93.55603680527523, 27.80193157340923], [93.55609606174463, 27.80199096874092], [93.55616170972728, 27.802044849393734], [93.55623309704629, 27.802092681393095], [93.55630951313425, 27.80213398797673], [93.55639019891474, 27.802168358335233], [93.55647435309056, 27.8021954523793], [93.55656113843186, 27.802214999150227], [93.55664969255592, 27.802226806354856], [93.55673913601213, 27.802230754803297], [93.55682857946836, 27.802226806354856], [93.55691713359244, 27.802214999150227], [93.55700391893372, 27.8021954523793], [93.55708807310951, 27.802168358335233], [93.55716875889003, 27.80213398797673], [93.55724517497801, 27.802092681393095], [93.55731656229698, 27.802044849393734], [93.55738221027963, 27.80199096874092], [93.55744146674903, 27.80193157340923], [93.55749374420698, 27.8018672537915], [93.55753852163063, 27.801798650342313], [93.55757535435392, 27.801726443248214], [93.55760387586419, 27.801651350839013], [93.55762380409048, 27.801574120052557], [93.55763493960673, 27.801495517694214], [93.55763717192022, 27.80141632487468], [93.55763047947134, 27.801337329063923], [93.55761492873545, 27.801259315350233], [93.55759067332446, 27.801183058494136], [93.55755795578351, 27.80110931736573], [93.55751709950609, 27.80103882381975], [93.5574685123273, 27.8009722787222], [93.55741267574419, 27.800910344003807], [93.55735014581388, 27.80085363471324], [93.55728154237396, 27.800802714249013], [93.5572075490423, 27.800758089591348], [93.55712890064086, 27.80072020335548], [93.5570463778056, 27.80068943220185], [93.5569608015967, 27.80066608286285], [93.55687302271872, 27.800650385785392], [93.55678391343578, 27.800642498308996], [93.55669435858847, 27.800642498308996], [93.55660524930556, 27.800650385785392]], [[93.56557011334588, 27.800646777380233], [93.56553739580494, 27.800720518822533], [93.56551314039393, 27.800796776003224], [93.56549758965804, 27.800874790048965], [93.56549089720917, 27.800953786195997], [93.56549312952265, 27.801032979352602], [93.56550426503894, 27.801111582045532], [93.56552419326519, 27.801188813160714], [93.56555271477546, 27.801263905889524], [93.56558954749876, 27.80133611329098], [93.5656343249224, 27.80140471703219], [93.56568660238037, 27.80146903692369], [93.56574585884977, 27.801528432508224], [93.56581150683242, 27.80158231339042], [93.56588289415139, 27.801630145593347], [93.56595931023935, 27.801671452352817], [93.56603999601988, 27.801705822857635], [93.56612415019566, 27.801732917017034], [93.56621093553696, 27.801752463871136], [93.56629948966102, 27.801764271126032], [93.56638893311727, 27.801768219591292], [93.56647837657346, 27.801764271126032], [93.56656693069752, 27.801752463871136], [93.56665371603883, 27.801732917017034], [93.56673787021464, 27.801705822857635], [93.56681855599514, 27.801671452352817], [93.56689497208309, 27.801630145593347], [93.5669663594021, 27.80158231339042], [93.56703200738475, 27.801528432508224], [93.56709126385417, 27.80146903692369], [93.5671435413121, 27.80140471703219], [93.56718831873577, 27.80133611329098], [93.56722515145906, 27.801263905889524], [93.5672536729693, 27.801188813160714], [93.56727360119557, 27.801111582045532], [93.56728473671183, 27.801032979352602], [93.56728696902532, 27.800953786195997], [93.56728027657644, 27.800874790048965], [93.56726472584056, 27.800796776003224], [93.5672404704296, 27.800720518822533], [93.5672077528886, 27.800646777380233], [93.56716689661118, 27.800576283534188], [93.5671183094324, 27.8005097381534], [93.56706247284929, 27.800447803171377], [93.566999942919, 27.800391093639416], [93.56693133947905, 27.800340172958446], [93.56685734614743, 27.80029554811089], [93.56677869774599, 27.80025766171375], [93.56669617491073, 27.800226890429148], [93.5666105987018, 27.800203540990776], [93.56652281982383, 27.800187843846462], [93.5664337105409, 27.800179956336507], [93.56634415569361, 27.800179956336507], [93.56625504641066, 27.800187843846462], [93.56616726753269, 27.800203540990776], [93.56608169132379, 27.800226890429148], [93.56599916848853, 27.80025766171375], [93.56592052008708, 27.80029554811089], [93.56584652675544, 27.800340172958446], [93.5657779233155, 27.800391093639416], [93.56571539338519, 27.800447803171377], [93.56565955680207, 27.8005097381534], [93.56561096962334, 27.800576283534188], [93.56557011334588, 27.800646777380233]], [[93.56226202688795, 27.795772575608378], [93.56217424800994, 27.795788273390418], [93.56208867180104, 27.795811623777407], [93.56200614896578, 27.79584239631216], [93.56192750056432, 27.79588028424852], [93.56185350723268, 27.79592491090907], [93.56178490379274, 27.7959758336588], [93.56172237386245, 27.796032545494704], [93.56166653727932, 27.79609448299298], [93.56161795010058, 27.79616103107734], [93.56157709382313, 27.796231527787384], [93.56154437628219, 27.79630527222563], [93.56152012087118, 27.796381532504473], [93.56150457013528, 27.796459549719764], [93.56149787768645, 27.796538549076228], [93.56150010999991, 27.79661774545031], [93.56151124551619, 27.79669635133673], [93.56153117374244, 27.796773585589683], [93.56155969525271, 27.796848681369394], [93.56159652797601, 27.79692089170452], [93.56164130539965, 27.796989498233003], [93.5616935828576, 27.797053820737748], [93.56175283932701, 27.797113218735433], [93.56181848730967, 27.79716710180675], [93.56188987462863, 27.79721493595305], [93.5619662907166, 27.79725624439076], [93.56204697649711, 27.79729061629203], [93.56213113067295, 27.797317711552246], [93.5622179160142, 27.797337259200503], [93.56230647013831, 27.79734906693512], [93.56239591359451, 27.797353015560805], [93.5624853570507, 27.79734906693512], [93.56257391117478, 27.797337259200503], [93.56266069651608, 27.797317711552246], [93.5627448506919, 27.79729061629203], [93.56282553647239, 27.79725624439076], [93.56290195256034, 27.79721493595305], [93.56297333987935, 27.79716710180675], [93.563038987862, 27.797113218735433], [93.56309824433141, 27.797053820737748], [93.56315052178937, 27.796989498233003], [93.56319529921302, 27.79692089170452], [93.5632321319363, 27.796848681369394], [93.56326065344658, 27.796773585589683], [93.56328058167283, 27.79669635133673], [93.56329171718907, 27.79661774545031], [93.56329394950257, 27.796538549076228], [93.56328725705369, 27.796459549719764], [93.56327170631783, 27.796381532504473], [93.56324745090684, 27.79630527222563], [93.5632147333659, 27.796231527787384], [93.56317387708843, 27.79616103107734], [93.56312528990965, 27.79609448299298], [93.56306945332653, 27.796032545494704], [93.56300692339624, 27.7959758336588], [93.5629383199563, 27.79592491090907], [93.56286432662469, 27.79588028424852], [93.56278567822324, 27.79584239631216], [93.56270315538798, 27.795811623777407], [93.56261757917906, 27.795788273390418], [93.56252980030108, 27.795772575608378], [93.56244069101815, 27.79576468777797], [93.56235113617086, 27.79576468777797], [93.56226202688795, 27.795772575608378]], [[93.48986478232123, 27.792282284282486], [93.48977700344325, 27.792297982568552], [93.48969142723433, 27.792321333705342], [93.48960890439906, 27.792352107228204], [93.48953025599765, 27.792389996381164], [93.489456262666, 27.79243462447472], [93.48938765922607, 27.792485548859613], [93.48932512929576, 27.792542262516573], [93.48926929271265, 27.792604202003698], [93.48922070553388, 27.792670752224957], [93.48917984925646, 27.792741251198706], [93.4891471317155, 27.79281499800493], [93.4891228763045, 27.792891260732556], [93.48910732556861, 27.79296928045308], [93.48910063311973, 27.79304828234629], [93.48910286543322, 27.793127481263483], [93.48911400094947, 27.793206089674], [93.48913392917576, 27.79328332640705], [93.48916245068604, 27.79335842459822], [93.48919928340929, 27.793430637252133], [93.48924406083295, 27.793499245983686], [93.48929633829093, 27.79356357055392], [93.4893555947603, 27.793622970458983], [93.48942124274295, 27.79367685526055], [93.48949263006195, 27.79372469094293], [93.48956904614992, 27.793766000707134], [93.48964973193041, 27.793800373712124], [93.48973388610624, 27.79382746984241], [93.48982067144752, 27.79384701811842], [93.4899092255716, 27.793858826232206], [93.48999866902784, 27.79386277498468], [93.49008811248403, 27.793858826232206], [93.4901766666081, 27.79384701811842], [93.49026345194939, 27.79382746984241], [93.49034760612521, 27.793800373712124], [93.49042829190572, 27.793766000707134], [93.49050470799367, 27.79372469094293], [93.49057609531268, 27.79367685526055], [93.49064174329533, 27.793622970458983], [93.49070099976473, 27.79356357055392], [93.49075327722268, 27.793499245983686], [93.49079805464633, 27.793430637252133], [93.49083488736959, 27.79335842459822], [93.49086340887987, 27.79328332640705], [93.49088333710614, 27.793206089674], [93.49089447262239, 27.793127481263483], [93.49089670493588, 27.79304828234629], [93.490890012487, 27.79296928045308], [93.49087446175113, 27.792891260732556], [93.49085020634013, 27.79281499800493], [93.49081748879918, 27.792741251198706], [93.49077663252176, 27.792670752224957], [93.49072804534296, 27.792604202003698], [93.49067220875985, 27.792542262516573], [93.49060967882957, 27.792485548859613], [93.49054107538963, 27.79243462447472], [93.49046708205796, 27.792389996381164], [93.49038843365656, 27.792352107228204], [93.4903059108213, 27.792321333705342], [93.49022033461237, 27.792297982568552], [93.4901325557344, 27.792282284282486], [93.49004344645145, 27.792274396198806], [93.48995389160417, 27.792274396198806], [93.48986478232123, 27.792282284282486]], [[93.50552553487746, 27.792334334017863], [93.50548467860004, 27.792404833209787], [93.50545196105908, 27.79247858024423], [93.50542770564809, 27.79255484320788], [93.50541215491221, 27.79263286316987], [93.50540546246333, 27.792711865307567], [93.50540769477682, 27.79279106446985], [93.50541883029307, 27.792869673123672], [93.50543875851933, 27.792946910095743], [93.50546728002962, 27.793022008519337], [93.5055041127529, 27.79309422139674], [93.50554889017653, 27.793162830340627], [93.50560116763451, 27.79322715510994], [93.50566042410392, 27.79328655519884], [93.50572607208657, 27.793340440167167], [93.50579745940554, 27.793388275997582], [93.5058738754935, 27.793429585889644], [93.50595456127404, 27.793463959001006], [93.50603871544983, 27.793491055215156], [93.50612550079111, 27.79351060355166], [93.50621405491519, 27.793522411702], [93.50630349837141, 27.79352636046669], [93.50639294182761, 27.793522411702], [93.50648149595169, 27.79351060355166], [93.50656828129297, 27.793491055215156], [93.5066524354688, 27.793463959001006], [93.5067331212493, 27.793429585889644], [93.50680953733726, 27.793388275997582], [93.50688092465626, 27.793340440167167], [93.50694657263891, 27.79328655519884], [93.50700582910831, 27.79322715510994], [93.50705810656628, 27.793162830340627], [93.50710288398992, 27.79309422139674], [93.50713971671321, 27.793022008519337], [93.50716823822346, 27.792946910095743], [93.50718816644974, 27.792869673123672], [93.50719930196598, 27.79279106446985], [93.50720153427947, 27.792711865307567], [93.5071948418306, 27.79263286316987], [93.5071792910947, 27.79255484320788], [93.50715503568374, 27.79247858024423], [93.50712231814276, 27.792404833209787], [93.50708146186534, 27.792334334017863], [93.50703287468656, 27.792267783590646], [93.50697703810344, 27.792205843911834], [93.50691450817314, 27.792149130079356], [93.50684590473323, 27.79209820553686], [93.5067719114016, 27.792053577305193], [93.50669326300016, 27.792015688034972], [93.50661074016489, 27.791984914416883], [93.50652516395596, 27.791961563207835], [93.50643738507797, 27.791945864873178], [93.50634827579506, 27.791937976765087], [93.50625872094777, 27.791937976765087], [93.50616961166483, 27.791945864873178], [93.50608183278685, 27.791961563207835], [93.50599625657794, 27.791984914416883], [93.50591373374269, 27.792015688034972], [93.50583508534125, 27.792053577305193], [93.50576109200958, 27.79209820553686], [93.50569248856965, 27.792149130079356], [93.50562995863936, 27.792205843911834], [93.50557412205625, 27.792267783590646], [93.50552553487746, 27.792334334017863]], [[93.5115174056204, 27.789044203260712], [93.51142962674241, 27.78905990201441], [93.51134405053348, 27.789083253846687], [93.51126152769822, 27.789114028286157], [93.51118287929678, 27.78915191856768], [93.51110888596516, 27.789196547990528], [93.51104028252523, 27.789247473892253], [93.51097775259493, 27.789304189238486], [93.51092191601181, 27.78936613057055], [93.51087332883303, 27.78943268277407], [93.5108324725556, 27.78950318384771], [93.51079975501463, 27.789576932850572], [93.51077549960367, 27.789653197849816], [93.51075994886777, 27.789731219894243], [93.5107532564189, 27.78981022414066], [93.51075548873239, 27.78988942541689], [93.51076662424863, 27.789968036168887], [93.51078655247491, 27.79004527520257], [93.51081507398516, 27.790120375630675], [93.51085190670845, 27.790192590435574], [93.5108966841321, 27.790261201210757], [93.51094896159005, 27.790325527697036], [93.51100821805946, 27.79038492937144], [93.51107386604211, 27.79043881577812], [93.51114525336112, 27.79048665288535], [93.51122166944909, 27.79052796388006], [93.51130235522957, 27.79056233790892], [93.5113865094054, 27.790589434846353], [93.5114732947467, 27.790608983704622], [93.51156184887076, 27.79062079217014], [93.51165129232696, 27.790624741040247], [93.51174073578319, 27.79062079217014], [93.51182928990725, 27.790608983704622], [93.51191607524855, 27.790589434846353], [93.51200022942434, 27.79056233790892], [93.51208091520486, 27.79052796388006], [93.51215733129283, 27.79048665288535], [93.51222871861181, 27.79043881577812], [93.51229436659446, 27.79038492937144], [93.51235362306386, 27.790325527697036], [93.51240590052181, 27.790261201210757], [93.51245067794547, 27.790192590435574], [93.51248751066875, 27.790120375630675], [93.51251603217902, 27.79004527520257], [93.51253596040527, 27.789968036168887], [93.51254709592156, 27.78988942541689], [93.51254932823505, 27.78981022414066], [93.51254263578618, 27.789731219894243], [93.51252708505028, 27.789653197849816], [93.51250282963929, 27.789576932850572], [93.51247011209834, 27.78950318384771], [93.51242925582088, 27.78943268277407], [93.51238066864214, 27.78936613057055], [93.51232483205902, 27.789304189238486], [93.51226230212872, 27.789247473892253], [93.51219369868879, 27.789196547990528], [93.51211970535714, 27.78915191856768], [93.51204105695568, 27.789114028286157], [93.51195853412042, 27.789083253846687], [93.51187295791152, 27.78905990201441], [93.51178517903355, 27.789044203260712], [93.5116960697506, 27.78903631494209], [93.5116065149033, 27.78903631494209], [93.5115174056204, 27.789044203260712]], [[93.51172125761286, 27.7882401997732], [93.51178690559551, 27.788294087242893], [93.51185829291452, 27.788341925293818], [93.51193470900247, 27.78838323710349], [93.51201539478296, 27.78841761181048], [93.51209954895879, 27.78844470928245], [93.51218633430008, 27.78846425852637], [93.51227488842416, 27.78847606722482], [93.51236433188035, 27.788480016172837], [93.5124537753366, 27.78847606722482], [93.51254232946066, 27.78846425852637], [93.51262911480194, 27.78844470928245], [93.51271326897773, 27.78841761181048], [93.51279395475827, 27.78838323710349], [93.51287037084622, 27.788341925293818], [93.5129417581652, 27.788294087242893], [93.51300740614785, 27.7882401997732], [93.51306666261725, 27.788180796926962], [93.51311894007523, 27.788116469171694], [93.51316371749886, 27.78804785704303], [93.51320055022215, 27.787975640813524], [93.51322907173243, 27.78790053890394], [93.51324899995869, 27.78782329834657], [93.51326013547495, 27.787744686043798], [93.51326236778844, 27.787665483205178], [93.51325567533956, 27.78758647740024], [93.51324012460368, 27.787508453816702], [93.51321586919268, 27.787432187313016], [93.51318315165173, 27.787358436855303], [93.51314229537431, 27.78728793439092], [93.51309370819554, 27.78722138087457], [93.51303787161241, 27.78715943832059], [93.51297534168212, 27.787102721855565], [93.51290673824218, 27.787051794949257], [93.51283274491054, 27.787007164646067], [93.51275409650908, 27.78696927361709], [93.51267157367383, 27.786938498570564], [93.51258599746492, 27.786915146277593], [93.51249821858696, 27.78689944721422], [93.512409109304, 27.786891558739985], [93.5123195544567, 27.786891558739985], [93.51223044517378, 27.78689944721422], [93.5121426662958, 27.786915146277593], [93.51205709008688, 27.786938498570564], [93.51197456725163, 27.78696927361709], [93.51189591885019, 27.787007164646067], [93.51182192551856, 27.787051794949257], [93.51175332207862, 27.787102721855565], [93.51169079214833, 27.78715943832059], [93.5116349555652, 27.78722138087457], [93.51158636838643, 27.78728793439092], [93.51154551210901, 27.787358436855303], [93.51151279456802, 27.787432187313016], [93.51148853915706, 27.787508453816702], [93.51147298842118, 27.78758647740024], [93.5114662959723, 27.787665483205178], [93.51146852828577, 27.787744686043798], [93.51147966380204, 27.78782329834657], [93.51149959202831, 27.78790053890394], [93.51152811353856, 27.787975640813524], [93.51156494626184, 27.78804785704303], [93.5116097236855, 27.788116469171694], [93.51166200114345, 27.788180796926962], [93.51172125761286, 27.7882401997732]], [[93.52821323028466, 27.78696633868703], [93.52825006300792, 27.787038555586854], [93.52829484043158, 27.787107168352485], [93.52834711788957, 27.787171496704882], [93.52840637435894, 27.787230900102536], [93.52847202234159, 27.787284788072444], [93.52854340966059, 27.787332626567476], [93.52861982574855, 27.787373938760634], [93.52870051152905, 27.787408313786713], [93.52878466570488, 27.787435411510213], [93.52887145104616, 27.7874549609356], [93.52896000517022, 27.78746676974373], [93.52904944862647, 27.787470718728386], [93.52913889208266, 27.78746676974373], [93.52922744620673, 27.7874549609356], [93.52931423154803, 27.787435411510213], [93.52939838572385, 27.787408313786713], [93.52947907150434, 27.787373938760634], [93.52955548759229, 27.787332626567476], [93.5296268749113, 27.787284788072444], [93.52969252289395, 27.787230900102536], [93.52975177936332, 27.787171496704882], [93.52980405682132, 27.787107168352485], [93.52984883424497, 27.787038555586854], [93.52988566696821, 27.78696633868703], [93.5299141884785, 27.78689123608026], [93.52993411670478, 27.786813994805872], [93.52994525222103, 27.78673538177337], [93.52994748453452, 27.786656178199518], [93.52994079208564, 27.786577171661232], [93.52992524134976, 27.786499147353393], [93.52990098593875, 27.786422880141757], [93.5298682683978, 27.78634912899946], [93.52982741212038, 27.786278625880648], [93.5297788249416, 27.78621207174649], [93.52972298835849, 27.786150128617543], [93.5296604584282, 27.786093411626023], [93.52959185498825, 27.78604248424702], [93.5295178616566, 27.785997853529505], [93.52943921325519, 27.785959962148823], [93.52935669041993, 27.785929186816606], [93.52927111421101, 27.785905834306874], [93.52918333533303, 27.785890135097784], [93.52909422605008, 27.785882246550344], [93.52900467120281, 27.785882246550344], [93.52891556191986, 27.785890135097784], [93.52882778304189, 27.785905834306874], [93.52874220683296, 27.785929186816606], [93.5286596839977, 27.785959962148823], [93.52858103559628, 27.785997853529505], [93.52850704226464, 27.78604248424702], [93.5284384388247, 27.786093411626023], [93.52837590889439, 27.786150128617543], [93.52832007231127, 27.78621207174649], [93.5282714851325, 27.786278625880648], [93.52823062885508, 27.78634912899946], [93.52819791131414, 27.786422880141757], [93.52817365590313, 27.786499147353393], [93.52815810516724, 27.786577171661232], [93.52815141271837, 27.786656178199518], [93.52815364503186, 27.78673538177337], [93.52816478054811, 27.786813994805872], [93.52818470877439, 27.78689123608026], [93.52821323028466, 27.78696633868703]], [[93.48343308024555, 27.78612102545966], [93.48352163436961, 27.78610921650543], [93.48360841971089, 27.78608966683808], [93.48369257388671, 27.786062568779155], [93.48377325966722, 27.78602819332763], [93.48384967575518, 27.78598688062317], [93.48392106307418, 27.78593904153607], [93.48398671105683, 27.78588515289919], [93.48404596752624, 27.785825748766303], [93.4840982449842, 27.78576141961774], [93.48414302240784, 27.78569280600294], [93.48417985513115, 27.785620588209287], [93.4842083766414, 27.785545484673005], [93.48422830486766, 27.785468242442647], [93.4842394403839, 27.785389628437212], [93.48424167269741, 27.785310423883114], [93.48423498024853, 27.78523141636696], [93.48421942951266, 27.785153391093456], [93.48419517410167, 27.785077122937917], [93.48416245656071, 27.785003370882865], [93.48412160028327, 27.784932866891463], [93.48407301310449, 27.784866311933595], [93.48401717652136, 27.78480436803804], [93.48395464659107, 27.7847476503446], [93.48388604315114, 27.78469672233526], [93.48381204981952, 27.7846520910654], [93.48373340141808, 27.784614199215774], [93.48365087858282, 27.784583423502667], [93.48356530237388, 27.784560070703964], [93.4834775234959, 27.784544371300566], [93.483388414213, 27.784536482655483], [93.48329885936569, 27.784536482655483], [93.48320975008278, 27.784544371300566], [93.48312197120477, 27.784560070703964], [93.48303639499586, 27.784583423502667], [93.4829538721606, 27.784614199215774], [93.48287522375917, 27.7846520910654], [93.48280123042751, 27.78469672233526], [93.48273262698758, 27.7847476503446], [93.48267009705728, 27.78480436803804], [93.48261426047416, 27.784866311933595], [93.48256567329543, 27.784932866891463], [93.48252481701796, 27.785003370882865], [93.48249209947701, 27.785077122937917], [93.48246784406602, 27.785153391093456], [93.48245229333013, 27.78523141636696], [93.48244560088129, 27.785310423883114], [93.48244783319474, 27.785389628437212], [93.48245896871103, 27.785468242442647], [93.48247889693727, 27.785545484673005], [93.48250741844755, 27.785620588209287], [93.48254425117084, 27.78569280600294], [93.48258902859449, 27.78576141961774], [93.48264130605244, 27.785825748766303], [93.48270056252184, 27.78588515289919], [93.4827662105045, 27.78593904153607], [93.48283759782348, 27.78598688062317], [93.48291401391144, 27.78602819332763], [93.48299469969196, 27.786062568779155], [93.48307885386778, 27.78608966683808], [93.48316563920903, 27.78610921650543], [93.48325419333315, 27.78612102545966], [93.48334363678934, 27.786124974493195], [93.48343308024555, 27.78612102545966]], [[93.49165171827092, 27.784582817906774], [93.49161900072997, 27.78465657024706], [93.49159474531898, 27.784732838697572], [93.4915791945831, 27.784810864272835], [93.4915725021342, 27.784889872094528], [93.49157473444771, 27.784969076954965], [93.49158586996398, 27.78504769126445], [93.49160579819024, 27.785124933793536], [93.49163431970051, 27.785200037620292], [93.49167115242379, 27.785272255693258], [93.49171592984744, 27.785340869573417], [93.4917682073054, 27.785405198970782], [93.49182746377481, 27.785464603333416], [93.49189311175745, 27.785518492178703], [93.49196449907643, 27.785566331450845], [93.4920409151644, 27.785607644315085], [93.49212160094491, 27.785642019899555], [93.49220575512072, 27.785669118063286], [93.492292540462, 27.785688667806244], [93.49238109458607, 27.78570047680616], [93.4924705380423, 27.785704425854963], [93.4925599814985, 27.78570047680616], [93.49264853562258, 27.785688667806244], [93.49273532096386, 27.785669118063286], [93.4928194751397, 27.785642019899555], [93.49290016092017, 27.785607644315085], [93.49297657700815, 27.785566331450845], [93.49304796432716, 27.785518492178703], [93.49311361230981, 27.785464603333416], [93.49317286877921, 27.785405198970782], [93.49322514623717, 27.785340869573417], [93.4932699236608, 27.785272255693258], [93.4933067563841, 27.785200037620292], [93.49333527789435, 27.785124933793536], [93.49335520612063, 27.78504769126445], [93.49336634163687, 27.784969076954965], [93.49336857395036, 27.784889872094528], [93.49336188150149, 27.784810864272835], [93.49334633076559, 27.784732838697572], [93.49332207535463, 27.78465657024706], [93.49328935781365, 27.784582817906774], [93.49324850153623, 27.784512313642697], [93.49319991435745, 27.78444575842743], [93.49314407777433, 27.784383814292305], [93.49308154784403, 27.78432709637951], [93.4930129444041, 27.78427616817323], [93.49293895107249, 27.78423153673074], [93.49286030267103, 27.784193644734568], [93.49277777983578, 27.78416286890246], [93.49269220362685, 27.7841395160134], [93.49260442474886, 27.784123816549318], [93.49251531546595, 27.784115927873714], [93.49242576061866, 27.784115927873714], [93.4923366513357, 27.784123816549318], [93.49224887245774, 27.7841395160134], [93.49216329624883, 27.78416286890246], [93.49208077341358, 27.784193644734568], [93.49200212501212, 27.78423153673074], [93.49192813168047, 27.78427616817323], [93.49185952824054, 27.78432709637951], [93.49179699831025, 27.784383814292305], [93.49174116172712, 27.78444575842743], [93.49169257454838, 27.784512313642697], [93.49165171827092, 27.784582817906774]], [[93.50113889066522, 27.786850394977847], [93.50107028722529, 27.786799467953358], [93.50099629389366, 27.78675483754656], [93.50091764549222, 27.78671694642967], [93.50083512265697, 27.78668617131171], [93.50074954644803, 27.786662818964558], [93.50066176757005, 27.78664711986475], [93.50057265828714, 27.78663923137224], [93.50048310343983, 27.78663923137224], [93.5003939941569, 27.78664711986475], [93.50030621527891, 27.786662818964558], [93.50022063906998, 27.78668617131171], [93.50013811623471, 27.78671694642967], [93.50005946783331, 27.78675483754656], [93.49998547450164, 27.786799467953358], [93.49991687106173, 27.786850394977847], [93.49985434113142, 27.786907111574493], [93.49979850454831, 27.7869690542722], [93.49974991736953, 27.787035607943036], [93.4997090610921, 27.787106110571024], [93.49967634355114, 27.787179861199853], [93.49965208814017, 27.78725612788053], [93.49963653740427, 27.787334151645165], [93.4996298449554, 27.787413157633416], [93.49963207726888, 27.78749236065585], [93.49964321278513, 27.787570973141058], [93.49966314101142, 27.787648213877684], [93.49969166252168, 27.787723315961575], [93.49972849524495, 27.787795532358633], [93.4997732726686, 27.78786414464658], [93.49982555012659, 27.78792847255113], [93.49988480659599, 27.787987875535237], [93.49995045457861, 27.788041763129954], [93.5000218418976, 27.78808960129193], [93.50009825798557, 27.788130913197474], [93.50017894376607, 27.78816528798421], [93.5002630979419, 27.788192385519068], [93.50034988328318, 27.78821193480838], [93.50043843740725, 27.788223743534246], [93.50052788086349, 27.78822769249142], [93.50061732431968, 27.788223743534246], [93.50070587844375, 27.78821193480838], [93.50079266378505, 27.788192385519068], [93.50087681796087, 27.78816528798421], [93.50095750374136, 27.788130913197474], [93.50103391982933, 27.78808960129193], [93.50110530714834, 27.788041763129954], [93.50117095513099, 27.787987875535237], [93.50123021160039, 27.78792847255113], [93.50128248905834, 27.78786414464658], [93.501327266482, 27.787795532358633], [93.50136409920525, 27.787723315961575], [93.50139262071554, 27.787648213877684], [93.5014125489418, 27.787570973141058], [93.50142368445805, 27.78749236065585], [93.50142591677154, 27.787413157633416], [93.50141922432266, 27.787334151645165], [93.50140367358678, 27.78725612788053], [93.50137941817582, 27.787179861199853], [93.50134670063483, 27.787106110571024], [93.5013058443574, 27.787035607943036], [93.50125725717862, 27.7869690542722], [93.5012014205955, 27.786907111574493], [93.50113889066522, 27.786850394977847]], [[93.4916236117823, 27.780780350481574], [93.49153583290433, 27.780796050428364], [93.49145025669543, 27.780819404035388], [93.49136773386017, 27.780850180813697], [93.49128908545873, 27.780888073974843], [93.49121509212708, 27.7809327067895], [93.49114648868714, 27.780983636561526], [93.49108395875685, 27.78104035621812], [93.49102812217373, 27.78110230225771], [93.49097953499495, 27.781168859519195], [93.49093867871753, 27.781239365950885], [93.49090596117658, 27.781313120558725], [93.49088170576559, 27.78138939135411], [93.49086615502969, 27.781467419328248], [93.49085946258083, 27.78154642957907], [93.4908616948943, 27.781625636874665], [93.49087283041057, 27.781704253601205], [93.49089275863683, 27.78178149850515], [93.4909212801471, 27.781856604641014], [93.4909581128704, 27.781928824934326], [93.49100289029403, 27.78199744092411], [93.49105516775201, 27.782061772299333], [93.49111442422142, 27.782121178488406], [93.49118007220407, 27.782175068990533], [93.49125145952304, 27.782222909733544], [93.49132787561099, 27.78226422386797], [93.49140856139152, 27.782298600509378], [93.49149271556732, 27.78232569950623], [93.4915795009086, 27.782345249850266], [93.49166805503268, 27.78235705921326], [93.49175749848891, 27.782361008383507], [93.4918469419451, 27.78235705921326], [93.49193549606919, 27.782345249850266], [93.49202228141047, 27.78232569950623], [93.4921064355863, 27.782298600509378], [93.49218712136678, 27.78226422386797], [93.49226353745475, 27.782222909733544], [93.49233492477376, 27.782175068990533], [93.49240057275641, 27.782121178488406], [93.49245982922581, 27.782061772299333], [93.49251210668376, 27.78199744092411], [93.49255688410742, 27.781928824934326], [93.4925937168307, 27.781856604641014], [93.49262223834094, 27.78178149850515], [93.49264216656722, 27.781704253601205], [93.49265330208348, 27.781625636874665], [93.49265553439696, 27.78154642957907], [93.49264884194808, 27.781467419328248], [93.4926332912122, 27.78138939135411], [93.49260903580124, 27.781313120558725], [93.49257631826025, 27.781239365950885], [93.49253546198283, 27.781168859519195], [93.49248687480406, 27.78110230225771], [93.49243103822093, 27.78104035621812], [93.49236850829064, 27.780983636561526], [93.4922999048507, 27.7809327067895], [93.49222591151909, 27.780888073974843], [93.49214726311763, 27.780850180813697], [93.49206474028237, 27.780819404035388], [93.49197916407346, 27.780796050428364], [93.49189138519547, 27.780780350481574], [93.49180227591256, 27.78077246156347], [93.49171272106526, 27.78077246156347], [93.4916236117823, 27.780780350481574]], [[93.48268685423061, 27.764860676755738], [93.48259907535262, 27.764876379], [93.4825134991437, 27.764899736024496], [93.48243097630844, 27.764930517306578], [93.482352327907, 27.76496841601289], [93.48227833457537, 27.765013055358946], [93.48220973113544, 27.765063992583926], [93.48214720120515, 27.765120720540715], [93.48209136462202, 27.76518267564534], [93.48204277744325, 27.7652492426467], [93.48200192116583, 27.765319759396224], [93.48196920362484, 27.765393524797215], [93.48194494821388, 27.76546980675399], [93.481929397478, 27.765547846146703], [93.48192270502912, 27.765626867959885], [93.4819249373426, 27.76570608684671], [93.48193607285886, 27.765784715078066], [93.48195600108514, 27.76586197128612], [93.48198452259538, 27.76593708841308], [93.48202135531866, 27.766009319275273], [93.48206613274232, 27.766077945306435], [93.48211841020027, 27.76614228609606], [93.48217766666967, 27.7662017009788], [93.48224331465232, 27.766255599367454], [93.48231470197133, 27.766303447111603], [93.48239111805928, 27.76634476729211], [93.48247180383979, 27.76637914896433], [93.48255595801561, 27.76640625192694], [93.4826427433569, 27.766425805132062], [93.48273129748098, 27.766437616223296], [93.48282074093717, 27.76644156597145], [93.4829101843934, 27.766437616223296], [93.48299873851748, 27.766425805132062], [93.48308552385876, 27.76640625192694], [93.48316967803454, 27.76637914896433], [93.48325036381509, 27.76634476729211], [93.48332677990304, 27.766303447111603], [93.483398167222, 27.766255599367454], [93.48346381520466, 27.7662017009788], [93.48352307167406, 27.76614228609606], [93.48357534913202, 27.766077945306435], [93.48362012655566, 27.766009319275273], [93.48365695927897, 27.76593708841308], [93.48368548078923, 27.76586197128612], [93.48370540901551, 27.765784715078066], [93.48371654453177, 27.76570608684671], [93.48371877684525, 27.765626867959885], [93.48371208439639, 27.765547846146703], [93.48369653366049, 27.76546980675399], [93.4836722782495, 27.765393524797215], [93.48363956070854, 27.765319759396224], [93.48359870443112, 27.7652492426467], [93.48355011725235, 27.76518267564534], [93.48349428066923, 27.765120720540715], [93.48343175073893, 27.765063992583926], [93.483363147299, 27.765013055358946], [93.48328915396735, 27.76496841601289], [93.4832105055659, 27.764930517306578], [93.48312798273065, 27.764899736024496], [93.48304240652175, 27.764876379], [93.48295462764376, 27.764860676755738], [93.48286551836082, 27.764852786683157], [93.48277596351352, 27.764852786683157], [93.48268685423061, 27.764860676755738]], [[93.5103747791217, 27.764853677754264], [93.5103122491914, 27.764910405820675], [93.51025641260829, 27.764972361045036], [93.5102078254295, 27.765038928175027], [93.51016696915208, 27.76510944506082], [93.51013425161113, 27.76518321060436], [93.51010999620014, 27.765259492708562], [93.51009444546425, 27.765337532252087], [93.51008775301537, 27.765416554217957], [93.51008998532886, 27.76549577325788], [93.5101011208451, 27.765574401641178], [93.5101210490714, 27.765651657998504], [93.51014957058167, 27.76572677527066], [93.51018640330493, 27.765799006272456], [93.51023118072858, 27.765867632436223], [93.51028345818656, 27.765931973350195], [93.51034271465596, 27.765991388347764], [93.51040836263861, 27.766045286840576], [93.51047974995758, 27.76609313467719], [93.51055616604556, 27.766134454937543], [93.51063685182608, 27.766168836676197], [93.51072100600187, 27.76619593969121], [93.51080779134315, 27.76621549293412], [93.51089634546723, 27.76622730404816], [93.51098578892346, 27.766231253803962], [93.51107523237967, 27.76622730404816], [93.51116378650373, 27.76621549293412], [93.51125057184503, 27.76619593969121], [93.51133472602085, 27.766168836676197], [93.51141541180134, 27.766134454937543], [93.5114918278893, 27.76609313467719], [93.51156321520831, 27.766045286840576], [93.51162886319096, 27.765991388347764], [93.51168811966036, 27.765931973350195], [93.51174039711832, 27.765867632436223], [93.51178517454197, 27.765799006272456], [93.51182200726527, 27.76572677527066], [93.51185052877551, 27.765651657998504], [93.51187045700178, 27.765574401641178], [93.51188159251802, 27.76549577325788], [93.51188382483153, 27.765416554217957], [93.51187713238264, 27.765337532252087], [93.51186158164677, 27.765259492708562], [93.51183732623579, 27.76518321060436], [93.51180460869482, 27.76510944506082], [93.5117637524174, 27.765038928175027], [93.51171516523861, 27.764972361045036], [93.51165932865548, 27.764910405820675], [93.5115967987252, 27.764853677754264], [93.51152819528527, 27.76480274043085], [93.51145420195364, 27.764758100998527], [93.5113755535522, 27.764720202218943], [93.51129303071694, 27.764689420877428], [93.51120745450801, 27.76466606380777], [93.51111967563003, 27.76465036153317], [93.51103056634712, 27.764642471445363], [93.51094101149981, 27.764642471445363], [93.51085190221687, 27.76465036153317], [93.51076412333889, 27.76466606380777], [93.51067854712998, 27.764689420877428], [93.51059602429473, 27.764720202218943], [93.51051737589329, 27.764758100998527], [93.51044338256163, 27.76480274043085], [93.5103747791217, 27.764853677754264]]]}}]}