{"type": "FeatureCollection", "features": [{"type": "Feature", "properties": {"premiumdata.sde.IN_Village_PCA.area": 14.12190669, "objectid": 53644, "id": "274904200622148", "name": "Belewadi", "subdistrict": "Indapur", "district": "Pune", "state": "Maharashtra", "country": "India", "censusname": "Belewadi", "villagename_locallang": "\u092c\u0947\u0932\u0947\u0935\u093e\u0921\u0940", "lgd_villagename": "Belewadi", "lgd_villagecode": 557024, "lgd_subdistrictcode": 4200, "lgd_districtcode": 490, "lgd_statecode": 27, "censuscode2001": "03186300", "censuscode2011": "557024", "censuscode2021": null, "level": "Village", "tru": "Rural", "no_hh": 1022, "tot_p": 5056, "tot_m": 2636, "tot_f": 2420, "per_tot_m": 52.13607595000001, "per_tot_f": 47.86392405, "p_06": 537, "m_06": 286, "f_06": 251, "per_p_06": 10.6210443, "per_m_06": 53.25884544, "per_f_06": 46.74115456000001, "p_sc": 604, "m_sc": 313, "f_sc": 291, "per_p_sc": 11.94620253, "per_m_sc": 51.82119205, "per_f_sc": 48.17880795, "p_st": 1, "m_st": 1, "f_st": 0, "per_p_st": 0.01977848, "per_m_st": 100.0, "per_f_st": 0.0, "p_lit": 3711, "m_lit": 2101, "f_lit": 1610, "per_p_lit": 73.39794304, "per_m_lit": 56.61546753, "per_f_lit": 43.38453247, "p_ill": 1345, "m_ill": 535, "f_ill": 810, "per_p_ill": 26.60205696, "per_m_ill": 39.77695167, "per_f_ill": 60.22304833, "tot_work_p": 3009, "tot_work_m": 1581, "tot_work_f": 1428, "per_tot_work_p": 59.51344937, "per_tot_work_m": 52.54237288, "per_tot_work_f": 47.45762712, "mainwork_p": 2805, "mainwork_m": 1486, "mainwork_f": 1319, "per_mainwork_p": 55.47863924, "per_mainwork_m": 52.97682709, "per_mainwork_f": 47.02317291, "main_cl_p": 1530, "main_cl_m": 834, "main_cl_f": 696, "per_main_cl_p": 54.54545455, "per_main_cl_m": 54.50980392, "per_main_cl_f": 45.49019608, "main_al_p": 984, "main_al_m": 548, "main_al_f": 436, "per_main_al_p": 35.0802139, "per_main_al_m": 55.69105691, "per_main_al_f": 44.30894309, "main_hh_p": 176, "main_hh_m": 18, "main_hh_f": 158, "per_main_hh_p": 6.2745098, "per_main_hh_m": 10.22727273, "per_main_hh_f": 89.77272727, "main_ot_p": 115, "main_ot_m": 86, "main_ot_f": 29, "per_main_ot_p": 4.09982175, "per_main_ot_m": 74.7826087, "per_main_ot_f": 25.2173913, "margwork_p": 204, "margwork_m": 95, "margwork_f": 109, "per_margwork_p": 4.03481013, "per_margwork_m": 46.56862745, "per_margwork_f": 53.43137255, "marg_cl_p": 70, "marg_cl_m": 25, "marg_cl_f": 45, "per_marg_cl_p": 34.31372549, "per_marg_cl_m": 35.71428571, "per_marg_cl_f": 64.28571429, "marg_al_p": 43, "marg_al_m": 17, "marg_al_f": 26, "per_marg_al_p": 21.07843137, "per_marg_al_m": 39.53488372, "per_marg_al_f": 60.46511628, "marg_hh_p": 11, "marg_hh_m": 1, "marg_hh_f": 10, "per_marg_hh_p": 5.39215686, "per_marg_hh_m": 9.09090909, "per_marg_hh_f": 90.90909091, "marg_ot_p": 80, "marg_ot_m": 52, "marg_ot_f": 28, "per_marg_ot_p": 39.21568627, "per_marg_ot_m": 65.0, "per_marg_ot_f": 35.0, "margwork_3_6_p": 201, "margwork_3_6_m": 93, "margwork_3_6_f": 108, "per_margwork_3_6_p": 98.52941176, "per_margwork_3_6_m": 46.26865672, "per_margwork_3_6_f": 53.73134328, "marg_cl_3_6_p": 67, "marg_cl_3_6_m": 23, "marg_cl_3_6_f": 44, "per_marg_cl_3_6_p": 32.84313725, "per_marg_cl_3_6_m": 34.32835821, "per_marg_cl_3_6_f": 65.67164179, "marg_al_3_6_p": 43, "marg_al_3_6_m": 17, "marg_al_3_6_f": 26, "per_marg_al_3_6_p": 21.07843137, "per_marg_al_3_6_m": 39.53488372, "per_marg_al_3_6_f": 60.46511628, "marg_hh_3_6_p": 11, "marg_hh_3_6_m": 1, "marg_hh_3_6_f": 10, "per_marg_hh_3_6_p": 5.39215686, "per_marg_hh_3_6_m": 9.09090909, "per_marg_hh_3_6_f": 90.90909091, "marg_ot_3_6_p": 80, "marg_ot_3_6_m": 52, "marg_ot_3_6_f": 28, "per_marg_ot_3_6_p": 39.21568627, "per_marg_ot_3_6_m": 65.0, "per_marg_ot_3_6_f": 35.0, "margwork_0_3_p": 3, "margwork_0_3_m": 2, "margwork_0_3_f": 1, "per_margwork_0_3_p": 1.47058824, "per_margwork_0_3_m": 66.66666667, "per_margwork_0_3_f": 33.33333333, "marg_cl_0_3_p": 3, "marg_cl_0_3_m": 2, "marg_cl_0_3_f": 1, "per_marg_cl_0_3_p": 1.47058824, "per_marg_cl_0_3_m": 66.66666667, "per_marg_cl_0_3_f": 33.33333333, "marg_al_0_3_p": 0, "marg_al_0_3_m": 0, "marg_al_0_3_f": 0, "per_marg_al_0_3_p": 0.0, "per_marg_al_0_3_m": 0.0, "per_marg_al_0_3_f": 0.0, "marg_hh_0_3_p": 0, "marg_hh_0_3_m": 0, "marg_hh_0_3_f": 0, "per_marg_hh_0_3_p": 0.0, "per_marg_hh_0_3_m": 0.0, "per_marg_hh_0_3_f": 0.0, "marg_ot_0_3_p": 0, "marg_ot_0_3_m": 0, "marg_ot_0_3_f": 0, "per_marg_ot_0_3_p": 0.0, "per_marg_ot_0_3_m": 0.0, "per_marg_ot_0_3_f": 0.0, "non_work_p": 2047, "non_work_m": 1055, "non_work_f": 992, "per_non_work_p": 40.48655063, "per_non_work_m": 51.53883732, "per_non_work_f": 48.46116268, "per_hc_tot_tot": 100, "per_hc_tot_god": 75.0, "per_hc_tot_liv": 17.7, "per_hc_tot_dil": 7.4, "per_hc_res_tot": 98.6, "per_hc_res_god": 73.7, "per_hc_res_liv": 17.6, "per_hc_res_dil": 7.4, "per_hc_oth_tot": 1.4, "per_hc_oth_god": 1.3, "per_hc_oth_liv": 0.1, "per_hc_oth_dil": 0.0, "per_mt_grsbam": 16.6, "per_mt_plastic": 0.2, "per_mt_h_tiles": 0.7, "per_mt_m_tiles": 0.8, "per_mt_b_brick": 0.1, "per_mt_stone": 2.6, "per_mt_asbstos": 69.8, "per_mt_concrte": 9.1, "per_mt_oth": 0.2, "per_mw_grsbam": 12.6, "per_mw_plastic": 0.3, "per_mw_mud": 8.6, "per_mw_wood": 0.9, "per_mw_no_mrtr": 4.5, "per_mw_st_mrtr": 9.8, "per_mw_asbstos": 0.2, "per_mw_b_brick": 51.7, "per_mw_concrte": 11.1, "per_mw_oth": 0.3, "per_mf_mud": 38.5, "per_mf_wood": 0.5, "per_mf_b_brick": 0.1, "per_mf_stone": 11.7, "per_mf_cement": 3.0, "per_mf_fl_tile": 46.3, "per_mf_oth": 0.0, "per_dw_n_exrm": 1.7, "per_dw_1_room": 32.9, "per_dw_2_room": 42.6, "per_dw_3_room": 10.9, "per_dw_4_room": 8.1, "per_dw_5_room": 1.9, "per_dw_6_room": 1.9, "per_hhsize_1": 3.8, "per_hhsize_2": 5.6, "per_hhsize_3": 11.5, "per_hhsize_4": 29.9, "per_hhsize_5": 19.0, "per_hhsize_6_8": 21.2, "per_hhsize_9p": 8.9, "per_ow_owned": 96.4, "per_ow_rented": 2.4, "per_ow_oth": 1.2, "per_mc_none": 9.5, "per_mcouple_1": 65.4, "per_mcouple_2": 18.0, "per_mcouple_3": 6.0, "per_mcouple_4": 0.8, "per_mcouple_5p": 0.3, "per_dw_t_ts": 20.1, "per_dw_t_unts": 1.2, "per_dw_c_well": 0.5, "per_dw_unc_wel": 43.0, "per_dw_hpump": 32.6, "per_dw_tw_bore": 2.5, "per_dw_spring": 0.0, "per_dw_rivcan": 0.0, "per_dw_tank": 0.0, "per_dw_oth": 0.1, "per_loc_dw_wp": 46.2, "per_loc_dw_np": 52.5, "per_loc_dw_aw": 1.4, "per_light_elec": 64.4, "per_light_kero": 34.8, "per_light_solr": 0.3, "per_light_oil": 0.2, "per_light_oth": 0.0, "per_light_no": 0.3, "per_hh_latrine": 38.3, "per_fl_sewer": 15.1, "per_fl_septict": 13.0, "per_fl_othsys": 1.5, "per_pl_wslab": 7.9, "per_pl_without": 0.7, "per_ns_open": 0.1, "per_sl_ns_hum": 0.0, "per_sl_ns_anml": 0.0, "per_hh_no_lat": 61.7, "per_as_pub": 0.2, "per_as_open": 61.5, "per_hh_bathrm": 44.4, "per_hh_en_wrf": 34.8, "per_hh_no_btrm": 20.8, "per_wwoc_drain": 2.7, "per_wwoc_open": 21.0, "per_wwoc_nodrn": 76.3, "per_cook_fire": 67.7, "per_cook_resdu": 1.8, "per_cook_cwdng": 0.6, "per_cook_coal": 0.1, "per_cook_kero": 1.8, "per_cook_lpng": 25.1, "per_cook_elec": 0.0, "per_cook_biogs": 2.8, "per_cook_oth": 0.0, "per_cook_no": 0.2, "per_kf_inside": 78.8, "per_kf_in_has": 56.1, "per_kf_in_does": 22.7, "per_kf_outside": 21.0, "per_kf_out_has": 17.9, "per_kf_out_dos": 3.2, "per_kf_no_cook": 0.2, "per_hh_banking": 82.8, "per_hh_radio": 17.5, "per_hh_tv": 47.8, "per_hh_cmp_int": 1.6, "per_hh_cmp_wnt": 5.6, "per_hh_ph_ll": 5.3, "per_hh_ph_mob": 58.9, "per_hh_ph_bth": 3.0, "per_hh_bcycl": 69.2, "per_hh_2wheel": 38.3, "per_hh_4wheel": 3.5, "per_hh_tvcomp": 3.0, "per_hh_no_ast": 14.5, "per_hs_perma": 74.6, "per_hs_sperma": 10.8, "per_hs_temp": 14.1, "per_hs_servc": 4.9, "per_hs_nservc": 9.2, "per_hs_unclss": 0.5, "avghhsz_cy": 4.94716243, "st_areashape": 15715135.22480964, "st_lengthshape": 23177.531195976622}, "geometry": {"type": "Polygon", "coordinates": [[[74.73010786357878, 18.11067727745365], [74.73002752993787, 18.110710316512733], [74.72994719629698, 18.110743356419373], [74.72986686355438, 18.110776395466004], [74.72978652991344, 18.110809435360164], [74.72970619627255, 18.1108424743943], [74.72962586263165, 18.110875514276014], [74.72954552899071, 18.11090855329771], [74.7294651962481, 18.110941592313132], [74.7293848626072, 18.11097463217616], [74.72930452896631, 18.111007671179152], [74.72922419532537, 18.111040711029712], [74.72914386258277, 18.11107375002025], [74.72906352894186, 18.111106789004516], [74.72898319530096, 18.111139828836386], [74.72890286166003, 18.111172867808236], [74.72882252801912, 18.111205907627635], [74.72874219527652, 18.11123894658698], [74.72866186163563, 18.111271986393927], [74.72858152799469, 18.11130502534084], [74.72850218250059, 18.111337692021422], [74.72842283610817, 18.111370358695886], [74.72834349061408, 18.111403024510466], [74.72826414422165, 18.11143569117277], [74.72818479872755, 18.111468357828986], [74.72810545233513, 18.111501024479086], [74.72802610684106, 18.111533690269294], [74.72794676044866, 18.111566356907243], [74.72786741495453, 18.1115990235391], [74.72778806856213, 18.111631690164824], [74.72770872306802, 18.111664355930703], [74.72762937667562, 18.111697022544252], [74.7275500311815, 18.111729689151733], [74.72747239158812, 18.111761681246758], [74.72739475109645, 18.111793672482165], [74.72731711150306, 18.111825664565508], [74.72723947190968, 18.11185765664303], [74.72716183141802, 18.11188964786089], [74.72708419182463, 18.11192163992673], [74.72700655223123, 18.11195363198669], [74.72692891173956, 18.111985623187024], [74.72685127214619, 18.11201761523533], [74.7267736316545, 18.112049606423973], [74.72669599206111, 18.112081598460602], [74.72661835246774, 18.11211359049135], [74.72654071197603, 18.11214558166246], [74.72646307238267, 18.11217757368157], [74.72638434762443, 18.11221003614043], [74.7263056228662, 18.1122424994471], [74.72622689810794, 18.11227496189392], [74.7261481733497, 18.112307425188554], [74.72606944859147, 18.112339887623353], [74.72599072383325, 18.11237235090595], [74.72591199817667, 18.112404813328702], [74.72583327341844, 18.11243727574549], [74.7257545486602, 18.112469739010006], [74.72567582390194, 18.112502201414745], [74.72559709914371, 18.112534664667265], [74.72551837438547, 18.112567127059943], [74.72544658551953, 18.11260257860534], [74.7253747957553, 18.112638030997385], [74.72530300688939, 18.112673482528468], [74.72523121712511, 18.112708934052336], [74.7251594282592, 18.11274438556903], [74.72508763849497, 18.112779837932372], [74.72501584962903, 18.112815289434756], [74.72494405986478, 18.11285074092992], [74.7248657662979, 18.112889402705974], [74.7247874736293, 18.112928064473515], [74.72470918006238, 18.112966726232504], [74.72463088739381, 18.113005387129142], [74.72455259382687, 18.113044048871075], [74.72447430115832, 18.113082710604466], [74.7243960075914, 18.113121372329324], [74.72431771492283, 18.113160034045617], [74.72423942135592, 18.1131986957534], [74.72416112868731, 18.113237357452675], [74.72408283512043, 18.113276018289582], [74.72400454245184, 18.113314679971783], [74.72392624888494, 18.113353341645432], [74.72384795621633, 18.113392003310558], [74.72376966264945, 18.113430664967147], [74.72369136998086, 18.1134693266152], [74.72361307641397, 18.113507988254728], [74.72353478374536, 18.113546649885695], [74.72345649017846, 18.113585310654365], [74.72337819661158, 18.113623972268282], [74.72329990394299, 18.113662633873677], [74.72322161037606, 18.1137012954705], [74.7231433177075, 18.113739957058833], [74.72306502414058, 18.11377861863862], [74.72298673147202, 18.113817280209865], [74.72290843790509, 18.11385594091879], [74.7228301452365, 18.113894602472968], [74.7227518516696, 18.113933264018616], [74.722673559001, 18.11397192555573], [74.72259526543411, 18.114010587084337], [74.72251697276552, 18.114049248604378], [74.72243867919863, 18.11408791011587], [74.72236038653003, 18.114126570765077], [74.72228209296313, 18.114165232259534], [74.72220380029454, 18.114203893745415], [74.72212550672765, 18.114242555222802], [74.72204638760898, 18.11428161455928], [74.72196726849033, 18.114320673033284], [74.72188814937171, 18.114359732352334], [74.72180903025306, 18.114398791662683], [74.72172991113439, 18.114437850110544], [74.72165079201577, 18.114476909403475], [74.7215716728971, 18.114515967833892], [74.72149255288015, 18.114555027109432], [74.72141343376148, 18.114594086376222], [74.72133431464283, 18.11463314478051], [74.72125519552418, 18.11467220402989], [74.72117607640556, 18.11471126327055], [74.72109695728689, 18.114750321648728], [74.72101783816824, 18.11478938087198], [74.72093871904961, 18.114828439232742], [74.72085959993095, 18.114867498438567], [74.7207804808123, 18.114906557635663], [74.72070136169364, 18.114945615970267], [74.72062224257502, 18.114984675149987], [74.72054312345635, 18.115023734320975], [74.7204640043377, 18.115062792629438], [74.72038488432074, 18.115101851783], [74.72030576520208, 18.115140910074082], [74.72022664608342, 18.115179969210214], [74.7201475269648, 18.11521902833764], [74.72006840784614, 18.11525808660258], [74.71998928872749, 18.115297145712592], [74.71991016960887, 18.11533620481389], [74.7198310504902, 18.11537526305266], [74.71975193137153, 18.11541432213658], [74.71967281225288, 18.11545338035793], [74.71959369313426, 18.115492439424383], [74.7195145740156, 18.11553149848212], [74.71943545489694, 18.11557055667738], [74.71935633577831, 18.1156096157177], [74.71927721576134, 18.115648674749306], [74.71919809664271, 18.11568773291843], [74.71911897752405, 18.11572679193262], [74.71903985840538, 18.115765850084294], [74.71896073928673, 18.115804909081053], [74.7188816201681, 18.115843968069136], [74.71880250104945, 18.115883026194677], [74.71872338193079, 18.115922085165305], [74.71864458979891, 18.11596096397859], [74.71856579766703, 18.115999841929476], [74.71848700643343, 18.1160387207255], [74.71840821430156, 18.11607759865908], [74.71832942216969, 18.11611647743784], [74.7182506300378, 18.11615535620797], [74.71817183880421, 18.1161942341157], [74.71809304667234, 18.116233112868557], [74.71801425454045, 18.116271990758996], [74.71793546240856, 18.1163108694946], [74.71785667117501, 18.116349747367764], [74.7177778790431, 18.116388626086117], [74.71769908691122, 18.11642750479582], [74.71762029477934, 18.116466382643132], [74.71754150354579, 18.116505261335583], [74.71746271141387, 18.116544139165594], [74.717383919282, 18.116583017840778], [74.71730512715011, 18.11662189650734], [74.71722633591656, 18.116660774311498], [74.71714754378468, 18.116699652960783], [74.71706875165277, 18.116738530747654], [74.71698995952087, 18.116777409379672], [74.71691116828733, 18.1168162871493], [74.71683237615545, 18.116855165764047], [74.71675358402354, 18.116894044370177], [74.71667479189165, 18.116932922113918], [74.7165960006581, 18.116971800702782], [74.71651720852623, 18.117010678429235], [74.71643841639434, 18.117049557000836], [74.71635962426242, 18.117088435563826], [74.71628083302888, 18.117127313264415], [74.716202040897, 18.117166191810124], [74.7161232487651, 18.117205069493412], [74.7160444566332, 18.11724394802186], [74.71596566539965, 18.11728282568792], [74.71588687326776, 18.117321704199117], [74.71580808113588, 18.11736058270166], [74.715729289004, 18.117399460341794], [74.71565049777041, 18.1174383388271], [74.71557170563854, 18.117477216449966], [74.71549291350665, 18.117516094918], [74.71541466395719, 18.117554684800687], [74.71533641530606, 18.11759327467488], [74.71525816575661, 18.11763186454055], [74.71517991710547, 18.117670454397732], [74.71510166755601, 18.11770904424638], [74.71502341800655, 18.117747634086566], [74.7149451693554, 18.117786223918202], [74.71486691980597, 18.11782481374138], [74.7147886702565, 18.117863403556044], [74.71471042160536, 18.117901993362175], [74.71463217205594, 18.11794058315983], [74.71455392340481, 18.11797917294895], [74.71447567385532, 18.118017762729608], [74.71439742430586, 18.118056352501757], [74.71431917565472, 18.118094942265355], [74.71424092610529, 18.118133532020494], [74.71416267745415, 18.118172121767095], [74.7140844279047, 18.118210711505235], [74.71400617835525, 18.118249301234815], [74.71392792970411, 18.118287890955934], [74.71384968015464, 18.118326480668554], [74.71377143060518, 18.118365070372626], [74.71369318195404, 18.118403660068235], [74.7136149324046, 18.11844224975531], [74.71353668375346, 18.11848083943391], [74.713458434204, 18.118519429103976], [74.71338018465455, 18.118558018765555], [74.71330193600342, 18.11859660841865], [74.71322368645396, 18.118635198063192], [74.71314543780282, 18.118673787699276], [74.71306718825335, 18.118712377326812], [74.71298893870392, 18.118750966945885], [74.71291069005278, 18.118789556556408], [74.7128324405033, 18.11882814615846], [74.71275419095389, 18.118866735752025], [74.71267594230274, 18.118905325337032], [74.71259769275328, 18.118943914913576], [74.71251944410214, 18.118982504481583], [74.71244119455267, 18.119021094041127], [74.7123636959948, 18.119059297688136], [74.71228619833525, 18.119097501326813], [74.71220869977735, 18.11913570410338], [74.71213120121948, 18.119173907725376], [74.71205370355993, 18.11921211133905], [74.71197620500206, 18.11925031494438], [74.7118987073425, 18.11928851768764], [74.7118212087846, 18.119326721276266], [74.71174371022674, 18.119364924856608], [74.71166621256718, 18.119403128428594], [74.71158871400928, 18.11944133113851], [74.71151121545142, 18.11947953469383], [74.71143371779185, 18.119517738240816], [74.71135621923399, 18.119555941779467], [74.7112787206761, 18.119594144456], [74.71120122301653, 18.119632347977987], [74.71112372445867, 18.119670551491627], [74.71104622590079, 18.11970875499695], [74.71096872824121, 18.119746957640135], [74.71089122968336, 18.119785161128778], [74.7108137320238, 18.119823364609072], [74.71073623346594, 18.11986156808104], [74.71065873490804, 18.119899770690928], [74.71058123724848, 18.119937974146215], [74.71050373869062, 18.11997617759319], [74.71042624013272, 18.120014381031808], [74.71034874247316, 18.12005258360832], [74.7102712439153, 18.12009078703027], [74.71019375883216, 18.120127948850932], [74.710116273749, 18.120165109809957], [74.71003878866586, 18.120202271614843], [74.70996130448101, 18.120239433411868], [74.70988381939787, 18.120276594347228], [74.70980633431473, 18.12031375612845], [74.7097288492316, 18.120350917901774], [74.70965136414843, 18.120388079667258], [74.70957387906529, 18.12042524057104], [74.70949639398215, 18.12046240232074], [74.70941890979731, 18.120499564062523], [74.70934142471417, 18.12053672494267], [74.70926393963103, 18.12057388666868], [74.70918645454786, 18.1206110483868], [74.70910896946472, 18.12064820924328], [74.70903148438158, 18.120685370945665], [74.70895399929842, 18.120722532640123], [74.70887651421528, 18.120759693472944], [74.70879903003043, 18.12079685515164], [74.7087215449473, 18.120834016822418], [74.70864405986416, 18.12087117763159], [74.70856657478103, 18.12090833928662], [74.70848908969785, 18.120945500933775], [74.70841160461471, 18.12098266257302], [74.70833411953159, 18.121019823350636], [74.70825663534673, 18.121056984974103], [74.7081791502636, 18.121094146589723], [74.70810166518042, 18.12113130734364], [74.70802418009728, 18.12116846894347], [74.70794561434087, 18.12120526939513], [74.70786704858443, 18.121242070692833], [74.70778848282798, 18.12127887112905], [74.70770991617323, 18.121315671557507], [74.70763135041683, 18.12135247283203], [74.70755278466038, 18.121389273245004], [74.70747421890394, 18.12142607365028], [74.70739565314753, 18.12146287490157], [74.70731708739108, 18.12149967529134], [74.70723852073633, 18.121536475673423], [74.70715995497989, 18.121573276901497], [74.70708138922348, 18.121610077268063], [74.70700282346704, 18.121646878480664], [74.70692425771058, 18.121683678831797], [74.70684569195416, 18.121720479175192], [74.70676712619772, 18.12175728036459], [74.70668855954298, 18.121794080692492], [74.70660999378653, 18.12183088101268], [74.70653142803012, 18.121867682178873], [74.70645286227368, 18.121904482483558], [74.70637429651723, 18.121941282780544], [74.70629573076081, 18.121978083923516], [74.70621716410608, 18.122014884205033], [74.70613859834963, 18.122051684478773], [74.70606003259319, 18.122088485598542], [74.70598146683676, 18.122125285856853], [74.70590322447381, 18.122161929016514], [74.70582498121259, 18.122198571314737], [74.70574673884963, 18.122235214459103], [74.70566849558841, 18.122271856741985], [74.70559025322545, 18.122308499870968], [74.70551200996422, 18.122345142992334], [74.7054337676013, 18.122381785252202], [74.70535552523835, 18.122418428358184], [74.70527728197712, 18.122455071456496], [74.70519903961417, 18.122491713693385], [74.70512079635294, 18.122528356776368], [74.70504255398998, 18.12256499899793], [74.70496431162707, 18.122601642065554], [74.70488606836581, 18.12263828512551], [74.70480782600288, 18.122674927324066], [74.70472958274163, 18.12271157036868], [74.7046513403787, 18.12274821255187], [74.70457309711745, 18.122784855581177], [74.70449485475451, 18.122821498602786], [74.7044166123916, 18.12285814076296], [74.70433836913034, 18.122894783769265], [74.70426012676742, 18.122931426767874], [74.70418188350617, 18.122968068905035], [74.70410364114325, 18.1230047118883], [74.70402539788199, 18.123041354010144], [74.70394715551906, 18.123077996978065], [74.7038691745659, 18.123114508460787], [74.70379119361269, 18.123151019935904], [74.70371321265952, 18.123187530549675], [74.70363523260465, 18.123224042009547], [74.70355725165145, 18.12326055346181], [74.70347927069828, 18.12329706490647], [74.70340128974507, 18.123333575489784], [74.70332330879191, 18.123370086919202], [74.70324532783874, 18.12340659834101], [74.70316734778388, 18.123443109755197], [74.70308936683067, 18.12347962030804], [74.70301138587749, 18.123516131707], [74.7029334049243, 18.123552643098353], [74.70285542397112, 18.123589154482083], [74.70277744301792, 18.123625665004457], [74.70269946206476, 18.12366217637297], [74.70262148200989, 18.123698687733842], [74.70254350105671, 18.123735199087115], [74.70246552010352, 18.123771709579046], [74.70238753915035, 18.12380822091709], [74.70230807777355, 18.12384541524479], [74.70222861549847, 18.123882610418324], [74.70214915412168, 18.123919804730196], [74.70206969274493, 18.12395699988796], [74.70199023046985, 18.123994194184018], [74.70191076909306, 18.12403138932594], [74.7018313077163, 18.124068583606235], [74.70175184544121, 18.12410577787863], [74.70167238406445, 18.124142972996836], [74.70159292268765, 18.124180167253392], [74.70151346131091, 18.124217362355825], [74.70143399903583, 18.12425455659657], [74.70135453765903, 18.124291750829435], [74.70127507628226, 18.12432894590814], [74.70119561400718, 18.12436614012517], [74.70111615263042, 18.124403335188084], [74.70103669125363, 18.12444052938931], [74.70095722897855, 18.1244777244364], [74.70087776760177, 18.124514918621852], [74.70079177637122, 18.124532447678806], [74.70070578603897, 18.124549975880296], [74.70061979480836, 18.12456750493375], [74.70053380447611, 18.124585033131716], [74.70044781324556, 18.12460256218166], [74.70036182201497, 18.124620090376126], [74.70027583168272, 18.12463761942256], [74.70018984045213, 18.124655148467237], [74.70010384922156, 18.124672676656438], [74.70001785888931, 18.124690205697604], [74.69993186765873, 18.124707733883277], [74.69984587732647, 18.124725262920947], [74.69975988609592, 18.12474279110311], [74.69967389486533, 18.124760320137266], [74.69958790453308, 18.12477784916968], [74.69950191330251, 18.12479537734655], [74.69941592207194, 18.124812906375464], [74.69932993173968, 18.124830434548837], [74.69924394050909, 18.12484796357424], [74.69915795017684, 18.124865491744103], [74.69907195894628, 18.12488302076598], [74.69898669535108, 18.124900438799695], [74.69890143175591, 18.12491785683168], [74.6988161681607, 18.124935274861947], [74.6987309045655, 18.12495269289046], [74.69864564186862, 18.12497011091724], [74.69856037827344, 18.124987528088568], [74.69847511467825, 18.125004946111872], [74.69838985108304, 18.12502236413349], [74.69830458748787, 18.125039782153337], [74.69821932389267, 18.125057200171454], [74.6981340602975, 18.125074618187867], [74.69804879670228, 18.12509203620251], [74.69796353310707, 18.125109454215423], [74.69787826951192, 18.125126872226634], [74.69779300681503, 18.125144290236072], [74.69770774321984, 18.125161707390074], [74.69762247962463, 18.125179125396052], [74.69753721602946, 18.125196543400303], [74.69745195243425, 18.12521396140285], [74.69736668883905, 18.125231379403626], [74.6972827493606, 18.125248558355565], [74.69719880898381, 18.125265736452064], [74.69711486950537, 18.125282915400607], [74.69703093002688, 18.12530009349375], [74.6969469896501, 18.125317272438945], [74.69686305017166, 18.1253344505287], [74.69677911069321, 18.125351629470504], [74.69669517031642, 18.12536880755689], [74.69661123083795, 18.125385986495342], [74.69652729135949, 18.12540316457836], [74.6964433509827, 18.12542034351344], [74.69635941150422, 18.12543752159308], [74.69627547202577, 18.12545470052477], [74.696191531649, 18.12547187860104], [74.69610759217055, 18.125489057529382], [74.69602183360361, 18.12550663515188], [74.69593607593504, 18.125524213626374], [74.6958503173681, 18.125541791245332], [74.69576455969953, 18.12555936886258], [74.69567880113259, 18.125576947331766], [74.69559304346402, 18.125594524945434], [74.69550728489708, 18.125612102557362], [74.69542152722849, 18.125629681021245], [74.6953357686616, 18.12564725862966], [74.69525001099298, 18.12566483623627], [74.69516425242608, 18.12568241469487], [74.69507849475747, 18.125699992297957], [74.69499273619057, 18.125717569899297], [74.69490697852196, 18.125735148352568], [74.69482121995505, 18.125752725950385], [74.69473634712698, 18.125770149873723], [74.69465147429895, 18.125787573795332], [74.69456660147091, 18.125804997715186], [74.69448172864288, 18.12582242163332], [74.69439685581482, 18.12583984469599], [74.69431198298678, 18.125857268610652], [74.69422711015875, 18.12587469252357], [74.694142238229, 18.12589211643477], [74.69405736540097, 18.125909540344256], [74.6939724925729, 18.125926964251985], [74.69388761974487, 18.12594438815797], [74.69380274691683, 18.125961812062226], [74.69371787408876, 18.12597923511101], [74.69363300126074, 18.125996659011808], [74.6935481284327, 18.126014082910846], [74.69346325560467, 18.126031506808168], [74.69337776653232, 18.126048649824675], [74.69329227656168, 18.126065792839466], [74.69320678748933, 18.126082936706364], [74.6931212975187, 18.126100079717794], [74.6930358084464, 18.126117222727583], [74.69295031847575, 18.126134365735695], [74.6928648294034, 18.1261515087421], [74.69277933943278, 18.126168651746852], [74.69269385036043, 18.126185795603636], [74.69260836038978, 18.126202938605044], [74.69252287131748, 18.12622008160472], [74.69243738134683, 18.126237224602754], [74.6923518922745, 18.12625436759911], [74.69226640230386, 18.12627151059376], [74.69218091323151, 18.12628865444047], [74.69209542326088, 18.126305797431787], [74.69200993418856, 18.126322940421424], [74.69192444421789, 18.126340083409357], [74.69183904138383, 18.126354447490357], [74.69175363854978, 18.126368811570174], [74.69166823661402, 18.12638317479507], [74.69158283377996, 18.12639753887253], [74.69149743094592, 18.126411902948785], [74.69141202811186, 18.126426267023895], [74.6913266261761, 18.126440630244073], [74.69124122334205, 18.126454994316827], [74.69115582050799, 18.126469358388388], [74.69107041767393, 18.126483722458776], [74.69098501483984, 18.126498086527956], [74.69089961290412, 18.126512449742243], [74.69081421007006, 18.126526813809093], [74.69072880723597, 18.126541177874763], [74.69064340440192, 18.12655554193926], [74.69055800156787, 18.12656990600255], [74.69047259963212, 18.126584269210934], [74.69038719679806, 18.126598633271897], [74.69030179396401, 18.126612997331677], [74.69021639112995, 18.126627361390284], [74.69013098919419, 18.12664172459396], [74.69004558636014, 18.1266560886502], [74.68996018352607, 18.126670452705223], [74.6898740332937, 18.12668503958334], [74.689787882163, 18.126699626460287], [74.68970173193063, 18.126714213335973], [74.68961558079992, 18.12672880021044], [74.68952943056756, 18.126743387083696], [74.68944327943684, 18.126757973955733], [74.68935712920447, 18.126772560826545], [74.68927097897209, 18.126787147696167], [74.6891848278414, 18.126801734564562], [74.68909867760902, 18.12681632143174], [74.68901252647835, 18.12683090829772], [74.68892637624594, 18.126845495162463], [74.68884022601358, 18.126860082026003], [74.68875407488291, 18.126874668034567], [74.68866792465053, 18.126889254895687], [74.68858177351983, 18.12690384175556], [74.68849562328745, 18.12691842861424], [74.68840947215675, 18.126933015471682], [74.68832332192437, 18.12694760232793], [74.688237171692, 18.126962189182944], [74.68815102056129, 18.12697677603675], [74.68806487032893, 18.12699136288933], [74.68797871919823, 18.12700594974073], [74.68789256896585, 18.127020536590887], [74.68780641783513, 18.127035123439818], [74.68772026760277, 18.127049710287555], [74.6876345880876, 18.12706430823255], [74.68754890857245, 18.12707890703009], [74.68746322815896, 18.12709350497267], [74.6873775486438, 18.127108103767767], [74.68729186912864, 18.127122701707904], [74.68720618961343, 18.127137300500557], [74.68712051009828, 18.127151898438274], [74.68703482968479, 18.127166497228487], [74.68694915016962, 18.127181095163763], [74.68686347065447, 18.127195693951556], [74.68677779113932, 18.127210291884378], [74.68669211162413, 18.12722489066974], [74.68660643210895, 18.127239488600132], [74.68652075169547, 18.127254086529305], [74.6864350721803, 18.127268685311016], [74.68634939266514, 18.127283283237755], [74.68626371314998, 18.127297882017025], [74.68617803363479, 18.127312479941338], [74.68609235322133, 18.127327078718164], [74.68600667370613, 18.127341676640032], [74.68592099419097, 18.127356275414442], [74.68583531467581, 18.127370873333877], [74.68574963516066, 18.127385472105832], [74.68566395474716, 18.12740007002284], [74.685578275232, 18.127414668792365], [74.68549259571681, 18.12742926670693], [74.68540599273352, 18.12744411049424], [74.68531939064859, 18.127458953426572], [74.68523278766531, 18.127473797211398], [74.68514618558032, 18.127488640141177], [74.68505958259705, 18.127503483923473], [74.68497298051207, 18.127518326850744], [74.6848863775288, 18.12753317063053], [74.68479977454551, 18.127548013555312], [74.68471317246058, 18.127562857332542], [74.68462656947729, 18.127577700254815], [74.68453996739231, 18.127592544029525], [74.68445336440904, 18.12760738694928], [74.68436676232406, 18.12762223072146], [74.68428015934077, 18.127637073638695], [74.68419355725582, 18.127651917408382], [74.68410695427252, 18.127666760323084], [74.68402035128923, 18.127681604090277], [74.6839337492043, 18.12769644700245], [74.68384714622103, 18.127711290767124], [74.68376054413604, 18.127726133676763], [74.68367394115276, 18.127740977438915], [74.68358733906778, 18.127755820346074], [74.68350073608451, 18.127770664105686], [74.68351590773135, 18.127687433344093], [74.68353107847986, 18.127604203396633], [74.68354624922837, 18.12752097255587], [74.68356142087522, 18.12743774167554], [74.68357659162375, 18.12735451075562], [74.68359176237225, 18.12727128064987], [74.6836069340191, 18.12718804879704], [74.68362210476762, 18.127104818612096], [74.68363727641443, 18.127021586680137], [74.68365244806128, 18.126938356416034], [74.68366761970812, 18.12685512525861], [74.68368279135493, 18.126771894061626], [74.68369796210345, 18.126688663678763], [74.6837131337503, 18.12660543240262], [74.68372830539714, 18.126522201086885], [74.68374347704396, 18.126438969731584], [74.68375864779246, 18.126355739190444], [74.68377381943931, 18.12627250775597], [74.68378899108616, 18.126189276281885], [74.68380416183467, 18.12610604562199], [74.68381933348148, 18.126022814068797], [74.68383450512833, 18.12593958247601], [74.68384967677518, 18.125856350843634], [74.6838648475237, 18.1257731200254], [74.6838800191705, 18.12568988831388], [74.68389519081734, 18.125606656562777], [74.68391036246419, 18.125523424772084], [74.68392553321272, 18.125440193795548], [74.68394070485952, 18.12535696192571], [74.68395587650637, 18.125273730016293], [74.68397104815321, 18.12519049892105], [74.68398621980002, 18.125107266932435], [74.68400139144687, 18.125024034904296], [74.68401656309372, 18.124940802836562], [74.68403173474053, 18.124857571583014], [74.68404690638738, 18.124774339436126], [74.68406207803419, 18.12469110724967], [74.68407724968104, 18.124607875023635], [74.68409242132788, 18.124524643611746], [74.68410759207639, 18.124441412160277], [74.6841227637232, 18.124358179815506], [74.68413793537005, 18.12427494828492], [74.6841531070169, 18.124191715861002], [74.6841682786637, 18.124108483397507], [74.68418345031056, 18.124025250894434], [74.68419862195739, 18.12394201920552], [74.6842137936042, 18.123858786623302], [74.68422896525105, 18.12377555400149], [74.6842441368979, 18.123692322193865], [74.68425930854471, 18.12360908949291], [74.68427448019156, 18.123525856752387], [74.68428965183841, 18.123442623972288], [74.68430482348522, 18.123359392006346], [74.68431999513207, 18.1232761591471], [74.68433516677888, 18.123192926248276], [74.68435033842572, 18.12310969330989], [74.68436551007257, 18.12302646118568], [74.68438068171938, 18.122943228168147], [74.6843854535702, 18.122858669235086], [74.68439022452264, 18.122774110261226], [74.68439499637343, 18.12268955039274], [74.68439976732591, 18.122604991337163], [74.6844045391767, 18.12252043224076], [74.68440931012917, 18.12243587310352], [74.68441408197997, 18.122351313925403], [74.68441885383076, 18.1222667538527], [74.68442362568156, 18.12218219459293], [74.684428396634, 18.12209763529229], [74.68443316848482, 18.122013075950832], [74.68443793943727, 18.121928516568524], [74.68444271128809, 18.121843956291617], [74.68444748224053, 18.121759396827592], [74.68445225409133, 18.121674837322768], [74.6844570250438, 18.12159027777706], [74.68446179689458, 18.121505718190544], [74.68446656874539, 18.12142115770942], [74.68447134059618, 18.121336598041232], [74.68447611244697, 18.121252038332152], [74.68448088429776, 18.121167478582286], [74.68448565614857, 18.121082917937795], [74.68449042799935, 18.120998358106203], [74.68449519985012, 18.120913798233797], [74.6844999717009, 18.120829238320553], [74.68450474355168, 18.120744678366446], [74.6845095154025, 18.120660117517737], [74.68451428725328, 18.120575557481978], [74.68451905910406, 18.12049099740534], [74.68452383095486, 18.120406437287894], [74.68452860280566, 18.12032187712962], [74.68453337465645, 18.120237316076707], [74.68453814650722, 18.120152755836717], [74.684542918358, 18.120068195555902], [74.68454769020879, 18.11998363523425], [74.6845524620596, 18.119899074871757], [74.68455723391038, 18.119814513614667], [74.68456200576117, 18.119729953170513], [74.68456677671365, 18.11964539268549], [74.68457154856443, 18.11956083215965], [74.6845763204152, 18.119476271592976], [74.68458109226603, 18.119391710131694], [74.68458586411681, 18.11930714948331], [74.6845906359676, 18.119222588794123], [74.68459540781838, 18.11913802806409], [74.68460017966916, 18.119053467293213], [74.68460495151997, 18.11896890562774], [74.68460972337076, 18.118884344775214], [74.68461449522154, 18.118799783881812], [74.6846192670723, 18.118715222947596], [74.68462403892313, 18.11863066197253], [74.68462881077392, 18.118546100102865], [74.6846335826247, 18.118461539046145], [74.68463835447548, 18.118376977948603], [74.68464312632626, 18.118292416810185], [74.68464789817708, 18.118207854777175], [74.68465267002786, 18.118123293557133], [74.68465744187864, 18.118038732296196], [74.68466221372941, 18.117954170994476], [74.68466698558024, 18.1178696096519], [74.68467175743102, 18.117785047414717], [74.68467652928179, 18.117700485990454], [74.68468130113258, 18.117615924525392], [74.68468607298338, 18.117531363019452], [74.68469084483418, 18.117446801472727], [74.68469561668496, 18.117362239031362], [74.68470038853575, 18.11727767740297], [74.68470516038651, 18.11719311573369], [74.68469658866209, 18.117111117923244], [74.68468801603935, 18.117029119220636], [74.68467944341658, 18.116947121333386], [74.68467087169215, 18.11686512340775], [74.68466229906937, 18.11678312458993], [74.68465372734494, 18.1167011265875], [74.68464508106035, 18.11661656890879], [74.68463643567404, 18.116532011189197], [74.68462778938941, 18.116447453428794], [74.68461914400315, 18.116362895627592], [74.68461049771852, 18.116278337785523], [74.68460185233222, 18.116193779902645], [74.68459320694592, 18.116109221978952], [74.68458456066132, 18.11602466316061], [74.68457591437674, 18.11594010515528], [74.68456726899042, 18.11585554710907], [74.6845586227058, 18.11577098902205], [74.68454997731953, 18.11568643089423], [74.68454133103491, 18.115601872725556], [74.68453268475031, 18.115517314516048], [74.68452403846568, 18.115432756265747], [74.68451539218108, 18.115348197974587], [74.68450674679478, 18.115263639642613], [74.68449810051018, 18.115179081269826], [74.6844894551239, 18.1150945228562], [74.68448080883925, 18.11500996440175], [74.68447216255466, 18.114925405052684], [74.68446351716837, 18.114840847370395], [74.68445487088376, 18.114756288793455], [74.68444622459914, 18.114671729321927], [74.68443757831454, 18.114587170663334], [74.68442893202995, 18.11450261196397], [74.68442028574532, 18.11441805322374], [74.68441163946072, 18.114333494442697], [74.68440299317608, 18.11424893562084], [74.6843943468915, 18.114164376758147], [74.68438570150519, 18.114079817854627], [74.68437705522061, 18.113995258910307], [74.68436840893597, 18.113910699925135], [74.68435976265137, 18.11382614089914], [74.68435111636677, 18.113741581832354], [74.68434247008214, 18.113657022724734], [74.68433382379754, 18.113572463576258], [74.68432517751292, 18.113487904386986], [74.68431653122832, 18.11340334515691], [74.68430788494372, 18.1133187850322], [74.6842992386591, 18.11323422572046], [74.6842905923745, 18.113149666367885], [74.68428194608987, 18.11306510697452], [74.68427329980528, 18.11298054754032], [74.68426465352069, 18.11289598806528], [74.68425600723604, 18.112811428549467], [74.68424736095146, 18.112726868992787], [74.68420332643453, 18.112654353114728], [74.68415929281593, 18.112581838060443], [74.68411525919736, 18.11250932212237], [74.68407122468042, 18.112436806154275], [74.6840271901635, 18.112364290156126], [74.68398315654493, 18.11229177498177], [74.68393912292633, 18.112219258923613], [74.68389508840941, 18.112146742835407], [74.6838510538925, 18.1120742267172], [74.6838070202739, 18.112001711422774], [74.68376298665531, 18.111929195244546], [74.68371895213839, 18.111856679036254], [74.68367491762147, 18.111784162797974], [74.68363088400288, 18.111711647383473], [74.6835868503843, 18.111639131085134], [74.68354281586737, 18.111566614756796], [74.68349878135045, 18.11149409839842], [74.68345474773186, 18.111421582863873], [74.68341071411326, 18.11134906644546], [74.68336667959636, 18.11127654999705], [74.68332264507943, 18.11120403351859], [74.68327861146085, 18.111131517863942], [74.68323457784226, 18.111059001325483], [74.68319054332532, 18.110986484756964], [74.68314650880842, 18.110913968158467], [74.68310247518983, 18.11084145238375], [74.68305844157123, 18.11076893572522], [74.68301440705432, 18.11069641903664], [74.6829703725374, 18.11062390231807], [74.6829263389188, 18.110551386423282], [74.68288230530021, 18.110478869644638], [74.68283827078331, 18.110406352836012], [74.68279423626637, 18.110333835997384], [74.68275020264778, 18.110261319982524], [74.6827061690292, 18.110188803083823], [74.68266213451227, 18.110116286155133], [74.68261809999537, 18.1100437691964], [74.68257406637676, 18.109971253061474], [74.68253003275818, 18.109898736042727], [74.68248599824126, 18.10982621899394], [74.68244196372433, 18.10975370191517], [74.68239793010575, 18.10968118566019], [74.68235389648716, 18.109608668521382], [74.68230986197024, 18.109536151352536], [74.68227079603516, 18.109460164242567], [74.68223173099838, 18.10938417709967], [74.68219266506331, 18.109308189923798], [74.68215359912823, 18.109232202714963], [74.6821145340915, 18.10915621547318], [74.68207546815643, 18.109080228198458], [74.68203640311964, 18.10900424089076], [74.68199733718457, 18.108928253550094], [74.6819582712495, 18.10885226617647], [74.68191920621275, 18.10877627876993], [74.68188014027768, 18.108700291330404], [74.6818410743426, 18.108624303857916], [74.68180200930583, 18.108548316352476], [74.68176294337076, 18.108472327960282], [74.68172387833401, 18.108396341242752], [74.68168481239891, 18.108320353638447], [74.68164574646383, 18.10824436514738], [74.68160668142708, 18.108168378331], [74.68156761549201, 18.10809239062783], [74.68152854955693, 18.10801640289171], [74.68148948452016, 18.107940415976454], [74.68145041858509, 18.10786442817442], [74.68141135265, 18.107788440339423], [74.68137228671493, 18.107712451617676], [74.6813332216782, 18.107636464570604], [74.68129415574312, 18.107560476636756], [74.68125508980805, 18.10748448781613], [74.68121602477127, 18.107408500670182], [74.6811769588362, 18.107332512637505], [74.68113789290112, 18.10725652371798], [74.68109882786433, 18.107180536473205], [74.68105976192928, 18.107104548341628], [74.6810206959942, 18.107028559323286], [74.68098163095745, 18.106952571979633], [74.68094256502238, 18.106876583749205], [74.68090349908731, 18.106800594631984], [74.68086443405053, 18.106724607189495], [74.68082536811545, 18.106648618860202], [74.68078630218038, 18.106572630497944], [74.68074723624531, 18.10649664124894], [74.68070817120854, 18.10642065367462], [74.68066910527345, 18.10634466521351], [74.68063003933838, 18.1062686758656], [74.68059097430164, 18.106192688192444], [74.68055190836655, 18.10611669963247], [74.6805128424315, 18.106040710185745], [74.68047377739471, 18.105964722413738], [74.68043471145964, 18.105888733754913], [74.68039564552456, 18.105812744209324], [74.68035658048782, 18.10573675633845], [74.68031751455275, 18.105660767580776], [74.68027844861767, 18.105584777936336], [74.6802393835809, 18.105508789966585], [74.68020031764583, 18.105432801110084], [74.68016125171074, 18.105356812220602], [74.68012218577567, 18.105280823298187], [74.6800831198406, 18.10520483434281], [74.68004405480383, 18.10512884620833], [74.68000498886875, 18.105052856333224], [74.679965923832, 18.10497686813286], [74.67992685789693, 18.104900879045676], [74.67988779196185, 18.104824889071693], [74.67984872692507, 18.104748900772464], [74.67980966099, 18.10467291158648], [74.67977059505493, 18.104596921513647], [74.67973153001819, 18.104520933115563], [74.67969246408308, 18.104444943830693], [74.679653398148, 18.10436895365903], [74.67961433311126, 18.10429296516212], [74.67957526717619, 18.1042169757784], [74.67953620124112, 18.104140986361724], [74.67949713530605, 18.104064996058288], [74.67945807026926, 18.10398900742956], [74.67941900433419, 18.10391301791405], [74.67937993839912, 18.103837028365586], [74.67934087246404, 18.10376103878417], [74.67930180652897, 18.103685049169833], [74.67927187466371, 18.1036057747799], [74.67924194190013, 18.103526499500276], [74.67921201003485, 18.10344722503863], [74.67918207816959, 18.103367950541106], [74.67915214630433, 18.103288675153905], [74.67912221443905, 18.10320940058469], [74.67909228257379, 18.103130125979636], [74.6790623507085, 18.10305085048483], [74.67903241884325, 18.102971575808063], [74.679002486978, 18.102892301095405], [74.67897255511271, 18.102813026346883], [74.67894262324747, 18.102733750708687], [74.67891269138217, 18.102654475888464], [74.67888275951692, 18.102575201032412], [74.67885282765167, 18.10249592528665], [74.67882289578638, 18.102416650358848], [74.67879296392113, 18.10233737539519], [74.67876303205584, 18.10225809954186], [74.67873310019057, 18.102178824506506], [74.67870316832533, 18.10209954943531], [74.67867323646004, 18.102020273474373], [74.67864330459479, 18.10194099833148], [74.6786133727295, 18.10186172315269], [74.67858344086424, 18.101782447084226], [74.67855350899899, 18.101703171833726], [74.6785235771337, 18.101623896547373], [74.67849364526846, 18.10154462122522], [74.6784637134032, 18.101465345013274], [74.67843378153792, 18.101386069619405], [74.67840384967266, 18.101306794189636], [74.67837391780738, 18.101227517870175], [74.67834398594212, 18.1011482423687], [74.67831405407685, 18.101068966831377], [74.67828412221158, 18.10098969040435], [74.67825419034632, 18.10091041479535], [74.67832781267374, 18.100862509918528], [74.67840143589949, 18.100814604174765], [74.67847505822691, 18.100766699271784], [74.67854868055433, 18.100718794355714], [74.67862230288175, 18.100670889426514], [74.6786959261075, 18.10062298448425], [74.67876954843491, 18.100575079528905], [74.67884317076233, 18.100527174560433], [74.67891679398808, 18.10047926957891], [74.6789904163155, 18.100431364584278], [74.67906403864295, 18.100383459576545], [74.67913766186867, 18.100335553701843], [74.67921128419609, 18.10028764866795], [74.67928490652355, 18.100239743620957], [74.67935852885095, 18.100191838560846], [74.67943215207671, 18.100143933487683], [74.67950577440412, 18.100096028401417], [74.67957939673155, 18.10004812330202], [74.67965301995729, 18.10000021733569], [74.67972664228472, 18.09995231221015], [74.67980026461213, 18.099904407071516], [74.67987388783789, 18.099856501919767], [74.6799475101653, 18.099808596754954], [74.68002113249273, 18.099760691577046], [74.68009475482015, 18.09971278638601], [74.68016837804589, 18.099664880328046], [74.68024200037331, 18.099616975110866], [74.68031562270076, 18.099569069880598], [74.68038924592648, 18.099521164637196], [74.68046286825393, 18.099473259380744], [74.68053649058135, 18.0994253541112], [74.68061011290877, 18.09937744882854], [74.68068373613451, 18.099329542678948], [74.68075735846193, 18.099281637370105], [74.68083098078935, 18.099233732048198], [74.6809046040151, 18.099185826713157], [74.68097822634252, 18.099137921365067], [74.68105184866994, 18.099090016003885], [74.68112547189568, 18.099042109775734], [74.68119909422312, 18.098994204388358], [74.68127271655052, 18.098946298987876], [74.68134633887794, 18.09889839357433], [74.68141996210369, 18.09885048814769], [74.68149358443112, 18.098802582707936], [74.68156720675857, 18.098754677255105], [74.68164082998429, 18.098706770935316], [74.68171445231174, 18.09865886545631], [74.68178807463916, 18.098610959964194], [74.68186169786487, 18.098563054459007], [74.68193532019232, 18.09851514894073], [74.68200894251973, 18.09846724340934], [74.68208256484716, 18.09841933786488], [74.6821561880729, 18.098371432307342], [74.68222981040033, 18.098323526736678], [74.68230343272774, 18.098275621152943], [74.6823770559535, 18.098227714702244], [74.68245067828092, 18.098179809092343], [74.68252430060834, 18.098131903469298], [74.68259792293574, 18.098083997833214], [74.6826715461615, 18.09803609218404], [74.68274516848892, 18.097988186521736], [74.68281879081637, 18.097940280846377], [74.68289241404209, 18.09789237430404], [74.68296603636954, 18.0978444686025], [74.68303965869696, 18.097796562887844], [74.68311328192267, 18.09774865716012], [74.68318690425014, 18.097700751419307], [74.68326052657754, 18.09765284566538], [74.68333414890498, 18.097604939898382], [74.6834077721307, 18.09755703326442], [74.68348139445814, 18.097509127471255], [74.68355501678555, 18.09746122166496], [74.6836286400113, 18.09741331584561], [74.68370226233871, 18.097365410013172], [74.68377588466613, 18.097317504167606], [74.68384950789189, 18.09726959745513], [74.6839231302193, 18.097221691583382], [74.68399675254673, 18.09717378569859], [74.68407037487418, 18.09712587980071], [74.6841439980999, 18.097077973889686], [74.68421762042735, 18.09703006796561], [74.6842894461242, 18.096978964257136], [74.68436127182106, 18.096927860533793], [74.68443309661959, 18.096876757649415], [74.68450492321477, 18.09682565389625], [74.68457674801331, 18.09677455098209], [74.68464857371016, 18.09672344805302], [74.68472039940701, 18.096672344255175], [74.68479222420555, 18.096621241296322], [74.6848640499024, 18.09657013746868], [74.68493587559925, 18.096519034480046], [74.68500770129612, 18.0964679314765], [74.68507952699296, 18.096416827604216], [74.68515135268983, 18.096365724570887], [74.68522317838669, 18.09631462066877], [74.68529500408354, 18.096263517605657], [74.6853668297804, 18.09621241452765], [74.68543865547726, 18.09616131058085], [74.6855104811741, 18.096110207473046], [74.68558230687097, 18.09605910349649], [74.68565413256783, 18.096008000358903], [74.68572595826468, 18.09595689635253], [74.68579778306324, 18.095905793185157], [74.68586960876011, 18.095854690002877], [74.68594143445696, 18.09580358595182], [74.68601326015381, 18.09575248273976], [74.68608508585068, 18.09570137951281], [74.68615691154753, 18.09565027541706], [74.68622873724439, 18.095599172160316], [74.68630056294124, 18.095548068034823], [74.6863723886381, 18.095496964748282], [74.68644421433497, 18.095445861446873], [74.68651604003182, 18.09539475727666], [74.68658786572868, 18.09534365394544], [74.68665969142553, 18.095292549745444], [74.68673151712238, 18.095241446384442], [74.68680334192092, 18.095190343008543], [74.68687516761777, 18.095139238763892], [74.68694699331463, 18.095088135358186], [74.6870188190115, 18.095037031083738], [74.68709064470835, 18.094985927648274], [74.6871624704052, 18.09493482419791], [74.68723429610206, 18.094883719878744], [74.68730612179891, 18.094832616398612], [74.68737794749578, 18.094781512049654], [74.68744977319264, 18.094730408539725], [74.68752159888949, 18.0946793050149], [74.68759342458635, 18.094628200621298], [74.6876652502832, 18.094577097066686], [74.68773707598005, 18.094525992643277], [74.68780890077862, 18.094474889058873], [74.68788072647548, 18.094423785459572], [74.68795255217233, 18.09437268099148], [74.68802437786917, 18.094321577362408], [74.68809620356602, 18.094270473718424], [74.68816802926288, 18.094219369205653], [74.68823985495973, 18.094168265531888], [74.68831168065658, 18.09411716098936], [74.68838350635345, 18.09406605728581], [74.68845533205031, 18.09401495356738], [74.68852715774716, 18.093963848980135], [74.68859898344402, 18.09391274523192], [74.68867080914087, 18.09386164061489], [74.68874263483774, 18.093810536836877], [74.68881445963629, 18.093759433043967], [74.68888628533315, 18.093708328382295], [74.68895811103, 18.093657224559603], [74.68902993672687, 18.093606119868113], [74.68910176242372, 18.09355501601564], [74.68917358812058, 18.093503912148265], [74.68924541381745, 18.093452807412106], [74.6893172395143, 18.09340170351495], [74.68938906521115, 18.093350598748994], [74.68946089090801, 18.093299494822055], [74.68953271660486, 18.09324839088022], [74.68960454230174, 18.093197286069625], [74.68967636799859, 18.093146182098007], [74.68974819369544, 18.093095077257587], [74.68982001849398, 18.093043973256187], [74.68989184419083, 18.0929928692399], [74.68996366988767, 18.092941764354787], [74.69003549558454, 18.09289066030872], [74.69010732128139, 18.092839555393876], [74.69017914697825, 18.09278845131801], [74.69025097267512, 18.092737347227224], [74.69032279837197, 18.0926862422677], [74.69039462406883, 18.09263513814717], [74.69046644976568, 18.092584033157824], [74.69053827546253, 18.092532929007497], [74.6906101011594, 18.092481824842285], [74.69068192685626, 18.09243071980826], [74.6907537525531, 18.092379615613265], [74.69082557824997, 18.092328511403384], [74.69089740394682, 18.092277407178607], [74.69096922964368, 18.092226302938933], [74.69104105534053, 18.092175197830482], [74.69111288103738, 18.092124093560997], [74.69118470673426, 18.092072988422764], [74.69125653243111, 18.092021884123525], [74.69133260805758, 18.09197681518799], [74.69140868458237, 18.09193174624087], [74.69148476020881, 18.0918866781361], [74.6915608367336, 18.091841609165808], [74.69163691236007, 18.09179654103787], [74.69171298888486, 18.091751472044425], [74.69178906451131, 18.091706403039428], [74.6918651410361, 18.09166133402283], [74.69194121666257, 18.091616265848558], [74.69201729228905, 18.09157119680879], [74.6920933688138, 18.091526127757433], [74.6921694444403, 18.0914810586945], [74.69224552006676, 18.091435990473904], [74.69232159659155, 18.091390921387806], [74.69239767221801, 18.09134585229014], [74.69247374874278, 18.091300783180913], [74.69254982526755, 18.09125571406007], [74.69262590089404, 18.091210644927656], [74.6927019765205, 18.091165575783645], [74.69277805304529, 18.091120506628094], [74.69285412867175, 18.091075438314817], [74.69293020429822, 18.0910303691361], [74.693006280823, 18.09098529994578], [74.69308235644945, 18.09094023074387], [74.69315843207592, 18.09089516153037], [74.6932345086007, 18.09085009230534], [74.69331058422716, 18.090805023068686], [74.69338665985363, 18.09075995467437], [74.69346273637842, 18.09071488541456], [74.69353881200487, 18.090669816143162], [74.69361488763137, 18.090624746860183], [74.69369096415612, 18.090579677565643], [74.69376703978261, 18.090534608259524], [74.69384311540908, 18.090489538941803], [74.69391919193384, 18.090444469612507], [74.69399526756031, 18.09039940027163], [74.69407134318678, 18.09035433091919], [74.69414741881323, 18.090309262409036], [74.69422349443973, 18.090264193033455], [74.69429957006618, 18.090219123646246], [74.69437564659097, 18.09017405424746], [74.69445172221744, 18.090128984837094], [74.69452779784389, 18.09008391541518], [74.69460387436868, 18.09003884598166], [74.69467994999513, 18.089993776536552], [74.69475602562159, 18.089948707933782], [74.69483210214638, 18.08990363846552], [74.69490817777285, 18.089858568985665], [74.69498425339934, 18.089813499494273], [74.69506032992409, 18.089768429991253], [74.69513640555058, 18.08972336047667], [74.69521248117704, 18.089678290950495], [74.69528855770183, 18.089633221412743], [74.6953646333283, 18.08958815186344], [74.69544070895475, 18.08954308230252], [74.69551678547954, 18.089498012730036], [74.695592861106, 18.089452943145965], [74.69566893673245, 18.08940787355034], [74.69574501325724, 18.089362803943096], [74.6958210888837, 18.08931773432428], [74.69589716451016, 18.089272664693883], [74.69597324013665, 18.089227595051938], [74.6960493157631, 18.08918252539839], [74.69612539138957, 18.08913745573325], [74.69620146791436, 18.08909238605653], [74.69627754354083, 18.08904731636824], [74.69632626995848, 18.088977986048917], [74.69637499727443, 18.088908655702163], [74.69642372369206, 18.088839325327992], [74.69647245010968, 18.08876999578036], [74.69652117652736, 18.088700665351396], [74.6965699038433, 18.088631334895044], [74.69661863026094, 18.088562004411283], [74.69666735667859, 18.088492673900134], [74.69671608399456, 18.08842334336157], [74.69676481041218, 18.088354012795588], [74.69681353682984, 18.088284683056155], [74.69686226324747, 18.088215352435377], [74.69691099056341, 18.0881460217872], [74.69695971698106, 18.088076691111628], [74.6970084433987, 18.08800736040864], [74.69705717071467, 18.0879380296783], [74.69710589713229, 18.087868698920516], [74.69715462354995, 18.08779936898926], [74.69720334996758, 18.08773003817668], [74.69725207728354, 18.087660707336703], [74.6973008037012, 18.087591376469305], [74.69733221688837, 18.087512259610172], [74.6973636291772, 18.087433143569257], [74.69739504146608, 18.087354026638724], [74.69742645375491, 18.087274909672534], [74.69745786694207, 18.08719579267067], [74.69748927923095, 18.08711667648704], [74.69752069151978, 18.087037559413815], [74.69755210470694, 18.08695844230487], [74.69758351699582, 18.08687932601419], [74.69761492928468, 18.08680020883392], [74.69764634247186, 18.08672109161798], [74.6976777547607, 18.08664197436632], [74.69770916704957, 18.086562857932908], [74.69774058023674, 18.086483740609925], [74.69777199252557, 18.086404623251266], [74.69780340481445, 18.086325506710825], [74.69783481800161, 18.08624638928077], [74.69786623029049, 18.086167271815068], [74.69789764347765, 18.086088154313664], [74.69792905576648, 18.086009037630518], [74.69796046805536, 18.085929920057744], [74.69801564707166, 18.0858626396502], [74.6980708269863, 18.0857953583629], [74.69812600600265, 18.085728077903752], [74.69818118501897, 18.085660796564852], [74.6982363640353, 18.085593516054104], [74.69829154394995, 18.08552623466359], [74.69834672296625, 18.08545895410124], [74.6984019019826, 18.085391674367006], [74.69845708189725, 18.08532439289909], [74.69851226091355, 18.085257112259324], [74.6985674408282, 18.085189830739818], [74.69862261984454, 18.085122550902394], [74.69867779975918, 18.085055269331274], [74.6987329787755, 18.08498798858832], [74.69878815869014, 18.0849207069656], [74.69884333770648, 18.084853427024985], [74.69889851762112, 18.084786145350677], [74.69895369753576, 18.08471886450452], [74.69900887655207, 18.084651583632525], [74.69906405556843, 18.084584302734765], [74.69911923548307, 18.084517020957254], [74.6991744153977, 18.084449740007894], [74.69922959441402, 18.084382459032735], [74.69928477343035, 18.084315178031748], [74.699339953345, 18.08424789615106], [74.6993951323613, 18.08418061509847], [74.69945031227596, 18.08411333402012], [74.69950549129229, 18.08404605291597], [74.69956067120692, 18.083978770932053], [74.69961585022324, 18.083911489776302], [74.69966710809337, 18.083849493638393], [74.69971836506518, 18.083787497478593], [74.69976962293526, 18.083725500442956], [74.69982087990708, 18.083663504239375], [74.69987213777719, 18.083601508013853], [74.69995862487781, 18.083578595023166], [74.7000451119784, 18.083555681175536], [74.70013159818068, 18.08353276817883], [74.70021808528129, 18.083509854325207], [74.70030457238192, 18.083486941322512], [74.70039105948253, 18.08346402831686], [74.70047754658312, 18.08344111445427], [74.70056403278544, 18.083418201442605], [74.70065051988603, 18.08339528757402], [74.70073700698664, 18.0833723745564], [74.70082349408727, 18.083349461535764], [74.70090998118785, 18.0833265476582], [74.70099646739017, 18.083303634631573], [74.70108295449076, 18.08328072074803], [74.70116944159136, 18.083257807715448], [74.70125592869199, 18.08323489467985], [74.70134241579261, 18.083211980787336], [74.70142890199489, 18.083189067745774], [74.70151538909548, 18.083166154701207], [74.70160187619611, 18.08314324079971], [74.70168836329671, 18.083120327749167], [74.70177485039733, 18.08309741469562], [74.70186133659962, 18.08307450078514], [74.70194782370024, 18.083051587725613], [74.70203431080083, 18.083028674663108], [74.70212079790144, 18.083005760743664], [74.70220728500206, 18.082982847675154], [74.70229377210268, 18.082959934603682], [74.70238025830496, 18.08293702067524], [74.70246674540554, 18.082914107597762], [74.70255323250618, 18.082891193663354], [74.7026397196068, 18.08286828057988], [74.7027262067074, 18.082845367493448], [74.7028126929097, 18.082822453550058], [74.7028991800103, 18.082799540457604], [74.7029856671109, 18.0827766273622], [74.70307215421151, 18.082753713409843], [74.70315864131214, 18.082730800308408], [74.70324512751442, 18.082707887204023], [74.70333161461504, 18.082684973242657], [74.70341810171563, 18.08266206013229], [74.70350458881623, 18.082639147018885], [74.70359107591686, 18.082616233048576], [74.70367756211914, 18.08259331992924], [74.70376404921977, 18.082570406806866], [74.70385053632039, 18.082547492827572], [74.70393702342098, 18.082524579699246], [74.70402351052158, 18.0825016665679], [74.70410999672387, 18.08247875257964], [74.70419648382449, 18.082455839442304], [74.7042829709251, 18.082432926302015], [74.7043694580257, 18.082410012304784], [74.70445594512631, 18.082387099158467], [74.7045424313286, 18.08236418600921], [74.70462891842922, 18.082341272856926], [74.70471540552983, 18.082318359701677], [74.70480456332179, 18.082317977986516], [74.70489372111372, 18.08231759541739], [74.70498287890567, 18.082317212848288], [74.70507203669762, 18.08231683027916], [74.70516119448958, 18.08231644771007], [74.70525035228154, 18.082316065994913], [74.70533951007346, 18.08231568342581], [74.7054286678654, 18.082315301710636], [74.70551782565737, 18.08231491914151], [74.70560698434763, 18.082314536572408], [74.70569614213957, 18.082314154003306], [74.70578529993153, 18.08231377143418], [74.70587445772348, 18.082313388865078], [74.7059636155154, 18.08231300629595], [74.70605277330736, 18.08231262372684], [74.70614193109932, 18.082312241157712], [74.70623108889127, 18.082311858588596], [74.70632024668323, 18.082311476019495], [74.70640940447515, 18.082311093450343], [74.70649856226711, 18.08231071088124], [74.70658772005906, 18.0823103283121], [74.70667687785102, 18.08230994659693], [74.70676603564299, 18.082309564027813], [74.7068551934349, 18.0823091814587], [74.70694435122685, 18.08230879888956], [74.70703350901881, 18.082308416320448], [74.70712266681078, 18.082308033751307], [74.70721182460272, 18.082307651182195], [74.70730098329298, 18.08230726861304], [74.70739014108493, 18.082306886043927], [74.70747929887689, 18.08230650347481], [74.70756845666881, 18.08230612090566], [74.70765761446077, 18.082305738336533], [74.70774677225272, 18.08230535576738], [74.70783593004468, 18.08230497319828], [74.70792508783663, 18.08230459062913], [74.70801424562856, 18.082304208060002], [74.70810340342051, 18.08230382549087], [74.70819256121246, 18.08230344292172], [74.70828171900442, 18.082303060352594], [74.70837087679637, 18.082302677783442], [74.7084600345883, 18.0823022952143], [74.70854919238025, 18.08230191264515], [74.70863835017221, 18.082301530076023], [74.70872750796416, 18.082301147506897], [74.70881666575612, 18.08230076493773], [74.70890582354804, 18.082300382368604], [74.70899498134, 18.08229999979944], [74.70908414003028, 18.082299617230312], [74.7091732978222, 18.082299234661146], [74.70926245561415, 18.08229885209202], [74.70935161340611, 18.082298469522883], [74.70944077119808, 18.082298086953717], [74.70952992899002, 18.082297704384576], [74.70961908678194, 18.0822973218154], [74.7097082445739, 18.082296939246273], [74.70979740236587, 18.082296556677093], [74.70988656015781, 18.082296174107956], [74.70997571794977, 18.082295791538815], [74.7100648757417, 18.08229540896965], [74.71015403353366, 18.082295026400498], [74.7102431913256, 18.082294643831332], [74.71033234911756, 18.08229426126218], [74.71042150690953, 18.082293878693], [74.71051066470145, 18.082293496123864], [74.71059982249339, 18.082293113554712], [74.71068898028535, 18.082292730985532], [74.7107781389756, 18.08229234841639], [74.71086729676756, 18.082291965847205], [74.71095645455952, 18.08229158327805], [74.71104561235147, 18.082291200708884], [74.71113477014343, 18.08229081813972], [74.71122392793535, 18.082290435570567], [74.71131308572731, 18.08229005300139], [74.71140224351926, 18.08228967043224], [74.7114914013112, 18.08228928786305], [74.71158055910317, 18.082288905293897], [74.71154412253689, 18.082366812755303], [74.71150768686898, 18.082444720182107], [74.71147125030275, 18.08252262757433], [74.71143481463481, 18.082600534932006], [74.71139837806858, 18.08267844225506], [74.71136194240067, 18.08275634954351], [74.71132550583444, 18.08283425679738], [74.7112890701665, 18.08291216401666], [74.71125263360027, 18.082990071201344], [74.71121619793233, 18.08306797835148], [74.7111797613661, 18.083145885466998], [74.71114332569817, 18.083223791693953], [74.71110688913194, 18.083301698740325], [74.711070453464, 18.083379605752054], [74.71103401689777, 18.083457512729204], [74.71099758122986, 18.083535419671776], [74.71096114466359, 18.08361332657974], [74.71092470899569, 18.083691233453155], [74.71088827242946, 18.08376914029194], [74.7108518367615, 18.083847047096143], [74.71081540019527, 18.083924953865754], [74.71077896452738, 18.084002860600762], [74.71074252796113, 18.084080767301206], [74.7107060922932, 18.084158673967067], [74.71066965572695, 18.0842365805983], [74.71063322005902, 18.084314487194952], [74.71059678349278, 18.084392393757014], [74.71056034782487, 18.084470300284487], [74.71052391125863, 18.084548206777363], [74.7104874755907, 18.084626113235675], [74.71045103902446, 18.084704019659373], [74.71041460335655, 18.084781926048475], [74.71037816679032, 18.084859832402987], [74.71034173112238, 18.084937737868966], [74.71030529455615, 18.085015644154296], [74.71026885888821, 18.08509355040503], [74.71023242232198, 18.085171456621165], [74.71019598665406, 18.08524936280273], [74.71015955008782, 18.08532726894968], [74.71012311441989, 18.085405175062046], [74.71008667785365, 18.085483081139813], [74.71005024218574, 18.085560987182973], [74.71001380561947, 18.085638893191557], [74.70997736995157, 18.08571679916556], [74.70994093338534, 18.085794705104945], [74.7098652422378, 18.08583005276162], [74.70978955109025, 18.08586540041119], [74.70971385994275, 18.085900748053614], [74.70963816879524, 18.08593609568894], [74.7095624776477, 18.085971443317153], [74.70948678739849, 18.086006790084287], [74.70941109625096, 18.08604213769823], [74.70933540510346, 18.08607748530507], [74.70925971395592, 18.086112832904757], [74.70918402280839, 18.08614818049736], [74.70910833166089, 18.086183527228886], [74.70903264051336, 18.086218874807255], [74.70895849087483, 18.08625199276791], [74.70888434123636, 18.086285111576224], [74.70881019249617, 18.086318229524373], [74.7087360428577, 18.08635134832022], [74.70866189321917, 18.086384466255865], [74.7085877435807, 18.086417584185252], [74.70851359394217, 18.086450702962317], [74.70843944520199, 18.08648382087921], [74.70836529556351, 18.086516939643797], [74.70829114592499, 18.086550057548184], [74.7082580430068, 18.08662246125989], [74.70822494008858, 18.08669486494167], [74.70819183717035, 18.086767268593615], [74.70815873425214, 18.086839672215664], [74.70812563133391, 18.086912075807845], [74.70809252931402, 18.086984478516186], [74.70805942639576, 18.087056882048607], [74.7080263243759, 18.087129285551132], [74.70799322145764, 18.08720168902377], [74.70796011943774, 18.08727409246654], [74.70792701651953, 18.087346495879423], [74.70788679804595, 18.087421983636112], [74.70784657957236, 18.087497472214288], [74.70780636109878, 18.08757295990602], [74.7077661426252, 18.087648447565282], [74.70772592415162, 18.08772393519204], [74.70768570567803, 18.08779942364026], [74.70764548720445, 18.087874911202082], [74.70760526962916, 18.087950398731426], [74.70756505115558, 18.08802588622825], [74.70752483268198, 18.08810137454651], [74.70748461420841, 18.088176861978404], [74.70744439663312, 18.088252349377814], [74.70740417815955, 18.088327836744696], [74.70736395968595, 18.08840332493304], [74.70732374121238, 18.088478812234985], [74.70728352363713, 18.088554299504413], [74.70724330516354, 18.08862978674139], [74.70720308668996, 18.088705274799786], [74.70716286821637, 18.0887807619718], [74.70714849517181, 18.088853591721346], [74.70713412212726, 18.088926420586777], [74.70711974908272, 18.08899925027583], [74.70710537603817, 18.08907207993468], [74.70709100299365, 18.089144909563306], [74.70707662994909, 18.08921773830773], [74.70706225690452, 18.08929056787585], [74.707057904567, 18.089372354977705], [74.70705355222945, 18.08945414118754], [74.70704919989187, 18.08953592821314], [74.70704484755434, 18.0896177152006], [74.70704049521677, 18.08969950214993], [74.70703614198091, 18.089781288207202], [74.70703178964337, 18.08986307508025], [74.7070274373058, 18.089944861915182], [74.70702308496826, 18.090026647858068], [74.70701873173239, 18.090108434616717], [74.70701437939485, 18.090190221337224], [74.7070100270573, 18.090272008019603], [74.70700567382143, 18.090353793809914], [74.70700132148389, 18.090435580416024], [74.7069969691463, 18.090517366984017], [74.70699261591044, 18.09059915265993], [74.70698826357291, 18.090680939151614], [74.70698391033704, 18.09076272560517], [74.70697955799946, 18.090844512020574], [74.70697520566192, 18.090926297543973], [74.70697085242605, 18.09100808388312], [74.70696453277804, 18.091091677903535], [74.70695821313001, 18.09117527103019], [74.70695189348199, 18.091258864970936], [74.70694557383398, 18.09134245887181], [74.70693925418597, 18.091426052732867], [74.7069329345379, 18.09150964570019], [74.7069266148899, 18.09159323948155], [74.70692029524189, 18.09167683322307], [74.70691397559384, 18.091760426070827], [74.70690765594583, 18.091844019732665], [74.70690133539946, 18.091927613354684], [74.70689501575146, 18.092011206936817], [74.70688869610345, 18.092094799625205], [74.7068823755571, 18.092178393127657], [74.70687605501075, 18.092261986590266], [74.70686973536274, 18.09234557915915], [74.70686341571471, 18.092429172542083], [74.7068570960667, 18.092512765885154], [74.70685077552034, 18.092596358334475], [74.70684445587233, 18.092679951597855], [74.70683813532598, 18.092763544821388], [74.70683181567796, 18.092847138005112], [74.70682549602992, 18.092930730295052], [74.7068191754836, 18.093014323399057], [74.70679864179283, 18.093092920315183], [74.70677810810207, 18.093171517196065], [74.70675757441131, 18.093250114041723], [74.70673703982223, 18.093328710852163], [74.70671650613144, 18.093407307627377], [74.70669597154239, 18.093485904367373], [74.70667543785162, 18.093564501072105], [74.70665859084679, 18.093647841975354], [74.70664174384194, 18.093731182839022], [74.70662489683711, 18.09381452366305], [74.70660804983227, 18.093897864447456], [74.70659120282741, 18.09398120433836], [74.70657435582258, 18.094064545043572], [74.70655750881775, 18.094147885709194], [74.70654066181291, 18.09423122633517], [74.70652381480808, 18.09431456692156], [74.70650696870155, 18.09439790746833], [74.70649012259501, 18.094481247975484], [74.70647327559018, 18.094564588443035], [74.70645642948368, 18.094647928017103], [74.70643958247882, 18.094731268405432], [74.70642273547398, 18.094814608754156], [74.70640588936747, 18.094897949063263], [74.70638904236262, 18.094981289332765], [74.70637107156537, 18.095060688874813], [74.70635310076811, 18.095140089234814], [74.70633513086918, 18.095219488704956], [74.7063171600719, 18.09529888899305], [74.70629919017297, 18.095378288391288], [74.70628271417233, 18.095458211185036], [74.70626623817171, 18.095538133942352], [74.70624976217107, 18.095618056663255], [74.70623328706877, 18.095697979347698], [74.70621681106815, 18.095777901995728], [74.70620033596585, 18.095857824607346], [74.70618385996521, 18.095937747182504], [74.70617755648685, 18.0960190828963], [74.70617125300852, 18.096100418572338], [74.70616494953018, 18.096181754210676], [74.70615864605182, 18.096263088957393], [74.70615234167515, 18.096344424520264], [74.70614603819682, 18.096425760045378], [74.70613973382015, 18.096507095532793], [74.7061334303418, 18.09658843098245], [74.7061359114886, 18.096664042843187], [74.70613839263542, 18.09673965467128], [74.70614087378223, 18.096815266466802], [74.70614335492905, 18.09689087908357], [74.70614583517755, 18.09696649081384], [74.70614831542606, 18.09704210251153], [74.70615079657287, 18.097117714176576], [74.70615875295134, 18.097199704266213], [74.70616670932979, 18.097281694317523], [74.70617466570828, 18.097363684330485], [74.70618262208676, 18.09744567430509], [74.70619057846524, 18.097527665095253], [74.7061985348437, 18.09760965499318], [74.70620649122216, 18.097691644852777], [74.70621444670232, 18.097773634674017], [74.70622240308077, 18.097855624456912], [74.7062313610808, 18.09793426104272], [74.70624031908082, 18.098012898447177], [74.70624927708084, 18.098091534962442], [74.70625823508084, 18.09817017229633], [74.70626719308086, 18.098248808741086], [74.70627615108089, 18.09832744515054], [74.7062851090809, 18.098406082378606], [74.7062940661826, 18.09848471871754], [74.70630000224999, 18.098485137967774], [74.7063824684914, 18.09849096477787], [74.70646493473276, 18.098496791587735], [74.70654740007585, 18.098502618397408], [74.70662986631726, 18.098508445206893], [74.70671233255867, 18.09851427201617], [74.70679479880003, 18.09852009797142], [74.70687726504144, 18.09852592478032], [74.70695973128284, 18.098531751589015], [74.70704219662593, 18.098537577543677], [74.70712466286732, 18.098543403498137], [74.70720712910872, 18.09854923030626], [74.7072939081618, 18.098548823864196], [74.70738068721487, 18.098548416568278], [74.70746746626794, 18.0985480101262], [74.70755424621935, 18.098547602830273], [74.70764102527242, 18.098547196388207], [74.7077278043255, 18.09854678994613], [74.70781458337858, 18.098546382650202], [74.70790136243166, 18.09854597620811], [74.70798814148473, 18.09854556976607], [74.70807492143611, 18.098545162470117], [74.70816170048919, 18.098544756028062], [74.70824847954228, 18.09854434958597], [74.70833525859535, 18.098543943143895], [74.70842203764843, 18.098543536701843], [74.70850881670151, 18.098543129405876], [74.70859559575459, 18.098542722963824], [74.70868237570596, 18.098542316521744], [74.70876915475904, 18.098541910079653], [74.70885593381212, 18.09854150363759], [74.70894271286518, 18.09854109719551], [74.70902657239358, 18.098526627515312], [74.709110431922, 18.09851215783392], [74.70919429145042, 18.09849768815138], [74.7092781509788, 18.098483218467607], [74.70936201050722, 18.098468748782636], [74.7094458691373, 18.098454279096458], [74.7095297286657, 18.098439809409136], [74.70961358819412, 18.098425339720592], [74.70969744772253, 18.09841087003084], [74.7097813072509, 18.09839640033989], [74.70981453503497, 18.098330222792747], [74.70984776192068, 18.09826404607447], [74.70988098970474, 18.098197868477314], [74.70991421659045, 18.09813169170909], [74.70994744437449, 18.09806551406197], [74.70998067126023, 18.097999337243774], [74.71001389904427, 18.097933159546752], [74.71004366921278, 18.097855027599515], [74.710073438483, 18.097776895617486], [74.7101032077532, 18.097698763600608], [74.71013297792172, 18.097620629841156], [74.71016274809023, 18.097542497754652], [74.71019251825874, 18.097464365633325], [74.71022228752895, 18.09738623347719], [74.71025205769746, 18.097308101286224], [74.71028182786597, 18.097229969060436], [74.71031159803447, 18.097151836799842], [74.71034136730468, 18.097073704504425], [74.7103711374732, 18.096995572174187], [74.71040090764171, 18.09691743980914], [74.71043067781025, 18.0968393065554], [74.71046044708042, 18.096761174974564], [74.71049021724895, 18.096683042505056], [74.71051998741748, 18.096604909146837], [74.710549757586, 18.096526776607686], [74.71057952775449, 18.09644864403373], [74.71060929792301, 18.09637051142494], [74.71064460890022, 18.09629853867781], [74.7106799189791, 18.09622656590114], [74.71071522995626, 18.096154592241053], [74.71075054093345, 18.096082619405262], [74.71078585191066, 18.096010646539966], [74.71082116198953, 18.095938673645122], [74.7108564729667, 18.09586670072072], [74.71089178394391, 18.095794726912928], [74.71092709492108, 18.095722753929405], [74.71096240589829, 18.095650780916383], [74.71099771687545, 18.095578807873828], [74.71103302785264, 18.09550683394786], [74.71106833882985, 18.0954348608462], [74.71110364980701, 18.095362887714998], [74.71118325850749, 18.095362247300937], [74.71126286630967, 18.09536160774079], [74.71134247501014, 18.09536096732672], [74.71142208371062, 18.09536032691267], [74.7115016915128, 18.09535968649862], [74.71158130021327, 18.09535904608457], [74.71165687368149, 18.095402007616073], [74.7117324471497, 18.095444968283164], [74.71180802061791, 18.09548792979362], [74.71188359408616, 18.095530890439644], [74.71195916755437, 18.095573851929046], [74.71203474102259, 18.095616812554027], [74.71211031449081, 18.095659774022387], [74.71218588795905, 18.09570273462631], [74.71226146142727, 18.095745696073617], [74.71233703489548, 18.095788656656485], [74.7124126083637, 18.095831618082734], [74.71248818183192, 18.095874579498425], [74.71256375530017, 18.095917540049758], [74.71263932876838, 18.09596050144439], [74.71271490223658, 18.096003461974668], [74.71279047570481, 18.09604642334826], [74.71286604917306, 18.09608938385748], [74.71294162264127, 18.096132345210016], [74.71301719610948, 18.096175305698182], [74.7130927695777, 18.096218267029666], [74.71316834304594, 18.096261227496786], [74.71324391651416, 18.096304188807213], [74.71330948814, 18.096357963650757], [74.71337505976587, 18.096411738477777], [74.71344063049338, 18.096465513288305], [74.71350620211922, 18.096519288082337], [74.71357177374509, 18.096573062859903], [74.71363734537093, 18.096626837620956], [74.71370291699678, 18.096680612365496], [74.71376848862265, 18.09673438709356], [74.71383406024847, 18.09678816180516], [74.71389963187434, 18.096841936500226], [74.71396520350017, 18.096895711178814], [74.71403077512603, 18.096949485840902], [74.71409634585358, 18.097003260486524], [74.71416191658112, 18.097057035115625], [74.71422748820694, 18.097110810582123], [74.7142403332172, 18.097194618578005], [74.71425317822744, 18.09727842653385], [74.7142660232377, 18.09736223359573], [74.71427886824792, 18.097446041471464], [74.71429171415649, 18.097529849307097], [74.71430455916675, 18.09761365710268], [74.7143174050753, 18.097697464858214], [74.71433025008554, 18.09778127171981], [74.71434309599414, 18.097865079395195], [74.71435594100437, 18.09794888703054], [74.71436878691291, 18.098032694625825], [74.71438163192319, 18.09811650132717], [74.71439447783175, 18.09820030884229], [74.71440732284198, 18.09828411631739], [74.7144232230225, 18.098367195400645], [74.71443912320306, 18.098450274444563], [74.71445502338358, 18.09853335344908], [74.71447092356411, 18.098616432414225], [74.71448682374462, 18.09869951133999], [74.71450272482349, 18.098782590226435], [74.71451862500402, 18.098865669073465], [74.71453452518453, 18.09894874788113], [74.71455042626337, 18.099031826649423], [74.71456632644393, 18.099114905378364], [74.71458222662444, 18.099197983214026], [74.71459812680497, 18.099281061864207], [74.71461402788383, 18.099364140475036], [74.71462992806434, 18.099447219046475], [74.71464582824488, 18.09953029757853], [74.7146617293237, 18.09961337607122], [74.71467762950425, 18.099696454524558], [74.71469353058308, 18.0997795329385], [74.7147094307636, 18.09986261131306], [74.71472533184246, 18.099945689648266], [74.71474123202297, 18.100028767944117], [74.71475746458016, 18.10011244219644], [74.71477369713735, 18.100196117262655], [74.71478992969453, 18.10027979143508], [74.71480616225172, 18.100363465567575], [74.7148223948089, 18.10044714051401], [74.71483862736609, 18.10053081456662], [74.71485485992328, 18.10061448943316], [74.71487109248046, 18.100698163405887], [74.71488732503765, 18.100781837338666], [74.71490355759482, 18.100865512085388], [74.71491979015201, 18.100949185938287], [74.7149360227092, 18.101032859751246], [74.71495225526638, 18.101116534378114], [74.71496848782357, 18.10120020811118], [74.71498472038074, 18.10128388180431], [74.71500095293793, 18.101367556311384], [74.71501718549511, 18.10145122992462], [74.71503341895063, 18.10153490349792], [74.71504965150781, 18.101618577885148], [74.7150658849633, 18.10170225137857], [74.71508211752048, 18.101785925685913], [74.71509835007767, 18.101869599099437], [74.71511458263484, 18.101953272473025], [74.71513081609035, 18.10203694666049], [74.71514704864754, 18.102120619954192], [74.71516328120474, 18.10220429320795], [74.7151795146602, 18.10228796727561], [74.7151957472174, 18.102371640449483], [74.71522209839796, 18.10245019389365], [74.71524844957847, 18.10252874730257], [74.71527480075903, 18.10260730067633], [74.71530115193958, 18.102685853161006], [74.71532750312012, 18.10276440646436], [74.71535385430067, 18.10284295973246], [74.7153802054812, 18.10292151296537], [74.71540655666175, 18.103000066163094], [74.7154329087406, 18.103078619325572], [74.71545925992116, 18.10315717159906], [74.71548561110171, 18.103235724691125], [74.71551196318057, 18.103314277748012], [74.7155383143611, 18.103392830769696], [74.71555715382925, 18.103475085178072], [74.71557599329738, 18.10355734040173], [74.71559483276552, 18.10363959473292], [74.71561367223367, 18.103721849025483], [74.7156325117018, 18.103804104133328], [74.71565135116992, 18.10388635834871], [74.7156701906381, 18.103968612525453], [74.71568903010622, 18.104050867517476], [74.71570786957435, 18.104133121617032], [74.71572670904251, 18.104215375677963], [74.71574554851064, 18.104297630554175], [74.71576438797877, 18.104379884537924], [74.71578322744692, 18.104462138483072], [74.71580206691505, 18.104544393243433], [74.71582090548488, 18.10462664711136], [74.715839744953, 18.104708900940683], [74.71585858442114, 18.10479115558521], [74.71587742299096, 18.104873409337323], [74.7158962624591, 18.104955663050827], [74.71591510192727, 18.105037917579555], [74.71593394049708, 18.105120171215834], [74.7159679974261, 18.10519545579196], [74.71600205435517, 18.105270740335772], [74.71603611128423, 18.105346024847258], [74.71607016821329, 18.10542130932635], [74.71610422604064, 18.10549659462698], [74.71613828296971, 18.105571878187572], [74.71617233989876, 18.105647162569646], [74.71620639682779, 18.10572244691942], [74.71624045465518, 18.10579773209065], [74.7162745115842, 18.10587301552187], [74.71630856851326, 18.105948299774596], [74.71634262634065, 18.10602358484881], [74.71637668326967, 18.106098869036845], [74.71641074019874, 18.1061741531925], [74.71644479802609, 18.10624943816971], [74.71647885495514, 18.106324721406875], [74.71651291278253, 18.10640000546551], [74.71654696971156, 18.106475289491833], [74.71658102664061, 18.106550573485805], [74.716615084468, 18.10662585744741], [74.71664914139703, 18.1067011413767], [74.71668319922442, 18.106776425273612], [74.71671725615346, 18.106851709138212], [74.71672162286407, 18.10693541514013], [74.71672598957467, 18.107019121955886], [74.71673035628525, 18.10710282787781], [74.71673472389418, 18.107186533759744], [74.71673909060476, 18.10727024045553], [74.71674345731536, 18.10735394625752], [74.71674782402594, 18.107437652019495], [74.71675219163487, 18.107521357741515], [74.71675655924379, 18.107605064277344], [74.71676092595439, 18.107688769919353], [74.71676529266497, 18.107772475521397], [74.7167696602739, 18.107856181937283], [74.71677402698448, 18.10793988745932], [74.71677839459336, 18.108023592941368], [74.716782761304, 18.108107299237272], [74.71678712801459, 18.108191004639377], [74.71679149562347, 18.108274710001467], [74.71679586233411, 18.108358415323586], [74.71680022994299, 18.10844212145952], [74.71680459665357, 18.108525826701644], [74.7168089633642, 18.10860953190379], [74.71681333097308, 18.10869323791978], [74.71681769768372, 18.108776943041917], [74.7168220652926, 18.10886064812411], [74.71682643290153, 18.108944354020103], [74.71683079961211, 18.109028059022283], [74.71683516632271, 18.10911176398445], [74.71683953393162, 18.109195468906687], [74.71684390154054, 18.109279174642722], [74.71684826825114, 18.109362879484923], [74.71691189771934, 18.10941597922187], [74.71697552718756, 18.109469078942695], [74.71703915665576, 18.109522178647467], [74.71710278612396, 18.10957527833611], [74.71716641649047, 18.109628378008654], [74.71723004595867, 18.109681477665145], [74.71729367542689, 18.109734577305517], [74.71735730489509, 18.10978767692981], [74.71742093436329, 18.109840775684155], [74.7174845638315, 18.10989387527626], [74.7175481932997, 18.109946974852257], [74.7176118227679, 18.11000007441216], [74.71767545313442, 18.110053173955958], [74.71773908260263, 18.110106273483677], [74.71780271207084, 18.110159372995312], [74.71786634153904, 18.11021247249083], [74.71792997100725, 18.110265571970277], [74.71801280735453, 18.11029209737029], [74.7180956428035, 18.1103186227663], [74.71817847915082, 18.1103451490121], [74.7182613154981, 18.110371674400067], [74.71834415094709, 18.110398199784026], [74.71842698729436, 18.110424726017776], [74.71850982364168, 18.110451251393695], [74.71859265909067, 18.110477776765606], [74.71867549543795, 18.110504302987312], [74.71875833178522, 18.11053082835118], [74.7188411672342, 18.110557353711034], [74.71892400358152, 18.1105838799207], [74.71899921862193, 18.110542197704742], [74.71907443366237, 18.11050051462507], [74.71914964870278, 18.110458832389273], [74.71922486374322, 18.110417149289766], [74.71930007878362, 18.11037546703414], [74.71937451857796, 18.110332258151928], [74.71944895837231, 18.11028904840526], [74.71952339726832, 18.110245839501705], [74.71959783706268, 18.11020262973371], [74.71967227685697, 18.11015942080883], [74.71974671665133, 18.11011621101954], [74.71982115554734, 18.110073002073392], [74.71989559534168, 18.11002979311653], [74.719970035136, 18.10998658329527], [74.72004447493033, 18.109943374317112], [74.72011891382635, 18.109900165328316], [74.72019335362069, 18.109856955475085], [74.72026779341503, 18.109813746464955], [74.72034223320935, 18.109770536590386], [74.72041667300368, 18.109727327558947], [74.7204911118997, 18.10968411851687], [74.72056555169405, 18.10964090861036], [74.7206399914884, 18.10959769954695], [74.72071443128272, 18.1095544896191], [74.72078887017872, 18.10951128053437], [74.72086330997307, 18.109468071439025], [74.7209377497674, 18.109424861479205], [74.72101218956172, 18.109381651508716], [74.72108662845777, 18.109338442381386], [74.72116106825207, 18.109295233243387], [74.72123550804642, 18.109252024094737], [74.72130994784077, 18.109208814081637], [74.72138438673679, 18.109165604911652], [74.72145882653112, 18.109122394877243], [74.72153326632544, 18.10907918568595], [74.72161010911316, 18.10903898192615], [74.72168695100257, 18.108998779010918], [74.72176379379027, 18.10895857523262], [74.721840636578, 18.10891837229894], [74.72191747936574, 18.10887816850221], [74.72199432125512, 18.108837965550066], [74.72207116404283, 18.108797761734888], [74.72214800683055, 18.1087575587643], [74.7222248496183, 18.108717354930686], [74.72230169150767, 18.108677151941666], [74.72237853429539, 18.10863694808957], [74.72245537708314, 18.108596744228244], [74.72253221897252, 18.108556541211538], [74.72260906176024, 18.10851633733177], [74.72268590454799, 18.108476133442814], [74.72276274643735, 18.108435930398425], [74.72283958922507, 18.108395726490986], [74.72291643201282, 18.10835552257431], [74.7229932739022, 18.10831531950226], [74.72307011668991, 18.108275115567164], [74.72314695947767, 18.10823491162283], [74.72322380136706, 18.108194708523083], [74.72330064415476, 18.108154504560304], [74.72337748694248, 18.108114300588284], [74.72345432973022, 18.10807409660707], [74.7235311716196, 18.10803389347043], [74.72360801440732, 18.107993689470742], [74.72369017881479, 18.10796382527087], [74.72377234232395, 18.107933961919795], [74.72385450673141, 18.107904098563584], [74.72393667113886, 18.107874235202296], [74.72401883554632, 18.10784437098208], [74.72410099905547, 18.1078145076106], [74.72418316346291, 18.107784644234055], [74.72426532787041, 18.107754779998572], [74.72434749137956, 18.107724916611815], [74.724429655787, 18.10769505321999], [74.72451182019446, 18.107665188969257], [74.72459398370361, 18.107635325567244], [74.72467614811106, 18.10760546216013], [74.72475831251856, 18.10757559874794], [74.724840476926, 18.107545734476858], [74.72492264043515, 18.107515871054478], [74.72500480484261, 18.10748600762702], [74.72508696925006, 18.107456143340638], [74.72516913275922, 18.107426279902977], [74.72525129716668, 18.10739641646028], [74.72533220213613, 18.107365494267057], [74.72541310620721, 18.107334572068417], [74.72549401117668, 18.10730364901048], [74.72557491614609, 18.107272725947073], [74.72565581931889, 18.10724180373202], [74.72573672428834, 18.10721088151155], [74.72581762925776, 18.10717995928558], [74.72589853332889, 18.107149037054192], [74.72597943829831, 18.10711811481732], [74.72606034326776, 18.107087190867365], [74.72614124733889, 18.107056268619576], [74.72622215230831, 18.10702534636636], [74.72630305727772, 18.10699442410767], [74.72638396134886, 18.10696350184351], [74.72646486631831, 18.10693257957393], [74.72654577128773, 18.106901657298852], [74.72662667625714, 18.106870735018358], [74.7267075812266, 18.106839812732368], [74.72678848529773, 18.10680889044094], [74.72686939026714, 18.106777968144048], [74.72695029433827, 18.106747045841722], [74.72703119840939, 18.1067161235339], [74.72711210427711, 18.10668520036682], [74.72719300924658, 18.10665427804812], [74.72727391331769, 18.106623355723958], [74.72735481828713, 18.10659243339432], [74.72743572325653, 18.106561511059244], [74.72751662732766, 18.106530588718687], [74.72759753229712, 18.1064996663727], [74.72767843726653, 18.106468744021225], [74.72775934133766, 18.106437821664333], [74.72784024630708, 18.106406899301945], [74.72791963761526, 18.106371132292722], [74.72799902802515, 18.106335365276212], [74.72807841933333, 18.106299598252377], [74.72815780974317, 18.106263831221263], [74.72823720105134, 18.106228064182844], [74.72831659146124, 18.1061922971371], [74.72839598276941, 18.106156530084064], [74.72847537317926, 18.106120763023753], [74.72855476448744, 18.106084995956124], [74.7286341548973, 18.106049228881208], [74.72857891120228, 18.105988326646177], [74.72852366750725, 18.105927424390007], [74.7284684229139, 18.105866521258836], [74.72841317832058, 18.105805618106498], [74.72835793462555, 18.10574471578684], [74.72830269003221, 18.105683813446003], [74.72824744543884, 18.105622910230167], [74.72819220174385, 18.105562007847016], [74.72813695715048, 18.105501105442666], [74.72808171255714, 18.10544020301716], [74.72802646796382, 18.10537930057051], [74.72797122337045, 18.10531839810268], [74.72795433324649, 18.105235823516605], [74.72793744402084, 18.10515324889162], [74.72792055479516, 18.105070675081603], [74.7279036646712, 18.104988100378787], [74.72788677454724, 18.10490552563709], [74.72786988442326, 18.10482295085648], [74.72785299519758, 18.104740376890803], [74.72783610507364, 18.10465780203238], [74.72781921494966, 18.104575227135044], [74.7278073625778, 18.104498214118482], [74.72779550930763, 18.10442120106808], [74.72778365693577, 18.10434418798383], [74.72777180366559, 18.104267174865747], [74.72775995129373, 18.10419016171381], [74.72774809802355, 18.104113148528032], [74.72773624565168, 18.104036135308426], [74.72772439238152, 18.103959122054956], [74.72771254000968, 18.103882108767653], [74.72770068763782, 18.103805095446514], [74.72768359090132, 18.103726050795107], [74.72766649326653, 18.103647006108027], [74.7276493956317, 18.103567961385323], [74.72763229889522, 18.103488917480814], [74.72761520215876, 18.10340987268679], [74.72759810542226, 18.103330827857118], [74.72758100868577, 18.1032517829918], [74.72756391105095, 18.103172738090834], [74.7275468143145, 18.10309369315422], [74.72752971757801, 18.103014648181983], [74.72751262084151, 18.10293560317406], [74.72749552410502, 18.10285655898433], [74.72747842736852, 18.102777513905114], [74.72746133063204, 18.102698468790248], [74.72744423389554, 18.102619423639776], [74.72742713715908, 18.102540378453604], [74.72743253064401, 18.102457534449442], [74.7274379232307, 18.102374691260014], [74.72744331671564, 18.10229184717754], [74.72744870930231, 18.102209003909767], [74.72745410278725, 18.102126159748998], [74.72745949537392, 18.102043315549068], [74.72746488885888, 18.101960472163835], [74.72747028234383, 18.1018776278856], [74.72747567582881, 18.101794784422047], [74.72748106841546, 18.101711940065506], [74.72748646190043, 18.10162909566981], [74.7274918553854, 18.10154625208879], [74.72749724887038, 18.10146340761475], [74.7275026423553, 18.101380563955466], [74.72750803584029, 18.101297719403107], [74.72751542987339, 18.101219779365554], [74.72752282300817, 18.101141839293344], [74.72753021704128, 18.101063899186443], [74.7275376110744, 18.100985959044912], [74.7275450051075, 18.100908018014863], [74.72755239914062, 18.10083007780402], [74.72755979317368, 18.10075213755851], [74.72756718720679, 18.10067419727837], [74.72757458123989, 18.100596256963563], [74.72764184080017, 18.100651616107893], [74.72770909946213, 18.100706974380902], [74.7277763590224, 18.10076233349027], [74.72784361768436, 18.100817692582186], [74.72791087724464, 18.10087305165658], [74.72797813590658, 18.100928410713536], [74.72804539456853, 18.100983769752972], [74.72811265412881, 18.101039128774914], [74.72817991279075, 18.101094487779427], [74.728247172351, 18.101149846766397], [74.72831443191127, 18.101205205735933], [74.72838169057322, 18.101260563834117], [74.7284489501335, 18.10131592276863], [74.72851620879544, 18.101371280831852], [74.72858346835572, 18.101426639731407], [74.728650727916, 18.101481998613533], [74.72871798657795, 18.10153735747813], [74.72878524613819, 18.10159271632528], [74.72885250569847, 18.1016480751549], [74.72891976436041, 18.101703433113215], [74.7289870239207, 18.101758791907862], [74.72905428258265, 18.101814149831213], [74.72912154214292, 18.10186950859094], [74.7291888017032, 18.101924867333146], [74.72925606036513, 18.101980226057908], [74.72932331992541, 18.102035584765144], [74.72939057858737, 18.102090942601055], [74.72945783814761, 18.10214630127334], [74.72952509770789, 18.10220165992816], [74.72959235636984, 18.10225701771163], [74.72965961593012, 18.102312376331437], [74.72972687459206, 18.10236773493381], [74.72979413415234, 18.102423093518656], [74.72986139371261, 18.10247845208602], [74.72992865237457, 18.102533809782066], [74.72999591193481, 18.1025891683145], [74.7300631705968, 18.10264452682941], [74.73013043015703, 18.102699885326864], [74.73019768971731, 18.1027552438068], [74.73026494837926, 18.10281060141542], [74.73033220793954, 18.1028659598604], [74.73039946660148, 18.102921317434056], [74.73046672616175, 18.102976675844083], [74.730533985722, 18.10303203423661], [74.73060124438399, 18.103087392611624], [74.73066850394423, 18.103142750969212], [74.7307357635045, 18.10319810930927], [74.73080302216646, 18.103253466778007], [74.73087028172672, 18.103308825083143], [74.73093754038868, 18.10336418251692], [74.73100479994896, 18.10341954078703], [74.7310720595092, 18.10347489903966], [74.73113931817119, 18.10353025642098], [74.73120657773143, 18.10358561463868], [74.7312738363934, 18.103640972838853], [74.73134109595365, 18.103696331021588], [74.73140835551393, 18.103751689186776], [74.73147561417588, 18.10380704648067], [74.73154287373616, 18.1038624046109], [74.73161013239809, 18.10391776272369], [74.73167739195837, 18.103973120818946], [74.73174465151862, 18.10402847889676], [74.7318119101806, 18.10408383610323], [74.73187916974084, 18.10413919414603], [74.7319464284028, 18.104194551317512], [74.73201368796308, 18.104249909325354], [74.73208094752334, 18.10430526731573], [74.7321482061853, 18.104360625288585], [74.73221546574557, 18.104415983243996], [74.73228272440753, 18.10447134032803], [74.73234998396781, 18.104526698248456], [74.73241724352805, 18.104582056151365], [74.73248450218999, 18.104637413182978], [74.73255176175027, 18.104692771050953], [74.73261902131055, 18.104748128901406], [74.73268628087082, 18.104803486734383], [74.73275353953277, 18.104858843696036], [74.73282079819471, 18.104914201494065], [74.73288805775499, 18.104969559274572], [74.73295531731523, 18.105024917037625], [74.73302257597719, 18.105080273929335], [74.73308983553746, 18.10513563165739], [74.73315709509774, 18.10519098936795], [74.73322435465802, 18.10524634706106], [74.73329161331996, 18.10530170388282], [74.7333588728802, 18.105357061540914], [74.73342613244048, 18.105412419181565], [74.73349339110243, 18.10546777595085], [74.73356065066271, 18.105523133556517], [74.73362791022299, 18.105578491144666], [74.73369516888494, 18.105633847861505], [74.73376242844522, 18.10568920541472], [74.73382968710716, 18.10574456209659], [74.73389694666744, 18.10579991961479], [74.73396998059833, 18.105847715558948], [74.73404301452925, 18.10589551149003], [74.73411604846017, 18.105943307408122], [74.7341890823911, 18.105991103313137], [74.73426211632201, 18.10603889920515], [74.73433515115123, 18.106086695084134], [74.73440818508215, 18.10613449009621], [74.73448121901306, 18.106182285949078], [74.73455425294395, 18.106230081788954], [74.7346272877732, 18.10627787761574], [74.73470032170411, 18.106325672575682], [74.73477335563504, 18.10637346837645], [74.73484638956592, 18.106421264164165], [74.73491942439519, 18.106469059938814], [74.7349924583261, 18.106516854846607], [74.735065492257, 18.106564650595214], [74.73513852618791, 18.106612446330754], [74.73521156101715, 18.10666024205328], [74.73528459494804, 18.10670803690894], [74.73535762887896, 18.106755832605412], [74.73543066280988, 18.106803628288805], [74.73550369763909, 18.10685142395918], [74.73557673157, 18.106899218762695], [74.73564976550094, 18.106947014407005], [74.73572279943185, 18.106994810038234], [74.73579583426108, 18.107042605656492], [74.735868868192, 18.10709040040784], [74.73594190212292, 18.107138195999976], [74.73601493605383, 18.10718599157911], [74.73608797088305, 18.10723378714519], [74.73616100481398, 18.107281581844408], [74.7362340387449, 18.107329377384392], [74.73630707267581, 18.107377172911367], [74.73638010750503, 18.107424968425274], [74.73645314143594, 18.10747276307234], [74.73652617626517, 18.107520558560203], [74.73659921019609, 18.107568353181204], [74.736672244127, 18.107616148642986], [74.73674527895622, 18.107663944091705], [74.73681831288715, 18.107711738673583], [74.73689134681807, 18.10775953409626], [74.73696438164728, 18.10780732950591], [74.7370374155782, 18.107855124048665], [74.73696802162081, 18.107882861390454], [74.73689862676511, 18.10791059787404], [74.73682923280772, 18.107938335207038], [74.7367567684087, 18.107967350710194], [74.73668430400969, 18.107996367062352], [74.73661183961067, 18.10802538255589], [74.73653937521165, 18.108054398044608], [74.73645736621273, 18.108087331724207], [74.7363753572138, 18.108120265397595], [74.73629334821489, 18.108153199064816], [74.73621134011431, 18.108186132725827], [74.73612933111538, 18.108219066380656], [74.73604732211646, 18.108252000029264], [74.73596531311753, 18.10828493367171], [74.73589159556869, 18.10831465522853], [74.73581787801984, 18.10834437678026], [74.735744160471, 18.10837409832695], [74.73567044292216, 18.10840381986864], [74.73559672447499, 18.108433541405258], [74.73552300692614, 18.10846326293682], [74.7354492893773, 18.108492984463386], [74.73537557182846, 18.108522705984875], [74.73530438124051, 18.10855151220509], [74.73523319065256, 18.10858031927436], [74.73516200006459, 18.10860912548506], [74.73509081037498, 18.108637931691025], [74.735019619787, 18.108666737892285], [74.73494842919906, 18.108695544942623], [74.73487723861112, 18.10872435113438], [74.73480368096239, 18.108754221181346], [74.73473012421199, 18.108784092077027], [74.73465656656327, 18.108813962113814], [74.73458300891453, 18.10884383299929], [74.73450945126581, 18.108873703025903], [74.73443589451539, 18.10890357304739], [74.73436233686668, 18.10893344391761], [74.73428877921796, 18.108963313928903], [74.73420945618173, 18.108995652325824], [74.73413013314548, 18.109027989862952], [74.7340508101093, 18.109060328247917], [74.73397148707305, 18.109092665773098], [74.73389216313852, 18.10912500414614], [74.73381284010233, 18.109157341659387], [74.73373351706609, 18.109189680020496], [74.73365419402987, 18.109222017521812], [74.73357463922832, 18.109254616285376], [74.73349508352844, 18.109287215042873], [74.73341552872688, 18.109319812940463], [74.73333597302701, 18.109352411685833], [74.73325641822545, 18.109385010425136], [74.73317686342386, 18.10941760915837], [74.73309730772398, 18.109450207885537], [74.73301775292244, 18.109482805752847], [74.73293819722255, 18.109515404467892], [74.73285864242101, 18.109548003176876], [74.73277908761945, 18.10958060187977], [74.73269953191956, 18.109613200576618], [74.73261997711799, 18.109645798413563], [74.73254042141814, 18.109678397098275], [74.73246086661656, 18.10971099577693], [74.73238229277531, 18.109743250361923], [74.73230371893402, 18.109775504940973], [74.73222514509277, 18.109807759514137], [74.73214657125148, 18.10984001322749], [74.7320679974102, 18.10987226778873], [74.73198942356895, 18.109904522344028], [74.73191084972765, 18.109936776893424], [74.73183227498807, 18.109969031436854], [74.73175370114681, 18.110001285974356], [74.73167512730554, 18.11003354050589], [74.73159655346429, 18.110065794177718], [74.73151797962299, 18.110098048697395], [74.73143940578174, 18.11013030321113], [74.73136083194045, 18.110162557718926], [74.73128252130554, 18.110194727693276], [74.73120421067068, 18.110226897661736], [74.73112590003576, 18.11025906762429], [74.7310475902992, 18.11029123758092], [74.7309692796643, 18.110323407531695], [74.73089096902942, 18.110355577476504], [74.73081265839453, 18.110387747415423], [74.73073434775962, 18.110419918202226], [74.73065603712472, 18.110452088129364], [74.73057772648984, 18.110484258050562], [74.73049941585494, 18.110516427965845], [74.73042110611836, 18.11054859787522], [74.73034279548347, 18.110580767778696], [74.73026448484859, 18.11061293767624], [74.73018617421369, 18.110645107567912], [74.73010786357878, 18.11067727745365]], [[74.6841418403466, 18.10416212408877], [74.6842312838028, 18.10415788134518], [74.68431983792686, 18.104145194098205], [74.68440662326816, 18.104124190422432], [74.68449077744397, 18.10409507694482], [74.68457146322447, 18.10405814482186], [74.68464787931244, 18.104013759493466], [74.68471926663143, 18.103962362391112], [74.68478491461408, 18.103904465814864], [74.6848441710835, 18.103840643541538], [74.68489644854145, 18.103771529971088], [74.6849412259651, 18.103697813296144], [74.6849780586884, 18.103620224402363], [74.68500658019863, 18.103539535161012], [74.68502650842491, 18.103456548183022], [74.68503764394117, 18.10337208742689], [74.68503987625466, 18.10328699222189], [74.68503318380579, 18.10320210872966], [74.68501763306992, 18.103118280552014], [74.68499337765893, 18.103036340192233], [74.68496066011797, 18.102957103078197], [74.68491980384053, 18.102881355608325], [74.68487121666175, 18.102809850882046], [74.68481538007863, 18.10274330016116], [74.68475285014833, 18.102682364331013], [74.6846842467084, 18.102627648777073], [74.68461025337677, 18.102579698261685], [74.68453160497533, 18.102538988385067], [74.68444908214008, 18.102505923877487], [74.68436350593113, 18.102480834329597], [74.68427572705316, 18.102463967361548], [74.68418661777025, 18.102455492038228], [74.68409706292294, 18.102455492038228], [74.68400795364003, 18.102463967361548], [74.68392017476202, 18.102480834329597], [74.68383459855313, 18.102505923877487], [74.68375207571786, 18.102538988385067], [74.68367342731642, 18.102579698261685], [74.68359943398477, 18.102627648777073], [74.68353083054484, 18.102682364331013], [74.68346830061454, 18.10274330016116], [74.68341246403142, 18.102809850882046], [74.68336387685268, 18.102881355608325], [74.68332302057522, 18.102957103078197], [74.68329030303427, 18.103036340192233], [74.68326604762326, 18.103118280552014], [74.68325049688738, 18.10320210872966], [74.68324380443855, 18.10328699222189], [74.683246036752, 18.10337208742689], [74.68325717226828, 18.103456548183022], [74.68327710049452, 18.103539535161012], [74.68330562200481, 18.103620224402363], [74.68334245472809, 18.103697813296144], [74.68338723215174, 18.103771529971088], [74.6834395096097, 18.103840643541538], [74.6834987660791, 18.103904465814864], [74.68356441406175, 18.103962362391112], [74.68363580138073, 18.104013759493466], [74.6837122174687, 18.10405814482186], [74.68379290324921, 18.10409507694482], [74.68387705742504, 18.104124190422432], [74.68396384276629, 18.104145194098205], [74.68405239689041, 18.10415788134518], [74.6841418403466, 18.10416212408877]]]}}]}