{"type": "FeatureCollection", "features": [{"type": "Feature", "properties": {"premiumdata.sde.IN_Village_PCA.area": 16.95988995, "objectid": 50070, "id": "274914185619445", "name": "Shevate", "subdistrict": "Mahad", "district": "Raigad", "state": "Maharashtra", "country": "India", "censusname": "Shevate", "villagename_locallang": null, "lgd_villagename": "Shevate", "lgd_villagecode": 555008, "lgd_subdistrictcode": 4185, "lgd_districtcode": 491, "lgd_statecode": 27, "censuscode2001": "02987900", "censuscode2011": "555008", "censuscode2021": null, "level": "Village", "tru": "Rural", "no_hh": 35, "tot_p": 98, "tot_m": 45, "tot_f": 53, "per_tot_m": 45.91836735, "per_tot_f": 54.08163265, "p_06": 5, "m_06": 3, "f_06": 2, "per_p_06": 5.10204082, "per_m_06": 60.0, "per_f_06": 40.0, "p_sc": 1, "m_sc": 1, "f_sc": 0, "per_p_sc": 1.02040816, "per_m_sc": 100.0, "per_f_sc": 0.0, "p_st": 0, "m_st": 0, "f_st": 0, "per_p_st": 0.0, "per_m_st": 0.0, "per_f_st": 0.0, "p_lit": 50, "m_lit": 32, "f_lit": 18, "per_p_lit": 51.02040816, "per_m_lit": 64.0, "per_f_lit": 36.0, "p_ill": 48, "m_ill": 13, "f_ill": 35, "per_p_ill": 48.97959184, "per_m_ill": 27.08333333, "per_f_ill": 72.91666667, "tot_work_p": 27, "tot_work_m": 19, "tot_work_f": 8, "per_tot_work_p": 27.55102041, "per_tot_work_m": 70.37037037, "per_tot_work_f": 29.62962963, "mainwork_p": 24, "mainwork_m": 18, "mainwork_f": 6, "per_mainwork_p": 24.48979592, "per_mainwork_m": 75.0, "per_mainwork_f": 25.0, "main_cl_p": 10, "main_cl_m": 10, "main_cl_f": 0, "per_main_cl_p": 41.66666667000001, "per_main_cl_m": 100.0, "per_main_cl_f": 0.0, "main_al_p": 11, "main_al_m": 6, "main_al_f": 5, "per_main_al_p": 45.83333333, "per_main_al_m": 54.54545455, "per_main_al_f": 45.45454545, "main_hh_p": 0, "main_hh_m": 0, "main_hh_f": 0, "per_main_hh_p": 0.0, "per_main_hh_m": 0.0, "per_main_hh_f": 0.0, "main_ot_p": 3, "main_ot_m": 2, "main_ot_f": 1, "per_main_ot_p": 12.5, "per_main_ot_m": 66.66666667, "per_main_ot_f": 33.33333333, "margwork_p": 3, "margwork_m": 1, "margwork_f": 2, "per_margwork_p": 3.06122449, "per_margwork_m": 33.33333333, "per_margwork_f": 66.66666667, "marg_cl_p": 2, "marg_cl_m": 1, "marg_cl_f": 1, "per_marg_cl_p": 66.66666667, "per_marg_cl_m": 50.0, "per_marg_cl_f": 50.0, "marg_al_p": 1, "marg_al_m": 0, "marg_al_f": 1, "per_marg_al_p": 33.33333333, "per_marg_al_m": 0.0, "per_marg_al_f": 100.0, "marg_hh_p": 0, "marg_hh_m": 0, "marg_hh_f": 0, "per_marg_hh_p": 0.0, "per_marg_hh_m": 0.0, "per_marg_hh_f": 0.0, "marg_ot_p": 0, "marg_ot_m": 0, "marg_ot_f": 0, "per_marg_ot_p": 0.0, "per_marg_ot_m": 0.0, "per_marg_ot_f": 0.0, "margwork_3_6_p": 3, "margwork_3_6_m": 1, "margwork_3_6_f": 2, "per_margwork_3_6_p": 100.0, "per_margwork_3_6_m": 33.33333333, "per_margwork_3_6_f": 66.66666667, "marg_cl_3_6_p": 2, "marg_cl_3_6_m": 1, "marg_cl_3_6_f": 1, "per_marg_cl_3_6_p": 66.66666667, "per_marg_cl_3_6_m": 50.0, "per_marg_cl_3_6_f": 50.0, "marg_al_3_6_p": 1, "marg_al_3_6_m": 0, "marg_al_3_6_f": 1, "per_marg_al_3_6_p": 33.33333333, "per_marg_al_3_6_m": 0.0, "per_marg_al_3_6_f": 100.0, "marg_hh_3_6_p": 0, "marg_hh_3_6_m": 0, "marg_hh_3_6_f": 0, "per_marg_hh_3_6_p": 0.0, "per_marg_hh_3_6_m": 0.0, "per_marg_hh_3_6_f": 0.0, "marg_ot_3_6_p": 0, "marg_ot_3_6_m": 0, "marg_ot_3_6_f": 0, "per_marg_ot_3_6_p": 0.0, "per_marg_ot_3_6_m": 0.0, "per_marg_ot_3_6_f": 0.0, "margwork_0_3_p": 0, "margwork_0_3_m": 0, "margwork_0_3_f": 0, "per_margwork_0_3_p": 0.0, "per_margwork_0_3_m": 0.0, "per_margwork_0_3_f": 0.0, "marg_cl_0_3_p": 0, "marg_cl_0_3_m": 0, "marg_cl_0_3_f": 0, "per_marg_cl_0_3_p": 0.0, "per_marg_cl_0_3_m": 0.0, "per_marg_cl_0_3_f": 0.0, "marg_al_0_3_p": 0, "marg_al_0_3_m": 0, "marg_al_0_3_f": 0, "per_marg_al_0_3_p": 0.0, "per_marg_al_0_3_m": 0.0, "per_marg_al_0_3_f": 0.0, "marg_hh_0_3_p": 0, "marg_hh_0_3_m": 0, "marg_hh_0_3_f": 0, "per_marg_hh_0_3_p": 0.0, "per_marg_hh_0_3_m": 0.0, "per_marg_hh_0_3_f": 0.0, "marg_ot_0_3_p": 0, "marg_ot_0_3_m": 0, "marg_ot_0_3_f": 0, "per_marg_ot_0_3_p": 0.0, "per_marg_ot_0_3_m": 0.0, "per_marg_ot_0_3_f": 0.0, "non_work_p": 71, "non_work_m": 26, "non_work_f": 45, "per_non_work_p": 72.44897959, "per_non_work_m": 36.61971831, "per_non_work_f": 63.38028169, "per_hc_tot_tot": 100, "per_hc_tot_god": 25.7, "per_hc_tot_liv": 60.0, "per_hc_tot_dil": 14.3, "per_hc_res_tot": 97.1, "per_hc_res_god": 25.7, "per_hc_res_liv": 57.1, "per_hc_res_dil": 14.3, "per_hc_oth_tot": 2.9, "per_hc_oth_god": 0.0, "per_hc_oth_liv": 2.9, "per_hc_oth_dil": 0.0, "per_mt_grsbam": 0.0, "per_mt_plastic": 0.0, "per_mt_h_tiles": 0.0, "per_mt_m_tiles": 85.7, "per_mt_b_brick": 0.0, "per_mt_stone": 8.6, "per_mt_asbstos": 5.7, "per_mt_concrte": 0.0, "per_mt_oth": 0.0, "per_mw_grsbam": 0.0, "per_mw_plastic": 0.0, "per_mw_mud": 60.0, "per_mw_wood": 0.0, "per_mw_no_mrtr": 0.0, "per_mw_st_mrtr": 34.3, "per_mw_asbstos": 0.0, "per_mw_b_brick": 5.7, "per_mw_concrte": 0.0, "per_mw_oth": 0.0, "per_mf_mud": 77.1, "per_mf_wood": 0.0, "per_mf_b_brick": 0.0, "per_mf_stone": 0.0, "per_mf_cement": 2.9, "per_mf_fl_tile": 20.0, "per_mf_oth": 0.0, "per_dw_n_exrm": 5.7, "per_dw_1_room": 17.1, "per_dw_2_room": 31.4, "per_dw_3_room": 25.7, "per_dw_4_room": 17.1, "per_dw_5_room": 2.9, "per_dw_6_room": 0.0, "per_hhsize_1": 28.6, "per_hhsize_2": 37.1, "per_hhsize_3": 17.1, "per_hhsize_4": 2.9, "per_hhsize_5": 5.7, "per_hhsize_6_8": 8.6, "per_hhsize_9p": 0.0, "per_ow_owned": 74.3, "per_ow_rented": 8.6, "per_ow_oth": 17.1, "per_mc_none": 31.4, "per_mcouple_1": 65.7, "per_mcouple_2": 2.9, "per_mcouple_3": 0.0, "per_mcouple_4": 0.0, "per_mcouple_5p": 0.0, "per_dw_t_ts": 0.0, "per_dw_t_unts": 0.0, "per_dw_c_well": 0.0, "per_dw_unc_wel": 100.0, "per_dw_hpump": 0.0, "per_dw_tw_bore": 0.0, "per_dw_spring": 0.0, "per_dw_rivcan": 0.0, "per_dw_tank": 0.0, "per_dw_oth": 0.0, "per_loc_dw_wp": 0.0, "per_loc_dw_np": 0.0, "per_loc_dw_aw": 100.0, "per_light_elec": 88.6, "per_light_kero": 11.4, "per_light_solr": 0.0, "per_light_oil": 0.0, "per_light_oth": 0.0, "per_light_no": 0.0, "per_hh_latrine": 34.3, "per_fl_sewer": 0.0, "per_fl_septict": 34.3, "per_fl_othsys": 0.0, "per_pl_wslab": 0.0, "per_pl_without": 0.0, "per_ns_open": 0.0, "per_sl_ns_hum": 0.0, "per_sl_ns_anml": 0.0, "per_hh_no_lat": 65.7, "per_as_pub": 0.0, "per_as_open": 65.7, "per_hh_bathrm": 80.0, "per_hh_en_wrf": 14.3, "per_hh_no_btrm": 5.7, "per_wwoc_drain": 0.0, "per_wwoc_open": 0.0, "per_wwoc_nodrn": 100.0, "per_cook_fire": 94.3, "per_cook_resdu": 0.0, "per_cook_cwdng": 0.0, "per_cook_coal": 0.0, "per_cook_kero": 0.0, "per_cook_lpng": 5.7, "per_cook_elec": 0.0, "per_cook_biogs": 0.0, "per_cook_oth": 0.0, "per_cook_no": 0.0, "per_kf_inside": 94.3, "per_kf_in_has": 91.4, "per_kf_in_does": 2.9, "per_kf_outside": 5.7, "per_kf_out_has": 5.7, "per_kf_out_dos": 0.0, "per_kf_no_cook": 0.0, "per_hh_banking": 88.6, "per_hh_radio": 22.9, "per_hh_tv": 25.7, "per_hh_cmp_int": 0.0, "per_hh_cmp_wnt": 2.9, "per_hh_ph_ll": 20.0, "per_hh_ph_mob": 34.3, "per_hh_ph_bth": 14.3, "per_hh_bcycl": 0.0, "per_hh_2wheel": 2.9, "per_hh_4wheel": 2.9, "per_hh_tvcomp": 0.0, "per_hh_no_ast": 28.6, "per_hs_perma": 40.0, "per_hs_sperma": 60.0, "per_hs_temp": 0.0, "per_hs_servc": 0.0, "per_hs_nservc": 0.0, "per_hs_unclss": 0.0, "avghhsz_cy": 2.8, "st_areashape": 18888351.37017798, "st_lengthshape": 26860.737306063198}, "geometry": {"type": "Polygon", "coordinates": [[[73.5628342857531, 18.20387939004532], [73.56279569323016, 18.203954296714148], [73.56275710070726, 18.20402920335074], [73.56271850818432, 18.204104109955114], [73.5626799156614, 18.20417901652728], [73.56264132313848, 18.204253923067295], [73.56260273061557, 18.204328829575058], [73.56256413809264, 18.20440373605061], [73.56252554556973, 18.204478642493964], [73.5624869530468, 18.204553548905114], [73.56244836052389, 18.20462845528408], [73.56240976800096, 18.20470336163082], [73.56237117547805, 18.204778267945347], [73.56233258385345, 18.204853173374328], [73.56229399133049, 18.2049280804778], [73.56225539880761, 18.205002986695714], [73.56221680718299, 18.205077892881416], [73.56217821466005, 18.205152799034902], [73.5621391855559, 18.205228551678225], [73.56210015645178, 18.205304303435252], [73.56206112734762, 18.20538005601267], [73.56202209824345, 18.205455807703824], [73.56198306913933, 18.205531560215345], [73.56194404003516, 18.20560731184062], [73.56190501093101, 18.205683064286315], [73.56186598182688, 18.205758815845705], [73.56182695272273, 18.205834568225484], [73.56178792361855, 18.205910319719], [73.56174889451444, 18.205986072032914], [73.56170986541026, 18.206061823460512], [73.56167083630612, 18.206137575708567], [73.56163180720196, 18.206213327070316], [73.56159277809783, 18.206289079252446], [73.56155374899367, 18.206364830548317], [73.5615147198895, 18.206440582664598], [73.56147569078539, 18.20651633389458], [73.56143666168121, 18.206592085944944], [73.56140456936771, 18.206670155638587], [73.56137247705418, 18.206748224443896], [73.56134038384234, 18.206826294067554], [73.5613082915288, 18.20690436280288], [73.56127933433564, 18.20697480264154], [73.56125037714243, 18.2070452415984], [73.56122141905092, 18.20711568138008], [73.56119246185776, 18.207186120279932], [73.56116350466459, 18.20725656000468], [73.56113098565129, 18.20733566108671], [73.561098466638, 18.207414762132874], [73.56106594762471, 18.2074938631431], [73.56103342861144, 18.207572964117396], [73.56100090959815, 18.207652065055793], [73.56096839058485, 18.207731165958247], [73.5609358715716, 18.2078102668248], [73.5609033525583, 18.207889367655415], [73.56087083354501, 18.207968468450126], [73.56083831453172, 18.208047569208908], [73.56080579551845, 18.208126669931765], [73.56077327560682, 18.208205771472024], [73.56074075659356, 18.208284872123038], [73.56070823758026, 18.208363972738123], [73.56067571856697, 18.20844307331731], [73.56064319955371, 18.20852217386055], [73.56061068054042, 18.20860127436788], [73.56057816152713, 18.208680374839282], [73.56054564251383, 18.208759475274768], [73.56051312350057, 18.208838575674328], [73.56048060448727, 18.20891767603797], [73.56044808457567, 18.208996776365673], [73.56041556556238, 18.209075876657476], [73.56038711771397, 18.20914542559519], [73.56035866986556, 18.209214974505144], [73.56033022111882, 18.209284523387314], [73.5603017732704, 18.20935407224171], [73.56027332452369, 18.209423621068332], [73.56024487667527, 18.209493169867198], [73.56021654201454, 18.209562442160138], [73.56018820645554, 18.209631714425534], [73.56015987179485, 18.209700985810056], [73.56013153623584, 18.209770258020356], [73.56010320157516, 18.20983953020311], [73.56007217646018, 18.209917391083028], [73.56004115224356, 18.209995251928166], [73.5600101280269, 18.210073111885166], [73.55997910291191, 18.21015097266069], [73.55994807779696, 18.210228833401402], [73.55991705358029, 18.21030669410728], [73.55988602936364, 18.210384553925078], [73.55985500424869, 18.210462414561327], [73.55982397913372, 18.21054027516281], [73.55979295491707, 18.210618135729472], [73.55976193070042, 18.210695995408006], [73.55973090558545, 18.210773855905064], [73.55970462716843, 18.210850865605973], [73.55967834785311, 18.210927876126217], [73.55965206943611, 18.211004885759046], [73.5596257910191, 18.211081895357808], [73.55959951170378, 18.21115890577588], [73.55957323328678, 18.21123591530651], [73.55954695486976, 18.211312924803153], [73.55952067555444, 18.211389935119012], [73.55949439713744, 18.211466944547535], [73.55946811782212, 18.211543953942005], [73.55944183940512, 18.211620963302412], [73.5594155600898, 18.21169797348207], [73.55938928167278, 18.21177498277438], [73.55936300235746, 18.211851992032617], [73.55933672304214, 18.211929002110114], [73.55931044462514, 18.21200601130025], [73.55928734444761, 18.212084659674872], [73.55926424427005, 18.212163308867268], [73.55924114409252, 18.21224195717085], [73.559218043915, 18.21232060629219], [73.55919494373748, 18.212399254524733], [73.55917184355994, 18.212477902721744], [73.55914874338241, 18.212556551736537], [73.5591256432049, 18.212635199862504], [73.55910254302736, 18.212713847952966], [73.55907944284984, 18.212792496861184], [73.5590563426723, 18.21287114488059], [73.55903324249475, 18.212949793717808], [73.55901014231722, 18.213028441666175], [73.55898704213969, 18.21310708957898], [73.55896394196216, 18.213185738309637], [73.55894084268296, 18.21326438615143], [73.55891774250541, 18.213343033957713], [73.55889464232787, 18.213421682581743], [73.55887154215034, 18.213500330316986], [73.55884844197281, 18.21357897886999], [73.55882534269362, 18.21365762653418], [73.55881487821887, 18.213681375787115], [73.55878577639693, 18.213747414940272], [73.55873265182765, 18.213805229044457], [73.55869937014468, 18.213813721153382], [73.55861544414095, 18.213820332573903], [73.55855715336047, 18.21382489520484], [73.55854773811798, 18.21382475867578], [73.55852431454694, 18.213810798577754], [73.55851343235561, 18.213800014486626], [73.55847318513591, 18.213760113855606], [73.55843517741624, 18.213683347780496], [73.5583971696966, 18.21360658252487], [73.5583591619769, 18.213529816382064], [73.55832115425724, 18.213453050205427], [73.55828314653758, 18.213376284848266], [73.5582451388179, 18.213299518603947], [73.55824511636003, 18.213299466552083], [73.55821761264096, 18.213223624408247], [73.55819010982023, 18.213147782231356], [73.55816260610115, 18.21307194002144], [73.55813510238212, 18.212996097778483], [73.55810759956138, 18.21292025635583], [73.55808009674067, 18.21284441404682], [73.5580525930216, 18.21276857170477], [73.55802508930253, 18.212692729329707], [73.5579975855835, 18.21261688692159], [73.55797871647093, 18.212541182717175], [73.55795984825671, 18.21246547933314], [73.55794097914415, 18.212389775062864], [73.55792211003163, 18.212314070759685], [73.5579032409191, 18.21223836642361], [73.55788437180654, 18.212162662907936], [73.55786550269399, 18.21208695850602], [73.55785229386608, 18.21203396335716], [73.55783908503811, 18.211980968192147], [73.55783913983535, 18.21190537464237], [73.55783919553089, 18.211829780206454], [73.55783925032812, 18.21175418659101], [73.55783930602368, 18.211678592089456], [73.55783936082094, 18.211602998408388], [73.55783941561815, 18.211527403841206], [73.55783947041537, 18.211451810094516], [73.55784697943284, 18.21138691181112], [73.55785448755199, 18.211322013503537], [73.55786199656946, 18.211257115171787], [73.5578695046886, 18.211192216815835], [73.55787830548343, 18.2111162431963], [73.55788710627826, 18.211040269543563], [73.55789590707309, 18.21096429585775], [73.55793171481866, 18.210899550990455], [73.5579675225642, 18.21083480524579], [73.55800892232236, 18.21075998516125], [73.55805032208056, 18.210685164191272], [73.55809172183874, 18.21061034404245], [73.55813312069859, 18.210537639248717], [73.55817451866017, 18.210464935277944], [73.55821591752003, 18.210392230423512], [73.55825731637991, 18.210319525538736], [73.55829871434145, 18.21024682147691], [73.55834011320131, 18.210174116531427], [73.55838151206119, 18.2101014115556], [73.55842291092105, 18.21002870654938], [73.55846430888259, 18.209956002366184], [73.55850570774247, 18.209883297299264], [73.55854710660233, 18.209810592202015], [73.5585885045639, 18.20973788792778], [73.55862990342378, 18.209665182769808], [73.55866446340937, 18.209588468649223], [73.55869902339498, 18.209511753641515], [73.5587335833806, 18.209435039453346], [73.55876814336621, 18.20935832437806], [73.5588027033518, 18.209281610122286], [73.55883726333744, 18.209204894979404], [73.55887182332305, 18.20912818065609], [73.55890638330864, 18.20905146544564], [73.55894094329427, 18.208974751054708], [73.55897550327988, 18.20889803577669], [73.55901006326548, 18.208821321318215], [73.55903414530162, 18.208739971528722], [73.55905822643946, 18.20865862170124], [73.55908230847557, 18.208577271835733], [73.5591063896134, 18.208495921932276], [73.55913047164951, 18.2084145719908], [73.55915455368569, 18.208333222011355], [73.5591786348235, 18.20825187284722], [73.55920271685963, 18.208170522791782], [73.55922679799745, 18.208089172698344], [73.5592508800336, 18.208007822566902], [73.55927496206972, 18.207926472397485], [73.55929904410586, 18.20784512219007], [73.559323126142, 18.20776377194465], [73.55932313692178, 18.20776373269115], [73.55933803009088, 18.20770493865753], [73.55933844331591, 18.20770330793115], [73.55935887639535, 18.207622638582492], [73.5593793085765, 18.207541970049824], [73.55939974075766, 18.207461300626434], [73.55942017293877, 18.207380632019046], [73.55944060511992, 18.207299962520953], [73.55942692377812, 18.20722194516325], [73.55941324153802, 18.207143927770613], [73.55939956019627, 18.20706591119637], [73.55938587795617, 18.20698789373385], [73.55937219661439, 18.206909876236395], [73.55934362929005, 18.206834503207578], [73.55931506286403, 18.206759130146168], [73.55928649553967, 18.206683757052126], [73.55925792911363, 18.206608383925463], [73.55922936178926, 18.206533009912867], [73.55920079446493, 18.206457636720977], [73.5591722280389, 18.206382263496494], [73.55914366071454, 18.20630689023939], [73.55911509339018, 18.206231516949682], [73.5590703851368, 18.20616699389931], [73.55902567688342, 18.20610246997168], [73.55898096863004, 18.206037946873536], [73.55893626037668, 18.205973423751463], [73.55889155212333, 18.205908900605483], [73.55884684386996, 18.205844376582245], [73.55880213561657, 18.20577985338848], [73.55875742736319, 18.205715330170815], [73.55871271910982, 18.205650806075923], [73.55866801085645, 18.205586282810458], [73.55861718238104, 18.205520456459666], [73.55856635300732, 18.20545462923066], [73.55851552363357, 18.205388802830086], [73.55846469425984, 18.205322975551347], [73.55841386578444, 18.20525714910107], [73.55836303641075, 18.205191321772535], [73.55831220793534, 18.2051254952725], [73.55826137856161, 18.20505966789426], [73.55821054918788, 18.204993840491127], [73.55815971981416, 18.204928013916472], [73.55810889044045, 18.204862187316948], [73.55806270266179, 18.204816795032553], [73.55801651398484, 18.204771401882965], [73.55795429487164, 18.204710253296394], [73.5578920757584, 18.204649104688365], [73.5578298557469, 18.20458795520555], [73.55776763663368, 18.20452680655457], [73.55770541752048, 18.204465657882146], [73.55764319840725, 18.204404509188276], [73.55758097929404, 18.204343359619603], [73.55751876018086, 18.20428221088281], [73.55746065894489, 18.204225441535876], [73.55740255681066, 18.204168672170468], [73.55734445557468, 18.20411190363989], [73.55728635344042, 18.204055134237464], [73.55722825220448, 18.203998364816563], [73.55717015007022, 18.20394159537715], [73.55712856076754, 18.203886588951462], [73.55708697146481, 18.203831581655052], [73.55707232892568, 18.20377104203476], [73.55705768638653, 18.203710503246803], [73.55704304384741, 18.20364996358446], [73.55704979828002, 18.203585158823557], [73.55705795318616, 18.203506952917014], [73.55706610809233, 18.203428746122004], [73.55705481537092, 18.203357701525448], [73.55704352175113, 18.203286656046593], [73.55703222902972, 18.203215611392114], [73.55702343362478, 18.20320119987038], [73.55698879009584, 18.203144432731285], [73.55695414656691, 18.20308766472035], [73.5568953248821, 18.203027851050592], [73.5568365031973, 18.202968038213644], [73.55677768151249, 18.202908224502835], [73.55670345372056, 18.202867318678248], [73.55662922592863, 18.2028264119907], [73.55655753408074, 18.202786892858146], [73.55649390730748, 18.202763953665908], [73.55643027963592, 18.20274101361729], [73.55636665286266, 18.20271807441902], [73.55630302519108, 18.202695134364372], [73.55622844525956, 18.20266824580379], [73.55618394182208, 18.20265175032818], [73.5561394374863, 18.202635254851028], [73.55606882631167, 18.202609083104978], [73.5559982151371, 18.202582911354998], [73.55595514541079, 18.202566467926392], [73.55590853991554, 18.20254867533103], [73.55586193442029, 18.20253088188049], [73.5558222163083, 18.202503035822204], [73.55578249819632, 18.202475189759504], [73.55571571653981, 18.202419796297622], [73.55564893398495, 18.202364401964743], [73.5555821523284, 18.20230900846765], [73.55554075526516, 18.20224498830236], [73.55549935820194, 18.20218096726017], [73.5554579611387, 18.20211694704781], [73.55541656407546, 18.202052925958572], [73.55537516701222, 18.201988905699203], [73.55535937013792, 18.20192191997291], [73.555343574162, 18.201854934220908], [73.5553277772877, 18.20178794758976], [73.55531198041345, 18.201720961786258], [73.55531196783703, 18.201720907170827], [73.55529752202894, 18.201659615854844], [73.55528307532255, 18.20159832366395], [73.55527891971605, 18.2015159404876], [73.55527476321124, 18.201433556418962], [73.5552706067064, 18.201351173164724], [73.5552664502016, 18.20126878901819], [73.55526229369677, 18.20118640568604], [73.55527315253191, 18.20111197230048], [73.55528401046877, 18.201037539736443], [73.55529486840561, 18.200963106287258], [73.55530572634243, 18.200888673659662], [73.55531658427927, 18.20081424014689], [73.55532744221613, 18.200739806602325], [73.55533830015294, 18.20066537387934], [73.5553491580898, 18.2005909402712], [73.55537769576975, 18.200513714398426], [73.55540623255138, 18.20043648934482], [73.5554347702313, 18.200359263403573], [73.55546330791127, 18.20028203742814], [73.55549184559122, 18.200204811418473], [73.55552038237285, 18.20012758622799], [73.55554892005277, 18.200050360149874], [73.55557745773272, 18.19997313403754], [73.55560599541269, 18.19989590789099], [73.55563453309261, 18.199818682563578], [73.55566307077258, 18.199741456348576], [73.5556874034387, 18.19966217004955], [73.55571173520646, 18.19958288456779], [73.55573606697425, 18.199503598196618], [73.55576039874204, 18.199424311789368], [73.55578473050981, 18.199345026199417], [73.5558090622776, 18.19926573972002], [73.55583339404537, 18.199186454057944], [73.55585772581315, 18.199107167506373], [73.55588205758094, 18.199027880918774], [73.55590638934876, 18.198948595148483], [73.55593072111654, 18.19886930848871], [73.55595505288431, 18.19879002179288], [73.5559793846521, 18.19871073591439], [73.55600371641988, 18.198631449146426], [73.55602804818767, 18.19855216319576], [73.55605237995545, 18.198472876355662], [73.55607671172322, 18.198393589479494], [73.55610104349104, 18.198314303420602], [73.55612537525883, 18.198235016472303], [73.5561497070266, 18.19815572948792], [73.55617403879438, 18.19807644332084], [73.55619837056217, 18.197997156264307], [73.55622270232995, 18.197917869171725], [73.55624703409774, 18.197838582896427], [73.55627136586551, 18.197759295731696], [73.55629569763333, 18.19768000938429], [73.5563200294011, 18.197600722147396], [73.5563443611689, 18.197521434874464], [73.55636869293667, 18.197442148418855], [73.55639302470445, 18.19736286107376], [73.55640870389944, 18.19731176791367], [73.55642230888441, 18.197228127377226], [73.5564359147677, 18.197144485947234], [73.55644951975268, 18.197060845330522], [73.55646312473765, 18.196977203820268], [73.55647672972262, 18.19689356312324], [73.5564903347076, 18.196809921532733], [73.55650393969259, 18.19672628075543], [73.55651754467756, 18.196642639084658], [73.55653114966253, 18.19655899822709], [73.55654475464753, 18.19647535647603], [73.55655835963252, 18.196391715538184], [73.55650403581232, 18.19644939288586], [73.55644971109383, 18.196507071067845], [73.55639538727365, 18.19656474837734], [73.55634106345347, 18.196622425667755], [73.55628673963331, 18.196680102939048], [73.5562324149148, 18.19673778104469], [73.55617809109462, 18.19679545827784], [73.55612668590082, 18.196850036833442], [73.55607528070698, 18.19690461451854], [73.55602387551319, 18.196959193039948], [73.55597247121767, 18.197013770690873], [73.55592106602387, 18.197068349178107], [73.5558638640015, 18.197132810740175], [73.55580666197915, 18.197197272278455], [73.5557494599568, 18.197261733792867], [73.55569225793447, 18.197326195283434], [73.55563505591212, 18.197390656750162], [73.55557785388979, 18.197455118193076], [73.55552065186741, 18.197519579612095], [73.55546344984508, 18.197584041007325], [73.55540624872106, 18.197648502378687], [73.55534904669868, 18.197712963726183], [73.55529184467635, 18.19777742504989], [73.555234642654, 18.197841886349714], [73.55517744063165, 18.197906347625736], [73.55512023860932, 18.197970809731284], [73.55506303658697, 18.198035270959586], [73.55500583456461, 18.19809973216407], [73.55494863254226, 18.198164193344702], [73.55489143051993, 18.19822865450148], [73.55483422849758, 18.198293115634453], [73.55477702647524, 18.198357576743547], [73.5547198244529, 18.198422037828838], [73.55466262332885, 18.198486498890237], [73.55460542130652, 18.198550959927843], [73.55454821928419, 18.19861542094157], [73.5544910172618, 18.198679881931497], [73.55443381523946, 18.19874434289754], [73.55437661321712, 18.198808803839746], [73.55437400630618, 18.198811740321155], [73.55431658329825, 18.198876447865235], [73.55425916029036, 18.198941156238693], [73.55420173728245, 18.199005864588063], [73.55414431427452, 18.199070572060073], [73.55408689126664, 18.199135279508088], [73.55402946736042, 18.199199987785402], [73.55397204435249, 18.199264695185327], [73.55391462044629, 18.199329403414616], [73.55385719743836, 18.199394110766487], [73.5537942991988, 18.199452695967178], [73.55373140006093, 18.199511281148173], [73.55366850182136, 18.19956986630947], [73.5536056035818, 18.19962845145109], [73.55354270534227, 18.199687036572993], [73.55347980620436, 18.19974562167521], [73.55341690796479, 18.199804206757733], [73.55335382467229, 18.19986296164221], [73.55329074137977, 18.199921716506854], [73.55322765808728, 18.199980471351726], [73.55316457479474, 18.200039226176738], [73.55310149150223, 18.200097980981994], [73.55303840820972, 18.2001567357674], [73.55297532491723, 18.200215490533015], [73.55291224162472, 18.20027424527883], [73.55284915833218, 18.200333000004804], [73.55278607503966, 18.200391754711003], [73.5527229926455, 18.200450509397356], [73.55265990935295, 18.200509264917283], [73.55259682695879, 18.200568019564045], [73.55253374366625, 18.200626775044366], [73.55247066127207, 18.200685529651498], [73.55240757797957, 18.20074428509219], [73.5523388550637, 18.20079746800373], [73.55227013304614, 18.200850650045687], [73.55220141013028, 18.200903832924777], [73.5521326872144, 18.20095701493426], [73.55206396429855, 18.20101019778088], [73.551995242281, 18.201063379757915], [73.55192651936511, 18.20111656257207], [73.55185779644927, 18.201169744516637], [73.55178907353339, 18.201222927298335], [73.55172035151583, 18.201276109210447], [73.55165162859998, 18.201329291959706], [73.55164754665535, 18.201332451981006], [73.55158364050602, 18.201381903789756], [73.55151973345838, 18.201431355584447], [73.55145582641077, 18.201480807365115], [73.55139192026145, 18.201530259131754], [73.55132801411214, 18.20157971088435], [73.55126410796284, 18.201629162622908], [73.55120020181353, 18.201678614347436], [73.55113629476587, 18.20172806691129], [73.55107238861656, 18.201777518607752], [73.55100848246725, 18.20182697029017], [73.55094457541963, 18.20187642281195], [73.55088066927033, 18.2019258744663], [73.55080973021064, 18.20197781025136], [73.55073879025267, 18.202029746020926], [73.550667851193, 18.20208168092168], [73.5505969121333, 18.20213361666029], [73.55052597217532, 18.202185552383433], [73.55045503311567, 18.202237488091118], [73.55038409405599, 18.202289422929912], [73.55031315409799, 18.202341358606606], [73.55024221503834, 18.202393294267853], [73.55017127508036, 18.202445229913593], [73.55010033602068, 18.20249716469047], [73.55002939696101, 18.20254910030527], [73.54995845700303, 18.20260103590456], [73.54988751794333, 18.202652971488384], [73.54981657888368, 18.202704906203365], [73.54974563892569, 18.20275684175622], [73.549674699866, 18.20280877729359], [73.54960376080635, 18.202860712815482], [73.54953282174667, 18.202912648321927], [73.54946188268701, 18.20296458381285], [73.54939094272902, 18.2030165192883], [73.54932000277104, 18.20306845474826], [73.54924906460967, 18.203120389339418], [73.54917812465169, 18.20317232476842], [73.5491071846937, 18.203224260181944], [73.54903624563401, 18.20327619472665], [73.54896530567603, 18.20332813010922], [73.54889436661638, 18.203380064622962], [73.54881582601274, 18.20342012464973], [73.54873728540916, 18.20346018466727], [73.54865874480554, 18.203500244675627], [73.54858020420193, 18.203540304674775], [73.54850166449663, 18.203580364664674], [73.54842312389304, 18.203620424645397], [73.54834458328945, 18.20366048461691], [73.54826604268582, 18.20370054457919], [73.54818750208221, 18.20374060453227], [73.5481204697957, 18.203774791680758], [73.5480534366109, 18.203808978822515], [73.54799283716014, 18.203833739791488], [73.54791497927617, 18.203865546059895], [73.54783712139216, 18.203897352322524], [73.54775926350818, 18.203929158579328], [73.5476814065225, 18.203960964830344], [73.54760354863849, 18.203992771075555], [73.54752569075454, 18.204024577314943], [73.54744783287055, 18.20405638354853], [73.54737066758764, 18.204087551467218], [73.54729350320302, 18.20411871852698], [73.54721633792012, 18.204149886434553], [73.54713917353554, 18.204181054336498], [73.54706200825264, 18.204212222232915], [73.54698484386803, 18.204243389270385], [73.54690767858513, 18.204274557155603], [73.54683051420055, 18.204305725035287], [73.54675334891765, 18.20433689290936], [73.54667618453306, 18.204368059924533], [73.54659901925015, 18.204399227787487], [73.5465363384029, 18.20442225636644], [73.5464736566573, 18.204445285795718], [73.54641097581002, 18.204468314368615], [73.54633028823291, 18.20449795897961], [73.54624959975745, 18.20452760358558], [73.54616891218032, 18.20455724818651], [73.54608822460317, 18.204586892782366], [73.54600753702604, 18.204616536519826], [73.5459268485506, 18.20464618110563], [73.54584616097345, 18.204675825686344], [73.5457669295654, 18.20470066077368], [73.54568769725904, 18.204725495857463], [73.54560846585099, 18.204750330937685], [73.54552923354458, 18.204775166014397], [73.54544937960405, 18.2048001913848], [73.54536952476519, 18.20482521760496], [73.54528967082464, 18.204850242968174], [73.54520981598576, 18.204875268327804], [73.54512996204521, 18.204900293683842], [73.54505010720634, 18.20492531988964], [73.54497025326577, 18.204950345238466], [73.54488997711705, 18.204975569414263], [73.54480970096832, 18.205000793586446], [73.54472942571792, 18.205026017754925], [73.54464914956917, 18.205051242773123], [73.54456887342045, 18.205076466934315], [73.54449360717604, 18.205100116662162], [73.54441834182997, 18.2051237663868], [73.54434307558556, 18.205147416961566], [73.54426781023948, 18.20517106667978], [73.54419254399511, 18.205194716394793], [73.544117278649, 18.20521836610657], [73.54404201240462, 18.205242016668524], [73.54397092152965, 18.20528376845729], [73.5438998306547, 18.20532552023609], [73.54382873977976, 18.205367272004853], [73.54375764890479, 18.20540902376363], [73.54368655802983, 18.205450775512418], [73.5436154671549, 18.20549252639783], [73.54354437627994, 18.205534278126567], [73.54347328540497, 18.20557602984532], [73.54340219453003, 18.205617780700717], [73.54333110365508, 18.20565953239943], [73.54326001278011, 18.20570128408817], [73.54318892190514, 18.205743034913546], [73.54311783103022, 18.205784786582274], [73.54304674015523, 18.205826538240963], [73.54304670601925, 18.205826559574625], [73.542985153456, 18.20586860818761], [73.54292359999442, 18.205910657643784], [73.54286204743114, 18.205952706236502], [73.5427901345977, 18.206001831609417], [73.54271822176425, 18.20605095696849], [73.54264630803252, 18.206100083167012], [73.54257439519908, 18.2061492084984], [73.542511754776, 18.206191999442876], [73.54244911435293, 18.206234790376826], [73.54238647392984, 18.20627758130027], [73.54232383350676, 18.20632037306656], [73.54226119308369, 18.206363163968973], [73.54219855266062, 18.20640595486088], [73.54213591223753, 18.20644874574228], [73.5420850101003, 18.206507058914703], [73.54203410886132, 18.20656537206764], [73.54198320672407, 18.20662368520106], [73.5419323045868, 18.206681998314913], [73.54188140244956, 18.206740312262607], [73.5418305012106, 18.206798625337452], [73.54177959997168, 18.206856938392757], [73.54172825676159, 18.206915757459505], [73.54167691355153, 18.20697457650638], [73.54162557034148, 18.207033395533408], [73.54157422713142, 18.207092214540552], [73.54152288392135, 18.20715103352785], [73.54147154071127, 18.207209851641956], [73.5414201966029, 18.20726867058952], [73.54136353446805, 18.207319527015272], [73.54130687143486, 18.207370384279535], [73.54130666033079, 18.207370574573964], [73.5412447825774, 18.207426106409173], [73.54118290482398, 18.207481637373338], [73.54112102617225, 18.20753716917311], [73.54105914841885, 18.20759270010186], [73.5409981132852, 18.2076312240066], [73.54093707815154, 18.20766974704952], [73.54087604211956, 18.207708270937225], [73.5408150069859, 18.207746793963068], [73.54081496925666, 18.207746834069887], [73.54076856767895, 18.20769625424999], [73.54072216520294, 18.207645673562055], [73.54069119578355, 18.207566173258865], [73.54066022546581, 18.207486672066096], [73.54062925604637, 18.207407171690324], [73.54060282671242, 18.207339314228737], [73.5405763964801, 18.207271456740703], [73.54054996714613, 18.207203599226244], [73.54052353691387, 18.207135741685335], [73.54049965699866, 18.20705556615761], [73.54047577798178, 18.206975390592977], [73.54045189806658, 18.20689521499145], [73.5404280190497, 18.206815040206358], [73.54040413913448, 18.20673486453102], [73.54038026011762, 18.206654688818784], [73.5403563802024, 18.20657451306964], [73.54033250028722, 18.20649433728363], [73.54030862127036, 18.206414161460685], [73.54028474135514, 18.206333985600846], [73.54026086233826, 18.206253810557456], [73.54023698242305, 18.206173634623816], [73.54021310250785, 18.20609345865327], [73.54018922259267, 18.206013282645817], [73.54016534267745, 18.20593310660148], [73.54014146276226, 18.205852930520237], [73.54011758284707, 18.205772754402126], [73.54009370293187, 18.20569257824708], [73.54006982391499, 18.205612402908447], [73.54004594399979, 18.205532226679637], [73.54002206408458, 18.205452050413896], [73.5399981841694, 18.205371874111247], [73.53997856226864, 18.2052910338666], [73.5399589412662, 18.205210194437754], [73.53993931936547, 18.205129354118036], [73.5399196974647, 18.205048514614205], [73.53990007556396, 18.20496767421946], [73.5398804536632, 18.20488683378724], [73.53986083176247, 18.20480599417084], [73.5398412098617, 18.204725153663606], [73.53982158796093, 18.20464431397219], [73.5398019660602, 18.204563473389907], [73.53978234415943, 18.204482632770105], [73.5397627222587, 18.204401792966184], [73.53974310035792, 18.20432095227135], [73.5397234784572, 18.204240112392416], [73.53970385655644, 18.204159271622558], [73.5396972772953, 18.204077318894385], [73.53969069893249, 18.203995366981008], [73.53968412056963, 18.203913414175727], [73.53967754130849, 18.203831461331895], [73.53967096294569, 18.203749509302884], [73.53966438368455, 18.20366755638196], [73.5396578044234, 18.203585603422496], [73.53965122516226, 18.203503651277813], [73.53964464590112, 18.203421698241254], [73.53963806663997, 18.20333974516611], [73.53963148737883, 18.203257792905834], [73.53962490811769, 18.20317583975363], [73.53961832885655, 18.20309388656283], [73.53961174959541, 18.203011934186907], [73.53960517033427, 18.202929980919034], [73.53959859107313, 18.202848027612635], [73.53959201181199, 18.202766075121033], [73.53958543255085, 18.20268412173754], [73.53957885328971, 18.202602168315508], [73.53957227402856, 18.20252021570826], [73.53956569476742, 18.202438262209135], [73.53956568758092, 18.20243822124774], [73.53954274550686, 18.202365303115894], [73.53951980343282, 18.202292384953566], [73.53951908298396, 18.202290095380125], [73.53949632955614, 18.202217768567248], [73.5394735761283, 18.202145442577716], [73.53945082270049, 18.202073115704817], [73.53942806927263, 18.202000788801843], [73.53940531584482, 18.201928462722275], [73.53938256241696, 18.20185613575928], [73.53936381367869, 18.201777692694368], [73.53934506494039, 18.201699250447472], [73.53932631620211, 18.201620807311944], [73.5393075674638, 18.201542364141073], [73.5392888187255, 18.201463921788264], [73.53927006998721, 18.201385478546758], [73.53925132124893, 18.201307036123332], [73.53923257251064, 18.20122859281124], [73.53921382377231, 18.2011501494638], [73.53919507503403, 18.20107170693443], [73.53917632629575, 18.200993263516366], [73.53917233148768, 18.200911783772742], [73.53916833757792, 18.20083030399107], [73.53916434276987, 18.20074882331787], [73.53916034796177, 18.200667343459962], [73.5391563531537, 18.200585863563937], [73.53915235834565, 18.200504383629838], [73.53914836353756, 18.200422902804277], [73.5391443687295, 18.200341422793972], [73.53914037392144, 18.20025994274556], [73.53913637911337, 18.20017846265906], [73.53913238430529, 18.200096981681114], [73.53912838949724, 18.200015501518408], [73.53912838680228, 18.200015457996308], [73.53911952132874, 18.19994932915297], [73.5391106549569, 18.199883200284525], [73.53910178948334, 18.199817070537605], [73.53909292400982, 18.19975094161898], [73.53909289346709, 18.199750717181207], [73.5390825322986, 18.19967340901197], [73.5390721702318, 18.19959609995508], [73.539061808165, 18.1995187917173], [73.53905144699651, 18.19944148344518], [73.53904108582802, 18.1993641751388], [73.53903072376123, 18.199286865944728], [73.53902036169441, 18.199209557569763], [73.53901000052592, 18.19913224916047], [73.53899963935743, 18.199054940716906], [73.53898927818895, 18.198977631385663], [73.53897891702049, 18.198900322873488], [73.53896332406377, 18.19882236405134], [73.53894773020876, 18.19874440434092], [73.53893213725205, 18.198666445449028], [73.53891654429535, 18.198588486522276], [73.53890095044034, 18.198510526707246], [73.53888535748362, 18.198432567710736], [73.53886976362861, 18.198354607825962], [73.53885417067193, 18.198276648759713], [73.53883857771521, 18.19819868965859], [73.5388229838602, 18.19812072966919], [73.53880739090351, 18.198042770498322], [73.53879283100939, 18.197969970001072], [73.53879282112793, 18.19796993415893], [73.53876702690283, 18.197894871308392], [73.53874123267778, 18.19781980842549], [73.53871543845268, 18.197744745510285], [73.53868964422762, 18.197669682562715], [73.53866384910424, 18.197594618729475], [73.53863805487919, 18.19751955571729], [73.53861226065409, 18.197444492672737], [73.53858646642904, 18.19736942959591], [73.53856642052347, 18.197320523669983], [73.53854637371958, 18.19727161773032], [73.53851501982123, 18.197195122593744], [73.53848366502457, 18.19711862742356], [73.53845231022787, 18.19704213221979], [73.53842095632952, 18.19696563698247], [73.53838960153283, 18.196889141711562], [73.53835824763446, 18.19681264726046], [73.53832689373611, 18.19673615192241], [73.53829553893945, 18.196659656550793], [73.5382641850411, 18.1965831611456], [73.53823283024441, 18.196506665706877], [73.53820147634605, 18.196430170234553], [73.53817012154936, 18.19635367472864], [73.53814318736218, 18.196275677218082], [73.53811625227671, 18.196197678819285], [73.53808931808958, 18.196119681238923], [73.5380623839024, 18.196041683623697], [73.53803544971522, 18.195963685973563], [73.53800851552806, 18.19588568743513], [73.53798158134092, 18.19580768971519], [73.53797278054606, 18.19572654037139], [73.53796397885291, 18.195645390989817], [73.53795517805806, 18.19556424157046], [73.53794637726324, 18.195483091259923], [73.5379375764684, 18.19540194176501], [73.53792877567356, 18.195320792232337], [73.5379199748787, 18.195239642661864], [73.53791117408387, 18.195158493053633], [73.53790237328904, 18.195077343407604], [73.53789357249421, 18.194996193723803], [73.53788477169935, 18.194915044002194], [73.53787597090452, 18.194833893389454], [73.53786717010969, 18.194752743592336], [73.53785836931486, 18.19467159375742], [73.53784956852, 18.194590443884707], [73.53784076772517, 18.194509293974246], [73.53783196693033, 18.194428144026002], [73.53782316613551, 18.194346994039986], [73.53781436534065, 18.194265843162814], [73.5378055645458, 18.194184693101214], [73.53779676375098, 18.194103543001866], [73.53778796295616, 18.19402239286475], [73.5377853910795, 18.19393867479695], [73.5377828183045, 18.19385495583557], [73.53778024642786, 18.19377123768737], [73.53777767365285, 18.19368751864557], [73.5377751017762, 18.193603800416962], [73.53777252900126, 18.19352008129476], [73.5377699571246, 18.19343636298575], [73.5377673843496, 18.193352643783108], [73.53776481157465, 18.193268925393703], [73.53776223879967, 18.193185206110655], [73.53775966602467, 18.19310148764085], [73.53775709324974, 18.19301776913081], [73.53775452047473, 18.192934049727157], [73.53775194769977, 18.192850331136743], [73.5377493749248, 18.192766611652697], [73.53774680214981, 18.19268289298184], [73.53774422937487, 18.192599173417413], [73.53774165659986, 18.192515454666154], [73.53773908382492, 18.19243173502131], [73.53773651104993, 18.19234801618967], [73.53773393827494, 18.192264296464423], [73.53773136549998, 18.192180577552378], [73.537728792725, 18.192096857746687], [73.53772621995004, 18.192013138754277], [73.53771343422859, 18.19192892559495], [73.53770064940547, 18.191844712394953], [73.53768786368401, 18.191760499154267], [73.53767507886091, 18.191676285872962], [73.53766229313948, 18.191592072550932], [73.53764950831635, 18.191507859188228], [73.5376367225949, 18.191423645784877], [73.5376239377718, 18.19133943234083], [73.53761115205035, 18.191255218856107], [73.53759836722722, 18.1911710053307], [73.53758558150575, 18.191086791764658], [73.53757279668267, 18.191002578157903], [73.53756001096122, 18.190918364510477], [73.5375472261381, 18.190834150822415], [73.53753444041664, 18.19074993709363], [73.53752165469523, 18.190665723324184], [73.5375088698721, 18.190581509514068], [73.53749608415063, 18.190497295663313], [73.53748329842922, 18.190413081771823], [73.5374705136061, 18.1903288678397], [73.53745772788463, 18.190244653866916], [73.53744494216322, 18.19016043985342], [73.53743215644177, 18.190076225799253], [73.53741937072034, 18.189992011704422], [73.53740658499889, 18.189907797568946], [73.53739379927747, 18.189823583392773], [73.53738101355601, 18.18973936917591], [73.53736822783459, 18.189655154918416], [73.53736822154637, 18.18965511224714], [73.53735281094767, 18.18958461420255], [73.53733740034896, 18.18951411612948], [73.5373219897503, 18.189443617174447], [73.53730657915158, 18.189373119044348], [73.53729116855288, 18.189302620885776], [73.53727958387897, 18.18924962563473], [73.53726799830675, 18.18919663036762], [73.53726347618762, 18.189111940488782], [73.53725895317017, 18.189027250568763], [73.53725443105101, 18.188942560607625], [73.53724990803356, 18.188857869751935], [73.53724538591443, 18.188773179708562], [73.53724086379528, 18.18868848962403], [73.53723634077782, 18.18860379949837], [73.53723181865868, 18.1885191093316], [73.53722729653956, 18.188434419123666], [73.5372227735221, 18.18834972887465], [73.53721825140295, 18.18826503773102], [73.5372137283855, 18.18818034739973], [73.53720920626637, 18.188095657027294], [73.53720468414721, 18.188010966613742], [73.53720016112976, 18.187926276159043], [73.5371956390106, 18.187841585663204], [73.53719111599315, 18.18775689512627], [73.53718659387403, 18.187672204548182], [73.53718207175487, 18.187587513075542], [73.53717754873742, 18.18750282241519], [73.53717302661828, 18.187418131713763], [73.53716850360082, 18.18733344097115], [73.53716398148168, 18.187248750187454], [73.53715945936254, 18.187164059362594], [73.53715493634509, 18.1870793684966], [73.53715041422598, 18.18699467673607], [73.5371458921068, 18.186909985787853], [73.53714136908935, 18.186825294798492], [73.5371368469702, 18.186740603768], [73.53713232395275, 18.186655912696406], [73.53712780183363, 18.18657122158365], [73.53712327971446, 18.18648653042978], [73.53711875669701, 18.186401838381357], [73.5371142345779, 18.186317147145264], [73.53710971156045, 18.186232455868012], [73.53710518944129, 18.186147764549617], [73.53708886525594, 18.186064094760987], [73.53707254017228, 18.185980425785633], [73.53705621598694, 18.185896755916676], [73.53703989090327, 18.185813086861046], [73.53702356671795, 18.18572941691186], [73.5370072425326, 18.185645746922486], [73.53699091744895, 18.185562077746443], [73.5369745932636, 18.18547840767683], [73.53695826817994, 18.18539473842052], [73.53694194399459, 18.18531106827059], [73.53692561980927, 18.18522739808056], [73.53690929472562, 18.185143728703835], [73.53689297054026, 18.185060058433503], [73.53687664635491, 18.184976388123058], [73.53686032127126, 18.184892718625917], [73.5368439970859, 18.18480904823517], [73.53682767200225, 18.184725378657753], [73.53681134781692, 18.184641708186778], [73.53679502363157, 18.184558037675625], [73.53677869854792, 18.184474367977806], [73.53676237436255, 18.1843906973864], [73.53674604927892, 18.184307027608316], [73.53672972509355, 18.184223356936624], [73.53671340090824, 18.184139686224817], [73.53669707582455, 18.184056016326316], [73.53668075163922, 18.183972345534222], [73.53666442655557, 18.183888675555455], [73.53664810237022, 18.18380500468311], [73.53663177818487, 18.18372133377061], [73.53661545310122, 18.183637663671426], [73.53659912891587, 18.18355399267865], [73.5365828038322, 18.18347032249922], [73.53656647964688, 18.183386651426204], [73.53655015546153, 18.183302980313037], [73.53653383037788, 18.18321931001319], [73.53651750619252, 18.18313563881977], [73.5365011820072, 18.1830519675862], [73.53648485692352, 18.18296829716596], [73.5364685327382, 18.18288462585215], [73.53645220765455, 18.18280095535165], [73.5364358834692, 18.182717283957523], [73.53641955928383, 18.182633612523325], [73.53640323420018, 18.18254994190242], [73.53638691001483, 18.182466270387902], [73.53637058493116, 18.182382599686747], [73.53635426074585, 18.182298928092006], [73.5363379365605, 18.1822152564571], [73.53632161147684, 18.18213158563554], [73.53630528729148, 18.182047913920407], [73.53628896220783, 18.18196424301858], [73.53627263802248, 18.181880571223147], [73.53625631383716, 18.181796899387624], [73.53623998875348, 18.18171322836541], [73.53622366456815, 18.181629556449586], [73.5362073394845, 18.181545885347106], [73.53619101529915, 18.181462213351068], [73.5361746911138, 18.181378541314853], [73.53615836603015, 18.181294870091982], [73.53614204184478, 18.181211197975554], [73.53612571765947, 18.181127525818937], [73.53610939257581, 18.181043854475686], [73.53609306839046, 18.180960182238817], [73.53607674330681, 18.18087651081534], [73.53606041912144, 18.18079283849822], [73.53604409493613, 18.180709166140975], [73.53602776985244, 18.180625494597084], [73.53601144566713, 18.180541822159597], [73.53599512058348, 18.180458150535454], [73.53597879639811, 18.18037447801769], [73.53595058660324, 18.18029497125113], [73.53592237680837, 18.18021546444832], [73.53589416791183, 18.18013595760928], [73.53586595811693, 18.180056450734032], [73.5358377483221, 18.179976944676007], [73.53580953852725, 18.179897437728254], [73.53578132873236, 18.17981793074432], [73.5357531198358, 18.1797384237241], [73.53572491004094, 18.179658916667687], [73.53569670024606, 18.17957940957503], [73.53566849045122, 18.17949990244615], [73.53564028065632, 18.179420395281024], [73.53561207175977, 18.179340888079683], [73.53558386196492, 18.179261380842128], [73.53555565217003, 18.17918187442179], [73.53552744237518, 18.17910236711173], [73.53549923347863, 18.17902285976548], [73.53547102368374, 18.178943352382973], [73.53544281388889, 18.17886384496427], [73.53541460409404, 18.178784337509295], [73.53538639429915, 18.178704830018127], [73.5353581854026, 18.1786253224907], [73.53532997560775, 18.178545814927062], [73.53530176581287, 18.17846630732718], [73.53527355601803, 18.17838680054459], [73.53524534622314, 18.17830729287223], [73.53521713732658, 18.178227785163703], [73.53518892753172, 18.178148277418888], [73.53516071773684, 18.178068769637893], [73.535132507942, 18.177989261820628], [73.53510429814712, 18.17790975396718], [73.53507608925055, 18.177830246077463], [73.53504787945569, 18.17775073815155], [73.53501966966081, 18.177671231042876], [73.53499145986596, 18.17759172304452], [73.53496325007112, 18.177512215009894], [73.53493504117456, 18.177432706939065], [73.53490683137969, 18.177353198831987], [73.53487862158482, 18.177273690688715], [73.53485041178993, 18.177194182509183], [73.5348222019951, 18.17711467429346], [73.53479399309853, 18.177035166041474], [73.53476578330365, 18.176955657753282], [73.53473757350879, 18.176876150282357], [73.5347093637139, 18.176796641921687], [73.53468115481736, 18.176717133524836], [73.5346529450225, 18.17663762509175], [73.53462473522762, 18.176558116622395], [73.53459652543278, 18.17647860811687], [73.5345683156379, 18.176399099575075], [73.53454010674136, 18.176319590997096], [73.53451189694648, 18.176240082382847], [73.53448368715163, 18.176160573732417], [73.53445547735674, 18.176081065899226], [73.5344272675619, 18.176001557176303], [73.53439905866534, 18.1759220484172], [73.53437084887047, 18.175842539621822], [73.5343426390756, 18.175763030790264], [73.53430718975784, 18.175685641146607], [73.53427174044012, 18.175608250615127], [73.53423629112237, 18.175530860902818], [73.53420084180463, 18.175453470302717], [73.5341653933852, 18.175376080521758], [73.53412994406744, 18.17529868985302], [73.53409449474972, 18.175221300003425], [73.534059045432, 18.17514390926605], [73.53402359611424, 18.175066519347833], [73.5339881467965, 18.174989128541807], [73.53395269747874, 18.174911738554954], [73.53391724816102, 18.174834347680306], [73.53388179884325, 18.174756957624805], [73.53384634952553, 18.174679566681505], [73.53381090110611, 18.174602176557393], [73.53377545178834, 18.174524785545472], [73.53374000247061, 18.174447395352708], [73.53370455315286, 18.174370004272138], [73.53366910383514, 18.174292614010753], [73.53363365451737, 18.174215222861545], [73.53359820519965, 18.17413783253152], [73.53356275588192, 18.174060441313692], [73.53352730656415, 18.173983050915034], [73.53349185724643, 18.173905659628566], [73.533456408827, 18.17382826916127], [73.53342095950924, 18.173750877806192], [73.53338551019152, 18.17367348727026], [73.53335006087376, 18.173596095846534], [73.53331461155602, 18.173518705241978], [73.53327916223827, 18.173441313749617], [73.53324371292055, 18.173363923076437], [73.53320826360279, 18.173286531515448], [73.53317281428507, 18.173209140773622], [73.53313736496733, 18.173131749144012], [73.5331019165479, 18.17305435833356], [73.53306646723014, 18.17297696663531], [73.53303101791242, 18.172899575756237], [73.53299556859466, 18.17282218398934], [73.53296011927694, 18.172744793041655], [73.53292466995917, 18.172667401206134], [73.53288922064144, 18.17259001018981], [73.53285377132369, 18.17251261828567], [73.53281832200597, 18.172435227200708], [73.5327828726882, 18.172357835227942], [73.53274742426878, 18.17228044407436], [73.53271197495106, 18.172203052032955], [73.53267652563332, 18.172125660810735], [73.53264107631556, 18.172048268700724], [73.53260562699784, 18.17197087740988], [73.53257017768007, 18.17189348523123], [73.53251153745495, 18.17182975604302], [73.53245289722985, 18.171766027685088], [73.53239425700473, 18.171702298450338], [73.53233561677959, 18.171638570045882], [73.53227697565617, 18.171574840764595], [73.53221833543108, 18.171511112313564], [73.53215969520595, 18.17144738298578], [73.53210105498081, 18.17138365448823], [73.5320424147557, 18.17131992511391], [73.5319837745306, 18.171256196569825], [73.53192513430547, 18.171192467148963], [73.53186649408035, 18.171128737704848], [73.53180785385524, 18.171065009090956], [73.53174921273184, 18.1710012796003], [73.53169057250669, 18.170937550939886], [73.53163193228157, 18.170873821402665], [73.53157329205648, 18.17081009269575], [73.53151465183134, 18.170746363112006], [73.53145601160622, 18.170682634358553], [73.5313973713811, 18.170618904728272], [73.531338731156, 18.170555175928293], [73.53128009003258, 18.170491446251486], [73.53122144980745, 18.170427717404944], [73.53116280958233, 18.17036398768164], [73.53110416935723, 18.17030025793505], [73.5310455291321, 18.170236529018716], [73.53098688890697, 18.170172799225615], [73.53092824868187, 18.17010907026274], [73.53086960845674, 18.1700453404231], [73.53081096823162, 18.169981611413714], [73.53075232710819, 18.16991788152754], [73.53069368688307, 18.169854152471615], [73.53063504665798, 18.169790422538888], [73.53057640643284, 18.169726693436466], [73.53051776620772, 18.169662963457213], [73.5304495697046, 18.169609877741767], [73.53038137230318, 18.169556792863723], [73.53031317580006, 18.169503707116014], [73.53024497839866, 18.169450621352123], [73.53017678189555, 18.169397536425656], [73.53010858449413, 18.169344450629502], [73.53004038799102, 18.169291364817216], [73.52997219058959, 18.169238279842304], [73.52990399408648, 18.169185193997727], [73.52983579668506, 18.16913210813702], [73.52976760018196, 18.16907902311366], [73.52969940278054, 18.169025937220663], [73.52963120627741, 18.168972851311537], [73.52956300887601, 18.168919766239757], [73.52949481237289, 18.16886668029834], [73.52942661497147, 18.168813594340765], [73.52935841846835, 18.16876050922058], [73.5292902210669, 18.168707423230728], [73.52922202456382, 18.168654337224744], [73.52915382716238, 18.168601252056124], [73.5290856306593, 18.168548166017853], [73.52901743325783, 18.16849507996344], [73.52894923675476, 18.168441994746424], [73.52888104025165, 18.168388908659704], [73.5288128428502, 18.168335822556866], [73.52874464634712, 18.168282736437884], [73.52867644894567, 18.168229651156317], [73.52860825244258, 18.168176565005023], [73.52854005504113, 18.168123478837618], [73.52847185853805, 18.16807039350762], [73.52840366113661, 18.168017307307938], [73.52833546463349, 18.167964221092078], [73.52826726723207, 18.167911135713656], [73.52819907072896, 18.167858049465558], [73.52813087332754, 18.1678049632013], [73.52806267682443, 18.167751877774432], [73.52799447942301, 18.1676987914779], [73.5279262829199, 18.167645705165235], [73.52785808551849, 18.167592619689934], [73.52778988901537, 18.16753953334498], [73.52772169161396, 18.167486446983904], [73.52765349511084, 18.167433361460184], [73.52758529770942, 18.167380275066797], [73.5275171012063, 18.16732718865729], [73.5274489038049, 18.16727410308515], [73.52738070730177, 18.167221016643364], [73.52731450416027, 18.16716519801972], [73.52724830012046, 18.16710937937821], [73.52718209697898, 18.167053560718855], [73.52711589383748, 18.166997742895195], [73.52704968979766, 18.166941924200177], [73.52698348665618, 18.166886105487286], [73.52691728351468, 18.166830286756582], [73.52685107947488, 18.166774468007993], [73.52678487633337, 18.166718649241567], [73.52671867229358, 18.166662830457327], [73.52665246915208, 18.166607012508774], [73.5265862660106, 18.16655119368881], [73.52652006197077, 18.166495374851014], [73.52645385882927, 18.16643955599539], [73.52638765568778, 18.166383737121905], [73.52632145164796, 18.16632791823061], [73.52625524850647, 18.166272099321425], [73.52618904536499, 18.166216281247966], [73.52612284132516, 18.166160462303097], [73.52605663818368, 18.166104643340418], [73.52599043504219, 18.166048824359876], [73.52592423100239, 18.16599300536151], [73.5258580278609, 18.165937186345268], [73.52579182382108, 18.16588136731118], [73.5257256206796, 18.16582554911281], [73.52565941753811, 18.165769730043074], [73.52559321349828, 18.16571391095546], [73.5255270103568, 18.165658091850037], [73.5255925442534, 18.165606286084476], [73.52565807814999, 18.165554479450048], [73.52572361204662, 18.165502673653734], [73.52578914684153, 18.165450866988586], [73.52585468073815, 18.165399061161533], [73.52592021463474, 18.16534725531914], [73.52598574853137, 18.16529544860787], [73.52605128242796, 18.16524364273472], [73.52611681632456, 18.165191835992697], [73.52618235022119, 18.165140030088818], [73.52624788411778, 18.165088224169583], [73.5263134189127, 18.165036417381422], [73.52637895280931, 18.164984611431464], [73.52644448670594, 18.1649328046126], [73.52651002060253, 18.164880998631855], [73.5265409639708, 18.16480098633643], [73.52657190733909, 18.164720973150818], [73.52660285070738, 18.164640960782076], [73.52663379407562, 18.16456094752311], [73.52666473744391, 18.16448093508105], [73.5266956808122, 18.16440092174875], [73.52672662418044, 18.164320909233357], [73.52675756754873, 18.164240895827767], [73.52678851091702, 18.164160883239045], [73.5268194542853, 18.16408086976015], [73.52685039765356, 18.16400085709812], [73.52688134102185, 18.163920843545878], [73.52691228439014, 18.163840830810532], [73.5269432286567, 18.163760818038533], [73.52697417202499, 18.16368080437631], [73.52700511539328, 18.163600791530982], [73.52703605876154, 18.163520777795426], [73.52706700212983, 18.16344076487679], [73.52709794549811, 18.163360751067955], [73.5271288888664, 18.163280738076004], [73.52715983223464, 18.16320072419381], [73.52719077560293, 18.163120711128553], [73.52722171897122, 18.163040697173056], [73.52725266233949, 18.162960684034456], [73.52728360570775, 18.162880670005666], [73.52731454907604, 18.162800656793745], [73.52734549244431, 18.16272064354517], [73.5273764358126, 18.162640629406425], [73.52740737918086, 18.162560616084544], [73.52743832254914, 18.162480601872442], [73.52746926591743, 18.162400588477247], [73.52750020928568, 18.16232057419184], [73.52753115265396, 18.162240560723333], [73.52756209602225, 18.162160546364632], [73.52759303939054, 18.162080532822813], [73.5276239827588, 18.16200051839077], [73.52765492612708, 18.16192050477564], [73.52768586949537, 18.16184049027028], [73.52771681286366, 18.161760476581847], [73.5277477562319, 18.16168046200318], [73.52777870049852, 18.16160044824143], [73.52780964386677, 18.161520434443016], [73.52784058723506, 18.161440419754427], [73.52787153060335, 18.161360405882707], [73.52790247397164, 18.161280391120762], [73.52793341733988, 18.16120037717572], [73.52796436070817, 18.161120362340473], [73.52799530407646, 18.16104034832214], [73.52802624744474, 18.160960333413573], [73.52805719081299, 18.160880319321922], [73.52808813418127, 18.160800304340075], [73.52811907754955, 18.16072029017513], [73.52815002091783, 18.160640275119952], [73.5281809642861, 18.16056026088168], [73.52820766940287, 18.160480677658462], [73.52823437451963, 18.160401094399013], [73.52826108053473, 18.16032151110328], [73.52828778565149, 18.160241927771313], [73.52831449076825, 18.16016234440305], [73.528341195885, 18.160082760998566], [73.52836790190013, 18.160003177557787], [73.52839460701686, 18.159923594080762], [73.52842131213364, 18.15984401056749], [73.52844801725038, 18.159764427871533], [73.52847472326546, 18.15968484428572], [73.52850142838226, 18.15960526066369], [73.52852813349902, 18.15952567700537], [73.52855483861578, 18.15944609331082], [73.52858154373254, 18.159366509579975], [73.52860824974762, 18.159286925812882], [73.5286349548644, 18.15920734200956], [73.52866165998115, 18.159127758169948], [73.52868836509793, 18.159048174294107], [73.528715071113, 18.15896859038198], [73.52874177622975, 18.158889006433636], [73.52876848134653, 18.158809422448996], [73.52879518646331, 18.158729838428133], [73.52882189247839, 18.158650254370976], [73.52884859759514, 18.15857067027757], [73.52887530271192, 18.158491086147947], [73.52890200782869, 18.158411501982027], [73.52892871294544, 18.158331917779872], [73.52895541896052, 18.158252333541448], [73.5289821240773, 18.15817275012036], [73.52900882919408, 18.158093165809447], [73.52903553431082, 18.15801358146226], [73.5290622403259, 18.1579339970788], [73.5290889454427, 18.157854412659137], [73.52911565055942, 18.157774828203163], [73.52914235567621, 18.15769524371098], [73.52916906169129, 18.157615659182515], [73.52919576680807, 18.157536074617816], [73.52922247192481, 18.157456490016834], [73.52927473770471, 18.157390693303697], [73.52932700438286, 18.15732489656574], [73.52937927016272, 18.157259099803024], [73.52943153594258, 18.1571933030155], [73.52948380262076, 18.15712750620322], [73.52953606840062, 18.15706171021974], [73.52958833507881, 18.156995913357882], [73.52964060085867, 18.156930116471266], [73.52969286663851, 18.15686431955985], [73.52974513331671, 18.15679852262368], [73.52979739909657, 18.156732725662703], [73.52984966487642, 18.15666692867697], [73.52990193155458, 18.156601131666424], [73.52995419733446, 18.156535334631148], [73.53000646311432, 18.156469537571038], [73.53005872979247, 18.156403740486198], [73.53011099557233, 18.156337944230145], [73.53016326225053, 18.156272147095713], [73.53021552803038, 18.156206349936536], [73.53026779381024, 18.156140552752536], [73.53032006048842, 18.15607475554379], [73.53037232626828, 18.15600895831028], [73.53042223666549, 18.15594180384401], [73.53047214706265, 18.155874649351926], [73.53052205656152, 18.15580749483403], [73.53057196695872, 18.155740340290333], [73.5306218773559, 18.155673186574397], [73.53067178775309, 18.155606031979072], [73.53072169815026, 18.155538877357934], [73.53077160854745, 18.155471722710985], [73.53082151804634, 18.155404568038232], [73.5308714284435, 18.15533741333967], [73.53092133884071, 18.155270258615293], [73.53097124923788, 18.1552031038651], [73.53102115963507, 18.155135949089097], [73.53107106913394, 18.155068795140913], [73.53112097953111, 18.155001640313284], [73.5311708899283, 18.154934485459865], [73.53122080032547, 18.15486733058062], [73.53127071072268, 18.15480017567556], [73.53132062022155, 18.1547330207447], [73.53137053061876, 18.15466586578804], [73.53142044101592, 18.154598710805566], [73.53147035141312, 18.154531555797266], [73.5315202618103, 18.154464401616764], [73.53157017220748, 18.15439724655685], [73.53162008170636, 18.154330091471124], [73.53166999210353, 18.154262936359597], [73.53171990250073, 18.154195781222267], [73.5317829247078, 18.154135695564005], [73.53184594601653, 18.15407561073867], [73.53190896822363, 18.154015525039085], [73.5319719904307, 18.153955440172414], [73.53203501173945, 18.15389535443152], [73.53209803394651, 18.15383526866994], [73.53216105615358, 18.153775183741313], [73.53222407836068, 18.153715097938385], [73.53228709966943, 18.153655012114836], [73.5323501218765, 18.1535949271242], [73.53241314408356, 18.15353484125934], [73.53247616539234, 18.153474756227396], [73.5325391875994, 18.15341467032119], [73.53260220980647, 18.15335458439435], [73.53266523111525, 18.15329449930042], [73.53272825332232, 18.15323441333222], [73.53279127552939, 18.153174328197007], [73.53285429683812, 18.15311424218747], [73.53291731904523, 18.153054156157328], [73.5329803412523, 18.152994070960105], [73.53304336345937, 18.152933984888627], [73.53310638476809, 18.1528738987965], [73.5331694069752, 18.152813813537296], [73.53323242918226, 18.15275372740381], [73.53329545049101, 18.15269364210331], [73.53335847269808, 18.15263355592851], [73.53342149490514, 18.152573469733078], [73.53348451621393, 18.152513384370582], [73.53354753842099, 18.152453298133818], [73.53361056062806, 18.15239321273001], [73.53367358193682, 18.152333126451936], [73.5337366041439, 18.152273040153176], [73.53379962635097, 18.152212954687414], [73.53386264855803, 18.15215286834733], [73.5339256698668, 18.152092781986624], [73.53398869207388, 18.152032696458853], [73.53405171428095, 18.151972610056827], [73.53411473558968, 18.151912524487734], [73.53417775779678, 18.151852438044386], [73.53424353513682, 18.151798531717994], [73.53430931247688, 18.151744625374953], [73.5343750889186, 18.151690719015306], [73.53444086625865, 18.15163681263902], [73.53450664359869, 18.151582906246105], [73.53457242093876, 18.151528998982954], [73.53463819738049, 18.151475092556783], [73.53470397472053, 18.15142118611401], [73.5347697520606, 18.151367279654583], [73.53483552940062, 18.151313373178503], [73.53490130584237, 18.151259466685836], [73.53496708318244, 18.15120556017654], [73.53503286052246, 18.151151653650615], [73.53509863786253, 18.15109774710807], [73.53516441430423, 18.15104384054884], [73.53523019164429, 18.150989933119437], [73.53529596898433, 18.150936026527], [73.5353617463244, 18.15088211991792], [73.53542752276613, 18.15082821329223], [73.53549330010617, 18.15077430664992], [73.53555909361592, 18.150720376943337], [73.53562488622731, 18.15066644807376], [73.53569067973704, 18.150612518333922], [73.53575647234842, 18.15055858857743], [73.53582226585819, 18.150504658804294], [73.53588805846957, 18.150450729868144], [73.53595385197931, 18.150396800061742], [73.53601964459071, 18.150342870238685], [73.53608543810044, 18.150288940398987], [73.53615123161016, 18.150235011396248], [73.53621702422157, 18.15018108152331], [73.53628281773129, 18.15012715163369], [73.53634861034271, 18.150073221727432], [73.53641440385243, 18.150019292658143], [73.53648019646384, 18.14996536271859], [73.53654598997355, 18.14991143276241], [73.53661178258497, 18.149857502789626], [73.53667757609469, 18.149803573653774], [73.53674336870611, 18.14974964364767], [73.53680916221582, 18.149695713624926], [73.53682855324953, 18.14961566449785], [73.53684794428328, 18.149535616187748], [73.536867335317, 18.149455566987328], [73.5368867263507, 18.149375517750272], [73.53690611738445, 18.14929546933018], [73.53692550841816, 18.14921542001978], [73.53694489945188, 18.149135370672738], [73.53696429048561, 18.14905532214268], [73.53698368151933, 18.14897527272228], [73.53700307255305, 18.148895223265267], [73.53702246358678, 18.148815174625213], [73.5370418546205, 18.14873512509483], [73.53706124565421, 18.14865507638148], [73.53708063668796, 18.14857502677778], [73.53710002772168, 18.148494977137467], [73.53711941875538, 18.14841492831412], [73.53713880978913, 18.14833487860045], [73.53715820082284, 18.148254828850153], [73.53717759185656, 18.148174779916836], [73.5371969828903, 18.148094730093185], [73.53721637392401, 18.1480146802329], [73.53723576495773, 18.147934631189603], [73.53725515599146, 18.147854581255988], [73.53720554024169, 18.1477838682883], [73.53715592539022, 18.14771315614561], [73.53710630964045, 18.14764244312071], [73.53705669389069, 18.14757173006717], [73.5370070781409, 18.14750101698507], [73.53695746328945, 18.14743030472797], [73.5369078475397, 18.147359591588646], [73.5368582317899, 18.1472888784207], [73.53680861604012, 18.147218165224164], [73.53675900118866, 18.14714745285265], [73.53670938543891, 18.147076739598916], [73.53665976968912, 18.14700602631653], [73.53661015393936, 18.14693531300558], [73.53656053908792, 18.146864600519645], [73.53651092333813, 18.146793887151464], [73.53646130758834, 18.146723173754705], [73.5364116918386, 18.146652460329346], [73.53636207698713, 18.146581747728987], [73.53631246123734, 18.14651103424639], [73.5362628454876, 18.14644032073521], [73.53621322973781, 18.146369607195428], [73.53616361488635, 18.146298894480672], [73.53611399913656, 18.146228180883654], [73.53606438338682, 18.14615746725806], [73.53601299795591, 18.146091308616413], [73.53596161162675, 18.14602515080335], [73.53591022619584, 18.145958992111645], [73.53585884076497, 18.14589283339487], [73.53580745443577, 18.14582667550671], [73.53575606900488, 18.145760516739877], [73.535704683574, 18.14569435794802], [73.53565329724479, 18.145628199984774], [73.53560191181394, 18.14556204114284], [73.53555052638303, 18.14549588312949], [73.53549914005383, 18.145429724237474], [73.53544775462296, 18.14536356532043], [73.53539636829376, 18.14529740723197], [73.53534498286287, 18.14523124826485], [73.535293597432, 18.145165089272705], [73.5352422111028, 18.14509893110916], [73.53519082567192, 18.14503277206694], [73.53513944024102, 18.14496661299965], [73.53508805391182, 18.144900454761014], [73.53503666848096, 18.144834295643673], [73.53503169540753, 18.144769774645077], [73.53502672233412, 18.144705253622654], [73.53502017181907, 18.144620312530606], [73.53501362130402, 18.14453537139731], [73.53500707078896, 18.144450429369083], [73.53500052027391, 18.144365488153273], [73.53499396975886, 18.14428054689614], [73.53498741924383, 18.14419560559779], [73.53498086872875, 18.14411066425814], [73.53497431821373, 18.14402572287725], [73.53496776769865, 18.143940780601433], [73.53496121718362, 18.14385583913801], [73.53495466666855, 18.143770897633278], [73.53494811615352, 18.14368595608734], [73.53494156563845, 18.143601014500103], [73.53493501512341, 18.143516072017963], [73.53492846460834, 18.143431130348183], [73.5349219140933, 18.14334618863716], [73.53497187299952, 18.143275417504864], [73.53502183280403, 18.143204647197614], [73.53507179171024, 18.143133876008026], [73.53512175061645, 18.14306310564345], [73.53517170952266, 18.142992334396602], [73.5352216693272, 18.14292156397475], [73.5352716282334, 18.14285079267061], [73.53532158713962, 18.14278002219146], [73.53537154694413, 18.14270925083001], [73.53542150585034, 18.14263848029358], [73.53547146475655, 18.142567708874854], [73.53552142366276, 18.142496937427502], [73.53557138346731, 18.142426166805134], [73.53562134237352, 18.14235539530047], [73.53567130127973, 18.142284624620814], [73.53572126108423, 18.142213853058873], [73.53577121999044, 18.142143082321944], [73.53582117889667, 18.14207231070273], [73.53587113870121, 18.14200153990851], [73.53592109760741, 18.14193076823197], [73.53597105651363, 18.141859996526826], [73.53602101541983, 18.141789225646683], [73.53607097522438, 18.141718453884238], [73.53612093413058, 18.141647682946807], [73.5361708930368, 18.14157691112705], [73.53622085284131, 18.14150614013233], [73.53627081174751, 18.141435368255323], [73.53632077065373, 18.141364597203328], [73.53637072955993, 18.141293825269045], [73.53642068936449, 18.14122305415975], [73.5364706482707, 18.141152282168154], [73.53654224489712, 18.14111105881864], [73.53661384152359, 18.141069835459408], [73.53668543815004, 18.14102861123681], [73.53675703387822, 18.140987387858146], [73.53682863050466, 18.140946164469767], [73.53690022713111, 18.140904941071657], [73.53697182375758, 18.140863716810163], [73.53704342038404, 18.140822493392626], [73.5371150170105, 18.140781269965366], [73.53718661273864, 18.1407400465284], [73.5372582093651, 18.140698822228067], [73.53732980599156, 18.14065759877165], [73.53740140261803, 18.1406163753055], [73.5374677988973, 18.14056323295916], [73.53753419517659, 18.14051009145032], [73.53760059145587, 18.140456949071652], [73.53766698773514, 18.14040380667684], [73.53773338401443, 18.140350665119556], [73.5377997802937, 18.14029752269244], [73.53786617657298, 18.140244380249218], [73.53793257285227, 18.140191238643474], [73.53799897002986, 18.140138096167927], [73.53806536630913, 18.140084954529897], [73.53813176258843, 18.140031812022034], [73.53819815886769, 18.13997866949804], [73.53826455514697, 18.13992552781156], [73.53833095142627, 18.13987238525529], [73.53839734770553, 18.139819242682837], [73.5384637439848, 18.139766100947924], [73.5385301402641, 18.139712958343182], [73.53856382618892, 18.139636164809296], [73.53859751121546, 18.139559371241724], [73.5386311971403, 18.1394825776404], [73.53866488216684, 18.139405784005383], [73.53869856809165, 18.13932899033662], [73.53873225401652, 18.139252196634164], [73.53876593904302, 18.139175402897973], [73.53879962496787, 18.139098609128077], [73.5388333099944, 18.139021815324444], [73.53886699591922, 18.138945021487107], [73.53890068094574, 18.138868227616033], [73.5389343668706, 18.13879143371126], [73.53896805279543, 18.138714638919055], [73.53900173782196, 18.13863784494684], [73.53903542374678, 18.138561050940883], [73.5390691087733, 18.13848425690124], [73.53910279469817, 18.138407462827857], [73.53913648062299, 18.13833066872076], [73.53917016564951, 18.138253874579934], [73.53920385157437, 18.13817708040541], [73.5392375366009, 18.138100286197147], [73.53927122252573, 18.138023491955206], [73.53930490755225, 18.13794669767949], [73.53933859347707, 18.13786990337011], [73.53930919521109, 18.137790079321842], [73.53927979784342, 18.137710255237128], [73.53925039957744, 18.137630431116], [73.53922100220976, 18.137550606958442], [73.53919160394378, 18.137470783618127], [73.5391622065761, 18.137390959387705], [73.53913280831011, 18.13731113512086], [73.53910341094245, 18.137231310817565], [73.53907401267647, 18.13715148647786], [73.53904461530878, 18.137071662101715], [73.5390152170428, 18.13699183768915], [73.5389858187768, 18.136912013240174], [73.53895642140914, 18.13683218960842], [73.53892702314313, 18.136752365086558], [73.53889762577549, 18.13667254052831], [73.53886822750947, 18.136592715933585], [73.5388388301418, 18.136512891302452], [73.53880943187582, 18.136433066634883], [73.53878003450814, 18.136353241930873], [73.53875063624216, 18.136273417190456], [73.53872123887447, 18.1361935932673], [73.5386918406085, 18.13611376845401], [73.53866244234251, 18.136033943604307], [73.53863304497484, 18.13595411871817], [73.53860364670886, 18.13587429379561], [73.53857424934118, 18.13579446883661], [73.5385448510752, 18.13571464384124], [73.53851545370752, 18.13563481880938], [73.53848605544154, 18.1355549945948], [73.53845665807386, 18.135475169490128], [73.53842725980785, 18.135395344349014], [73.5383978624402, 18.13531551917146], [73.5383684641742, 18.135235693957483], [73.53834421774637, 18.135153719965814], [73.53831997221684, 18.135071746789396], [73.53829572578903, 18.134989772720886], [73.5382714802595, 18.134907798613977], [73.53824723383167, 18.13482582446865], [73.53822298830214, 18.1347438511386], [73.53819874187433, 18.134661876916443], [73.53817449544648, 18.134579902655876], [73.53815024991697, 18.134497928356904], [73.53812600348914, 18.134415954873194], [73.53810175795962, 18.134333980497402], [73.53807751153178, 18.13425200608319], [73.53805326600227, 18.13417003163057], [73.53802901957444, 18.134088057993214], [73.53800477404491, 18.134006083463763], [73.53798052761708, 18.13392410889592], [73.53795628118922, 18.13384213428965], [73.53793203565974, 18.13376016049865], [73.53790778923188, 18.133678185815565], [73.53788354370238, 18.133596211094062], [73.53785929727452, 18.133514236334126], [73.53783505174503, 18.133432262389526], [73.53781080531718, 18.13335028755281], [73.53778655888935, 18.13326831267766], [73.53776231335982, 18.133186337764087], [73.53773806693201, 18.133104363665844], [73.53771382140248, 18.13302238867548], [73.53768957497465, 18.132940413646697], [73.53766532944512, 18.13285843857949], [73.5376410830173, 18.132776464327616], [73.53761683748778, 18.132694489183606], [73.53759259105995, 18.13261251400116], [73.53756834463212, 18.13253053878036], [73.5375440991026, 18.132448564374837], [73.53751985267475, 18.132366589077208], [73.53749560714526, 18.13228461374113], [73.53747136071739, 18.132202638366685], [73.5374471151879, 18.13212066380754], [73.53742286876005, 18.13203868835629], [73.53746399543039, 18.131968021069355], [73.5375051212024, 18.131897354607634], [73.53754624787275, 18.131826687263654], [73.53758737454307, 18.13175601989114], [73.53762850121342, 18.13168535249005], [73.53766962698543, 18.131614685914162], [73.53771075365579, 18.131544018456037], [73.53779739526664, 18.131556014774883], [73.53788403597916, 18.131568011092956], [73.53797067758998, 18.1315800074102], [73.5380573183025, 18.13159200372663], [73.53814395991336, 18.131604000895923], [73.53823060062587, 18.131615997210712], [73.5383172422367, 18.131627993524663], [73.53840388294921, 18.13163998983776], [73.53849052456006, 18.131651987003806], [73.53857716527259, 18.1316639833153], [73.53866380688343, 18.131675980479653], [73.53873281276861, 18.131730069727237], [73.53880181865378, 18.131784158958116], [73.53887082453898, 18.131838248172276], [73.53893983042414, 18.13189233736971], [73.53900883720765, 18.131946426550424], [73.53907784309281, 18.132000514860724], [73.53914684897802, 18.13205460400799], [73.53921585576148, 18.13210869313854], [73.53928486164669, 18.132162781398677], [73.53935386753186, 18.132216870495782], [73.53942287431536, 18.132270959576168], [73.53949188020052, 18.13232504863984], [73.53956088608572, 18.132379136833094], [73.53962989286921, 18.132433225863306], [73.5396988987544, 18.132487314876812], [73.53976790463956, 18.132541403019903], [73.53983691142307, 18.132595491999965], [73.53990591730826, 18.132649580963292], [73.53997492319343, 18.13270366990991], [73.54004392997692, 18.132757757986106], [73.5401129358621, 18.132811846899283], [73.5401819417473, 18.13286593579572], [73.5402509485308, 18.13292002382173], [73.54031995441596, 18.13297411268478], [73.54038896030113, 18.133028201531044], [73.54045796708462, 18.133082290360612], [73.5405269729698, 18.13313637831974], [73.54059597885501, 18.133190467115888], [73.5406649856385, 18.13324455589528], [73.54073399152367, 18.13329864380423], [73.54080299740883, 18.13335273255018], [73.54087200419234, 18.13340682127942], [73.54094101007753, 18.133460909991957], [73.54101001596271, 18.133514997834013], [73.5410790227462, 18.13356908651308], [73.54114802863137, 18.133623175175426], [73.54121703451656, 18.133677262967346], [73.54128604130007, 18.133731351596246], [73.54135504808355, 18.13378544020842], [73.54142405396874, 18.133839527950187], [73.54149306075223, 18.133893616528912], [73.5415620666374, 18.133947704237237], [73.54160177756286, 18.13402425269644], [73.54164148848832, 18.13410080112214], [73.54168119941374, 18.134177349514353], [73.5417209103392, 18.13425389787311], [73.54176062126466, 18.134330446198327], [73.54180033219012, 18.134406994490057], [73.54184004311557, 18.13448354274832], [73.54187975404099, 18.134560090973057], [73.54191946496645, 18.13463663916431], [73.5419591758919, 18.134713187322077], [73.54199888681737, 18.134789735446336], [73.54203859774282, 18.134866283537093], [73.54207830866824, 18.134942831594383], [73.5421180195937, 18.13501937961816], [73.54215773051916, 18.13509592760843], [73.54219744144461, 18.13517247641891], [73.54223715237006, 18.13524902434218], [73.5422768632955, 18.13532557223199], [73.54231657422095, 18.135402120088283], [73.5423562851464, 18.135478667911062], [73.54239599607186, 18.135555215700382], [73.542435706099, 18.13563176345618], [73.54247541702445, 18.135708311178476], [73.5425151279499, 18.135784858867304], [73.54255483887533, 18.135861406522608], [73.54259454980078, 18.135937954998113], [73.54263426072623, 18.136014502586423], [73.5426739716517, 18.136091050141232], [73.54271368257716, 18.136167597662585], [73.54275339350258, 18.13624414515039], [73.54279310352973, 18.136320691751045], [73.54283281445517, 18.136397240025566], [73.54287252538062, 18.136473787412875], [73.54291223630607, 18.1365503347667], [73.54295194723153, 18.136626882087054], [73.54299165815699, 18.136703429373885], [73.54303136908241, 18.136779977480902], [73.54307108000786, 18.13685652470074], [73.54311079093333, 18.136933071887075], [73.54315050096045, 18.13700961903993], [73.54319021098758, 18.137086166159257], [73.54322992191304, 18.13716271324509], [73.54326963283849, 18.137239260297463], [73.54330934376394, 18.137315807316288], [73.5433490546894, 18.137392354301614], [73.54338876561482, 18.13746890125348], [73.54342847654029, 18.137545449025524], [73.54346818656741, 18.137621995910344], [73.54350789749287, 18.13769854276168], [73.54354760841832, 18.137775089579506], [73.54358731934377, 18.137851637217533], [73.54362702937091, 18.137928183968402], [73.54365082753941, 18.138010362396113], [73.54367462570792, 18.138092540785237], [73.54369842387642, 18.138174719135765], [73.54372222204493, 18.13825689744764], [73.54374602021343, 18.138339074867243], [73.54376981838195, 18.13842125310193], [73.54379361655045, 18.138503431298012], [73.54381741471894, 18.13858560945544], [73.54384121288746, 18.13866778757428], [73.54386501105596, 18.138749965654483], [73.54388880922447, 18.138832143696103], [73.54391260739297, 18.138914321699122], [73.54393640556152, 18.138996498809828], [73.54396020373002, 18.139078676735586], [73.54398400189852, 18.139160854622755], [73.54400780006702, 18.139243032471313], [73.54403159823553, 18.13932521028122], [73.54405539640403, 18.139407388052554], [73.54407919457255, 18.139489565785265], [73.54410299274105, 18.139571743479337], [73.54412679090956, 18.139653920281138], [73.54415058907807, 18.139736097898], [73.54417438724657, 18.139818275476273], [73.54419818541508, 18.139900453015873], [73.54422198358358, 18.139982630516897], [73.54424578175208, 18.14006480797932], [73.54426957992058, 18.140146985403085], [73.5442933780891, 18.140229162788263], [73.54431717625761, 18.14031133928114], [73.5443409744261, 18.140393516589107], [73.54436477259462, 18.14047569385841], [73.54438857076312, 18.140557871089126], [73.54441236893163, 18.14064004828123], [73.54443616710013, 18.140722225434683], [73.54445996526864, 18.140804402549552], [73.54448376343714, 18.140886579625768], [73.54450756160566, 18.140968755809766], [73.54453135977415, 18.141050932808746], [73.54455515794265, 18.141133109769154], [73.54457895611117, 18.14121528669091], [73.54460275427971, 18.14129746357408], [73.54462655244822, 18.141379640418627], [73.54465035061672, 18.141461817224535], [73.54467414878523, 18.141543993991846], [73.54469794695372, 18.141626169866868], [73.54472174512223, 18.141708346556953], [73.54474554329073, 18.14179052320838], [73.54476934145924, 18.141872699821228], [73.54479313962776, 18.141954876395438], [73.54481693779626, 18.142037052931023], [73.54484073596477, 18.142119229428012], [73.54486453413327, 18.142201405886375], [73.54488833140344, 18.142283581452453], [73.54491212957196, 18.142365757833556], [73.54493592774045, 18.142447934176055], [73.54495972590895, 18.14253011047996], [73.5449835240775, 18.142612286745187], [73.54500732224601, 18.142694462971853], [73.54503112041452, 18.14277663915984], [73.5450549176847, 18.14285881530926], [73.5450787158532, 18.142940990566377], [73.54510251402169, 18.143023166638546], [73.5451263121902, 18.14310534267206], [73.54515010946042, 18.14318751866699], [73.54517390762892, 18.1432696946233], [73.54518999735396, 18.14335239297561], [73.54520608707901, 18.14343509128884], [73.54522217680406, 18.1435177887093], [73.54523826652914, 18.143600486944273], [73.54525435625418, 18.14368318514015], [73.54527044687755, 18.143765883296922], [73.5452865366026, 18.14384858141456], [73.54530262632765, 18.143931278639453], [73.54531871605269, 18.144013976678874], [73.54533480577778, 18.14409667467916], [73.54535089550282, 18.14417937264035], [73.54536698522787, 18.144262070562412], [73.54538307495291, 18.144344768445375], [73.54539916467799, 18.144427466289205], [73.54541525440303, 18.144510164093937], [73.54543134412808, 18.144592861859525], [73.54544743385313, 18.14467555958603], [73.5454635235782, 18.144758257273416], [73.54547961330326, 18.14484095406803], [73.54549570392662, 18.144923651677146], [73.54551179365167, 18.145006349247183], [73.54552788337672, 18.145089046778082], [73.5455439740001, 18.145171744269888], [73.54556006372513, 18.145254440868925], [73.54557615345018, 18.14533713828245], [73.54559224317526, 18.145419835656906], [73.54560833379861, 18.145502532992204], [73.54562442352369, 18.145585230288432], [73.54564051324873, 18.145667926691864], [73.54565660387212, 18.145750623909823], [73.54567269359717, 18.145833321088677], [73.5456887833222, 18.14591601822842], [73.54570487304726, 18.145998715329018], [73.54572096367063, 18.146081411536873], [73.54573705339567, 18.146164108559265], [73.54575314312075, 18.1462468055425], [73.54576923284579, 18.14632950248665], [73.54578532346918, 18.146412199391644], [73.54580141319423, 18.146494895403897], [73.54581750291926, 18.146577592230685], [73.54583359354264, 18.146660289018328], [73.54584968326769, 18.146742985766878], [73.54586577299274, 18.14682568247628], [73.5458818627178, 18.146908378292938], [73.54589795423948, 18.146991074924138], [73.54591404396453, 18.1470737715162], [73.54593013368961, 18.14715646806912], [73.54594622431294, 18.147239164582956], [73.54596231403804, 18.147321860204], [73.54597840376307, 18.147404556639568], [73.54599449438645, 18.147487253036015], [73.5460105841115, 18.14756994939333], [73.54602667473488, 18.14765264571155], [73.54604276445993, 18.14773534113701], [73.5460588550833, 18.14781803737695], [73.54607494480835, 18.14790073272416], [73.54609103543171, 18.147983428885894], [73.54610712515677, 18.148066125008473], [73.54612321578014, 18.148148821091965], [73.54613930550518, 18.148231516282678], [73.54615539523023, 18.148314212287918], [73.5461714858536, 18.148396908254014], [73.54618757557866, 18.14847960418101], [73.54620366620203, 18.14856230006885], [73.54621975592708, 18.148644995063957], [73.54623584655046, 18.14872769087358], [73.5462519362755, 18.148810386644044], [73.54626581524666, 18.14889415025946], [73.54627969421777, 18.148977912981124], [73.54629357318893, 18.14906167651625], [73.54630745216005, 18.149145439157625], [73.54632133113121, 18.149229202612474], [73.54633521010233, 18.149312966027168], [73.54634908907349, 18.149396728548105], [73.5463629680446, 18.14948049188252], [73.54637684701576, 18.14956425432319], [73.5463907259869, 18.14964801757732], [73.54640460495804, 18.14973178079131], [73.5464184839292, 18.149815543111565], [73.54643236290033, 18.149899306245253], [73.54644624187148, 18.14998306848519], [73.54646012084261, 18.150066831538613], [73.54647399981376, 18.1501505945519], [73.54648787878487, 18.150234356671422], [73.54650175775603, 18.150318119604403], [73.54651563672715, 18.15040188164365], [73.54652951569831, 18.150485644496353], [73.54654339466943, 18.150569406455283], [73.54655727364059, 18.1506531692277], [73.5465711526117, 18.150736931959962], [73.54658503248116, 18.15082069379849], [73.54659891145232, 18.150904456450476], [73.54661279042344, 18.150988218208713], [73.5466266693946, 18.151071980780397], [73.54664054836572, 18.151155743311943], [73.54665442733688, 18.15123950494971], [73.54666830630799, 18.15132326740097], [73.54668218527915, 18.151407028958474], [73.54669606425027, 18.15149079132944], [73.54670994322143, 18.15157455451389], [73.54672382219259, 18.15165831595093], [73.5467377011637, 18.15174207820145], [73.54675158013487, 18.15182583955824], [73.546765459106, 18.15190960172846], [73.54677933807714, 18.151993363858544], [73.54679321704828, 18.152077125094888], [73.54680709601942, 18.15216088714468], [73.54682097499054, 18.1522446483007], [73.5468348539617, 18.15232841027019], [73.54684873293282, 18.15241217219954], [73.54686261190398, 18.152495933235144], [73.54687649087509, 18.152579695084206], [73.54689036984625, 18.15266345603952], [73.54690424881737, 18.152747217808265], [73.54691812778853, 18.152830979536883], [73.54693200675966, 18.152914740371717], [73.54694588573082, 18.152998502020022], [73.54695976470194, 18.153082262774593], [73.5469736436731, 18.153166024342607], [73.54698752264422, 18.15324978587047], [73.54700140161538, 18.153333546504598], [73.54701528058649, 18.15341730795216], [73.54702915955765, 18.15350106850596], [73.5470430394271, 18.153584829873218], [73.54705691839825, 18.15366859034674], [73.54707079736939, 18.153752351633706], [73.54708467634053, 18.153836112880526], [73.54709855620999, 18.153919873233605], [73.5471124351811, 18.15400363440011], [73.54712631415227, 18.15408739467286], [73.54714019402172, 18.154171155759073], [73.54715407389116, 18.154254916805158], [73.54716795286228, 18.154338676103887], [73.54718183273175, 18.15442243706963], [73.5471957117029, 18.15450619714164], [73.54720959067403, 18.15458995802708], [73.54722347054347, 18.154673718872374], [73.54723734951463, 18.154757478823953], [73.54725122848578, 18.154841239588954], [73.54726510745691, 18.15492499946022], [73.54727898732637, 18.155008760144906], [73.5472900150448, 18.155092743577487], [73.54730104276322, 18.155176726969728], [73.54731207048164, 18.15526071032157], [73.54732309820007, 18.155344693633076], [73.5473341259185, 18.155428676904187], [73.54734515363694, 18.155512660134956], [73.54735618135537, 18.15559664332533], [73.54736720907377, 18.155680626475363], [73.54737823679221, 18.155764609585002], [73.54738926451066, 18.1558485926543], [73.54740029222907, 18.155932575683206], [73.54741131994751, 18.15601655867177], [73.54742234766591, 18.156100541619928], [73.54743337538434, 18.156184524527756], [73.54744440310279, 18.156268507395176], [73.54745543082123, 18.156352490222268], [73.54746645853962, 18.156436473008956], [73.54747748625806, 18.156520455755274], [73.54748851397649, 18.15660443846125], [73.54749954169492, 18.156688421126823], [73.54751056941336, 18.15677240375208], [73.54752159713176, 18.156856386336916], [73.54753262485019, 18.156940368881408], [73.54754365256863, 18.157024351385495], [73.54755468028708, 18.157108333849255], [73.5475657080055, 18.15719231627262], [73.54757673572391, 18.15727629865563], [73.54758776344234, 18.157360280998248], [73.54759879116077, 18.157444262446916], [73.54760981887921, 18.15752824470882], [73.54762084659761, 18.157612226930326], [73.54763187431605, 18.15769620911147], [73.54764290203448, 18.15778019125224], [73.54765392975293, 18.15786417335264], [73.54766495747135, 18.157948155412658], [73.54767598518976, 18.158032137432336], [73.54768701290818, 18.15811611941159], [73.54769804062663, 18.158200101350523], [73.54770906834506, 18.158284083249047], [73.5477200960635, 18.158368065107226], [73.5477311237819, 18.158452046925003], [73.54774215150033, 18.158536028702436], [73.54775317921876, 18.158620010439463], [73.5477642069372, 18.158703992136147], [73.5477752346556, 18.158787973792414], [73.54778626237403, 18.15887195540835], [73.54779729009248, 18.158955936983883], [73.5478083178109, 18.159039918519085], [73.54781934552935, 18.159123900013856], [73.54783037324775, 18.159207881468298], [73.54784140096618, 18.159291862882334], [73.5478524286846, 18.159375844256026], [73.54786345640305, 18.159459825589312], [73.54787448412148, 18.159543806882247], [73.54788551183988, 18.159627788134788], [73.54789653866001, 18.159711769346973], [73.54790756637843, 18.15979575051875], [73.54792541680145, 18.159877491027135], [73.54794326722447, 18.1599592314973], [73.54796111674916, 18.160040971075603], [73.54797896717216, 18.160122711469256], [73.54799681759518, 18.160204451824644], [73.5480146680182, 18.160286192141786], [73.5480325184412, 18.160367932420687], [73.54805036796589, 18.160449671807736], [73.5480682183889, 18.16053141201015], [73.5480860688119, 18.16061315217427], [73.54810391923493, 18.16069489230015], [73.54812176965794, 18.160776632387808], [73.54813961918263, 18.16085837158359], [73.54815746960564, 18.16094011159474], [73.54817532002865, 18.16102185156762], [73.54819316955334, 18.161103590648672], [73.54821101997636, 18.161185331398627], [73.54822886950106, 18.16126707040314], [73.54824671992405, 18.16134881022304], [73.54826457034707, 18.16143055000464], [73.54828241987177, 18.161512288894453], [73.54830027029479, 18.16159402859954], [73.54831812071778, 18.16167576826639], [73.54833597024248, 18.161757507041436], [73.5483538206655, 18.161839247485343], [73.54837167019019, 18.161920987037437], [73.54838951971489, 18.162002725697715], [73.54840737013791, 18.162084465173297], [73.5484252205609, 18.16216620461061], [73.54844307008558, 18.162247944009717], [73.54846092050862, 18.162329683370505], [73.54847877003331, 18.162411421839543], [73.54849662045633, 18.162493161123848], [73.54851447087933, 18.162574900369883], [73.54853232040402, 18.162656639577698], [73.54855017082704, 18.162738378747246], [73.54856802035174, 18.16282011702498], [73.54858586987642, 18.162901856118005], [73.54860372029944, 18.162983595172776], [73.5486116281689, 18.1630638686352], [73.54861953603834, 18.163144142060688], [73.5486274439078, 18.163224416302842], [73.54863535177721, 18.163304689654584], [73.54864325964667, 18.163384962969378], [73.54865116751611, 18.163465236247315], [73.54865907538556, 18.163545509488323], [73.548666983255, 18.163625782692456], [73.54867489112445, 18.163706056713245], [73.54868279899391, 18.163786329843557], [73.54869070686335, 18.163866602936995], [73.5486986147328, 18.163946875993506], [73.54870652260225, 18.164027149013158], [73.54871443047169, 18.164107421995876], [73.54872233834115, 18.164187695795274], [73.54873024621057, 18.164267968704216], [73.54873815408001, 18.16434824157624], [73.54876242296572, 18.16442457016402], [73.54878669185146, 18.16450089871839], [73.54881096073717, 18.164577227239405], [73.54883522962288, 18.164653555727064], [73.54885949850859, 18.16472988418139], [73.54888376739433, 18.164806212602333], [73.54890803628004, 18.16488254098989], [73.54893230606406, 18.16495887019765], [73.54895657494977, 18.165035198518495], [73.54898084383548, 18.165111526806005], [73.54900511272122, 18.165187855060122], [73.54902938250525, 18.16526418328088], [73.54905365139096, 18.165340511468266], [73.54907792117498, 18.16541683962232], [73.54910219006071, 18.16549316774298], [73.54918973897, 18.165495483405763], [73.54927728787925, 18.16549779992207], [73.54936483589022, 18.165500115584788], [73.5494523847995, 18.16550243210104], [73.54953993370879, 18.165504747763684], [73.54962393157771, 18.165478582395536], [73.54970792944667, 18.165452416169913], [73.54979192731564, 18.16542625079392], [73.5498759251846, 18.165400085413967], [73.54995992215522, 18.16537392003015], [73.5500439200242, 18.165347754642358], [73.55012791789314, 18.165321589250677], [73.5502119157621, 18.165295423855078], [73.55027058024173, 18.16524014320241], [73.55032924472137, 18.16518486338582], [73.55038791009932, 18.165129582698153], [73.55044657457893, 18.16507430199302], [73.55050523905858, 18.165019021270368], [73.5505639035382, 18.164963741383755], [73.55062256801781, 18.164908460626105], [73.55068123249747, 18.164853179850933], [73.5507398978754, 18.164797899058296], [73.55079856235503, 18.164742619101684], [73.55085722683468, 18.164687338274025], [73.55091589131429, 18.164632057428857], [73.55095765578848, 18.164557349819113], [73.55099942026267, 18.16448264217739], [73.55104118473686, 18.16440793535725], [73.55108294921105, 18.16433322765162], [73.55112471368523, 18.164258519914036], [73.55116647815942, 18.164183812144476], [73.55124213966255, 18.164147938303095], [73.55131780026734, 18.164112065307872], [73.55139346177047, 18.16407619145176], [73.55146912327358, 18.164040317588256], [73.55154478387841, 18.1640044437174], [73.5516204453815, 18.163968569839174], [73.55170805268128, 18.163971003312195], [73.55179565908274, 18.16397343678514], [73.5518832663825, 18.16397587111162], [73.55197087278397, 18.16397830458453], [73.55205848008373, 18.163980738910944], [73.55212870408444, 18.164020764456044], [73.55219892808513, 18.1640607891384], [73.55226915298417, 18.164100814665144], [73.55233937698486, 18.164140839329157], [73.55240960098557, 18.164180864837554], [73.55247982498626, 18.164220889483218], [73.552559670842, 18.164251873325703], [73.55263951669771, 18.16428285630917], [73.55271936255343, 18.164313840140665], [73.55279920840914, 18.1643448239667], [73.55287905426485, 18.16437580693363], [73.55295890012056, 18.16440679074867], [73.55303874597627, 18.164437773704623], [73.55311859183197, 18.16446875750866], [73.55314957652276, 18.164548373910115], [73.55318056121355, 18.164627990275257], [73.55321154590433, 18.164707605750547], [73.55324253059511, 18.164787222043085], [73.55327351528587, 18.16486683829935], [73.55330449997666, 18.164946454519296], [73.55333548376915, 18.1650260698494], [73.5533664684599, 18.165105685996764], [73.55339745315068, 18.16518530210782], [73.55342843784146, 18.165264918182565], [73.55345942163393, 18.16534453336747], [73.5534904063247, 18.165424149369624], [73.5535213910155, 18.165503765335494], [73.55355237570627, 18.16558338126505], [73.55358336039706, 18.165662996304782], [73.55361434508785, 18.1657426121617], [73.5536453297786, 18.16582222798237], [73.55367631446939, 18.16590184376672], [73.55370729826187, 18.165981458661253], [73.55373828295262, 18.166061074373022], [73.5537692676434, 18.16614069004848], [73.5538002523342, 18.16622030568763], [73.55383123612665, 18.166299920436938], [73.55386222081744, 18.166379536003483], [73.55389320550822, 18.166459151533743], [73.55392419019901, 18.166538767027696], [73.5539551748898, 18.166618381631793], [73.55398615958057, 18.166697997053138], [73.55401714427133, 18.16677761243819], [73.55404812896212, 18.166857227786927], [73.55407911275456, 18.166936842245825], [73.55411009744536, 18.16701645752196], [73.55414108213614, 18.167096072761797], [73.55417206682692, 18.167175687965326], [73.55420305061939, 18.167255302279003], [73.55423403531016, 18.16733491740995], [73.55426502000095, 18.167414532504562], [73.55429600469174, 18.167494147562895], [73.55432698938252, 18.167573761731393], [73.55435797407327, 18.167653376717105], [73.55438895876406, 18.167732991666497], [73.55441994345485, 18.167812606579602], [73.5544509272473, 18.16789222060289], [73.5544819119381, 18.167971835443392], [73.55451289662886, 18.16805145024758], [73.55454388131966, 18.16813106501549], [73.5545748651121, 18.16821067889353], [73.5546058498029, 18.168290293588818], [73.55463683449369, 18.168369908247797], [73.55466781918446, 18.168449522870468], [73.55469880387525, 18.168529136603297], [73.55472978856601, 18.16860875115336], [73.55476077325679, 18.16868836566713], [73.55479175794757, 18.168767980144576], [73.55482274174003, 18.168847593732192], [73.55485372643082, 18.168927208137035], [73.5548847111216, 18.169006822505565], [73.55491569581238, 18.1690864368378], [73.55494667960484, 18.169166050280232], [73.55497766429562, 18.169245664539822], [73.55500864898642, 18.16932527876313], [73.5550396336772, 18.16940489295014], [73.55507061836795, 18.169484506247333], [73.55510160305873, 18.169564120361727], [73.55513258774953, 18.169643734439823], [73.5551635724403, 18.169723348481558], [73.55519455623276, 18.16980296163353], [73.55522554092354, 18.169882575602696], [73.55529675666435, 18.169931944148964], [73.5553679724051, 18.16998131353476], [73.5554391881459, 18.17003068205309], [73.555510404785, 18.170080051410995], [73.55558162052574, 18.17012941990141], [73.55565283626655, 18.17017878837786], [73.5557240520073, 18.170228156840352], [73.55579526774811, 18.17027752614241], [73.55586648348886, 18.170326894576988], [73.55593770012796, 18.170376263851082], [73.55600891586876, 18.17042563225776], [73.55608013160955, 18.170475000650445], [73.55615134735031, 18.17052436988267], [73.5562225630911, 18.17057373824743], [73.55629377883187, 18.17062310659822], [73.55636499547094, 18.17067247578859], [73.55643621121175, 18.17072184411147], [73.5565074269525, 18.170771212420377], [73.55657864269331, 18.17082058156885], [73.55664985843407, 18.17086994984985], [73.55672107417486, 18.170919318116876], [73.55679229081396, 18.170968687223443], [73.5568635065547, 18.171018055462543], [73.55693472229551, 18.171067424541214], [73.5570059380363, 18.17111679275239], [73.55707715377707, 18.17116616094961], [73.55714836951786, 18.171215529986394], [73.55721958615695, 18.171264899009188], [73.55729080189772, 18.171314267164526], [73.55736201763851, 18.171363635305884], [73.55743323337927, 18.171413003433297], [73.55751415721332, 18.171450007541715], [73.55759508014906, 18.17148701164226], [73.55767600398312, 18.171524016588485], [73.55775692691888, 18.17156102067338], [73.5578378507529, 18.17159802560392], [73.557917230383, 18.171634466354377], [73.5579966109114, 18.17167090709725], [73.5580759905415, 18.171707346978984], [73.55815537017158, 18.171743787706614], [73.55823475069995, 18.17178022842664], [73.55831413033003, 18.17181666828556], [73.55839350996013, 18.171853108990398], [73.55847289048853, 18.171889549687585], [73.55855227011858, 18.171925989523682], [73.55863164974866, 18.17196243020568], [73.55871103027708, 18.17199887088008], [73.55879040990716, 18.172035310693317], [73.55886978953724, 18.17207175135252], [73.55894917006563, 18.17210819200407], [73.55902854969571, 18.172144632648056], [73.55910792932579, 18.172181072430874], [73.5591873098542, 18.17221751305963], [73.55926668948429, 18.172253953680762], [73.55934606911437, 18.172290393440782], [73.55942544964276, 18.17232683404669], [73.55950482927283, 18.172363274645026], [73.55958420890292, 18.172399714382234], [73.55966358943131, 18.172436154965304], [73.55974296906138, 18.172472595540793], [73.5598223495898, 18.172509036108696], [73.55990172921987, 18.17254547581546], [73.55998110884995, 18.172581916368124], [73.56006048937833, 18.172618356913155], [73.56013986900842, 18.17265479659712], [73.5602192486385, 18.172691237126973], [73.56029862916692, 18.172727677649192], [73.560378008797, 18.172764117310333], [73.56045738842708, 18.17280055781734], [73.56053676895546, 18.17283699831677], [73.56061614858555, 18.172873438808562], [73.56069552821563, 18.17290987843927], [73.56077490874401, 18.17294631891583], [73.56085428837409, 18.172982759384844], [73.56093366800418, 18.17301919899272], [73.56101304853259, 18.173055639446467], [73.56109242816268, 18.17309207989261], [73.56117180779276, 18.173128519477658], [73.56125118832114, 18.173164959908636], [73.56133056795123, 18.17320140033195], [73.56140994758131, 18.17323784074766], [73.56148932810973, 18.173274281155802], [73.56156870773977, 18.173310720702812], [73.5616526732694, 18.173334958536604], [73.56173663790067, 18.17335919551352], [73.5618206034303, 18.173383433340582], [73.5619045689599, 18.173407671164288], [73.5619885335912, 18.1734319081311], [73.5620724991208, 18.173456145948062], [73.5621564646504, 18.173480383761667], [73.5622404292817, 18.1735046207184], [73.5623243948113, 18.173528858525287], [73.5624083603409, 18.173553096328792], [73.56249232497221, 18.173577333275414], [73.5625762905018, 18.173601571072183], [73.56266025603139, 18.173625808865584], [73.5627442206627, 18.173650045802106], [73.56282818619229, 18.173674283588777], [73.56291215082359, 18.173698520518606], [73.5629961163532, 18.173722758298545], [73.5630800818828, 18.173746996075103], [73.5631640465141, 18.173771232994817], [73.5632480120437, 18.17379547076467], [73.56333197757334, 18.17381970767763], [73.5634159422046, 18.173843944587254], [73.5634999077342, 18.173868182347004], [73.56358387326382, 18.173892420103385], [73.5636678378951, 18.173916657002884], [73.56375180342472, 18.173940894752533], [73.56383576895433, 18.17396513164529], [73.5639197335856, 18.173989368534738], [73.56400369911523, 18.174013606274286], [73.56399088913926, 18.174096820097986], [73.56397807916332, 18.174180034735514], [73.56396526918738, 18.174263248479857], [73.56395245921144, 18.174346463038038], [73.56393964923545, 18.174429676703053], [73.56392683925951, 18.17451289118186], [73.56391402928357, 18.17459610476753], [73.56390121930762, 18.17467931831349], [73.56388840933164, 18.174762532673295], [73.5638755993557, 18.174845746139898], [73.56386278848143, 18.174928960420353], [73.56384997850549, 18.17501217380764], [73.56383716852955, 18.175095387155242], [73.56382435855359, 18.17517860131664], [73.56381154857763, 18.175261815438372], [73.56379873860169, 18.175345029520436], [73.56378592862575, 18.175428242709327], [73.56377311864979, 18.175511456712016], [73.56376030867382, 18.175594669821532], [73.56374749869788, 18.175677882891403], [73.5637346878236, 18.175761096775087], [73.56372187784766, 18.175844309765562], [73.56370906697339, 18.175927523569875], [73.56369625699745, 18.176010736480986], [73.56368344612318, 18.176093950205964], [73.56367063614724, 18.176177162184256], [73.5636578261713, 18.176260374976337], [73.56364501529701, 18.17634358858226], [73.56363220532107, 18.17642680129502], [73.56361939444679, 18.176510014821567], [73.56360658447085, 18.176593227454955], [73.56359377359658, 18.176676440048645], [73.5635809636206, 18.176759653456152], [73.56356815364467, 18.17684286597052], [73.56355534277039, 18.17692607929868], [73.56354253279443, 18.17700929173365], [73.56352972192016, 18.177092504982447], [73.56351691194422, 18.177175717338056], [73.56350737183591, 18.17725935212944], [73.5634978317276, 18.177342987734207], [73.5634882925176, 18.17742662244539], [73.5634787524093, 18.177510257116488], [73.56346921319928, 18.177593891747534], [73.56345967309097, 18.177677527191964], [73.56345013388095, 18.177761161742797], [73.56344059377264, 18.177844796253595], [73.56343105366432, 18.17792843157776], [73.56342151445433, 18.178012066008343], [73.56341197434598, 18.178095700398877], [73.56340243513601, 18.178179334749284], [73.56339289502768, 18.1782629699131], [73.56338335581769, 18.178346604183332], [73.56337381570934, 18.178430238413515], [73.56336427649937, 18.178513872603585], [73.56335473639103, 18.17859750760705], [73.56334519718105, 18.178681141716982], [73.56333565707271, 18.17876477578679], [73.5633261169644, 18.17884841066998], [73.56331657775439, 18.178932044659632], [73.56330703854442, 18.179015678609176], [73.56329749843607, 18.17909931251862], [73.56328795832776, 18.179182947241483], [73.56327841911775, 18.179266581070774], [73.56326887900944, 18.17935021485997], [73.56325933890113, 18.179433849462555], [73.56324979969112, 18.179517483171583], [73.56324026048111, 18.1796011168405], [73.5632307203728, 18.179684750469356], [73.56322118026449, 18.17976838491158], [73.5632116410545, 18.179852018460235], [73.56320210184447, 18.179935651968787], [73.56319256173616, 18.18001928543729], [73.56318302162785, 18.18010291971915], [73.56317348241785, 18.18018655310744], [73.56318349234508, 18.18026978617777], [73.56319350227226, 18.180353019208372], [73.5632035121995, 18.180436252199293], [73.56321352212672, 18.18051948515047], [73.5632235320539, 18.180602718061976], [73.56323354198112, 18.180685950933764], [73.56324355190831, 18.180769183765836], [73.56325356183554, 18.180852416558213], [73.56326357176276, 18.180935649310843], [73.56327358168994, 18.18101888202381], [73.56328359161718, 18.18110211469703], [73.56329360154436, 18.18118534733057], [73.56330361147158, 18.181268579924367], [73.5633136213988, 18.181351813331975], [73.563323631326, 18.18143504584636], [73.56333364125322, 18.181518278321064], [73.56334365118045, 18.181601510756025], [73.56335366110763, 18.1816847431513], [73.56336367103486, 18.181767975506848], [73.56337368096206, 18.181851207822714], [73.56338369088927, 18.181934440098825], [73.56339370081649, 18.182017672335267], [73.5634037107437, 18.182100904531975], [73.56341372067092, 18.182184136688978], [73.56342373059813, 18.182267368806304], [73.56343374052533, 18.182350600883858], [73.56344375045255, 18.182433832921742], [73.56345376037974, 18.182517064919885], [73.56346377030697, 18.182600296878345], [73.56347378023419, 18.18268352879706], [73.56348379016138, 18.1827667606761], [73.56349380008861, 18.18284999251539], [73.56350381001583, 18.182933224315015], [73.56351381904472, 18.183016456074867], [73.56352382897191, 18.183099687795053], [73.56353383889913, 18.183182919475534], [73.56354384882633, 18.18326615111626], [73.56355385875355, 18.183349382717314], [73.56356386868077, 18.183432614278612], [73.56357387860795, 18.183515846653677], [73.56358388853519, 18.183599078135575], [73.56359389846241, 18.18368230957773], [73.5636039083896, 18.183765540980204], [73.56361391831682, 18.183848772342973], [73.56362392824401, 18.183932003665998], [73.56363393727291, 18.184015234949328], [73.56364394720013, 18.184098466192914], [73.56365395622902, 18.184181697396824], [73.56366396615624, 18.184264928560985], [73.56367397608344, 18.184348159685452], [73.56368398601066, 18.18443139077018], [73.56369399503954, 18.18451462181522], [73.56370400496677, 18.18459785282052], [73.56372480276221, 18.18467908927488], [73.56374560055768, 18.184760325691375], [73.5637663974548, 18.184841562070062], [73.56378719525027, 18.184922798410874], [73.56380799304574, 18.185004034713888], [73.56382878994287, 18.18508527097904], [73.56384958773835, 18.185166507206382], [73.56387038463548, 18.18524774254242], [73.56389118153263, 18.185328978694066], [73.56391197932808, 18.185410214807902], [73.56393277622523, 18.185491450883873], [73.56395357402069, 18.18557268692204], [73.56397437181616, 18.185653922922313], [73.56399516871329, 18.185735158884807], [73.56401596650872, 18.185816394809425], [73.56403676340591, 18.185897630696232], [73.56405756120134, 18.185978866545188], [73.56407835809851, 18.186060102356326], [73.56409915589394, 18.186141338129598], [73.56411995279107, 18.18622257386505], [73.56414075058655, 18.186303809562638], [73.56416154748368, 18.18638504522243], [73.56418234438084, 18.186466279990892], [73.56420314217628, 18.18654751557501], [73.56422393997175, 18.186628751121233], [73.56424473686887, 18.186709986629666], [73.56426553466434, 18.18679122210023], [73.56428633156148, 18.18687245753298], [73.56430712935695, 18.18695369292787], [73.56432792625408, 18.187034928284948], [73.56434872404955, 18.187116163604156], [73.56436952094668, 18.187197398885548], [73.56439031874216, 18.18727863412907], [73.5644111156393, 18.18735986933478], [73.56443191343476, 18.18744110450263], [73.5644527103319, 18.187522339632668], [73.56447350812736, 18.187603574724832], [73.56449430502451, 18.18768480892573], [73.56451510281994, 18.187766043942247], [73.56453589971711, 18.18784727892089], [73.56455669751254, 18.187928513861724], [73.5645774944097, 18.188009748764685], [73.56459829220515, 18.188090983629834], [73.56461908910228, 18.188172218457108], [73.56463988689775, 18.18825345324655], [73.56467078445195, 18.188332882990498], [73.56470168200615, 18.18841231355168], [73.56473257956034, 18.188491743223267], [73.56476347711454, 18.188571172858655], [73.56479437466875, 18.188650603311295], [73.56482527222295, 18.188730032874343], [73.56485616977714, 18.18880946240119], [73.56488706733131, 18.188888892745293], [73.56491796488551, 18.188968322199813], [73.56494886243972, 18.189047751618133], [73.56497975999392, 18.189127181853706], [73.56501065754811, 18.18920661119964], [73.56504155510231, 18.18928604050944], [73.56507245265651, 18.189365468929605], [73.56510335021072, 18.18944489902045], [73.56513424776492, 18.189524328221655], [73.56516514531911, 18.189603757386728], [73.56519604287332, 18.189683187369027], [73.56522694042752, 18.1897626164617], [73.56525783798169, 18.189842045518226], [73.56528873553589, 18.18992147539198], [73.56531963309008, 18.190000904376145], [73.5653505306443, 18.19008033332409], [73.56538142819848, 18.190159763089294], [73.56541232575267, 18.190239191964913], [73.56544322330689, 18.190318620804312], [73.56547412086108, 18.190398050460974], [73.56550501841528, 18.190477479228033], [73.56553591596949, 18.190556907958896], [73.56556681352369, 18.190636337507037], [73.56559771017955, 18.190715766165514], [73.56562860773376, 18.190795194787857], [73.56565950528795, 18.190874624227412], [73.56569040284215, 18.190954052777343], [73.56572130039636, 18.19103348129114], [73.56575219795052, 18.191112910622138], [73.56578309550473, 18.191192339063523], [73.56581399305892, 18.191271767468763], [73.56584489061312, 18.191351196691212], [73.56587578726902, 18.191430625024076], [73.56590668482319, 18.19151005332073], [73.56593758237739, 18.19158948158123], [73.5659684799316, 18.191668910658954], [73.5659993765875, 18.191748338847038], [73.5660302741417, 18.19182776699899], [73.56606117169589, 18.19190719596814], [73.56609206925006, 18.191986624047683], [73.56612296590598, 18.192066052091075], [73.56615386346017, 18.19214548095167], [73.56618476011603, 18.192224908922686], [73.56621565767024, 18.19230433771093], [73.56624655522444, 18.192383766462964], [73.56627745188031, 18.192463194325384], [73.56627495456381, 18.192486227895223], [73.56627494917393, 18.192486271419206], [73.5662606111637, 18.19256649034676], [73.56624627405175, 18.19264670838402], [73.5662319360415, 18.192726927237747], [73.56621759803123, 18.192807146054612], [73.56620326091932, 18.192887363981104], [73.56618892290905, 18.192967582724133], [73.56617458489882, 18.19304780143023], [73.56616024688859, 18.193128020099405], [73.56614590977664, 18.19320823787829], [73.56613157176639, 18.193288456473653], [73.56611723465446, 18.19336867503212], [73.56610289754252, 18.193448892700236], [73.56608855953226, 18.193529111184887], [73.56607460869591, 18.193607164542332], [73.56606065785952, 18.1936852187182], [73.56604670702316, 18.193763272005775], [73.56603275618681, 18.193841325258365], [73.56601880535045, 18.19391937847602], [73.56600485451409, 18.193997432512095], [73.56599090367774, 18.19407548565988], [73.56597695284135, 18.194153538772692], [73.56596300200499, 18.194231591850542], [73.56594905116864, 18.194309645746863], [73.56593510123058, 18.19438769875483], [73.56592115039423, 18.194465751727837], [73.56590881113549, 18.194543925848844], [73.56589647187675, 18.19462209908142], [73.565884132618, 18.194700273132344], [73.56587179425756, 18.194778446294798], [73.56585872197357, 18.194861257648935], [73.56584564968954, 18.194944068963757], [73.56583257830384, 18.195026880239208], [73.56581950601985, 18.195109691475373], [73.56580643373582, 18.195192503525554], [73.56579336235012, 18.19527531468298], [73.56578029096441, 18.195358125801068], [73.56576721868039, 18.19544093687986], [73.56575414729468, 18.19552374791927], [73.56574107501069, 18.195606558919348], [73.56572800272667, 18.195689369880103], [73.56571493134096, 18.19577218080148], [73.56570185905697, 18.195854991683557], [73.56568878677295, 18.195937803379667], [73.56567571538724, 18.196020614183034], [73.56566264400155, 18.19610342494704], [73.56564957171751, 18.196186235671757], [73.56563650033182, 18.196269046357084], [73.56562342804783, 18.196351857003116], [73.56561035666213, 18.196434667609758], [73.5655972843781, 18.196517478177064], [73.5655842129924, 18.19660028870506], [73.56557114070841, 18.19668310004707], [73.5655580693227, 18.19676591049634], [73.56554499703869, 18.19684872090627], [73.56553192565298, 18.196931531276892], [73.56551885336899, 18.197014341608124], [73.5654975255675, 18.197092674169877], [73.565476197766, 18.19717100754977], [73.56545486996455, 18.197249340041104], [73.56543354216306, 18.197327673350593], [73.56541221436157, 18.197406005771484], [73.56539088656012, 18.197484338157196], [73.56536955786034, 18.197562671361077], [73.56534823005885, 18.197641003676374], [73.56532690135906, 18.19771933680984], [73.56530557355758, 18.19779766905472], [73.56527827195946, 18.19787602089225], [73.56525097125967, 18.197954371841142], [73.56522366966155, 18.198032723608243], [73.56519636896176, 18.198111074486693], [73.56516906736366, 18.198189426183326], [73.56514176666383, 18.198267776991347], [73.56511446506573, 18.198346128617533], [73.56508716436592, 18.198424479355126], [73.5650598627678, 18.198502830910844], [73.56503256116967, 18.19858118243135], [73.56500526046989, 18.19865953306327], [73.56497795887176, 18.198737884513317], [73.56495065817198, 18.198816235074798], [73.56492335657386, 18.1988945864544], [73.56489605587407, 18.198972936945385], [73.56486875427595, 18.199051288254573], [73.56484145357616, 18.199129638675117], [73.56481415197804, 18.199207989913823], [73.56478685127821, 18.199286340263935], [73.5647595496801, 18.199364691432198], [73.56473171897429, 18.199444554749526], [73.56470388826848, 18.19952441803024], [73.56467605756268, 18.19960428127436], [73.56464822685686, 18.199684144481886], [73.56462039615103, 18.19976400850621], [73.56459256544521, 18.199843871640528], [73.5645647347394, 18.19992373473822], [73.5645369040336, 18.20000359779936], [73.56450907332774, 18.200083460823887], [73.56448124262195, 18.20016332381181], [73.56445341191613, 18.200243186763146], [73.56442558121032, 18.200323049677863], [73.56439775050448, 18.200402912555994], [73.56436991979866, 18.20048277539751], [73.56434208819452, 18.200562639055832], [73.56431425748873, 18.20064250182416], [73.56428642678291, 18.200722364555883], [73.5642585960771, 18.200802227251003], [73.56423076537126, 18.200882089909523], [73.56420089009985, 18.200962339961272], [73.56417101482845, 18.201042589976087], [73.56414113955704, 18.201122839953943], [73.56411126518397, 18.20120308904146], [73.56408138991257, 18.201283338945398], [73.56405151553948, 18.201363588812356], [73.56402164026807, 18.20144383864238], [73.56398497463144, 18.20151922936396], [73.56394830899481, 18.2015946209063], [73.56391164335817, 18.20167001156264], [73.56387497772154, 18.201745403039716], [73.56383831208488, 18.20182079363083], [73.56380164644825, 18.20189618504269], [73.56376498081161, 18.20197157556855], [73.56372831517498, 18.202046966915148], [73.56369164953837, 18.202122357375767], [73.5636549839017, 18.202197748657152], [73.56361831826507, 18.202273139052547], [73.56358165262844, 18.20234853026869], [73.56354498699181, 18.202423920598843], [73.56350832135519, 18.202499311749722], [73.56347165571852, 18.202574702014623], [73.56343499008189, 18.20265009310029], [73.56339832444526, 18.202725483299965], [73.56336165880863, 18.20280087432035], [73.56332499317197, 18.202876264454787], [73.56328832663704, 18.202951655409958], [73.56325166100038, 18.203027045479157], [73.56321499536375, 18.20310243636909], [73.56317832972712, 18.203177826373032], [73.56314166409048, 18.203253217197688], [73.56310499845387, 18.203328607136406], [73.5630683319189, 18.203403997895858], [73.56303166628227, 18.20347938776931], [73.5629950006456, 18.203554778463488], [73.56295833500897, 18.20363016827174], [73.56292166937236, 18.203705558900676], [73.56288500373572, 18.203780948643647], [73.56285964519356, 18.20383016935145], [73.5628342857531, 18.20387939004532]], [[73.54670677576173, 18.176169970668948], [73.54679621921792, 18.176165729671954], [73.54688477334203, 18.176153047647908], [73.54697155868332, 18.176132052618627], [73.54705571285912, 18.176102951126094], [73.54713639863965, 18.17606603420682], [73.5472128147276, 18.17602166715032], [73.54728420204658, 18.175970291206276], [73.54734985002924, 18.175912418463906], [73.54740910649863, 18.175848622463757], [73.54746138395659, 18.175779537344603], [73.54750616138024, 18.17570585101574], [73.54754299410352, 18.17562829406195], [73.54757151561381, 18.17554763803671], [73.54759144384005, 18.175464685220575], [73.54760257935634, 18.175380259232856], [73.54760481166983, 18.175295199057214], [73.54759811922095, 18.175210350507104], [73.54758256848507, 18.175126556836936], [73.54755831307406, 18.175044650207408], [73.54752559553312, 18.174965445710747], [73.54748473925565, 18.1748897294216], [73.54743615207691, 18.174818254129445], [73.5473803154938, 18.174751730803322], [73.54731778556351, 18.174690820056544], [73.54724918212356, 18.17463612702545], [73.54717518879191, 18.174588196248088], [73.54709654039046, 18.174547503128984], [73.5470140175552, 18.174514452231772], [73.54692844134631, 18.174489373011514], [73.54684066246834, 18.174472512986487], [73.54675155318539, 18.174464041151854], [73.54666199833808, 18.174464041151854], [73.54657288905517, 18.174472512986487], [73.54648511017719, 18.174489373011514], [73.54639953396827, 18.174514452231772], [73.546317011133, 18.174547503128984], [73.54623836273156, 18.174588196248088], [73.54616436939995, 18.17463612702545], [73.54609576596, 18.174690820056544], [73.5460332360297, 18.174751730803322], [73.54597739944658, 18.174818254129445], [73.54592881226782, 18.1748897294216], [73.5458879559904, 18.174965445710747], [73.5458552384494, 18.175044650207408], [73.5458309830384, 18.175126556836936], [73.54581543230255, 18.175210350507104], [73.54580873985368, 18.175295199057214], [73.54581097216716, 18.175380259232856], [73.54582210768342, 18.175464685220575], [73.5458420359097, 18.17554763803671], [73.54587055741995, 18.17562829406195], [73.54590739014323, 18.17570585101574], [73.54595216756688, 18.175779537344603], [73.54600444502483, 18.175848622463757], [73.54606370149425, 18.175912418463906], [73.5461293494769, 18.175970291206276], [73.5462007367959, 18.17602166715032], [73.54627715288386, 18.17606603420682], [73.54635783866435, 18.176102951126094], [73.54644199284017, 18.176132052618627], [73.54652877818145, 18.176153047647908], [73.54661733230553, 18.176165729671954], [73.54670677576173, 18.176169970668948]]]}}]}