{"type": "FeatureCollection", "features": [{"type": "Feature", "properties": {"premiumdata.sde.IN_Village_PCA.area": 33.58134453, "objectid": 116555, "id": "275004092633280", "name": "Kumbha", "subdistrict": "Maregaon", "district": "Yavatmal", "state": "Maharashtra", "country": "India", "censusname": "Kumbha", "villagename_locallang": null, "lgd_villagename": "Kumbha", "lgd_villagecode": 543704, "lgd_subdistrictcode": 4092, "lgd_districtcode": 500, "lgd_statecode": 27, "censuscode2001": "01863300", "censuscode2011": "543704", "censuscode2021": null, "level": "Village", "tru": "Rural", "no_hh": 746, "tot_p": 2964, "tot_m": 1528, "tot_f": 1436, "per_tot_m": 51.55195682, "per_tot_f": 48.44804318, "p_06": 311, "m_06": 156, "f_06": 155, "per_p_06": 10.4925776, "per_m_06": 50.1607717, "per_f_06": 49.8392283, "p_sc": 145, "m_sc": 74, "f_sc": 71, "per_p_sc": 4.89203779, "per_m_sc": 51.03448276, "per_f_sc": 48.96551724, "p_st": 344, "m_st": 178, "f_st": 166, "per_p_st": 11.60593792, "per_m_st": 51.74418605, "per_f_st": 48.25581395, "p_lit": 2309, "m_lit": 1253, "f_lit": 1056, "per_p_lit": 77.90148448, "per_m_lit": 54.26591598, "per_f_lit": 45.73408402, "p_ill": 655, "m_ill": 275, "f_ill": 380, "per_p_ill": 22.09851552, "per_m_ill": 41.98473282, "per_f_ill": 58.01526718, "tot_work_p": 1666, "tot_work_m": 929, "tot_work_f": 737, "per_tot_work_p": 56.20782726, "per_tot_work_m": 55.76230492000001, "per_tot_work_f": 44.23769508, "mainwork_p": 1631, "mainwork_m": 916, "mainwork_f": 715, "per_mainwork_p": 55.02699055, "per_mainwork_m": 56.16186389, "per_mainwork_f": 43.83813611, "main_cl_p": 361, "main_cl_m": 269, "main_cl_f": 92, "per_main_cl_p": 22.13366033, "per_main_cl_m": 74.51523546, "per_main_cl_f": 25.48476454, "main_al_p": 1161, "main_al_m": 564, "main_al_f": 597, "per_main_al_p": 71.18332311, "per_main_al_m": 48.57881137, "per_main_al_f": 51.42118863, "main_hh_p": 22, "main_hh_m": 18, "main_hh_f": 4, "per_main_hh_p": 1.34886573, "per_main_hh_m": 81.81818182, "per_main_hh_f": 18.18181818, "main_ot_p": 87, "main_ot_m": 65, "main_ot_f": 22, "per_main_ot_p": 5.33415083, "per_main_ot_m": 74.71264368, "per_main_ot_f": 25.28735632, "margwork_p": 35, "margwork_m": 13, "margwork_f": 22, "per_margwork_p": 1.18083671, "per_margwork_m": 37.14285714, "per_margwork_f": 62.85714286, "marg_cl_p": 7, "marg_cl_m": 1, "marg_cl_f": 6, "per_marg_cl_p": 20.0, "per_marg_cl_m": 14.28571429, "per_marg_cl_f": 85.71428571, "marg_al_p": 23, "marg_al_m": 10, "marg_al_f": 13, "per_marg_al_p": 65.71428571, "per_marg_al_m": 43.47826087, "per_marg_al_f": 56.52173913, "marg_hh_p": 0, "marg_hh_m": 0, "marg_hh_f": 0, "per_marg_hh_p": 0.0, "per_marg_hh_m": 0.0, "per_marg_hh_f": 0.0, "marg_ot_p": 5, "marg_ot_m": 2, "marg_ot_f": 3, "per_marg_ot_p": 14.28571429, "per_marg_ot_m": 40.0, "per_marg_ot_f": 60.0, "margwork_3_6_p": 35, "margwork_3_6_m": 13, "margwork_3_6_f": 22, "per_margwork_3_6_p": 100.0, "per_margwork_3_6_m": 37.14285714, "per_margwork_3_6_f": 62.85714286, "marg_cl_3_6_p": 7, "marg_cl_3_6_m": 1, "marg_cl_3_6_f": 6, "per_marg_cl_3_6_p": 20.0, "per_marg_cl_3_6_m": 14.28571429, "per_marg_cl_3_6_f": 85.71428571, "marg_al_3_6_p": 23, "marg_al_3_6_m": 10, "marg_al_3_6_f": 13, "per_marg_al_3_6_p": 65.71428571, "per_marg_al_3_6_m": 43.47826087, "per_marg_al_3_6_f": 56.52173913, "marg_hh_3_6_p": 0, "marg_hh_3_6_m": 0, "marg_hh_3_6_f": 0, "per_marg_hh_3_6_p": 0.0, "per_marg_hh_3_6_m": 0.0, "per_marg_hh_3_6_f": 0.0, "marg_ot_3_6_p": 5, "marg_ot_3_6_m": 2, "marg_ot_3_6_f": 3, "per_marg_ot_3_6_p": 14.28571429, "per_marg_ot_3_6_m": 40.0, "per_marg_ot_3_6_f": 60.0, "margwork_0_3_p": 0, "margwork_0_3_m": 0, "margwork_0_3_f": 0, "per_margwork_0_3_p": 0.0, "per_margwork_0_3_m": 0.0, "per_margwork_0_3_f": 0.0, "marg_cl_0_3_p": 0, "marg_cl_0_3_m": 0, "marg_cl_0_3_f": 0, "per_marg_cl_0_3_p": 0.0, "per_marg_cl_0_3_m": 0.0, "per_marg_cl_0_3_f": 0.0, "marg_al_0_3_p": 0, "marg_al_0_3_m": 0, "marg_al_0_3_f": 0, "per_marg_al_0_3_p": 0.0, "per_marg_al_0_3_m": 0.0, "per_marg_al_0_3_f": 0.0, "marg_hh_0_3_p": 0, "marg_hh_0_3_m": 0, "marg_hh_0_3_f": 0, "per_marg_hh_0_3_p": 0.0, "per_marg_hh_0_3_m": 0.0, "per_marg_hh_0_3_f": 0.0, "marg_ot_0_3_p": 0, "marg_ot_0_3_m": 0, "marg_ot_0_3_f": 0, "per_marg_ot_0_3_p": 0.0, "per_marg_ot_0_3_m": 0.0, "per_marg_ot_0_3_f": 0.0, "non_work_p": 1298, "non_work_m": 599, "non_work_f": 699, "per_non_work_p": 43.79217274, "per_non_work_m": 46.14791988, "per_non_work_f": 53.85208012, "per_hc_tot_tot": 100, "per_hc_tot_god": 56.2, "per_hc_tot_liv": 36.0, "per_hc_tot_dil": 7.8, "per_hc_res_tot": 98.0, "per_hc_res_god": 54.8, "per_hc_res_liv": 35.6, "per_hc_res_dil": 7.7, "per_hc_oth_tot": 2.0, "per_hc_oth_god": 1.4, "per_hc_oth_liv": 0.4, "per_hc_oth_dil": 0.1, "per_mt_grsbam": 0.6, "per_mt_plastic": 0.4, "per_mt_h_tiles": 3.8, "per_mt_m_tiles": 24.0, "per_mt_b_brick": 0.1, "per_mt_stone": 0.1, "per_mt_asbstos": 58.4, "per_mt_concrte": 12.6, "per_mt_oth": 0.0, "per_mw_grsbam": 3.5, "per_mw_plastic": 0.7, "per_mw_mud": 57.7, "per_mw_wood": 0.3, "per_mw_no_mrtr": 4.5, "per_mw_st_mrtr": 4.6, "per_mw_asbstos": 0.0, "per_mw_b_brick": 14.9, "per_mw_concrte": 13.5, "per_mw_oth": 0.3, "per_mf_mud": 50.6, "per_mf_wood": 0.0, "per_mf_b_brick": 3.1, "per_mf_stone": 21.9, "per_mf_cement": 13.4, "per_mf_fl_tile": 10.6, "per_mf_oth": 0.4, "per_dw_n_exrm": 2.8, "per_dw_1_room": 28.0, "per_dw_2_room": 53.3, "per_dw_3_room": 10.0, "per_dw_4_room": 3.8, "per_dw_5_room": 1.4, "per_dw_6_room": 0.7, "per_hhsize_1": 7.5, "per_hhsize_2": 11.9, "per_hhsize_3": 16.6, "per_hhsize_4": 30.3, "per_hhsize_5": 18.1, "per_hhsize_6_8": 14.4, "per_hhsize_9p": 1.3, "per_ow_owned": 92.1, "per_ow_rented": 3.9, "per_ow_oth": 4.0, "per_mc_none": 15.9, "per_mcouple_1": 72.1, "per_mcouple_2": 11.2, "per_mcouple_3": 0.8, "per_mcouple_4": 0.0, "per_mcouple_5p": 0.0, "per_dw_t_ts": 0.0, "per_dw_t_unts": 0.0, "per_dw_c_well": 0.6, "per_dw_unc_wel": 54.0, "per_dw_hpump": 16.7, "per_dw_tw_bore": 10.7, "per_dw_spring": 0.0, "per_dw_rivcan": 0.0, "per_dw_tank": 0.0, "per_dw_oth": 18.0, "per_loc_dw_wp": 27.2, "per_loc_dw_np": 23.8, "per_loc_dw_aw": 49.0, "per_light_elec": 74.3, "per_light_kero": 25.5, "per_light_solr": 0.1, "per_light_oil": 0.0, "per_light_oth": 0.0, "per_light_no": 0.0, "per_hh_latrine": 34.9, "per_fl_sewer": 0.1, "per_fl_septict": 5.0, "per_fl_othsys": 2.4, "per_pl_wslab": 22.0, "per_pl_without": 0.0, "per_ns_open": 0.4, "per_sl_ns_hum": 0.0, "per_sl_ns_anml": 4.9, "per_hh_no_lat": 65.1, "per_as_pub": 1.0, "per_as_open": 64.2, "per_hh_bathrm": 34.9, "per_hh_en_wrf": 22.7, "per_hh_no_btrm": 42.4, "per_wwoc_drain": 5.4, "per_wwoc_open": 27.9, "per_wwoc_nodrn": 66.7, "per_cook_fire": 79.2, "per_cook_resdu": 0.7, "per_cook_cwdng": 0.0, "per_cook_coal": 0.1, "per_cook_kero": 0.3, "per_cook_lpng": 18.5, "per_cook_elec": 0.3, "per_cook_biogs": 0.1, "per_cook_oth": 0.1, "per_cook_no": 0.6, "per_kf_inside": 93.7, "per_kf_in_has": 47.0, "per_kf_in_does": 46.7, "per_kf_outside": 5.7, "per_kf_out_has": 3.1, "per_kf_out_dos": 2.6, "per_kf_no_cook": 0.6, "per_hh_banking": 61.1, "per_hh_radio": 5.3, "per_hh_tv": 39.6, "per_hh_cmp_int": 0.3, "per_hh_cmp_wnt": 2.0, "per_hh_ph_ll": 2.1, "per_hh_ph_mob": 37.7, "per_hh_ph_bth": 4.3, "per_hh_bcycl": 21.8, "per_hh_2wheel": 16.6, "per_hh_4wheel": 1.5, "per_hh_tvcomp": 1.0, "per_hh_no_ast": 38.9, "per_hs_perma": 37.5, "per_hs_sperma": 61.2, "per_hs_temp": 1.0, "per_hs_servc": 0.4, "per_hs_nservc": 0.6, "per_hs_unclss": 0.3, "avghhsz_cy": 3.97319035, "st_areashape": 38304061.01787832, "st_lengthshape": 33939.060579007586}, "geometry": {"type": "Polygon", "coordinates": [[[78.7860416015301, 20.209213828973112], [78.78595550429833, 20.20922199692326], [78.78586940706658, 20.20923016487302], [78.7857833098348, 20.209238332822316], [78.78569721350131, 20.209246500771183], [78.78561111626954, 20.20925466871965], [78.78552501903776, 20.209262836667655], [78.78543892180599, 20.209271004615246], [78.7853528245742, 20.209279172562432], [78.78526672734243, 20.20928734050916], [78.78518063100898, 20.209295508455455], [78.7850945337772, 20.20930367640136], [78.78500843654543, 20.20931184434679], [78.78492233931365, 20.209320012291798], [78.78483624208187, 20.209328180236415], [78.7847501448501, 20.20933634818057], [78.78466404851665, 20.209344516124286], [78.78457795128486, 20.209352684067618], [78.7844918540531, 20.209360851167453], [78.78440575682131, 20.209369019109932], [78.78432716411542, 20.209399601892382], [78.78424857051124, 20.209430185511856], [78.78416997780533, 20.209460768282288], [78.7840913842011, 20.20949135188974], [78.78401279149523, 20.20952193464816], [78.78393419878932, 20.20955251740055], [78.78385560518514, 20.20958310098997], [78.78377701247925, 20.20961368457339], [78.78369841887503, 20.20964426815079], [78.78361982616913, 20.20967485087916], [78.78354123256491, 20.20970543444455], [78.78346263985901, 20.2097360171609], [78.78338404715313, 20.209766600714268], [78.78330545354893, 20.20979718426162], [78.78322686084304, 20.20982776695994], [78.78314826723881, 20.20985835049528], [78.78306967453294, 20.209888933181592], [78.78299081592573, 20.209910171107826], [78.78291195821681, 20.209931409031174], [78.78283309960959, 20.209952646951606], [78.7827542410024, 20.209973884869136], [78.7826753832935, 20.209995122783795], [78.78259652468626, 20.210016360695537], [78.78251766607904, 20.21003759860437], [78.78243880747186, 20.21005883651035], [78.78235994976295, 20.21008007441339], [78.78228109115572, 20.21010131231353], [78.78220027961106, 20.210128244728466], [78.78211946806644, 20.21015517713872], [78.78203865742012, 20.21018210954434], [78.78195784587547, 20.210209041945284], [78.7818770343308, 20.210235974341543], [78.78179622278617, 20.21026290673316], [78.78171541124152, 20.21028983912013], [78.7816345996969, 20.210316771502434], [78.78155378905055, 20.21034370388008], [78.78147297750591, 20.210370636253057], [78.78139216596126, 20.210397568621353], [78.78130855257125, 20.21041540410511], [78.78122493828292, 20.210433239586806], [78.78114132489291, 20.21045107506645], [78.78105771060459, 20.210468910544048], [78.78097409721455, 20.210486745176613], [78.78089048382455, 20.21050457980714], [78.7808068695362, 20.210522415278604], [78.7807232561462, 20.210540250748036], [78.78063964185787, 20.210558086215443], [78.78055602846784, 20.210575920837766], [78.78047230009346, 20.2105975827019], [78.7803885708208, 20.21061924456302], [78.78030484244641, 20.21064090642114], [78.78022111317375, 20.210662569119204], [78.78013738479935, 20.210684230971292], [78.78005365552669, 20.210705893663327], [78.7799699271523, 20.210727555509383], [78.77988619787962, 20.21074921735239], [78.77980246950527, 20.210770879192403], [78.77971874023257, 20.21079254187239], [78.77963428422282, 20.210815360307972], [78.77954982821308, 20.210838178740172], [78.7794653722033, 20.21086099716901], [78.77938091709187, 20.210883815594556], [78.77929646108213, 20.210906634859704], [78.77921200507238, 20.21092945412153], [78.7791275490626, 20.210952272537035], [78.77905370574963, 20.21097066096731], [78.77897986153833, 20.21098904939542], [78.77890601732702, 20.211007437821355], [78.77883217401406, 20.211025826245127], [78.77875833070104, 20.2110442146667], [78.77868448648974, 20.21106260308616], [78.77860684599807, 20.211090350518194], [78.77852920640471, 20.211118097102318], [78.778451565913, 20.21114584452448], [78.77837392631963, 20.211173591941705], [78.77829628582792, 20.21120133935397], [78.77821864623455, 20.211229085918298], [78.77814100574285, 20.211256833320665], [78.77807017537934, 20.21128949794588], [78.7779993450158, 20.21132216256423], [78.7779285146523, 20.211354827175736], [78.7778576851871, 20.211387490937398], [78.77778685482357, 20.211420155535148], [78.77771602446005, 20.21145282012608], [78.77764519409654, 20.211485484710156], [78.77758627988527, 20.21154395267996], [78.77752736567396, 20.211602420627834], [78.77746845146267, 20.211660888553713], [78.7774095372514, 20.211719356457618], [78.77735062304014, 20.211777824339563], [78.77729170882884, 20.21183629219954], [78.7772327955159, 20.211894759194557], [78.77717388130459, 20.211953227010618], [78.77711496709333, 20.21201169480469], [78.77705605288205, 20.212070162576833], [78.77699713867077, 20.212128630326976], [78.7769382244595, 20.212187098055164], [78.77686803818804, 20.212233251270757], [78.77679785191658, 20.21227940447266], [78.7767276656451, 20.2123255585039], [78.77665747937364, 20.212371711678447], [78.77658729400049, 20.212417864839285], [78.77651710772903, 20.212464017986456], [78.77644692145758, 20.2125101719629], [78.77637673518609, 20.21255632508268], [78.77630654891463, 20.212602478188785], [78.77623636264317, 20.212648631281215], [78.77616617637172, 20.21269478435993], [78.77609599010023, 20.212740938267952], [78.77602580382879, 20.21278709131929], [78.77595561845563, 20.212833244356947], [78.77588543218417, 20.212879397380917], [78.77581524591271, 20.2129255512342], [78.77574505964127, 20.212971704230792], [78.77567487336977, 20.213017857213693], [78.77559022961213, 20.212991162179673], [78.77550558585449, 20.212964467984058], [78.77542094209686, 20.212937772940855], [78.77533629833921, 20.212911078736067], [78.77525165458154, 20.21288438368374], [78.77516701082389, 20.212857688626794], [78.77508236796459, 20.212830994408268], [78.77499772420694, 20.2128042993422], [78.77491308044928, 20.212777604271526], [78.77482843669164, 20.212750909196284], [78.77474379293399, 20.212724214116452], [78.77465914917634, 20.212697519032027], [78.7745745054187, 20.212670823943057], [78.77448673462554, 20.212657087355065], [78.77439896293407, 20.212643349922878], [78.77431119214093, 20.212629613332492], [78.77422342044946, 20.21261587589789], [78.77413564965633, 20.212602139305048], [78.77404787796486, 20.212588401868015], [78.7739601071717, 20.212574665272744], [78.77387233637856, 20.212560928676293], [78.77378456468709, 20.21254719123562], [78.77369679389395, 20.21253345463671], [78.77360902220248, 20.21251971719362], [78.7735212514093, 20.21250598059232], [78.77343347971784, 20.212492243146798], [78.77334570892471, 20.212478506543057], [78.77325793813158, 20.21246476993808], [78.77317016644011, 20.21245103248892], [78.77308239564692, 20.21243729588155], [78.77299462395547, 20.21242355927295], [78.77290685316233, 20.21240982266316], [78.77281908147086, 20.21239608605213], [78.77273131067773, 20.212382349439928], [78.77264732718179, 20.21237583729899], [78.7725633445842, 20.212369326000793], [78.7724793610883, 20.212362814702292], [78.77239537759239, 20.21235630256056], [78.77231139409645, 20.212349790418553], [78.77222741149887, 20.212343279119263], [78.77214342800296, 20.21233676781968], [78.77205944450705, 20.212330255676868], [78.77197546101111, 20.21232374353375], [78.77189147841355, 20.21231723139037], [78.77180749491764, 20.212310719246705], [78.77171905398127, 20.21231772791498], [78.77163061394322, 20.21232473658292], [78.77154217300688, 20.212331745250534], [78.77145373296884, 20.212338753917827], [78.7713652920325, 20.212345762584814], [78.77127685109613, 20.212352771251474], [78.77118841105809, 20.212359779917826], [78.77109997012175, 20.212366788583857], [78.7710115291854, 20.2123737980926], [78.77092308914737, 20.212380806758], [78.770834648211, 20.212387815423092], [78.77074620817297, 20.212394824087852], [78.77065776723661, 20.212401833595322], [78.77056932630028, 20.212408843102473], [78.77048088626223, 20.212415851766306], [78.77039244532587, 20.212422861272795], [78.77030400438953, 20.212429869936006], [78.77021556435149, 20.212436878598897], [78.77012712341514, 20.21244388810443], [78.77003868337711, 20.212450896766686], [78.76995024244073, 20.212457906271638], [78.76997728532406, 20.212377816652655], [78.77000432910567, 20.21229772614945], [78.77003137198899, 20.212217636448052], [78.77005841577062, 20.21213754670542], [78.77008545865394, 20.212057456921546], [78.77011250243555, 20.211977366253485], [78.77013954531887, 20.211897276387194], [78.7701665882022, 20.211817185636697], [78.77019363108552, 20.21173709568798], [78.77022067486715, 20.211657004855056], [78.77024771775046, 20.211576914823898], [78.77027476063375, 20.21149682390852], [78.77030180351707, 20.211416733794948], [78.7703288472987, 20.211336642797143], [78.77035589018202, 20.211256552601128], [78.77038293306533, 20.211176462363884], [78.77040997594867, 20.211096372085432], [78.77043701973027, 20.21101628092276], [78.7704640626136, 20.210936190561892], [78.77049110639523, 20.210856099316793], [78.77051814927854, 20.210776008873484], [78.77054519216186, 20.210695917545944], [78.77057223504515, 20.210615827020224], [78.77059927792847, 20.210535735610257], [78.77062632081179, 20.210455645002096], [78.77065336369508, 20.210375554352712], [78.77068040657839, 20.2102954628191], [78.77070744946172, 20.210215372087266], [78.77073449234504, 20.210135280471263], [78.77076153522833, 20.210055189656988], [78.77078857811166, 20.20997509795856], [78.77081562099498, 20.20989500621887], [78.7708426638783, 20.209814915280973], [78.77086970676159, 20.209734824301883], [78.7708967496449, 20.20965473243856], [78.77092379252824, 20.209574641377042], [78.77095083541155, 20.20949454943129], [78.77097787829484, 20.209414458287345], [78.77100492117816, 20.209334366259167], [78.77103196406148, 20.209254275032794], [78.77105900694481, 20.20917418292219], [78.77108604982809, 20.209094091613405], [78.7711130927114, 20.20901399942037], [78.77114013559473, 20.208933907186132], [78.77116717847805, 20.208853814910672], [78.77119422136136, 20.208773723437034], [78.77122126424467, 20.208693631079157], [78.77124830712799, 20.20861353952309], [78.77127535001132, 20.20853344708279], [78.7713023928946, 20.208453355444306], [78.77132943577791, 20.208373263764603], [78.77135647866125, 20.208293171200665], [78.77138352154456, 20.208213079438547], [78.77141056442785, 20.208132986792187], [78.77143760731117, 20.208052894947617], [78.77146465019449, 20.207972802218862], [78.77149169307782, 20.207892710291866], [78.77151873685943, 20.207812617480688], [78.77154577974277, 20.207732525471275], [78.77157282262604, 20.207652432577653], [78.77159986550937, 20.207572340485868], [78.77162690839269, 20.20749224750982], [78.77165395127601, 20.207412155335593], [78.7716809941593, 20.207332062277132], [78.77170803704261, 20.207251970020486], [78.77173507992595, 20.2071718768796], [78.77176212280924, 20.20709178454054], [78.77178916569255, 20.207011691317238], [78.77181620857588, 20.206931598895768], [78.7718432514592, 20.206851505590038], [78.77187029434249, 20.206771413086148], [78.77189733722581, 20.206691319698006], [78.77192438010913, 20.20661122711169], [78.77195142299246, 20.206531133641132], [78.77197846587573, 20.206451040972418], [78.77200550875905, 20.206370947419444], [78.77203255164238, 20.206290854668275], [78.7720595945257, 20.206210761875923], [78.772086637409, 20.20613066819933], [78.77211368029232, 20.206050575324564], [78.77214072317564, 20.20597048156554], [78.77216776605897, 20.20589038860836], [78.77219480894225, 20.205810293923925], [78.77222185182556, 20.205730200884304], [78.7722488947089, 20.205650106960505], [78.77227593759221, 20.20557001383847], [78.7723029804755, 20.205489919832203], [78.77233002335882, 20.205409826627793], [78.77235706624214, 20.205329732539113], [78.77238410912547, 20.205249639252287], [78.77241115200876, 20.205169545081205], [78.77243819489208, 20.205089451711967], [78.7724652377754, 20.20500935745847], [78.77249228065872, 20.204929264006815], [78.77251932354201, 20.204849169670915], [78.77254636642533, 20.20476907613686], [78.77257340930865, 20.204688981718533], [78.77260045219194, 20.204608888102076], [78.77262749507526, 20.204528793601337], [78.77265453795859, 20.204448699902464], [78.7726815808419, 20.204368605319335], [78.7727086237252, 20.204288511538035], [78.77271140311271, 20.20420557751427], [78.77271418160187, 20.204122643446354], [78.77271696009106, 20.204039710177284], [78.77271973947855, 20.203956776020977], [78.77272251886603, 20.203873841820535], [78.77272529825352, 20.20379090757591], [78.77272807674267, 20.203707974130126], [78.77273085613018, 20.203625039797135], [78.77273363461934, 20.20354210541997], [78.77273641400684, 20.20345917099863], [78.77273919249602, 20.203376237376162], [78.77274197188352, 20.203293302866445], [78.77274475037267, 20.203210368312583], [78.77274752976015, 20.203127433714545], [78.77275030824934, 20.203044499915364], [78.77275308763683, 20.202961565228946], [78.7727558670243, 20.202878630498372], [78.7727586464118, 20.202795695723612], [78.77276142579929, 20.202712760904696], [78.77276420428848, 20.202629826884642], [78.77276698367596, 20.20254689197738], [78.77276976306344, 20.20246395702591], [78.77277254245094, 20.20238102203029], [78.77277532183842, 20.20229808783354], [78.7727781012259, 20.20221515274957], [78.7727808806134, 20.20213221762141], [78.77278366000088, 20.202049282449096], [78.7727864393884, 20.201966348075647], [78.77278921877588, 20.201883412814986], [78.77279199816337, 20.20180047751013], [78.77279477755086, 20.201717542161127], [78.77279755693834, 20.20163460761098], [78.77280033632583, 20.201551672173633], [78.77280311571332, 20.201468736692078], [78.7728058951008, 20.201385801166378], [78.77280867448829, 20.201302865596478], [78.77281145297748, 20.20121993082551], [78.77281423236495, 20.201136995167268], [78.77281701175245, 20.20105405946488], [78.77281979113994, 20.200971123718286], [78.77282257052742, 20.20088818877063], [78.7728253499149, 20.20080525293569], [78.7728281293024, 20.200722317056616], [78.77283090868988, 20.200639381133346], [78.77283368807736, 20.200556446008992], [78.77283646746488, 20.20047350999738], [78.77283924685237, 20.20039057394162], [78.77284202623986, 20.20030763784166], [78.77284480562734, 20.2002247025406], [78.77284758501483, 20.200141766352335], [78.77285036440232, 20.20005883011989], [78.77283379497689, 20.199976884441977], [78.77281722465317, 20.199894938720984], [78.77280065522775, 20.199812992956865], [78.77278408580233, 20.199731047149594], [78.7727675163769, 20.199649102142306], [78.77275094605318, 20.19956715624879], [78.77273437662778, 20.199485210312183], [78.77271780720235, 20.199403264332474], [78.77270123777696, 20.199321318309597], [78.77268466835153, 20.199239372243632], [78.7726680980278, 20.199157426134548], [78.77265152860237, 20.199075479982298], [78.77263495917698, 20.198993533786975], [78.77261838975156, 20.198911588391596], [78.77260182032612, 20.198829642110027], [78.77258525090073, 20.198747695785354], [78.7725686814753, 20.198665749417515], [78.7725521120499, 20.198583803006596], [78.77253554262447, 20.198501856552554], [78.77251897319904, 20.198419910055367], [78.77250240377364, 20.19833796351509], [78.77248583434822, 20.198256016931698], [78.77246926492282, 20.19817407114824], [78.77245269549739, 20.198092124478606], [78.772436126072, 20.198010177765816], [78.77241955664657, 20.19792823100996], [78.77240298722114, 20.19784628421098], [78.77238641779574, 20.19776433736884], [78.77236984837032, 20.197682390483617], [78.77235327894492, 20.197600443555288], [78.77233670951948, 20.19751849742689], [78.77232014009405, 20.19743655041232], [78.77230357066867, 20.197354603354604], [78.77228700124323, 20.1972726562538], [78.77227043181783, 20.19719070910988], [78.7722538623924, 20.197108761922806], [78.77223729296698, 20.197026814692656], [78.77222072354158, 20.19694486741939], [78.77220415411615, 20.19686292010297], [78.77218758469076, 20.19678097358656], [78.77217101526533, 20.19669902618392], [78.7721544458399, 20.19661707873818], [78.7721378764145, 20.196535131249334], [78.77212130698908, 20.196453183717335], [78.77210473756368, 20.19637123614226], [78.77208816813825, 20.196289288524067], [78.77207159871283, 20.19620734086272], [78.77205502928742, 20.196125393158297], [78.77203845986199, 20.196043446253835], [78.7720218904366, 20.19596149846318], [78.77200532101116, 20.195879550629414], [78.77198875158578, 20.195797602752503], [78.77197218216035, 20.195715654832515], [78.77195561273491, 20.195633706869412], [78.77193904330952, 20.195551758863154], [78.77192247388409, 20.19546981081382], [78.77190590445869, 20.19538786272137], [78.77188933503326, 20.19530591542888], [78.77187276560784, 20.195223967250207], [78.77185619618244, 20.195142019028385], [78.771839626757, 20.195060070763486], [78.77182305733162, 20.19497812245548], [78.77177820534777, 20.194907429358807], [78.77173335246566, 20.194836736230094], [78.77168850048182, 20.194766043069272], [78.771643648498, 20.194695349876362], [78.77159879561586, 20.194624655808294], [78.77155394273372, 20.19455396255124], [78.77150909074992, 20.194483269262076], [78.7714642387661, 20.194412575940866], [78.77141938588395, 20.194341882587544], [78.77137453390014, 20.194271189202137], [78.771329681018, 20.194200495784667], [78.77128482903419, 20.1941298023351], [78.77123997705034, 20.194059108853477], [78.77119512506653, 20.19398841533974], [78.77115027218437, 20.193917720950843], [78.77110541930227, 20.19384702737297], [78.77106056731843, 20.19377633376299], [78.77101571443632, 20.193705640120925], [78.77097086245249, 20.193634946446814], [78.7708822553278, 20.19363064918092], [78.77079364730481, 20.193626351071856], [78.77070504018013, 20.193622052962635], [78.77061643305544, 20.193617755696387], [78.77052782593077, 20.19361345843004], [78.77043921790776, 20.193609160320488], [78.77035061078311, 20.193604863053885], [78.7702620036584, 20.193600565787182], [78.7701733956354, 20.19359626767725], [78.77008478851073, 20.193591970410303], [78.76999618138608, 20.193587672300154], [78.76990757426137, 20.19358337503298], [78.7698189662384, 20.19357907692259], [78.76973035911371, 20.193574779655172], [78.76964175198903, 20.193570481544512], [78.76955314486436, 20.193566184276868], [78.76946453684135, 20.193561886166005], [78.76937592971666, 20.193557588898106], [78.76928732259199, 20.193553291630092], [78.76919871456899, 20.193548993518885], [78.76911010744433, 20.19354469625064], [78.76902150031962, 20.193540398982257], [78.76893289319497, 20.19353610171377], [78.76884428517197, 20.193531804445172], [78.7687556780473, 20.193527507176444], [78.7686670709226, 20.193523209907603], [78.76857846289963, 20.193518912638634], [78.76848985577493, 20.19351461452649], [78.76840124865025, 20.193510317257292], [78.76831264152555, 20.193506019987964], [78.76822403350259, 20.193501722718526], [78.76813542637788, 20.19349742544897], [78.76805095689342, 20.193470302146483], [78.76796648740894, 20.19344317883931], [78.76788201882277, 20.193416055527383], [78.76779754933831, 20.19338893221076], [78.7677130798538, 20.193361808889378], [78.76762861036933, 20.193334685563315], [78.76754414178315, 20.19330756223248], [78.76745967229868, 20.193280438896963], [78.76737520281421, 20.1932533155567], [78.76729073332972, 20.193226192211746], [78.76720626384524, 20.19319906886203], [78.76712179525906, 20.193171945507633], [78.7670373257746, 20.19314482214848], [78.76695285629009, 20.193117698784633], [78.76688933551806, 20.193063821320607], [78.76682581474601, 20.19300994468103], [78.76676229397395, 20.19295606717975], [78.76669877410019, 20.192902190502938], [78.76663525332813, 20.192848312964387], [78.7665717325561, 20.192794435407205], [78.76650821178404, 20.19274055867448], [78.76644469101198, 20.192686681080023], [78.76638117023992, 20.192632803466942], [78.76631764946788, 20.19257892667834], [78.76625412869582, 20.192525049027996], [78.76619060882209, 20.19247117220209], [78.76612708805003, 20.19241729451447], [78.76606356727797, 20.192363416808227], [78.76600004650591, 20.19230953992647], [78.76593652573385, 20.192255662182948], [78.76586336514048, 20.19221153830035], [78.7657902045471, 20.192167413562128], [78.76571704395376, 20.19212328881145], [78.76564388425868, 20.192079164891346], [78.76557072366533, 20.19203504095876], [78.76549756307196, 20.191990916170553], [78.76542440337691, 20.191946792212967], [78.76535124278352, 20.19190266824289], [78.76527808219015, 20.191858543417215], [78.76520492159678, 20.191814419422137], [78.76513176100343, 20.191770295414567], [78.76505860041006, 20.191726170551377], [78.76498544071501, 20.191682046518817], [78.76491228012164, 20.191637922473756], [78.76483911952826, 20.1915937975731], [78.76476595893487, 20.191549673503047], [78.76469279834153, 20.191505548577364], [78.76461963774815, 20.191461424482327], [78.76454647715477, 20.191417300374773], [78.76447331656139, 20.191373176254764], [78.76440015596806, 20.19132905212222], [78.76432699537467, 20.191284927977186], [78.7642538347813, 20.19124080381966], [78.76418067418793, 20.191196679649625], [78.76410751359458, 20.191152554623972], [78.7640343530012, 20.19110843042895], [78.76399671628575, 20.19103447442236], [78.76395907867195, 20.190960518380628], [78.7639214410582, 20.19088656230382], [78.76388380434274, 20.190812607035024], [78.76384616762728, 20.190738650887994], [78.76380853001349, 20.19066469470586], [78.76377089329803, 20.190590738488623], [78.76373325658257, 20.190516782236276], [78.76369561896882, 20.190442825948825], [78.76365798225336, 20.190368870469403], [78.76362034463958, 20.190294914111753], [78.76358270792412, 20.19022095771899], [78.76354507120865, 20.190147001291113], [78.7635074335949, 20.19007304482815], [78.76346979687943, 20.189999088330072], [78.76343215926565, 20.189925131796894], [78.7633945225502, 20.189851176071752], [78.7633568849364, 20.189777219468347], [78.76331924822095, 20.18970326282987], [78.76328161150549, 20.189629306156274], [78.76324397389173, 20.18955534944758], [78.76320633627793, 20.189481392703772], [78.76316869956248, 20.189407436767993], [78.76313106284702, 20.189333479953994], [78.76309342523327, 20.189259523104873], [78.76305578851782, 20.189185566220665], [78.76299730280292, 20.189123906228776], [78.76293881708803, 20.18906224621251], [78.76288033137313, 20.189000586171858], [78.76282184565824, 20.188938926106765], [78.76276335994338, 20.188877266017297], [78.76270487422849, 20.18881560590344], [78.76264638851359, 20.188753945765157], [78.76258790369702, 20.188692286445598], [78.76252941798214, 20.188630626258536], [78.76247093226723, 20.188568966047075], [78.76241244655235, 20.18850730581119], [78.76235396083746, 20.188445645550935], [78.76229547512256, 20.18838398526627], [78.7622369894077, 20.18832232495718], [78.7621785036928, 20.188260664623723], [78.76212001797792, 20.188199004265883], [78.76206153226302, 20.188137343883586], [78.76200304654812, 20.18807568347694], [78.76194456083324, 20.188014023045856], [78.76188607511837, 20.187952362590394], [78.76182758940348, 20.187890702110543], [78.76176910368858, 20.187829041606268], [78.76171061797369, 20.187767381077617], [78.7616521322588, 20.187705721367678], [78.7615936465439, 20.187644060790223], [78.76153516082904, 20.187582400188354], [78.76147667511415, 20.18752073956211], [78.76141818939925, 20.187459078911477], [78.76135970368436, 20.18739741823639], [78.76130121796947, 20.187335757536957], [78.76124273225457, 20.18727409681312], [78.76118424653971, 20.187212436064844], [78.76110497201252, 20.18717712401335], [78.76102569748531, 20.18714181279699], [78.76094642385645, 20.187106501572643], [78.76086714932926, 20.187071189497154], [78.76078787480206, 20.18703587741365], [78.76070860027487, 20.187000566165285], [78.76062932574766, 20.186965254065786], [78.76055005211879, 20.186929942801417], [78.7604707775916, 20.186894630685913], [78.76039150306443, 20.186859318562398], [78.76031222943553, 20.186824007274033], [78.76023295490833, 20.186788695134524], [78.76015368038115, 20.186753382987014], [78.76007440585396, 20.186718070831528], [78.75999513222506, 20.18668275951113], [78.75991585769788, 20.1866474473396], [78.7598365831707, 20.186612135160118], [78.7597573086435, 20.186576822972583], [78.7596780350146, 20.186541511620213], [78.75959875958911, 20.186506199416687], [78.75951948596023, 20.186470888048273], [78.75944021143303, 20.18643557582878], [78.75936093690585, 20.186400263601247], [78.75928166327695, 20.186364952208866], [78.75920238874977, 20.18632963996534], [78.75912311422258, 20.1862943277138], [78.75904384059369, 20.186259016297413], [78.7589645660665, 20.18622370402988], [78.7588852915393, 20.186188391754335], [78.75880601701212, 20.1861530794708], [78.75872674338326, 20.1861177680224], [78.75864746885607, 20.186082455722858], [78.75856819432884, 20.186047143415315], [78.75848891980165, 20.18601183109977], [78.7584096461728, 20.185976519619377], [78.75833037164561, 20.185941207287815], [78.75825109711842, 20.185905894948274], [78.7581938385022, 20.185844337364802], [78.75813657898767, 20.18578277891385], [78.75807932037144, 20.185721221281753], [78.75802206085693, 20.18565966362533], [78.75796480224074, 20.185598105944596], [78.75790754272622, 20.185536546553234], [78.75785028410999, 20.185474988823874], [78.7577930254938, 20.185413431070188], [78.75773576597925, 20.185351872449054], [78.75767850736305, 20.185290314646746], [78.75762124874683, 20.185228756820088], [78.75756398923231, 20.185167198126027], [78.7575067306161, 20.185105640250747], [78.75744947199989, 20.18504408150805], [78.7573922133837, 20.18498252358413], [78.75733495476747, 20.18492096479282], [78.75727769615128, 20.18485940597715], [78.75722043753505, 20.184797847137165], [78.75716317891882, 20.184736289116024], [78.75710591940431, 20.184674730227417], [78.75704866078812, 20.18461317215765], [78.75699140217189, 20.184551613220403], [78.7569341435557, 20.184490055102025], [78.75687688404118, 20.184428496116144], [78.75681962542495, 20.18436693794913], [78.75678230761143, 20.184292815172313], [78.7567449906962, 20.184218692360243], [78.75670767288268, 20.184144568669783], [78.75667035506912, 20.18407044578721], [78.7566330372556, 20.18399632286937], [78.75659572034037, 20.1839221999163], [78.75655840252685, 20.18384807608484], [78.75652108471333, 20.18377395306125], [78.75648376689976, 20.18369983000242], [78.7564464499846, 20.183625706908376], [78.75640913217103, 20.183551582935877], [78.75637181435751, 20.18347745977129], [78.75633449744228, 20.183403336571487], [78.75629717962876, 20.183329213336403], [78.75625986181524, 20.18325509006607], [78.75622254400167, 20.183180965917355], [78.75618522708645, 20.18310684257651], [78.75614790927293, 20.18303271920043], [78.7561105914594, 20.182958595789092], [78.75607327364588, 20.182884471499378], [78.75603595673066, 20.182810348017547], [78.7559986389171, 20.182736224500466], [78.75596132110358, 20.182662100948168], [78.75592400329006, 20.182587976517414], [78.75588668547651, 20.182513852894623], [78.75584936766299, 20.182439729236524], [78.75583366062024, 20.182360016248346], [78.75581795267918, 20.18228030321944], [78.75580224563645, 20.18220059014972], [78.75578653769539, 20.182120877039278], [78.75577083065265, 20.182041163888037], [78.75575512271159, 20.181961450696033], [78.75573941566884, 20.181881737463293], [78.75572370772777, 20.181802024189764], [78.75570799978672, 20.18172231003232], [78.75569229274397, 20.181642596677296], [78.75567658570122, 20.18156288328147], [78.75566087776018, 20.18148316984488], [78.75564517071743, 20.181403456367555], [78.75562946277638, 20.181323742849443], [78.75561375573363, 20.181244029290593], [78.75559804779259, 20.181164315690957], [78.75552528694952, 20.181125601785702], [78.75545252610644, 20.181086888713985], [78.75537976436506, 20.181048174789506], [78.75530700352198, 20.1810094608554], [78.75523424267891, 20.180970746911687], [78.75516148183584, 20.18093203380151], [78.75508872009448, 20.180893319838574], [78.75501595925141, 20.18085460586598], [78.75492857473382, 20.180861097402655], [78.75484118931794, 20.1808675897822], [78.75475380480036, 20.180874082161473], [78.75466641938446, 20.180880574540485], [78.75457903486688, 20.180887066076075], [78.75449165034931, 20.180893557611398], [78.75440426493341, 20.180900049989592], [78.75431688041583, 20.18090654152433], [78.75422949499996, 20.18091303390199], [78.75414211048238, 20.18091952543622], [78.75405472506648, 20.180926017813334], [78.7539673405489, 20.18093250934704], [78.75387995603131, 20.18093900172361], [78.75379257061543, 20.18094549409991], [78.75370518609785, 20.180951985632763], [78.75361780068197, 20.180958478008566], [78.75353041616438, 20.180964969540874], [78.75345118924791, 20.181001836110582], [78.75337196233139, 20.181038702671575], [78.75329273541492, 20.18107556922384], [78.75321350849843, 20.181112435767364], [78.75313428158196, 20.1811493023022], [78.75305505466548, 20.18118616882832], [78.75297582774898, 20.1812230353457], [78.7528965999342, 20.18125990185438], [78.75281737301769, 20.181296768354304], [78.75273814610122, 20.181333634845554], [78.75265891918474, 20.181370501328075], [78.75257969226827, 20.18140736780187], [78.75250046535179, 20.181444234266937], [78.75242123843532, 20.181481099880138], [78.75234201062051, 20.181517966327785], [78.75226278370403, 20.181554832766697], [78.75218355678751, 20.18159169919688], [78.75210432987105, 20.181628564775206], [78.75202510295458, 20.181665431187962], [78.75193924557297, 20.18168710887743], [78.75185338819136, 20.18170878656387], [78.75176753080977, 20.181730464247323], [78.75168167342818, 20.18175214108457], [78.7515958160466, 20.18177381876198], [78.75150995866498, 20.181795495593217], [78.75142410128339, 20.181817173264584], [78.75133824390181, 20.181838850932934], [78.75125238652022, 20.18186052775513], [78.7511665291386, 20.181882205417477], [78.75108067175702, 20.181903882233616], [78.75099481437543, 20.18192555988993], [78.75090895699384, 20.181947236700065], [78.75082309871392, 20.181968914350325], [78.75073724133235, 20.181990591997568], [78.75065138395072, 20.18201226879866], [78.75056552656915, 20.182033946439912], [78.75047966918756, 20.18205562323493], [78.75039381180594, 20.18207730087015], [78.75030795442436, 20.182098977659194], [78.75022209704275, 20.182120655288347], [78.75013623966117, 20.182142332071347], [78.75005038227955, 20.182164009694482], [78.74996452489796, 20.18218568647145], [78.74987866751638, 20.182207364088555], [78.74979281013479, 20.182229040859493], [78.74970695275317, 20.182250718470595], [78.74963387031325, 20.182208572335274], [78.74956078787332, 20.182166426188584], [78.74948770543335, 20.182124279187327], [78.74941462299343, 20.182082133017836], [78.74934154055349, 20.182039986836934], [78.74926845811356, 20.181997839801483], [78.74919537567361, 20.181955693597807], [78.74912229323367, 20.181913547382745], [78.74904921079373, 20.18187140031312], [78.74897612835377, 20.18182925407522], [78.74890304591385, 20.18178710782598], [78.74882996347391, 20.18174496156532], [78.74874691871747, 20.181732099137452], [78.74866387485933, 20.18171923755167], [78.7485808301029, 20.181706375964815], [78.74849778534646, 20.18169351353375], [78.74841474148833, 20.181680651944824], [78.74833169673191, 20.18166778951164], [78.74824865197546, 20.181654927920537], [78.74816560811736, 20.18164206632839], [78.74808256336091, 20.181629203892022], [78.74799951860446, 20.1816163414546], [78.74791647474632, 20.181603479859298], [78.74783342998988, 20.181590618262902], [78.74775038523345, 20.181577756665426], [78.74766734137533, 20.181564895066934], [78.74758429661888, 20.18155203346736], [78.74750165700264, 20.18152961293288], [78.74741901738639, 20.181507191552033], [78.74733637777014, 20.181484770167938], [78.74725373905223, 20.18146234962378], [78.74717109943597, 20.181439929076415], [78.74708845981972, 20.181417508525804], [78.74700582020348, 20.181395087128813], [78.74692318058722, 20.181372666571754], [78.74684054097098, 20.181350245168336], [78.74675790135471, 20.18132782460484], [78.74667526173847, 20.181305403194933], [78.74659262302056, 20.181282982624985], [78.7465099834043, 20.181260562051822], [78.74642734378806, 20.181238140632246], [78.74634470417182, 20.181215720052617], [78.74625570178839, 20.181206441029506], [78.7461666985067, 20.181197161162654], [78.74607769612327, 20.181187882138445], [78.74598869284155, 20.181178602270503], [78.74589969045816, 20.181169323245136], [78.74581068717643, 20.181160043376124], [78.74572168479301, 20.181150764349663], [78.74563268151128, 20.181141484479504], [78.74554367912789, 20.181132204608836], [78.7454546767445, 20.181122925580713], [78.74536567346279, 20.181113645708898], [78.74527667107937, 20.181104366679705], [78.74518766779765, 20.1810950868068], [78.74509866541425, 20.181085807776498], [78.74500966213253, 20.18107652790247], [78.74492065974914, 20.181067248027897], [78.74483165646743, 20.181057968152764], [78.74474265408399, 20.181048688277084], [78.74465380171925, 20.18103738396111], [78.74456494845619, 20.181026078801196], [78.74447609609143, 20.181014774483593], [78.74438724282835, 20.181003469322025], [78.74429839046361, 20.180992165002785], [78.74420953720055, 20.180980859839547], [78.74412068483576, 20.18096955467551], [78.74403183157274, 20.18095824951066], [78.74394297920796, 20.180946945188136], [78.74385412594489, 20.18093564002162], [78.74376527358014, 20.1809243356975], [78.74367642031706, 20.180913030529332], [78.74358756795232, 20.180901725360382], [78.74349871468925, 20.180890420190583], [78.74340986232451, 20.180879115019994], [78.74332100906143, 20.180867809848593], [78.7432320057797, 20.18086244815489], [78.74314300249799, 20.180857085617856], [78.74305399921627, 20.18085172392381], [78.74296499503626, 20.18084636138642], [78.74287599175453, 20.180840998848826], [78.7427869884728, 20.180835637154207], [78.74269798519109, 20.18083027461626], [78.74260898190937, 20.18082491292128], [78.74251997862764, 20.180819551226115], [78.7424309744476, 20.180814188687606], [78.74234197116587, 20.180808826148905], [78.74225296788414, 20.180803464453216], [78.74216432303024, 20.18079046957049], [78.74207567817632, 20.18077747552987], [78.74198703332242, 20.180764480644974], [78.74189838846847, 20.18075148660219], [78.74180974361455, 20.180738492558287], [78.74172109786231, 20.180725497670178], [78.7416324530084, 20.18071250278096], [78.74154380815449, 20.180699508733838], [78.74145516330057, 20.180686513842456], [78.74136651844663, 20.180673519793135], [78.74127787359271, 20.180660524899615], [78.74118922873879, 20.180647530848116], [78.74110058388489, 20.180634535952436], [78.74101193903094, 20.180621541898788], [78.74092329417704, 20.180608547000933], [78.74083464932312, 20.180595552945107], [78.74074600357086, 20.18058255804509], [78.74065735871696, 20.18056956314395], [78.74056871386301, 20.18055656908492], [78.7404800690091, 20.18054357418162], [78.74039142415519, 20.1805305801204], [78.74030277930127, 20.180517585214936], [78.74023775564774, 20.18046872108921], [78.7401727319942, 20.180419856948152], [78.74010770834067, 20.1803709927918], [78.74004268558546, 20.180322128620123], [78.73997766193196, 20.18027326443315], [78.73991263827843, 20.180224400230834], [78.73984761462489, 20.180175536013227], [78.73978259097134, 20.18012667178028], [78.73971518678233, 20.18007597194999], [78.73964778349163, 20.180025272946363], [78.73958038020092, 20.17997457392626], [78.73951297601187, 20.179923874046505], [78.73944557272117, 20.179873174993403], [78.73937816853216, 20.179822475923864], [78.73931076524144, 20.17977177683781], [78.73924336105239, 20.17972107773526], [78.73917595686338, 20.17967037861624], [78.73910855267434, 20.179619679480737], [78.73904114848533, 20.179568980328717], [78.73897374519461, 20.179518281160238], [78.73890634100557, 20.17946758197523], [78.73883893681652, 20.17941688277379], [78.73877153352582, 20.179366183555832], [78.73870412933681, 20.17931548347822], [78.7386367260461, 20.179264784227264], [78.73856932185704, 20.179214084959867], [78.73851837031245, 20.17914627680347], [78.73846741966616, 20.17907846946076], [78.73841646812157, 20.179010661245393], [78.73836551657696, 20.178942853000525], [78.73831456503235, 20.17887504556934], [78.73826361348779, 20.17880723726549], [78.7382126619432, 20.178739429775344], [78.73816171039859, 20.178671621412477], [78.73811075885398, 20.178603813863347], [78.73805980730938, 20.178536005441526], [78.73800663512938, 20.17846834033065], [78.73795346205108, 20.178400674347248], [78.73790028987112, 20.17833300833448], [78.73784711769113, 20.178265343978694], [78.73779394461283, 20.178197677907203], [78.73774077153455, 20.178130011806335], [78.73768759935456, 20.17806234736245], [78.73763442627626, 20.17799468120283], [78.73758125319797, 20.17792701501386], [78.73752808101797, 20.177859350481857], [78.73747490793967, 20.17779168423415], [78.73742173486139, 20.17772401880026], [78.7373685626814, 20.17765635333699], [78.7373153896031, 20.17758868700117], [78.73726221652481, 20.177521021479187], [78.73720904344651, 20.17745335592783], [78.73714756005351, 20.17739648564411], [78.73708607666053, 20.17733961533969], [78.73702459326753, 20.177282745014523], [78.73696310987455, 20.177225874668615], [78.73690162648154, 20.17716900430196], [78.73684014308857, 20.177112133914566], [78.73677866059388, 20.177055263506425], [78.73671717720089, 20.17699839223434], [78.7366556938079, 20.17694152178471], [78.7365942104149, 20.176884651314342], [78.73653272702192, 20.17682778082324], [78.73647124362891, 20.176770910311383], [78.73640976023594, 20.176714039778776], [78.73634827684293, 20.176657169225436], [78.7362656309385, 20.176629446857355], [78.73618298593234, 20.17660172532753], [78.7361003400279, 20.176574003792766], [78.73601769502174, 20.17654628225308], [78.73593504911732, 20.176518559865283], [78.73585240411118, 20.176490838315775], [78.73576975820671, 20.176463116761294], [78.73568711320058, 20.17643539520189], [78.73560446729613, 20.17640767279438], [78.73552182229, 20.176379951225115], [78.73543917638553, 20.17635222880776], [78.7353565313794, 20.17632450722864], [78.73527388547492, 20.176296785644613], [78.73519124046881, 20.176269064055642], [78.73510859456434, 20.17624134161857], [78.7350259495582, 20.176213620019727], [78.73494330365374, 20.17618589841597], [78.73485464352848, 20.176182033226194], [78.73476598250485, 20.17617816719314], [78.7346773223796, 20.17617430200316], [78.734588661356, 20.17617043596989], [78.7345000012307, 20.176166570779717], [78.7344113402071, 20.176162704746293], [78.73432268008185, 20.176158839555907], [78.73423401905825, 20.176154974365446], [78.73414535893295, 20.176151109174906], [78.73405669790937, 20.176147243984264], [78.73396803778407, 20.176143378793522], [78.73387937676046, 20.176139513602692], [78.7337907166352, 20.17613564841176], [78.73370205561162, 20.176131783220722], [78.73361307748272, 20.17613815016167], [78.7335240993538, 20.17614451710234], [78.73343512212323, 20.17615088404275], [78.73334614399435, 20.1761572509829], [78.73325716586545, 20.17616361792278], [78.73316818773657, 20.176169984862405], [78.73307920960768, 20.176176351801775], [78.73299023237708, 20.17618271874089], [78.73290125424822, 20.176189085679752], [78.7328122761193, 20.176195452618334], [78.7327239726252, 20.17618386548132], [78.73263566913108, 20.17617227918664], [78.73254736563696, 20.176160692047908], [78.73245906214285, 20.176149105751502], [78.73237075864873, 20.17613751861104], [78.73228245515462, 20.176125932312928], [78.7321941516605, 20.17611434517076], [78.73210584816643, 20.17610275887093], [78.73201754377398, 20.176091171727006], [78.73192924027985, 20.176079585425448], [78.73184093678574, 20.17606799827982], [78.73175263329162, 20.176056411133363], [78.73166432979751, 20.176044823986018], [78.73157602630339, 20.176033236837796], [78.73148772280928, 20.176021649688757], [78.7313994193152, 20.17601006253882], [78.73131573405996, 20.175988748319142], [78.73123204790639, 20.175967433253362], [78.73114836265115, 20.1759461190279], [78.7310646773959, 20.17592480479947], [78.73098099124235, 20.175903489724966], [78.7308973059871, 20.17588217549071], [78.73081362073187, 20.175860861253554], [78.73072993457833, 20.17583954617031], [78.73064624932309, 20.175818231927312], [78.73056256406785, 20.175796917681456], [78.7304788779143, 20.175775602589418], [78.73039519265906, 20.175754288337735], [78.73031150740381, 20.1757329740831], [78.73022782125028, 20.175711658982358], [78.73014413599505, 20.175690344721897], [78.73006045073981, 20.175669030458533], [78.72997676458623, 20.175647716192245], [78.72989307933099, 20.17562640192303], [78.72980939407576, 20.175605087650915], [78.72972570792221, 20.175583772532693], [78.72964202266698, 20.175562458254777], [78.72955867158502, 20.17554575877989], [78.72947532140138, 20.175529060146424], [78.72939197031943, 20.17551236151115], [78.72930861923749, 20.175495662030894], [78.72922526905383, 20.17547896339206], [78.72914191797187, 20.17546226475143], [78.72905856778824, 20.17544556610901], [78.7289752167063, 20.175428867464806], [78.72889186562435, 20.175412168818823], [78.7288085154407, 20.175395470171043], [78.72872516435875, 20.175378771521473], [78.7286418132768, 20.17536207287012], [78.72855846309318, 20.17534537421697], [78.72847511201122, 20.175328675562042], [78.72839176182758, 20.175311976905324], [78.72830841074563, 20.175295278246818], [78.72822505966367, 20.175278579586482], [78.72814170948006, 20.175261880924392], [78.7280583583981, 20.175245182260536], [78.7279791853805, 20.17520736489002], [78.72790001236297, 20.175169547510336], [78.72782083934538, 20.17513173012148], [78.72774166632783, 20.175093912723447], [78.72766249331025, 20.175056095316247], [78.72758332119099, 20.17501827789986], [78.72750414817345, 20.174980460474323], [78.7274249751559, 20.1749426430396], [78.7273458021383, 20.174904825595718], [78.72726662912075, 20.174867008142666], [78.72718745610317, 20.174829190680438], [78.72710828308561, 20.174791373209015], [78.72702911006805, 20.17475355572843], [78.72694993705049, 20.17471573823871], [78.7268707640329, 20.17467792073978], [78.72679159101534, 20.174640103231702], [78.7267124188961, 20.17460228571445], [78.72663324587855, 20.17456446818799], [78.72655407286096, 20.174526650652393], [78.72647489984341, 20.174488833107628], [78.72639572682583, 20.174451015553686], [78.72631655380829, 20.17441319799057], [78.72623738079069, 20.174375380418283], [78.72615820777314, 20.1743375628368], [78.72607903475556, 20.17429974524618], [78.725999861738, 20.174261927646377], [78.72592068872042, 20.17422411003741], [78.72584151660116, 20.17418629241927], [78.72576234358361, 20.174148474791963], [78.72568317056607, 20.17411065715548], [78.72560399754849, 20.17407283950981], [78.72552482453094, 20.174035021854984], [78.72544565151335, 20.173997204190997], [78.72539637353015, 20.173929027815408], [78.72534709644523, 20.173860852253267], [78.72529781936032, 20.173792676661275], [78.7252485422754, 20.17372450019628], [78.72519926519048, 20.173656323701493], [78.72514998810557, 20.173588147176893], [78.72510071102066, 20.173519971465723], [78.72505143393577, 20.173451794881515], [78.72500215685085, 20.1733836182675], [78.72495287976594, 20.173315442466905], [78.72490360268102, 20.173247265793286], [78.72485432559611, 20.17317908993305], [78.7248050476129, 20.173110913199867], [78.72475577052799, 20.173042736436837], [78.72470649344308, 20.172974560487177], [78.72465721635817, 20.172906383664543], [78.72460793927326, 20.1728382068121], [78.72455866218834, 20.172770030773066], [78.72450938510342, 20.172701853861007], [78.7244601080185, 20.17263367776237], [78.7244108300353, 20.17256550079072], [78.72436155295038, 20.17249732378925], [78.72431227586546, 20.172429147601175], [78.72426299878055, 20.1723609705401], [78.72420176062765, 20.17230384543547], [78.72414052337305, 20.17224672115307], [78.72407928522011, 20.172189596006593], [78.72401804796552, 20.172132470839163], [78.7239568098126, 20.172075345650804], [78.72389557255802, 20.172018221284745], [78.72383433440508, 20.17196109605454], [78.72377309625215, 20.171903970803413], [78.72371185899755, 20.17184684637458], [78.72365062084464, 20.17178972108161], [78.72358938359004, 20.171732595767732], [78.7235281454371, 20.171675470432902], [78.7234669081825, 20.171618345920386], [78.72340567002959, 20.171561220543715], [78.72333282115162, 20.171513502915587], [78.72325997317196, 20.17146578611608], [78.72318712429401, 20.17141806845878], [78.72311427541607, 20.17137035078685], [78.72304142653807, 20.171322633943557], [78.72296857855842, 20.171274917085658], [78.72289572968047, 20.171227199369977], [78.72282288080248, 20.171179481639637], [78.72275003192453, 20.171131763894746], [78.72267718394488, 20.171084046978464], [78.72260433506692, 20.171036330047574], [78.72253148618894, 20.170988612258867], [78.722458637311, 20.170940894455555], [78.72238578933134, 20.170893177480867], [78.72231294045339, 20.17084545964838], [78.7222400915754, 20.170797741801266], [78.72216724269745, 20.170750023939583], [78.7220943947178, 20.1707023069065], [78.72202154583981, 20.170654589015594], [78.72196243310087, 20.17059254393049], [78.7219033203619, 20.170530498820703], [78.72184420762295, 20.170468453686276], [78.72178509488401, 20.17040640852713], [78.72172598304337, 20.17034436418653], [78.72166687030442, 20.170282318978032], [78.72160775756544, 20.170220274588072], [78.72154864482651, 20.170158228486958], [78.72148953298584, 20.170096184047658], [78.7214304202469, 20.170034138740426], [78.72137130750794, 20.169972092565306], [78.7213121956673, 20.169910048051953], [78.72125308292833, 20.169848002670676], [78.72119397018939, 20.16978595726473], [78.72113485834875, 20.16972391183409], [78.7210757456098, 20.16966186637878], [78.72101663287083, 20.169599820898817], [78.72095752103017, 20.169537775394137], [78.72089840829122, 20.169475729864786], [78.72083929645058, 20.169413684310754], [78.72078018371164, 20.169351638732063], [78.72072107187101, 20.16928959312867], [78.72066195913204, 20.169227547500594], [78.72060284639306, 20.16916550184784], [78.72054373455244, 20.169103456170415], [78.72048462181347, 20.16904141046833], [78.72044090260523, 20.16896964819684], [78.720397183397, 20.16889788504914], [78.72035346418876, 20.168826122711632], [78.72030974587881, 20.168754360341108], [78.72026602667057, 20.168682597094357], [78.7202223074623, 20.16861083381456], [78.72017858825406, 20.168539071345023], [78.72013486904582, 20.1684673079992], [78.72009114983759, 20.168395545463632], [78.72004743062931, 20.168323782895037], [78.72000371142107, 20.168252020293416], [78.71995999221284, 20.168180257658765], [78.71991627300459, 20.168108494147912], [78.71987255379632, 20.168036731447234], [78.71982883458809, 20.16796496871361], [78.71978511537984, 20.16789320510366], [78.7197413961716, 20.167821442303993], [78.71969767696334, 20.16774967947127], [78.71965395775509, 20.16767791576232], [78.71961023854685, 20.16760615286358], [78.71956651933861, 20.16753438993183], [78.71952280013033, 20.16746262612385], [78.7194790809221, 20.167390863126055], [78.71944076328364, 20.167316318248403], [78.71940244564523, 20.167241773335153], [78.7193641289051, 20.16716722922952], [78.71932581126664, 20.167092684244988], [78.71928749362822, 20.167018139224858], [78.71924917598976, 20.16694359416913], [78.71921085924963, 20.166869049920972], [78.7191725416112, 20.166794504793987], [78.71913422397274, 20.16671995963137], [78.71909590633427, 20.166645414433127], [78.71905758959416, 20.16657087004253], [78.71901927195573, 20.16649632477307], [78.71898095431726, 20.166421779467964], [78.71893018962226, 20.166353594721663], [78.71887942582556, 20.166285409945544], [78.71882866113054, 20.166217225139654], [78.71877789733384, 20.166149040303956], [78.71872713263879, 20.166080855438462], [78.71867636794379, 20.166012669699896], [78.71862560414706, 20.165944484774812], [78.71857483945206, 20.165876299819907], [78.71852407565537, 20.16580811483518], [78.71847331096032, 20.165739929820685], [78.71843497805054, 20.165665366445943], [78.7183966442424, 20.16559080303559], [78.7183583113326, 20.16551623958958], [78.71831997752449, 20.165441676107957], [78.71828164461468, 20.165367113433916], [78.71824331170487, 20.165292549881], [78.71820497789676, 20.16521798629246], [78.71816664498695, 20.165143422668287], [78.71812831207714, 20.16506885900848], [78.71808997826905, 20.164994295312994], [78.71805164535922, 20.164919731581914], [78.71801331155112, 20.16484516781519], [78.71797497864131, 20.16477060485611], [78.7179366457315, 20.164696041018086], [78.71789831192339, 20.16462147714447], [78.7178599790136, 20.164546913235213], [78.71782164520545, 20.164472349290314], [78.71778331229564, 20.164397785309802], [78.71774497938586, 20.164323221293643], [78.71770664557772, 20.16424865724185], [78.71766831266791, 20.164174093154383], [78.71762997975814, 20.1640995298746], [78.71759164595, 20.164024965715903], [78.71755331304018, 20.163950401521582], [78.71751497923208, 20.163875837291613], [78.71747664632228, 20.163801273026], [78.71742846069043, 20.16373082635758], [78.71738027505859, 20.16366037965738], [78.71733208852847, 20.163589932925362], [78.71728390289663, 20.163519487004816], [78.71723571636645, 20.163449040209187], [78.7171875307346, 20.163378594225033], [78.71713934420445, 20.16330814736578], [78.71709115857261, 20.163237700474735], [78.71704297294079, 20.163167253551883], [78.71699478641061, 20.16309680659724], [78.71694660077877, 20.163026360454015], [78.71689841514694, 20.16295591343575], [78.71685022861679, 20.162885466385674], [78.71680204298495, 20.162815019303796], [78.71675385735311, 20.16274457219011], [78.71670567082293, 20.16267412504462], [78.71665748519109, 20.162603677867363], [78.71660929955925, 20.162533231501516], [78.71656111392743, 20.162462784260608], [78.71651292829559, 20.16239233698791], [78.71646474266375, 20.16232188968339], [78.71641655703189, 20.16225144234708], [78.71636837140005, 20.162180994978964], [78.71632018576821, 20.16211054757903], [78.71627200013637, 20.162040100147316], [78.71622381450453, 20.16196965268377], [78.71617562887269, 20.16189920518844], [78.71612744324085, 20.161828757661297], [78.71607925671071, 20.16175831010236], [78.71603107107887, 20.161687862511606], [78.71598288544703, 20.161617414889058], [78.7159346998152, 20.161546968077985], [78.71588651328501, 20.161476520391826], [78.71583832765317, 20.161406072673874], [78.71579014202135, 20.161335624924103], [78.715737817851, 20.161273001864494], [78.71568549278234, 20.161210377936463], [78.71563316861197, 20.1611477548266], [78.7155808444416, 20.16108513169156], [78.71552851937294, 20.161022507688152], [78.7154761952026, 20.160959884502887], [78.71542387103223, 20.160897261292504], [78.71537154686189, 20.160834638056947], [78.71531922179324, 20.160772013953007], [78.71526689762285, 20.160709390667222], [78.71521457345249, 20.160646767356322], [78.71516224838383, 20.16058414317698], [78.7151099242135, 20.16052151981579], [78.71506948385603, 20.16044890444601], [78.71502904439689, 20.160376289042425], [78.71498860403942, 20.160303672761774], [78.71494816458028, 20.16023105729062], [78.71490772422283, 20.16015844178568], [78.71486728386536, 20.16008582624695], [78.71482684440622, 20.16001321067444], [78.71478640494705, 20.15994059506814], [78.71474596458961, 20.159867978584746], [78.71470552423214, 20.159795362910867], [78.71466508477297, 20.159722747203194], [78.71462464441555, 20.15965013146171], [78.71458420495638, 20.159577515686472], [78.71454376459894, 20.159504899034175], [78.71450332424148, 20.15943228319132], [78.71446288478231, 20.159359667314725], [78.71442244442488, 20.159287051404313], [78.7143820040674, 20.159214435460136], [78.71434156460828, 20.15914181948217], [78.71430112425081, 20.159069202627123], [78.71426068479164, 20.158996586581576], [78.71422024443422, 20.15892397050225], [78.7141448721886, 20.15888232150437], [78.71406949994301, 20.15884067165212], [78.71399412859571, 20.158799022632003], [78.71391875635011, 20.158757372757524], [78.7138433841045, 20.15871572371518], [78.71376801185892, 20.158674073818464], [78.71369263961331, 20.158632423910642], [78.71361726826605, 20.158590774834966], [78.71354189602042, 20.1585491257482], [78.71346652377481, 20.158507475807028], [78.71339115152922, 20.158465826697995], [78.71331577928362, 20.158424176734602], [78.71324040703803, 20.158382526760075], [78.71316503569075, 20.158340877617725], [78.71308966344516, 20.15829922846424], [78.71301429119956, 20.158257578456382], [78.71293891895397, 20.158215929280708], [78.71286354670836, 20.158174279250588], [78.71278817536106, 20.158132630052677], [78.71271280311547, 20.158090980000356], [78.71263743086986, 20.158049330780194], [78.71271851909563, 20.15801579568255], [78.7127996073214, 20.157982261421026], [78.71288069644545, 20.15794872630898], [78.71296178467121, 20.157915192033006], [78.71304287289693, 20.157881656906582], [78.7131239611227, 20.157848122616205], [78.71320504934847, 20.157814587475343], [78.7132861375742, 20.157781053170577], [78.71336722669825, 20.157747518015317], [78.71344831492402, 20.157713983696144], [78.71352940314978, 20.157680448526456], [78.71361049137555, 20.157646914192874], [78.71369157960127, 20.157613379852062], [78.71377266872533, 20.15757984466076], [78.7138537569511, 20.15754630946228], [78.71393484517685, 20.157512775099843], [78.71401593340258, 20.157479239886936], [78.71409702162835, 20.15744570551012], [78.71417810985412, 20.157412171126108], [78.71425919897817, 20.157378635891572], [78.71434028720394, 20.157345100649838], [78.71442137542967, 20.15731156624421], [78.71450246365542, 20.15727803098806], [78.71458355188119, 20.15724449656799], [78.71466464100524, 20.157210961297466], [78.71474572923101, 20.157177426862983], [78.71482681745674, 20.157143891578016], [78.7149079056825, 20.157110357129156], [78.71498899390826, 20.157076822673098], [78.71507008303232, 20.157043287366506], [78.71515117125809, 20.157009752052723], [78.71523225948381, 20.156976216731742], [78.71531334770958, 20.156942682246854], [78.71539443593534, 20.156909146911445], [78.71547552416106, 20.156875612412154], [78.71555661328513, 20.156842077062347], [78.71563770151089, 20.156808542548603], [78.71571878973666, 20.15677500718439], [78.71579987796238, 20.15674147265627], [78.71588096618814, 20.156707938120952], [78.7159620553122, 20.156674402735124], [78.71604314353796, 20.156640867342084], [78.71612423176373, 20.156607332785136], [78.71620531998946, 20.156573797377696], [78.71628640821523, 20.15654026280632], [78.71636749644098, 20.156506728227782], [78.71644858556505, 20.156473192798714], [78.7165296737908, 20.156439657362444], [78.71661076201653, 20.156406122762277], [78.7166918502423, 20.15637258731161], [78.71677293846807, 20.156339052697028], [78.71685402759212, 20.156305517231942], [78.71693511581788, 20.156271982602973], [78.7170162040436, 20.15623844712346], [78.71709729226937, 20.15620491248004], [78.71717838049514, 20.156171376986165], [78.71725946872087, 20.15613784232834], [78.71734055784492, 20.156104306820026], [78.71742164607069, 20.156070772147814], [78.71750273429645, 20.156037236625096], [78.71758988704867, 20.156019315647637], [78.71767703980092, 20.156001394668117], [78.71776419345144, 20.15598347284323], [78.71785134620369, 20.155965551859587], [78.71793849895592, 20.155947630873907], [78.71802565170819, 20.155929709886145], [78.71811280446042, 20.15591178805304], [78.71819995811094, 20.155893867061177], [78.71828711086317, 20.15587594606724], [78.71837426361542, 20.15585802507127], [78.71846141636766, 20.155840103229934], [78.71854856911989, 20.15582218222983], [78.71863572277046, 20.15580426122766], [78.71872287552269, 20.15578634022346], [78.71881002827492, 20.155768418373892], [78.71889718102715, 20.155750497365556], [78.71898433377939, 20.155732576355184], [78.71907148742991, 20.155714655342724], [78.71915864018216, 20.155696733484938], [78.71924579293439, 20.155678812468395], [78.71933294568662, 20.155660891449767], [78.71942009843885, 20.155642970429078], [78.71950725208941, 20.155625048563046], [78.71959440484164, 20.155607127538286], [78.71968155759387, 20.155589206511426], [78.71976871034613, 20.15557128548254], [78.71985586309836, 20.15555336360828], [78.71994301674891, 20.15553544257525], [78.72003016950116, 20.155517521540183], [78.72011732225339, 20.155499600503042], [78.72020447500562, 20.155481678620564], [78.72029162775785, 20.155463757579287], [78.72037878140839, 20.155445836536003], [78.72046593416061, 20.155427915490634], [78.72055308691286, 20.15540999359992], [78.72064023966509, 20.155392072550452], [78.72072739241732, 20.1553741514989], [78.72081454606788, 20.155356230445335], [78.72090169882011, 20.155338308546355], [78.72098885157234, 20.15532038748867], [78.72107600432459, 20.155302466428882], [78.72116315707683, 20.155284545367085], [78.72125031072738, 20.155266623459912], [78.72133746347961, 20.155248702393944], [78.72142461623186, 20.15523078132598], [78.72151176898409, 20.155212860255915], [78.72159892173632, 20.155194938340497], [78.72168607538686, 20.155177017266322], [78.72177322813909, 20.15515909619011], [78.72186038089133, 20.155141175111815], [78.72194753364356, 20.15512325318818], [78.72203468639579, 20.155105332105812], [78.72212184004636, 20.15508741102133], [78.72220899279858, 20.155069489934842], [78.72229614555081, 20.155051568002975], [78.72238329830304, 20.155033646912337], [78.7224704510553, 20.15501572581964], [78.72255760470586, 20.154997804724907], [78.72264475745808, 20.154979882784808], [78.72273191021033, 20.154961961685952], [78.72281906296256, 20.154944040585047], [78.72290621571479, 20.15492611948207], [78.72299336936533, 20.15490819753374], [78.72308052211756, 20.154890276426666], [78.72316767486979, 20.15487235531752], [78.72325482762203, 20.1548544342063], [78.72334198037426, 20.154836512249737], [78.72342913402481, 20.154818591134443], [78.72351628677706, 20.154800670017064], [78.72360343952928, 20.15478274889765], [78.72369059228151, 20.15476482693286], [78.72377774503376, 20.154746905809297], [78.72386489868433, 20.15472898468371], [78.72395205143656, 20.154711063556054], [78.72403920418878, 20.154693141583028], [78.72412635694103, 20.154675220451246], [78.72421350969326, 20.15465729931743], [78.7243006633438, 20.154639378181518], [78.72438781609603, 20.154621456200275], [78.72447496884826, 20.154603535060286], [78.72456391912938, 20.15459279300099], [78.7246528694105, 20.15458205178422], [78.72474181969163, 20.15457130972346], [78.72483076997273, 20.154560567661935], [78.72491971935555, 20.154549825599673], [78.72500866963665, 20.15453908437999], [78.72509761991778, 20.15452834231624], [78.7251865701989, 20.15451760025175], [78.72527552048003, 20.154506859029855], [78.72536447076111, 20.15449611696389], [78.72545342104225, 20.154485374897188], [78.72554237132337, 20.15447463282975], [78.7256313216045, 20.154463891604887], [78.72572027188559, 20.15445314953597], [78.72580922126842, 20.15444240746632], [78.72589817154952, 20.154431666239244], [78.72598712183064, 20.1544209241681], [78.72607607211177, 20.15441018209622], [78.72616502239289, 20.154399440023603], [78.72625397267399, 20.15438869879358], [78.72634292295511, 20.154377956719483], [78.72643187323624, 20.15436721464465], [78.72652082351736, 20.154356472569084], [78.72660977290016, 20.154345731336093], [78.72669872318127, 20.15433498925905], [78.72678767346241, 20.15432424718125], [78.72687662374351, 20.154313505946046], [78.72696557402462, 20.154302763866777], [78.72705452430576, 20.154292021786766], [78.72714347458687, 20.15428127970602], [78.72723242486796, 20.154270538467863], [78.7273213751491, 20.15425979638564], [78.72741032453189, 20.154249054302678], [78.72749927481303, 20.15423831306231], [78.72758822509414, 20.15422757097786], [78.72767717537528, 20.15421682889267], [78.72776612565637, 20.154206086806784], [78.72785507593748, 20.154195345563416], [78.72794402621862, 20.154184603476025], [78.72803297649975, 20.154173861387925], [78.72812192678083, 20.15416312014233], [78.72821087706195, 20.154152378052725], [78.72829982644475, 20.15414163596237], [78.72838877672588, 20.154130893871294], [78.72847772700702, 20.154120152622756], [78.72856667728813, 20.15410941053018], [78.72865562756927, 20.154098668436898], [78.72874457785036, 20.15408792718615], [78.72883352813147, 20.15407718509137], [78.72892247841261, 20.154066442995862], [78.72901142869372, 20.154055700899594], [78.72910037807654, 20.15404495964588], [78.72918932835765, 20.154034217548176], [78.72927827863874, 20.15402347544968], [78.72936722891987, 20.154012733350445], [78.729456179201, 20.154001992093818], [78.72954512948212, 20.15399124999311], [78.72963407976322, 20.153980507891664], [78.72972303004434, 20.15396976663281], [78.72981198032547, 20.153959024529886], [78.72990092970826, 20.15394828242624], [78.72998987998939, 20.153937540321827], [78.73007883027051, 20.153926799060024], [78.73016778055161, 20.15391605695415], [78.73025673083274, 20.153905314847524], [78.73034568111386, 20.153894573583493], [78.73043463139498, 20.153883831475405], [78.73052358167612, 20.153873089366577], [78.7306125319572, 20.153862347257004], [78.73070148223833, 20.15385160599002], [78.73079043162112, 20.153840863878965], [78.73087938190226, 20.15383012176718], [78.73096833218338, 20.153819380497968], [78.7310572824645, 20.153808638384703], [78.7311462327456, 20.153797896270685], [78.73123518302673, 20.153787154155943], [78.73132413330785, 20.153776412883783], [78.73141308358898, 20.15376567076755], [78.73150203387007, 20.1537549286506], [78.7315909832529, 20.153744187376223], [78.731679933534, 20.153733445257778], [78.7317688838151, 20.153722703138598], [78.73185783409625, 20.153711961018665], [78.73194678437736, 20.15370121974134], [78.73203573465845, 20.153690477619932], [78.73212468493959, 20.153679735497796], [78.7322136352207, 20.153668993374954], [78.73230258550184, 20.153658252094637], [78.73239153488463, 20.153647509970277], [78.73248048516577, 20.153636767845217], [78.73256943544689, 20.153626026562673], [78.73265838572797, 20.1536152844361], [78.73274733600911, 20.15360454230879], [78.73283628629024, 20.15359380018077], [78.73292523657136, 20.153583058895272], [78.73301418685244, 20.153572316765747], [78.73310313713358, 20.1535615746355], [78.7331920874147, 20.153550833347804], [78.7332810367975, 20.15354009121605], [78.73336998707862, 20.153529349083602], [78.73345893735976, 20.153518606950374], [78.73354788764084, 20.1535078656597], [78.73363683792196, 20.153497123525025], [78.73372490246423, 20.153494128916602], [78.73381296790477, 20.153491134308137], [78.73390103244704, 20.153488138856293], [78.73398909698928, 20.15348514424768], [78.73407716153154, 20.15348214963905], [78.73416522697208, 20.153479155030332], [78.73425329151435, 20.15347616042159], [78.7343413560566, 20.153473165812784], [78.73442942059881, 20.153470170360585], [78.7345174860394, 20.153467175751636], [78.73460555058166, 20.153464181142667], [78.73469361512389, 20.153461186533594], [78.73478168056447, 20.153458191924507], [78.73486974510672, 20.153455197315356], [78.73495780964895, 20.153452201862827], [78.73504587419119, 20.153449207253523], [78.73513393963178, 20.15344621264421], [78.735222004174, 20.153443218034802], [78.73531006871626, 20.153440223425374], [78.7353981332585, 20.153437228815843], [78.73548619869906, 20.153434233362955], [78.73557426324132, 20.153431238753345], [78.73566232778357, 20.15342824414369], [78.73575039232583, 20.153425249533928], [78.73583845776638, 20.15342225492414], [78.73592652230863, 20.15341926031428], [78.73601458685089, 20.15341626486106], [78.73610265229144, 20.153413270251097], [78.73619071683369, 20.153410275641097], [78.73627878137596, 20.15340728103099], [78.73636684591817, 20.153404286420862], [78.73645491135876, 20.153401290967352], [78.736542975901, 20.153398296357082], [78.73663104044323, 20.153395301746787], [78.73671910498548, 20.153392307136404], [78.73680717042608, 20.153389312525995], [78.7368952349683, 20.153386317915523], [78.73698329951054, 20.153383322461654], [78.73707136495112, 20.153380327851043], [78.73715942949335, 20.153377333240403], [78.73724749403561, 20.153374338629675], [78.73733555857787, 20.15337134401891], [78.73742362401842, 20.15336834940807], [78.73751168856067, 20.153365353953895], [78.73759975310293, 20.15336235934294], [78.73768781764518, 20.15335936473196], [78.73777588308573, 20.153356370120875], [78.73786394762799, 20.153353375509766], [78.73795201217024, 20.15335038089858], [78.73804007671245, 20.15334738544404], [78.73812814215304, 20.153344390832764], [78.7382162066953, 20.15334139622144], [78.73829882834524, 20.15337404093958], [78.73838145089348, 20.1534066856509], [78.73846407254342, 20.15343933119872], [78.73854669419336, 20.15347197589639], [78.73862931674162, 20.153504620587228], [78.73871193839157, 20.153537265271247], [78.73879456004151, 20.153569909948434], [78.73887718169146, 20.153602555462133], [78.7389598042397, 20.153635200125656], [78.73904242588964, 20.153667844782387], [78.73912504753957, 20.153700489432296], [78.73920767008785, 20.15373313407535], [78.73929029173779, 20.153765779554877], [78.73937291338774, 20.153798424184316], [78.739455535936, 20.153831068806902], [78.73953815758594, 20.153863713422652], [78.73962077923588, 20.15389635803157], [78.73970340088582, 20.153929003477003], [78.73978602343406, 20.153961648072272], [78.739868645084, 20.15399429266072], [78.73995126673394, 20.154026937242353], [78.74003388928222, 20.154059581817176], [78.74011651093215, 20.154092227228436], [78.7401991325821, 20.15412487178961], [78.74028175513034, 20.154157516343936], [78.74036437678028, 20.15419016089142], [78.74044699843022, 20.154222805432084], [78.74052962008015, 20.15425545080925], [78.74061224262844, 20.154288095336263], [78.74069486427838, 20.154320739856445], [78.74077748592832, 20.154353384369795], [78.74086010847658, 20.154386028876328], [78.74094273012652, 20.154418674219357], [78.74102535177647, 20.154451318712237], [78.7411079743247, 20.154483963198313], [78.74119059597464, 20.15451660767754], [78.7412732176246, 20.154549252149938], [78.74135583927453, 20.154581897458833], [78.7414384618228, 20.15461454191758], [78.74152108347275, 20.15464718636951], [78.74160370512269, 20.15467983081459], [78.74168632767092, 20.154712475252854], [78.74176894932086, 20.154745120527632], [78.7418515709708, 20.154777764952232], [78.74193419351909, 20.154810409370025], [78.74201681516902, 20.154843053781025], [78.74209943681896, 20.154875698185155], [78.7421820584689, 20.154908343425745], [78.74226468101718, 20.154940987816264], [78.74234730266711, 20.154973632199912], [78.74243700304147, 20.154975350014467], [78.74252670431417, 20.15497706782906], [78.74261640468855, 20.15497878564358], [78.74270610506292, 20.15498050345808], [78.74279580633562, 20.1549822212726], [78.74288550671002, 20.154983939087067], [78.7429752070844, 20.154985656901545], [78.74306490745876, 20.154987374715986], [78.74315460873146, 20.154989092530403], [78.74324430910586, 20.154990810344817], [78.74333400948024, 20.1549925273159], [78.74342371075292, 20.154994245130254], [78.7435134111273, 20.154995962944593], [78.74360311150171, 20.15499768075893], [78.74369281277437, 20.154999398573235], [78.74378251314877, 20.15500111638751], [78.74387221352313, 20.15500283420181], [78.74396191389751, 20.15500455201605], [78.7440516151702, 20.155006269830313], [78.74414131554461, 20.15500798764451], [78.74420936831726, 20.15496058456693], [78.74427742108993, 20.15491318147499], [78.7443454738626, 20.154865778368617], [78.74441352663527, 20.154818375247856], [78.74448157940792, 20.154770972112697], [78.7445496321806, 20.15472356896317], [78.74461768495325, 20.15467616579922], [78.7446857368276, 20.15462876262088], [78.74475378960024, 20.154581359428178], [78.74482184237293, 20.154533956221048], [78.74488989514556, 20.154486552999526], [78.74495794791825, 20.154439149763608], [78.7450260006909, 20.154391746513323], [78.74509405346359, 20.15434434324861], [78.74516210623622, 20.15429693996951], [78.74522393907387, 20.15423665680127], [78.74528577280982, 20.154176372766383], [78.74534760564747, 20.15411608955158], [78.74540943848511, 20.15405580631347], [78.74547127222105, 20.153995523052078], [78.7455331050587, 20.153935238924113], [78.74559493789631, 20.153874955616157], [78.74565677073396, 20.153814672284973], [78.74571860446993, 20.15375438808716], [78.74578043730754, 20.153694104709377], [78.74584227014519, 20.15363382130832], [78.74590410388113, 20.15357353704068], [78.74596593671878, 20.153513253593058], [78.74602776955642, 20.15345297012218], [78.74608960329236, 20.153392686628013], [78.74615143613, 20.153332402267257], [78.74621326896765, 20.153272118726537], [78.74627510180527, 20.15321183516251], [78.74633693554124, 20.153151550731934], [78.74639876837885, 20.153091267121393], [78.74645087066534, 20.15302370313498], [78.74650297295183, 20.152956139962626], [78.74655507523832, 20.152888575917768], [78.74660717752477, 20.15282101268693], [78.74665927981125, 20.152753448583564], [78.74671138209774, 20.152685884450985], [78.74676348438422, 20.152618321132426], [78.7468155866707, 20.15255075694134], [78.74686768895715, 20.152483192721043], [78.74691979124364, 20.152415629314778], [78.74697189353013, 20.152348065035998], [78.74702399581662, 20.152280501571262], [78.74707609810311, 20.152212937233983], [78.74712820038955, 20.152145372867484], [78.74718030267604, 20.152077809315024], [78.74723240496252, 20.15201024489004], [78.747284507249, 20.151942681279138], [78.7473366095355, 20.151875116795658], [78.74738871182194, 20.151807552282953], [78.74744081410843, 20.151739988584332], [78.74749291549662, 20.151672424013142], [78.74754501778308, 20.15160486025605], [78.74759712006956, 20.15153729562639], [78.74764922235605, 20.151469730967495], [78.74770132464253, 20.151402167122693], [78.74775342692902, 20.151334602405313], [78.74780552921547, 20.151267037658698], [78.74785763150196, 20.15119947372618], [78.74790973378845, 20.151131908921094], [78.74796183607492, 20.151064344930113], [78.74801393836141, 20.150996780066542], [78.74806604064786, 20.15092921517375], [78.74811814293435, 20.150861651095052], [78.74817024522083, 20.150794086143776], [78.74822234750732, 20.150726522006618], [78.74827444979381, 20.150658956996867], [78.74832655208026, 20.150591391957885], [78.74837865436675, 20.150523827732993], [78.74843075665324, 20.15045626263555], [78.74848285893971, 20.15038869835219], [78.7485349612262, 20.150321133196275], [78.74858706351264, 20.150253568011102], [78.74863916579913, 20.150186003640048], [78.74869126808562, 20.15011843839641], [78.74874337037211, 20.15005087312353], [78.7487954726586, 20.14998330866477], [78.74884757494505, 20.149915743333427], [78.74889967723153, 20.149848178816193], [78.74895177951801, 20.14978061342637], [78.7490038818045, 20.14971304800732], [78.74905598409099, 20.14964548340238], [78.74910808637743, 20.149577917924862], [78.74916018866392, 20.14951035326145], [78.74921229095041, 20.14944278772546], [78.7492643932369, 20.149375222160234], [78.74931649552339, 20.149307657409103], [78.74936859780983, 20.149240091785416], [78.74942070009632, 20.14917252613247], [78.7494728023828, 20.14910496129366], [78.74952490466929, 20.149037395582255], [78.74957700605745, 20.14896983068497], [78.74962910834394, 20.148902264915094], [78.74968121063043, 20.148834699115984], [78.74973331291687, 20.148767134130992], [78.74978541520336, 20.148699568273408], [78.74983751748984, 20.14863200322996], [78.74988961977633, 20.14856443731392], [78.74994172206281, 20.14849687136864], [78.74999382434926, 20.148429306237485], [78.75004592663575, 20.148361740233735], [78.75009802892224, 20.148294175044082], [78.75015013120873, 20.1482266089819], [78.7502022334952, 20.14815904289046], [78.75025433578166, 20.14809147761312], [78.75030643806814, 20.14802391146321], [78.75035854035463, 20.147956345284058], [78.75041064264111, 20.14788877991903], [78.7504627449276, 20.14782121368141], [78.75051484721405, 20.147753648257897], [78.75056694950054, 20.147686081961854], [78.75065437174737, 20.147667051869675], [78.7507417939942, 20.147648020931847], [78.750829216241, 20.14762898999169], [78.75091663848782, 20.14760995989259], [78.75100405983632, 20.147590929791146], [78.75109148298145, 20.147571898844046], [78.75117890432999, 20.14755286873797], [78.75126632657678, 20.14753383778624], [78.75135374882362, 20.14751480767551], [78.75144117107044, 20.147495776719122], [78.75152859331725, 20.147476746603786], [78.75161601556407, 20.147457716486098], [78.7517034378109, 20.147438685522765], [78.7517908600577, 20.14741965540047], [78.75187828230453, 20.147400624432493], [78.75196570455135, 20.14738159346221], [78.75205312679817, 20.14736256333292], [78.75214054904498, 20.14734353320136], [78.7522279712918, 20.14732450306744], [78.75231539353864, 20.147305472087858], [78.75240281578543, 20.14728644194933], [78.75249023803227, 20.14726741096513], [78.7525776602791, 20.147248379978606], [78.7526650825259, 20.14722934898976], [78.75275250477272, 20.14721031884191], [78.75283992701956, 20.14719128869179], [78.75292734926639, 20.14717225769599], [78.75301477151318, 20.14715322669787], [78.75310219376001, 20.147134196540783], [78.75318961600684, 20.147115166381365], [78.75327703825364, 20.147096135376277], [78.75336446050046, 20.147077105212254], [78.7534518827473, 20.147058074202533], [78.75353930499409, 20.147039043190496], [78.75362672724093, 20.147020012176135], [78.75371414948775, 20.147000982002787], [78.75380157173458, 20.146981951827158], [78.75388899398138, 20.146962920805848], [78.75397641622821, 20.146943890625543], [78.75406383847503, 20.1469248595996], [78.75415126072184, 20.14690582941469], [78.75423868296866, 20.146886798384102], [78.7543261052155, 20.146867768194536], [78.75441352746229, 20.146848738002664], [78.75450094970911, 20.146829706965118], [78.75458837195596, 20.146810676768578], [78.75467579420278, 20.14679164656976], [78.75476321644958, 20.146772615525258], [78.75485063869641, 20.14675358532177], [78.75493806094323, 20.14673455511599], [78.75502548319004, 20.14671552490786], [78.75511290543686, 20.146696493854083], [78.7552003276837, 20.146677463641346], [78.7552877499305, 20.146658432582928], [78.75537517217732, 20.146639402365533], [78.75546259442415, 20.14662037130247], [78.75555001667098, 20.14660134108046], [78.75563743891777, 20.146582310856132], [78.75572486116461, 20.146563279786097], [78.75581228341143, 20.146544249557127], [78.75589970565824, 20.14652521932584], [78.75598712790506, 20.1465061890922], [78.7560745501519, 20.146487158012917], [78.75616197239873, 20.14646812777467], [78.75624939464552, 20.146449097534074], [78.75633681689236, 20.14643006644783], [78.75642423913918, 20.146411036202625], [78.75651166138597, 20.146392005955093], [78.7565990836328, 20.146372975705248], [78.75668650587964, 20.14635394460973], [78.75677392812644, 20.146334914355226], [78.75686135037327, 20.14631588409843], [78.75694877262009, 20.146296853839285], [78.75703619576522, 20.14627782273449], [78.75712361801205, 20.14625879247074], [78.75721104025885, 20.146239762204644], [78.75729846250567, 20.146220731092892], [78.75738588475251, 20.146201700822182], [78.75747330699933, 20.146182670549127], [78.75756072924614, 20.146163639430405], [78.75764815149296, 20.146144609152746], [78.75773557373978, 20.14612557887276], [78.75782299598659, 20.14610654859043], [78.75791041823342, 20.146087517462448], [78.75799784048026, 20.1460684871755], [78.75808526272705, 20.146049456886217], [78.75817268497387, 20.14603042575127], [78.7582601072207, 20.14601139545738], [78.75834752946754, 20.145992365161135], [78.75843495171434, 20.1459733348626], [78.75852237396117, 20.14595430371838], [78.75860979620799, 20.145935273415187], [78.7586972184548, 20.14591624310968], [78.75878464070162, 20.145897212801845], [78.75887206294844, 20.145878181648353], [78.75895948519525, 20.145859151335912], [78.75904690744207, 20.145840121021106], [78.7591343296889, 20.145821089860654], [78.75922175193573, 20.145802059541253], [78.75930917418253, 20.145783029219512], [78.75939659642935, 20.145763998895468], [78.7594840186762, 20.14574496772574], [78.75957144092298, 20.145725937397053], [78.75965886316982, 20.145706907066028], [78.75974628541665, 20.145687875889355], [78.75983370766345, 20.145668845553708], [78.75992112991027, 20.14564981521572], [78.7600085521571, 20.145630784875458], [78.76009597440394, 20.145611753689497], [78.76018339665073, 20.145592723344564], [78.76027081889757, 20.145573692997328], [78.76035824114439, 20.145554661804407], [78.7604456633912, 20.145535631452514], [78.76053308563802, 20.145516601098333], [78.76062050788485, 20.145497570741796], [78.76070793013164, 20.145478539539603], [78.76079535237848, 20.145459509178462], [78.7608827746253, 20.145440478814965], [78.76097019687212, 20.145421447605827], [78.76105761911893, 20.14540241723771], [78.76114504136575, 20.145383386867273], [78.7612324636126, 20.14536435649454], [78.76131988675772, 20.14534532527611], [78.76140730900455, 20.145326294898737], [78.76149473125135, 20.14530726451901], [78.76158215349817, 20.145288234137002], [78.761669575745, 20.1452692029093], [78.7617569979918, 20.145250172522626], [78.76184442023862, 20.14523114213366], [78.76193184248547, 20.145212110899], [78.76201926473229, 20.145193080505365], [78.7621066869791, 20.145174050109443], [78.76219410922592, 20.145155019711165], [78.76228153147275, 20.145135988467242], [78.76236895371954, 20.14511695806436], [78.76245637596638, 20.145097927659123], [78.7625437982132, 20.14507889640824], [78.76263122046001, 20.145059865998398], [78.76271864270683, 20.145040835586215], [78.76280606495365, 20.145021805171744], [78.76289348720049, 20.145002773911585], [78.76298090944728, 20.144983743492443], [78.76306833169411, 20.144964713071012], [78.76315575394095, 20.144945681803897], [78.76324317618774, 20.144926651377794], [78.76333059843456, 20.144907620949404], [78.7634180206814, 20.14488859051871], [78.76350544292819, 20.14486955924231], [78.76359286517503, 20.144850528806934], [78.76368028742186, 20.144831498369268], [78.76376770966868, 20.144812467085917], [78.76385513191549, 20.144793436643585], [78.76394255416231, 20.14477440619896], [78.76402997640915, 20.144755375752005], [78.76411739865594, 20.14473634445937], [78.76420482090278, 20.1447173140078], [78.7642922431496, 20.144698283553875], [78.7643796653964, 20.144679253097674], [78.76446708764323, 20.144660221795775], [78.76455450989005, 20.14464119133489], [78.76464193213688, 20.14462216087172], [78.76472935438368, 20.14460312956286], [78.76481677663051, 20.144584099095017], [78.76490419887735, 20.1445650686249], [78.76499162112414, 20.144546038152424], [78.76507904337096, 20.14452700683429], [78.76516646561781, 20.144507976357215], [78.76525388786459, 20.14448894587782], [78.76534131011144, 20.144469914552715], [78.76542873235826, 20.144450884068654], [78.76551615460508, 20.1444318535823], [78.76560357775021, 20.144412823936975], [78.76569099999705, 20.144393791759228], [78.76577842224384, 20.144374761265926], [78.76586584449068, 20.14435573077026], [78.7659532667375, 20.144336699428937], [78.7660406889843, 20.14431766892868], [78.76612811123113, 20.144298638426054], [78.76621553347795, 20.144279607921163], [78.76630295572475, 20.144260576570552], [78.76639037797158, 20.14424154606098], [78.76647780021841, 20.14422251554912], [78.76656522246525, 20.14420348419156], [78.76665264471204, 20.14418445367504], [78.76674006695886, 20.144165423156224], [78.76682748920571, 20.14414639263506], [78.76691491145249, 20.14412736126823], [78.76700233369932, 20.144108330742462], [78.76708975594616, 20.144089300214368], [78.76717717819295, 20.144070268840576], [78.76726460043979, 20.144051238307824], [78.76735202268661, 20.14403220777277], [78.76743944493344, 20.144013177235376], [78.76752686718024, 20.14399414585232], [78.76761428942707, 20.143975115310322], [78.7677017116739, 20.143956084765968], [78.7677891339207, 20.143937054219336], [78.76787655616752, 20.143918022826984], [78.76796397841436, 20.143898992275684], [78.76805140066115, 20.143879961722092], [78.76813882290799, 20.143860931166138], [78.7682262451548, 20.143841900607914], [78.76831366740164, 20.143822870047327], [78.76840108964844, 20.143803839484452], [78.76848851189526, 20.143784808919246], [78.7685759341421, 20.143765778351735], [78.76866335638888, 20.14374674778191], [78.76875077863572, 20.143727716366378], [78.76883820088256, 20.143708685791886], [78.76892562312935, 20.143689655215105], [78.76901304537618, 20.14367062463598], [78.769100467623, 20.143651594054553], [78.76918788986984, 20.143632563470785], [78.76927531211663, 20.143613532884743], [78.76936273436347, 20.14359450229633], [78.76945015661029, 20.14357547170563], [78.7695375788571, 20.143556441112587], [78.76962500110392, 20.14353741051727], [78.76971242335075, 20.143518379919584], [78.76979984559755, 20.143499349319622], [78.7698872687427, 20.14348031871733], [78.76997469188784, 20.143461287269318], [78.77006211413466, 20.143442256662397], [78.77014953638147, 20.14342322605316], [78.77023695862829, 20.143404195441555], [78.77032438087512, 20.143385164827684], [78.77041180312192, 20.14336613421145], [78.77049922536875, 20.143347103592927], [78.77058664761557, 20.143328072972075], [78.77067406986241, 20.143309042348918], [78.7707614921092, 20.143290011723412], [78.77084891435602, 20.143270981095625], [78.77093633660287, 20.143251950465483], [78.77102375884965, 20.143232919833054], [78.7711111810965, 20.143213889198282], [78.77119860334332, 20.14319485856121], [78.77128602648845, 20.14317582707844], [78.77137344873528, 20.14315679643675], [78.77146087098207, 20.14313776579269], [78.7715482932289, 20.143118735146356], [78.77163571547574, 20.143099704497665], [78.77172313772256, 20.143080673846686], [78.77181055996937, 20.143061643193366], [78.77189798221619, 20.14304261253776], [78.77198540446302, 20.143023581879795], [78.77207379689035, 20.14300975987732], [78.77216218931768, 20.142995938716993], [78.77225058174498, 20.142982116712073], [78.7723389741723, 20.142968295549302], [78.77242736659963, 20.14295447354193], [78.77251575902696, 20.142940651533333], [78.77260415145429, 20.1429268303669], [78.77269254567824, 20.142913008355862], [78.77278093720727, 20.142899187186973], [78.7728693305329, 20.14288536517349], [78.77295772296023, 20.14287154400216], [78.77304611538756, 20.142857721986225], [78.77313450781489, 20.142843899969066], [78.77322290024222, 20.142830078794084], [78.77331129266953, 20.142816257617852], [78.77339968509688, 20.14280243559703], [78.77348807752419, 20.142788613574975], [78.77357646995152, 20.142774791551712], [78.77366486237887, 20.14276097037061], [78.77375325480618, 20.142747149188235], [78.77384164723351, 20.142733328004688], [78.77393003966084, 20.142719505976512], [78.77401843298647, 20.14270568394713], [78.7741068254138, 20.142691862759907], [78.77419521784113, 20.14267804157145], [78.77428361026845, 20.14266421953839], [78.77437200269578, 20.142650397504124], [78.7744603951231, 20.142636575468607], [78.77454878755044, 20.142622753431922], [78.77463717997777, 20.142608932237334], [78.77472557240509, 20.142595110198155], [78.77481396483243, 20.142581289001146], [78.77490235725975, 20.142567466959537], [78.77499074968708, 20.142553644916696], [78.77507914211438, 20.142539822872656], [78.7751675345417, 20.142526001670728], [78.77525592696904, 20.1425121804676], [78.77534432029469, 20.142498358419886], [78.77543271272202, 20.142484536370922], [78.77552110604765, 20.14247071432074], [78.77560949847498, 20.14245689311273], [78.77569789090231, 20.142443071060104], [78.77578628332964, 20.14242924900628], [78.77587467575697, 20.142415427794578], [78.77596306818428, 20.142401605738275], [78.77605146061163, 20.142387783680803], [78.77613985303894, 20.142373962465413], [78.77622824546627, 20.142360140405447], [78.77631663789361, 20.142346318344295], [78.77640503032093, 20.142332496281885], [78.77649342274826, 20.142318674218256], [78.77658181517559, 20.1423048521534], [78.7766702085012, 20.14229103008733], [78.77675860092855, 20.142277208020023], [78.77684699335587, 20.14226338595153], [78.77693538578319, 20.14224956388178], [78.77702377821053, 20.142235741810808], [78.77711217063785, 20.14222192058201], [78.7772005630652, 20.142208098508583], [78.77728895549251, 20.14219427643396], [78.77737734791984, 20.142180454358087], [78.77746574034718, 20.142166632280997], [78.7775541327745, 20.1421528102027], [78.77764252520183, 20.1421389881232], [78.77773091762916, 20.142125166042433], [78.77781931005649, 20.14211134396047], [78.77790770248379, 20.14209752187726], [78.77799609580944, 20.142083699792842], [78.77808448733843, 20.1420698777072], [78.77817287976578, 20.142056055620362], [78.77826127219309, 20.142042233532255], [78.77834966462042, 20.14202841144295], [78.77843805704775, 20.14201458935241], [78.77852644947508, 20.14200076726065], [78.77861484190241, 20.14198694516766], [78.77870323432974, 20.141973123073456], [78.77879162675707, 20.14195930097806], [78.77888001918438, 20.14194547888141], [78.77896841161173, 20.141931656783534], [78.77905680403904, 20.141917835527813], [78.77914519646637, 20.141904013427503], [78.77923358889372, 20.14189019132596], [78.77932198221934, 20.141876369223194], [78.77941037464666, 20.141862547119196], [78.77949876707399, 20.141848725013975], [78.77958715950132, 20.141834902907572], [78.77967555192865, 20.141821080799925], [78.77976394435598, 20.141807258691028], [78.7798523367833, 20.141793436580933], [78.77994072921064, 20.141779614469595], [78.78002912163795, 20.14176579235705], [78.7801175140653, 20.141751970243302], [78.78020590649261, 20.1417381481283], [78.78029429891994, 20.141724326012074], [78.78038269134728, 20.141710503894643], [78.7804710837746, 20.141696681775976], [78.7805594762019, 20.141682859656086], [78.78064786952756, 20.141669037535], [78.78073626195489, 20.141655215412655], [78.78082465438222, 20.141641393289103], [78.7809130459112, 20.141627571164317], [78.78100143833854, 20.14161374903832], [78.78108983076588, 20.14159992691109], [78.7811782231932, 20.141586104782668], [78.78126661562052, 20.141572282652994], [78.78135500804785, 20.141558460522102], [78.78144340047518, 20.141544639233366], [78.78153179290251, 20.141530817100033], [78.78162018532984, 20.14151699496545], [78.78170857775717, 20.14150317282967], [78.7817969701845, 20.14148935069266], [78.78188536261183, 20.141475528554423], [78.78197375593746, 20.141461706415004], [78.78206214836477, 20.141447884274317], [78.7821505407921, 20.14143406213242], [78.78223893321945, 20.141420239989287], [78.78232732564676, 20.141406417844944], [78.78241571807409, 20.141392595699358], [78.78250411050142, 20.1413787735526], [78.78259250292875, 20.141364951404583], [78.78266726970983, 20.14141129763806], [78.78274203738926, 20.141457644701187], [78.78281680417035, 20.141503991750568], [78.78289157184976, 20.141550338786185], [78.78296633863086, 20.14159668496467], [78.78304110631026, 20.141643031972794], [78.78311587309135, 20.141689378123786], [78.78319064077077, 20.141735725104404], [78.7832654075519, 20.141782071227915], [78.78334017523129, 20.141828418181042], [78.7834149420124, 20.141874764277024], [78.78348970969182, 20.141921111202656], [78.7835644764729, 20.14196745811451], [78.78363924415233, 20.142013805012642], [78.78371401093341, 20.142060151053624], [78.78378877771449, 20.14210649708084], [78.78386354539391, 20.142152843937723], [78.78393831217501, 20.14219918993747], [78.78401307985443, 20.14224553676681], [78.78408784663554, 20.142291883582434], [78.78416261431492, 20.142338230384293], [78.78423738109605, 20.142384576329057], [78.78431214877543, 20.14243092310341], [78.78438691555655, 20.142477269020645], [78.78446168323597, 20.142523615767505], [78.78453645001706, 20.142569961657234], [78.78461121769648, 20.14261630837659], [78.78468598447758, 20.142662654238823], [78.78476075215698, 20.142709000930672], [78.78483551893807, 20.142755347608798], [78.78491028571916, 20.1428016934298], [78.78498505339857, 20.142848040080366], [78.7850598201797, 20.142894385873873], [78.78513458785909, 20.142940732496974], [78.7852093546402, 20.142987079106323], [78.7852841223196, 20.14303342570193], [78.78535888910072, 20.1430797714404], [78.78543365678013, 20.14312611800849], [78.78550842356121, 20.14317246371947], [78.78558319124063, 20.143218810260066], [78.78565795802172, 20.143265155943528], [78.78573272570115, 20.14331150245662], [78.78580749248223, 20.143357848112615], [78.78588226016164, 20.14340419459821], [78.78595702694274, 20.143450541070017], [78.78603179372386, 20.143496886684755], [78.78610656140323, 20.143543233129094], [78.78618132818436, 20.1435895787163], [78.78625609586378, 20.143635925133133], [78.78633086264486, 20.143682270692835], [78.7864056303243, 20.143728617082175], [78.78648039710538, 20.14377496345775], [78.78655516478479, 20.14382130981959], [78.78662993156588, 20.14386765532428], [78.78670469924529, 20.143914001658594], [78.78677946602637, 20.14396034713583], [78.78685423370581, 20.144006693442655], [78.7869290004869, 20.144053038892345], [78.78700376816631, 20.144099385171668], [78.7870785349474, 20.144145730593852], [78.78715330172852, 20.144192076845666], [78.78722806940793, 20.144238423083728], [78.78730283618903, 20.14428476846467], [78.78737760386844, 20.144331114675225], [78.78745237064952, 20.144377460028696], [78.78752713832895, 20.144423806211723], [78.78760190511004, 20.14447015153768], [78.78767667278946, 20.144516497693235], [78.78775143957054, 20.14456284383503], [78.78782620724995, 20.14460918996308], [78.78790097403105, 20.144655535233998], [78.78797574171047, 20.144701881334548], [78.78805050849155, 20.14474822657797], [78.78812527617097, 20.144794572651], [78.7882000429521, 20.144840917866922], [78.78827480973318, 20.14488726391246], [78.7883495774126, 20.14493360994423], [78.78842434419369, 20.14497995511893], [78.7884991118731, 20.145026301123206], [78.78857387865419, 20.145072646270364], [78.78864864633361, 20.145118992247138], [78.7887234131147, 20.145165337366777], [78.78879818079412, 20.145211683316056], [78.7888729475752, 20.1452580284082], [78.78894771525462, 20.145304374329964], [78.7890224820357, 20.14535072023797], [78.78909724971513, 20.14539706613224], [78.78917201649624, 20.145443411169378], [78.78924678417563, 20.145489757036128], [78.78932155095676, 20.14553610204578], [78.78938264897248, 20.145595679310112], [78.78944374698823, 20.145655257395052], [78.78950484500395, 20.145714834613912], [78.78956594301967, 20.145774412653395], [78.78962704103542, 20.145833989826812], [78.78968813905114, 20.145893567820853], [78.78974923706689, 20.145953144948813], [78.78981033508262, 20.146012722054053], [78.78987143309837, 20.14607229913656], [78.78993253111408, 20.146131877039682], [78.78999362912982, 20.14619145407673], [78.79005472714556, 20.1462510319344], [78.79011582516127, 20.146310608926004], [78.79017692317703, 20.146370186738217], [78.79023802119275, 20.146429763684353], [78.7902991192085, 20.146489341451147], [78.79036021722422, 20.146548918351815], [78.79042131523997, 20.14660849607314], [78.79048241325569, 20.14666807292839], [78.79054351127141, 20.14672765060423], [78.79060460928716, 20.14678722741401], [78.79066570730289, 20.146846805044408], [78.7907268044203, 20.14690638180873], [78.79078790243607, 20.14696595939366], [78.79084900045177, 20.14702553611254], [78.79091009846752, 20.14708511365205], [78.79097119648326, 20.147144690325447], [78.79103229449896, 20.14720426781949], [78.79109339251472, 20.147263844447455], [78.79115449053045, 20.14732342189602], [78.7912155885462, 20.147382998478527], [78.79127668656191, 20.147442575881644], [78.79133778457766, 20.14750215241868], [78.79139888259338, 20.14756172977633], [78.7914599806091, 20.147621306267926], [78.79152107862485, 20.147680883580158], [78.79158217664059, 20.14774046002627], [78.79164327465634, 20.147800036449674], [78.79170437267204, 20.147859613693715], [78.79176546978947, 20.14791919091499], [78.79182656780522, 20.147978767270217], [78.79188766582095, 20.14803834444603], [78.79194876383666, 20.148097921599128], [78.79200986185242, 20.14815749872953], [78.79207095896984, 20.14821707499383], [78.79214435132853, 20.148265246717028], [78.79221774368726, 20.14831341926875], [78.79229113604596, 20.148361590962214], [78.79236452840469, 20.148409762640856], [78.79243792076338, 20.14845793514797], [78.7925113131221, 20.148506106796884], [78.7925847054808, 20.14855427843092], [78.79265809783954, 20.148602450893485], [78.79273149019822, 20.14865062249779], [78.79280488255695, 20.148698794087267], [78.79287827491565, 20.14874696650522], [78.79295166727438, 20.14879513806499], [78.79302505963311, 20.148843309609898], [78.7930984519918, 20.14889148113991], [78.79317184435052, 20.148939652655084], [78.79324523670924, 20.148987824155412], [78.79331862906795, 20.149035996484187], [78.79339202142665, 20.149084167954758], [78.79346541378538, 20.14913233941051], [78.79353880614408, 20.149180511694706], [78.79361219850281, 20.149228683120725], [78.7936855908615, 20.149276854531884], [78.79375898322023, 20.1493250267715], [78.79383237468062, 20.14937319815294], [78.79390576703932, 20.149421370362838], [78.79397915939806, 20.149469542557878], [78.79405255175675, 20.149517713894724], [78.79411242267379, 20.14957596054369], [78.79417229359089, 20.149634208014227], [78.79423216450793, 20.14969245461973], [78.79429203452666, 20.149750701203505], [78.7943519054437, 20.149808948608904], [78.79441177636079, 20.14986719514922], [78.79447164727785, 20.14992544166778], [78.79453151819489, 20.14998368900799], [78.79459138911194, 20.150041935483117], [78.794651260029, 20.150100181936526], [78.79471113094604, 20.150158429211537], [78.7947710009648, 20.150216675621486], [78.79483087188186, 20.15027492285305], [78.7948907427989, 20.150333169219554], [78.79495061371595, 20.150391415564314], [78.79501048463304, 20.15044966273068], [78.7950703555501, 20.150507909031994], [78.79513022646714, 20.15056615531158], [78.7951900973842, 20.150624402412777], [78.79524996740294, 20.150682648648903], [78.79530983832, 20.1507408948633], [78.79536970923705, 20.1507991418993], [78.7954295801541, 20.150857388070236], [78.79544994855485, 20.150938373715316], [78.79547031785391, 20.151019360161715], [78.79549068625465, 20.15110034572275], [78.79551105555373, 20.15118133208513], [78.7955314239545, 20.151262317562185], [78.79555179325354, 20.151343303840548], [78.7955721616543, 20.15142428923356], [78.79559253095339, 20.15150527542791], [78.79561289935414, 20.15158626073694], [78.79563326865319, 20.15166724684727], [78.79565363705395, 20.15174823207226], [78.79567400635304, 20.151829218098584], [78.79569437475375, 20.15191020323958], [78.79571474405283, 20.15199118918189], [78.79573511245358, 20.15207217423888], [78.79575548175264, 20.152153160097157], [78.79577585015339, 20.152234145070107], [78.79579621945248, 20.152315130844368], [78.79581658875152, 20.152396115733325], [78.79583695805061, 20.152477101423578], [78.79585732645137, 20.152558086228495], [78.79587769575042, 20.15263907183472], [78.79589806415117, 20.15272005655564], [78.79591843345027, 20.15280104207786], [78.79593880185102, 20.152882026714728], [78.79595917115007, 20.15296301215293], [78.79597953955083, 20.15304399670582], [78.79599990884988, 20.153124981216695], [78.79602027814896, 20.153205966528844], [78.79604064654971, 20.153286950955682], [78.79606101584876, 20.153367936183827], [78.79608138424952, 20.153448920526657], [78.7961017535486, 20.153529905670787], [78.79612212194935, 20.153610889929574], [78.7961424912484, 20.153691874989672], [78.79616285964916, 20.153772859164466], [78.79618322894825, 20.153853844140546], [78.7962035982473, 20.153934828231286], [78.79622396754634, 20.15401581312335], [78.79624433594711, 20.154096797130098], [78.79626470524619, 20.15417778193813], [78.79628507364694, 20.15425876586086], [78.796305442946, 20.154339750584874], [78.79632581134675, 20.15442073442355], [78.79634618064584, 20.15450171906352], [78.79636654904658, 20.154582702818203], [78.79638691834565, 20.154663687374157], [78.79640728674639, 20.1547446710448], [78.79642765604548, 20.154825655516735], [78.79644802534453, 20.15490663910336], [78.79646839464361, 20.154987623491262], [78.79648876304434, 20.155068606993844], [78.79650913234342, 20.155149591297718], [78.79652950074417, 20.155230574716306], [78.79649449968576, 20.155307907428494], [78.79645949862733, 20.155385240102337], [78.79642449756892, 20.155462572737914], [78.7963894965105, 20.155539905335143], [78.7963544954521, 20.155617237894095], [78.7963194943937, 20.155694570414735], [78.79628449333525, 20.155771902897023], [78.79624949227684, 20.155849235341037], [78.79621449121844, 20.15592656690343], [78.79617949016003, 20.15600389927082], [78.79614448910162, 20.156081231599867], [78.79610948804319, 20.15615856389063], [78.79607448698476, 20.156235896143052], [78.79603948682467, 20.156313228357206], [78.79600448576625, 20.156390560533037], [78.79596948470784, 20.156467892670523], [78.79593448364943, 20.15654522476973], [78.79589948259104, 20.15662255683059], [78.79586448153259, 20.156699888853172], [78.79582948137251, 20.156777220837434], [78.79579448031407, 20.15685455278335], [78.79575947925565, 20.156931884690998], [78.79572447819724, 20.1570092165603], [78.79568947713885, 20.157086548391312], [78.79565447697873, 20.157163880184015], [78.79561947592033, 20.157241211938373], [78.79558447486191, 20.157318543654448], [78.7955494738035, 20.157395876175485], [78.79551447274507, 20.157473207814924], [78.79547947168666, 20.15755053941603], [78.79544447152655, 20.157627870978843], [78.79540947046814, 20.157705202503337], [78.79537446940974, 20.157782533989497], [78.79533946835132, 20.157859865437377], [78.79530446729291, 20.1579371968469], [78.7952694671328, 20.15801452821814], [78.79523446607439, 20.158091859551075], [78.795199465016, 20.15816919084565], [78.79516446395755, 20.158246522101948], [78.79512946289914, 20.15832385331991], [78.79509446184073, 20.15840118449958], [78.79505946168061, 20.15847851564092], [78.7950244606222, 20.158555846743937], [78.79498945956381, 20.15863317780865], [78.79495445940368, 20.158710508835018], [78.79491945834529, 20.158787839823116], [78.79488445818517, 20.158865170772895], [78.79484945712677, 20.158942501684304], [78.79481445606837, 20.159019832557444], [78.79477945500994, 20.15909716339228], [78.79474445395151, 20.159174494188743], [78.7947094528931, 20.159251825790193], [78.79467445273302, 20.15932915651007], [78.79463945257291, 20.1594064871916], [78.7946044515145, 20.15948381783484], [78.7945896580584, 20.159566144038347], [78.79457486460231, 20.1596484710417], [78.7945600711462, 20.159730797158353], [78.79454527769009, 20.159813123231576], [78.794530484234, 20.159895450104642], [78.7945156907779, 20.15997777609102], [78.7945008973218, 20.160060102033924], [78.79448610476402, 20.160142428776727], [78.79447131130793, 20.16022475463278], [78.79445651785183, 20.16030708044545], [78.79444172529402, 20.160389407057927], [78.79442693183792, 20.160471732783716], [78.79441213838183, 20.160554058466083], [78.79439734582405, 20.160636384948283], [78.79438255236795, 20.160718710543787], [78.79436775891185, 20.160801036095865], [78.79435296635408, 20.160883362447766], [78.79433817289798, 20.160965687912977], [78.79432337944186, 20.16104801333477], [78.7943085868841, 20.16113033955637], [78.794293793428, 20.161212664891295], [78.79427899997191, 20.161294990182757], [78.7942642074141, 20.161377316274095], [78.794249413958, 20.161459641478707], [78.7942346205019, 20.161541966639895], [78.79421982794413, 20.16162429260092], [78.79420503448802, 20.161706617675254], [78.79419024103193, 20.161788942706156], [78.79417544847415, 20.161871268536878], [78.79416065501806, 20.16195359348091], [78.79414586156196, 20.162035918381513], [78.79413106900415, 20.162118244081945], [78.79411627554805, 20.162200568895678], [78.79410148209197, 20.162282893665953], [78.79408668953417, 20.16236521923611], [78.79407189607808, 20.162447543919516], [78.79405710262198, 20.162529868559528], [78.79404231006421, 20.162612193999372], [78.7940275166081, 20.16269451855249], [78.79401272405033, 20.16277684390547], [78.79399793059423, 20.162859168371707], [78.79398313713813, 20.162941492794552], [78.79396834458032, 20.1630238180172], [78.79395355112423, 20.163106142353165], [78.79393875766813, 20.163188466645707], [78.79392396511037, 20.163270791738043], [78.79390917165425, 20.163353115943718], [78.79389437819815, 20.163435440105946], [78.79387958564038, 20.163517765067983], [78.79386479218428, 20.163600089143344], [78.79384999872819, 20.163682413175245], [78.79383520617039, 20.163764738006993], [78.79382041271428, 20.163847061952026], [78.7938056201565, 20.163929385853628], [78.7937908267004, 20.164011710555062], [78.7937760332443, 20.16409403436981], [78.79376124068654, 20.164176358141123], [78.79374644723043, 20.16425868271223], [78.79373165467263, 20.16434100639666], [78.79371686121655, 20.16442333003766], [78.79370206776046, 20.164505654478468], [78.79368727520266, 20.164587978032586], [78.79367248174655, 20.164670301543286], [78.79365768829045, 20.16475262585378], [78.79364289573269, 20.164834949277584], [78.79362810227659, 20.16491727265793], [78.79361330882048, 20.164999596838136], [78.7935985162627, 20.165081920131602], [78.79358372280662, 20.16516424338167], [78.79356892935051, 20.165246567431538], [78.79355413679271, 20.165328890594715], [78.79353934423494, 20.16541121371446], [78.79352455077884, 20.165493537634], [78.79350975732272, 20.165575860666877], [78.79349496476496, 20.16565818365631], [78.79348017130886, 20.165740507445534], [78.79346537875105, 20.165822830348084], [78.79345058529496, 20.165905153207163], [78.79343579183886, 20.16598747686611], [78.7934209992811, 20.16606979963831], [78.79334220625087, 20.166033339356208], [78.7932634132207, 20.16599687990881], [78.79318461929219, 20.165960419609636], [78.79310582626198, 20.165923959301946], [78.79302703323177, 20.16588749982899], [78.79294824020158, 20.165851039504282], [78.79286944627304, 20.165814579171023], [78.79279065324286, 20.16577811967252], [78.79271186021266, 20.16574165932221], [78.79263306718245, 20.165705198963433], [78.79255427325394, 20.165668738596093], [78.79247548022371, 20.165632279063495], [78.79239668719354, 20.165595818679105], [78.79231789416333, 20.16555935912947], [78.79223910023482, 20.165522898728046], [78.79216030720461, 20.165486438318137], [78.79208151417443, 20.165449977899666], [78.79200272114423, 20.16541351831596], [78.79192392811402, 20.16537705788044], [78.79184513418551, 20.165340597436447], [78.79176634115528, 20.16530413782717], [78.79168754812511, 20.165267677366106], [78.7916087550949, 20.165231217739784], [78.79152996116639, 20.16519475726167], [78.79145116813618, 20.165158296775083], [78.79137237510596, 20.165121836279923], [78.79129358207578, 20.165085376619526], [78.79121478814727, 20.16504891610733], [78.79113599511707, 20.16501245558661], [78.79105720208686, 20.164975995057418], [78.79097840905668, 20.16493953536293], [78.79089961512813, 20.16490307481666], [78.79082082209796, 20.16486661426187], [78.79074202906774, 20.16483015454182], [78.79066323603753, 20.164793693970022], [78.79058444210902, 20.16475723338966], [78.79050564907881, 20.164720773644053], [78.79042685604864, 20.16468431304667], [78.79034704612555, 20.164647365883297], [78.79026723710074, 20.164610418711145], [78.79018742717766, 20.164573471530293], [78.79010761815286, 20.16453652434065], [78.79002780822974, 20.16449957714229], [78.78994799920497, 20.16446262993514], [78.78986818928183, 20.16442568271929], [78.78978838025708, 20.164388735494672], [78.78970857033396, 20.16435178826129], [78.7896287613092, 20.164314841019166], [78.78954895138607, 20.16427789376829], [78.7894691423613, 20.164240946508674], [78.78938933243818, 20.164203999240293], [78.78930952341341, 20.164167051963183], [78.78922971349029, 20.16413010467731], [78.78914537965142, 20.164135819427543], [78.78906104581255, 20.16414153417755], [78.7889767119737, 20.164147248927375], [78.78889237813482, 20.164152963676973], [78.78880804429595, 20.16415867842638], [78.78872371045708, 20.164164393175547], [78.78863937571987, 20.164170107924534], [78.788555041881, 20.164175822673318], [78.78847070804211, 20.164181538265126], [78.78838637420327, 20.164187253013452], [78.7883020403644, 20.164192968604855], [78.78821770652553, 20.164198683352797], [78.7881540716674, 20.16425188016628], [78.78809043591102, 20.164305077804908], [78.7880268010529, 20.164358274582117], [78.7879631652965, 20.16441147218445], [78.78789953043841, 20.16446466892539], [78.78783589468199, 20.164517865648186], [78.78777225982391, 20.164571062352856], [78.78770862406748, 20.164624259882647], [78.7876449892094, 20.16467745655103], [78.78758135345298, 20.16473065404455], [78.78751771859488, 20.164783850676663], [78.78745408283847, 20.1648370481339], [78.78739044798037, 20.16489024472973], [78.78738809349602, 20.164974491538942], [78.78738573901165, 20.165058739145937], [78.7873833845273, 20.16514298586416], [78.78738103004294, 20.165227233380158], [78.78737867555857, 20.165311480007404], [78.78737632107422, 20.165395726589157], [78.78737396658985, 20.16547997396868], [78.78737161210546, 20.165564220459444], [78.78736925762111, 20.165648467747992], [78.78736690313674, 20.165732714147815], [78.78736454865239, 20.165816961345335], [78.78736219416803, 20.16590120765416], [78.78735983878536, 20.16598545391746], [78.78735748430101, 20.166069700978536], [78.78735512981666, 20.16615394715086], [78.7873527753323, 20.166238194120933], [78.78735042084794, 20.166322440202258], [78.78734806636358, 20.166406686238112], [78.78734571187923, 20.1664909330717], [78.78734335739486, 20.16657517901655], [78.78734100201217, 20.166659425759164], [78.7873386475278, 20.166743671613027], [78.78733629304345, 20.166827917421422], [78.7873339376608, 20.16691216402751], [78.78733158317644, 20.166996409744915], [78.78732922779375, 20.167080656260026], [78.7873268733094, 20.167164901886444], [78.7873245179267, 20.167249148310578], [78.78732216344234, 20.16733339384597], [78.78731980895799, 20.167417639335874], [78.78731745357533, 20.167501885623526], [78.78731509909097, 20.16758613102243], [78.78731274370828, 20.167670377219093], [78.78731038922392, 20.167754622526996], [78.7873080059935, 20.167838859357065], [78.78730562276301, 20.167923096984854], [78.78730323953259, 20.16800733372395], [78.78730085630212, 20.168091571260803], [78.78729847307169, 20.16817580790888], [78.78729608984122, 20.168260044511513], [78.78729370661078, 20.168344281911857], [78.78729132338033, 20.168428518423504], [78.78728894014989, 20.168512754889665], [78.78728655691943, 20.16859699215355], [78.78728417368899, 20.168681228528722], [78.78728179045854, 20.16876546570167], [78.7872794072281, 20.16884970198583], [78.78727702399766, 20.168933938224544], [78.7872746398689, 20.16901817526102], [78.78727225663843, 20.16910241140872], [78.787269873408, 20.169186648354206], [78.78726749017753, 20.169270884410917], [78.7872651069471, 20.1693551204222], [78.78726272371662, 20.169439357231198], [78.7872603404862, 20.169523593151453], [78.78725795725573, 20.169607829026237], [78.78725557312697, 20.169692065698793], [78.78725318989653, 20.16977630148256], [78.78725080576778, 20.169860538064114], [78.7872484225373, 20.169944773756946], [78.78724603930686, 20.170029009404242], [78.7872436551781, 20.170113245849326], [78.78724127194765, 20.170197481405648], [78.78723888871721, 20.1702817169165], [78.78723650458845, 20.17036595322511], [78.78723412135798, 20.17045018864496], [78.78723173722922, 20.17053442486257], [78.78722935399878, 20.170618660191455], [78.78717433937415, 20.170680966664747], [78.7871193247495, 20.17074327395637], [78.78706431012489, 20.170805580379877], [78.78700929550024, 20.170867886778503], [78.78695428087563, 20.17093019315224], [78.786899266251, 20.170992500344287], [78.78684425162636, 20.171054806668245], [78.78678923700176, 20.171117112967305], [78.7867342223771, 20.17117941924148], [78.78667920685416, 20.171241726334], [78.78662419222952, 20.171304032558353], [78.78656917760492, 20.171366338757863], [78.78651416298028, 20.171428644932472], [78.78645914835563, 20.171490951925428], [78.78640413373103, 20.17155325805026], [78.78634911910638, 20.171615564150205], [78.78629410448174, 20.17167787022525], [78.78623908985713, 20.171740177118604], [78.78618407523248, 20.171802483143882], [78.78612902916682, 20.17186481612711], [78.78607398310118, 20.171927149085477], [78.7860189370355, 20.171989482018883], [78.78596389096982, 20.172051814927404], [78.78590884490414, 20.17211414781099], [78.7858537988385, 20.172176480669666], [78.78579875277283, 20.17223881350346], [78.78574370670717, 20.172301146312314], [78.78568866064151, 20.172363479096248], [78.7856336136775, 20.1724258126985], [78.78557856761188, 20.172488145432638], [78.7855235215462, 20.172550478141844], [78.78546847548053, 20.17261281082615], [78.78541342941486, 20.172675143485517], [78.78535838245088, 20.172737476119977], [78.78530333638521, 20.172799808729554], [78.78524829031957, 20.17286214131418], [78.7851932442539, 20.172924473873923], [78.78513819818822, 20.172986806408716], [78.78519482978037, 20.173049899492632], [78.78525146047419, 20.173112992551026], [78.78530809206634, 20.173176086427087], [78.78536472276016, 20.17323917943443], [78.78542135435231, 20.173302272416233], [78.78547798594444, 20.17336536537252], [78.78553461753658, 20.173428458303256], [78.78559124912873, 20.173491551208514], [78.78564788072086, 20.1735546440882], [78.7857045114147, 20.1736177369424], [78.78576114300682, 20.173680829771033], [78.78581777459897, 20.173743922574168], [78.78587440619113, 20.173807016194985], [78.78593103688495, 20.17387010894703], [78.78598766757877, 20.1739332016736], [78.78604429917091, 20.173996295217815], [78.78610093076307, 20.174059387893298], [78.78615756145689, 20.174122480543282], [78.786214193049, 20.17418557316771], [78.78627082374285, 20.17424866576664], [78.78632745533498, 20.174311759183215], [78.78638408692713, 20.174374851731105], [78.78644071762095, 20.17443794425341], [78.78649734921309, 20.174501036750243], [78.78655398080525, 20.17456413006471], [78.78661061149907, 20.174627222510452], [78.78666724309122, 20.1746903149307], [78.78672387378504, 20.174753407325376], [78.78678050537717, 20.17481649969457], [78.78683713696931, 20.174879592881393], [78.78689376766313, 20.174942685199508], [78.78695039925528, 20.1750057774921], [78.78700703084743, 20.17506886975916], [78.78706366243955, 20.175131962843874], [78.7871202931334, 20.175195055059906], [78.78717692382722, 20.175258147250364], [78.78723355541938, 20.17532123941534], [78.7872901870115, 20.175384331554767], [78.78734681770531, 20.175447424511855], [78.78740344929746, 20.175510516600205], [78.78746008088962, 20.175573609506237], [78.78751671158344, 20.175636700700355], [78.78757334317558, 20.175699793555335], [78.7876299738694, 20.1757628855416], [78.78768660456322, 20.17582597834551], [78.78774405272397, 20.175889686654845], [78.78780150088468, 20.175953394938144], [78.78785894994375, 20.17601710403862], [78.78791639810449, 20.176080812269888], [78.78797384626522, 20.176144520475088], [78.78803129442596, 20.17620822865427], [78.78808874258668, 20.17627193680745], [78.78814619164572, 20.176335645777776], [78.78820363980648, 20.17639935387887], [78.78826108796721, 20.176463061953925], [78.78831853612793, 20.176526770002983], [78.78837598428866, 20.176590478025975], [78.78843343334772, 20.176654186866156], [78.78849088150845, 20.176717894837086], [78.78854832966921, 20.17678160278203], [78.78860577782991, 20.1768453107009], [78.78866322599066, 20.176909018593747], [78.78872067504972, 20.176972727303763], [78.78877812321045, 20.177036435144576], [78.7888355713712, 20.17710014295933], [78.78889301953191, 20.177163850748045], [78.78895046769266, 20.177227558510776], [78.7890079158534, 20.17729126624743], [78.78906536491245, 20.177354975644448], [78.78912281307316, 20.177418683329055], [78.78918026123391, 20.17748239098762], [78.78923770939465, 20.17754609862018], [78.78929515755536, 20.177609806226684], [78.78935260661444, 20.17767351465035], [78.78941005477516, 20.177737222204783], [78.78946750293589, 20.177800929733227], [78.78952495109664, 20.177864637235597], [78.78958239925736, 20.177928344711944], [78.78963984831641, 20.17799205300546], [78.78969729647716, 20.178055760429757], [78.78975474463789, 20.178119467828], [78.7898121927986, 20.178183175200225], [78.78986964095935, 20.178246882546436], [78.7899270900184, 20.178310590709753], [78.78998453817914, 20.178374298003902], [78.79004198633989, 20.178438005271985], [78.79009943450059, 20.178501712514073], [78.79015688266134, 20.178565419730095], [78.79021433172039, 20.17862912776328], [78.79027177988112, 20.17869283492723], [78.79032922804187, 20.178756542065187], [78.79038667620259, 20.17882024917708], [78.79044412436333, 20.17888395626294], [78.79050157342239, 20.17894766416595], [78.79055902158312, 20.17901137119974], [78.79061646974384, 20.179075078207536], [78.79067391790458, 20.179138785189252], [78.79073136606533, 20.179202492144977], [78.79078881512439, 20.179266199917798], [78.79084626328512, 20.17932990682144], [78.79090371144584, 20.17939361369905], [78.79096115960657, 20.179457320550608], [78.79101860776733, 20.179521027376158], [78.79107605682637, 20.179584735018835], [78.79113350498712, 20.1796484417923], [78.79119095314783, 20.179712148539714], [78.79124840130856, 20.179775855261145], [78.79130585036762, 20.179839562799675], [78.79136329852837, 20.179903269468998], [78.79142074668908, 20.179966976112294], [78.79147819484983, 20.18003068272958], [78.79153564390886, 20.18009439016398], [78.79159309206962, 20.180158096729173], [78.79165054023035, 20.18022180326832], [78.7917079892894, 20.180285509781466], [78.79176543745011, 20.180349216268556], [78.79182288650918, 20.18041292272959], [78.7918803346699, 20.180476629164644], [78.79193778283064, 20.18054033557362], [78.79199523188969, 20.180604041956567], [78.79205268094873, 20.18066774831351], [78.79211012910947, 20.180731454644384], [78.79216757727022, 20.180795160949252], [78.79222502543092, 20.180858867228054], [78.79228247449001, 20.180922574324015], [78.79233992265073, 20.180986280550744], [78.79239737081146, 20.181049986751486], [78.79247739363531, 20.181088010966544], [78.79255741645912, 20.181126034329218], [78.79263744018125, 20.18116405852578], [78.79271746300509, 20.18120208186988], [78.79279748582893, 20.18124010604787], [78.79287750865272, 20.181278129373418], [78.79295753147656, 20.181316153532872], [78.7930375551987, 20.18135417768305], [78.79311757802252, 20.181392200980813], [78.79319760084636, 20.181430225112432], [78.79327762367019, 20.181468248391607], [78.79335764649399, 20.181506272504688], [78.79343767021612, 20.181544296608482], [78.79351769303996, 20.181582319859835], [78.7935977158638, 20.18162034310194], [78.7936777386876, 20.18165836717787], [78.79375776151144, 20.181696390401438], [78.79383778523358, 20.18173441445886], [78.79391780805739, 20.181772437663827], [78.79399783088122, 20.181810461702714], [78.79407785370506, 20.18184848573231], [78.79415787652887, 20.181886508909454], [78.79423790025099, 20.1819245329205], [78.79431792307483, 20.181962556079135], [78.79439794589867, 20.182000580071623], [78.79447796872248, 20.18203860321167], [78.79455799154631, 20.18207662718562], [78.79463801526846, 20.182114651150297], [78.79471803809226, 20.182152674262518], [78.7947980609161, 20.182190698208633], [78.79487808373993, 20.182228721302305], [78.79495810656374, 20.182266745229885], [78.79503813028587, 20.18230476914816], [78.79511815310971, 20.18234279221405], [78.79519817593355, 20.182380815270626], [78.79527819875736, 20.182418839161095], [78.7953582215812, 20.18245686219911], [78.79543824530333, 20.182494886071026], [78.79551826812717, 20.18253290909053], [78.79559829095098, 20.182570932943886], [78.79568492537528, 20.18258191759217], [78.79577156069793, 20.182592902239687], [78.79585819512222, 20.18260388688642], [78.79594482954653, 20.182614871532383], [78.79603146397088, 20.182625856177562], [78.79611809929348, 20.182636840821978], [78.79620473371783, 20.182647825465615], [78.79629136814214, 20.182658809265337], [78.79637800346478, 20.182669793907426], [78.79646463788909, 20.182680778548747], [78.7965512723134, 20.182691762346117], [78.7966379067377, 20.182702746985875], [78.79672454206033, 20.182713731624908], [78.79681117648465, 20.182724715419962], [78.79689781090896, 20.182735700057403], [78.79698444623159, 20.182746684694084], [78.79707108065591, 20.182757668486836], [78.79715771508026, 20.182768652278785], [78.79724434950457, 20.182779636913136], [78.7973309848272, 20.182790621546722], [78.79741761925152, 20.18280160533637], [78.79750425367581, 20.182812589968407], [78.79759088899846, 20.182823574599652], [78.79767752342276, 20.18283455838701], [78.79776415784707, 20.182845542173542], [78.79785079227138, 20.18285652680246], [78.79793742759402, 20.182867511430626], [78.79802406201833, 20.18287849521487], [78.79805870464897, 20.182953433151905], [78.79809334727956, 20.183028371896043], [78.7981279899102, 20.183103309761037], [78.7981626325408, 20.183178247589975], [78.79819727606971, 20.183253186226036], [78.79823191870035, 20.18332812398293], [78.79826656133099, 20.18340306170379], [78.79830120396159, 20.183477999388625], [78.79833584749052, 20.183552937880567], [78.79837049012114, 20.18362787549333], [78.79840513275174, 20.183702813070077], [78.79843977628069, 20.18377775145392], [78.79847441891133, 20.18385268895862], [78.79850906154192, 20.183927626427263], [78.79854370417256, 20.184002564703018], [78.79857834680315, 20.18407750209962], [78.79861298943378, 20.18415243946019], [78.79864763296271, 20.184227377627856], [78.79868227559331, 20.184302314916355], [78.79871691822395, 20.184377252168836], [78.79875156085454, 20.184452189385276], [78.79878620438346, 20.184527127408824], [78.7988208470141, 20.184602064553193], [78.7988554896447, 20.18467700166156], [78.79889013317366, 20.18475193957701], [78.79892477580427, 20.1848268766133], [78.79884269494013, 20.184855925476352], [78.79876061497433, 20.184884974333976], [78.79867853411017, 20.184914024029325], [78.79859645414435, 20.184943072876145], [78.79851437328018, 20.184972122560673], [78.79843229331436, 20.185001171396625], [78.79835021245023, 20.185030221070352], [78.79826813248442, 20.18505926989548], [78.79818605162026, 20.185088318715223], [78.79810397165443, 20.185117367529525], [78.79802189079031, 20.185146417181574], [78.79793980992615, 20.185175465985072], [78.79785772996033, 20.185204514783127], [78.79777564909618, 20.185233564418965], [78.79769356913036, 20.18526261320618], [78.79761148826623, 20.185291662831155], [78.7975294083004, 20.18532071160758], [78.79744732743625, 20.185349761221715], [78.79736524747044, 20.18537880998729], [78.79728316660629, 20.18540785874747], [78.79720108664048, 20.185436907502208], [78.79711900577632, 20.185465957094724], [78.7970369258105, 20.18549500583862], [78.79695484494637, 20.185524055420277], [78.79687276408222, 20.185553104153396], [78.7967906841164, 20.18558215288106], [78.79670860325224, 20.185611202446466], [78.79662652328642, 20.185640251163342], [78.7965444424223, 20.185669300717922], [78.79646236245647, 20.18569834942396], [78.7963802815923, 20.1857273989677], [78.7962982016265, 20.185756447662882], [78.79621612076237, 20.185785496352672], [78.79613404079655, 20.18581454503703], [78.79605195993238, 20.18584359455914], [78.79598332235648, 20.18589673845953], [78.79591468478057, 20.1859498823418], [78.79584604720465, 20.186003026205952], [78.79577740962873, 20.186056170051963], [78.79570877205283, 20.186109314723033], [78.79564013537524, 20.186162458532788], [78.79557149779932, 20.18621560232445], [78.7955028602234, 20.186268746097994], [78.7954342226475, 20.186321890696536], [78.7953655859699, 20.186375034433837], [78.79529694839397, 20.186428178152983], [78.79522831081805, 20.186481322697176], [78.79515967414046, 20.18653446638009], [78.79509103656456, 20.186587610044885], [78.79502239898865, 20.186640754534693], [78.79495376141271, 20.186693898163256], [78.79488512473512, 20.18674704177369], [78.7948164871592, 20.18680018620912], [78.7947478495833, 20.186853329783307], [78.7946792129057, 20.18690647333938], [78.79461057532978, 20.186959617720436], [78.79454193775385, 20.18701276124025], [78.79447330017797, 20.18706590474192], [78.79440466350037, 20.1871190482255], [78.79433602592445, 20.187172192534067], [78.79426738924685, 20.18722533598139], [78.79419875167092, 20.18727848025371], [78.79413011499332, 20.187331623664786], [78.79406147741742, 20.18738476790086], [78.79397891864956, 20.187415392941602], [78.79389635988169, 20.187446017133198], [78.79381380021547, 20.187476642161915], [78.79373124144763, 20.187507266341463], [78.79364868267976, 20.18753789135813], [78.79356612391187, 20.187568516368795], [78.79348356424568, 20.18759914137343], [78.79340100547783, 20.187629765528907], [78.79331844670995, 20.187660389678367], [78.79323588794206, 20.18769101466495], [78.79315332827589, 20.187721639645513], [78.79307076950802, 20.187752263776904], [78.79298821074013, 20.187782888745435], [78.79290565197226, 20.187813512864807], [78.79282309230608, 20.187844137821298], [78.79274053353821, 20.187874762771763], [78.79265797477034, 20.18790538687307], [78.79257541600245, 20.18793601181151], [78.79249285633628, 20.18796663674392], [78.79241029756841, 20.18799726082717], [78.79232773880052, 20.188027885747548], [78.79224518003268, 20.188058509818763], [78.79216262036647, 20.188089134727104], [78.7920800615986, 20.188119759629426], [78.79199750283075, 20.18815038368258], [78.79191494406287, 20.188181008572865], [78.79183238439666, 20.188211633457136], [78.79174982562881, 20.188242257492234], [78.79166726686094, 20.18827288236447], [78.79158470809305, 20.188303506387534], [78.79150214842686, 20.188334131247718], [78.79141958965901, 20.188364755258785], [78.79133703089114, 20.1883953801069], [78.7912523538958, 20.188418540760868], [78.79116767779882, 20.188441701411385], [78.7910830008035, 20.18846486205843], [78.79099832470652, 20.188488022702067], [78.7909136477112, 20.188511183342253], [78.79082897071589, 20.18853434397897], [78.79074429461889, 20.188557504612273], [78.79065961762359, 20.188580665242092], [78.79057494152659, 20.188603825868515], [78.79049026453129, 20.188626986491503], [78.79040558753596, 20.188650147111005], [78.79032091054066, 20.188673307727097], [78.79023623354536, 20.188696468339757], [78.79015155655001, 20.188719628948927], [78.79006688045303, 20.188742789554688], [78.78998220345771, 20.188765950157016], [78.78989752736072, 20.18878911075587], [78.78981285036542, 20.188812272194415], [78.78972817337012, 20.188835432786412], [78.78964349727312, 20.188858593374945], [78.78955882027778, 20.188881753960036], [78.7894741441808, 20.188904914541702], [78.78938946718547, 20.188928075119918], [78.78930479019017, 20.188951235694677], [78.78922011409317, 20.188974396266012], [78.78913543709788, 20.188997557677013], [78.78905076100087, 20.189020718241466], [78.78896608400557, 20.189043878802448], [78.78888140701024, 20.18906703936003], [78.78879673091323, 20.189090199914126], [78.78871205391793, 20.18911336130794], [78.78862737692263, 20.189136521855144], [78.78854270082563, 20.189159682398948], [78.78845802383033, 20.18918284378242], [78.78837334773333, 20.189206004319328], [78.78828867163632, 20.18922916485276], [78.78820399464102, 20.18925232538279], [78.78811931854402, 20.189275486752482], [78.78803464154869, 20.189298647275624], [78.78794996545172, 20.189321807795295], [78.78786528845639, 20.189344969154696], [78.78779290131247, 20.189393283312622], [78.78772051416856, 20.189441597455588], [78.78764812612636, 20.189489911583554], [78.78757573898245, 20.18953822569656], [78.78750335183854, 20.189586538951435], [78.78743096469462, 20.189634853034455], [78.78735857755072, 20.189683167102512], [78.78728618950848, 20.18973148115562], [78.78721380236456, 20.1897797951937], [78.78714141522065, 20.189828109216812], [78.78706902807674, 20.189876423224934], [78.78699664003454, 20.18992473721808], [78.78692425289063, 20.18997305119624], [78.78685186574671, 20.190021365159428], [78.78677947860281, 20.19006967826449], [78.78670709145891, 20.19011799219774], [78.78663470341665, 20.190166306115984], [78.78656231627275, 20.190214620019233], [78.78648992912885, 20.190262933907515], [78.78644775142962, 20.1903361879656], [78.78640557462873, 20.190409441146144], [78.78636339692952, 20.19048269513538], [78.78632122012858, 20.190555948247006], [78.78627904242937, 20.19062920216736], [78.78623686473014, 20.19070245605324], [78.78619468703093, 20.19077570906159], [78.78615250933171, 20.190848962878615], [78.78611033253081, 20.190922215818063], [78.7860681548316, 20.19099546956617], [78.78602597713238, 20.19106872327988], [78.78598380033146, 20.191141976115983], [78.78594162263224, 20.1912152297608], [78.78589944583135, 20.19128848252805], [78.78585726813213, 20.19136173610394], [78.78583350320129, 20.19143867740408], [78.78580973827044, 20.19151561866623], [78.7857859733396, 20.19159255989037], [78.78576220840876, 20.19166950023339], [78.78573844347794, 20.191746441381525], [78.7857146785471, 20.191823382491673], [78.78569091361624, 20.19190032356383], [78.78566714868539, 20.191977264597973], [78.78564338375455, 20.19205420559413], [78.7856196188237, 20.19213114655228], [78.78559585389289, 20.192208086629307], [78.78557208896204, 20.19228502751146], [78.7855483240312, 20.192361968355623], [78.78552455910035, 20.192438909161773], [78.78553509903355, 20.192519521644048], [78.78554563806848, 20.192600134084607], [78.78555617800173, 20.192680747326538], [78.78556671703663, 20.192761359683665], [78.78557725696984, 20.19284197199909], [78.78558779600476, 20.192922584272797], [78.785598335938, 20.19300319650479], [78.78560887497292, 20.193083808695064], [78.78561941490617, 20.19316442168674], [78.78562995394104, 20.193245033793595], [78.78564049387428, 20.19332564585872], [78.7856510329092, 20.193406257882145], [78.78566157284244, 20.193486869863854], [78.78567211187733, 20.193567481803843], [78.78568265181057, 20.19364809454523], [78.78569319084548, 20.193728706401803], [78.78570373077872, 20.193809318216648], [78.78571426981364, 20.193889929989773], [78.78572480974685, 20.193970541721196], [78.78573534878177, 20.194051153410904], [78.78574588871501, 20.194131765901957], [78.78575642774992, 20.194212377508233], [78.78576696768313, 20.19429298907278], [78.78580211696357, 20.19436838690791], [78.78583726624403, 20.194443784706554], [78.78587241642276, 20.194519183311787], [78.78590756570323, 20.194594581037432], [78.78594271498365, 20.1946699787266], [78.78597786426407, 20.194745376379245], [78.78601301444283, 20.19482077483848], [78.78604816372327, 20.194896172418147], [78.7860833130037, 20.194971569961318], [78.78611846318245, 20.19504696831109], [78.78615361246288, 20.195122364938168], [78.78618876264164, 20.195197763214953], [78.78622391192206, 20.195273160612146], [78.78625906120253, 20.195348557972828], [78.78629421138125, 20.1954239561401], [78.78632936066171, 20.195499352584733], [78.78636451084044, 20.195574750679], [78.7863996601209, 20.19565014789371], [78.78643481029964, 20.195725545071916], [78.78646995958009, 20.195800942213637], [78.78650510886054, 20.195876339318858], [78.78654025903928, 20.19595173723068], [78.78657540921802, 20.1960271342629], [78.78661055849848, 20.19610253125863], [78.7866126695394, 20.19618641553738], [78.7866147805803, 20.19627029977094], [78.78661689162122, 20.19635418395934], [78.78661900266212, 20.196438068945636], [78.78662111370305, 20.196521953043657], [78.78662322474399, 20.196605837096524], [78.78662533578489, 20.19668972110419], [78.78662744682582, 20.196773605066717], [78.78662955786672, 20.196857488984055], [78.78663166890763, 20.19694137369928], [78.78663377994854, 20.19702525752624], [78.78663589098949, 20.197109141308047], [78.7866380020304, 20.19719302504465], [78.78664011307131, 20.197276908736093], [78.78664222411223, 20.197360792382373], [78.78664433515314, 20.197444676826525], [78.78664644619406, 20.1975285603824], [78.786648557235, 20.19761244389315], [78.78665066827591, 20.197696327358667], [78.78665277931682, 20.19778021077904], [78.78665489035774, 20.197864094154205], [78.78665700139865, 20.197947977484237], [78.78665911243955, 20.198031861612126], [78.78666122348048, 20.198115744851776], [78.78666333452142, 20.19819962804624], [78.78666544556233, 20.198283511195537], [78.78666755750154, 20.19836739429962], [78.78666966944078, 20.198451277358565], [78.7866717804817, 20.198535161215368], [78.78667389152264, 20.198619044183936], [78.78667600346185, 20.1987029271073], [78.78667811450276, 20.19878680998551], [78.7866609701556, 20.198867915750075], [78.78664382580838, 20.19894902147239], [78.78662668146119, 20.19903012715249], [78.78660953711397, 20.199111231947267], [78.7865923927668, 20.19919233754287], [78.78657524841961, 20.199273443096217], [78.7865581040724, 20.199354548607367], [78.78654095972519, 20.199435654076243], [78.78652381537799, 20.19951675950288], [78.78650667103082, 20.199597864887306], [78.7864895266836, 20.199678969386405], [78.78647238143812, 20.199760075529365], [78.78645523709089, 20.199841180787075], [78.7864380927437, 20.1999222860025], [78.7864209483965, 20.200003391175724], [78.78640380404929, 20.20008449630667], [78.78638665970212, 20.200165601395366], [78.7863695153549, 20.2002467055988], [78.78635237100771, 20.20032781060302], [78.78633522666051, 20.20040891556503], [78.78631808231333, 20.200490020484775], [78.78630093796612, 20.20057112536227], [78.78628379361892, 20.200652230197555], [78.78626664927172, 20.200733334147536], [78.78624950402622, 20.200814438898306], [78.78623235878071, 20.200895543606823], [78.78621521443351, 20.200976648273144], [78.7861980700863, 20.201057752897185], [78.78618092484079, 20.20113885747899], [78.7861637804936, 20.201219962018584], [78.7861466361464, 20.20130106567285], [78.78612949090089, 20.201382170127918], [78.7861123465537, 20.201463273697694], [78.78609520130819, 20.201544378068288], [78.78607805606264, 20.201625482396615], [78.78606091171548, 20.201706586682743], [78.78604376736827, 20.201787690926594], [78.78602662302106, 20.201868794285158], [78.78600947777556, 20.201949898444525], [78.78599233253001, 20.202031002561675], [78.78597518818286, 20.202112106636537], [78.78596827744336, 20.20219610570544], [78.78596136670387, 20.202280104729024], [78.78595445596441, 20.20236410370728], [78.7859475452249, 20.20244810264024], [78.78594063448543, 20.202532101527876], [78.78593372374597, 20.202616100370193], [78.7859268130065, 20.202700099167192], [78.785919902267, 20.20278409791888], [78.78591299152751, 20.202868097468283], [78.78590608078805, 20.202952096129334], [78.78589916915024, 20.203036094745084], [78.78589225841078, 20.2031200933155], [78.78588534767128, 20.203204091840615], [78.7858784369318, 20.203288090320402], [78.78587152619234, 20.20337208875487], [78.78586461545282, 20.203456087144023], [78.78585770471335, 20.20354008548787], [78.78585079397389, 20.20362408378639], [78.78584388323438, 20.203708082039594], [78.78583697159661, 20.203792080247478], [78.78583006085711, 20.203876078410033], [78.7858231492193, 20.20396007652725], [78.78581623847984, 20.2040440745992], [78.78580932684203, 20.204128072625807], [78.78580241610257, 20.204212070607095], [78.78579550446476, 20.20429606854307], [78.7857885937253, 20.204380067276777], [78.78578168298581, 20.20446406512212], [78.78577477134802, 20.204548062922143], [78.78576786060852, 20.20463206067685], [78.78576094986904, 20.204716058386218], [78.78575403823125, 20.204800056050253], [78.78574712749177, 20.204884053668987], [78.78574021585398, 20.204968051242417], [78.78573330511449, 20.205052048770515], [78.7857394711506, 20.20513528583589], [78.78574563718674, 20.205218522013713], [78.78575180322284, 20.2053017589901], [78.78575796925895, 20.20538499507894], [78.78576413529505, 20.205468231966282], [78.78577030133117, 20.20555146796612], [78.78577646736728, 20.205634704764446], [78.78578263340339, 20.20571794067528], [78.7857887994395, 20.2058011773846], [78.78579496547562, 20.205884414049443], [78.78580113151172, 20.205967649826768], [78.78580729754783, 20.20605088640257], [78.78581346358393, 20.20613412209088], [78.78581962962005, 20.206217358577675], [78.78582579565617, 20.20630059417698], [78.78583196169227, 20.206383830574794], [78.78583812772838, 20.20646706692807], [78.78584429376448, 20.206550302393868], [78.7858504598006, 20.206633538658114], [78.78585662583671, 20.20671677403491], [78.78586279187282, 20.2068000102102], [78.78586895790893, 20.206883245497924], [78.78587512394505, 20.2069664815842], [78.78588128998115, 20.20704971678292], [78.78588745601726, 20.207132952780178], [78.78589362205336, 20.20721618873293], [78.78589978808948, 20.207299423798133], [78.78590595322726, 20.207382659661867], [78.78591211926337, 20.207465894638066], [78.78591828529949, 20.207549130412787], [78.78592445133559, 20.207632365299965], [78.7859306173717, 20.207715600985665], [78.7859367834078, 20.20779883578383], [78.78594294944392, 20.207882071380524], [78.78594911548004, 20.207965306932707], [78.78595528151614, 20.20804854159734], [78.78596144755225, 20.208131777060505], [78.78596761269006, 20.208215011636128], [78.78597377872617, 20.208298247010276], [78.78597994386395, 20.208381481496883], [78.78598610990007, 20.208464716782014], [78.78599227593617, 20.208547952022627], [78.78599844197228, 20.208631186375715], [78.7860046080084, 20.2087144215273], [78.78601077314622, 20.20879765579136], [78.78601693918232, 20.20888089085394], [78.78602310432011, 20.20896412502898], [78.78602927035621, 20.209047360002558], [78.786035435494, 20.209130594088567], [78.7860416015301, 20.209213828973112]], [[78.73574326419403, 20.17033020478421], [78.73583270765026, 20.170326014808392], [78.73592126177434, 20.17031348535493], [78.73600804711562, 20.17029274290534], [78.73609220129144, 20.170263991516386], [78.73617288707194, 20.170227518722996], [78.73624930315991, 20.170183685419538], [78.7363206904789, 20.170132927546756], [78.73638633846153, 20.170075751032552], [78.73644559493093, 20.17001272251703], [78.73649787238891, 20.169944468509392], [78.73654264981256, 20.16987166864267], [78.73657948253583, 20.16979504471194], [78.73660800404609, 20.169715358988313], [78.73662793227237, 20.16963340410039], [78.73663906778863, 20.169549993759034], [78.73664130010211, 20.169465956854776], [78.73663460765324, 20.169382129025845], [78.73661905691735, 20.169299343382548], [78.73659480150636, 20.16921842207499], [78.7365620839654, 20.16914017039033], [78.73652122768797, 20.169065364947336], [78.7364726405092, 20.168994749480163], [78.73641680392609, 20.16892902640572], [78.73635427399579, 20.168868848390996], [78.73628567055584, 20.168814813293412], [78.7362116772242, 20.168767459101122], [78.73613302882279, 20.16872725550034], [78.73605050598752, 20.168694602188506], [78.7359649297786, 20.168669824658043], [78.73587715090062, 20.168653167449943], [78.73578804161768, 20.168644797526845], [78.73569848677037, 20.168644797526845], [78.73560937748745, 20.168653167449943], [78.73552159860948, 20.168669824658043], [78.73543602240055, 20.168694602188506], [78.73535349956529, 20.16872725550034], [78.73527485116385, 20.168767459101122], [78.73520085783223, 20.168814813293412], [78.73513225439228, 20.168868848390996], [78.73506972446201, 20.16892902640572], [78.73501388787889, 20.168994749480163], [78.73496530070011, 20.169065364947336], [78.73492444442269, 20.16914017039033], [78.73489172688168, 20.16921842207499], [78.73486747147074, 20.169299343382548], [78.73485192073485, 20.169382129025845], [78.73484522828598, 20.169465956854776], [78.73484746059945, 20.169549993759034], [78.73485859611571, 20.16963340410039], [78.73487852434198, 20.169715358988313], [78.73490704585227, 20.16979504471194], [78.73494387857552, 20.16987166864267], [78.73498865599917, 20.169944468509392], [78.73504093345713, 20.17001272251703], [78.73510018992653, 20.170075751032552], [78.73516583790918, 20.170132927546756], [78.73523722522819, 20.170183685419538], [78.73531364131614, 20.170227518722996], [78.73539432709664, 20.170263991516386], [78.73547848127247, 20.17029274290534], [78.73556526661376, 20.17031348535493], [78.73565382073782, 20.170326014808392], [78.73574326419403, 20.17033020478421]], [[78.76846276078933, 20.159726593405363], [78.76855220424554, 20.15972240314476], [78.76864075836961, 20.159709872839723], [78.7687275437109, 20.159689128980357], [78.76881169788672, 20.159660375637294], [78.76889238366721, 20.15962390036501], [78.76896879975517, 20.159580064082412], [78.76904018707418, 20.15952930275985], [78.76910583505683, 20.159472122359645], [78.76916509152625, 20.159409089560384], [78.7692173689842, 20.159340830913898], [78.76926214640784, 20.159268026099376], [78.76929897913114, 20.159191396960946], [78.76932750064138, 20.159111705821573], [78.76934742886766, 20.159029745363696], [78.76935856438391, 20.15894632935347], [78.7693607966974, 20.158862286737815], [78.76935410424852, 20.158778453211696], [78.76933855351267, 20.15869566194209], [78.76931429810166, 20.158614735134933], [78.76928158056069, 20.158536478132092], [78.76924072428326, 20.15846166760517], [78.76919213710448, 20.15839104733886], [78.76913630052137, 20.158325319797786], [78.76907377059106, 20.158265137693302], [78.76900516715114, 20.158211098923434], [78.76893117381952, 20.158163741512933], [78.76885252541807, 20.15812353517985], [78.76877000258281, 20.15809087964893], [78.76868442637388, 20.158066100434542], [78.7685966474959, 20.158049442094406], [78.76850753821299, 20.158041071602486], [78.7684179833657, 20.158041071602486], [78.76832887408274, 20.158049442094406], [78.76824109520477, 20.158066100434542], [78.76815551899587, 20.15809087964893], [78.76807299616061, 20.15812353517985], [78.76799434775916, 20.158163741512933], [78.7679203544275, 20.158211098923434], [78.76785175098757, 20.158265137693302], [78.76778922105728, 20.158325319797786], [78.76773338447416, 20.15839104733886], [78.76768479729542, 20.15846166760517], [78.76764394101795, 20.158536478132092], [78.767611223477, 20.158614735134933], [78.76758696806601, 20.15869566194209], [78.76757141733012, 20.158778453211696], [78.76756472488124, 20.158862286737815], [78.76756695719475, 20.15894632935347], [78.76757809271102, 20.159029745363696], [78.76759802093726, 20.159111705821573], [78.76762654244754, 20.159191396960946], [78.76766337517083, 20.159268026099376], [78.76770815259448, 20.159340830913898], [78.76776043005243, 20.159409089560384], [78.76781968652183, 20.159472122359645], [78.76788533450448, 20.15952930275985], [78.76795672182347, 20.159580064082412], [78.76803313791143, 20.15962390036501], [78.76811382369195, 20.159660375637294], [78.76819797786776, 20.159689128980357], [78.76828476320904, 20.159709872839723], [78.7683733173331, 20.15972240314476], [78.76846276078933, 20.159726593405363]]]}}]}