{"type": "FeatureCollection", "features": [{"type": "Feature", "properties": {"premiumdata.sde.IN_Village_PCA.area": 22.13585407, "objectid": 61179, "id": "274874151612259", "name": "Mulvad", "subdistrict": "Trimbakeshwar", "district": "Nashik", "state": "Maharashtra", "country": "India", "censusname": "Mulvad", "villagename_locallang": null, "lgd_villagename": "Mulvad", "lgd_villagecode": 550859, "lgd_subdistrictcode": 4151, "lgd_districtcode": 487, "lgd_statecode": 27, "censuscode2001": "02576600", "censuscode2011": "550859", "censuscode2021": null, "level": "Village", "tru": "Rural", "no_hh": 124, "tot_p": 870, "tot_m": 473, "tot_f": 397, "per_tot_m": 54.36781609000001, "per_tot_f": 45.63218391, "p_06": 96, "m_06": 49, "f_06": 47, "per_p_06": 11.03448276, "per_m_06": 51.04166667000001, "per_f_06": 48.95833333, "p_sc": 0, "m_sc": 0, "f_sc": 0, "per_p_sc": 0.0, "per_m_sc": 0.0, "per_f_sc": 0.0, "p_st": 802, "m_st": 418, "f_st": 384, "per_p_st": 92.18390805, "per_m_st": 52.11970075, "per_f_st": 47.88029925, "p_lit": 520, "m_lit": 331, "f_lit": 189, "per_p_lit": 59.77011494, "per_m_lit": 63.65384615, "per_f_lit": 36.34615385, "p_ill": 350, "m_ill": 142, "f_ill": 208, "per_p_ill": 40.22988506, "per_m_ill": 40.57142857, "per_f_ill": 59.42857143, "tot_work_p": 369, "tot_work_m": 194, "tot_work_f": 175, "per_tot_work_p": 42.4137931, "per_tot_work_m": 52.57452575, "per_tot_work_f": 47.42547425, "mainwork_p": 248, "mainwork_m": 153, "mainwork_f": 95, "per_mainwork_p": 28.50574713, "per_mainwork_m": 61.69354839, "per_mainwork_f": 38.30645161, "main_cl_p": 44, "main_cl_m": 41, "main_cl_f": 3, "per_main_cl_p": 17.74193548, "per_main_cl_m": 93.18181818, "per_main_cl_f": 6.81818182, "main_al_p": 186, "main_al_m": 100, "main_al_f": 86, "per_main_al_p": 75.0, "per_main_al_m": 53.76344086, "per_main_al_f": 46.23655914, "main_hh_p": 3, "main_hh_m": 3, "main_hh_f": 0, "per_main_hh_p": 1.20967742, "per_main_hh_m": 100.0, "per_main_hh_f": 0.0, "main_ot_p": 15, "main_ot_m": 9, "main_ot_f": 6, "per_main_ot_p": 6.0483871, "per_main_ot_m": 60.0, "per_main_ot_f": 40.0, "margwork_p": 121, "margwork_m": 41, "margwork_f": 80, "per_margwork_p": 13.90804598, "per_margwork_m": 33.88429752, "per_margwork_f": 66.11570248000001, "marg_cl_p": 28, "marg_cl_m": 11, "marg_cl_f": 17, "per_marg_cl_p": 23.14049587, "per_marg_cl_m": 39.28571429, "per_marg_cl_f": 60.71428571, "marg_al_p": 83, "marg_al_m": 24, "marg_al_f": 59, "per_marg_al_p": 68.59504132, "per_marg_al_m": 28.91566265, "per_marg_al_f": 71.08433735, "marg_hh_p": 4, "marg_hh_m": 0, "marg_hh_f": 4, "per_marg_hh_p": 3.30578512, "per_marg_hh_m": 0.0, "per_marg_hh_f": 100.0, "marg_ot_p": 6, "marg_ot_m": 6, "marg_ot_f": 0, "per_marg_ot_p": 4.95867769, "per_marg_ot_m": 100.0, "per_marg_ot_f": 0.0, "margwork_3_6_p": 35, "margwork_3_6_m": 25, "margwork_3_6_f": 10, "per_margwork_3_6_p": 28.92561983, "per_margwork_3_6_m": 71.42857143, "per_margwork_3_6_f": 28.57142857, "marg_cl_3_6_p": 9, "marg_cl_3_6_m": 6, "marg_cl_3_6_f": 3, "per_marg_cl_3_6_p": 7.43801653, "per_marg_cl_3_6_m": 66.66666667, "per_marg_cl_3_6_f": 33.33333333, "marg_al_3_6_p": 18, "marg_al_3_6_m": 14, "marg_al_3_6_f": 4, "per_marg_al_3_6_p": 14.87603306, "per_marg_al_3_6_m": 77.77777778, "per_marg_al_3_6_f": 22.22222222, "marg_hh_3_6_p": 3, "marg_hh_3_6_m": 0, "marg_hh_3_6_f": 3, "per_marg_hh_3_6_p": 2.47933884, "per_marg_hh_3_6_m": 0.0, "per_marg_hh_3_6_f": 100.0, "marg_ot_3_6_p": 5, "marg_ot_3_6_m": 5, "marg_ot_3_6_f": 0, "per_marg_ot_3_6_p": 4.1322314, "per_marg_ot_3_6_m": 100.0, "per_marg_ot_3_6_f": 0.0, "margwork_0_3_p": 86, "margwork_0_3_m": 16, "margwork_0_3_f": 70, "per_margwork_0_3_p": 71.07438017, "per_margwork_0_3_m": 18.60465116, "per_margwork_0_3_f": 81.39534884000001, "marg_cl_0_3_p": 19, "marg_cl_0_3_m": 5, "marg_cl_0_3_f": 14, "per_marg_cl_0_3_p": 15.70247934, "per_marg_cl_0_3_m": 26.31578947, "per_marg_cl_0_3_f": 73.68421053, "marg_al_0_3_p": 65, "marg_al_0_3_m": 10, "marg_al_0_3_f": 55, "per_marg_al_0_3_p": 53.71900826, "per_marg_al_0_3_m": 15.38461538, "per_marg_al_0_3_f": 84.61538462, "marg_hh_0_3_p": 1, "marg_hh_0_3_m": 0, "marg_hh_0_3_f": 1, "per_marg_hh_0_3_p": 0.82644628, "per_marg_hh_0_3_m": 0.0, "per_marg_hh_0_3_f": 100.0, "marg_ot_0_3_p": 1, "marg_ot_0_3_m": 1, "marg_ot_0_3_f": 0, "per_marg_ot_0_3_p": 0.82644628, "per_marg_ot_0_3_m": 100.0, "per_marg_ot_0_3_f": 0.0, "non_work_p": 501, "non_work_m": 279, "non_work_f": 222, "per_non_work_p": 57.5862069, "per_non_work_m": 55.68862275, "per_non_work_f": 44.31137725, "per_hc_tot_tot": 100, "per_hc_tot_god": 53.4, "per_hc_tot_liv": 43.1, "per_hc_tot_dil": 3.4, "per_hc_res_tot": 100.0, "per_hc_res_god": 53.4, "per_hc_res_liv": 43.1, "per_hc_res_dil": 3.4, "per_hc_oth_tot": 0.0, "per_hc_oth_god": 0.0, "per_hc_oth_liv": 0.0, "per_hc_oth_dil": 0.0, "per_mt_grsbam": 2.6, "per_mt_plastic": 0.0, "per_mt_h_tiles": 0.0, "per_mt_m_tiles": 97.4, "per_mt_b_brick": 0.0, "per_mt_stone": 0.0, "per_mt_asbstos": 0.0, "per_mt_concrte": 0.0, "per_mt_oth": 0.0, "per_mw_grsbam": 14.7, "per_mw_plastic": 0.0, "per_mw_mud": 11.2, "per_mw_wood": 0.0, "per_mw_no_mrtr": 0.0, "per_mw_st_mrtr": 0.0, "per_mw_asbstos": 0.0, "per_mw_b_brick": 73.3, "per_mw_concrte": 0.9, "per_mw_oth": 0.0, "per_mf_mud": 93.1, "per_mf_wood": 2.6, "per_mf_b_brick": 0.0, "per_mf_stone": 4.3, "per_mf_cement": 0.0, "per_mf_fl_tile": 0.0, "per_mf_oth": 0.0, "per_dw_n_exrm": 3.4, "per_dw_1_room": 36.2, "per_dw_2_room": 54.3, "per_dw_3_room": 5.2, "per_dw_4_room": 0.0, "per_dw_5_room": 0.9, "per_dw_6_room": 0.0, "per_hhsize_1": 0.9, "per_hhsize_2": 2.6, "per_hhsize_3": 6.9, "per_hhsize_4": 13.8, "per_hhsize_5": 27.6, "per_hhsize_6_8": 35.3, "per_hhsize_9p": 12.9, "per_ow_owned": 96.6, "per_ow_rented": 3.4, "per_ow_oth": 0.0, "per_mc_none": 4.3, "per_mcouple_1": 63.8, "per_mcouple_2": 25.0, "per_mcouple_3": 6.0, "per_mcouple_4": 0.9, "per_mcouple_5p": 0.0, "per_dw_t_ts": 0.9, "per_dw_t_unts": 0.0, "per_dw_c_well": 50.0, "per_dw_unc_wel": 38.8, "per_dw_hpump": 0.0, "per_dw_tw_bore": 0.0, "per_dw_spring": 0.0, "per_dw_rivcan": 10.3, "per_dw_tank": 0.0, "per_dw_oth": 0.0, "per_loc_dw_wp": 33.6, "per_loc_dw_np": 5.2, "per_loc_dw_aw": 61.2, "per_light_elec": 0.0, "per_light_kero": 77.6, "per_light_solr": 22.4, "per_light_oil": 0.0, "per_light_oth": 0.0, "per_light_no": 0.0, "per_hh_latrine": 31.0, "per_fl_sewer": 0.0, "per_fl_septict": 0.0, "per_fl_othsys": 0.0, "per_pl_wslab": 30.2, "per_pl_without": 0.0, "per_ns_open": 0.9, "per_sl_ns_hum": 0.0, "per_sl_ns_anml": 0.0, "per_hh_no_lat": 69.0, "per_as_pub": 0.0, "per_as_open": 69.0, "per_hh_bathrm": 60.3, "per_hh_en_wrf": 0.0, "per_hh_no_btrm": 39.7, "per_wwoc_drain": 1.7, "per_wwoc_open": 0.9, "per_wwoc_nodrn": 97.4, "per_cook_fire": 97.4, "per_cook_resdu": 2.6, "per_cook_cwdng": 0.0, "per_cook_coal": 0.0, "per_cook_kero": 0.0, "per_cook_lpng": 0.0, "per_cook_elec": 0.0, "per_cook_biogs": 0.0, "per_cook_oth": 0.0, "per_cook_no": 0.0, "per_kf_inside": 98.3, "per_kf_in_has": 58.6, "per_kf_in_does": 39.7, "per_kf_outside": 1.7, "per_kf_out_has": 0.0, "per_kf_out_dos": 1.7, "per_kf_no_cook": 0.0, "per_hh_banking": 24.1, "per_hh_radio": 19.8, "per_hh_tv": 0.0, "per_hh_cmp_int": 0.0, "per_hh_cmp_wnt": 39.7, "per_hh_ph_ll": 0.9, "per_hh_ph_mob": 7.8, "per_hh_ph_bth": 0.9, "per_hh_bcycl": 3.4, "per_hh_2wheel": 1.7, "per_hh_4wheel": 0.9, "per_hh_tvcomp": 0.0, "per_hh_no_ast": 50.9, "per_hs_perma": 71.6, "per_hs_sperma": 28.4, "per_hs_temp": 0.0, "per_hs_servc": 0.0, "per_hs_nservc": 0.0, "per_hs_unclss": 0.0, "avghhsz_cy": 7.01612903, "st_areashape": 25213739.94960192, "st_lengthshape": 24299.002593176927}, "geometry": {"type": "Polygon", "coordinates": [[[73.27367820652006, 20.099885749430385], [73.27359203293148, 20.0998931064949], [73.27350585934292, 20.099900462715475], [73.27341968575435, 20.09990781977929], [73.27333351216575, 20.099915176842764], [73.27324733857718, 20.09992253390589], [73.27316116498862, 20.09992989012508], [73.27307499140001, 20.09993724718752], [73.27298881781145, 20.099944604249618], [73.27290264422288, 20.099951961311348], [73.27281647063433, 20.099959317529176], [73.27273029704573, 20.099966674590217], [73.27264412345717, 20.09997403165093], [73.2725579507669, 20.099981388711285], [73.27247177717832, 20.099988744927725], [73.27238560358974, 20.099996101987394], [73.27229943000117, 20.100003459046718], [73.27221325641261, 20.100010815262113], [73.27212708282404, 20.100018172320738], [73.27204090923544, 20.10002552937903], [73.27195473564687, 20.10003288643701], [73.27186856205832, 20.100040242650994], [73.27178238846972, 20.100047599708233], [73.27169621488115, 20.100054956765177], [73.27161004129258, 20.10006231382173], [73.27152386770399, 20.100069670034326], [73.27143769411543, 20.10007702709023], [73.27135369355155, 20.10007702709023], [73.27126969298762, 20.10007702709023], [73.27118569332202, 20.10007702709023], [73.27110169275814, 20.10007702709023], [73.27101769219422, 20.10007702709023], [73.27093369163032, 20.10007702709023], [73.27084969106643, 20.10007702709023], [73.2707656905025, 20.10007702709023], [73.27068169083695, 20.10007702709023], [73.27059769027302, 20.10007702709023], [73.2705136897091, 20.10007702709023], [73.27042968914522, 20.10007702709023], [73.2704476374846, 20.09999601847072], [73.27046558492567, 20.09991500980933], [73.27048353326505, 20.099834001106032], [73.27050148070609, 20.099752992360777], [73.27051942814717, 20.099671983573653], [73.27053737648654, 20.099590973057374], [73.27055532482592, 20.099509964186414], [73.27057327316528, 20.09942895527354], [73.27059122060636, 20.09934794631874], [73.27060916894574, 20.099266937322028], [73.27062711638678, 20.09918592828341], [73.27064506472615, 20.099104919202862], [73.27066301306553, 20.099023910080433], [73.27068096050661, 20.098942900916082], [73.27069890884597, 20.098861891709824], [73.27071685628705, 20.09878088246162], [73.27073480462643, 20.098699872327913], [73.2707527529658, 20.09861886299592], [73.27077070130518, 20.09853785362201], [73.27078864964454, 20.098456844206165], [73.27080659798392, 20.098375834748417], [73.2708245463233, 20.098294825248786], [73.27084249466267, 20.098213815707194], [73.27086044300205, 20.098132806123736], [73.27087839134143, 20.09805179649837], [73.2708963396808, 20.097970786831045], [73.27091428802021, 20.09788977627823], [73.27093223635958, 20.09780876652712], [73.27095018469895, 20.0977277567341], [73.27096813214, 20.097646747742772], [73.27098608047937, 20.09756573786594], [73.27100402881874, 20.09748472794716], [73.27102197715816, 20.0974037179865], [73.27103992549752, 20.09732270798393], [73.2710578738369, 20.097241697939435], [73.27107582217627, 20.09716068785305], [73.27109377051565, 20.097079677724754], [73.27111171885501, 20.09699866671092], [73.27112966719439, 20.096917656498782], [73.27114761553376, 20.09683664624476], [73.27116556387313, 20.09675563594882], [73.2711835122125, 20.09667462561096], [73.2712014605519, 20.096593615231217], [73.27121947446828, 20.096512306167554], [73.27123748928301, 20.096430997061645], [73.2712555040977, 20.096349687913545], [73.2712735180141, 20.096268379566833], [73.27129153193049, 20.096187070334274], [73.27130954674521, 20.096105761059526], [73.27132756066158, 20.096024451742526], [73.2713455754763, 20.09594314238334], [73.2713635893927, 20.095861832981917], [73.2713816033091, 20.095780524381908], [73.27139961812378, 20.095699214896072], [73.27141763204018, 20.095617905368027], [73.27143564685491, 20.09553659579773], [73.2714536607713, 20.095455286185256], [73.271471675586, 20.09537397653052], [73.27148968950239, 20.09529266767722], [73.27150770431707, 20.0952113579381], [73.27152571823348, 20.09513004815673], [73.27154373214988, 20.09504873833317], [73.2715617469646, 20.094967428467374], [73.2715797617793, 20.094886118559376], [73.27159777569568, 20.094804809452793], [73.27161578961208, 20.094723499460358], [73.27163380442677, 20.094642189425727], [73.27165181834317, 20.094560879348844], [73.27166983315789, 20.094479569229783], [73.27168784707429, 20.094398259068516], [73.27170586099069, 20.09431694970864], [73.27172387580538, 20.09423563946291], [73.27174188972177, 20.094154329175], [73.27175990453647, 20.094073018844846], [73.27177791845286, 20.0939917084725], [73.27179593326758, 20.09391039805792], [73.27181394718399, 20.09382908844477], [73.27183196110037, 20.09374777794579], [73.27184997591506, 20.09366646740457], [73.27186798983146, 20.093585156821177], [73.27188600464619, 20.093503846195535], [73.27190401946088, 20.093422535527704], [73.27192203337728, 20.093341225661284], [73.27194004729367, 20.09325991490903], [73.27195806210835, 20.093178604114538], [73.27197607602476, 20.093097293277868], [73.27199409083948, 20.09301598239894], [73.27201210475589, 20.092934671477845], [73.27203011867223, 20.092853361358166], [73.27204813348696, 20.09277205035261], [73.27206614740336, 20.09269073930487], [73.27208416221805, 20.092609428214903], [73.27210217613445, 20.09252811708275], [73.27212019094918, 20.09244680590836], [73.27213820486557, 20.092365495535404], [73.27215621878197, 20.092284184276625], [73.27217423359666, 20.092202872975598], [73.27219224751306, 20.092121561632396], [73.27221026232775, 20.09204025024698], [73.27222827714247, 20.091958938819328], [73.27224629105886, 20.091877628193124], [73.27226430497527, 20.091796316681087], [73.27228231978995, 20.091715005126797], [73.27230033370635, 20.091633693530344], [73.27230658598071, 20.09155149015548], [73.27231283735678, 20.091469287581116], [73.27231908963118, 20.091387084119983], [73.27232534100722, 20.091304881459333], [73.27233159328162, 20.09122267791193], [73.27233784465768, 20.091140475165], [73.27234409693204, 20.091058271531303], [73.2723503492064, 20.090976068698136], [73.27235660148081, 20.090893864978135], [73.27236285285689, 20.090811662058687], [73.27236910513123, 20.09072945825245], [73.2723753565073, 20.0906472552467], [73.27238160878167, 20.090565051354183], [73.27238786015774, 20.090482848262145], [73.27239411243211, 20.09040064428336], [73.2724003647065, 20.090318441105055], [73.27240661698087, 20.090236237039985], [73.27241286925526, 20.090154033775438], [73.27241912152964, 20.090071829624062], [73.272425373804, 20.089989626273255], [73.2724316260784, 20.089907422035623], [73.27243787835276, 20.08982521859851], [73.27244413062712, 20.08974301427462], [73.27245038290152, 20.089660810751226], [73.27245663517589, 20.089578606341053], [73.27246288745029, 20.08949640273139], [73.27246913972465, 20.089414198234962], [73.27247539110073, 20.089331994539066], [73.27248164337509, 20.089249789956316], [73.27248789564949, 20.089167586174153], [73.27249414792384, 20.08908538150517], [73.27250040019821, 20.0890031776367], [73.2725066524726, 20.08892097288145], [73.27251290474697, 20.08883876892671], [73.27251915702135, 20.08875656408519], [73.27252540929574, 20.08867436004418], [73.27253166157011, 20.08859215511639], [73.2725379138445, 20.08850995098915], [73.27254416611888, 20.088427745975068], [73.27255041839324, 20.08834554176154], [73.27255667066763, 20.088263336661228], [73.272562922942, 20.08818113236141], [73.27256917521636, 20.088098927174812], [73.27253930443655, 20.088020375867995], [73.2725094327584, 20.08794182452174], [73.27247956197859, 20.087863273136147], [73.27244969030042, 20.087784721711163], [73.27241981952061, 20.087706170246793], [73.27238994784246, 20.08762761874305], [73.27236007706264, 20.08754906719988], [73.27233020538449, 20.08747051561737], [73.27230033460468, 20.08739196399546], [73.27227046292653, 20.08731341233418], [73.27224059124838, 20.08723486063352], [73.27221072046856, 20.08715630973712], [73.27218084968871, 20.087077757957697], [73.2721509780106, 20.086999206138874], [73.27212110723075, 20.08692065428069], [73.2720912355526, 20.086842102383077], [73.27206136477278, 20.086763550446115], [73.27203149309463, 20.086684998469764], [73.27200162231482, 20.086606446454038], [73.27197175063667, 20.086527894398927], [73.27194187985685, 20.08644934230445], [73.2719120081787, 20.086370790170538], [73.27188213739889, 20.086292237997284], [73.27185226572072, 20.086213685784656], [73.27182239494091, 20.086135133532643], [73.27179252326276, 20.08605658124124], [73.27176265248292, 20.085978028910436], [73.2717327808048, 20.085899476540284], [73.27170291002494, 20.085820924130743], [73.2716730383468, 20.085742371681814], [73.27164316756698, 20.08566381919351], [73.27161329588883, 20.08558526666584], [73.27158342421073, 20.08550671409875], [73.27155355343086, 20.085428162336004], [73.27152368265105, 20.085349609690173], [73.2714938109729, 20.08527105700494], [73.27146394019309, 20.08519250428037], [73.27143406851494, 20.0851139515164], [73.27140419773512, 20.08503539871307], [73.27137432605697, 20.08495684587035], [73.27134445527716, 20.08487829298822], [73.27131458359901, 20.084799740066746], [73.27128471281915, 20.084721187105888], [73.27125484114103, 20.084642634105656], [73.27122497036119, 20.08456408106603], [73.27114815901452, 20.084521999697074], [73.27107134676952, 20.084479917473146], [73.27099453542286, 20.084437835237907], [73.27091772317785, 20.08439575299137], [73.27084091183116, 20.084353670733535], [73.27076410048447, 20.084311589308104], [73.27068728823946, 20.084269507027674], [73.27061047689278, 20.08422742473592], [73.27053366464777, 20.084185342432875], [73.27045685330108, 20.084143260962254], [73.2703800419544, 20.084101178636597], [73.27030322970943, 20.084059096299654], [73.27022641836274, 20.08401701479508], [73.27014960611773, 20.08397493243554], [73.27007279477105, 20.083932850064684], [73.26999598342437, 20.083890767682544], [73.26991917117935, 20.08384868528909], [73.26984235983267, 20.08380660372804], [73.2697655475877, 20.08376452131199], [73.26968873624098, 20.083722438884646], [73.2696119248943, 20.083680357289666], [73.26953511264932, 20.083638274839714], [73.26945830130263, 20.08359619237845], [73.26938148905762, 20.083554109905904], [73.26930467771095, 20.083512028265748], [73.26922786546594, 20.08346994577059], [73.26915105411926, 20.083427863264127], [73.26907424277258, 20.083385781590092], [73.26899743052759, 20.083343699061018], [73.2689206191809, 20.08330161652066], [73.26884380693589, 20.083259533968995], [73.26876699558923, 20.083217451406032], [73.26869018424254, 20.083175369675445], [73.26861337199753, 20.083133287089886], [73.26853656065084, 20.08309120449303], [73.26845974840583, 20.08304912188485], [73.26838293705916, 20.083007040109102], [73.26830612571247, 20.082964957478342], [73.2682293134675, 20.08292287483627], [73.26815250212081, 20.082880793026575], [73.2680756898758, 20.082838710361912], [73.26799887852911, 20.082796627685976], [73.26791658027265, 20.082765709622183], [73.26783428201624, 20.08273479239602], [73.2677519837598, 20.082703874320053], [73.26766968550338, 20.082672957081666], [73.26758738724692, 20.08264203899351], [73.26750508899048, 20.082611120899248], [73.26742279073406, 20.082580203642593], [73.2673404924776, 20.08254928553613], [73.26725819422117, 20.082518368267234], [73.26717589596471, 20.08248745014857], [73.26709359770827, 20.082456532867525], [73.26701129945185, 20.08242561473666], [73.2669290011954, 20.082394696599664], [73.26684670293898, 20.082363779300326], [73.26676440468253, 20.082332861151155], [73.26668210642607, 20.082301943839575], [73.26659980816966, 20.082271025678217], [73.2665175099132, 20.08224010751075], [73.26643521165677, 20.0822091901809], [73.26635291340033, 20.082178272001247], [73.26627061514387, 20.082147354659163], [73.26618831688745, 20.08211643646731], [73.266106018631, 20.082085519113072], [73.26602372037459, 20.082054600909004], [73.26594142301646, 20.08202368354253], [73.26585912476001, 20.081992765326273], [73.26577682650355, 20.0819618479476], [73.26569452734881, 20.081930929719142], [73.26561222999068, 20.081900012328305], [73.26552993173428, 20.081869094087647], [73.26544763347782, 20.081838175840886], [73.26536533522136, 20.081807258431713], [73.2652830360666, 20.081776340172762], [73.26520073870849, 20.08174542275143], [73.26511844045207, 20.081714504480278], [73.26503614219561, 20.08168358620303], [73.26495384393917, 20.081652668763365], [73.26487154568275, 20.081621750473907], [73.2647892474263, 20.081590833022066], [73.26470694827154, 20.081559914720394], [73.26462465091342, 20.081528997256363], [73.26454235265697, 20.081498078942506], [73.26446005440054, 20.081467160622562], [73.26437775614409, 20.0814362431402], [73.26429545698934, 20.081405324808046], [73.26421315963123, 20.081374407313522], [73.26413086137477, 20.081343488969168], [73.26404856311835, 20.08131257061873], [73.26396626486189, 20.081281652262188], [73.26389294436841, 20.081235743815224], [73.26381962387491, 20.081189835354802], [73.26374630427975, 20.081143926880948], [73.26367298378625, 20.08109801754996], [73.26359966329277, 20.081052109049196], [73.26352634279927, 20.081006200535022], [73.26345302320411, 20.08096029200739], [73.26337970271061, 20.080914383466297], [73.26330638221711, 20.080868474911743], [73.26323306172364, 20.080822565500068], [73.26315974212845, 20.08077665691862], [73.26308642163497, 20.080730748323763], [73.26301310114147, 20.080684839715435], [73.262939780648, 20.080638931093656], [73.26286646105281, 20.08059302245846], [73.26279314055932, 20.080547113809786], [73.26271982006585, 20.080501204303943], [73.26264649957236, 20.0804552956284], [73.26257317997717, 20.080409386939397], [73.26249985948367, 20.080363478236936], [73.2624265389902, 20.080317569521053], [73.26235321849671, 20.0802716607917], [73.26227989890153, 20.080225752048893], [73.26220657840803, 20.080179842448956], [73.26213325791456, 20.080133933679257], [73.26205993742107, 20.08008802489611], [73.26198661782587, 20.080042116099545], [73.26191329733241, 20.079996207289504], [73.26183997683891, 20.079950298466027], [73.26176665634542, 20.079904388785405], [73.26169333675023, 20.079858479935023], [73.26162001625676, 20.079812571071194], [73.26154669576327, 20.079766662193954], [73.26152149173134, 20.079687755726056], [73.2614962885977, 20.079608850062144], [73.26147108456581, 20.079529943514796], [73.26144588053387, 20.07945103777144], [73.26142067650194, 20.079372131144634], [73.26139547247001, 20.079293224478132], [73.26137026933642, 20.079214318615595], [73.2613450653045, 20.079135411869654], [73.26131986127257, 20.079056505083972], [73.26129465813892, 20.078977599102267], [73.261269454107, 20.078898692237157], [73.2612442509734, 20.07881978617603], [73.26121904694148, 20.078740879231443], [73.26119384290953, 20.078661972247154], [73.26116863977593, 20.07858306606688], [73.261143435744, 20.078504159003153], [73.26111823171208, 20.07842525189968], [73.26109302857849, 20.078346345600238], [73.26106782454656, 20.078267438417342], [73.26104262051463, 20.078188531194726], [73.26101741648269, 20.0781096247761], [73.26099221245076, 20.078030717474046], [73.26096700841883, 20.077951810975975], [73.2609418043869, 20.077872903594496], [73.260916600355, 20.07779399617326], [73.26089139722137, 20.077715089556044], [73.26086619318944, 20.077636182055397], [73.26084098915751, 20.077557275358753], [73.26081578512559, 20.07747836777863], [73.26079058109367, 20.077399460158816], [73.26076537706176, 20.07732055334303], [73.26074017302983, 20.07724164564375], [73.26074017302983, 20.077157478118668], [73.26074017302983, 20.077073309704655], [73.26074017302983, 20.076989142089193], [73.26074017302983, 20.076904973584806], [73.26074017302983, 20.07682080587894], [73.26074017302983, 20.076736638127908], [73.26074017302983, 20.07665246948794], [73.26074017302983, 20.076568301646503], [73.26074017302983, 20.076484132916182], [73.26074017302983, 20.07639996498437], [73.26074017302983, 20.076315796163655], [73.26074017302983, 20.076231628141475], [73.26078199230123, 20.07615868254193], [73.26082381247099, 20.076085736064716], [73.26086563174239, 20.07601279039732], [73.26090745191213, 20.075939843852233], [73.26094927208187, 20.075866898116953], [73.26099109225161, 20.07579395150398], [73.26103291152302, 20.075721005700785], [73.26107473169277, 20.075648059019926], [73.26111655096418, 20.075575113148876], [73.26115837113392, 20.075502166400142], [73.26120019040536, 20.075429220461206], [73.26124201057507, 20.075356273644587], [73.26128382984652, 20.075283327637738], [73.26132565001625, 20.075210380753248], [73.26136746928766, 20.07513743467854], [73.26140928855908, 20.07506448856991], [73.26145110872882, 20.07499154158358], [73.26149292800022, 20.07491859540704], [73.26153474816998, 20.074845648352824], [73.26157656744142, 20.074772702108426], [73.26161838761112, 20.074699754986334], [73.26166020688257, 20.07462680867406], [73.26170202705231, 20.074553861484084], [73.26174384632372, 20.0744809151039], [73.26178566649345, 20.074407967846053], [73.26182748576488, 20.074335021398024], [73.26186930593461, 20.074262074072287], [73.26191112520603, 20.074189127556373], [73.26195294537577, 20.07411618016276], [73.26199476464718, 20.074043233578948], [73.26203658391863, 20.073970286961217], [73.26207840408836, 20.07389733946578], [73.26212022335977, 20.073824392780175], [73.26216204352951, 20.073751445216864], [73.26220386280093, 20.073678498463362], [73.26224568297066, 20.073605550832177], [73.26228750224209, 20.073532604010815], [73.26232932241182, 20.073459656311744], [73.26237114168326, 20.073386709422508], [73.26241296185297, 20.073313761655566], [73.26245478112442, 20.07324081469843], [73.26249660129416, 20.073167866863603], [73.26253842056556, 20.07309491983862], [73.26258024073532, 20.07302197193592], [73.26262206000672, 20.072949024843062], [73.2626316620988, 20.072867860446742], [73.26264126329255, 20.07278669685215], [73.26265086448632, 20.072705532371796], [73.2626604665784, 20.072624367849436], [73.26267006867047, 20.072543203285065], [73.26267966986423, 20.07246203952245], [73.26268927105795, 20.07238087487405], [73.26269887315003, 20.072299710183643], [73.26270847434381, 20.072218546294962], [73.26271807553755, 20.072137381520523], [73.26272767762963, 20.072056216704077], [73.26273727882337, 20.07197505184562], [73.26274688091544, 20.071893887788917], [73.26275648210924, 20.07181272284643], [73.26276608330296, 20.07173155786195], [73.26277568539504, 20.071650393679167], [73.2627852865888, 20.071569228610656], [73.26279488778256, 20.071488063500134], [73.26280448897631, 20.07140689834759], [73.26281409106838, 20.071325733996815], [73.26282369226213, 20.071244568760253], [73.2628332934559, 20.071163403481673], [73.26284289464965, 20.07108223900487], [73.2628524958434, 20.071001073642282], [73.26286209703717, 20.070919908237673], [73.26287169823092, 20.070838742791057], [73.26288129942466, 20.070757578146182], [73.26289090061844, 20.070676412615548], [73.26281799424828, 20.070629333297862], [73.26274508877647, 20.070582255653594], [73.26267218150801, 20.070535176307626], [73.26259927603617, 20.070488097791287], [73.26252636966605, 20.07044101841709], [73.26245346329588, 20.07039393987248], [73.26238055782405, 20.070346861313766], [73.26230765145391, 20.07029978189714], [73.26223474598208, 20.070252703310167], [73.26216183961193, 20.07020562470905], [73.26208893324181, 20.07015854525002], [73.26201602687165, 20.070111465776858], [73.26194312139981, 20.070064387133346], [73.26187021502967, 20.070017307631915], [73.26179730955785, 20.06997022896011], [73.26172440318771, 20.069923149430448], [73.26165149771587, 20.069876070730363], [73.26157859044741, 20.069828991172393], [73.26150568497557, 20.06978191244409], [73.26143277860544, 20.06973483285786], [73.26135987313361, 20.069687754101277], [73.26128696676348, 20.069640674486784], [73.26121406129164, 20.06959359570193], [73.26114115492152, 20.069546516059166], [73.26106824855135, 20.069499436402282], [73.26099534307956, 20.069452357575024], [73.26092243670938, 20.06940527788987], [73.26084953123755, 20.069358199034358], [73.2607766248674, 20.069311119320922], [73.26070371939558, 20.069264040437155], [73.26063081302544, 20.069216960695464], [73.26055790665531, 20.069169880939636], [73.26048500118348, 20.069122802013453], [73.26041209481332, 20.069075722229357], [73.26033918934151, 20.06902864327489], [73.26026628297134, 20.068981563462554], [73.26019337660121, 20.068934483636067], [73.26012047112938, 20.0688874046392], [73.26004756475925, 20.06884032478447], [73.25997465928741, 20.06879324575933], [73.25990175291727, 20.06874616587631], [73.25982884654711, 20.068699085979176], [73.25975594107531, 20.06865200691165], [73.25968303470515, 20.068604926986225], [73.25961013013163, 20.068557847890453], [73.25953722376151, 20.06851076793677], [73.25946431739135, 20.06846368796898], [73.25939141191951, 20.068416608830777], [73.25931850554937, 20.06836952883468], [73.25924559917924, 20.0683224488245], [73.2591726937074, 20.06827536964391], [73.25909978733728, 20.068228289605422], [73.25902688186544, 20.0681812103966], [73.25895397549527, 20.06813413032984], [73.25888106912514, 20.068087050248963], [73.25880816365331, 20.068039970997738], [73.25873525728318, 20.067992890888593], [73.25866235181134, 20.0679458116091], [73.25858944544122, 20.067898731471683], [73.25858077400376, 20.067817274202508], [73.25857210166802, 20.06773581604728], [73.25856343023057, 20.067654358693527], [73.25855475789483, 20.067572900453644], [73.25854608555908, 20.067491443015264], [73.2585374132233, 20.06740998469078], [73.25852874088754, 20.06732852716781], [73.2585200685518, 20.067247068758736], [73.25851139621606, 20.06716561115111], [73.25850272388031, 20.067084152657422], [73.25849405154453, 20.067002694965193], [73.25848537920879, 20.066921237230666], [73.25847670687305, 20.06683977861007], [73.25846803453729, 20.066758320790914], [73.25845936220152, 20.066676862085703], [73.25845068986577, 20.066595404181957], [73.25844201753003, 20.066513945392146], [73.25843334519429, 20.06643248740381], [73.25842467285854, 20.066351028529358], [73.25841600052276, 20.066269570456427], [73.25840732818702, 20.06618811234115], [73.25839865585127, 20.06610665333982], [73.25838998351551, 20.066025195139947], [73.25838131117973, 20.065943736054002], [73.258372638844, 20.065862277769515], [73.25836396650826, 20.065780818598967], [73.25835529417252, 20.06569936022988], [73.25834662183676, 20.065617900974726], [73.25833794950098, 20.065536442521037], [73.25832927716525, 20.06545498318127], [73.25832060482949, 20.065373524642975], [73.25837835751912, 20.065310236226072], [73.25843610931042, 20.065246948627383], [73.258493862, 20.065183660159374], [73.25855161379131, 20.065120372509618], [73.25860936648094, 20.06505708399053], [73.25866711917057, 20.064993795445922], [73.25872487096187, 20.064930507719577], [73.25878262365146, 20.06486721912389], [73.2588403763411, 20.064803931346468], [73.25889812903071, 20.06474064269971], [73.25895588082203, 20.064677354871236], [73.25901363351161, 20.064614066173398], [73.25907138620124, 20.06455077745008], [73.25912913799253, 20.06448748954499], [73.25918689068217, 20.064424200770578], [73.25924464247346, 20.064360912814422], [73.25930239516306, 20.06429762398893], [73.25936014695436, 20.06423433598172], [73.25941789964399, 20.064171047105148], [73.25947565233362, 20.064107758203072], [73.25953340502322, 20.064044470119246], [73.25959115771283, 20.06398118116609], [73.25964890950415, 20.06391789303121], [73.25970666219376, 20.063854604026986], [73.25976473109034, 20.063790968196415], [73.25982280088525, 20.063727331496228], [73.25988086978185, 20.063663695614018], [73.25993893957676, 20.06360005886218], [73.25999700847336, 20.06353642292834], [73.26005507826827, 20.063472786124915], [73.26011314716487, 20.06340915013944], [73.26017121695978, 20.063345513284347], [73.26022928585638, 20.06328187724729], [73.26028735565129, 20.06321824034056], [73.26034542544619, 20.063154604251842], [73.2604034943428, 20.063090968137324], [73.2604615641377, 20.06302733115319], [73.2605196330343, 20.062963694987033], [73.26057770282921, 20.06290005795125], [73.26063577172582, 20.062836421733465], [73.26069384152072, 20.062772784646075], [73.26075191131564, 20.062709148376666], [73.26080998021223, 20.062645512081453], [73.26086805000715, 20.0625818749166], [73.26092611980205, 20.062518238569748], [73.26098418869866, 20.062454602197096], [73.26104225849356, 20.06239096495483], [73.26110032739017, 20.06232732853055], [73.26115839718507, 20.062263691236645], [73.26121646697997, 20.062200054760726], [73.26127453587658, 20.062136418259005], [73.26133260567148, 20.062072780887686], [73.26139067456809, 20.06200914433434], [73.261448744363, 20.061945506911364], [73.2615068141579, 20.061881870306394], [73.2615648830545, 20.06181823367562], [73.26162295284941, 20.061754596175245], [73.26168102264431, 20.06169095949283], [73.26173909154092, 20.061627322784616], [73.26179716133582, 20.061563685206774], [73.26185523023243, 20.061500048446934], [73.26191330002733, 20.061436410817493], [73.26197136982225, 20.061372774006024], [73.26202943871884, 20.06130913716877], [73.26208750851376, 20.06124549946185], [73.26214557741035, 20.06118186257297], [73.26220364720527, 20.061118224814457], [73.26226171700016, 20.06105458787395], [73.26231978589678, 20.060990950907627], [73.26237785569168, 20.060927313071666], [73.26243592548661, 20.060863676053717], [73.26249399438319, 20.06080003900998], [73.26255206417808, 20.06073640109659], [73.2626101330747, 20.060672764001215], [73.2626682028696, 20.060609126036237], [73.26272627266454, 20.060545488889233], [73.26278434156112, 20.060481851716418], [73.262842411356, 20.060418213673962], [73.26290048025263, 20.060354576449544], [73.26295855004751, 20.0602909383555], [73.26301661984246, 20.060227301079454], [73.26307468873904, 20.060163663777598], [73.26313275853394, 20.060100025606072], [73.26319082832887, 20.060036388252602], [73.26324889722545, 20.059972750873317], [73.26330696702038, 20.059909112624418], [73.26336503591696, 20.059845475193505], [73.26342310571187, 20.059781836892952], [73.26348117550681, 20.059718199410426], [73.26353924440338, 20.059654561902086], [73.26359731419832, 20.059590923524134], [73.26365538309489, 20.05952728596418], [73.26371345288979, 20.059463647534585], [73.26377152268473, 20.059400009923007], [73.2638295915813, 20.059336372285625], [73.26388766137624, 20.059272733778617], [73.26394573117115, 20.05920909608962], [73.26400380006775, 20.05914545837481], [73.26406186986266, 20.05908181979035], [73.26411993875922, 20.05901818202393], [73.26417800855417, 20.05895454338789], [73.26423607834907, 20.05889090556983], [73.26429414724568, 20.05882726772598], [73.26435221704058, 20.058763629012493], [73.26441028593715, 20.058699991117013], [73.26446835573209, 20.05863635235192], [73.264526425527, 20.058572714404846], [73.2645844944236, 20.058509076431942], [73.2646425642185, 20.0584454375894], [73.26470063311507, 20.05838179956488], [73.26475870291002, 20.05831816067076], [73.26481677270493, 20.058254522594627], [73.26487484160153, 20.058190884492696], [73.26493291139644, 20.058127245521135], [73.26499098119133, 20.058063607367586], [73.26504905008795, 20.05799996918824], [73.26510711988284, 20.057936330139214], [73.26516518877946, 20.057872691908255], [73.26522325857437, 20.057809052807652], [73.26528132836926, 20.057745414525062], [73.26533939726588, 20.05768177621666], [73.26539746706077, 20.05761813703862], [73.26545553595739, 20.057554498678606], [73.26551360575229, 20.057490859448976], [73.26557167554718, 20.057427221037344], [73.2656297444438, 20.057363582599915], [73.26568781423869, 20.057299943292833], [73.26574588403359, 20.057236304803787], [73.2658039529302, 20.057172666288942], [73.2658620227251, 20.057109026904456], [73.26592009162172, 20.057045388337997], [73.26597816141661, 20.056981748901872], [73.26603623121153, 20.0569181102838], [73.26609430010812, 20.056854471639912], [73.26615236990304, 20.0567908321264], [73.26621043879965, 20.056727193430913], [73.26626850859455, 20.056663553865747], [73.26632657838945, 20.056599915118642], [73.26638464728606, 20.056536276345728], [73.26644271708096, 20.056472636703187], [73.26650078687587, 20.056408997878655], [73.26655885577247, 20.056345359028327], [73.26661692556738, 20.05628171930833], [73.26667499446398, 20.05621808040639], [73.26673306425889, 20.056154440634817], [73.26679113405379, 20.056090801681258], [73.2668492029504, 20.0560271627019], [73.2669072727453, 20.055963522852874], [73.2669653416419, 20.0558998838219], [73.26702341143681, 20.055836243921302], [73.26708148123171, 20.055772604838715], [73.26713955012832, 20.05570896573033], [73.26719761992322, 20.055645325752312], [73.26725568971814, 20.055581686592312], [73.26731375861473, 20.05551804740651], [73.26737182840965, 20.05545440735103], [73.26742989730624, 20.055390768113625], [73.26748796710116, 20.05532712800658], [73.26754603689606, 20.055263488717564], [73.26760410579267, 20.055199849402722], [73.26766217558757, 20.055136209218237], [73.26772024448418, 20.05507256985179], [73.26777831427908, 20.055008929615735], [73.26783638407399, 20.054945290197686], [73.2678944529706, 20.054881650753828], [73.2679525227655, 20.05481801044033], [73.26801059256043, 20.054754370944853], [73.26806866145701, 20.05469073142359], [73.26812673125191, 20.054627091032703], [73.26818480104684, 20.054563451459828], [73.26824287084175, 20.054499811861163], [73.26830094063666, 20.054436172236688], [73.26836613137682, 20.05437844289974], [73.26843132121869, 20.054320714385437], [73.26849651195884, 20.054262985006076], [73.2685617018007, 20.054205256449304], [73.26862689164254, 20.0541475278713], [73.26869208238274, 20.054089798428212], [73.26875727222458, 20.054032069807743], [73.26882246296472, 20.05397434032219], [73.2688876528066, 20.05391661165925], [73.26895284354676, 20.053858882975096], [73.26901803338863, 20.053801154269692], [73.26908322412879, 20.053743424699242], [73.26914841486894, 20.053685695107507], [73.26921360471081, 20.05362796633843], [73.26927879455268, 20.05357023754809], [73.26934398529285, 20.05351250789267], [73.26940917513467, 20.05345477905989], [73.26947436587487, 20.053397049362026], [73.26953955571669, 20.05333932048678], [73.26960474645686, 20.05328159159029], [73.26966993629873, 20.053223862672578], [73.26973512703889, 20.053166133733622], [73.26980031777909, 20.053108403929578], [73.2698655076209, 20.053050674948167], [73.26993069836108, 20.052992945101657], [73.26999588820294, 20.052935216077778], [73.2700610789431, 20.052877487032678], [73.27012626968326, 20.052819757122492], [73.27019145952512, 20.052762028034927], [73.2702566502653, 20.052704298926127], [73.27032184010716, 20.052646569796096], [73.27038703084732, 20.052588839800965], [73.2704522206892, 20.05253111062848], [73.27051741142934, 20.05247338059088], [73.27058260127122, 20.052415651375927], [73.27064779201137, 20.052357921295886], [73.27071298185321, 20.052300192038466], [73.27077817169507, 20.052242462759825], [73.27084336243523, 20.05218473345994], [73.2709085531754, 20.052127003294967], [73.27097374301727, 20.052069273952625], [73.27103893375742, 20.05201154374516], [73.27110412359929, 20.051953814360363], [73.27116931433945, 20.051896084954336], [73.27123450507962, 20.051838354683223], [73.27129969492148, 20.051780625234727], [73.27136488566164, 20.05172289576501], [73.2714300755035, 20.05166516627405], [73.27149526624366, 20.051607435917976], [73.27156045608552, 20.05154970638457], [73.2716256468257, 20.051491976829922], [73.27169083756586, 20.05143424641016], [73.27175602740772, 20.051376516813058], [73.27182121814788, 20.05131878719472], [73.27188640798973, 20.051261057555152], [73.27195159872991, 20.05120332705051], [73.27201678947007, 20.051145597368482], [73.27208197931193, 20.051087867665224], [73.2721471700521, 20.051030137096856], [73.27221235989394, 20.050972407351143], [73.27227755063413, 20.0509146775842], [73.27234274137429, 20.050856947796007], [73.27240793211446, 20.050799217986608], [73.27247312285462, 20.050741488155975], [73.27253831269648, 20.05068375830411], [73.27260350343664, 20.05062602843101], [73.2726686941768, 20.0505682976928], [73.27273388401868, 20.05051056777726], [73.27279907475884, 20.05045283784047], [73.272864265499, 20.050395107882466], [73.27292945623915, 20.050337377903222], [73.27299464608102, 20.050279647902748], [73.27305983682118, 20.050221917037163], [73.27312502756135, 20.050164186994238], [73.27319021740321, 20.050106456930074], [73.27325540814337, 20.050048726844693], [73.27332059888353, 20.049990996738075], [73.27338578962373, 20.04993326661024], [73.2734502230841, 20.049876206495902], [73.27351465654448, 20.049819146360814], [73.27357908910656, 20.049762087048894], [73.27364352256694, 20.04970502687233], [73.27370795602731, 20.049647966675046], [73.27377238948772, 20.04959090645705], [73.27383682294808, 20.049533846218274], [73.27390125640846, 20.049476785958763], [73.27396568897055, 20.049419726522405], [73.27403012243093, 20.04936266622142], [73.27409455589131, 20.0493056058997], [73.2741589893517, 20.04924854555724], [73.27422342281209, 20.04919148519403], [73.27428785627247, 20.049134424810095], [73.27435228883455, 20.049077365249314], [73.27441672229492, 20.04902030482391], [73.2744811557553, 20.04896324437775], [73.27454935944492, 20.0489108235503], [73.27461756313458, 20.048858402705346], [73.2746857677225, 20.04880598099902], [73.27475397141214, 20.048753559275177], [73.27482217510175, 20.04870113837772], [73.27489037879143, 20.04864871661885], [73.27495858248105, 20.04859629484249], [73.27502678617067, 20.04854387304866], [73.2750949898603, 20.04849145208118], [73.27516319354993, 20.048439030252315], [73.27523139723955, 20.04838660840594], [73.27529960092917, 20.048334186542103], [73.27536780461884, 20.04828176466072], [73.27543600830846, 20.048229342761832], [73.2755042119981, 20.048176921689354], [73.27557241568773, 20.048124499755467], [73.27564061937734, 20.04807207780411], [73.27570882306698, 20.048019655835212], [73.27577702675661, 20.047967234692724], [73.27584523044622, 20.047914812688827], [73.27591343413589, 20.04786239066746], [73.27598163782551, 20.047809969472453], [73.27604984151515, 20.04775754741605], [73.27613760063018, 20.04776270017077], [73.27622535884693, 20.04776785292538], [73.27631311796198, 20.047773005679755], [73.27640087617871, 20.047778158434006], [73.27648863529375, 20.047783311188063], [73.27657639351051, 20.047788463941945], [73.27666415262554, 20.047793616695685], [73.27675191084228, 20.047798769449237], [73.27683966995733, 20.047803922202633], [73.27692742817408, 20.04780907495584], [73.27701518728911, 20.047814226865015], [73.27710294550586, 20.047819379617877], [73.27719070462093, 20.047824532370615], [73.27727846283764, 20.047829685123133], [73.27736622195272, 20.047834837875538], [73.27745398016944, 20.04783998978385], [73.27754173928452, 20.047845142535873], [73.27762949750121, 20.047850295287756], [73.27771725661628, 20.04785544803945], [73.277805014833, 20.047860599947086], [73.27789277394808, 20.047865752698435], [73.27798053216482, 20.047870904605755], [73.27806829127987, 20.0478760573568], [73.27815604949662, 20.04788120926376], [73.27824380861165, 20.047886362014435], [73.27833156682838, 20.047891513921066], [73.27840001845303, 20.04794510049104], [73.27846847007768, 20.04799868704277], [73.27853692170234, 20.048052273576207], [73.2786053742253, 20.0481058609352], [73.27867382584995, 20.048159447432035], [73.27874227747458, 20.0482130339106], [73.27881072909923, 20.048266620370892], [73.2788791807239, 20.048320206812843], [73.27894763234856, 20.048373793236536], [73.27901608487151, 20.048427380485812], [73.27908453649617, 20.048480966872944], [73.2791529881208, 20.04853455324174], [73.27922143974546, 20.048588139592283], [73.27928989137011, 20.0486417259245], [73.27935834299477, 20.04869531223847], [73.27942679551774, 20.048748899378], [73.27949524714239, 20.04880248565539], [73.27956369876702, 20.048856071914457], [73.27963215039168, 20.048909658155257], [73.27970060201633, 20.04896324437775], [73.27976905364096, 20.049016830581973], [73.27983750616396, 20.049070417611777], [73.27990595778857, 20.049124003779422], [73.27997440941323, 20.04917758992875], [73.2800428610379, 20.04923117605982], [73.28007257101928, 20.049309322327527], [73.28010228100068, 20.049387469400184], [73.28013199098208, 20.049465615590094], [73.28016170096345, 20.049543761741088], [73.28019141094485, 20.049621908697056], [73.28022112092626, 20.049700054770266], [73.28025083090762, 20.04977820080456], [73.28028054088902, 20.049856347643853], [73.2803102508704, 20.04993449360035], [73.2803399608518, 20.050012639517966], [73.28036967083321, 20.050090786240535], [73.28039938081457, 20.050168932080354], [73.28042909079598, 20.050247077881274], [73.28045880077738, 20.05032522448715], [73.28048851075876, 20.05040337021027], [73.28051822074016, 20.0504815158945], [73.28054793072153, 20.050559662383677], [73.28057764070293, 20.050637807990096], [73.28060735068433, 20.050715953557596], [73.28063706066571, 20.050794099930098], [73.28066677064712, 20.050872245419793], [73.28069648062852, 20.050950390870618], [73.2807261906099, 20.051028537126392], [73.28075590059129, 20.051106682499423], [73.28081294361185, 20.05117175045036], [73.28086998663237, 20.051236819218193], [73.28092702965291, 20.051301887115176], [73.28098407267345, 20.051366954985212], [73.281041115694, 20.05143202367213], [73.28109815871456, 20.051497092332077], [73.28115520173507, 20.0515621601212], [73.28121224475564, 20.05162722788333], [73.28126928777615, 20.051692296462388], [73.2813263307967, 20.051757364170584], [73.28138337381726, 20.051822431851825], [73.28144041683778, 20.051887499506066], [73.28149745985834, 20.051952567977217], [73.28155450287886, 20.052017635577556], [73.28161154589942, 20.05208270315091], [73.28166858981827, 20.052147771541133], [73.28172563283883, 20.05221283906052], [73.28178267585935, 20.052277906552973], [73.2818397188799, 20.05234297401842], [73.28189676190043, 20.052408041456918], [73.28195380492099, 20.0524731097123], [73.28201084794154, 20.052538177096856], [73.28206789186038, 20.052603245298283], [73.2821249348809, 20.05266831262887], [73.28218197790146, 20.052733379932516], [73.282239020922, 20.052798447209188], [73.28229606394254, 20.052863514458863], [73.2823531069631, 20.052928581681595], [73.28241014998362, 20.052993648877315], [73.28246719390249, 20.053058716889943], [73.28252423692302, 20.053123784031747], [73.28258127994359, 20.053188851146594], [73.2826383229641, 20.053253918234443], [73.28269536688295, 20.05331898613916], [73.2827524099035, 20.053384053173083], [73.2828131935089, 20.053445543929843], [73.28287397711428, 20.053507034662548], [73.28293476071968, 20.053568525371144], [73.28299554432505, 20.05363001605563], [73.28305632793041, 20.053691506716063], [73.28311711153582, 20.053752997352383], [73.2831778951412, 20.05381448796461], [73.28323867964488, 20.053875978552778], [73.28329946325029, 20.05393746911682], [73.28336024685566, 20.053998959656788], [73.28342103046106, 20.054060450172678], [73.28348181406642, 20.054121940664462], [73.28354259767183, 20.054183431132152], [73.28360338127719, 20.054244921575755], [73.2836641648826, 20.05430641199529], [73.28372494848797, 20.054367902390705], [73.28378573209338, 20.054429392762046], [73.28384651569874, 20.054490883109306], [73.28390729930413, 20.054552373432458], [73.28396808290951, 20.054613863731515], [73.28402886651492, 20.05467535400651], [73.28408965012028, 20.0547368442574], [73.28415043462397, 20.05479833448417], [73.28421121822937, 20.054859824686904], [73.28427200183475, 20.054921314865517], [73.28433278544016, 20.054982805020035], [73.28439356904552, 20.05504429515048], [73.28445435265093, 20.05510578525681], [73.2845151362563, 20.055167275339063], [73.2845759198617, 20.05522876539724], [73.28463670346706, 20.055290255431302], [73.28469748707242, 20.055351745441268], [73.28475827067783, 20.05541323542718], [73.2848190542832, 20.05547472538897], [73.28487983788861, 20.05553621532666], [73.28494062149397, 20.05559770524031], [73.28500140509938, 20.055659195129813], [73.28506218870474, 20.055720684995244], [73.28512297320844, 20.055782174836605], [73.28518375681385, 20.055843664653842], [73.28524454041921, 20.055905154446986], [73.2853053240246, 20.055966644216074], [73.28536610762998, 20.05602813396105], [73.28542689123539, 20.056089623681917], [73.28548767484075, 20.05615111337873], [73.28554845844616, 20.056212603051417], [73.28560924205152, 20.05627409270001], [73.28567002565693, 20.05633558232455], [73.2857308092623, 20.056397071924962], [73.2857915928677, 20.056458561501294], [73.28585237647306, 20.056520051053543], [73.28591316007847, 20.056581540581682], [73.28597394368384, 20.056643030085727], [73.28603472818753, 20.056704519565713], [73.28609551179294, 20.056766009021565], [73.2861562953983, 20.056827498453345], [73.2862170790037, 20.056888987861043], [73.28627786260908, 20.056950477244623], [73.28633864621445, 20.057011966604115], [73.28639942981985, 20.057073455939538], [73.28646021342523, 20.05713494525084], [73.2865493433694, 20.05714451347796], [73.28663847331357, 20.057154081704535], [73.28672760325776, 20.057163649930512], [73.28681673320193, 20.05717321815589], [73.28690586314612, 20.057182786380697], [73.28699499309029, 20.057192354604904], [73.28708412303448, 20.05720192282855], [73.28717325297865, 20.05721149189544], [73.2872623829228, 20.05722106011788], [73.28735151196868, 20.057230628339784], [73.28744064191285, 20.057240196561093], [73.28752977185702, 20.0572497647818], [73.28761890180118, 20.05725933300195], [73.28770803264369, 20.057268901221477], [73.28779716258786, 20.057278469440455], [73.28788629253205, 20.057288037658825], [73.28797542247622, 20.057297605876645], [73.28806455242038, 20.057307174093843], [73.28815368236455, 20.057316742310494], [73.28824281230874, 20.05732631052656], [73.28833194225291, 20.057335879585853], [73.28842107219708, 20.05734544780072], [73.28851020214127, 20.057355016015034], [73.28859933208544, 20.057364585072584], [73.28868846202963, 20.057374153285696], [73.28877759197375, 20.057383721498265], [73.28886672191796, 20.05739329055407], [73.28895585186213, 20.057402858765457], [73.289044980908, 20.057412426976242], [73.28913411085216, 20.057421996030296], [73.28922324079633, 20.05743156508375], [73.28931237074052, 20.057441133292805], [73.28940150068469, 20.057450702345115], [73.28949063062888, 20.057460270553], [73.28957976057305, 20.05746983960414], [73.28966889051722, 20.057479407810842], [73.2897580204614, 20.057488976860796], [73.28984714950725, 20.057498545066352], [73.28993628034974, 20.05750811411515], [73.29002540939561, 20.057517682319553], [73.29011453933978, 20.05752725136718], [73.29020366928397, 20.05753682041421], [73.29029279922811, 20.05754638861684], [73.2903819291723, 20.0575559568189], [73.29047105911647, 20.0575655258642], [73.29056018906066, 20.057575094065086], [73.2906493181065, 20.057584662265377], [73.29073844805067, 20.05759423130892], [73.29082757799486, 20.057603800351878], [73.29091670793903, 20.057613368550438], [73.29100583788322, 20.057622937592228], [73.29109496782739, 20.057632505789627], [73.29118409777156, 20.05764207483026], [73.29127322771575, 20.057651643026453], [73.29136235765992, 20.057661212065913], [73.29145148760408, 20.057670780260974], [73.29153976864033, 20.05766759058142], [73.29162804967656, 20.05766440174562], [73.29171633071277, 20.057661212065913], [73.29180461174903, 20.057658023230008], [73.29189289278526, 20.057654833550163], [73.29198117382148, 20.057651644714117], [73.29206945485772, 20.057648455034172], [73.29215773589394, 20.057645266197973], [73.29224601693016, 20.05764207651791], [73.29233429796639, 20.057638886837747], [73.29242257900265, 20.057635697157547], [73.29251086003886, 20.057632508321095], [73.29259914107509, 20.057629318640778], [73.29268742211134, 20.057626129804188], [73.29277570314757, 20.057622940123732], [73.29286398418378, 20.057619751287024], [73.29295226522001, 20.057616561606405], [73.29304054625626, 20.05761337276961], [73.29312882729248, 20.057610183088862], [73.2932171083287, 20.057606993408072], [73.29330539026327, 20.057603803727222], [73.29339367129948, 20.057600614046283], [73.29348195233574, 20.057597424365305], [73.29357023337195, 20.057594234684238], [73.2936585144082, 20.057591045003132], [73.29374679544443, 20.05758785532195], [73.29383507648065, 20.057584665640693], [73.29392335751687, 20.057581475959385], [73.29401163855313, 20.057578286278027], [73.29409991958936, 20.057575096596565], [73.29418820062557, 20.05757190775889], [73.2942764816618, 20.057568718077317], [73.29436476269805, 20.057565528395703], [73.29445304373428, 20.057562338713975], [73.29454132477049, 20.057559149032233], [73.29462960580675, 20.057555959350402], [73.29471788684297, 20.057552769668497], [73.2948061678792, 20.05754957998654], [73.29489444891541, 20.05754639030449], [73.29498272995167, 20.057543200622423], [73.2950710109879, 20.057540010940286], [73.29515929202411, 20.057536821258036], [73.2952439654262, 20.05750961107213], [73.29532863882824, 20.05748240003764], [73.29541331133196, 20.057455188998443], [73.295497984734, 20.05742797879838], [73.29558265813608, 20.05740076774974], [73.29566733153813, 20.0573735575402], [73.29575200494017, 20.057346347325975], [73.29583667834221, 20.05731913626319], [73.29592135084597, 20.0572919260395], [73.296006024248, 20.057264714967275], [73.29609069765006, 20.057237503890356], [73.29617537105209, 20.057210293652506], [73.29626004445414, 20.057183083409974], [73.29634471785621, 20.0571558731627], [73.29642939125827, 20.057128662910728], [73.29651406466031, 20.057101451810194], [73.29659873806236, 20.057074240704946], [73.2966834114644, 20.057047030438813], [73.29676808486644, 20.057019820167937], [73.29685275826853, 20.05699260989239], [73.29693743167057, 20.056965399612075], [73.29702210507261, 20.056938189327074], [73.29710677847467, 20.056910978193518], [73.2971914518767, 20.056883767899066], [73.29727612527876, 20.05685655759992], [73.29736079868083, 20.05682934729604], [73.29744547208288, 20.056802136987432], [73.29753014548491, 20.056774926674137], [73.29761481888697, 20.056747716356075], [73.29769949228901, 20.056720506033344], [73.29778416569106, 20.05669329570589], [73.29786883909313, 20.056666085373678], [73.29795351249517, 20.056638875036786], [73.29803818589723, 20.056611664695136], [73.29812285929927, 20.056584454348815], [73.29820753359964, 20.056557243997737], [73.2982922070017, 20.05653003364198], [73.29837688040372, 20.056502823281498], [73.29846155380578, 20.056475612916262], [73.29854622720782, 20.056448402546355], [73.29863090060991, 20.05642119217168], [73.29871557401195, 20.056393980948478], [73.298800247414, 20.056366770564413], [73.29888492081604, 20.056339560175626], [73.29896959421808, 20.056312349782083], [73.29905426762012, 20.056285139383856], [73.2991389410222, 20.056257928980884], [73.29922361442425, 20.056230718573232], [73.29930828782629, 20.05620350816082], [73.29939296122834, 20.056176297743725], [73.29947763463039, 20.056149087321913], [73.29956230803242, 20.056121876895354], [73.29964698143452, 20.0560946664641], [73.29973165483655, 20.056067456028103], [73.29981632913689, 20.056040245587436], [73.29990100253897, 20.056013035142023], [73.29998567594102, 20.055985824691877], [73.30007034934306, 20.055958614237035], [73.30015502274512, 20.05593140377745], [73.30023969614716, 20.055904193313182], [73.3003243695492, 20.055876982844158], [73.30040904295127, 20.05584977237045], [73.30049371635333, 20.055822561892022], [73.30057838975536, 20.05579535140885], [73.30065883478737, 20.055761002871563], [73.30073928071772, 20.055726653482864], [73.30081972574972, 20.055692304930528], [73.30090017168003, 20.05565795637067], [73.30098061671204, 20.05562360780328], [73.30106106264236, 20.055589259228398], [73.30114150767437, 20.055554910645974], [73.30122195360468, 20.0555205612122], [73.3013023986367, 20.05548621261474], [73.30138284456702, 20.055451864009793], [73.30146328959904, 20.055417515397302], [73.30154373552934, 20.055383165933456], [73.30162418056138, 20.05534881730594], [73.30170462559339, 20.055314468670883], [73.3017850715237, 20.055280120028343], [73.3018655165557, 20.055245771378274], [73.30194596248603, 20.055211421876844], [73.30202640751804, 20.055177073211723], [73.30210685344835, 20.05514272453911], [73.30218729848035, 20.055108375858964], [73.3022677444107, 20.05507402632747], [73.3023481894427, 20.05503967763229], [73.302428635373, 20.0550053289296], [73.30250908040504, 20.05497098021938], [73.30258952633535, 20.054936630657814], [73.30266997136735, 20.054902281932566], [73.30275041639936, 20.054867933199787], [73.30283086232971, 20.05483358445953], [73.30291130736171, 20.054799235711716], [73.302991753292, 20.05476488695639], [73.30307219832403, 20.054730538193592], [73.30315264425435, 20.054696188579392], [73.30323308928637, 20.054661839801515], [73.3033135352167, 20.05462749101613], [73.30339398024871, 20.05459314222324], [73.30347442617901, 20.05455879257899], [73.30355487121102, 20.05452444377104], [73.30363531714137, 20.05449009495558], [73.30371576217337, 20.05445574613263], [73.30380128807663, 20.054433250835025], [73.30388681397989, 20.054410755534196], [73.30397233898482, 20.05438826107401], [73.30405786488807, 20.054365765766764], [73.30414339079132, 20.05434327045625], [73.30422891669458, 20.054320775142532], [73.3043144416995, 20.054298280669443], [73.30439996760276, 20.0542757853493], [73.30448549350602, 20.054253290025898], [73.30457101940927, 20.054230794699315], [73.3046565444142, 20.054208299369463], [73.30474207031746, 20.054185804036393], [73.30482759622072, 20.05416330870013], [73.30491312212398, 20.054140813360622], [73.30499864712894, 20.054118318861736], [73.3050841730322, 20.054095823515805], [73.30516969893546, 20.054073328166613], [73.30525522483867, 20.054050832814195], [73.30534074984364, 20.054028337458593], [73.30542627574688, 20.05400584209972], [73.30551180165014, 20.053983346737645], [73.3055973275534, 20.053960851372363], [73.30568285255833, 20.053938356003833], [73.3057683784616, 20.053915860632102], [73.30585390436485, 20.053893365257125], [73.3059394302681, 20.053870869878917], [73.30602495527303, 20.053848374497512], [73.30611048117629, 20.053825879112853], [73.30619600707955, 20.053803383725015], [73.30628153298281, 20.053780888333918], [73.30636705798774, 20.053758392939592], [73.30645258389099, 20.053735897542058], [73.30645553575502, 20.053819085266433], [73.30645848761905, 20.053902272946676], [73.30646143948307, 20.053985460582858], [73.3064643913471, 20.054068649018827], [73.30646734321112, 20.05415183656681], [73.30647029507513, 20.05423502407072], [73.30647324693916, 20.05431821153056], [73.30647619880318, 20.054401398946297], [73.30647915066722, 20.054484586317948], [73.30648210253125, 20.054567773645477], [73.30648505439527, 20.054650961772804], [73.3064880062593, 20.05473414901216], [73.3064909581233, 20.054817336207442], [73.30649390998732, 20.05490052335863], [73.30649686185136, 20.05498371046575], [73.30649981371538, 20.055066897528757], [73.30650276557941, 20.05515008454765], [73.30650571744344, 20.055233272366348], [73.30650866930745, 20.055316459297085], [73.30651162117147, 20.0553996461837], [73.3065145730355, 20.055482833026247], [73.30651752489952, 20.055566019824727], [73.30652047676355, 20.05564920657911], [73.30652342862757, 20.055732393289382], [73.30652638049158, 20.0558155807994], [73.30652933235561, 20.055898767421485], [73.30653228421964, 20.05598195399946], [73.30653523608366, 20.056065140533367], [73.3065381879477, 20.05614832702319], [73.30654113981171, 20.05623151346892], [73.30654409167575, 20.05631469987055], [73.30654704353975, 20.056397887071892], [73.30654999540377, 20.05648107338535], [73.3065529472678, 20.056564259654696], [73.30655589913184, 20.05664744587992], [73.30655885099586, 20.05673063206108], [73.30656180285989, 20.05681381819814], [73.3065647547239, 20.056897004291123], [73.30656770658791, 20.05698019118382], [73.30657065845195, 20.057063377188598], [73.30657361031597, 20.057146563149292], [73.30657656218, 20.05722974906585], [73.30657951404403, 20.05731293493834], [73.30658246590804, 20.05739612076675], [73.30658541777206, 20.057479306551052], [73.30658836963609, 20.057562493135084], [73.30659132150011, 20.057645678831204], [73.30659427336414, 20.05772886448322], [73.30659722522816, 20.05781205009114], [73.30660017709216, 20.05789523565495], [73.3066031289562, 20.057978421174667], [73.30660608082023, 20.058061606650302], [73.30660903268425, 20.058144792925653], [73.30661198454828, 20.0582279783131], [73.3066149364123, 20.058311163656434], [73.30661788827634, 20.058394348955687], [73.30662073593578, 20.058474596851692], [73.30662358359523, 20.058554843862854], [73.30662643125467, 20.058635091676827], [73.30662927891413, 20.058715338605904], [73.30663212657356, 20.058795586337766], [73.30663497423303, 20.058875833184775], [73.30663782189247, 20.05895608083458], [73.30664066955192, 20.059036327599514], [73.3066435172114, 20.05911657516725], [73.30664636487083, 20.059196822693902], [73.3066492125303, 20.059277069335725], [73.30665206018973, 20.059357316780346], [73.3066549078492, 20.059437563340087], [73.30665775550862, 20.059517810702584], [73.3066606031681, 20.059598057180253], [73.30666345082753, 20.059678304460707], [73.30666629848699, 20.05975855085629], [73.30666914614643, 20.059838798054635], [73.30667199290755, 20.059919044368137], [73.30667484056703, 20.059999291484424], [73.30663846867947, 20.060074455402315], [73.30660209679193, 20.060149619284175], [73.30656572490442, 20.06022478313006], [73.30652935301687, 20.060299946939878], [73.30649298112932, 20.06037511071374], [73.30645660924178, 20.060450274451586], [73.30642023735423, 20.06052543815343], [73.30638386546673, 20.06060060097543], [73.30634749357918, 20.060675764605264], [73.30631112169164, 20.060750928199084], [73.30627474980409, 20.060826091756887], [73.30623837791654, 20.060901255278697], [73.3062020051307, 20.06097641876449], [73.30616563324315, 20.061051582214283], [73.30611171725813, 20.061113481747], [73.30605780127311, 20.061175380411502], [73.30600388528805, 20.061237279895405], [73.30594996930303, 20.061299179354858], [73.30589605331797, 20.061361078789908], [73.30584213733293, 20.06142297735674], [73.30578822134791, 20.061484876742927], [73.30573430536285, 20.061546776104734], [73.30568038937783, 20.061608675442102], [73.3056264733928, 20.061670574755034], [73.30557255740774, 20.061732474043563], [73.30551864142272, 20.06179437246386], [73.30546472543769, 20.061856271703522], [73.30541080945262, 20.061918170918798], [73.3053568934676, 20.061980069265832], [73.30530297748254, 20.06204196758844], [73.30524906059922, 20.062103866730443], [73.30524906059922, 20.06218757064742], [73.30524906059922, 20.062271274519727], [73.30524906059922, 20.06235497919122], [73.30524906059922, 20.062438682974243], [73.30524906059922, 20.062522386712583], [73.30524906059922, 20.062606090406298], [73.30524906059922, 20.062689794055316], [73.30524906059922, 20.062773498503496], [73.30524906059922, 20.06285720206323], [73.30524906059922, 20.062940905578287], [73.30524906059922, 20.06302460904866], [73.30524906059922, 20.063108312474434], [73.30524906059922, 20.063192015855495], [73.30524906059922, 20.06327572003572], [73.30524906059922, 20.0633594233275], [73.30524906059922, 20.063443126574576], [73.30526403731164, 20.06352471943553], [73.30527901402405, 20.063606313097832], [73.30529399073646, 20.063687905873916], [73.3053089674489, 20.06376949945137], [73.3053239441613, 20.06385109214259], [73.30533892087371, 20.063932685635137], [73.30535389758612, 20.064014278241455], [73.30536887429852, 20.064095871649133], [73.30538385101097, 20.064177464170584], [73.30539882772338, 20.064259056649604], [73.30541380443579, 20.06434064993], [73.3054287811482, 20.0644222423241], [73.30544375786064, 20.06450383551961], [73.30545873457305, 20.064585427828877], [73.30547371128546, 20.064667020939478], [73.30548868799787, 20.064748613163864], [73.3055036647103, 20.064830206189608], [73.30551864142272, 20.06491179832909], [73.30553361813513, 20.06499339042615], [73.30554859484754, 20.06507498332457], [73.30556357155999, 20.06515657533676], [73.3055785482724, 20.065238168150287], [73.3055935249848, 20.065319760077596], [73.30560850169721, 20.06540135280624], [73.30562347840964, 20.065482944648668], [73.30563845512205, 20.06556453644865], [73.30565343183446, 20.06564612905], [73.30566840854686, 20.06572772076506], [73.30568338525931, 20.065809313281537], [73.30569836197172, 20.065890904911754], [73.30571333868413, 20.065972497343296], [73.30572831539654, 20.066054088888635], [73.30574329210899, 20.066135681235306], [73.30575826792305, 20.06621727269576], [73.30577235260841, 20.066299702835252], [73.30578643729375, 20.06638213208759], [73.3058005219791, 20.066464562140407], [73.30581460666443, 20.06654699214994], [73.30582869134977, 20.06662942127233], [73.30584277513678, 20.066711851195215], [73.30585685982214, 20.066794281074756], [73.30587094450745, 20.066876710067177], [73.30588502919282, 20.066959139860117], [73.30589911387814, 20.067041568765898], [73.3059131985635, 20.067123998472162], [73.30592728324882, 20.067206428135147], [73.30594136793417, 20.067288856910956], [73.3059554526195, 20.067371285643514], [73.30596953730486, 20.0674537151765], [73.3059836219902, 20.067536143822394], [73.30599770667554, 20.067618573268728], [73.30601179136087, 20.067701002671747], [73.30602587604622, 20.06778343118768], [73.30603996073154, 20.06786586050406], [73.30605404541687, 20.06794828977713], [73.3060681292039, 20.068030718163097], [73.30608221388925, 20.068113147349507], [73.30609629857459, 20.068195576492595], [73.30611038325993, 20.068278004748613], [73.30612446794527, 20.068360433805054], [73.30613855263063, 20.06844286281821], [73.30615263731595, 20.068525290944223], [73.30616672200131, 20.068607719870702], [73.30618080578833, 20.0686901479101], [73.30619489047365, 20.068772576749932], [73.30620897515898, 20.06885500554648], [73.30622305984433, 20.068937433455872], [73.30623714452966, 20.069019862165742], [73.30625122921502, 20.06910229083231], [73.30626531300204, 20.06918471861174], [73.30627939768738, 20.06926714719163], [73.30629348237272, 20.069349575728225], [73.30630756615976, 20.06943200337769], [73.30632165084509, 20.069514431827635], [73.3063357355304, 20.069596860234245], [73.30634981931743, 20.069679287753726], [73.30636390400278, 20.0697617160737], [73.30637798868811, 20.06984414435033], [73.30639207247513, 20.069926571739867], [73.3064061571605, 20.070008999929843], [73.30642024184583, 20.07009142807648], [73.30643432563285, 20.07017385533606], [73.3064484103182, 20.07025628339604], [73.3064624941052, 20.07033871056894], [73.30647657879057, 20.07042113854231], [73.30649066347588, 20.070503566472336], [73.3065047472629, 20.07058599351528], [73.30651883194827, 20.070668421358643], [73.30653291663359, 20.070750849158685], [73.30654700131896, 20.070833276071646], [73.30656108600427, 20.07091570378504], [73.30657517068963, 20.070998131455084], [73.30658925447665, 20.071080558238076], [73.30660333916198, 20.071162985821474], [73.30661742384731, 20.07124541336155], [73.30663150763434, 20.071327840014558], [73.3066455923197, 20.071410267467982], [73.30665967700502, 20.071492694878078], [73.30667376079204, 20.07157512140109], [73.3066878454774, 20.071657548724534], [73.30670192926443, 20.071739975160906], [73.30671601394975, 20.07182240239767], [73.30673009863511, 20.07190482959112], [73.30674418242211, 20.071987255897525], [73.30675826710745, 20.072069683004308], [73.30677235179279, 20.072152110067773], [73.30678643557981, 20.072234536244167], [73.30680052026517, 20.07231696322098], [73.3068146049505, 20.072399390154462], [73.30682868963585, 20.072481816200874], [73.30684277342289, 20.07256424304768], [73.3068568581082, 20.072646669851178], [73.30687094279357, 20.072729095767595], [73.30688502747888, 20.072811522484418], [73.3068991112659, 20.072893949157923], [73.30691319595124, 20.072976374944353], [73.30692728063659, 20.073058801531182], [73.30694136442362, 20.07314122807473], [73.30695544821064, 20.07322365373114], [73.30696953289598, 20.073306081031745], [73.306983616683, 20.073388506601532], [73.30699770136833, 20.073470932971702], [73.30701178515535, 20.07355335929855], [73.30702586984071, 20.07363578473833], [73.30703995452603, 20.073718210978523], [73.30705403831305, 20.073800637175378], [73.30706812210009, 20.073883062485173], [73.30708220678545, 20.073965488595363], [73.30710506890941, 20.074045526027295], [73.3071279310334, 20.074125563418338], [73.30715079315738, 20.074205600768558], [73.30717365528137, 20.074285638077914], [73.30719651830366, 20.074365676190155], [73.30721938042763, 20.07444571341777], [73.30724224255162, 20.074525750604558], [73.30726510467558, 20.074605787750485], [73.30728796679958, 20.07468582485552], [73.30731082892355, 20.074765861919744], [73.30733369104755, 20.074845898943064], [73.3073565531715, 20.07492593592556], [73.3073794161938, 20.075005973710905], [73.3074022783178, 20.075086010611685], [73.3074251404418, 20.075166047471576], [73.30744800256576, 20.07524608429063], [73.30747086558804, 20.075326121912546], [73.30749372771204, 20.075406158649884], [73.30751658983601, 20.075486195346333], [73.30753945196001, 20.075566232001943], [73.30756231498229, 20.075646269460417], [73.30758517710626, 20.075726306034312], [73.30760803923026, 20.07580634256732], [73.30763090135422, 20.0758863790595], [73.30765376347821, 20.075966415510806], [73.30767662560218, 20.076046451921222], [73.30769948772618, 20.07612648829084], [73.30772234985014, 20.076206524619526], [73.30774521287245, 20.07628656175114], [73.30776807499643, 20.076366597998124], [73.3077909371204, 20.07644663420426], [73.3078137992444, 20.076526670369518], [73.3078366622667, 20.07660670649394], [73.30785952439068, 20.076686742577508], [73.30788238651466, 20.076766778620176], [73.30790524953694, 20.076846814622016], [73.30792811255924, 20.076926851426695], [73.30795097468324, 20.07700688734681], [73.3079738368072, 20.07708692322602], [73.30799669982949, 20.077166959064407], [73.30801956195349, 20.07724699486193], [73.30804242497578, 20.077327030618566], [73.30806528709975, 20.077407065490622], [73.30808815012209, 20.077487102009265], [73.30811101224604, 20.077567137643335], [73.30813387526834, 20.07764717323655], [73.30815673739234, 20.077727208788854], [73.30817960041462, 20.07780724430034], [73.30820246253859, 20.077887279770916], [73.30825207739005, 20.07795595280457], [73.30830169313982, 20.078024626651796], [73.30835130799129, 20.078093299625248], [73.30840092284274, 20.07816197341234], [73.3084505376942, 20.078230646325615], [73.30850015254565, 20.078299319208803], [73.30854976829545, 20.078367992905616], [73.3085993831469, 20.07843666572864], [73.30864899799836, 20.0785053393653], [73.30869861284981, 20.078574012128136], [73.30874822859955, 20.078642685704608], [73.30879784345102, 20.078711358407283], [73.30884745830248, 20.078780031079855], [73.30889707405227, 20.078848704566102], [73.30894668890372, 20.07891737717851], [73.30899630375518, 20.078986050604566], [73.30904591860663, 20.079054723156812], [73.30909553345809, 20.079123395678955], [73.30914514920786, 20.079192069014738], [73.30919476405933, 20.079260741476705], [73.30924437891078, 20.079329414752348], [73.30929399376224, 20.079398087154154], [73.3093436086137, 20.07946675952587], [73.30939322436345, 20.079535432711197], [73.3094428392149, 20.079604105022753], [73.3094924549647, 20.07967277814794], [73.30954206981616, 20.079741450399307], [73.30959168466761, 20.079810122620597], [73.30964129951907, 20.07987879565551], [73.30969091437052, 20.079947467816634], [73.30974053012031, 20.080016140791333], [73.30979014497176, 20.08008481289227], [73.30983975982322, 20.080153485806846], [73.30988937467467, 20.080222157847604], [73.30993898952612, 20.080290829858278], [73.30998860527588, 20.08035950268255], [73.31003822012734, 20.080428174633045], [73.31008783587713, 20.080496847397168], [73.31013745072858, 20.08056551928749], [73.31019641165224, 20.080628447190264], [73.31025537257594, 20.080691375067733], [73.31031433349958, 20.080754302919974], [73.31037329442327, 20.080817231590636], [73.31043225534694, 20.080880159392304], [73.31049121627063, 20.080943087168748], [73.31055017629599, 20.081006014919925], [73.31060913721964, 20.081068942645807], [73.31066809814334, 20.081131870346454], [73.31072705906699, 20.081194798021805], [73.31078601999064, 20.081257725671914], [73.31084498091434, 20.081320654140445], [73.310903941838, 20.08138358174001], [73.3109629027617, 20.081446509314297], [73.31102186368534, 20.081509436863342], [73.31108082460904, 20.081572364387096], [73.3111397855327, 20.081635291885608], [73.3111987464564, 20.08169821935883], [73.31125770738005, 20.08176114765052], [73.3113166674054, 20.08182407507321], [73.31137562832907, 20.08188700247066], [73.31143458925276, 20.08194992984279], [73.31149355017641, 20.082012857189717], [73.3115525111001, 20.082075784511353], [73.31161147202377, 20.08213871180771], [73.31167043294747, 20.08220163907881], [73.3117293938711, 20.082264567168348], [73.31178835479481, 20.08232749438888], [73.31184731571847, 20.082390421584197], [73.31190627664216, 20.082453348754246], [73.31196523756583, 20.082516275898982], [73.31202419759117, 20.082579203018486], [73.31208315851484, 20.082642130112713], [73.31214211943852, 20.082705057181673], [73.31220108036217, 20.08276798506905], [73.31226004128588, 20.08283091208749], [73.31231900220953, 20.08289383908064], [73.31237796313323, 20.082956766048536], [73.31242496658216, 20.083026663592253], [73.31247197092937, 20.083096561104806], [73.3125189743783, 20.0831664585862], [73.31256597782723, 20.083236356036398], [73.31261298127616, 20.083306253455415], [73.31265998472509, 20.08337615084329], [73.31270698817401, 20.083446048199956], [73.31275399162293, 20.083515945525427], [73.31280099597019, 20.083585842819776], [73.31284799941912, 20.08365574008292], [73.31289500376636, 20.08372563731487], [73.31294200721528, 20.083795533671978], [73.31298901156254, 20.083865431685275], [73.31303601501143, 20.083935327980043], [73.31308301846036, 20.08400522508729], [73.31313002280761, 20.084075122163352], [73.31317702625654, 20.084145018364588], [73.31322403060376, 20.0842149153783], [73.31327103495101, 20.084284812360867], [73.31331803839996, 20.08435470931223], [73.31336504184888, 20.08442460623242], [73.3134120452978, 20.084494502277757], [73.31345904964503, 20.084564399135584], [73.31350605309396, 20.084634295962267], [73.31355305744121, 20.084704192757744], [73.31360006089014, 20.084774089522025], [73.31361461000445, 20.084856073720434], [73.3136291582205, 20.08493805703221], [73.31364370733485, 20.0850200411448], [73.3136582564492, 20.08510202521449], [73.31367280556351, 20.085184009241306], [73.31368735467788, 20.085265993225207], [73.31370190289391, 20.085347976322513], [73.31371645200824, 20.085429960220615], [73.31373100112259, 20.08551194407586], [73.31374554933862, 20.085593927044492], [73.31376009845295, 20.08567591081391], [73.3137746475673, 20.085757894540432], [73.31378919668163, 20.085839878224103], [73.31380374489764, 20.085921861864826], [73.31381829311367, 20.086003844618972], [73.31383284222804, 20.086085828173907], [73.31384739134236, 20.086167811685996], [73.31386193955838, 20.086249794311446], [73.31387648867273, 20.086331777737694], [73.31389103688878, 20.086413761121047], [73.31390558600309, 20.086495744461537], [73.31392013421912, 20.086577727759103], [73.31393468243515, 20.086659710170068], [73.31394923154949, 20.086741693381835], [73.31396378066383, 20.086823676550726], [73.31397832887984, 20.08690565883302], [73.31399287709588, 20.08698764191609], [73.31400742621022, 20.087069624956257], [73.3139808585357, 20.08714863738465], [73.31395429086119, 20.087227649773226], [73.31392772318667, 20.087306662121925], [73.31390115641042, 20.087385674430795], [73.3138745887359, 20.08746468669979], [73.31384802106139, 20.087543698928954], [73.31382145428516, 20.08762271111827], [73.31379488661062, 20.08770172326774], [73.31376831983445, 20.08778073537737], [73.31374175215988, 20.087859747447148], [73.3137151853837, 20.08793875947707], [73.31368861770918, 20.088017771467143], [73.31366205093293, 20.088096783417384], [73.31363548325842, 20.088175795327768], [73.3136089155839, 20.08825480719833], [73.31358234880766, 20.08833381902902], [73.31355578113315, 20.088412830819866], [73.31352921435695, 20.088491842570853], [73.31350264668242, 20.088570854281993], [73.31347607990621, 20.088649865953286], [73.31344951223167, 20.088728877584735], [73.31342294545546, 20.088807889176337], [73.31339637778093, 20.08888690072809], [73.31336186271108, 20.088963886607143], [73.31332734764123, 20.089040873292028], [73.31329283257139, 20.089117859095417], [73.31325831750155, 20.089194844860973], [73.3132238024317, 20.08927183058869], [73.31318928736185, 20.089348817122247], [73.31315477229201, 20.089425802774304], [73.31312025722215, 20.08950278838853], [73.31308574215232, 20.089579774808577], [73.31305122708248, 20.08965676034714], [73.31301671201263, 20.089733745847855], [73.31298219694278, 20.08981073131075], [73.31294768187294, 20.08988771757948], [73.3129131668031, 20.0899647029667], [73.31287865173323, 20.090041688316084], [73.31284413666337, 20.090118673627646], [73.31280962159353, 20.090195659745007], [73.31277510652369, 20.09027264498092], [73.31274059145383, 20.090349630178977], [73.31270607638399, 20.090426616182828], [73.31267156131415, 20.090503601305212], [73.3126370462443, 20.09058058638976], [73.31260253117445, 20.090657571436505], [73.3125680161046, 20.090734557289018], [73.31253350103476, 20.090811542260056], [73.31249898596492, 20.090888527193272], [73.31246447089508, 20.090965512932325], [73.31242995582524, 20.091042497789854], [73.31239544075538, 20.09111948260955], [73.31236092568554, 20.091196467391423], [73.3123264106157, 20.09127345297912], [73.31229189554585, 20.091350437685318], [73.312257380476, 20.091427422353682], [73.31222286540616, 20.0915044069842], [73.31218835033631, 20.091581392420554], [73.31215383526647, 20.09165837697541], [73.31211932019663, 20.091735361492418], [73.31208480422846, 20.091812346815264], [73.3120502891586, 20.091889331256613], [73.31201577408876, 20.091966315660112], [73.31198125901892, 20.09204330002578], [73.31194674394906, 20.09212028519728], [73.31191222887922, 20.092197269487272], [73.31188316568483, 20.09226209344944], [73.31185410249043, 20.0923269173848], [73.31182504019436, 20.09239174044968], [73.31179597699997, 20.09245656433138], [73.31176691380558, 20.092521388186256], [73.31168903526036, 20.092560771124226], [73.31161115671512, 20.092600153208615], [73.31153327727156, 20.092639536126775], [73.31145539872632, 20.092678918191382], [73.31137752018105, 20.092718301089736], [73.31129964163583, 20.09275768313453], [73.31122176219226, 20.09279706601305], [73.31114388364703, 20.092836448038085], [73.3110660051018, 20.092875830896784], [73.31098812655655, 20.092915212901975], [73.310910247113, 20.092954595740917], [73.31083236856776, 20.092993977726298], [73.3107544900225, 20.093033360545444], [73.31067661147726, 20.09307274251102], [73.3105987320337, 20.09311212531034], [73.31052085348847, 20.09315150725612], [73.31044297494324, 20.09319089003565], [73.31036557520002, 20.093229147390574], [73.31028817635517, 20.09326740473613], [73.31021077661197, 20.093305661228754], [73.31013337686878, 20.093343918555664], [73.31005597712556, 20.093382175873185], [73.30997857828068, 20.093420433181404], [73.3099011785375, 20.093458689636638], [73.30982377879428, 20.09349694692617], [73.30974637994944, 20.093535204206297], [73.30966898020623, 20.09357346147714], [73.30959158046304, 20.09361171789501], [73.30951418071982, 20.093649975147123], [73.30943678187495, 20.093688232389912], [73.30935938213176, 20.093726489623364], [73.30928198238854, 20.093764746003814], [73.30920458264536, 20.09380300321859], [73.30912718380048, 20.093841260424004], [73.30904978405731, 20.093879517620074], [73.30897238431409, 20.09391777396315], [73.30889498546921, 20.093956031140547], [73.30881758572602, 20.09399428830857], [73.30874018598281, 20.094032545467265], [73.30866278623964, 20.09407080177296], [73.30858538739474, 20.094109058912967], [73.30850798765157, 20.09414731604362], [73.30843609997095, 20.09419607472119], [73.30836421139203, 20.094244833383513], [73.3082923237114, 20.094293592030713], [73.30822043513248, 20.094342351506345], [73.30814854745185, 20.094391110123148], [73.30807665887293, 20.094439868724802], [73.30800477119236, 20.094488627311254], [73.3079328826134, 20.09453738588254], [73.3078609949328, 20.094586144438633], [73.30778910635388, 20.094634903823184], [73.30771721867326, 20.094683662348938], [73.30764533009433, 20.094732420859472], [73.30757344241373, 20.09478117935487], [73.3075015538348, 20.09482993783505], [73.30742966615416, 20.094878696300082], [73.30735777757525, 20.094927455593556], [73.30728588989463, 20.094976214028204], [73.30721400221402, 20.09502497244769], [73.30714211363511, 20.095073730851983], [73.30707022595449, 20.09512248924111], [73.30699833737557, 20.095171247615035], [73.30692644969496, 20.095220005973808], [73.30685456111603, 20.095268765161013], [73.30678267343539, 20.09531752348938], [73.30671078485648, 20.095366281802622], [73.30663889717586, 20.095415040100633], [73.30656700859693, 20.09546379838352], [73.30649512091634, 20.095512556651176], [73.3064232323374, 20.09556131574729], [73.3063513446568, 20.095610073984616], [73.30627945607787, 20.09565883220674], [73.30620756839726, 20.0957075904137], [73.30613567981834, 20.09575634860544], [73.3060637921377, 20.09580510678206], [73.30599190445713, 20.095853864943447], [73.30592001587817, 20.095902623933306], [73.30584812819758, 20.095951382064378], [73.30577623961867, 20.09600014018022], [73.30570435193803, 20.096048898280923], [73.3056324633591, 20.09609765636641], [73.3055605756785, 20.096146414436756], [73.30548868709957, 20.096195173335513], [73.30541679941895, 20.096243931375465], [73.30534491084003, 20.096292689400254], [73.3052730231594, 20.09634144740984], [73.30520113458047, 20.096390205404276], [73.3051292468999, 20.096438963383495], [73.30505735832094, 20.09648772219117], [73.30498547064035, 20.09653648014006], [73.30491358206142, 20.096585238073747], [73.3048416943808, 20.096633995992267], [73.30475466649439, 20.09665138554797], [73.30466763770966, 20.096668774258127], [73.30458060982326, 20.09668616381], [73.30449358193685, 20.096703552516303], [73.30440655315212, 20.096720942064284], [73.30431952526571, 20.09673833161033], [73.30423249737932, 20.09675572031083], [73.30414546949287, 20.096773109853046], [73.30405844070818, 20.096790499393293], [73.30397141282174, 20.09680788808802], [73.30388438493533, 20.096825277624433], [73.30379735615064, 20.096842666315293], [73.30371032826419, 20.096860055847817], [73.30362330037778, 20.096877445378418], [73.30353627159306, 20.096894834063473], [73.30344924370665, 20.096912223590245], [73.30336221582024, 20.096929613115044], [73.30327518703551, 20.096947001794316], [73.3031881591491, 20.096964391315286], [73.30310113126271, 20.0969817799907], [73.3030141033763, 20.096999169507775], [73.30292707459157, 20.09701655902292], [73.30284004670516, 20.097033947692545], [73.30275301881876, 20.097051337203858], [73.30266599003403, 20.097068725869605], [73.30257896214762, 20.09708611537704], [73.30249193426121, 20.09710350488255], [73.30240490547648, 20.09712089354251], [73.30231787759008, 20.097138283044142], [73.30223084970368, 20.097155672543842], [73.30214382091893, 20.097173061198006], [73.30205679303252, 20.097190450693876], [73.3019697651461, 20.09720783934419], [73.30188273636139, 20.097225228836166], [73.30179570847498, 20.097242618326234], [73.30170868058856, 20.09726000697072], [73.30162165270215, 20.09727739645692], [73.30153462391742, 20.097294785097578], [73.30144759603101, 20.097312174579898], [73.30136056814462, 20.097329564060324], [73.30127353935987, 20.09734695269518], [73.30118651147346, 20.097364342171712], [73.30109948358705, 20.097381731646323], [73.30101245480232, 20.097399120275362], [73.30092542691592, 20.097416509746132], [73.30083839902952, 20.09743389837133], [73.30075137024478, 20.097451287838208], [73.30066434235837, 20.097468677303176], [73.30057731447198, 20.097486065922585], [73.30049028658557, 20.09750345538366], [73.30040325780084, 20.097520844842837], [73.30031622991443, 20.097538233456422], [73.30022920202802, 20.097555622911745], [73.3001421732433, 20.097573011521487], [73.3000551453569, 20.09759040097292], [73.299968207302, 20.097607895874393], [73.29988126924711, 20.097625391617495], [73.29979433209054, 20.09764288651505], [73.29970739403568, 20.097660381410623], [73.29962045598079, 20.09767787714791], [73.2995335179259, 20.09769537203956], [73.29944658076933, 20.097712866929292], [73.29935964271446, 20.097730361817092], [73.29927270465956, 20.097747857546516], [73.29918576660471, 20.097765352430358], [73.2990988294481, 20.097782847312292], [73.29901189139325, 20.09780034303585], [73.29892495333836, 20.09781783791385], [73.2988380152835, 20.09783533278992], [73.2987510781269, 20.097852828507627], [73.29866414007203, 20.097870323379738], [73.29857720201714, 20.097887818249916], [73.29849026396228, 20.09790531311816], [73.29840332680571, 20.09792280882804], [73.29831638875082, 20.09794030369237], [73.29822945069593, 20.09795779855471], [73.29814251264106, 20.097975294258728], [73.2980555754845, 20.09799278911719], [73.2979686374296, 20.098010283973704], [73.29788169937471, 20.098027779671856], [73.29779476131986, 20.098045274524452], [73.2977078241633, 20.098062769375062], [73.29762088610839, 20.098080265067363], [73.2975339480535, 20.098097759914094], [73.29744700999863, 20.098115254758866], [73.29736007284207, 20.098132749601664], [73.29727313478718, 20.098150245286167], [73.29718619673228, 20.09816774012505], [73.29709925867742, 20.09818523496202], [73.29701232152085, 20.09820273064062], [73.29692538346596, 20.098220225473675], [73.29683844541111, 20.098237720304745], [73.29675150735622, 20.098255215977517], [73.29666457019965, 20.098272710804668], [73.29657763214476, 20.09829020562991], [73.29649069408988, 20.09830770129678], [73.29640375603499, 20.098325196118104], [73.2963168179801, 20.098342690937447], [73.29622988082353, 20.098360185754863], [73.29614294276868, 20.098377681413922], [73.29605600471378, 20.09839517622742], [73.29596906665888, 20.098412671038975], [73.29588212950232, 20.098430166692168], [73.29579519144747, 20.09844766149978], [73.29570825339258, 20.098465156305465], [73.29562131533768, 20.098482651952793], [73.29553437818112, 20.098500146754564], [73.29544744012624, 20.098517641554402], [73.29536050207135, 20.09853513635223], [73.29527356401645, 20.098552631991744], [73.2951866268599, 20.098570126785702], [73.29509968880504, 20.098587621577703], [73.29501275075015, 20.098605117211342], [73.29492581269528, 20.09862261199945], [73.29483887553869, 20.098640106785545], [73.29475193748382, 20.098657602413333], [73.29466499942893, 20.09867509719556], [73.29457806137407, 20.09869259197583], [73.29449112421752, 20.098710087597752], [73.29440418616261, 20.098727582374117], [73.2943172481077, 20.098745077148497], [73.29423031005285, 20.098762571920954], [73.29414337289629, 20.09878006753504], [73.2940564348414, 20.09879756230359], [73.2939694967865, 20.098815057070162], [73.29388255873164, 20.098832552678406], [73.29379562157507, 20.09885004744107], [73.29370868352018, 20.0988675422018], [73.29362174546529, 20.098885037804163], [73.29353480741042, 20.098902532560988], [73.29344787025387, 20.098920027315813], [73.29336093219898, 20.09893752206873], [73.29327399414407, 20.098955017663272], [73.29318705608921, 20.09897251241227], [73.29310011893264, 20.098990007159312], [73.29301318087775, 20.099007502748], [73.2929262428229, 20.09902499749111], [73.29283713174333, 20.099034959657345], [73.29274802066378, 20.099044922666568], [73.29265890868591, 20.099054884831542], [73.29256979760633, 20.09906484699587], [73.29248068652679, 20.09907481000317], [73.29239157544723, 20.099084772166236], [73.29230246346934, 20.09909473432868], [73.29221335238981, 20.0991046973341], [73.29212424131028, 20.099114659495257], [73.2920351302307, 20.099124621655793], [73.29194601915115, 20.09913458381569], [73.2918569071733, 20.099144546818575], [73.29176779609371, 20.099154508977218], [73.29167868501418, 20.099164471135182], [73.29158957393462, 20.09917443413616], [73.29150046285507, 20.09918439629289], [73.2914113508772, 20.099194358448997], [73.29132223979767, 20.09920432144808], [73.29123312871808, 20.099214283602905], [73.29114401763854, 20.099224245757103], [73.29105490566067, 20.09923420875425], [73.2909657945811, 20.09924417090719], [73.29087668350155, 20.09925413305947], [73.29078757242199, 20.09926409605475], [73.29069846134244, 20.09927405820578], [73.29060934936457, 20.099284020356176], [73.29052023828504, 20.099293982505934], [73.29043112720547, 20.099303945498644], [73.29034201612592, 20.09931390764713], [73.29025290414805, 20.099323869794993], [73.29016379306847, 20.09933383278583], [73.29007468198894, 20.099343794932423], [73.2899855709094, 20.09935375707838], [73.28989645982983, 20.099363720067284], [73.28980734785196, 20.09937368221198], [73.28971823677242, 20.099383644356028], [73.28962912569284, 20.09939360734306], [73.28954001461331, 20.09940356948586], [73.28945090263544, 20.099413531628013], [73.28936179155586, 20.099423494613113], [73.28927268047632, 20.099433456754006], [73.28918356939677, 20.09944341889425], [73.28909445831721, 20.099453381033868], [73.28900534633934, 20.099463344016463], [73.2889162352598, 20.09947330615481], [73.28882712418023, 20.099483268292524], [73.28873801310068, 20.099493231273197], [73.28864890202111, 20.099503193409646], [73.28855979004328, 20.099513155545463], [73.28847067896369, 20.099523118524253], [73.28838156788416, 20.099533080658798], [73.2882924568046, 20.099543042792718], [73.28820334482671, 20.099553005769575], [73.28811423374718, 20.099562967902223], [73.2880251226676, 20.099572930034235], [73.28793601158806, 20.09958289300922], [73.28784690050853, 20.09959285513996], [73.28775778853066, 20.09960281727008], [73.28766867745108, 20.099612779399543], [73.28757956637153, 20.099622742371984], [73.28749045529197, 20.09963270450018], [73.2874013433141, 20.099642666627766], [73.28731223223457, 20.099652629598324], [73.28722312115498, 20.099662591724613], [73.28713401007545, 20.099672553850287], [73.2870448989959, 20.099682516818913], [73.28695578701803, 20.099692478943318], [73.28686667593846, 20.099702441067098], [73.28677756485892, 20.09971240403384], [73.28668845377935, 20.09972236615635], [73.28659934180148, 20.099732328278208], [73.28651023072194, 20.09974229124303], [73.28642111964237, 20.09975225336363], [73.28633200856282, 20.099762215483594], [73.28624289748329, 20.099772177602922], [73.28615378550542, 20.09978214056525], [73.28606467442584, 20.099792102683317], [73.2859755633463, 20.099802064800738], [73.28588645226674, 20.099812027761118], [73.28579734118719, 20.09982198987729], [73.28570822920932, 20.099831951992815], [73.28561911812979, 20.099841914951327], [73.28553000705021, 20.099851877065593], [73.28544089597067, 20.099861839179205], [73.2853517839928, 20.099871802135798], [73.28526267291322, 20.099881764248153], [73.28517356183367, 20.099891726359886], [73.28508445075411, 20.09990168931458], [73.28499533967458, 20.099911651425053], [73.28490622769671, 20.099921613534864], [73.28481711661716, 20.099931575644067], [73.28472800553759, 20.0999415385962], [73.28463889445804, 20.09995150070412], [73.28454978248018, 20.09996146281141], [73.2844606714006, 20.09997142576169], [73.28437156032106, 20.09998138786771], [73.2842824492415, 20.099979395277824], [73.28419333816196, 20.099977402687923], [73.28410422618408, 20.09997541009801], [73.28401511510455, 20.09997341835167], [73.28392600402496, 20.09997142576169], [73.28383689294543, 20.099969433171676], [73.28374778096756, 20.099967440581636], [73.28365866988798, 20.099965447991607], [73.28356955880844, 20.09996345540153], [73.2834804477289, 20.09996146281141], [73.28339133575103, 20.099959471064892], [73.28330222467147, 20.09995747847474], [73.28321311359193, 20.099955485884582], [73.28312400251235, 20.099953493294365], [73.2830348914328, 20.09995150070412], [73.28294577945495, 20.099949508113887], [73.28285666837536, 20.099947515523606], [73.28276755729583, 20.099945523776906], [73.28267844621628, 20.099943531186575], [73.28258933423841, 20.0999415385962], [73.28250022315885, 20.099939546005857], [73.28241111207932, 20.099937553415433], [73.28232200099973, 20.09993556082499], [73.2822328899202, 20.099933569078136], [73.28214377794232, 20.099931576487652], [73.28205466686275, 20.099929583897165], [73.2819655557832, 20.099927591306614], [73.28187644470367, 20.09992559871605], [73.2817873327258, 20.09992360612549], [73.28169822164624, 20.099921613534864], [73.28160911056669, 20.099919621787837], [73.28151999948712, 20.099917629197172], [73.28143088750925, 20.099915636606482], [73.2813417764297, 20.099913644015793], [73.28125266535017, 20.099911651425053], [73.28116355427059, 20.099909658834274], [73.28107444319105, 20.09990766624348], [73.28098533121317, 20.099905674496277], [73.28089622013361, 20.09990368190546], [73.28080710905407, 20.09990168931458], [73.28071799797449, 20.099899696723686], [73.28062888599662, 20.09989770413277], [73.28053977491709, 20.09989571154185], [73.28045066383754, 20.09989371895088], [73.28036155275797, 20.099891727203495], [73.2802724407801, 20.099889734612475], [73.28018332970056, 20.09988774202143], [73.28009421862099, 20.099885749430385], [73.28001089359017, 20.09985966605666], [73.27992756855939, 20.09983358267862], [73.27984424442687, 20.099807499296244], [73.27976091939607, 20.09978141590949], [73.27967759436528, 20.099755332518424], [73.27959426933448, 20.09972924912297], [73.27951094430364, 20.099703165723213], [73.27942762017118, 20.099677082319094], [73.27934429514033, 20.099650999754235], [73.27926097010953, 20.099624916341416], [73.27917764507872, 20.09959883292428], [73.27909432094623, 20.099572749502745], [73.27901099591541, 20.09954666607692], [73.27892767088461, 20.099520582646736], [73.27884434585381, 20.099494499212184], [73.27876102082298, 20.09946841577331], [73.27867769669051, 20.099442332330067], [73.27859437165971, 20.099416248882502], [73.27851104662888, 20.0993901654306], [73.27842772159808, 20.09936408197432], [73.27834439656726, 20.09933799851374], [73.27826107243477, 20.099311915048755], [73.27817774740396, 20.099285831579476], [73.27809442237316, 20.09925974810584], [73.27801109734236, 20.099233665471456], [73.27792777320985, 20.099207581989106], [73.27784444817905, 20.099181498502432], [73.27776112314822, 20.099155415011396], [73.27767779811742, 20.099129331516032], [73.27759447308662, 20.099103248016334], [73.27751114895412, 20.099077164512266], [73.27742782392332, 20.09905108100388], [73.2773444988925, 20.09902499749111], [73.27725654484303, 20.09901630326708], [73.27716859079358, 20.099007608199], [73.2770806367441, 20.098998913974018], [73.27699268269464, 20.098990219748565], [73.27690472864515, 20.09898152467902], [73.276816775494, 20.09897283045259], [73.27672882144456, 20.098964136225685], [73.27664086739507, 20.098955441154665], [73.2765529133456, 20.09894674692678], [73.27646495929612, 20.09893805269843], [73.27637700524667, 20.09892935846959], [73.2762890511972, 20.098920663396672], [73.27620109714772, 20.098911969166856], [73.27611314309827, 20.09890327493657], [73.2760251890488, 20.098894579862176], [73.27593723499933, 20.098885885630924], [73.27584928184817, 20.09887719139921], [73.27576132779869, 20.09886849632337], [73.27567337374926, 20.098859802090665], [73.27558541969977, 20.098851107857477], [73.27549746565029, 20.098842412780222], [73.27540951160084, 20.098833718546068], [73.2753342372716, 20.09887945901955], [73.27525896294237, 20.098925199479716], [73.27518368951146, 20.09897094077007], [73.27510841518222, 20.09901668120349], [73.27503314085297, 20.099062421623543], [73.27495786652375, 20.099108162030248], [73.27488259309284, 20.09915390242357], [73.27480731876359, 20.099199642803544], [73.27473204443437, 20.09924538401375], [73.27465677010512, 20.09929112436698], [73.27458149577592, 20.099336864706856], [73.274506222345, 20.099382605033387], [73.27443094801575, 20.099428345346535], [73.27435567368653, 20.099474085646335], [73.2742803993573, 20.099519826776387], [73.27420512502805, 20.099565567049435], [73.27412985159712, 20.099611307309146], [73.2740545772679, 20.09965704755549], [73.27397930293867, 20.09970278778845], [73.27390402860945, 20.0997485280081], [73.27382875517853, 20.099794269057952], [73.27375348084928, 20.099840009250833], [73.27367820652006, 20.099885749430385]], [[73.30071574485727, 20.07852950852288], [73.30080518831346, 20.078525316086367], [73.30089374243752, 20.07851277927464], [73.30098052777882, 20.07849202464346], [73.30106468195464, 20.078463256369503], [73.30114536773515, 20.078426762156518], [73.3012217838231, 20.07838290311088], [73.3012931711421, 20.078332115429344], [73.30135881912476, 20.078274905336983], [73.30141807559416, 20.078211839806695], [73.30147035305211, 20.078143545715648], [73.30151513047576, 20.078070703096014], [73.30155196319906, 20.07799403416678], [73.3015804847093, 20.077914301646764], [73.30160041293557, 20.077832298630028], [73.30161154845183, 20.0777488393053], [73.30161378076531, 20.077664753049955], [73.30160708831643, 20.077580875992894], [73.30159153758058, 20.077498041733715], [73.3015672821696, 20.077417072905273], [73.30153456462861, 20.077338775267588], [73.30149370835119, 20.07726392589556], [73.30144512117239, 20.07719326896005], [73.30138928458928, 20.077127507290392], [73.301326754659, 20.077067293936853], [73.30125815121906, 20.07701322710788], [73.30118415788743, 20.076965845107583], [73.30110550948599, 20.076925617897846], [73.30102298665074, 20.07689294541097], [73.3009374104418, 20.076868153330295], [73.30084963156384, 20.076851486340566], [73.30076052228091, 20.07684311150239], [73.3006709674336, 20.07684311150239], [73.30058185815066, 20.076851486340566], [73.30049407927268, 20.076868153330295], [73.30040850306378, 20.07689294541097], [73.30032598022852, 20.076925617897846], [73.30024733182708, 20.076965845107583], [73.30017333849544, 20.07701322710788], [73.3001047350555, 20.077067293936853], [73.3000422051252, 20.077127507290392], [73.29998636854208, 20.07719326896005], [73.29993778136334, 20.07726392589556], [73.29989692508589, 20.077338775267588], [73.29986420754493, 20.077417072905273], [73.29983995213394, 20.077498041733715], [73.29982440139804, 20.077580875992894], [73.29981770894918, 20.077664753049955], [73.29981994126265, 20.0777488393053], [73.29983107677894, 20.077832298630028], [73.2998510050052, 20.077914301646764], [73.29987952651547, 20.07799403416678], [73.29991635923876, 20.078070703096014], [73.2999611366624, 20.078143545715648], [73.30001341412036, 20.078211839806695], [73.30007267058977, 20.078274905336983], [73.30013831857242, 20.078332115429344], [73.30020970589139, 20.07838290311088], [73.30028612197935, 20.078426762156518], [73.30036680775987, 20.078463256369503], [73.30045096193567, 20.07849202464346], [73.30053774727695, 20.07851277927464], [73.30062630140102, 20.078525316086367], [73.30071574485727, 20.07852950852288]], [[73.29561918094058, 20.076667959497776], [73.29570862439677, 20.076663767011443], [73.29579717852087, 20.076651230050828], [73.29588396386214, 20.076630475173197], [73.29596811803796, 20.076601706557618], [73.29604880381845, 20.07656521191124], [73.2961252199064, 20.07652135234478], [73.29619660722541, 20.07647056406011], [73.29626225520806, 20.076413353288395], [73.29632151167748, 20.076350287009177], [73.29637378913543, 20.076281992107138], [73.29641856655908, 20.076209148622453], [73.29645539928237, 20.076132478782796], [73.29648392079265, 20.07605274531594], [73.29650384901889, 20.07597074132543], [73.29651498453516, 20.075887281009607], [73.29651721684863, 20.075803193755732], [73.29651052439978, 20.07571931570265], [73.2964949736639, 20.075636480459824], [73.2964707182529, 20.07555551066989], [73.29643800071196, 20.075477212102452], [73.2963971444345, 20.07540236184164], [73.29634855725571, 20.075331704067096], [73.29629272067262, 20.07526594161655], [73.2962301907423, 20.07520572754797], [73.29616158730241, 20.07515166007701], [73.29608759397075, 20.075104277514033], [73.2960089455693, 20.075064049826654], [73.29592642273404, 20.075031376951777], [73.29584084652514, 20.075006584576723], [73.29575306764714, 20.074989917389082], [73.29566395836422, 20.07498154245149], [73.29557440351692, 20.07498154245149], [73.29548529423401, 20.074989917389082], [73.295397515356, 20.075006584576723], [73.2953119391471, 20.075031376951777], [73.29522941631184, 20.075064049826654], [73.29515076791039, 20.075104277514033], [73.29507677457877, 20.07515166007701], [73.29500817113885, 20.07520572754797], [73.29494564120854, 20.07526594161655], [73.29488980462543, 20.075331704067096], [73.29484121744665, 20.07540236184164], [73.2948003611692, 20.075477212102452], [73.29476764362825, 20.07555551066989], [73.29474338821724, 20.075636480459824], [73.29472783748135, 20.07571931570265], [73.29472114503251, 20.075803193755732], [73.294723377346, 20.075887281009607], [73.29473451286225, 20.07597074132543], [73.2947544410885, 20.07605274531594], [73.29478296259877, 20.076132478782796], [73.29481979532207, 20.076209148622453], [73.29486457274571, 20.076281992107138], [73.29491685020368, 20.076350287009177], [73.29497610667308, 20.076413353288395], [73.29504175465573, 20.07647056406011], [73.29511314197472, 20.07652135234478], [73.2951895580627, 20.07656521191124], [73.29527024384319, 20.076601706557618], [73.29535439801901, 20.076630475173197], [73.2954411833603, 20.076651230050828], [73.29552973748437, 20.076663767011443], [73.29561918094058, 20.076667959497776]], [[73.29307089853307, 20.07055128793011], [73.29316034198929, 20.070547095280258], [73.29324889611337, 20.070534557830538], [73.29333568145465, 20.07051380214322], [73.29341983563047, 20.07048503240529], [73.29350052141098, 20.070448536335196], [73.29357693749894, 20.070404675057674], [73.29364832481794, 20.070353884791682], [73.29371397280059, 20.070296671788043], [73.29377322926996, 20.070233603048514], [73.29382550672794, 20.070165305482178], [73.2938702841516, 20.070092459155795], [73.29390711687486, 20.07001578632513], [73.29393563838512, 20.069936049747792], [73.29395556661142, 20.06985404255822], [73.29396670212766, 20.069770578986564], [73.29396893444115, 20.06968648845239], [73.29396224199228, 20.06960260712719], [73.29394669125638, 20.0695197686529], [73.2939224358454, 20.06943879570433], [73.29388971830444, 20.069360494082492], [73.29384886202702, 20.069285640901736], [73.29380027484824, 20.069214980370862], [73.29374443826512, 20.06914921535494], [73.29368190833482, 20.069088998937474], [73.29361330489489, 20.069034929357347], [73.29353931156324, 20.068987544946012], [73.29346066316182, 20.06894731568937], [73.29337814032657, 20.068914641539944], [73.29329256411764, 20.0688898481978], [73.29320478523965, 20.068873180359976], [73.29311567595671, 20.06886480509565], [73.29302612110943, 20.06886480509565], [73.2929370118265, 20.068873180359976], [73.29284923294853, 20.0688898481978], [73.29276365673958, 20.068914641539944], [73.29268113390432, 20.06894731568937], [73.29260248550293, 20.068987544946012], [73.29252849217126, 20.069034929357347], [73.29245988873133, 20.069088998937474], [73.29239735880104, 20.06914921535494], [73.29234152221792, 20.069214980370862], [73.29229293503914, 20.069285640901736], [73.29225207876172, 20.069360494082492], [73.29221936122076, 20.06943879570433], [73.29219510580977, 20.0695197686529], [73.29217955507389, 20.06960260712719], [73.29217286262501, 20.06968648845239], [73.2921750949385, 20.069770578986564], [73.29218623045475, 20.06985404255822], [73.29220615868101, 20.069936049747792], [73.2922346801913, 20.07001578632513], [73.29227151291455, 20.070092459155795], [73.2923162903382, 20.070165305482178], [73.29236856779616, 20.070233603048514], [73.29242782426556, 20.070296671788043], [73.29249347224821, 20.070353884791682], [73.29256485956722, 20.070404675057674], [73.29264127565519, 20.070448536335196], [73.29272196143567, 20.07048503240529], [73.2928061156115, 20.07051380214322], [73.2928929009528, 20.070534557830538], [73.29298145507686, 20.070547095280258], [73.29307089853307, 20.07055128793011]], [[73.29448661108148, 20.065498204563795], [73.29457605453771, 20.06549401177886], [73.29466460866179, 20.06548147392521], [73.29475139400309, 20.065460717569163], [73.2948355481789, 20.065431946904358], [73.2949162339594, 20.065395449658368], [73.29499265004735, 20.06535158696769], [73.29506403736636, 20.065300795065315], [73.29512968534898, 20.065243580218368], [73.29518894181838, 20.065180509446897], [73.29524121927636, 20.065112209680112], [73.29528599670003, 20.06503936100676], [73.29532282942327, 20.064962685705847], [73.29535135093356, 20.06488294655959], [73.29537127915984, 20.064800936727927], [73.2953824146761, 20.064717470467254], [73.29538464698958, 20.06463337722391], [73.2953779545407, 20.064549493196257], [73.29536240380482, 20.064466652053184], [73.29533814839381, 20.064385676495885], [73.29530543085286, 20.064307372351372], [73.29526457457544, 20.0642325167591], [73.29521598739666, 20.064161853951784], [73.29516015081354, 20.064096086817145], [73.29509762088325, 20.06403586845968], [73.29502901744331, 20.06398179713765], [73.29495502411166, 20.063934411199764], [73.29487637571025, 20.063894180647086], [73.29479385287499, 20.063861505445022], [73.29470827666606, 20.0638367113041], [73.29462049778809, 20.063820042929308], [73.29453138850513, 20.063811667395193], [73.29444183365783, 20.063811667395193], [73.29435272437492, 20.063820042929308], [73.29426494549695, 20.0638367113041], [73.29417936928802, 20.063861505445022], [73.29409684645276, 20.063894180647086], [73.29401819805133, 20.063934411199764], [73.2939442047197, 20.06398179713765], [73.29387560127975, 20.06403586845968], [73.29381307134946, 20.064096086817145], [73.29375723476633, 20.064161853951784], [73.29370864758756, 20.0642325167591], [73.29366779131014, 20.064307372351372], [73.29363507376915, 20.064385676495885], [73.29361081835819, 20.064466652053184], [73.29359526762231, 20.064549493196257], [73.29358857517343, 20.06463337722391], [73.29359080748691, 20.064717470467254], [73.29360194300318, 20.064800936727927], [73.29362187122945, 20.06488294655959], [73.29365039273972, 20.064962685705847], [73.29368722546297, 20.06503936100676], [73.29373200288664, 20.065112209680112], [73.29378428034458, 20.065180509446897], [73.293843536814, 20.065243580218368], [73.29390918479665, 20.065300795065315], [73.29398057211566, 20.06535158696769], [73.29405698820361, 20.065395449658368], [73.29413767398411, 20.065431946904358], [73.29422182815992, 20.065460717569163], [73.29430861350122, 20.06548147392521], [73.29439716762528, 20.06549401177886], [73.29448661108148, 20.065498204563795]]]}}]}